{"volumes": [0, 717, 0, 293, 1714, 399, 1239, 1627, 625, 0, 2138, 1623, 1210, 1704, 0], "conflicts": [[0, 1], [0, 2], [0, 3], [0, 5], [0, 6], [0, 7], [0, 13], [0, 14], [1, 2], [1, 5], [1, 9], [2, 3], [2, 7], [2, 8], [2, 10], [2, 14], [3, 14], [4, 6], [4, 14], [5, 6], [5, 8], [5, 9], [7, 9], [8, 11], [9, 10], [9, 13], [9, 14], [10, 14], [11, 14], [13, 14]], "tanks": [{"capacity": 617, "impossibleCargos": [7, 8, 12, 14], "neighbors": [11, 15, 16, 9, 5]}, {"capacity": 382, "impossibleCargos": [0, 1, 3, 10], "neighbors": [19, 4, 18, 9, 7, 21, 10, 14, 13]}, {"capacity": 611, "impossibleCargos": [0, 1, 3, 9], "neighbors": [23, 5, 15, 10, 18]}, {"capacity": 682, "impossibleCargos": [1, 9, 13], "neighbors": [19, 7, 23, 8, 17, 13, 10]}, {"capacity": 882, "impossibleCargos": [0, 1, 5, 14], "neighbors": [1, 19, 18, 8]}, {"capacity": 835, "impossibleCargos": [4, 12, 13], "neighbors": [9, 2, 6, 0]}, {"capacity": 868, "impossibleCargos": [5, 8, 10, 12, 14], "neighbors": [9, 19, 10, 23, 5]}, {"capacity": 753, "impossibleCargos": [10, 14], "neighbors": [20, 3, 1, 19, 15]}, {"capacity": 544, "impossibleCargos": [12], "neighbors": [3, 11, 12, 4, 14]}, {"capacity": 349, "impossibleCargos": [9, 13], "neighbors": [6, 14, 5, 1, 12, 19, 0, 23]}, {"capacity": 342, "impossibleCargos": [4, 8, 10, 12], "neighbors": [18, 1, 2, 3, 6]}, {"capacity": 659, "impossibleCargos": [2, 10, 14], "neighbors": [0, 21, 8, 20, 14]}, {"capacity": 754, "impossibleCargos": [5, 7, 13], "neighbors": [21, 16, 9, 8, 23]}, {"capacity": 322, "impossibleCargos": [2, 7, 10, 12], "neighbors": [15, 21, 18, 3, 1, 16]}, {"capacity": 244, "impossibleCargos": [1, 2, 4, 7, 9, 10, 11, 14], "neighbors": [9, 20, 1, 22, 8, 15, 11]}, {"capacity": 931, "impossibleCargos": [2, 11, 13], "neighbors": [22, 13, 18, 2, 7, 23, 0, 14]}, {"capacity": 764, "impossibleCargos": [0, 1, 6, 8, 11, 13], "neighbors": [24, 21, 12, 0, 13, 17]}, {"capacity": 432, "impossibleCargos": [4, 9], "neighbors": [24, 21, 3, 16]}, {"capacity": 404, "impossibleCargos": [2, 4, 7, 10], "neighbors": [1, 4, 10, 15, 13, 2, 20]}, {"capacity": 305, "impossibleCargos": [0, 4, 6, 14], "neighbors": [1, 3, 4, 20, 23, 6, 7, 9, 22, 21]}, {"capacity": 256, "impossibleCargos": [1, 2, 3, 4, 8], "neighbors": [7, 14, 22, 19, 11, 21, 18]}, {"capacity": 673, "impossibleCargos": [1, 11, 13], "neighbors": [12, 16, 11, 1, 17, 13, 19, 20]}, {"capacity": 528, "impossibleCargos": [9, 12, 14], "neighbors": [15, 20, 24, 19, 14]}, {"capacity": 568, "impossibleCargos": [5, 10, 12], "neighbors": [2, 3, 19, 15, 6, 12, 9]}, {"capacity": 911, "impossibleCargos": [1, 3, 5, 7, 14], "neighbors": [16, 17, 22]}]}