{"volumes": [1624, 1611, 0, 711, 566, 1021, 428, 740, 0, 1484, 1179, 1182, 437, 475, 0], "conflicts": [[0, 2], [0, 11], [0, 14], [1, 7], [1, 13], [2, 3], [2, 10], [2, 12], [3, 8], [3, 13], [4, 6], [4, 7], [5, 12], [5, 14], [6, 7], [6, 12], [6, 14], [7, 8], [7, 14], [8, 11], [8, 14], [10, 13], [11, 14], [12, 14], [13, 14]], "tanks": [{"capacity": 291, "impossibleCargos": [0, 2, 8, 11], "neighbors": [24, 3, 22, 15, 17, 10, 21]}, {"capacity": 795, "impossibleCargos": [0, 3, 7, 9, 13, 14], "neighbors": [8, 12, 16, 9, 13, 15, 20, 22]}, {"capacity": 594, "impossibleCargos": [2, 9], "neighbors": [19, 14, 15, 5]}, {"capacity": 382, "impossibleCargos": [3, 13], "neighbors": [13, 18, 0, 11, 6, 19]}, {"capacity": 370, "impossibleCargos": [4, 5], "neighbors": [8, 10, 14, 20, 23]}, {"capacity": 568, "impossibleCargos": [1, 4, 9], "neighbors": [14, 20, 18, 10, 9, 16, 2]}, {"capacity": 450, "impossibleCargos": [4], "neighbors": [14, 11, 22, 23, 3, 20]}, {"capacity": 693, "impossibleCargos": [0, 5, 14], "neighbors": [10, 14, 15]}, {"capacity": 520, "impossibleCargos": [10], "neighbors": [1, 4, 24, 18]}, {"capacity": 633, "impossibleCargos": [0, 4, 5, 12, 14], "neighbors": [16, 5, 1, 13, 23]}, {"capacity": 321, "impossibleCargos": [1, 6, 9, 13], "neighbors": [13, 5, 4, 7, 12, 0]}, {"capacity": 297, "impossibleCargos": [0, 10, 11, 12, 13], "neighbors": [23, 21, 6, 12, 14, 3, 20]}, {"capacity": 288, "impossibleCargos": [0, 2, 6, 14], "neighbors": [23, 1, 11, 17, 24, 19, 10, 22]}, {"capacity": 466, "impossibleCargos": [4, 6, 8, 10, 11, 12, 14], "neighbors": [10, 3, 22, 21, 24, 1, 9]}, {"capacity": 363, "impossibleCargos": [2, 5, 10, 13], "neighbors": [5, 6, 19, 11, 4, 2, 17, 7, 24]}, {"capacity": 465, "impossibleCargos": [2, 3, 4, 5, 8, 14], "neighbors": [16, 18, 0, 2, 1, 20, 7]}, {"capacity": 947, "impossibleCargos": [2, 3, 7], "neighbors": [15, 9, 1, 5, 24]}, {"capacity": 666, "impossibleCargos": [3, 5, 8, 10, 14], "neighbors": [19, 12, 14, 0, 20]}, {"capacity": 504, "impossibleCargos": [0, 2, 3, 4, 5, 6, 14], "neighbors": [3, 5, 19, 8, 15]}, {"capacity": 770, "impossibleCargos": [3, 6, 9, 13], "neighbors": [17, 14, 24, 18, 12, 2, 3]}, {"capacity": 755, "impossibleCargos": [0], "neighbors": [5, 4, 6, 11, 22, 15, 17, 1]}, {"capacity": 449, "impossibleCargos": [4, 7, 8], "neighbors": [11, 13, 0]}, {"capacity": 526, "impossibleCargos": [0, 1, 3, 4, 5, 6, 7, 13], "neighbors": [13, 6, 0, 12, 20, 1]}, {"capacity": 334, "impossibleCargos": [7], "neighbors": [12, 11, 6, 4, 9]}, {"capacity": 465, "impossibleCargos": [4, 10, 13], "neighbors": [0, 8, 19, 12, 13, 16, 14]}]}