{"volumes": [0, 0, 0, 1402, 1541, 599, 612, 0, 529, 1084, 938, 1361, 1743, 1208, 1602], "conflicts": [[0, 3], [0, 7], [0, 12], [1, 2], [1, 4], [1, 5], [1, 13], [2, 10], [2, 13], [3, 6], [6, 8], [7, 10], [7, 12], [7, 14], [9, 12]], "tanks": [{"capacity": 336, "impossibleCargos": [0, 1, 2, 3, 6, 8, 9, 10, 13, 14], "neighbors": [14, 8, 7, 6, 12, 13, 9, 15, 16, 5, 21, 10]}, {"capacity": 865, "impossibleCargos": [1, 3, 8, 10, 11, 13], "neighbors": [7, 14, 8, 5, 12, 19, 23]}, {"capacity": 511, "impossibleCargos": [0, 1, 3, 6, 8, 9, 11, 12], "neighbors": [20, 11, 13, 15, 6, 21]}, {"capacity": 853, "impossibleCargos": [0, 5, 6, 8, 9, 11, 14], "neighbors": [4, 16, 7, 9, 15]}, {"capacity": 784, "impossibleCargos": [0, 1, 2, 5, 7, 8, 9, 10, 11], "neighbors": [13, 3, 20, 24]}, {"capacity": 369, "impossibleCargos": [0, 1, 9, 11, 12, 13, 14], "neighbors": [16, 20, 9, 1, 0]}, {"capacity": 668, "impossibleCargos": [0, 1, 3, 4, 11, 13], "neighbors": [7, 0, 2, 21, 15, 8, 20, 16]}, {"capacity": 655, "impossibleCargos": [0, 3, 5, 9, 11, 12], "neighbors": [1, 6, 0, 3]}, {"capacity": 990, "impossibleCargos": [0, 1, 6, 8, 9, 12, 14], "neighbors": [17, 19, 0, 1, 13, 14, 6]}, {"capacity": 552, "impossibleCargos": [0, 3, 6, 11], "neighbors": [19, 0, 5, 3, 15, 17, 21]}, {"capacity": 207, "impossibleCargos": [0, 5, 6, 7, 8, 12, 14], "neighbors": [17, 24, 23, 20, 0]}, {"capacity": 248, "impossibleCargos": [1, 2, 5, 6, 7, 8, 10, 12, 13], "neighbors": [2, 14, 23]}, {"capacity": 349, "impossibleCargos": [2, 5, 7, 8, 9, 12], "neighbors": [22, 0, 15, 1]}, {"capacity": 718, "impossibleCargos": [0, 4, 5, 7, 9, 11, 14], "neighbors": [4, 2, 15, 14, 0, 19, 8, 23]}, {"capacity": 283, "impossibleCargos": [0, 1, 2, 7, 11, 12, 13], "neighbors": [0, 13, 1, 11, 8, 20]}, {"capacity": 736, "impossibleCargos": [0, 2, 3, 7, 10, 12, 13], "neighbors": [16, 13, 22, 2, 0, 12, 6, 18, 9, 3]}, {"capacity": 622, "impossibleCargos": [2, 3, 5, 6, 8, 9, 11, 12, 13], "neighbors": [5, 15, 3, 21, 0, 6]}, {"capacity": 798, "impossibleCargos": [0, 2, 10, 12, 13], "neighbors": [8, 10, 21, 9, 23]}, {"capacity": 570, "impossibleCargos": [3, 4, 5, 10, 11, 13], "neighbors": [19, 23, 20, 15]}, {"capacity": 906, "impossibleCargos": [1, 3, 4, 6, 8, 10, 12, 13, 14], "neighbors": [24, 8, 9, 18, 13, 1]}, {"capacity": 422, "impossibleCargos": [0, 1, 4, 6, 7, 9, 11, 13, 14], "neighbors": [2, 5, 4, 18, 10, 14, 24, 6]}, {"capacity": 372, "impossibleCargos": [2, 4, 9, 11, 13], "neighbors": [23, 17, 16, 6, 2, 0, 9]}, {"capacity": 590, "impossibleCargos": [0, 4, 8, 9, 10, 12, 14], "neighbors": [12, 15]}, {"capacity": 309, "impossibleCargos": [2, 8, 11, 13, 14], "neighbors": [21, 11, 10, 18, 13, 17, 1]}, {"capacity": 408, "impossibleCargos": [0, 2, 7, 8, 9, 10, 11], "neighbors": [19, 10, 4, 20]}]}