{"volumes": [1706, 225, 2081, 755, 751, 0, 721, 1444, 0, 191, 651, 2289, 487, 869, 943], "conflicts": [[0, 4], [0, 6], [0, 12], [0, 14], [1, 5], [1, 6], [1, 7], [1, 8], [1, 10], [2, 8], [3, 5], [4, 5], [4, 6], [4, 9], [4, 10], [4, 14], [5, 8], [5, 9], [5, 12], [6, 10], [6, 13], [6, 14], [8, 11], [8, 12], [9, 13], [9, 14], [12, 14], [13, 14]], "tanks": [{"capacity": 759, "impossibleCargos": [0, 3, 4, 7, 10, 11, 13], "neighbors": [2, 9, 6, 14, 12]}, {"capacity": 834, "impossibleCargos": [1, 2, 5, 6, 8, 13], "neighbors": [11, 4, 16, 10]}, {"capacity": 669, "impossibleCargos": [1, 6, 7, 8, 9, 13, 14], "neighbors": [0, 7, 20, 6, 3, 17, 18, 11]}, {"capacity": 545, "impossibleCargos": [5, 8, 9, 10, 12], "neighbors": [7, 18, 2]}, {"capacity": 202, "impossibleCargos": [2, 3, 5, 6, 10, 12], "neighbors": [17, 5, 1, 10]}, {"capacity": 345, "impossibleCargos": [0, 8, 9, 12, 14], "neighbors": [20, 15, 19, 9, 14, 4, 7, 10]}, {"capacity": 854, "impossibleCargos": [2, 10, 13], "neighbors": [0, 8, 13, 2]}, {"capacity": 507, "impossibleCargos": [1, 2, 5, 6, 7, 8, 9, 10, 13], "neighbors": [15, 24, 2, 23, 3, 5, 21]}, {"capacity": 622, "impossibleCargos": [0, 1, 5, 8, 10, 11], "neighbors": [13, 22, 6, 15]}, {"capacity": 749, "impossibleCargos": [2, 4, 5, 8, 9, 10, 13], "neighbors": [10, 18, 13, 24, 0, 5, 19, 17]}, {"capacity": 207, "impossibleCargos": [4, 5, 8, 11, 13], "neighbors": [23, 9, 14, 18, 17, 21, 13, 24, 4, 5, 1]}, {"capacity": 348, "impossibleCargos": [1, 2, 3, 7, 8, 10, 12], "neighbors": [21, 1, 12, 20, 22, 2]}, {"capacity": 753, "impossibleCargos": [0, 1, 2, 4, 9, 11, 12, 14], "neighbors": [23, 19, 11, 0]}, {"capacity": 239, "impossibleCargos": [2, 4, 8, 10, 11], "neighbors": [9, 16, 8, 15, 6, 18, 10]}, {"capacity": 233, "impossibleCargos": [1, 3, 4, 6, 7, 8, 9], "neighbors": [17, 10, 16, 0, 5]}, {"capacity": 813, "impossibleCargos": [5, 12, 13], "neighbors": [7, 17, 5, 13, 18, 23, 8]}, {"capacity": 946, "impossibleCargos": [0, 1, 5, 6, 7, 8, 11, 13, 14], "neighbors": [20, 13, 14, 22, 1, 21]}, {"capacity": 427, "impossibleCargos": [0, 3, 7, 8, 9, 10, 12, 13], "neighbors": [14, 15, 23, 18, 22, 24, 10, 4, 9, 2]}, {"capacity": 870, "impossibleCargos": [0, 1, 8, 9, 10, 11], "neighbors": [9, 17, 19, 10, 15, 13, 3, 21, 20, 2]}, {"capacity": 627, "impossibleCargos": [0, 3, 4, 12, 14], "neighbors": [5, 12, 18, 9]}, {"capacity": 973, "impossibleCargos": [4, 5, 6, 8, 9, 11, 12, 14], "neighbors": [5, 16, 23, 2, 11, 18]}, {"capacity": 292, "impossibleCargos": [0, 1, 2, 3, 4, 5, 6, 7, 8, 10, 13, 14], "neighbors": [11, 10, 18, 16, 7]}, {"capacity": 960, "impossibleCargos": [1, 2, 6, 8], "neighbors": [8, 17, 16, 11]}, {"capacity": 564, "impossibleCargos": [1, 3, 6, 10, 13, 14], "neighbors": [12, 10, 17, 20, 7, 15]}, {"capacity": 487, "impossibleCargos": [0, 4, 5, 7, 8, 10, 11, 12, 13, 14], "neighbors": [9, 7, 17, 10]}]}