{"volumes": [758, 0, 0, 1787, 0, 465, 493, 2423, 1269, 228, 1514, 555, 501, 2637, 307], "conflicts": [[0, 6], [0, 7], [0, 8], [0, 10], [1, 2], [1, 4], [1, 5], [1, 7], [1, 8], [1, 9], [1, 10], [1, 11], [1, 12], [2, 8], [3, 14], [4, 8], [4, 9], [4, 11], [4, 13], [5, 10], [5, 11], [5, 12], [5, 13], [5, 14], [6, 9], [6, 12], [8, 9], [8, 11], [8, 12], [9, 10], [10, 12], [11, 13]], "tanks": [{"capacity": 316, "impossibleCargos": [1, 2, 6, 7, 8], "neighbors": [21, 4, 16, 8]}, {"capacity": 910, "impossibleCargos": [5, 6, 8, 10, 11, 12, 14], "neighbors": [11, 23, 20, 8, 7, 21]}, {"capacity": 508, "impossibleCargos": [0, 5, 6, 8, 9, 11, 12, 14], "neighbors": [21, 14, 12]}, {"capacity": 508, "impossibleCargos": [0, 6, 7, 13, 14], "neighbors": [18, 16, 9, 10, 13]}, {"capacity": 656, "impossibleCargos": [0, 1, 2, 3, 8, 9, 11, 12, 14], "neighbors": [18, 0, 20, 7, 9, 14, 5]}, {"capacity": 924, "impossibleCargos": [0, 1, 4, 6, 8, 9, 12, 14], "neighbors": [13, 8, 11, 6, 9, 20, 4, 12]}, {"capacity": 763, "impossibleCargos": [0, 2, 5, 6, 7, 8, 9, 13], "neighbors": [11, 10, 5, 14, 7]}, {"capacity": 547, "impossibleCargos": [0, 1, 7, 10, 11, 12, 13, 14], "neighbors": [19, 21, 1, 4, 15, 6]}, {"capacity": 507, "impossibleCargos": [1, 2, 5, 7, 9, 11], "neighbors": [20, 5, 1, 11, 16, 10, 12, 14, 0]}, {"capacity": 706, "impossibleCargos": [1, 2, 5, 8, 9, 10, 11, 12, 13, 14], "neighbors": [3, 23, 18, 14, 5, 4]}, {"capacity": 744, "impossibleCargos": [3, 4, 5, 6, 8, 9, 13], "neighbors": [23, 24, 6, 8, 3, 18]}, {"capacity": 339, "impossibleCargos": [1, 3, 6, 8, 9, 12], "neighbors": [1, 6, 8, 5, 18]}, {"capacity": 669, "impossibleCargos": [0, 3, 4, 6, 9, 11, 14], "neighbors": [23, 22, 2, 8, 5]}, {"capacity": 783, "impossibleCargos": [1, 8, 9, 10, 14], "neighbors": [5, 14, 22, 19, 18, 3]}, {"capacity": 570, "impossibleCargos": [0, 5, 6, 7, 10, 12, 13], "neighbors": [13, 9, 18, 2, 4, 8, 6]}, {"capacity": 326, "impossibleCargos": [0, 1, 2, 5, 7, 8, 9, 10, 12, 13], "neighbors": [24, 20, 16, 23, 19, 7]}, {"capacity": 638, "impossibleCargos": [4, 6, 7, 9, 10, 11, 13, 14], "neighbors": [3, 15, 8, 0, 23, 18, 24]}, {"capacity": 548, "impossibleCargos": [4, 5, 7, 10, 11, 12, 13], "neighbors": [21, 19, 23]}, {"capacity": 241, "impossibleCargos": [0, 2, 4, 5, 8, 13, 14], "neighbors": [3, 4, 9, 16, 14, 20, 11, 13, 10]}, {"capacity": 202, "impossibleCargos": [0, 5, 8, 9, 10, 13], "neighbors": [7, 21, 15, 17, 13, 23]}, {"capacity": 696, "impossibleCargos": [1, 2, 4, 9, 12, 14], "neighbors": [8, 1, 21, 15, 4, 18, 23, 5]}, {"capacity": 251, "impossibleCargos": [2, 3, 4, 5, 7, 10, 11, 13], "neighbors": [0, 20, 7, 17, 19, 2, 22, 1]}, {"capacity": 875, "impossibleCargos": [3, 4, 7, 10, 12, 14], "neighbors": [13, 21, 12]}, {"capacity": 558, "impossibleCargos": [1, 2, 3, 4, 5, 7, 9, 12, 14], "neighbors": [1, 10, 9, 15, 16, 19, 12, 20, 17]}, {"capacity": 876, "impossibleCargos": [0, 3, 5, 7, 13, 14], "neighbors": [15, 10, 16]}]}