{"volumes": [1345, 687, 1876, 646, 1080, 1432, 0, 1127, 1883, 1173, 247, 853, 546, 1725, 0], "conflicts": [[0, 6], [0, 10], [0, 11], [0, 13], [1, 3], [1, 4], [1, 6], [1, 9], [1, 10], [1, 11], [1, 12], [1, 13], [2, 3], [2, 4], [2, 6], [2, 10], [2, 14], [3, 4], [3, 8], [3, 12], [3, 14], [4, 6], [4, 10], [4, 14], [5, 7], [5, 14], [6, 8], [6, 10], [6, 11], [6, 12], [6, 13], [6, 14], [7, 11], [7, 12], [7, 14], [8, 10], [8, 14], [9, 10], [9, 11], [9, 12], [9, 14], [10, 11], [10, 12], [10, 14], [11, 12], [12, 14], [13, 14]], "tanks": [{"capacity": 937, "impossibleCargos": [0, 2, 4, 5, 6, 7, 8, 10, 12, 13, 14], "neighbors": [14, 23, 8, 18, 11, 2, 17, 15]}, {"capacity": 441, "impossibleCargos": [0, 1, 2, 3, 4, 5, 6, 8, 12, 13, 14], "neighbors": [2, 7, 14, 20]}, {"capacity": 623, "impossibleCargos": [2, 3, 6, 7, 8, 9, 10, 12, 13, 14], "neighbors": [1, 0, 13, 23]}, {"capacity": 722, "impossibleCargos": [0, 2, 3, 4, 5, 6, 7, 8, 10, 12, 13, 14], "neighbors": [11, 6, 10]}, {"capacity": 834, "impossibleCargos": [0, 2, 3, 4, 9, 10, 12, 13, 14], "neighbors": [7, 8, 19, 5, 6]}, {"capacity": 480, "impossibleCargos": [0, 1, 2, 3, 6, 7, 8, 9, 10, 11, 12, 13], "neighbors": [22, 13, 20, 9, 4, 24, 10, 21, 8]}, {"capacity": 531, "impossibleCargos": [1, 2, 5, 7, 9, 11, 12, 13, 14], "neighbors": [24, 14, 22, 3, 8, 23, 21, 4]}, {"capacity": 697, "impossibleCargos": [0, 1, 4, 7, 8, 9, 10, 11, 12, 13, 14], "neighbors": [13, 4, 1, 21]}, {"capacity": 990, "impossibleCargos": [0, 1, 3, 5, 6, 7, 8, 9, 10, 11, 12], "neighbors": [4, 13, 6, 24, 0, 23, 10, 19, 5]}, {"capacity": 586, "impossibleCargos": [2, 6, 8, 9, 10, 11], "neighbors": [13, 11, 14, 22, 20, 5, 23]}, {"capacity": 678, "impossibleCargos": [0, 1, 2, 3, 4, 5, 7, 10, 11, 13, 14], "neighbors": [15, 22, 17, 8, 18, 5, 3]}, {"capacity": 642, "impossibleCargos": [0, 1, 4, 5, 6, 7, 8, 9, 10, 11, 12], "neighbors": [3, 13, 12, 9, 16, 23, 0, 14, 15]}, {"capacity": 388, "impossibleCargos": [0, 1, 2, 5, 6, 8, 10, 11, 14], "neighbors": [14, 21, 11]}, {"capacity": 278, "impossibleCargos": [0, 2, 4, 5, 7, 8, 11, 12, 14], "neighbors": [7, 9, 5, 21, 11, 8, 16, 2]}, {"capacity": 742, "impossibleCargos": [1, 3, 4, 6, 7, 10, 11, 13, 14], "neighbors": [12, 17, 0, 6, 1, 9, 11]}, {"capacity": 909, "impossibleCargos": [1, 5, 6, 8, 10, 11, 12, 13, 14], "neighbors": [10, 18, 0, 11]}, {"capacity": 733, "impossibleCargos": [0, 2, 3, 4, 5, 6, 8, 9, 10, 11, 12, 13, 14], "neighbors": [11, 19, 22, 18, 21, 13]}, {"capacity": 891, "impossibleCargos": [0, 1, 3, 4, 5, 6, 7, 8, 9, 10, 12, 14], "neighbors": [14, 10, 24, 0]}, {"capacity": 434, "impossibleCargos": [1, 3, 4, 5, 8, 9, 10, 11, 12, 14], "neighbors": [23, 16, 0, 15, 10, 22]}, {"capacity": 270, "impossibleCargos": [0, 2, 3, 5, 6, 7, 9, 12, 13, 14], "neighbors": [16, 4, 8]}, {"capacity": 912, "impossibleCargos": [1, 2, 3, 4, 6, 7, 8, 9, 10, 11, 12, 13], "neighbors": [9, 5, 23, 1]}, {"capacity": 861, "impossibleCargos": [1, 2, 3, 4, 7, 8, 10, 11, 12, 13, 14], "neighbors": [13, 12, 22, 7, 16, 6, 5]}, {"capacity": 539, "impossibleCargos": [1, 2, 4, 5, 6, 8, 9, 10, 11, 12, 13, 14], "neighbors": [5, 23, 6, 10, 9, 16, 21, 18]}, {"capacity": 694, "impossibleCargos": [0, 1, 2, 3, 6, 7, 8, 9, 10, 11, 12, 13], "neighbors": [18, 22, 11, 0, 20, 8, 6, 2, 9]}, {"capacity": 552, "impossibleCargos": [1, 2, 3, 4, 5, 6, 7, 8, 9, 11, 14], "neighbors": [6, 8, 17, 5]}]}