{"volumes": [1360, 1677, 2300, 1746, 2202, 481, 0, 1166, 0, 0, 885, 1138, 0, 974, 1483], "conflicts": [[0, 9], [1, 8], [1, 9], [1, 14], [2, 7], [3, 6], [4, 8], [6, 11], [6, 13], [8, 9], [8, 10], [9, 10], [9, 14], [12, 13]], "tanks": [{"capacity": 907, "impossibleCargos": [1, 4, 6, 7, 12, 13, 14], "neighbors": [6, 16, 24, 17, 4, 1, 3, 21, 7, 23, 11, 2, 20, 18]}, {"capacity": 996, "impossibleCargos": [6, 9], "neighbors": [13, 24, 6, 0, 11, 5, 8, 3, 23, 21, 19, 18, 12]}, {"capacity": 531, "impossibleCargos": [1, 7, 14], "neighbors": [24, 21, 9, 19, 10, 8, 22, 11, 13, 17, 0, 6, 7]}, {"capacity": 897, "impossibleCargos": [0, 2, 5, 6, 12, 14], "neighbors": [12, 19, 0, 10, 1, 22, 23, 6, 17, 4, 8, 16, 7, 21, 15, 24, 18]}, {"capacity": 900, "impossibleCargos": [5, 6], "neighbors": [8, 6, 17, 0, 5, 11, 13, 22, 3, 24, 16, 23, 20]}, {"capacity": 761, "impossibleCargos": [6, 7], "neighbors": [13, 21, 22, 4, 9, 8, 12, 1, 7, 20, 17]}, {"capacity": 850, "impossibleCargos": [0, 6, 10, 14], "neighbors": [0, 21, 16, 4, 24, 1, 18, 11, 12, 10, 3, 17, 9, 2, 19]}, {"capacity": 446, "impossibleCargos": [1, 3, 6, 10, 13, 14], "neighbors": [16, 15, 24, 18, 0, 9, 5, 3, 11, 17, 2, 8, 12]}, {"capacity": 202, "impossibleCargos": [2, 6], "neighbors": [4, 19, 5, 1, 2, 18, 23, 3, 7, 15, 22]}, {"capacity": 826, "impossibleCargos": [3, 5, 6, 8, 10, 11, 12], "neighbors": [2, 16, 5, 23, 14, 6, 7, 24, 20, 19]}, {"capacity": 916, "impossibleCargos": [3, 4, 6, 8, 14], "neighbors": [18, 23, 16, 11, 3, 2, 6, 12, 22, 24, 13]}, {"capacity": 423, "impossibleCargos": [5, 7, 8, 9, 10, 12, 14], "neighbors": [24, 4, 1, 6, 10, 2, 20, 14, 16, 0, 7, 17, 22]}, {"capacity": 362, "impossibleCargos": [1, 13], "neighbors": [23, 3, 5, 6, 10, 15, 14, 21, 1, 7]}, {"capacity": 881, "impossibleCargos": [5, 6, 10], "neighbors": [1, 5, 17, 15, 4, 23, 19, 2, 16, 18, 21, 24, 10]}, {"capacity": 640, "impossibleCargos": [0, 2], "neighbors": [22, 23, 21, 16, 12, 9, 11]}, {"capacity": 591, "impossibleCargos": [0, 1, 8, 9, 12], "neighbors": [24, 7, 23, 13, 22, 12, 19, 3, 8]}, {"capacity": 898, "impossibleCargos": [1, 4, 6, 8, 10, 12, 14], "neighbors": [7, 6, 0, 10, 9, 19, 14, 11, 13, 3, 23, 4, 22, 24]}, {"capacity": 648, "impossibleCargos": [4, 5, 10, 13], "neighbors": [13, 0, 4, 3, 6, 2, 24, 20, 7, 11, 5]}, {"capacity": 353, "impossibleCargos": [8, 10, 13], "neighbors": [10, 22, 19, 6, 7, 8, 1, 13, 0, 21, 3]}, {"capacity": 493, "impossibleCargos": [], "neighbors": [8, 21, 2, 18, 3, 16, 13, 1, 15, 22, 6, 9]}, {"capacity": 857, "impossibleCargos": [3, 11, 12], "neighbors": [11, 0, 17, 5, 9, 4]}, {"capacity": 978, "impossibleCargos": [1, 5, 14], "neighbors": [6, 2, 23, 19, 5, 0, 14, 1, 12, 3, 13, 18]}, {"capacity": 989, "impossibleCargos": [1, 6, 10, 13], "neighbors": [18, 14, 5, 4, 15, 3, 2, 10, 19, 16, 11, 8]}, {"capacity": 245, "impossibleCargos": [0, 6], "neighbors": [10, 21, 12, 14, 15, 3, 1, 13, 9, 8, 0, 16, 4, 24]}, {"capacity": 635, "impossibleCargos": [4, 7, 9], "neighbors": [1, 2, 0, 15, 6, 11, 7, 10, 17, 4, 23, 9, 13, 16, 3]}]}