{"volumes": [0, 0, 0, 2907, 1209, 0, 966, 0, 1684, 1863, 1192, 1449, 1116, 1014, 517], "conflicts": [[0, 1], [0, 6], [0, 8], [0, 10], [0, 11], [0, 13], [0, 14], [1, 2], [1, 6], [1, 10], [1, 11], [2, 7], [2, 9], [2, 13], [3, 14], [5, 14], [7, 10], [7, 13], [7, 14]], "tanks": [{"capacity": 726, "impossibleCargos": [4, 6, 8, 9, 10], "neighbors": [12, 7, 23, 20, 19, 17, 11, 21, 1, 15, 2, 13]}, {"capacity": 766, "impossibleCargos": [0, 3, 5, 6, 8, 9, 12], "neighbors": [22, 13, 4, 5, 10, 21, 6, 8, 0, 11]}, {"capacity": 236, "impossibleCargos": [2, 5, 9, 14], "neighbors": [16, 11, 13, 21, 3, 15, 23, 22, 24, 8, 12, 6, 0]}, {"capacity": 522, "impossibleCargos": [5, 6, 8, 11], "neighbors": [12, 2, 22, 14, 13, 23, 11, 5, 7, 9, 4, 20, 6]}, {"capacity": 366, "impossibleCargos": [5, 7, 11, 13], "neighbors": [10, 11, 1, 17, 18, 8, 21, 23, 6, 5, 13, 22, 3]}, {"capacity": 809, "impossibleCargos": [4, 10], "neighbors": [7, 15, 19, 11, 16, 9, 10, 8, 1, 20, 18, 3, 4, 12, 23]}, {"capacity": 810, "impossibleCargos": [6, 7, 8, 14], "neighbors": [13, 7, 20, 8, 11, 9, 15, 17, 23, 4, 1, 2, 3]}, {"capacity": 306, "impossibleCargos": [3, 10, 14], "neighbors": [5, 6, 0, 14, 24, 18, 21, 8, 3, 16, 19]}, {"capacity": 888, "impossibleCargos": [5, 11, 12], "neighbors": [11, 19, 6, 23, 5, 4, 18, 7, 17, 10, 16, 1, 2, 9]}, {"capacity": 428, "impossibleCargos": [6, 10, 11], "neighbors": [17, 6, 5, 12, 24, 23, 15, 3, 18, 19, 8]}, {"capacity": 511, "impossibleCargos": [1], "neighbors": [4, 21, 20, 19, 12, 5, 1, 18, 14, 8, 24]}, {"capacity": 867, "impossibleCargos": [0, 1, 3, 9, 12], "neighbors": [22, 18, 2, 8, 4, 6, 5, 23, 20, 24, 15, 3, 13, 16, 0, 1]}, {"capacity": 220, "impossibleCargos": [6, 9, 12], "neighbors": [0, 21, 15, 3, 10, 9, 24, 17, 5, 2]}, {"capacity": 564, "impossibleCargos": [0, 4, 5], "neighbors": [17, 2, 1, 6, 3, 24, 11, 4, 16, 0]}, {"capacity": 548, "impossibleCargos": [2, 8], "neighbors": [24, 18, 7, 3, 10]}, {"capacity": 782, "impossibleCargos": [2, 6], "neighbors": [18, 21, 12, 22, 5, 24, 2, 6, 11, 16, 20, 9, 0]}, {"capacity": 333, "impossibleCargos": [1, 4, 6, 11], "neighbors": [2, 22, 5, 19, 15, 11, 8, 20, 21, 13, 7]}, {"capacity": 745, "impossibleCargos": [0, 8, 12, 14], "neighbors": [13, 4, 9, 23, 6, 21, 8, 24, 0, 22, 12]}, {"capacity": 490, "impossibleCargos": [9], "neighbors": [15, 11, 14, 4, 21, 20, 7, 8, 24, 5, 10, 23, 9]}, {"capacity": 610, "impossibleCargos": [5, 14], "neighbors": [8, 5, 21, 16, 22, 10, 0, 24, 20, 9, 7]}, {"capacity": 752, "impossibleCargos": [0, 1, 3, 7, 10, 14], "neighbors": [6, 11, 0, 10, 18, 5, 15, 24, 16, 19, 3]}, {"capacity": 996, "impossibleCargos": [0, 6, 11], "neighbors": [15, 12, 10, 2, 24, 19, 18, 17, 23, 4, 7, 1, 0, 16]}, {"capacity": 703, "impossibleCargos": [8, 11, 12], "neighbors": [16, 1, 11, 15, 3, 19, 23, 17, 2, 4, 24]}, {"capacity": 530, "impossibleCargos": [4, 8, 10], "neighbors": [11, 17, 0, 22, 8, 3, 21, 9, 4, 2, 18, 6, 5]}, {"capacity": 508, "impossibleCargos": [], "neighbors": [14, 15, 21, 7, 11, 13, 19, 9, 18, 12, 17, 20, 10, 2, 22]}]}