{"volumes": [0, 670, 350, 1535, 222, 0, 1557, 730, 1633, 686, 0, 1107, 1665, 1644, 2200], "conflicts": [[0, 1], [0, 2], [0, 4], [0, 5], [0, 6], [0, 7], [0, 8], [0, 9], [0, 10], [0, 13], [0, 14], [1, 4], [1, 5], [1, 9], [1, 10], [2, 4], [2, 5], [2, 9], [2, 10], [3, 5], [4, 5], [4, 10], [4, 14], [5, 6], [5, 8], [5, 9], [5, 10], [5, 11], [5, 13], [7, 8], [7, 12], [8, 10], [9, 10], [9, 11], [10, 12], [10, 14]], "tanks": [{"capacity": 393, "impossibleCargos": [1, 2, 4, 8, 12], "neighbors": [14, 22, 10, 18, 19, 16, 5, 6, 17]}, {"capacity": 633, "impossibleCargos": [2, 6, 9, 11, 12], "neighbors": [8, 20, 17, 9, 4, 24, 23, 13, 18, 7, 5, 2]}, {"capacity": 644, "impossibleCargos": [1, 2, 7], "neighbors": [22, 6, 15, 21, 24, 23, 7, 4, 20, 3, 1, 16]}, {"capacity": 741, "impossibleCargos": [0, 2, 7], "neighbors": [17, 6, 16, 9, 24, 15, 5, 18, 21, 23, 20, 2, 22]}, {"capacity": 802, "impossibleCargos": [2, 3, 4], "neighbors": [23, 7, 14, 1, 18, 17, 21, 10, 2, 16, 6, 11]}, {"capacity": 695, "impossibleCargos": [5, 11, 13, 14], "neighbors": [10, 13, 15, 19, 16, 21, 3, 20, 0, 8, 1, 14, 24, 22]}, {"capacity": 421, "impossibleCargos": [0, 1, 3, 9, 11, 14], "neighbors": [2, 3, 13, 11, 15, 18, 0, 10, 22, 4]}, {"capacity": 697, "impossibleCargos": [4, 5, 6, 9, 10], "neighbors": [11, 9, 4, 24, 18, 19, 17, 20, 12, 13, 2, 1, 10, 23]}, {"capacity": 222, "impossibleCargos": [5, 8, 10], "neighbors": [21, 24, 1, 18, 12, 10, 5, 9, 14, 11, 17]}, {"capacity": 346, "impossibleCargos": [1, 4, 5], "neighbors": [23, 7, 11, 3, 1, 14, 19, 20, 8, 16]}, {"capacity": 649, "impossibleCargos": [0, 1, 3, 10, 13], "neighbors": [5, 13, 0, 24, 11, 8, 12, 4, 17, 15, 16, 7, 6, 18, 22, 20]}, {"capacity": 648, "impossibleCargos": [5], "neighbors": [7, 16, 15, 9, 21, 19, 6, 24, 10, 8, 4]}, {"capacity": 827, "impossibleCargos": [5, 9], "neighbors": [21, 18, 8, 14, 10, 17, 19, 7, 20, 22, 15]}, {"capacity": 403, "impossibleCargos": [2, 3, 4, 5, 8, 10], "neighbors": [21, 5, 10, 19, 6, 16, 24, 1, 17, 7]}, {"capacity": 997, "impossibleCargos": [3, 4, 9, 12], "neighbors": [0, 24, 4, 19, 9, 12, 23, 8, 5]}, {"capacity": 243, "impossibleCargos": [1, 2, 5, 7, 11, 13, 14], "neighbors": [5, 2, 11, 20, 3, 6, 23, 19, 10, 22, 12]}, {"capacity": 878, "impossibleCargos": [1, 3, 9, 11], "neighbors": [11, 3, 19, 5, 22, 13, 24, 0, 20, 10, 4, 9, 2]}, {"capacity": 522, "impossibleCargos": [1, 4, 5, 9, 12, 14], "neighbors": [3, 18, 1, 22, 4, 13, 7, 12, 10, 21, 8, 23, 0]}, {"capacity": 383, "impossibleCargos": [7, 8], "neighbors": [8, 24, 17, 12, 22, 0, 4, 7, 3, 6, 20, 1, 19, 10]}, {"capacity": 365, "impossibleCargos": [0, 1, 6, 11, 13], "neighbors": [16, 13, 5, 11, 14, 0, 9, 15, 7, 12, 18]}, {"capacity": 938, "impossibleCargos": [11], "neighbors": [22, 15, 1, 23, 9, 5, 7, 16, 24, 18, 12, 2, 3, 10]}, {"capacity": 665, "impossibleCargos": [2, 4, 5, 6, 8, 10, 12], "neighbors": [13, 8, 12, 2, 11, 23, 5, 4, 3, 17]}, {"capacity": 682, "impossibleCargos": [0, 1, 2, 3, 4, 9, 13, 14], "neighbors": [2, 20, 0, 18, 17, 23, 16, 24, 12, 15, 6, 10, 5, 3]}, {"capacity": 830, "impossibleCargos": [13], "neighbors": [9, 20, 4, 21, 22, 15, 1, 14, 3, 2, 7, 17]}, {"capacity": 712, "impossibleCargos": [6, 7, 9, 13], "neighbors": [8, 18, 2, 14, 7, 3, 10, 1, 11, 22, 13, 16, 20, 5]}]}