{"volumes": [417, 746, 1429, 1231, 1043, 1002, 391, 1026, 259, 863, 1092, 0, 475, 1664, 988], "conflicts": [[0, 4], [0, 6], [0, 11], [0, 12], [1, 2], [1, 6], [1, 8], [1, 9], [1, 10], [1, 11], [1, 14], [2, 5], [2, 8], [2, 11], [3, 8], [3, 11], [4, 11], [5, 8], [5, 9], [5, 11], [6, 8], [6, 11], [7, 11], [8, 9], [9, 11], [10, 11], [11, 13]], "tanks": [{"capacity": 679, "impossibleCargos": [0, 1, 3, 6, 8, 10, 11], "neighbors": [17, 19, 22, 5, 14, 8, 2, 3, 1, 16, 9, 21, 15, 20]}, {"capacity": 554, "impossibleCargos": [0, 4, 5, 8, 13, 14], "neighbors": [19, 17, 0, 9, 12, 20, 24, 11, 21, 4, 18]}, {"capacity": 433, "impossibleCargos": [0, 2, 5, 7, 9, 12, 14], "neighbors": [19, 6, 23, 20, 0, 14, 8, 7, 21, 22, 16, 12, 18]}, {"capacity": 262, "impossibleCargos": [0, 2, 3, 5, 7, 12, 14], "neighbors": [23, 21, 15, 0, 18, 4, 6, 17, 9, 8, 12, 22]}, {"capacity": 945, "impossibleCargos": [1, 5, 7, 8, 10, 11, 12], "neighbors": [7, 8, 24, 13, 3, 6, 5, 16, 9, 1, 21, 20, 23]}, {"capacity": 463, "impossibleCargos": [2, 3, 4, 5, 8, 9, 10, 13], "neighbors": [22, 7, 0, 11, 24, 13, 4, 23, 19, 21, 12]}, {"capacity": 508, "impossibleCargos": [0, 2, 3, 5, 9, 10, 12, 13], "neighbors": [22, 2, 8, 12, 23, 7, 4, 10, 11, 13, 3, 16, 24]}, {"capacity": 407, "impossibleCargos": [0, 1, 3, 4, 5, 6, 7, 8, 9], "neighbors": [5, 12, 15, 4, 11, 20, 21, 19, 13, 6, 22, 18, 10, 8, 2, 24]}, {"capacity": 487, "impossibleCargos": [0, 2, 7, 8, 9, 11, 13, 14], "neighbors": [23, 6, 17, 20, 4, 19, 24, 0, 16, 11, 2, 7, 21, 15, 18, 13, 3, 22]}, {"capacity": 425, "impossibleCargos": [5, 7, 8, 12, 14], "neighbors": [17, 24, 1, 0, 12, 19, 14, 16, 4, 3, 21]}, {"capacity": 445, "impossibleCargos": [2, 4, 6, 9, 11, 12, 13], "neighbors": [14, 17, 23, 12, 6, 7, 20]}, {"capacity": 749, "impossibleCargos": [3, 5, 9, 10, 13, 14], "neighbors": [7, 13, 5, 8, 1, 6, 20, 12]}, {"capacity": 722, "impossibleCargos": [2, 6, 8, 11], "neighbors": [7, 6, 20, 14, 10, 13, 1, 9, 3, 5, 2, 19, 11]}, {"capacity": 934, "impossibleCargos": [1, 2, 4, 7, 8, 10, 11, 12, 14], "neighbors": [15, 17, 19, 14, 23, 7, 11, 4, 5, 12, 6, 24, 16, 22, 8]}, {"capacity": 696, "impossibleCargos": [1, 5, 7, 9, 12, 13], "neighbors": [10, 20, 13, 0, 22, 12, 2, 9, 24, 21]}, {"capacity": 284, "impossibleCargos": [0, 2, 3, 4, 9, 11, 13], "neighbors": [23, 20, 17, 7, 13, 3, 22, 8, 0]}, {"capacity": 550, "impossibleCargos": [0, 1, 3, 8, 9, 12, 13], "neighbors": [24, 18, 8, 0, 17, 4, 13, 6, 9, 21, 2]}, {"capacity": 543, "impossibleCargos": [1, 2, 4, 5, 6, 9, 10, 12, 13], "neighbors": [0, 20, 9, 15, 10, 8, 13, 19, 1, 21, 16, 3]}, {"capacity": 797, "impossibleCargos": [2, 3, 5, 6, 8, 10, 13], "neighbors": [16, 23, 3, 7, 8, 19, 1, 2]}, {"capacity": 349, "impossibleCargos": [1, 2, 3, 4, 7, 8, 9, 10, 11, 12, 13, 14], "neighbors": [1, 2, 0, 20, 13, 8, 7, 17, 21, 9, 5, 18, 12]}, {"capacity": 344, "impossibleCargos": [0, 5, 6, 7, 8, 12], "neighbors": [15, 17, 2, 8, 19, 14, 7, 12, 21, 1, 10, 11, 4, 0]}, {"capacity": 985, "impossibleCargos": [0, 2, 4, 8, 9, 10, 11, 13], "neighbors": [7, 3, 19, 20, 17, 1, 8, 2, 22, 0, 16, 5, 9, 4, 14]}, {"capacity": 452, "impossibleCargos": [1, 4, 5, 8, 13], "neighbors": [6, 5, 0, 14, 15, 7, 2, 21, 13, 8, 24, 3]}, {"capacity": 359, "impossibleCargos": [2, 6, 7, 11], "neighbors": [15, 2, 8, 10, 3, 18, 13, 6, 5, 4]}, {"capacity": 983, "impossibleCargos": [6, 7, 12, 13], "neighbors": [16, 8, 4, 5, 9, 1, 13, 7, 6, 14, 22]}]}