{"volumes": [555, 731, 927, 518, 1577, 2205, 1541, 1329, 0, 3119, 351, 516, 0, 0, 891], "conflicts": [[0, 10], [0, 12], [0, 13], [1, 8], [1, 13], [2, 3], [2, 8], [2, 11], [2, 12], [2, 13], [3, 12], [4, 8], [4, 13], [5, 12], [5, 13], [6, 8], [6, 12], [8, 9], [8, 10], [9, 12], [9, 13], [10, 12], [10, 13], [11, 12], [11, 13], [11, 14], [12, 13]], "tanks": [{"capacity": 955, "impossibleCargos": [0, 1, 2, 3, 4, 5, 6, 8, 9, 12, 13], "neighbors": [3, 23, 9, 22, 21, 13, 5, 24, 15, 16, 6, 1, 4, 12, 17]}, {"capacity": 815, "impossibleCargos": [0, 1, 2, 6, 7, 9, 10, 12, 13, 14], "neighbors": [11, 16, 7, 8, 17, 2, 3, 0, 5, 13, 12, 6]}, {"capacity": 548, "impossibleCargos": [0, 1, 2, 3, 4, 5, 6, 7, 8, 9, 10, 12, 13], "neighbors": [16, 11, 24, 5, 12, 20, 19, 3, 1, 23, 13, 10]}, {"capacity": 588, "impossibleCargos": [0, 2, 4, 6, 8, 9, 10, 11, 12, 13, 14], "neighbors": [0, 11, 8, 6, 12, 9, 24, 2, 1, 19, 10, 17]}, {"capacity": 517, "impossibleCargos": [0, 1, 2, 3, 4, 5, 6, 11, 12, 13], "neighbors": [24, 12, 16, 6, 13, 22, 21, 19, 11, 15, 23, 0, 10, 8]}, {"capacity": 434, "impossibleCargos": [0, 1, 2, 3, 4, 6, 7, 8, 10, 11, 13, 14], "neighbors": [7, 8, 0, 2, 20, 1, 15, 11, 6, 22]}, {"capacity": 364, "impossibleCargos": [1, 3, 4, 5, 6, 7, 8, 12, 13, 14], "neighbors": [11, 17, 3, 4, 21, 8, 0, 23, 10, 9, 14, 13, 5, 24, 16, 1]}, {"capacity": 682, "impossibleCargos": [0, 1, 2, 4, 6, 7, 10, 11, 12, 13, 14], "neighbors": [22, 5, 1, 12, 17, 19, 9, 16, 21, 11, 10]}, {"capacity": 214, "impossibleCargos": [0, 4, 5, 6, 7, 8, 9, 10, 12, 13, 14], "neighbors": [12, 3, 21, 23, 22, 17, 5, 10, 14, 18, 1, 6, 15, 16, 20, 4]}, {"capacity": 253, "impossibleCargos": [1, 3, 4, 5, 7, 8, 10, 11, 12, 13, 14], "neighbors": [0, 19, 13, 3, 7, 6, 10, 23, 18, 15]}, {"capacity": 539, "impossibleCargos": [0, 1, 2, 3, 5, 10, 11, 12, 13, 14], "neighbors": [16, 24, 14, 8, 13, 6, 23, 20, 19, 9, 4, 2, 3, 7]}, {"capacity": 206, "impossibleCargos": [1, 3, 5, 6, 7, 8, 9, 10, 11, 12, 14], "neighbors": [3, 6, 1, 2, 15, 24, 12, 4, 14, 18, 5, 7, 20]}, {"capacity": 847, "impossibleCargos": [0, 1, 2, 3, 4, 8, 9, 10, 11, 14], "neighbors": [8, 4, 16, 3, 7, 2, 18, 11, 13, 0, 1]}, {"capacity": 535, "impossibleCargos": [0, 1, 2, 3, 5, 6, 7, 8, 11, 13, 14], "neighbors": [4, 23, 0, 14, 9, 17, 10, 21, 12, 16, 6, 2, 1, 18]}, {"capacity": 273, "impossibleCargos": [0, 2, 3, 4, 5, 7, 10, 12, 13, 14], "neighbors": [24, 19, 10, 13, 8, 18, 11, 6]}, {"capacity": 876, "impossibleCargos": [0, 1, 2, 3, 5, 7, 8, 9, 10, 11, 14], "neighbors": [16, 11, 24, 0, 23, 8, 22, 4, 5, 20, 9]}, {"capacity": 781, "impossibleCargos": [0, 1, 2, 3, 5, 7, 9, 11, 12], "neighbors": [15, 10, 2, 4, 12, 17, 1, 19, 7, 0, 8, 21, 13, 6, 18]}, {"capacity": 954, "impossibleCargos": [0, 3, 4, 5, 6, 7, 8, 10, 11, 13], "neighbors": [6, 16, 8, 7, 19, 13, 1, 18, 22, 3, 0, 20]}, {"capacity": 740, "impossibleCargos": [0, 1, 6, 7, 8, 9, 10, 11, 13, 14], "neighbors": [21, 14, 22, 8, 12, 24, 11, 17, 9, 13, 16]}, {"capacity": 563, "impossibleCargos": [1, 3, 4, 5, 6, 8, 9, 10, 12], "neighbors": [9, 14, 23, 22, 17, 2, 7, 16, 4, 10, 21, 3]}, {"capacity": 956, "impossibleCargos": [0, 1, 2, 5, 7, 8, 10, 12], "neighbors": [2, 5, 8, 24, 10, 15, 11, 17]}, {"capacity": 536, "impossibleCargos": [1, 2, 4, 5, 7, 8, 9, 11, 12, 13, 14], "neighbors": [8, 6, 18, 0, 4, 16, 13, 19, 7, 24]}, {"capacity": 982, "impossibleCargos": [0, 1, 3, 4, 5, 6, 7, 10, 12, 14], "neighbors": [7, 24, 19, 0, 8, 18, 4, 15, 17, 5]}, {"capacity": 890, "impossibleCargos": [0, 1, 2, 3, 4, 5, 6, 7, 8, 10, 11, 12, 14], "neighbors": [0, 8, 19, 13, 15, 6, 10, 4, 2, 9]}, {"capacity": 806, "impossibleCargos": [0, 1, 2, 3, 4, 6, 7, 8, 9, 12, 13, 14], "neighbors": [4, 14, 22, 10, 2, 0, 15, 3, 11, 18, 20, 6, 21]}]}