{"volumes": [1040, 1601, 0, 1544, 1573, 811, 883, 0, 822, 729, 930, 1202, 1041, 1662, 0], "conflicts": [[0, 7], [0, 9], [0, 10], [0, 11], [0, 14], [1, 7], [1, 9], [1, 14], [2, 4], [2, 5], [2, 6], [2, 7], [2, 8], [2, 9], [2, 10], [2, 12], [2, 13], [2, 14], [3, 14], [4, 7], [5, 7], [5, 10], [5, 14], [6, 7], [6, 10], [6, 14], [7, 8], [7, 9], [7, 10], [7, 12], [7, 13], [8, 11], [8, 14], [9, 11], [9, 14], [10, 13], [10, 14], [12, 14]], "tanks": [{"capacity": 267, "impossibleCargos": [0, 1, 2, 3, 4, 6, 7, 8, 9, 10, 11, 13, 14], "neighbors": [19, 22, 20, 6, 21, 9, 12, 5, 11, 4, 16]}, {"capacity": 596, "impossibleCargos": [1, 2, 3, 6, 7, 8, 9, 10, 11, 13, 14], "neighbors": [7, 3, 2, 5, 21, 18, 13, 10, 12]}, {"capacity": 815, "impossibleCargos": [0, 1, 2, 3, 4, 5, 6, 7, 8, 9, 10, 11, 13, 14], "neighbors": [21, 23, 19, 6, 1, 18, 12, 24, 22, 20, 17, 8]}, {"capacity": 511, "impossibleCargos": [0, 2, 3, 5, 7, 8, 11, 12], "neighbors": [21, 17, 1, 10, 9, 18, 15, 12, 4, 11, 13, 6]}, {"capacity": 335, "impossibleCargos": [0, 2, 3, 4, 5, 7, 8, 9, 10, 11, 12, 13], "neighbors": [22, 11, 10, 7, 20, 12, 19, 3, 0]}, {"capacity": 295, "impossibleCargos": [0, 1, 3, 7, 9, 10, 11, 12, 13, 14], "neighbors": [15, 14, 6, 9, 12, 8, 16, 13, 1, 20, 0, 24, 10, 22]}, {"capacity": 624, "impossibleCargos": [0, 1, 2, 4, 5, 8, 9, 10, 12, 14], "neighbors": [11, 20, 5, 17, 22, 21, 8, 13, 2, 0, 16, 24, 12, 9, 14, 3]}, {"capacity": 213, "impossibleCargos": [2, 3, 4, 7, 8, 9, 10, 11, 12, 13, 14], "neighbors": [15, 10, 1, 24, 12, 4, 9, 8, 14, 11, 13]}, {"capacity": 261, "impossibleCargos": [0, 1, 2, 3, 4, 6, 10, 11, 12, 13, 14], "neighbors": [21, 9, 24, 10, 6, 11, 5, 19, 22, 15, 7, 14, 2, 18]}, {"capacity": 678, "impossibleCargos": [0, 2, 3, 5, 6, 7, 12, 13, 14], "neighbors": [8, 13, 5, 3, 22, 12, 11, 7, 0, 14, 15, 6, 16, 20]}, {"capacity": 966, "impossibleCargos": [1, 2, 3, 4, 5, 6, 7, 8, 9, 10, 11, 12, 14], "neighbors": [7, 3, 19, 8, 4, 16, 13, 22, 23, 1, 5]}, {"capacity": 792, "impossibleCargos": [0, 1, 4, 6, 7, 9, 10, 11, 12, 14], "neighbors": [12, 6, 4, 8, 23, 9, 14, 19, 0, 24, 7, 3, 16, 22, 21, 15]}, {"capacity": 876, "impossibleCargos": [0, 2, 5, 7, 8, 10, 11, 13, 14], "neighbors": [11, 16, 5, 19, 17, 7, 9, 20, 6, 3, 0, 13, 18, 4, 2, 24, 15, 23, 1]}, {"capacity": 909, "impossibleCargos": [0, 1, 2, 5, 6, 9, 10, 11, 12, 13], "neighbors": [19, 9, 24, 14, 6, 10, 5, 12, 1, 18, 3, 7, 23, 20]}, {"capacity": 369, "impossibleCargos": [0, 1, 5, 7, 8, 9, 11, 12, 13], "neighbors": [5, 18, 13, 17, 22, 11, 9, 20, 19, 7, 23, 21, 8, 6]}, {"capacity": 389, "impossibleCargos": [1, 2, 5, 6, 7, 8, 9, 10, 11, 13], "neighbors": [7, 5, 3, 17, 8, 23, 9, 24, 12, 11]}, {"capacity": 930, "impossibleCargos": [2, 3, 4, 5, 6, 7, 8, 12, 14], "neighbors": [18, 12, 5, 6, 10, 24, 21, 11, 9, 0]}, {"capacity": 936, "impossibleCargos": [0, 1, 2, 5, 7, 8, 9, 11, 12, 13, 14], "neighbors": [3, 22, 6, 23, 12, 14, 15, 24, 2]}, {"capacity": 758, "impossibleCargos": [0, 2, 3, 5, 6, 7, 8, 9, 10, 11, 12, 14], "neighbors": [16, 24, 14, 3, 2, 22, 12, 1, 13, 8]}, {"capacity": 755, "impossibleCargos": [0, 1, 3, 4, 5, 7, 8, 10, 13, 14], "neighbors": [0, 10, 13, 2, 12, 8, 11, 4, 14, 23]}, {"capacity": 832, "impossibleCargos": [1, 4, 5, 7, 9, 10, 12, 13, 14], "neighbors": [6, 0, 12, 4, 14, 5, 2, 23, 13, 9]}, {"capacity": 317, "impossibleCargos": [0, 3, 4, 5, 8, 9, 10, 11, 12, 13, 14], "neighbors": [8, 3, 2, 6, 0, 1, 16, 14, 11]}, {"capacity": 364, "impossibleCargos": [0, 1, 3, 6, 7, 8, 9, 10, 12, 13, 14], "neighbors": [4, 17, 0, 6, 9, 8, 10, 18, 14, 24, 2, 11, 5]}, {"capacity": 877, "impossibleCargos": [0, 1, 2, 4, 5, 8, 9, 10, 12, 13], "neighbors": [2, 17, 11, 10, 15, 14, 19, 20, 12, 13]}, {"capacity": 528, "impossibleCargos": [0, 3, 4, 5, 6, 7, 8, 9, 10, 12, 14], "neighbors": [8, 18, 13, 7, 16, 6, 2, 5, 17, 22, 11, 15, 12]}]}