{"volumes": [830, 0, 677, 1047, 880, 704, 488, 2117, 1114, 841, 246, 920, 2124, 655, 239], "conflicts": [[0, 1], [0, 10], [1, 4], [1, 5], [1, 6], [1, 7], [1, 8], [1, 9], [1, 10], [1, 11], [1, 12], [1, 13], [1, 14], [2, 3], [3, 4], [3, 9], [3, 11], [3, 13], [4, 7], [4, 11], [4, 13], [4, 14], [5, 6], [5, 11], [9, 11], [9, 13], [9, 14], [10, 11], [11, 12], [11, 13]], "tanks": [{"capacity": 904, "impossibleCargos": [0, 1, 2, 4, 5, 6, 7, 8, 9, 10, 11, 13, 14], "neighbors": [3, 16, 19, 8, 11, 5, 14, 7, 18, 22, 1, 12, 21, 20]}, {"capacity": 625, "impossibleCargos": [0, 4, 5, 6, 8, 12, 14], "neighbors": [5, 4, 13, 18, 14, 19, 16, 12, 8, 0, 10]}, {"capacity": 881, "impossibleCargos": [2, 3, 6, 7, 9, 10, 11, 13], "neighbors": [18, 24, 22, 14, 4, 3, 13, 12, 16, 20]}, {"capacity": 934, "impossibleCargos": [0, 1, 2, 4, 5, 6, 7, 8, 12, 13, 14], "neighbors": [0, 24, 4, 14, 2, 15, 20, 16, 17, 13]}, {"capacity": 502, "impossibleCargos": [0, 3, 4, 7, 8, 9, 11], "neighbors": [18, 17, 1, 9, 13, 3, 19, 6, 2, 15, 22, 11, 20, 23, 21]}, {"capacity": 410, "impossibleCargos": [0, 2, 4, 5, 6, 8, 13, 14], "neighbors": [1, 11, 6, 9, 0, 10, 14, 24, 18, 8]}, {"capacity": 740, "impossibleCargos": [0, 1, 2, 3, 6, 8, 10, 11, 13, 14], "neighbors": [23, 5, 14, 4, 9, 19, 13, 16, 17, 15]}, {"capacity": 483, "impossibleCargos": [0, 1, 3, 4, 6, 8, 12], "neighbors": [20, 23, 15, 13, 8, 9, 17, 21, 19, 0, 14, 22, 16]}, {"capacity": 617, "impossibleCargos": [0, 1, 2, 3, 5, 6, 8, 9, 10, 11, 12, 13], "neighbors": [13, 7, 0, 23, 1, 12, 15, 24, 22, 5, 16, 19, 14]}, {"capacity": 229, "impossibleCargos": [0, 2, 5, 6, 8, 9, 10, 11, 12, 14], "neighbors": [13, 18, 4, 12, 20, 7, 6, 5, 11, 24, 22, 16]}, {"capacity": 248, "impossibleCargos": [0, 1, 2, 3, 8, 10, 12, 13], "neighbors": [20, 12, 17, 19, 11, 23, 22, 15, 5, 16, 13, 1]}, {"capacity": 444, "impossibleCargos": [0, 1, 6, 7, 8, 10, 11, 12, 14], "neighbors": [13, 19, 5, 10, 0, 16, 9, 4, 18]}, {"capacity": 463, "impossibleCargos": [0, 1, 2, 3, 4, 6, 7, 9, 10, 11], "neighbors": [10, 21, 17, 9, 1, 8, 24, 2, 0]}, {"capacity": 273, "impossibleCargos": [0, 1, 2, 3, 6, 7, 8, 11, 12, 13], "neighbors": [11, 9, 17, 16, 1, 4, 18, 7, 8, 15, 2, 6, 21, 14, 10, 3, 22, 24]}, {"capacity": 278, "impossibleCargos": [3, 6, 7, 9, 10, 11, 12, 14], "neighbors": [21, 1, 2, 6, 3, 20, 0, 5, 13, 7, 22, 17, 8]}, {"capacity": 592, "impossibleCargos": [0, 1, 2, 3, 4, 5, 6, 8, 9, 10, 11, 12, 13, 14], "neighbors": [22, 19, 23, 7, 4, 3, 13, 10, 8, 21, 6]}, {"capacity": 759, "impossibleCargos": [0, 2, 3, 4, 5, 6, 9, 10, 11, 14], "neighbors": [13, 24, 0, 1, 11, 19, 10, 3, 6, 2, 22, 8, 9, 7]}, {"capacity": 412, "impossibleCargos": [0, 1, 3, 6, 7, 9, 10, 11, 12, 14], "neighbors": [10, 13, 4, 12, 7, 19, 3, 20, 6, 14, 22, 24]}, {"capacity": 597, "impossibleCargos": [0, 1, 3, 4, 5, 7, 8, 13, 14], "neighbors": [4, 2, 20, 9, 13, 1, 24, 21, 5, 0, 11]}, {"capacity": 852, "impossibleCargos": [0, 1, 2, 3, 4, 6, 7, 10, 11, 12, 13], "neighbors": [11, 15, 10, 23, 1, 4, 0, 6, 7, 16, 17, 20, 22, 8]}, {"capacity": 914, "impossibleCargos": [1, 2, 3, 4, 5, 8, 9, 10, 11, 13], "neighbors": [10, 18, 7, 9, 23, 3, 14, 19, 17, 21, 4, 2, 0]}, {"capacity": 495, "impossibleCargos": [0, 1, 2, 4, 5, 6, 8, 9, 10, 11, 12, 13, 14], "neighbors": [12, 14, 7, 13, 18, 15, 20, 4, 0]}, {"capacity": 292, "impossibleCargos": [0, 1, 3, 5, 6, 8, 9, 10, 12], "neighbors": [15, 2, 24, 10, 4, 23, 19, 9, 13, 0, 8, 14, 16, 17, 7]}, {"capacity": 931, "impossibleCargos": [0, 1, 2, 3, 4, 5, 6, 7, 8, 10, 12, 13], "neighbors": [6, 7, 15, 24, 19, 20, 10, 8, 22, 4]}, {"capacity": 299, "impossibleCargos": [2, 3, 4, 6, 7, 9, 10, 12, 13, 14], "neighbors": [2, 22, 16, 3, 23, 18, 5, 12, 9, 8, 13, 17]}]}