{"volumes": [1828, 366, 918, 1020, 510, 566, 0, 289, 719, 1193, 2290, 1590, 0, 1709, 860], "conflicts": [[0, 6], [5, 12], [6, 11], [6, 14], [11, 12]], "tanks": [{"capacity": 829, "impossibleCargos": [1, 4, 8, 13, 14], "neighbors": [1, 20, 6, 9, 5, 3, 16, 13, 19, 18, 15, 23, 24, 12, 4, 7, 21, 2]}, {"capacity": 807, "impossibleCargos": [1, 6, 8, 9, 13, 14], "neighbors": [0, 24, 15, 10, 23, 14, 19, 17, 18, 16, 3, 2, 9, 21, 22, 20, 7, 4, 5]}, {"capacity": 403, "impossibleCargos": [2, 3, 4, 8, 12, 13], "neighbors": [8, 5, 16, 11, 13, 19, 24, 7, 10, 3, 4, 15, 6, 1, 23, 20, 12, 0]}, {"capacity": 740, "impossibleCargos": [0, 1, 5, 10, 13, 14], "neighbors": [17, 15, 0, 16, 23, 20, 22, 10, 12, 19, 2, 13, 7, 1, 8, 11, 6, 9, 24, 18, 21]}, {"capacity": 754, "impossibleCargos": [0, 6, 7, 8, 9, 11, 14], "neighbors": [15, 23, 16, 18, 7, 17, 20, 13, 8, 5, 19, 2, 10, 11, 21, 0, 1, 12, 14]}, {"capacity": 351, "impossibleCargos": [0, 2, 3, 6, 12], "neighbors": [18, 2, 14, 16, 12, 10, 0, 20, 21, 15, 4, 7, 9, 17, 6, 24, 19, 11, 1]}, {"capacity": 320, "impossibleCargos": [0, 5, 6, 10, 11, 12, 13], "neighbors": [24, 12, 11, 0, 17, 8, 20, 7, 23, 14, 15, 2, 10, 5, 3, 13, 18]}, {"capacity": 638, "impossibleCargos": [1, 4, 5, 7, 11, 12, 14], "neighbors": [23, 4, 11, 19, 10, 24, 13, 17, 2, 9, 14, 6, 3, 5, 20, 21, 0, 18, 1]}, {"capacity": 826, "impossibleCargos": [0, 1, 6, 8, 9, 11, 14], "neighbors": [2, 9, 14, 22, 15, 10, 6, 11, 20, 4, 21, 12, 13, 3, 18, 17, 19]}, {"capacity": 925, "impossibleCargos": [0, 1, 2, 3, 4, 5, 8, 11, 12, 13], "neighbors": [12, 8, 10, 0, 17, 23, 16, 18, 24, 11, 7, 20, 5, 15, 21, 1, 3, 19]}, {"capacity": 496, "impossibleCargos": [1, 2, 3, 9, 13], "neighbors": [16, 1, 24, 15, 22, 9, 5, 7, 8, 13, 19, 3, 23, 18, 2, 21, 11, 6, 12, 4, 14, 17]}, {"capacity": 962, "impossibleCargos": [0, 3, 4, 8, 12, 13], "neighbors": [19, 6, 7, 14, 2, 16, 8, 15, 22, 9, 10, 4, 3, 12, 24, 5]}, {"capacity": 222, "impossibleCargos": [1, 4, 5, 7, 12, 13, 14], "neighbors": [14, 6, 9, 5, 19, 18, 20, 3, 23, 8, 22, 24, 10, 16, 13, 11, 0, 2, 4]}, {"capacity": 575, "impossibleCargos": [0, 1, 3, 5, 6, 8, 9, 11, 14], "neighbors": [17, 20, 22, 10, 0, 4, 2, 7, 18, 19, 16, 3, 8, 12, 6, 24]}, {"capacity": 252, "impossibleCargos": [0, 1, 2, 4, 5, 6, 7, 8, 10, 11, 12, 14], "neighbors": [12, 20, 5, 8, 11, 21, 1, 18, 15, 7, 6, 10, 24, 17, 19, 4]}, {"capacity": 608, "impossibleCargos": [0, 1, 4, 6, 7, 8], "neighbors": [4, 1, 10, 3, 8, 18, 20, 24, 0, 11, 14, 5, 2, 6, 9, 19, 17, 21]}, {"capacity": 234, "impossibleCargos": [0, 6, 8, 10, 13, 14], "neighbors": [10, 5, 4, 20, 22, 3, 19, 2, 0, 11, 24, 9, 13, 17, 1, 12]}, {"capacity": 239, "impossibleCargos": [1, 3, 4, 6, 8, 13, 14], "neighbors": [3, 13, 6, 4, 9, 1, 18, 24, 7, 21, 16, 5, 10, 15, 14, 8, 22, 23]}, {"capacity": 966, "impossibleCargos": [0, 1, 3, 4, 5, 6, 7, 8, 9, 10, 11], "neighbors": [5, 23, 4, 12, 15, 0, 14, 17, 1, 13, 9, 10, 20, 24, 8, 3, 7, 6, 21]}, {"capacity": 339, "impossibleCargos": [0, 1, 4, 7, 8, 11, 13, 14], "neighbors": [11, 7, 12, 16, 1, 10, 0, 22, 2, 23, 13, 3, 4, 20, 15, 5, 14, 9, 8]}, {"capacity": 785, "impossibleCargos": [1, 3, 6, 7, 8, 9, 12], "neighbors": [14, 13, 0, 16, 5, 3, 4, 15, 24, 6, 12, 18, 9, 8, 21, 7, 19, 22, 2, 1]}, {"capacity": 299, "impossibleCargos": [0, 1, 4, 9, 10, 11, 12], "neighbors": [14, 24, 23, 5, 22, 17, 10, 20, 8, 7, 4, 9, 15, 1, 3, 0, 18]}, {"capacity": 821, "impossibleCargos": [0, 4, 5, 7, 10, 11], "neighbors": [8, 10, 13, 16, 19, 21, 11, 3, 12, 20, 1, 23, 17]}, {"capacity": 910, "impossibleCargos": [3, 4, 7, 8, 12, 13], "neighbors": [7, 4, 18, 1, 24, 3, 21, 9, 10, 19, 12, 6, 0, 2, 22, 17]}, {"capacity": 825, "impossibleCargos": [1, 2, 4, 9, 13], "neighbors": [6, 1, 10, 23, 21, 15, 20, 7, 17, 16, 2, 9, 12, 18, 14, 5, 0, 11, 3, 13]}]}