{"volumes": [2352, 226, 1112, 0, 0, 1561, 0, 979, 1379, 773, 352, 1876, 844, 450, 1675], "conflicts": [[0, 3], [0, 4], [1, 3], [1, 4], [2, 3], [3, 4], [3, 5], [3, 6], [3, 11], [3, 13], [3, 14], [4, 6], [4, 9], [4, 10], [4, 11], [4, 13], [4, 14], [5, 6], [6, 7], [6, 8], [6, 11], [6, 12], [6, 13], [10, 13], [12, 13]], "tanks": [{"capacity": 711, "impossibleCargos": [0, 1, 5, 7, 8, 9, 10, 12, 13, 14], "neighbors": [11, 13, 24, 15, 6, 10, 19, 20, 9, 18, 3, 8, 16, 12, 5, 2, 4, 21]}, {"capacity": 556, "impossibleCargos": [2, 4, 5, 6, 7, 14], "neighbors": [22, 5, 10, 18, 6, 4, 12, 21, 17, 2, 24, 3]}, {"capacity": 651, "impossibleCargos": [0, 1, 2, 3, 4, 8, 9, 10, 12, 13], "neighbors": [14, 19, 22, 16, 23, 5, 20, 11, 15, 6, 7, 18, 17, 10, 1, 8, 24, 13, 0]}, {"capacity": 261, "impossibleCargos": [2, 4, 9, 10, 13, 14], "neighbors": [8, 6, 19, 16, 18, 21, 17, 12, 15, 4, 10, 23, 24, 0, 5, 20, 11, 1]}, {"capacity": 689, "impossibleCargos": [0, 2, 5, 8, 9, 10, 11, 12, 13], "neighbors": [21, 5, 11, 17, 8, 23, 1, 13, 9, 6, 14, 3, 24, 12, 20, 15, 10, 7, 18, 22, 16, 0]}, {"capacity": 300, "impossibleCargos": [3, 5, 8, 11, 14], "neighbors": [20, 4, 18, 1, 2, 10, 6, 22, 8, 21, 7, 19, 14, 15, 23, 24, 9, 3, 0, 12]}, {"capacity": 680, "impossibleCargos": [3, 4, 5, 6, 7, 8, 10, 13], "neighbors": [19, 8, 3, 24, 11, 13, 1, 0, 18, 21, 5, 22, 4, 23, 15, 2, 12, 10, 14, 7, 20, 16]}, {"capacity": 299, "impossibleCargos": [1, 5, 6, 7, 9, 11, 12], "neighbors": [16, 19, 22, 13, 11, 5, 2, 23, 21, 15, 14, 4, 24, 8, 12, 6, 18]}, {"capacity": 753, "impossibleCargos": [0, 4, 8, 9, 10, 12, 13, 14], "neighbors": [6, 22, 3, 23, 4, 12, 5, 24, 11, 16, 21, 0, 13, 7, 14, 2, 19]}, {"capacity": 846, "impossibleCargos": [0, 1, 3, 5, 6, 12], "neighbors": [12, 18, 23, 16, 4, 21, 0, 15, 10, 14, 20, 17, 5, 24]}, {"capacity": 859, "impossibleCargos": [1, 4, 5, 6, 11, 12, 13], "neighbors": [22, 11, 15, 17, 1, 16, 5, 19, 13, 23, 0, 3, 14, 24, 9, 6, 4, 2, 12]}, {"capacity": 377, "impossibleCargos": [0, 1, 3, 4, 5, 7, 8, 9, 12, 13], "neighbors": [0, 10, 22, 4, 19, 16, 17, 24, 6, 2, 15, 7, 8, 23, 12, 3]}, {"capacity": 670, "impossibleCargos": [0, 3, 4, 6, 7, 8, 11, 14], "neighbors": [9, 20, 8, 3, 1, 13, 4, 18, 6, 14, 23, 22, 11, 19, 0, 10, 24, 17, 7, 16, 5]}, {"capacity": 510, "impossibleCargos": [1, 4, 6, 7, 8, 9, 10, 11, 12, 13], "neighbors": [17, 18, 22, 0, 16, 21, 6, 4, 7, 10, 12, 20, 8, 24, 2]}, {"capacity": 875, "impossibleCargos": [2, 3, 4, 5, 6, 8, 9, 11, 14], "neighbors": [19, 22, 2, 21, 16, 4, 24, 17, 10, 5, 18, 12, 9, 7, 20, 8, 23, 6, 15]}, {"capacity": 433, "impossibleCargos": [1, 3, 4, 7, 10, 12], "neighbors": [18, 23, 10, 24, 0, 21, 11, 20, 3, 2, 6, 4, 5, 9, 7, 22, 14]}, {"capacity": 745, "impossibleCargos": [3, 4, 5, 8, 11, 12, 13, 14], "neighbors": [7, 11, 3, 21, 2, 13, 14, 10, 18, 9, 19, 24, 8, 0, 20, 17, 12, 22, 4, 6]}, {"capacity": 865, "impossibleCargos": [4, 7, 11, 12, 14], "neighbors": [13, 23, 11, 4, 10, 22, 19, 3, 14, 1, 2, 9, 16, 12, 18]}, {"capacity": 487, "impossibleCargos": [4, 5, 7, 8, 9, 14], "neighbors": [13, 15, 3, 5, 9, 23, 1, 16, 6, 20, 22, 2, 12, 14, 0, 19, 4, 17, 7]}, {"capacity": 855, "impossibleCargos": [5, 6, 7, 8, 9, 12, 13], "neighbors": [14, 6, 3, 2, 11, 20, 7, 10, 17, 0, 16, 5, 24, 18, 12, 8, 22]}, {"capacity": 280, "impossibleCargos": [0, 1, 3, 4, 5, 7, 9, 10, 11, 13, 14], "neighbors": [5, 12, 19, 2, 18, 15, 23, 0, 4, 9, 16, 21, 13, 14, 3, 24, 6, 22]}, {"capacity": 295, "impossibleCargos": [0, 2, 3, 7, 8, 10], "neighbors": [4, 16, 3, 14, 13, 24, 6, 15, 5, 1, 9, 7, 22, 8, 20, 0]}, {"capacity": 236, "impossibleCargos": [0, 2, 3, 7, 10, 13, 14], "neighbors": [24, 10, 14, 8, 13, 11, 1, 2, 17, 6, 5, 7, 18, 21, 12, 15, 4, 16, 19, 20]}, {"capacity": 841, "impossibleCargos": [2, 8, 11, 12, 14], "neighbors": [17, 15, 18, 8, 9, 2, 4, 6, 10, 20, 7, 11, 3, 5, 24, 12, 14]}, {"capacity": 845, "impossibleCargos": [2, 3, 6, 8, 9, 11, 13], "neighbors": [22, 0, 6, 11, 21, 15, 8, 4, 14, 16, 10, 19, 3, 5, 23, 7, 9, 12, 2, 1, 13, 20]}]}