{"volumes": [1269, 871, 1031, 880, 843, 0, 618, 0, 2123, 0, 823, 1568, 1023, 443, 523], "conflicts": [[0, 5], [0, 7], [0, 9], [1, 5], [1, 9], [1, 14], [2, 5], [2, 7], [2, 9], [2, 14], [3, 5], [3, 7], [3, 9], [4, 5], [4, 6], [4, 7], [4, 9], [5, 6], [5, 7], [5, 8], [5, 9], [5, 10], [5, 11], [5, 12], [5, 13], [5, 14], [6, 7], [6, 9], [6, 13], [7, 8], [7, 9], [7, 10], [7, 11], [7, 13], [7, 14], [8, 9], [9, 10], [9, 11], [9, 12], [9, 13], [9, 14]], "tanks": [{"capacity": 297, "impossibleCargos": [0, 1, 3, 5, 6, 7, 8, 9, 10], "neighbors": [18, 2, 23, 21, 24, 12, 3, 11, 20, 7, 6, 4, 13, 8, 14, 16, 9, 5, 1, 19, 15]}, {"capacity": 426, "impossibleCargos": [0, 2, 4, 7, 9, 10, 13, 14], "neighbors": [24, 19, 21, 8, 14, 18, 15, 13, 11, 12, 9, 23, 7, 0, 17, 4, 22]}, {"capacity": 642, "impossibleCargos": [0, 1, 3, 8, 9, 11, 13], "neighbors": [0, 8, 24, 3, 17, 19, 20, 12, 5, 10, 21, 14, 13, 9, 16, 22, 4, 11, 7]}, {"capacity": 643, "impossibleCargos": [0, 2, 4, 5, 8, 9, 11, 14], "neighbors": [4, 11, 15, 2, 0, 16, 22, 13, 19, 20, 24, 21, 5]}, {"capacity": 608, "impossibleCargos": [4, 10, 12], "neighbors": [24, 3, 6, 13, 18, 10, 19, 20, 21, 11, 0, 22, 8, 14, 5, 2, 1, 17, 7]}, {"capacity": 618, "impossibleCargos": [1, 2, 5, 6, 8, 13, 14], "neighbors": [23, 18, 24, 8, 2, 16, 12, 17, 0, 10, 15, 7, 4, 21, 11, 3, 19, 13]}, {"capacity": 782, "impossibleCargos": [1, 2, 5, 8, 10, 13], "neighbors": [15, 22, 4, 10, 14, 18, 17, 16, 20, 0, 21, 8, 12, 23, 13, 19, 9, 11]}, {"capacity": 448, "impossibleCargos": [0, 3, 5, 7, 8, 9, 12, 14], "neighbors": [20, 17, 0, 21, 16, 1, 22, 15, 9, 5, 14, 23, 18, 10, 4, 24, 2]}, {"capacity": 416, "impossibleCargos": [1, 2, 8, 12], "neighbors": [24, 12, 1, 2, 15, 14, 11, 5, 18, 16, 22, 10, 20, 0, 6, 13, 4, 19, 23, 9]}, {"capacity": 481, "impossibleCargos": [0, 1, 2, 4, 6, 9], "neighbors": [14, 21, 22, 18, 12, 1, 13, 17, 0, 20, 15, 2, 7, 11, 19, 16, 8, 6, 10]}, {"capacity": 873, "impossibleCargos": [0, 14], "neighbors": [6, 17, 24, 21, 4, 19, 2, 8, 13, 20, 5, 18, 15, 7, 14, 9]}, {"capacity": 242, "impossibleCargos": [1, 3, 5, 6, 7, 10, 12], "neighbors": [3, 21, 15, 8, 0, 23, 1, 4, 18, 9, 13, 2, 5, 6, 17, 14]}, {"capacity": 451, "impossibleCargos": [0, 4, 5, 7, 8, 9, 12, 13, 14], "neighbors": [19, 8, 18, 0, 24, 2, 14, 9, 1, 23, 20, 17, 5, 16, 6, 22]}, {"capacity": 503, "impossibleCargos": [1, 3, 5, 6, 8, 9], "neighbors": [15, 4, 19, 16, 1, 14, 3, 0, 9, 18, 8, 20, 10, 2, 11, 22, 6, 17, 5]}, {"capacity": 475, "impossibleCargos": [0, 1, 2, 5, 8, 11, 12], "neighbors": [9, 8, 6, 1, 19, 12, 16, 13, 0, 2, 18, 21, 4, 7, 11, 10]}, {"capacity": 550, "impossibleCargos": [0, 5, 6, 7, 8, 10, 11], "neighbors": [6, 13, 8, 3, 11, 1, 23, 20, 22, 7, 17, 24, 9, 5, 19, 10, 16, 0]}, {"capacity": 955, "impossibleCargos": [4, 11, 12, 13], "neighbors": [18, 21, 13, 3, 6, 14, 8, 20, 5, 7, 0, 23, 24, 17, 19, 22, 2, 12, 15, 9]}, {"capacity": 814, "impossibleCargos": [1, 2, 4, 9, 11, 12, 13, 14], "neighbors": [24, 18, 10, 23, 2, 6, 7, 21, 9, 15, 12, 22, 5, 16, 19, 1, 4, 13, 11]}, {"capacity": 232, "impossibleCargos": [2, 3, 7, 10, 12, 13, 14], "neighbors": [0, 23, 24, 16, 17, 5, 12, 4, 9, 1, 8, 22, 6, 11, 13, 21, 14, 20, 19, 10, 7]}, {"capacity": 420, "impossibleCargos": [5, 6, 7, 10, 11, 13, 14], "neighbors": [12, 1, 13, 4, 21, 2, 10, 14, 20, 23, 3, 8, 16, 15, 18, 17, 22, 9, 0, 6, 24, 5]}, {"capacity": 450, "impossibleCargos": [3, 7, 9, 10, 11, 12, 13, 14], "neighbors": [2, 7, 19, 6, 0, 23, 4, 16, 15, 8, 12, 13, 9, 10, 18, 3, 24, 21]}, {"capacity": 890, "impossibleCargos": [0, 2, 3, 4, 5, 10, 12, 13, 14], "neighbors": [1, 9, 0, 11, 10, 16, 19, 17, 4, 7, 24, 2, 6, 18, 14, 22, 5, 20, 3]}, {"capacity": 232, "impossibleCargos": [2, 5, 6, 9, 11], "neighbors": [6, 9, 24, 18, 3, 8, 4, 15, 7, 17, 16, 2, 21, 13, 19, 12, 1]}, {"capacity": 268, "impossibleCargos": [1, 2, 10, 11, 13], "neighbors": [0, 18, 5, 17, 15, 11, 20, 12, 1, 19, 16, 8, 6, 7]}, {"capacity": 355, "impossibleCargos": [1, 3, 6, 7, 8, 9], "neighbors": [1, 4, 8, 18, 17, 0, 10, 2, 5, 22, 12, 21, 16, 15, 20, 3, 19, 7]}]}