{"volumes": [1418, 376, 1123, 661, 584, 2220, 340, 2013, 925, 0, 0, 939, 448, 1238, 1243], "conflicts": [[1, 12], [4, 10], [9, 10]], "tanks": [{"capacity": 593, "impossibleCargos": [1, 3, 4, 6, 7, 8, 9, 11, 14], "neighbors": [8, 6, 11, 3, 23, 9, 10, 22, 15, 20, 2, 16, 21, 19, 14, 7, 12, 17]}, {"capacity": 348, "impossibleCargos": [1, 3, 4, 5, 7, 8, 9, 10, 11, 13, 14], "neighbors": [9, 13, 24, 12, 18, 16, 8, 19, 2, 15, 5, 23, 6, 17, 10, 14, 7]}, {"capacity": 875, "impossibleCargos": [1, 2, 3, 4, 6, 7, 8, 9, 10, 12, 13], "neighbors": [22, 23, 7, 24, 16, 11, 5, 13, 12, 1, 0, 6, 20, 3, 19, 9, 4, 18, 17, 21]}, {"capacity": 990, "impossibleCargos": [0, 3, 4, 5, 6, 7, 9, 10, 13, 14], "neighbors": [4, 7, 14, 23, 0, 21, 9, 10, 5, 18, 11, 2, 13, 6, 24]}, {"capacity": 424, "impossibleCargos": [0, 3, 4, 6, 9, 11, 12, 13, 14], "neighbors": [23, 18, 3, 15, 5, 14, 19, 11, 20, 13, 9, 22, 17, 21, 7, 2]}, {"capacity": 274, "impossibleCargos": [0, 1, 2, 3, 4, 5, 7, 8, 9, 10, 11, 12, 13], "neighbors": [11, 19, 20, 22, 17, 4, 24, 2, 8, 10, 15, 6, 18, 3, 9, 1, 16, 14, 12, 13]}, {"capacity": 975, "impossibleCargos": [0, 1, 2, 3, 5, 6, 7, 9, 11, 12, 14], "neighbors": [22, 10, 0, 7, 17, 20, 8, 19, 5, 14, 18, 2, 13, 9, 1, 15, 23, 3]}, {"capacity": 749, "impossibleCargos": [0, 3, 6, 8, 9, 10, 11, 12, 13], "neighbors": [13, 3, 6, 10, 2, 24, 21, 15, 18, 19, 14, 23, 11, 4, 9, 22, 0, 1]}, {"capacity": 225, "impossibleCargos": [0, 1, 4, 5, 6, 8, 9, 10, 11, 12, 13, 14], "neighbors": [11, 0, 10, 12, 6, 9, 5, 1, 17, 21, 13, 22, 19]}, {"capacity": 398, "impossibleCargos": [2, 3, 5, 6, 7, 8, 9, 10, 12, 13, 14], "neighbors": [23, 16, 12, 1, 22, 15, 13, 8, 24, 14, 0, 10, 18, 3, 6, 5, 4, 20, 7, 2, 19]}, {"capacity": 598, "impossibleCargos": [0, 1, 3, 4, 6, 7, 8, 11, 12, 13, 14], "neighbors": [19, 8, 6, 17, 12, 7, 16, 9, 5, 0, 3, 11, 21, 13, 22, 24, 20, 1]}, {"capacity": 487, "impossibleCargos": [0, 1, 3, 4, 6, 7, 8, 10, 11, 13, 14], "neighbors": [8, 14, 5, 17, 13, 23, 0, 2, 18, 19, 4, 24, 10, 3, 21, 15, 7, 22, 20, 12]}, {"capacity": 203, "impossibleCargos": [0, 1, 2, 4, 5, 8, 9, 10, 11], "neighbors": [9, 16, 14, 8, 22, 10, 19, 1, 20, 21, 2, 13, 18, 15, 23, 0, 5, 11]}, {"capacity": 885, "impossibleCargos": [0, 1, 2, 3, 5, 6, 7, 8, 9, 10, 11, 12, 14], "neighbors": [7, 1, 11, 9, 15, 2, 4, 20, 8, 17, 12, 16, 10, 6, 24, 23, 3, 21, 5, 18]}, {"capacity": 543, "impossibleCargos": [0, 1, 2, 4, 6, 7, 8, 9, 10, 11, 12, 13, 14], "neighbors": [11, 12, 21, 15, 3, 16, 4, 23, 20, 9, 22, 19, 6, 18, 7, 0, 5, 1, 17]}, {"capacity": 638, "impossibleCargos": [0, 1, 2, 7, 8, 9, 10, 11, 12, 13], "neighbors": [4, 14, 9, 13, 7, 5, 0, 1, 12, 19, 21, 23, 11, 16, 6, 22]}, {"capacity": 668, "impossibleCargos": [0, 4, 5, 6, 8, 9, 10, 11, 12, 13, 14], "neighbors": [9, 24, 12, 19, 23, 14, 10, 2, 1, 0, 13, 22, 5, 15, 18]}, {"capacity": 360, "impossibleCargos": [1, 2, 3, 4, 5, 6, 7, 8, 10, 11, 14], "neighbors": [21, 11, 18, 24, 5, 10, 6, 23, 8, 13, 19, 1, 4, 14, 0, 2]}, {"capacity": 420, "impossibleCargos": [0, 1, 2, 3, 6, 7, 8, 10, 12, 13, 14], "neighbors": [4, 17, 1, 11, 9, 22, 23, 5, 20, 6, 12, 3, 7, 14, 16, 24, 2, 13]}, {"capacity": 994, "impossibleCargos": [0, 1, 2, 3, 4, 5, 7, 9, 10, 13, 14], "neighbors": [10, 5, 16, 12, 20, 22, 21, 24, 4, 11, 6, 1, 14, 23, 15, 7, 17, 0, 2, 8, 9]}, {"capacity": 503, "impossibleCargos": [1, 2, 3, 4, 5, 6, 8, 12, 13, 14], "neighbors": [5, 19, 6, 14, 22, 12, 4, 13, 0, 18, 2, 23, 9, 10, 24, 11, 21]}, {"capacity": 641, "impossibleCargos": [0, 1, 3, 4, 5, 6, 8, 10, 11, 13, 14], "neighbors": [17, 23, 14, 7, 3, 19, 12, 8, 10, 15, 11, 0, 4, 20, 13, 22, 24, 2]}, {"capacity": 552, "impossibleCargos": [1, 2, 3, 4, 9, 11, 12, 14], "neighbors": [6, 5, 9, 2, 12, 20, 23, 19, 14, 18, 0, 8, 10, 16, 4, 11, 24, 7, 15, 21]}, {"capacity": 811, "impossibleCargos": [0, 1, 2, 3, 4, 5, 6, 9, 10, 11, 12, 13], "neighbors": [9, 4, 21, 24, 11, 3, 16, 2, 14, 0, 22, 17, 18, 19, 15, 1, 20, 13, 7, 6, 12]}, {"capacity": 420, "impossibleCargos": [1, 2, 3, 4, 5, 6, 7, 9, 10, 11, 12, 13], "neighbors": [16, 23, 17, 1, 5, 2, 7, 9, 19, 11, 13, 10, 20, 18, 22, 3, 21]}]}