{"volumes": [0, 0, 0, 418, 0, 903, 174, 1533, 110, 531, 485, 666, 0, 1555, 1148], "conflicts": [[0, 1], [0, 2], [0, 4], [0, 5], [0, 6], [0, 12], [0, 13], [0, 14], [1, 3], [1, 4], [1, 6], [1, 8], [1, 9], [1, 12], [1, 14], [2, 3], [2, 5], [2, 6], [2, 7], [2, 9], [2, 11], [2, 12], [2, 13], [2, 14], [3, 5], [3, 6], [3, 12], [3, 13], [4, 5], [4, 6], [4, 7], [4, 8], [4, 9], [4, 11], [4, 12], [4, 13], [6, 8], [6, 10], [6, 12], [6, 14], [8, 10], [8, 12], [11, 12], [12, 13]], "tanks": [{"capacity": 477, "impossibleCargos": [1, 2, 9, 10, 12], "neighbors": [17, 24, 10, 19, 6, 9]}, {"capacity": 513, "impossibleCargos": [12], "neighbors": [3, 18, 9, 24, 7, 8, 11, 12]}, {"capacity": 337, "impossibleCargos": [1, 4], "neighbors": [18, 6, 5, 23, 8]}, {"capacity": 688, "impossibleCargos": [0, 11], "neighbors": [1, 6, 18, 24, 7, 16, 10]}, {"capacity": 216, "impossibleCargos": [4], "neighbors": [18, 8, 13]}, {"capacity": 228, "impossibleCargos": [], "neighbors": [7, 2, 6, 10, 12, 22, 23]}, {"capacity": 205, "impossibleCargos": [4, 14], "neighbors": [22, 2, 5, 3, 18, 21, 24, 0, 14]}, {"capacity": 369, "impossibleCargos": [6], "neighbors": [14, 5, 9, 1, 18, 3]}, {"capacity": 446, "impossibleCargos": [4, 7], "neighbors": [21, 4, 2, 1, 10, 19, 22, 9]}, {"capacity": 581, "impossibleCargos": [1, 2, 6, 8, 14], "neighbors": [15, 24, 7, 1, 14, 0, 17, 8]}, {"capacity": 210, "impossibleCargos": [2, 3], "neighbors": [19, 12, 24, 0, 5, 15, 16, 8, 3, 18]}, {"capacity": 433, "impossibleCargos": [8, 14], "neighbors": [18, 1, 19, 23]}, {"capacity": 605, "impossibleCargos": [], "neighbors": [15, 10, 20, 22, 5, 1]}, {"capacity": 257, "impossibleCargos": [7], "neighbors": [23, 22, 4]}, {"capacity": 932, "impossibleCargos": [3, 4, 8, 10, 11, 12, 13], "neighbors": [7, 20, 9, 6, 18]}, {"capacity": 280, "impossibleCargos": [5], "neighbors": [12, 9, 21, 20, 10, 19, 18]}, {"capacity": 281, "impossibleCargos": [3, 12], "neighbors": [10, 3]}, {"capacity": 289, "impossibleCargos": [4, 7, 10, 11], "neighbors": [0, 18, 9]}, {"capacity": 394, "impossibleCargos": [0, 1, 6, 7], "neighbors": [4, 1, 2, 11, 17, 6, 3, 7, 15, 14, 10]}, {"capacity": 494, "impossibleCargos": [4, 5, 8, 10, 11, 12], "neighbors": [10, 11, 15, 0, 8]}, {"capacity": 527, "impossibleCargos": [3, 4, 6], "neighbors": [23, 24, 14, 12, 15]}, {"capacity": 413, "impossibleCargos": [11], "neighbors": [15, 8, 6]}, {"capacity": 419, "impossibleCargos": [2, 4, 8, 12, 14], "neighbors": [6, 13, 12, 23, 5, 8]}, {"capacity": 436, "impossibleCargos": [1, 6, 11, 14], "neighbors": [20, 13, 2, 22, 11, 5]}, {"capacity": 621, "impossibleCargos": [7, 9], "neighbors": [0, 20, 9, 10, 1, 6, 3]}]}