{"volumes": [381, 0, 0, 782, 1596, 0, 203, 1242, 1127, 1009, 1054, 1594, 203, 446, 240], "conflicts": [[0, 1], [0, 3], [0, 5], [0, 6], [0, 8], [0, 9], [0, 10], [0, 12], [1, 2], [1, 3], [1, 5], [1, 6], [1, 7], [1, 8], [1, 9], [1, 10], [1, 11], [1, 12], [1, 13], [1, 14], [2, 3], [2, 5], [2, 7], [2, 8], [2, 9], [2, 12], [2, 13], [2, 14], [3, 5], [3, 6], [3, 10], [3, 13], [4, 5], [5, 6], [5, 7], [5, 8], [5, 9], [5, 10], [5, 11], [5, 12], [5, 13], [6, 7], [6, 10], [8, 10], [8, 13], [8, 14], [9, 11], [9, 13], [9, 14], [10, 12], [10, 14], [11, 13], [12, 14], [13, 14]], "tanks": [{"capacity": 936, "impossibleCargos": [6], "neighbors": [8, 19, 3, 23, 2, 6]}, {"capacity": 490, "impossibleCargos": [0, 11, 14], "neighbors": [9, 13, 15, 4]}, {"capacity": 718, "impossibleCargos": [3, 5, 8, 11], "neighbors": [18, 10, 9, 17, 0]}, {"capacity": 546, "impossibleCargos": [0, 2, 4, 6, 7, 10, 11, 12], "neighbors": [20, 0, 7, 16, 14, 4, 13]}, {"capacity": 232, "impossibleCargos": [7, 11], "neighbors": [18, 8, 17, 3, 1, 7, 15]}, {"capacity": 750, "impossibleCargos": [3, 4, 6], "neighbors": [6, 23, 22, 16]}, {"capacity": 812, "impossibleCargos": [10, 11, 12], "neighbors": [7, 24, 5, 21, 18, 12, 13, 0]}, {"capacity": 263, "impossibleCargos": [1, 2, 7, 8, 13, 14], "neighbors": [6, 11, 17, 3, 16, 4]}, {"capacity": 745, "impossibleCargos": [4, 5, 6, 7, 13], "neighbors": [0, 13, 23, 4]}, {"capacity": 987, "impossibleCargos": [1, 2, 6, 7, 13, 14], "neighbors": [1, 11, 10, 21, 2]}, {"capacity": 255, "impossibleCargos": [0, 1, 3, 13, 14], "neighbors": [14, 9, 16, 24, 12, 20, 2]}, {"capacity": 772, "impossibleCargos": [0, 10, 11], "neighbors": [9, 20, 7, 14, 24]}, {"capacity": 313, "impossibleCargos": [1, 3, 5, 7, 9, 11], "neighbors": [6, 10]}, {"capacity": 717, "impossibleCargos": [0, 2, 7, 9, 10], "neighbors": [17, 16, 8, 20, 23, 1, 6, 19, 3, 14]}, {"capacity": 896, "impossibleCargos": [1, 6], "neighbors": [10, 11, 3, 13]}, {"capacity": 310, "impossibleCargos": [0, 1, 3, 4, 5, 7], "neighbors": [16, 19, 18, 1, 21, 4]}, {"capacity": 384, "impossibleCargos": [1, 6, 8, 13], "neighbors": [23, 19, 17, 18, 13, 15, 10, 3, 7, 24, 5]}, {"capacity": 895, "impossibleCargos": [0, 13], "neighbors": [16, 13, 7, 4, 2, 22, 23]}, {"capacity": 356, "impossibleCargos": [2, 4, 6, 8, 9, 12], "neighbors": [2, 16, 21, 6, 15, 4, 23, 22]}, {"capacity": 401, "impossibleCargos": [1, 2, 3, 6, 7, 12], "neighbors": [16, 15, 0, 23, 20, 13]}, {"capacity": 665, "impossibleCargos": [1, 13, 14], "neighbors": [3, 13, 19, 11, 10]}, {"capacity": 774, "impossibleCargos": [4, 6, 9, 14], "neighbors": [18, 6, 9, 23, 15]}, {"capacity": 401, "impossibleCargos": [0, 2, 11, 13], "neighbors": [24, 5, 18, 17]}, {"capacity": 759, "impossibleCargos": [0, 4, 5, 11], "neighbors": [16, 13, 19, 8, 0, 5, 18, 21, 17]}, {"capacity": 468, "impossibleCargos": [0, 2], "neighbors": [6, 22, 10, 11, 16]}]}