{"volumes": [0, 0, 1453, 551, 1117, 0, 985, 2128, 537, 727, 433, 0, 0, 1197, 2018], "conflicts": [[0, 1], [0, 6], [1, 14], [2, 11], [3, 6], [3, 12], [4, 6], [4, 11], [5, 9], [10, 11], [10, 13], [10, 14]], "tanks": [{"capacity": 713, "impossibleCargos": [0, 1, 6, 8, 9, 10, 13], "neighbors": [4, 7, 1, 20, 23, 5]}, {"capacity": 397, "impossibleCargos": [2, 3, 5, 7, 10, 11, 12], "neighbors": [8, 15, 9, 0, 13, 3, 4, 24, 10]}, {"capacity": 820, "impossibleCargos": [0, 2, 5, 6, 10, 11, 12, 13, 14], "neighbors": [19, 14, 7, 6, 15, 4, 22, 9]}, {"capacity": 582, "impossibleCargos": [0, 1, 7, 9, 13, 14], "neighbors": [14, 17, 1]}, {"capacity": 552, "impossibleCargos": [0, 3, 7, 8, 11, 12, 13], "neighbors": [0, 18, 2, 1, 22, 12, 9, 19]}, {"capacity": 981, "impossibleCargos": [2, 3, 4, 5, 6, 9, 10, 11], "neighbors": [14, 23, 17, 20, 15, 0]}, {"capacity": 849, "impossibleCargos": [1, 3, 5, 7, 9, 10, 12, 14], "neighbors": [10, 19, 22, 2, 9, 18]}, {"capacity": 880, "impossibleCargos": [0, 2, 4, 8, 11], "neighbors": [0, 2, 9, 24]}, {"capacity": 229, "impossibleCargos": [0, 3, 4, 5, 6, 7, 10, 12, 13, 14], "neighbors": [1, 10, 24]}, {"capacity": 421, "impossibleCargos": [1, 2, 5, 7, 9, 12, 13], "neighbors": [1, 10, 7, 15, 6, 13, 4, 14, 2, 17]}, {"capacity": 355, "impossibleCargos": [0, 4, 5, 6, 8, 11, 14], "neighbors": [6, 21, 9, 14, 22, 17, 8, 1]}, {"capacity": 282, "impossibleCargos": [1, 5, 9, 10, 12], "neighbors": [13, 21, 15, 19]}, {"capacity": 646, "impossibleCargos": [1, 2, 7, 12, 14], "neighbors": [13, 4, 17]}, {"capacity": 909, "impossibleCargos": [9, 10, 12], "neighbors": [20, 11, 1, 12, 9, 21]}, {"capacity": 470, "impossibleCargos": [0, 2, 6, 7, 10, 11, 12], "neighbors": [17, 19, 5, 2, 3, 10, 16, 9]}, {"capacity": 670, "impossibleCargos": [0, 1, 2, 3, 4, 5, 6, 7, 8, 11], "neighbors": [1, 2, 9, 11, 23, 5]}, {"capacity": 970, "impossibleCargos": [0, 1, 2, 3, 6, 8, 9, 10, 13, 14], "neighbors": [19, 14, 18, 24, 22, 17]}, {"capacity": 745, "impossibleCargos": [1, 2, 6, 9, 11, 14], "neighbors": [23, 14, 3, 10, 5, 12, 9, 16]}, {"capacity": 365, "impossibleCargos": [1, 2, 6, 9], "neighbors": [4, 6, 16, 22, 24]}, {"capacity": 240, "impossibleCargos": [0, 1, 2, 4, 7, 10, 11, 12, 14], "neighbors": [2, 6, 22, 14, 16, 23, 11, 4]}, {"capacity": 608, "impossibleCargos": [0, 5, 7, 8, 9, 11, 13], "neighbors": [13, 5, 0]}, {"capacity": 408, "impossibleCargos": [0, 1, 3, 4, 5, 6, 8], "neighbors": [10, 24, 11, 13]}, {"capacity": 716, "impossibleCargos": [0, 4, 5, 7, 11, 14], "neighbors": [19, 6, 10, 4, 2, 18, 16]}, {"capacity": 975, "impossibleCargos": [1, 2, 5, 6, 9, 11, 13, 14], "neighbors": [17, 19, 5, 15, 0]}, {"capacity": 494, "impossibleCargos": [0, 2, 8, 10, 11, 12, 14], "neighbors": [21, 16, 1, 18, 7, 8]}]}