{"volumes": [791, 438, 424, 531, 1023, 426, 609, 595, 427, 1450, 368, 344, 264, 1456, 464], "conflicts": [[0, 2], [0, 6], [0, 8], [0, 9], [0, 14], [1, 10], [1, 11], [2, 5], [2, 8], [2, 10], [2, 12], [2, 13], [2, 14], [3, 11], [5, 13], [6, 10], [6, 12], [7, 14], [11, 12]], "tanks": [{"capacity": 762, "impossibleCargos": [2, 4, 5, 13, 14], "neighbors": [3, 11, 1, 16, 5, 13, 19]}, {"capacity": 375, "impossibleCargos": [1, 2, 3, 4, 6, 9, 10, 11], "neighbors": [0, 14, 11, 9, 13]}, {"capacity": 229, "impossibleCargos": [1, 2, 3, 8, 9, 10, 12], "neighbors": []}, {"capacity": 719, "impossibleCargos": [0, 6, 7, 9, 11, 12, 14], "neighbors": [11, 0, 7, 21, 13, 6, 18, 10, 23]}, {"capacity": 458, "impossibleCargos": [1, 2, 3, 5, 7, 9, 11, 12, 13, 14], "neighbors": [23, 9, 6, 22, 15, 19, 11]}, {"capacity": 695, "impossibleCargos": [1, 4, 5, 8, 9], "neighbors": [7, 11, 24, 12, 10, 0, 22, 20]}, {"capacity": 549, "impossibleCargos": [0, 1, 2, 6, 8, 11, 12, 14], "neighbors": [16, 24, 21, 4, 3, 12, 7, 22]}, {"capacity": 619, "impossibleCargos": [0, 3, 4, 7, 11, 12], "neighbors": [5, 12, 13, 3, 22, 8, 17, 6]}, {"capacity": 315, "impossibleCargos": [5, 6, 7, 8, 9, 14], "neighbors": [14, 23, 7, 19, 16]}, {"capacity": 446, "impossibleCargos": [0, 1, 2, 6, 8, 10, 11, 12, 14], "neighbors": [24, 16, 4, 21, 1, 18]}, {"capacity": 454, "impossibleCargos": [0, 3, 6, 8, 9, 13], "neighbors": [5, 20, 3, 16]}, {"capacity": 700, "impossibleCargos": [0, 2, 4, 6, 11, 12], "neighbors": [3, 0, 21, 5, 4, 22, 1]}, {"capacity": 401, "impossibleCargos": [0, 1, 2, 5, 7, 8, 9, 10, 11, 12, 13], "neighbors": [7, 17, 5, 14, 6]}, {"capacity": 412, "impossibleCargos": [0, 1, 2, 3, 5, 9, 10], "neighbors": [16, 7, 15, 3, 0, 18, 1]}, {"capacity": 763, "impossibleCargos": [2, 3, 5, 6, 7, 9, 10, 11], "neighbors": [12, 8, 1]}, {"capacity": 706, "impossibleCargos": [2, 3, 4, 10, 12, 14], "neighbors": [13, 23, 4, 22]}, {"capacity": 776, "impossibleCargos": [1, 2, 6, 10, 12], "neighbors": [6, 21, 13, 9, 0, 24, 8, 10]}, {"capacity": 861, "impossibleCargos": [0, 2, 4, 5, 6, 7, 11], "neighbors": [12, 22, 20, 7]}, {"capacity": 902, "impossibleCargos": [2, 3, 7, 8, 9, 11, 13, 14], "neighbors": [19, 3, 13, 20, 9]}, {"capacity": 296, "impossibleCargos": [0, 3, 4, 5, 6, 8, 9, 10, 12], "neighbors": [18, 21, 4, 0, 8]}, {"capacity": 620, "impossibleCargos": [1, 2, 4, 6, 7, 9, 12, 13, 14], "neighbors": [10, 17, 22, 18, 5]}, {"capacity": 435, "impossibleCargos": [1, 2, 3, 4, 5, 6, 9, 11, 12, 13], "neighbors": [16, 22, 6, 11, 3, 19, 24, 9]}, {"capacity": 248, "impossibleCargos": [0, 1, 3, 4, 5, 6, 9, 10, 11, 12, 14], "neighbors": [21, 24, 7, 4, 17, 15, 11, 20, 5, 6, 23]}, {"capacity": 674, "impossibleCargos": [1, 2, 3, 5, 7, 8, 9, 10, 11], "neighbors": [4, 15, 8, 3, 22]}, {"capacity": 277, "impossibleCargos": [0, 4, 5, 6, 10, 12, 14], "neighbors": [9, 6, 22, 5, 16, 21]}]}