{"volumes": [1389, 2233, 368, 302, 1233, 0, 1365, 0, 480, 427, 555, 0, 0, 1464, 689], "conflicts": [[0, 12], [0, 13], [2, 5], [2, 11], [2, 14], [3, 4], [4, 12], [5, 6], [5, 7], [5, 9], [6, 11], [6, 14], [7, 8], [9, 11], [10, 12], [11, 12], [12, 14]], "tanks": [{"capacity": 744, "impossibleCargos": [0, 2, 6, 7, 9, 10, 14], "neighbors": [4, 9, 12, 14, 8, 21]}, {"capacity": 680, "impossibleCargos": [0, 1, 2, 3, 5, 7, 10, 11, 12, 13, 14], "neighbors": [11, 7, 13, 14, 20, 9, 18, 10]}, {"capacity": 698, "impossibleCargos": [0, 2, 3, 4, 5, 6, 7, 8, 9, 10, 12, 13], "neighbors": [7, 5, 19, 15]}, {"capacity": 757, "impossibleCargos": [3, 5, 6, 8, 9, 10, 12, 13], "neighbors": [14, 23, 19, 8, 5]}, {"capacity": 221, "impossibleCargos": [0, 3, 5, 8, 9, 11, 14], "neighbors": [0, 18, 15, 14]}, {"capacity": 744, "impossibleCargos": [0, 2, 3, 5, 6, 9, 10, 11, 13], "neighbors": [15, 18, 6, 2, 16, 20, 3, 23]}, {"capacity": 267, "impossibleCargos": [0, 1, 3, 4, 5, 6, 9, 10, 11, 12, 13], "neighbors": [17, 15, 5, 21, 9, 22, 18, 24, 20, 19]}, {"capacity": 467, "impossibleCargos": [1, 2, 4, 6, 7, 8, 10, 12, 13, 14], "neighbors": [2, 1, 18, 16, 23]}, {"capacity": 688, "impossibleCargos": [0, 3, 4, 6, 7, 8, 10, 12], "neighbors": [10, 24, 18, 20, 3, 0]}, {"capacity": 952, "impossibleCargos": [0, 1, 2, 3, 5, 7, 10, 12], "neighbors": [22, 0, 23, 16, 1, 6]}, {"capacity": 478, "impossibleCargos": [2, 4, 5, 7, 8, 9, 10, 11, 12], "neighbors": [18, 8, 23, 20, 12, 24, 1]}, {"capacity": 813, "impossibleCargos": [0, 1, 2, 3, 5, 6, 7, 8, 10, 11, 12, 13, 14], "neighbors": [1, 13, 16, 23, 21]}, {"capacity": 723, "impossibleCargos": [0, 1, 2, 3, 4, 7, 9, 10, 12, 13], "neighbors": [20, 0, 15, 10]}, {"capacity": 286, "impossibleCargos": [0, 1, 5, 7, 8, 11, 12, 13], "neighbors": [11, 1, 19]}, {"capacity": 990, "impossibleCargos": [0, 1, 2, 3, 4, 6, 7, 8, 9, 11, 12, 13, 14], "neighbors": [18, 3, 4, 1, 24, 0, 15]}, {"capacity": 927, "impossibleCargos": [1, 2, 4, 5, 6, 8, 9, 10, 12, 13, 14], "neighbors": [5, 6, 4, 23, 12, 2, 14]}, {"capacity": 470, "impossibleCargos": [0, 3, 4, 5, 6, 9, 14], "neighbors": [11, 9, 7, 5]}, {"capacity": 361, "impossibleCargos": [4, 5, 6, 8, 9, 10, 11, 12, 13, 14], "neighbors": [6, 22, 20]}, {"capacity": 673, "impossibleCargos": [0, 2, 3, 5, 6, 7, 8, 10, 11, 12, 13, 14], "neighbors": [10, 14, 4, 5, 8, 7, 1, 24, 6, 20]}, {"capacity": 559, "impossibleCargos": [0, 1, 2, 3, 5, 6, 7, 8, 9, 11, 13, 14], "neighbors": [2, 3, 6, 13]}, {"capacity": 719, "impossibleCargos": [0, 1, 4, 5, 7, 8, 10, 12, 14], "neighbors": [23, 12, 22, 17, 1, 24, 10, 8, 21, 5, 6, 18]}, {"capacity": 720, "impossibleCargos": [0, 2, 3, 4, 5, 6, 7, 8, 10, 11, 12, 13, 14], "neighbors": [6, 20, 11, 0]}, {"capacity": 202, "impossibleCargos": [1, 2, 3, 4, 6, 7, 9, 10, 11, 12, 14], "neighbors": [9, 17, 20, 6]}, {"capacity": 876, "impossibleCargos": [0, 2, 3, 4, 5, 6, 8, 9, 11, 12, 13], "neighbors": [20, 9, 15, 3, 10, 11, 5, 7]}, {"capacity": 455, "impossibleCargos": [0, 1, 3, 5, 7, 9, 10, 11, 14], "neighbors": [8, 14, 18, 20, 10, 6]}]}