{"volumes": [1698, 0, 667, 703, 650, 2669, 0, 575, 769, 257, 401, 1101, 474, 659, 0], "conflicts": [[0, 2], [1, 6], [1, 11], [3, 4], [3, 9], [7, 12], [8, 10], [10, 12], [10, 13], [11, 14]], "tanks": [{"capacity": 846, "impossibleCargos": [0, 3, 4, 7, 8, 9, 11, 13, 14], "neighbors": [14, 21, 19, 8, 10, 2, 22]}, {"capacity": 336, "impossibleCargos": [1, 2, 4, 5, 6, 7, 8, 9, 10, 11, 13, 14], "neighbors": [12, 15, 8, 19, 24, 13]}, {"capacity": 355, "impossibleCargos": [1, 2, 3, 4, 5, 6, 7, 9, 10, 14], "neighbors": [4, 24, 13, 7, 9, 0]}, {"capacity": 467, "impossibleCargos": [0, 2, 3, 4, 6, 7, 9, 10, 11, 12, 14], "neighbors": [17, 13, 21, 4, 8, 9]}, {"capacity": 650, "impossibleCargos": [1, 2, 8, 9, 10, 11, 12, 13, 14], "neighbors": [24, 23, 2, 21, 3, 6]}, {"capacity": 334, "impossibleCargos": [0, 1, 2, 3, 4, 5, 6, 8, 9, 12], "neighbors": [10, 15, 11, 22, 17, 16, 23]}, {"capacity": 970, "impossibleCargos": [1, 2, 3, 4, 7, 8, 9, 10, 11, 12, 14], "neighbors": [11, 4, 18]}, {"capacity": 900, "impossibleCargos": [0, 1, 2, 3, 4, 5, 6, 7, 9, 10, 13, 14], "neighbors": [12, 13, 8, 15, 2, 23, 14, 18]}, {"capacity": 547, "impossibleCargos": [1, 3, 5, 6, 7, 8, 11, 12, 14], "neighbors": [7, 1, 21, 0, 22, 3]}, {"capacity": 564, "impossibleCargos": [0, 2, 3, 6, 7, 8, 9, 10, 11, 12], "neighbors": [14, 24, 15, 2, 3, 21, 16]}, {"capacity": 441, "impossibleCargos": [0, 3, 4, 5, 7, 9, 10, 11, 12, 13, 14], "neighbors": [5, 0, 19, 21]}, {"capacity": 305, "impossibleCargos": [1, 2, 3, 4, 6, 7, 10, 11, 12, 13], "neighbors": [6, 5, 12, 24, 21]}, {"capacity": 750, "impossibleCargos": [0, 1, 2, 3, 4, 6, 7, 8, 9, 11, 12, 14], "neighbors": [1, 7, 18, 17, 19, 13, 11]}, {"capacity": 595, "impossibleCargos": [1, 2, 3, 6, 9, 10, 11, 13], "neighbors": [7, 24, 3, 23, 12, 21, 2, 1]}, {"capacity": 568, "impossibleCargos": [1, 2, 3, 6, 8, 9, 10, 11], "neighbors": [9, 0, 15, 7]}, {"capacity": 899, "impossibleCargos": [0, 1, 2, 3, 4, 5, 6, 8, 9, 10, 11, 13, 14], "neighbors": [1, 5, 14, 19, 9, 18, 7, 24, 20]}, {"capacity": 965, "impossibleCargos": [1, 3, 5, 7, 8, 9, 10, 13, 14], "neighbors": [22, 19, 5, 9]}, {"capacity": 749, "impossibleCargos": [0, 1, 2, 4, 5, 6, 7, 8, 11, 13, 14], "neighbors": [19, 3, 12, 5, 20]}, {"capacity": 790, "impossibleCargos": [0, 1, 4, 5, 6, 7, 8, 9, 10, 13, 14], "neighbors": [12, 15, 6, 7]}, {"capacity": 745, "impossibleCargos": [1, 2, 3, 5, 7, 8, 9, 10, 11, 12, 13, 14], "neighbors": [17, 0, 12, 15, 22, 1, 16, 10]}, {"capacity": 447, "impossibleCargos": [1, 3, 4, 5, 6, 7, 8, 9, 11, 12, 14], "neighbors": [15, 21, 17]}, {"capacity": 284, "impossibleCargos": [0, 2, 4, 6, 7, 9, 10, 11, 12, 13, 14], "neighbors": [0, 8, 4, 3, 13, 11, 10, 20, 9]}, {"capacity": 216, "impossibleCargos": [0, 1, 2, 3, 4, 5, 6, 7, 8, 9, 12, 14], "neighbors": [5, 19, 23, 16, 8, 0]}, {"capacity": 720, "impossibleCargos": [1, 3, 5, 8, 10, 12, 14], "neighbors": [4, 13, 22, 5, 7]}, {"capacity": 715, "impossibleCargos": [1, 3, 5, 6, 7, 9, 12, 13, 14], "neighbors": [4, 13, 9, 2, 15, 11, 1]}]}