{"volumes": [843, 0, 739, 603, 575, 929, 770, 726, 528, 332, 455, 1047, 1583, 0, 324], "conflicts": [[0, 13], [0, 14], [1, 2], [1, 3], [1, 5], [1, 7], [1, 8], [1, 9], [1, 10], [1, 11], [1, 14], [2, 13], [4, 10], [4, 13], [5, 6], [5, 13], [6, 10], [7, 10], [8, 14], [10, 11], [10, 13], [13, 14]], "tanks": [{"capacity": 302, "impossibleCargos": [1, 5, 6, 11, 13], "neighbors": [23, 12, 7, 17, 2, 15, 1, 11, 5, 18, 20]}, {"capacity": 305, "impossibleCargos": [5, 7, 11], "neighbors": [15, 0, 22, 18, 10, 4, 12, 20, 13, 8, 24, 21]}, {"capacity": 428, "impossibleCargos": [0, 3, 6, 12], "neighbors": [20, 9, 12, 0, 4, 8, 15, 3, 21, 23, 13, 11]}, {"capacity": 919, "impossibleCargos": [0], "neighbors": [12, 19, 23, 13, 14, 6, 7, 2, 17, 8, 5]}, {"capacity": 863, "impossibleCargos": [3, 7, 13], "neighbors": [24, 16, 11, 19, 2, 20, 12, 1, 23, 14, 5]}, {"capacity": 303, "impossibleCargos": [2, 5, 7, 8, 11, 12, 13, 14], "neighbors": [8, 24, 12, 20, 19, 0, 16, 22, 21, 4, 18, 3]}, {"capacity": 283, "impossibleCargos": [0, 2, 7], "neighbors": [10, 8, 17, 3, 24, 16, 18, 22, 20, 19, 12]}, {"capacity": 602, "impossibleCargos": [0, 3, 4], "neighbors": [20, 16, 15, 0, 22, 8, 14, 3, 12, 13, 19, 24, 11, 10]}, {"capacity": 299, "impossibleCargos": [0, 1, 4, 5, 6, 8, 12], "neighbors": [14, 18, 20, 6, 5, 9, 7, 2, 21, 22, 3, 1, 24]}, {"capacity": 949, "impossibleCargos": [0, 2, 6, 12], "neighbors": [2, 20, 21, 8, 18, 14, 16]}, {"capacity": 420, "impossibleCargos": [5, 14], "neighbors": [23, 6, 24, 16, 1, 18, 14, 7, 20, 15]}, {"capacity": 920, "impossibleCargos": [4, 5, 9, 10], "neighbors": [15, 4, 20, 0, 19, 18, 22, 23, 2, 7]}, {"capacity": 744, "impossibleCargos": [9, 13], "neighbors": [16, 3, 0, 2, 5, 21, 22, 15, 14, 7, 4, 23, 24, 6, 1, 18, 19, 13]}, {"capacity": 656, "impossibleCargos": [1, 2], "neighbors": [16, 3, 23, 18, 19, 7, 2, 1, 12]}, {"capacity": 728, "impossibleCargos": [1, 5, 6, 7], "neighbors": [8, 24, 18, 3, 7, 20, 9, 12, 16, 4, 21, 19, 10]}, {"capacity": 499, "impossibleCargos": [3, 12], "neighbors": [7, 1, 11, 0, 18, 2, 22, 12, 20, 17, 10]}, {"capacity": 295, "impossibleCargos": [10], "neighbors": [4, 12, 7, 13, 23, 18, 6, 22, 10, 14, 5, 9, 20]}, {"capacity": 377, "impossibleCargos": [5, 6, 7, 9, 12, 13], "neighbors": [18, 0, 6, 20, 3, 15, 24]}, {"capacity": 265, "impossibleCargos": [0, 2, 4, 5, 8], "neighbors": [8, 17, 14, 15, 16, 1, 11, 6, 9, 0, 13, 10, 20, 12, 5, 22]}, {"capacity": 736, "impossibleCargos": [1, 5, 7, 9, 14], "neighbors": [3, 4, 5, 11, 21, 13, 6, 7, 12, 14, 22]}, {"capacity": 621, "impossibleCargos": [11, 13, 14], "neighbors": [2, 7, 9, 8, 11, 5, 4, 14, 21, 17, 6, 15, 24, 23, 18, 1, 0, 16, 10]}, {"capacity": 673, "impossibleCargos": [], "neighbors": [9, 24, 12, 23, 19, 20, 8, 2, 5, 14, 1]}, {"capacity": 456, "impossibleCargos": [0, 3, 6, 8, 10, 14], "neighbors": [23, 7, 1, 15, 6, 16, 12, 11, 5, 8, 18, 19]}, {"capacity": 697, "impossibleCargos": [], "neighbors": [0, 22, 10, 3, 16, 21, 13, 24, 4, 12, 2, 20, 11]}, {"capacity": 937, "impossibleCargos": [11], "neighbors": [4, 14, 10, 5, 21, 6, 23, 20, 12, 7, 1, 17, 8]}]}