{"volumes": [651, 1217, 253, 1058, 0, 0, 1014, 1734, 988, 0, 0, 1219, 683, 728, 464], "conflicts": [[0, 5], [0, 10], [2, 4], [2, 9], [2, 12], [2, 14], [3, 14], [5, 7], [5, 10], [5, 12], [8, 10], [9, 11], [9, 13], [12, 14], [13, 14]], "tanks": [{"capacity": 354, "impossibleCargos": [1, 3, 5, 7, 12, 13], "neighbors": [11, 5, 10, 12, 24, 15, 21, 19, 17, 4, 9, 7, 1, 18]}, {"capacity": 620, "impossibleCargos": [0, 4, 5, 6, 9, 10, 12, 13, 14], "neighbors": [23, 22, 13, 8, 24, 11, 2, 20, 6, 9, 3, 10, 21, 14, 0, 18]}, {"capacity": 565, "impossibleCargos": [0, 6, 9, 14], "neighbors": [11, 14, 6, 1, 5, 17, 4, 12]}, {"capacity": 385, "impossibleCargos": [1, 2, 5, 8, 10, 14], "neighbors": [7, 4, 22, 1, 10, 17, 8, 14, 11, 16]}, {"capacity": 685, "impossibleCargos": [1, 3, 9, 10, 13], "neighbors": [14, 15, 24, 22, 8, 3, 0, 12, 6, 2]}, {"capacity": 551, "impossibleCargos": [0, 6, 7, 9, 11, 12, 13], "neighbors": [0, 24, 16, 13, 21, 8, 22, 2, 12, 20]}, {"capacity": 846, "impossibleCargos": [4, 6, 9, 11, 12, 13], "neighbors": [20, 10, 24, 2, 21, 1, 13, 4, 15, 14]}, {"capacity": 438, "impossibleCargos": [0, 1, 3, 4, 6, 7, 9, 11, 13], "neighbors": [3, 14, 8, 22, 18, 11, 12, 19, 24, 0, 13]}, {"capacity": 650, "impossibleCargos": [4, 5, 7, 8, 9, 10, 12, 13, 14], "neighbors": [21, 7, 22, 1, 4, 19, 12, 14, 20, 5, 15, 23, 10, 3]}, {"capacity": 303, "impossibleCargos": [0, 1, 4, 7, 11], "neighbors": [22, 19, 21, 24, 20, 11, 1, 12, 17, 0, 15]}, {"capacity": 851, "impossibleCargos": [2, 4, 6, 7, 9, 10], "neighbors": [16, 0, 21, 6, 12, 19, 20, 18, 3, 1, 8]}, {"capacity": 548, "impossibleCargos": [0, 3, 4, 5, 7, 9, 11], "neighbors": [0, 18, 12, 2, 13, 7, 24, 9, 15, 21, 1, 22, 20, 3]}, {"capacity": 211, "impossibleCargos": [1, 2, 5, 9, 11, 12, 13, 14], "neighbors": [11, 23, 24, 15, 22, 10, 0, 14, 17, 7, 8, 5, 9, 4, 2]}, {"capacity": 947, "impossibleCargos": [1, 5, 7, 8, 9, 12, 14], "neighbors": [17, 11, 23, 22, 5, 1, 20, 19, 6, 7]}, {"capacity": 238, "impossibleCargos": [0, 1, 6, 8, 12, 14], "neighbors": [7, 4, 17, 2, 12, 21, 8, 19, 18, 16, 22, 3, 1, 6]}, {"capacity": 387, "impossibleCargos": [3, 7, 9, 10, 13, 14], "neighbors": [19, 4, 18, 12, 24, 11, 0, 22, 21, 8, 6, 9]}, {"capacity": 408, "impossibleCargos": [1, 3, 6, 7, 10, 11, 14], "neighbors": [10, 5, 22, 19, 21, 18, 14, 3]}, {"capacity": 463, "impossibleCargos": [0, 2, 7, 14], "neighbors": [14, 13, 24, 22, 12, 20, 2, 19, 0, 18, 9, 3]}, {"capacity": 320, "impossibleCargos": [1, 2, 4, 5, 11], "neighbors": [11, 15, 7, 10, 22, 16, 21, 14, 19, 17, 1, 0]}, {"capacity": 933, "impossibleCargos": [0, 2, 3, 6, 10, 11, 12], "neighbors": [15, 22, 9, 24, 10, 16, 8, 7, 14, 18, 0, 17, 13, 20]}, {"capacity": 894, "impossibleCargos": [3, 7, 9, 10, 11, 12, 14], "neighbors": [6, 9, 10, 8, 1, 17, 13, 5, 19, 11, 22]}, {"capacity": 466, "impossibleCargos": [0, 11, 14], "neighbors": [8, 10, 9, 23, 11, 5, 24, 6, 14, 16, 18, 0, 15, 1]}, {"capacity": 682, "impossibleCargos": [0, 2, 4, 5, 7, 8, 10, 13], "neighbors": [19, 9, 23, 16, 1, 8, 7, 12, 4, 13, 17, 15, 11, 18, 5, 3, 14, 20]}, {"capacity": 502, "impossibleCargos": [1, 7, 9, 10, 12], "neighbors": [12, 1, 22, 13, 21, 24, 8]}, {"capacity": 939, "impossibleCargos": [0, 1, 2, 3, 4, 6, 10, 11, 12, 13, 14], "neighbors": [5, 12, 4, 6, 17, 15, 9, 19, 11, 1, 0, 21, 23, 7]}]}