{"volumes": [1314, 300, 1816, 858, 1199, 0, 1126, 325, 1882, 838, 0, 531, 0, 554, 587], "conflicts": [[0, 5], [0, 10], [0, 12], [0, 13], [1, 4], [1, 13], [2, 12], [3, 5], [3, 10], [4, 10], [5, 6], [5, 7], [5, 10], [5, 13], [5, 14], [6, 12], [7, 13], [7, 14], [9, 10], [9, 11], [10, 11], [10, 14], [11, 12], [11, 14], [12, 13]], "tanks": [{"capacity": 774, "impossibleCargos": [2, 4, 6, 12, 14], "neighbors": [13, 9, 7, 18, 24, 2, 8, 4]}, {"capacity": 410, "impossibleCargos": [1, 2, 3, 4, 5, 6, 7, 8, 9, 10], "neighbors": [13, 2, 7, 22, 18, 15, 9, 12, 24]}, {"capacity": 764, "impossibleCargos": [1, 2, 4, 9, 12, 14], "neighbors": [1, 16, 14, 24, 18, 9, 21, 19, 8, 0, 20, 22]}, {"capacity": 926, "impossibleCargos": [1, 2, 3, 7, 9, 10, 11, 12], "neighbors": [18, 16, 6, 7, 5, 4, 9, 20, 11, 15, 21]}, {"capacity": 903, "impossibleCargos": [1, 2, 8, 9], "neighbors": [8, 21, 17, 3, 6, 12, 15, 14, 7, 5, 18, 13, 24, 22, 0]}, {"capacity": 811, "impossibleCargos": [8, 9, 10, 11, 12], "neighbors": [22, 20, 3, 11, 12, 15, 18, 19, 16, 24, 8, 4, 7]}, {"capacity": 502, "impossibleCargos": [2, 3, 6, 7, 10, 12, 13], "neighbors": [7, 3, 24, 13, 4, 8, 23, 9, 15, 12, 20, 11, 22, 14]}, {"capacity": 980, "impossibleCargos": [1, 4, 7, 10, 13], "neighbors": [16, 6, 1, 3, 10, 17, 24, 12, 0, 4, 13, 5, 20]}, {"capacity": 223, "impossibleCargos": [1, 7, 8, 10], "neighbors": [4, 11, 13, 6, 22, 17, 19, 18, 2, 15, 5, 0, 16]}, {"capacity": 980, "impossibleCargos": [0, 1, 4, 10, 13], "neighbors": [0, 24, 11, 17, 2, 3, 6, 18, 1, 23, 10, 16, 20]}, {"capacity": 210, "impossibleCargos": [0, 1, 2, 3, 4, 5, 10, 12, 14], "neighbors": [23, 14, 7, 20, 13, 17, 21, 16, 9]}, {"capacity": 681, "impossibleCargos": [4, 7, 8, 11, 13, 14], "neighbors": [17, 14, 8, 22, 9, 18, 5, 12, 19, 13, 21, 16, 3, 6, 24]}, {"capacity": 965, "impossibleCargos": [0, 1, 5, 6, 10, 11, 12, 13], "neighbors": [7, 11, 21, 4, 5, 23, 18, 16, 1, 6, 15, 13]}, {"capacity": 271, "impossibleCargos": [2, 6, 7, 8, 9, 12], "neighbors": [1, 0, 6, 8, 15, 11, 17, 10, 14, 18, 12, 4, 7, 24, 20]}, {"capacity": 802, "impossibleCargos": [0, 3, 4, 6, 10, 11, 12, 13], "neighbors": [2, 11, 10, 23, 19, 22, 18, 13, 4, 21, 17, 6]}, {"capacity": 963, "impossibleCargos": [7, 8, 9, 10, 11, 14], "neighbors": [19, 16, 1, 13, 4, 5, 6, 24, 21, 8, 12, 3]}, {"capacity": 225, "impossibleCargos": [2, 5, 8, 12], "neighbors": [2, 7, 3, 15, 23, 11, 12, 10, 5, 8, 9]}, {"capacity": 303, "impossibleCargos": [5, 7, 13], "neighbors": [11, 4, 7, 9, 8, 13, 14, 10, 23, 21, 22, 20]}, {"capacity": 586, "impossibleCargos": [0, 9, 11, 12, 14], "neighbors": [3, 19, 11, 2, 1, 22, 9, 14, 8, 13, 12, 23, 0, 5, 4, 20]}, {"capacity": 286, "impossibleCargos": [1, 2, 4, 5, 6, 7, 8, 9, 10, 12, 14], "neighbors": [15, 21, 18, 14, 11, 2, 8, 23, 20, 5]}, {"capacity": 865, "impossibleCargos": [0, 4, 9, 13], "neighbors": [5, 24, 10, 3, 21, 19, 6, 2, 17, 13, 9, 18, 7]}, {"capacity": 877, "impossibleCargos": [2, 3, 8, 9, 10, 14], "neighbors": [19, 4, 12, 11, 2, 14, 15, 20, 10, 17, 3]}, {"capacity": 745, "impossibleCargos": [0, 1, 3, 5, 6, 11, 14], "neighbors": [11, 5, 1, 14, 18, 8, 2, 4, 17, 6]}, {"capacity": 792, "impossibleCargos": [1, 3, 4, 5, 8, 10, 14], "neighbors": [10, 14, 16, 6, 12, 19, 9, 18, 17]}, {"capacity": 322, "impossibleCargos": [4, 6, 7, 8, 13, 14], "neighbors": [9, 20, 6, 2, 7, 15, 0, 5, 4, 11, 13, 1]}]}