{"volumes": [1673, 368, 0, 599, 370, 917, 1367, 446, 2633, 266, 1780, 0, 0, 500, 0], "conflicts": [[1, 14], [3, 12], [6, 12], [6, 14], [7, 11], [11, 13], [12, 14], [13, 14]], "tanks": [{"capacity": 702, "impossibleCargos": [0, 8, 11], "neighbors": [20, 15, 24, 17, 16, 2, 5, 22, 12, 21, 13, 23, 18, 11, 8, 3, 14, 1]}, {"capacity": 259, "impossibleCargos": [4, 7, 9], "neighbors": [4, 17, 20, 23, 24, 11, 21, 3, 6, 9, 16, 2, 14, 8, 15, 5, 7, 19, 0]}, {"capacity": 502, "impossibleCargos": [1, 3, 5, 7], "neighbors": [22, 16, 5, 0, 4, 6, 1, 19, 23, 21, 3, 9, 11, 7, 20, 10, 18, 13]}, {"capacity": 826, "impossibleCargos": [1, 3, 4, 11], "neighbors": [6, 8, 20, 13, 4, 18, 1, 19, 11, 14, 12, 9, 2, 21, 23, 5, 24, 7, 0, 10]}, {"capacity": 595, "impossibleCargos": [7, 8, 9, 12, 14], "neighbors": [1, 8, 18, 5, 13, 22, 3, 2, 23, 15, 6, 21, 12, 7, 14, 10, 24, 11, 19]}, {"capacity": 623, "impossibleCargos": [12], "neighbors": [21, 19, 4, 9, 2, 18, 0, 7, 23, 13, 14, 12, 22, 1, 3, 8]}, {"capacity": 692, "impossibleCargos": [6, 7], "neighbors": [3, 20, 22, 18, 8, 24, 4, 1, 10, 9, 2, 19, 12, 11, 15]}, {"capacity": 1000, "impossibleCargos": [3, 9], "neighbors": [8, 14, 12, 23, 16, 5, 11, 22, 4, 9, 20, 19, 21, 24, 2, 1, 3]}, {"capacity": 774, "impossibleCargos": [0, 5, 9, 10, 14], "neighbors": [22, 23, 7, 4, 19, 18, 10, 3, 6, 17, 15, 11, 24, 21, 1, 20, 0, 9, 5, 12]}, {"capacity": 797, "impossibleCargos": [7, 13], "neighbors": [5, 20, 12, 16, 21, 6, 1, 23, 19, 17, 11, 3, 7, 18, 2, 22, 10, 8]}, {"capacity": 655, "impossibleCargos": [0, 5, 9], "neighbors": [17, 16, 11, 8, 12, 23, 6, 13, 18, 22, 14, 24, 4, 20, 15, 21, 9, 3, 2]}, {"capacity": 707, "impossibleCargos": [8, 9], "neighbors": [16, 12, 23, 10, 22, 14, 21, 15, 1, 20, 7, 8, 3, 9, 6, 24, 2, 4, 0, 13]}, {"capacity": 930, "impossibleCargos": [0, 7, 14], "neighbors": [11, 16, 22, 15, 7, 18, 9, 10, 0, 4, 24, 14, 5, 6, 3, 17, 21, 8, 13]}, {"capacity": 444, "impossibleCargos": [3, 4, 7], "neighbors": [4, 3, 10, 22, 5, 14, 0, 15, 20, 21, 11, 19, 24, 12, 23, 2]}, {"capacity": 522, "impossibleCargos": [10], "neighbors": [20, 7, 17, 11, 21, 16, 23, 12, 13, 5, 3, 18, 1, 10, 4, 15, 0, 22]}, {"capacity": 597, "impossibleCargos": [], "neighbors": [20, 22, 23, 0, 19, 12, 16, 11, 4, 8, 13, 1, 10, 14, 18, 6]}, {"capacity": 417, "impossibleCargos": [4, 5, 6, 7, 12], "neighbors": [11, 10, 12, 2, 23, 24, 0, 15, 9, 7, 18, 22, 14, 1, 19]}, {"capacity": 558, "impossibleCargos": [0, 3, 9, 10], "neighbors": [10, 1, 14, 0, 8, 18, 22, 9, 24, 21, 12, 19]}, {"capacity": 872, "impossibleCargos": [1, 5, 8], "neighbors": [24, 4, 21, 19, 8, 12, 6, 5, 3, 16, 17, 10, 14, 0, 23, 9, 22, 2, 15]}, {"capacity": 654, "impossibleCargos": [0, 6, 7, 10, 11], "neighbors": [20, 8, 5, 21, 15, 18, 23, 24, 9, 3, 6, 2, 16, 17, 7, 22, 1, 13, 4]}, {"capacity": 530, "impossibleCargos": [3, 5, 11], "neighbors": [19, 15, 14, 1, 0, 6, 9, 11, 24, 3, 22, 13, 7, 8, 10, 2]}, {"capacity": 419, "impossibleCargos": [1, 3, 4, 11, 12, 13], "neighbors": [5, 19, 18, 11, 1, 22, 9, 14, 4, 0, 2, 13, 17, 8, 24, 3, 7, 23, 10, 12]}, {"capacity": 948, "impossibleCargos": [7, 10, 12, 14], "neighbors": [8, 23, 15, 2, 12, 11, 6, 4, 21, 0, 16, 13, 17, 7, 24, 10, 20, 5, 18, 19, 9, 14]}, {"capacity": 336, "impossibleCargos": [7, 10], "neighbors": [22, 8, 15, 1, 11, 7, 16, 10, 4, 19, 9, 5, 14, 0, 2, 18, 24, 21, 3, 13]}, {"capacity": 585, "impossibleCargos": [1, 7, 12, 13, 14], "neighbors": [18, 1, 0, 16, 20, 6, 19, 12, 22, 8, 10, 17, 23, 21, 4, 11, 7, 3, 13]}]}