{"volumes": [2070, 1017, 1730, 0, 237, 430, 434, 0, 373, 1185, 1315, 0, 0, 1010, 1407], "conflicts": [[0, 11], [0, 12], [1, 7], [1, 8], [1, 11], [1, 12], [2, 7], [2, 11], [2, 12], [3, 4], [3, 6], [3, 7], [3, 8], [3, 10], [3, 12], [3, 13], [4, 7], [4, 8], [4, 12], [5, 8], [5, 11], [6, 7], [6, 11], [7, 9], [7, 12], [7, 13], [7, 14], [8, 11], [8, 12], [9, 12], [12, 13]], "tanks": [{"capacity": 451, "impossibleCargos": [0, 5, 6, 10, 11], "neighbors": [20, 7, 23, 22, 17, 5, 19, 14, 10, 12, 15, 9, 18, 2, 24, 3, 11, 21, 1]}, {"capacity": 437, "impossibleCargos": [6, 10, 11], "neighbors": [13, 14, 6, 10, 22, 16, 24, 2, 12, 18, 9, 7, 21, 0]}, {"capacity": 289, "impossibleCargos": [4, 5, 6, 14], "neighbors": [8, 9, 13, 7, 14, 6, 1, 0, 18, 20, 24, 4, 21]}, {"capacity": 476, "impossibleCargos": [6], "neighbors": [22, 23, 15, 11, 5, 6, 7, 4, 12, 24, 9, 18, 0, 20, 13, 16, 8, 19]}, {"capacity": 955, "impossibleCargos": [2, 3, 5, 8], "neighbors": [23, 18, 14, 16, 22, 20, 13, 17, 3, 9, 5, 10, 12, 15, 7, 24, 2, 11]}, {"capacity": 271, "impossibleCargos": [1, 5, 10, 13], "neighbors": [20, 21, 18, 23, 13, 9, 14, 0, 10, 3, 22, 17, 4, 16, 24, 7, 11, 19]}, {"capacity": 866, "impossibleCargos": [3, 4, 5, 9, 10], "neighbors": [19, 9, 12, 23, 18, 22, 1, 15, 20, 3, 13, 10, 2, 24, 7, 11, 14, 8]}, {"capacity": 781, "impossibleCargos": [0, 3, 4, 7, 10, 13], "neighbors": [13, 22, 0, 9, 18, 15, 10, 2, 21, 16, 24, 3, 12, 19, 6, 8, 1, 20, 4, 5, 14]}, {"capacity": 500, "impossibleCargos": [3, 4, 5, 6, 7, 13, 14], "neighbors": [2, 11, 17, 15, 9, 19, 13, 12, 14, 22, 21, 23, 7, 24, 20, 3, 6, 10]}, {"capacity": 509, "impossibleCargos": [3, 4, 5, 6, 8, 9, 11], "neighbors": [6, 5, 8, 7, 2, 15, 23, 14, 12, 0, 24, 4, 3, 1, 10, 19, 21]}, {"capacity": 622, "impossibleCargos": [9], "neighbors": [18, 24, 16, 23, 19, 12, 5, 7, 0, 20, 13, 1, 6, 11, 14, 21, 17, 4, 15, 9, 8]}, {"capacity": 930, "impossibleCargos": [0, 1, 4, 5, 8], "neighbors": [8, 17, 18, 12, 15, 3, 19, 23, 24, 20, 10, 21, 6, 22, 0, 5, 4]}, {"capacity": 554, "impossibleCargos": [0, 7, 9, 10], "neighbors": [17, 6, 22, 19, 11, 15, 24, 10, 8, 0, 9, 20, 3, 16, 18, 7, 1, 4, 21]}, {"capacity": 484, "impossibleCargos": [8], "neighbors": [1, 21, 22, 7, 5, 2, 23, 4, 8, 10, 18, 6, 16, 20, 3, 24]}, {"capacity": 811, "impossibleCargos": [1, 14], "neighbors": [1, 15, 4, 5, 21, 19, 23, 0, 9, 18, 8, 2, 22, 10, 17, 6, 7]}, {"capacity": 288, "impossibleCargos": [2, 3, 11, 13, 14], "neighbors": [21, 24, 8, 14, 22, 18, 3, 11, 9, 12, 20, 23, 19, 7, 6, 0, 10, 4]}, {"capacity": 649, "impossibleCargos": [0, 2, 6, 12, 14], "neighbors": [4, 10, 17, 22, 24, 7, 1, 13, 19, 12, 21, 5, 3]}, {"capacity": 944, "impossibleCargos": [0, 3, 9], "neighbors": [12, 20, 8, 18, 11, 16, 0, 23, 21, 4, 24, 22, 5, 10, 14, 19]}, {"capacity": 807, "impossibleCargos": [5, 8, 9, 10, 13], "neighbors": [22, 5, 4, 24, 17, 15, 10, 11, 23, 6, 19, 7, 20, 13, 14, 21, 0, 12, 2, 3, 1]}, {"capacity": 319, "impossibleCargos": [2, 6, 13], "neighbors": [6, 8, 24, 12, 10, 18, 11, 14, 0, 15, 23, 22, 16, 7, 9, 20, 3, 17, 5]}, {"capacity": 550, "impossibleCargos": [6], "neighbors": [5, 0, 17, 15, 4, 18, 10, 21, 6, 22, 12, 11, 23, 2, 13, 7, 3, 8, 19]}, {"capacity": 555, "impossibleCargos": [9, 11, 12], "neighbors": [13, 5, 15, 23, 24, 14, 20, 17, 7, 11, 18, 10, 16, 8, 1, 9, 0, 12, 2]}, {"capacity": 840, "impossibleCargos": [7, 8, 9, 13], "neighbors": [3, 18, 13, 7, 12, 15, 0, 23, 4, 6, 16, 1, 20, 5, 19, 17, 8, 24, 14, 11]}, {"capacity": 717, "impossibleCargos": [12, 14], "neighbors": [4, 24, 5, 21, 3, 0, 6, 18, 10, 22, 13, 9, 14, 15, 11, 17, 19, 20, 8]}, {"capacity": 923, "impossibleCargos": [3, 4, 11, 12], "neighbors": [18, 15, 23, 10, 19, 21, 12, 16, 11, 7, 17, 1, 9, 22, 3, 6, 0, 2, 8, 5, 4, 13]}]}