{"volumes": [0, 1658, 983, 206, 0, 0, 0, 1198, 584, 983, 1124, 317, 986, 1215, 139], "conflicts": [[0, 1], [0, 2], [0, 3], [0, 5], [0, 6], [0, 7], [0, 8], [0, 9], [0, 12], [0, 13], [0, 14], [1, 4], [1, 5], [2, 4], [2, 5], [2, 6], [3, 4], [3, 5], [3, 6], [4, 5], [4, 6], [4, 7], [4, 8], [4, 9], [4, 10], [4, 11], [4, 13], [4, 14], [5, 6], [5, 7], [5, 8], [5, 9], [5, 10], [5, 11], [5, 14], [6, 7], [6, 8], [6, 9], [6, 10], [6, 11], [6, 13], [11, 14]], "tanks": [{"capacity": 606, "impossibleCargos": [2, 3, 8, 9], "neighbors": [4, 13, 10, 8, 1, 14, 2, 11, 19, 3, 5, 17, 7, 16, 20, 12, 21]}, {"capacity": 349, "impossibleCargos": [1, 2], "neighbors": [24, 10, 19, 16, 0, 8, 13, 15, 2, 22, 20, 6, 9, 21, 4, 12, 23, 3, 7, 17, 11, 18]}, {"capacity": 393, "impossibleCargos": [1, 2, 4, 7, 11], "neighbors": [21, 4, 22, 6, 0, 7, 24, 14, 1, 19, 20, 12, 5, 8, 13, 18, 10, 23]}, {"capacity": 627, "impossibleCargos": [8, 11, 13], "neighbors": [12, 15, 24, 16, 5, 22, 4, 9, 19, 21, 0, 8, 6, 20, 1, 17, 14, 10, 7]}, {"capacity": 328, "impossibleCargos": [2, 9, 10], "neighbors": [13, 18, 0, 2, 3, 5, 16, 22, 23, 11, 6, 8, 15, 7, 24, 12, 1]}, {"capacity": 216, "impossibleCargos": [3, 4], "neighbors": [18, 23, 19, 22, 11, 13, 12, 15, 7, 3, 8, 16, 4, 21, 20, 0, 17, 14, 2, 9]}, {"capacity": 258, "impossibleCargos": [0, 2, 7, 8, 10], "neighbors": [22, 15, 2, 20, 13, 9, 12, 8, 21, 18, 11, 4, 3, 19, 1, 16, 17, 24, 14]}, {"capacity": 211, "impossibleCargos": [1, 4, 12], "neighbors": [21, 16, 10, 5, 2, 18, 9, 19, 24, 17, 22, 0, 14, 4, 15, 12, 8, 20, 11, 1, 13, 3]}, {"capacity": 520, "impossibleCargos": [], "neighbors": [17, 20, 21, 0, 1, 13, 5, 6, 19, 18, 15, 12, 4, 3, 14, 22, 2, 7, 23, 9]}, {"capacity": 917, "impossibleCargos": [6, 8], "neighbors": [13, 23, 6, 24, 19, 3, 7, 15, 10, 1, 18, 11, 5, 22, 8]}, {"capacity": 457, "impossibleCargos": [0, 9, 13], "neighbors": [1, 0, 11, 7, 13, 19, 9, 16, 24, 21, 14, 17, 23, 3, 2, 22]}, {"capacity": 564, "impossibleCargos": [4, 6, 7, 10, 11], "neighbors": [16, 5, 10, 15, 19, 24, 0, 17, 18, 6, 4, 23, 21, 9, 7, 14, 1]}, {"capacity": 592, "impossibleCargos": [6, 8, 11], "neighbors": [19, 3, 24, 20, 21, 13, 5, 22, 6, 14, 8, 18, 23, 7, 0, 2, 4, 16, 1]}, {"capacity": 841, "impossibleCargos": [0, 2, 7, 10], "neighbors": [4, 9, 22, 0, 5, 12, 6, 8, 20, 18, 23, 1, 10, 21, 19, 24, 2, 7, 16]}, {"capacity": 529, "impossibleCargos": [12], "neighbors": [19, 21, 24, 0, 23, 12, 2, 17, 7, 18, 8, 5, 10, 11, 3, 6]}, {"capacity": 648, "impossibleCargos": [1, 7, 8, 9, 14], "neighbors": [3, 6, 20, 23, 19, 11, 5, 1, 8, 18, 21, 9, 4, 7]}, {"capacity": 687, "impossibleCargos": [6, 9, 11], "neighbors": [11, 23, 18, 1, 7, 20, 17, 3, 5, 4, 0, 10, 6, 19, 12, 21, 13]}, {"capacity": 641, "impossibleCargos": [1, 10, 11, 14], "neighbors": [8, 18, 16, 20, 19, 11, 21, 7, 14, 0, 5, 6, 10, 3, 1, 22]}, {"capacity": 315, "impossibleCargos": [0, 5, 10, 11], "neighbors": [4, 5, 16, 17, 21, 13, 7, 11, 8, 6, 15, 12, 14, 19, 9, 20, 23, 2, 1]}, {"capacity": 365, "impossibleCargos": [6, 7, 9], "neighbors": [12, 14, 22, 5, 1, 15, 11, 17, 9, 8, 3, 0, 7, 10, 13, 2, 6, 18, 23, 16, 24]}, {"capacity": 629, "impossibleCargos": [6, 7], "neighbors": [12, 15, 8, 6, 16, 17, 13, 5, 22, 21, 1, 3, 0, 18, 24, 2, 7]}, {"capacity": 442, "impossibleCargos": [1, 6, 8, 10], "neighbors": [7, 2, 12, 14, 8, 18, 22, 6, 17, 5, 13, 3, 15, 11, 20, 10, 1, 23, 16, 0]}, {"capacity": 992, "impossibleCargos": [0, 1, 5, 8, 10, 12], "neighbors": [13, 19, 6, 2, 23, 5, 12, 3, 21, 4, 7, 20, 1, 8, 10, 17, 9]}, {"capacity": 656, "impossibleCargos": [1, 5, 10, 11, 13, 14], "neighbors": [16, 5, 15, 22, 9, 13, 14, 4, 11, 12, 24, 19, 18, 10, 1, 21, 8, 2]}, {"capacity": 583, "impossibleCargos": [3], "neighbors": [1, 12, 3, 14, 11, 2, 9, 7, 23, 13, 10, 4, 20, 6, 19]}]}