{"volumes": [1086, 0, 1402, 1392, 435, 2194, 0, 1328, 1293, 2559, 254, 532, 584, 0, 0], "conflicts": [[0, 6], [0, 12], [1, 2], [1, 6], [1, 8], [1, 9], [1, 11], [2, 6], [2, 13], [2, 14], [3, 6], [3, 13], [4, 14], [6, 9], [6, 13], [8, 13], [8, 14], [9, 13], [9, 14], [11, 13], [11, 14], [12, 13], [13, 14]], "tanks": [{"capacity": 505, "impossibleCargos": [0, 1, 3, 4, 5, 6, 7, 8, 9, 12, 14], "neighbors": [6, 4, 11, 1, 12, 17, 15, 14, 20, 24, 3, 9, 21, 19, 23, 7, 8, 2]}, {"capacity": 706, "impossibleCargos": [3, 4, 5, 6, 9, 10, 11, 12], "neighbors": [22, 3, 16, 24, 7, 15, 0, 12, 9, 10, 2, 5, 19, 6, 8, 11, 4, 18, 23, 14]}, {"capacity": 976, "impossibleCargos": [0, 2, 3, 5, 6, 7, 8, 9, 10, 11, 13, 14], "neighbors": [24, 10, 12, 19, 8, 15, 23, 17, 1, 14, 3, 0, 21, 16]}, {"capacity": 803, "impossibleCargos": [0, 1, 2, 4, 5, 6, 8, 9, 10, 12, 13], "neighbors": [1, 6, 14, 11, 7, 8, 21, 0, 18, 16, 24, 5, 2, 22, 17, 10, 13, 20, 12, 23, 4]}, {"capacity": 925, "impossibleCargos": [0, 1, 2, 3, 7, 9, 10, 11, 13], "neighbors": [16, 23, 0, 18, 17, 10, 24, 19, 21, 22, 12, 1, 7, 20, 6, 14, 3]}, {"capacity": 912, "impossibleCargos": [0, 2, 4, 5, 6, 7, 8, 9, 10, 11, 12, 13, 14], "neighbors": [13, 23, 20, 19, 24, 16, 1, 8, 12, 3, 9, 15, 18, 10, 6, 7, 11]}, {"capacity": 898, "impossibleCargos": [0, 1, 2, 3, 4, 6, 7, 8, 9, 10, 12, 13], "neighbors": [20, 0, 3, 19, 9, 21, 16, 12, 14, 24, 13, 1, 17, 23, 18, 5, 4, 15]}, {"capacity": 829, "impossibleCargos": [1, 2, 3, 4, 6, 7, 8, 9, 10, 11, 12, 13], "neighbors": [23, 8, 16, 10, 1, 3, 20, 21, 19, 11, 24, 0, 13, 4, 15, 5, 12, 17, 14]}, {"capacity": 357, "impossibleCargos": [0, 1, 2, 3, 4, 6, 7, 8, 10, 12, 14], "neighbors": [7, 13, 24, 2, 11, 23, 3, 14, 19, 16, 20, 5, 10, 17, 18, 1, 21, 0, 12]}, {"capacity": 772, "impossibleCargos": [0, 1, 2, 4, 6, 7, 9, 10, 13], "neighbors": [14, 13, 12, 6, 23, 1, 16, 11, 17, 0, 20, 24, 10, 5, 22, 19]}, {"capacity": 762, "impossibleCargos": [0, 1, 2, 4, 5, 8, 10, 12, 13, 14], "neighbors": [22, 7, 16, 18, 2, 4, 1, 11, 14, 8, 13, 9, 12, 20, 3, 5, 21]}, {"capacity": 653, "impossibleCargos": [1, 2, 3, 4, 5, 6, 7, 9, 12, 13, 14], "neighbors": [20, 12, 0, 3, 8, 24, 23, 9, 18, 10, 7, 16, 13, 1, 17, 5]}, {"capacity": 372, "impossibleCargos": [0, 1, 2, 3, 4, 6, 8, 9, 11, 12, 13, 14], "neighbors": [22, 14, 19, 11, 2, 9, 1, 23, 0, 6, 20, 5, 10, 4, 13, 21, 8, 15, 18, 24, 3, 7]}, {"capacity": 808, "impossibleCargos": [0, 1, 4, 6, 7, 8, 9, 10, 11, 12, 14], "neighbors": [5, 9, 20, 8, 18, 15, 23, 17, 21, 16, 10, 14, 6, 11, 24, 22, 12, 7, 3, 19]}, {"capacity": 523, "impossibleCargos": [0, 1, 3, 5, 6, 7, 8, 9, 10, 11, 12, 13, 14], "neighbors": [9, 20, 12, 22, 19, 3, 23, 8, 0, 15, 6, 10, 13, 2, 16, 24, 18, 21, 4, 1, 7]}, {"capacity": 894, "impossibleCargos": [2, 3, 5, 6, 7, 8, 11, 12, 13, 14], "neighbors": [23, 22, 13, 1, 19, 0, 2, 14, 20, 24, 17, 5, 12, 18, 7, 6]}, {"capacity": 716, "impossibleCargos": [0, 1, 5, 6, 7, 8, 10, 11, 12], "neighbors": [7, 4, 1, 10, 6, 9, 13, 5, 8, 23, 21, 20, 3, 11, 14, 18, 17, 2]}, {"capacity": 503, "impossibleCargos": [0, 1, 2, 3, 4, 5, 8, 9, 10, 11, 12, 13, 14], "neighbors": [19, 4, 0, 22, 13, 2, 9, 8, 18, 15, 6, 11, 3, 16, 7, 23]}, {"capacity": 919, "impossibleCargos": [0, 1, 2, 4, 6, 7, 10, 11, 13, 14], "neighbors": [21, 20, 10, 4, 13, 11, 3, 19, 17, 8, 6, 14, 16, 5, 1, 15, 12, 24]}, {"capacity": 226, "impossibleCargos": [0, 1, 2, 3, 4, 5, 6, 9, 11, 12, 13, 14], "neighbors": [23, 17, 12, 14, 2, 6, 15, 22, 5, 8, 4, 21, 18, 1, 0, 7, 9, 13]}, {"capacity": 560, "impossibleCargos": [1, 2, 3, 5, 6, 7, 10, 11, 12, 13, 14], "neighbors": [6, 11, 14, 22, 18, 13, 5, 0, 7, 15, 9, 8, 16, 21, 12, 10, 4, 3, 24]}, {"capacity": 294, "impossibleCargos": [0, 1, 3, 8, 10, 11, 12], "neighbors": [18, 23, 3, 6, 13, 19, 4, 7, 0, 16, 20, 8, 12, 22, 2, 14, 10]}, {"capacity": 968, "impossibleCargos": [0, 2, 4, 5, 9, 10, 11, 12, 14], "neighbors": [12, 1, 20, 14, 10, 15, 19, 17, 23, 4, 13, 3, 9, 21]}, {"capacity": 330, "impossibleCargos": [1, 2, 3, 4, 6, 7, 8, 10, 11, 13, 14], "neighbors": [19, 7, 15, 5, 4, 14, 21, 12, 8, 11, 9, 13, 2, 16, 24, 22, 6, 0, 1, 3, 17]}, {"capacity": 794, "impossibleCargos": [0, 1, 2, 3, 5, 6, 9, 10, 12, 13], "neighbors": [2, 1, 8, 11, 4, 0, 5, 15, 6, 9, 23, 3, 7, 13, 14, 20, 12, 18]}]}