{"volumes": [0, 972, 730, 1367, 1112, 1550, 1088, 0, 168, 767, 0, 1713, 383, 145, 0], "conflicts": [[0, 2], [0, 3], [0, 6], [0, 7], [0, 8], [0, 12], [0, 13], [2, 12], [3, 7], [4, 7], [4, 10], [5, 7], [5, 10], [5, 14], [6, 10], [6, 14], [7, 8], [7, 10], [7, 11], [7, 12], [7, 13], [7, 14], [8, 10], [9, 10], [9, 14], [10, 14], [11, 14]], "tanks": [{"capacity": 658, "impossibleCargos": [0, 1, 3, 4, 5, 6, 7, 8, 12, 13, 14], "neighbors": [22, 23, 8, 5, 15, 9, 11, 19, 12, 13, 21, 17, 24, 16, 10, 6, 20, 1, 4, 18, 3]}, {"capacity": 334, "impossibleCargos": [1, 2, 3, 4, 10, 11, 12, 13, 14], "neighbors": [14, 2, 10, 6, 23, 15, 4, 3, 18, 13, 0, 21, 17, 20, 11]}, {"capacity": 370, "impossibleCargos": [1, 3, 4, 7, 8, 12, 13, 14], "neighbors": [9, 6, 1, 8, 17, 5, 7, 18, 10, 19, 12, 23, 21, 11, 22, 13, 16, 20, 14, 4, 3]}, {"capacity": 238, "impossibleCargos": [1, 2, 3, 4, 5, 6, 9, 11, 12], "neighbors": [22, 15, 24, 9, 6, 21, 19, 16, 7, 12, 1, 5, 8, 11, 0, 10, 2]}, {"capacity": 740, "impossibleCargos": [1, 2, 4, 5, 6, 7, 8, 9, 10, 12, 14], "neighbors": [11, 10, 17, 18, 21, 22, 20, 15, 8, 12, 9, 5, 16, 23, 19, 1, 6, 0, 14, 2, 24]}, {"capacity": 415, "impossibleCargos": [0, 1, 2, 4, 5, 8, 9, 10, 11, 13, 14], "neighbors": [8, 19, 10, 15, 0, 9, 2, 17, 22, 11, 4, 20, 24, 16, 3, 21, 23]}, {"capacity": 227, "impossibleCargos": [0, 2, 4, 5, 6, 7, 8, 9, 10, 11, 12, 13, 14], "neighbors": [19, 13, 2, 11, 3, 14, 24, 17, 23, 1, 21, 20, 4, 0, 10, 9, 15, 8, 12, 22]}, {"capacity": 612, "impossibleCargos": [0, 1, 2, 3, 4, 5, 7, 8, 9, 11, 13, 14], "neighbors": [18, 9, 19, 11, 24, 10, 2, 3, 13, 15, 12, 21, 20]}, {"capacity": 956, "impossibleCargos": [1, 3, 4, 6, 7, 9, 10, 11, 12, 13], "neighbors": [16, 5, 21, 18, 0, 2, 12, 20, 4, 10, 23, 11, 14, 22, 3, 6, 15]}, {"capacity": 840, "impossibleCargos": [1, 7, 8, 9, 10, 11, 12, 14], "neighbors": [22, 21, 2, 7, 17, 11, 3, 13, 0, 15, 5, 24, 4, 18, 19, 6, 23, 20]}, {"capacity": 349, "impossibleCargos": [0, 1, 2, 7, 8, 10, 11, 12, 13, 14], "neighbors": [23, 15, 4, 5, 1, 11, 8, 7, 16, 2, 0, 20, 6, 13, 18, 21, 24, 19, 22, 3]}, {"capacity": 554, "impossibleCargos": [0, 2, 3, 4, 5, 6, 7, 8, 11, 12, 13], "neighbors": [4, 21, 18, 20, 6, 9, 7, 24, 0, 13, 10, 8, 19, 16, 5, 23, 14, 2, 22, 3, 1]}, {"capacity": 343, "impossibleCargos": [2, 3, 5, 6, 7, 8, 9, 10, 11, 12, 13], "neighbors": [13, 23, 19, 8, 24, 4, 0, 2, 3, 21, 20, 16, 7, 6, 17, 18, 22, 14]}, {"capacity": 517, "impossibleCargos": [0, 1, 4, 5, 6, 7, 8, 9, 10, 12, 13, 14], "neighbors": [12, 6, 15, 9, 18, 16, 11, 0, 17, 14, 21, 7, 1, 10, 20, 2, 19]}, {"capacity": 931, "impossibleCargos": [0, 2, 4, 5, 6, 7, 8, 10, 12, 13, 14], "neighbors": [21, 19, 20, 24, 1, 22, 16, 15, 6, 17, 23, 13, 11, 8, 4, 2, 18, 12]}, {"capacity": 909, "impossibleCargos": [0, 1, 2, 3, 6, 7, 8, 10, 11, 12, 13, 14], "neighbors": [10, 22, 3, 5, 4, 13, 0, 9, 14, 20, 17, 19, 1, 7, 18, 23, 6, 8]}, {"capacity": 223, "impossibleCargos": [0, 2, 4, 5, 6, 7, 9, 10, 11, 12, 13, 14], "neighbors": [8, 19, 17, 24, 14, 13, 18, 10, 0, 11, 4, 3, 5, 12, 2]}, {"capacity": 394, "impossibleCargos": [0, 5, 7, 8, 9, 10, 11, 12, 13, 14], "neighbors": [4, 9, 16, 2, 5, 6, 18, 0, 13, 15, 14, 21, 20, 1, 12, 24]}, {"capacity": 805, "impossibleCargos": [0, 1, 2, 5, 6, 7, 8, 9, 10, 12, 13], "neighbors": [20, 11, 7, 4, 8, 13, 16, 22, 2, 17, 9, 21, 19, 1, 10, 15, 12, 0, 14]}, {"capacity": 627, "impossibleCargos": [0, 3, 5, 6, 9, 10, 11, 12, 13], "neighbors": [6, 14, 23, 16, 5, 7, 21, 12, 20, 0, 2, 11, 15, 3, 4, 18, 9, 10, 24, 13]}, {"capacity": 861, "impossibleCargos": [0, 1, 2, 3, 4, 6, 7, 8, 9, 10, 11, 13], "neighbors": [23, 14, 18, 11, 4, 8, 19, 15, 24, 10, 5, 6, 0, 12, 17, 13, 1, 9, 2, 7]}, {"capacity": 592, "impossibleCargos": [0, 1, 2, 3, 4, 7, 8, 9, 10, 12, 13, 14], "neighbors": [14, 11, 8, 9, 4, 19, 3, 0, 6, 18, 2, 13, 17, 12, 24, 1, 10, 5, 7]}, {"capacity": 707, "impossibleCargos": [0, 1, 2, 3, 5, 6, 8, 9, 10, 11, 12, 13, 14], "neighbors": [0, 9, 3, 15, 4, 14, 23, 5, 18, 11, 8, 24, 2, 10, 6, 12]}, {"capacity": 570, "impossibleCargos": [0, 2, 3, 4, 5, 8, 10, 11, 12], "neighbors": [10, 20, 0, 19, 12, 22, 8, 6, 1, 2, 14, 4, 11, 15, 9, 5]}, {"capacity": 541, "impossibleCargos": [0, 1, 2, 3, 5, 7, 8, 10, 11, 12, 13, 14], "neighbors": [14, 3, 16, 11, 9, 7, 12, 6, 20, 0, 5, 21, 10, 22, 19, 4, 17]}]}