{"volumes": [0, 551, 1725, 3246, 2829, 0, 441, 295, 1790, 1957, 183, 0, 0, 573, 0], "conflicts": [[0, 1], [0, 3], [0, 5], [0, 7], [0, 8], [0, 10], [0, 12], [0, 13], [0, 14], [1, 5], [1, 6], [1, 12], [1, 14], [2, 5], [2, 14], [3, 5], [3, 11], [3, 12], [4, 14], [5, 7], [5, 8], [5, 9], [5, 11], [5, 12], [5, 13], [6, 8], [6, 10], [6, 12], [6, 14], [7, 12], [7, 14], [8, 12], [8, 14], [9, 11], [9, 12], [10, 11], [10, 12], [10, 13], [10, 14], [11, 12], [11, 13], [12, 13], [12, 14], [13, 14]], "tanks": [{"capacity": 647, "impossibleCargos": [0, 1, 2, 3, 4, 5, 6, 7, 10, 12, 13, 14], "neighbors": [13, 21, 1, 22, 24, 18, 3, 11, 19, 15, 23, 17, 5, 7, 14, 10, 12, 4, 2]}, {"capacity": 904, "impossibleCargos": [1, 2, 3, 4, 6, 7, 12], "neighbors": [13, 6, 20, 9, 0, 10, 11, 8, 22, 5, 3, 15, 21, 18, 24, 16, 2, 19, 7, 17]}, {"capacity": 444, "impossibleCargos": [1, 4, 6, 8, 9, 10, 11, 12, 13, 14], "neighbors": [13, 14, 23, 7, 3, 8, 15, 18, 21, 9, 4, 22, 5, 1, 24, 20, 11, 17, 12, 16, 0]}, {"capacity": 232, "impossibleCargos": [1, 2, 3, 4, 5, 6, 7, 8, 11, 14], "neighbors": [11, 19, 18, 6, 7, 8, 10, 2, 16, 0, 1, 14, 17, 23, 9, 24, 15, 22, 13, 5]}, {"capacity": 949, "impossibleCargos": [0, 1, 4, 5, 6, 7, 8, 9, 10, 13, 14], "neighbors": [9, 15, 17, 19, 8, 24, 12, 5, 22, 14, 2, 18, 13, 23, 11, 21, 0]}, {"capacity": 514, "impossibleCargos": [3, 4, 8, 9, 10, 11, 12, 13, 14], "neighbors": [24, 13, 19, 1, 17, 20, 16, 4, 11, 22, 2, 7, 0, 6, 3, 23]}, {"capacity": 529, "impossibleCargos": [2, 3, 5, 6, 7, 8, 10, 11, 13, 14], "neighbors": [16, 1, 24, 3, 18, 8, 22, 9, 15, 11, 17, 14, 21, 5, 12]}, {"capacity": 925, "impossibleCargos": [0, 1, 5, 7, 8, 11, 12, 13], "neighbors": [12, 14, 2, 3, 23, 22, 11, 17, 10, 5, 8, 20, 1, 0, 16, 21]}, {"capacity": 751, "impossibleCargos": [0, 5, 6, 8, 9, 10, 11, 12, 13, 14], "neighbors": [13, 21, 22, 3, 1, 2, 4, 6, 14, 24, 15, 7, 11, 23, 10, 16, 20]}, {"capacity": 948, "impossibleCargos": [0, 2, 3, 4, 5, 6, 9, 10, 11, 12, 13, 14], "neighbors": [4, 1, 23, 17, 24, 19, 18, 15, 6, 2, 16, 3, 22, 13, 11]}, {"capacity": 986, "impossibleCargos": [0, 1, 2, 3, 4, 5, 6, 7, 10, 11, 13, 14], "neighbors": [21, 1, 3, 11, 16, 18, 23, 7, 15, 22, 17, 0, 8, 20]}, {"capacity": 772, "impossibleCargos": [0, 5, 6, 7, 8, 9, 11, 12, 13, 14], "neighbors": [17, 3, 12, 1, 10, 22, 24, 7, 0, 18, 15, 20, 6, 5, 21, 23, 4, 2, 8, 19, 9]}, {"capacity": 623, "impossibleCargos": [1, 3, 5, 6, 7, 8, 9, 10, 14], "neighbors": [23, 7, 13, 11, 19, 18, 20, 16, 4, 24, 21, 22, 14, 15, 6, 2, 0, 17]}, {"capacity": 689, "impossibleCargos": [0, 1, 5, 6, 7, 8, 9, 10, 12, 14], "neighbors": [1, 8, 0, 20, 12, 14, 2, 22, 5, 21, 23, 18, 15, 4, 19, 3, 9]}, {"capacity": 954, "impossibleCargos": [0, 1, 2, 4, 5, 6, 7, 8, 9, 10, 11, 12, 13], "neighbors": [20, 13, 7, 2, 22, 8, 17, 3, 4, 12, 16, 15, 6, 19, 0, 24]}, {"capacity": 554, "impossibleCargos": [2, 4, 5, 6, 9, 10, 12, 13, 14], "neighbors": [24, 23, 4, 16, 17, 19, 2, 11, 1, 22, 9, 21, 6, 8, 13, 0, 14, 3, 10, 12, 20]}, {"capacity": 704, "impossibleCargos": [1, 2, 4, 7, 8, 9, 10, 11, 12, 13, 14], "neighbors": [6, 20, 19, 15, 23, 3, 12, 10, 5, 9, 21, 14, 1, 24, 22, 7, 2, 18, 8]}, {"capacity": 507, "impossibleCargos": [1, 3, 5, 6, 7, 8, 9, 10, 12, 13, 14], "neighbors": [20, 11, 9, 19, 4, 15, 5, 24, 7, 14, 3, 23, 22, 6, 0, 1, 10, 18, 2, 12]}, {"capacity": 479, "impossibleCargos": [0, 1, 2, 3, 4, 5, 6, 7, 10, 11, 12, 14], "neighbors": [3, 12, 0, 6, 11, 9, 2, 13, 21, 4, 10, 1, 23, 20, 17, 16]}, {"capacity": 918, "impossibleCargos": [0, 1, 2, 4, 5, 6, 7, 8, 9, 10, 11, 12, 13, 14], "neighbors": [3, 23, 16, 17, 5, 12, 4, 9, 15, 20, 22, 0, 1, 13, 11, 14]}, {"capacity": 445, "impossibleCargos": [0, 1, 3, 4, 5, 6, 7, 9, 10, 11, 12, 14], "neighbors": [17, 14, 16, 13, 1, 23, 12, 19, 22, 5, 11, 2, 18, 7, 15, 24, 8, 10]}, {"capacity": 241, "impossibleCargos": [0, 2, 3, 4, 5, 6, 7, 8, 9, 11, 12, 13, 14], "neighbors": [10, 8, 22, 0, 13, 2, 1, 15, 12, 16, 18, 23, 11, 6, 24, 4, 7]}, {"capacity": 403, "impossibleCargos": [0, 1, 2, 3, 4, 5, 6, 7, 8, 10, 13, 14], "neighbors": [23, 21, 8, 0, 13, 1, 7, 11, 14, 20, 24, 6, 19, 15, 4, 12, 2, 17, 5, 3, 9, 16, 10]}, {"capacity": 738, "impossibleCargos": [0, 1, 2, 4, 6, 8, 9, 10, 11, 12], "neighbors": [12, 22, 19, 15, 9, 2, 7, 20, 16, 13, 3, 10, 17, 21, 0, 4, 18, 11, 8, 5]}, {"capacity": 921, "impossibleCargos": [0, 1, 4, 6, 7, 8, 11, 12, 13, 14], "neighbors": [15, 6, 9, 5, 0, 11, 4, 17, 22, 12, 8, 3, 1, 21, 16, 2, 20, 14]}]}