{"volumes": [470, 0, 208, 0, 762, 210, 920, 0, 0, 444, 467, 242, 1025, 470, 460], "conflicts": [[0, 1], [0, 3], [0, 7], [0, 8], [0, 11], [0, 13], [1, 2], [1, 3], [1, 5], [1, 7], [1, 8], [1, 10], [1, 12], [1, 13], [2, 7], [2, 9], [2, 11], [2, 13], [2, 14], [3, 6], [3, 8], [3, 9], [3, 12], [4, 5], [4, 7], [4, 11], [5, 7], [5, 9], [5, 11], [7, 8], [7, 9], [7, 10], [7, 11], [7, 12], [7, 14], [8, 12], [8, 14], [11, 14]], "tanks": [{"capacity": 230, "impossibleCargos": [0, 9, 12, 13], "neighbors": [19, 2, 5, 8, 21, 23, 9, 3, 18, 4, 17]}, {"capacity": 250, "impossibleCargos": [3, 6, 7, 9, 12], "neighbors": [7, 2, 18, 22, 24]}, {"capacity": 262, "impossibleCargos": [0, 3, 5, 8, 9, 11, 13], "neighbors": [0, 20, 22, 1, 18, 8, 5]}, {"capacity": 249, "impossibleCargos": [4, 7, 8, 13, 14], "neighbors": [14, 7, 17, 21, 24, 22, 15, 0, 10, 9]}, {"capacity": 274, "impossibleCargos": [1, 2, 3, 5, 7, 8, 9, 11, 12, 13], "neighbors": [16, 24, 0]}, {"capacity": 213, "impossibleCargos": [0, 2, 3, 6, 10, 11, 12, 14], "neighbors": [23, 11, 0, 10, 15, 2]}, {"capacity": 267, "impossibleCargos": [0, 1, 2, 3, 4, 6, 7, 8, 9, 11, 14], "neighbors": [16, 9, 21, 19]}, {"capacity": 228, "impossibleCargos": [1, 3, 5, 7, 8, 9], "neighbors": [3, 1, 15, 13, 23, 22]}, {"capacity": 220, "impossibleCargos": [0, 1, 4, 7, 9, 10, 11, 13], "neighbors": [12, 23, 0, 2, 21]}, {"capacity": 296, "impossibleCargos": [0, 4, 5], "neighbors": [15, 6, 0, 20, 17, 3]}, {"capacity": 263, "impossibleCargos": [2, 4, 6, 12], "neighbors": [11, 24, 3, 20, 5]}, {"capacity": 244, "impossibleCargos": [1, 4, 5, 7, 11], "neighbors": [5, 10, 16, 22]}, {"capacity": 215, "impossibleCargos": [1, 4, 5, 6, 9, 10], "neighbors": [8, 22, 13]}, {"capacity": 279, "impossibleCargos": [1, 3, 4, 5, 11, 12, 13, 14], "neighbors": [20, 12, 7, 19, 17]}, {"capacity": 261, "impossibleCargos": [0, 1, 2, 3, 4, 5, 9, 12, 13], "neighbors": [3, 23, 24, 17]}, {"capacity": 284, "impossibleCargos": [0, 3, 4, 5, 9], "neighbors": [24, 9, 7, 18, 3, 22, 16, 20, 5]}, {"capacity": 210, "impossibleCargos": [0, 4, 5, 7, 11, 12, 13], "neighbors": [6, 4, 11, 15, 19]}, {"capacity": 264, "impossibleCargos": [0, 1, 3, 6, 7, 8, 11, 12, 13], "neighbors": [3, 22, 14, 9, 0, 13]}, {"capacity": 290, "impossibleCargos": [0, 3, 4, 6, 7, 8, 9, 11], "neighbors": [15, 23, 1, 2, 24, 0]}, {"capacity": 224, "impossibleCargos": [0, 1, 2, 3, 4, 8, 9, 10, 11], "neighbors": [0, 20, 6, 22, 13, 16]}, {"capacity": 233, "impossibleCargos": [2, 3, 6, 8, 9, 10, 11, 12, 13], "neighbors": [2, 19, 13, 9, 15, 10]}, {"capacity": 265, "impossibleCargos": [1, 2, 3, 6, 12, 14], "neighbors": [3, 6, 0, 8]}, {"capacity": 299, "impossibleCargos": [1, 2, 8, 12], "neighbors": [12, 2, 17, 23, 3, 1, 15, 11, 7, 19]}, {"capacity": 233, "impossibleCargos": [0, 2, 7, 9, 10, 12, 13, 14], "neighbors": [5, 14, 8, 22, 18, 0, 7]}, {"capacity": 276, "impossibleCargos": [0, 1, 4, 5, 7, 8, 10, 12, 13], "neighbors": [15, 3, 4, 10, 18, 14, 1]}]}