{"volumes": [490, 480, 0, 209, 239, 517, 691, 185, 660, 494, 265, 188, 449, 0, 697], "conflicts": [[0, 2], [0, 3], [1, 6], [1, 10], [2, 5], [2, 8], [2, 13], [3, 4], [4, 8], [4, 9], [4, 14], [6, 7], [7, 11], [10, 12], [12, 13], [13, 14]], "tanks": [{"capacity": 249, "impossibleCargos": [0, 1, 3, 4, 6, 7, 8, 9, 10, 13, 14], "neighbors": [19, 20, 17]}, {"capacity": 237, "impossibleCargos": [2, 3, 4, 5, 6, 7, 8, 9, 11, 12, 13], "neighbors": [17, 13, 16]}, {"capacity": 211, "impossibleCargos": [0, 1, 2, 3, 4, 5, 6, 7, 9, 10, 11, 13, 14], "neighbors": [8, 14, 7, 6, 12, 4]}, {"capacity": 224, "impossibleCargos": [0, 2, 4, 5, 6, 7, 8, 9, 10, 11, 12, 13, 14], "neighbors": [8, 6, 15, 5, 13, 20]}, {"capacity": 276, "impossibleCargos": [0, 1, 2, 3, 4, 5, 7, 8, 9, 10, 11, 12, 13, 14], "neighbors": [20, 21, 6, 17, 22, 24, 2]}, {"capacity": 202, "impossibleCargos": [0, 1, 3, 4, 5, 7, 8, 9, 10, 12, 13, 14], "neighbors": [13, 7, 9, 3, 22, 19]}, {"capacity": 209, "impossibleCargos": [0, 2, 3, 4, 6, 7, 10, 11, 12, 13, 14], "neighbors": [24, 2, 3, 15, 20, 4, 16, 14, 17, 7, 13]}, {"capacity": 290, "impossibleCargos": [0, 2, 3, 4, 5, 7, 8, 10, 11, 12, 13, 14], "neighbors": [5, 23, 2, 17, 11, 21, 6]}, {"capacity": 216, "impossibleCargos": [0, 1, 2, 3, 4, 5, 7, 8, 10, 11, 12, 13, 14], "neighbors": [2, 3, 19]}, {"capacity": 294, "impossibleCargos": [0, 1, 2, 3, 4, 9, 10, 11, 12, 13, 14], "neighbors": [14, 24, 5, 18, 16]}, {"capacity": 225, "impossibleCargos": [1, 2, 3, 4, 6, 7, 8, 9, 10, 11, 12], "neighbors": [11, 19, 15, 18, 13]}, {"capacity": 200, "impossibleCargos": [1, 2, 3, 4, 5, 6, 9, 11, 12, 13, 14], "neighbors": [10, 23, 7, 12, 14, 21, 18]}, {"capacity": 297, "impossibleCargos": [1, 2, 3, 4, 5, 6, 7, 8, 9, 10, 11, 12, 13, 14], "neighbors": [14, 21, 11, 2]}, {"capacity": 296, "impossibleCargos": [1, 3, 4, 5, 6, 7, 8, 10, 12, 13, 14], "neighbors": [5, 22, 10, 23, 3, 1, 24, 6]}, {"capacity": 221, "impossibleCargos": [0, 1, 2, 3, 4, 5, 8, 9, 14], "neighbors": [2, 9, 24, 12, 11, 6, 15]}, {"capacity": 217, "impossibleCargos": [0, 1, 2, 3, 5, 7, 10, 11, 12, 13, 14], "neighbors": [3, 6, 10, 16, 20, 14, 17]}, {"capacity": 257, "impossibleCargos": [0, 3, 4, 5, 6, 7, 8, 9, 11, 13, 14], "neighbors": [23, 18, 15, 6, 19, 9, 24, 1]}, {"capacity": 223, "impossibleCargos": [0, 3, 4, 5, 6, 7, 8, 9, 10, 11, 12, 13], "neighbors": [1, 20, 18, 7, 4, 0, 6, 15]}, {"capacity": 210, "impossibleCargos": [1, 2, 3, 4, 5, 6, 8, 9, 10, 11, 12, 13, 14], "neighbors": [17, 16, 9, 10, 22, 11, 24]}, {"capacity": 223, "impossibleCargos": [0, 2, 3, 5, 6, 7, 8, 9, 10, 11, 14], "neighbors": [0, 10, 8, 16, 5]}, {"capacity": 227, "impossibleCargos": [0, 1, 2, 3, 4, 7, 9, 10, 12, 14], "neighbors": [17, 4, 0, 6, 15, 3]}, {"capacity": 261, "impossibleCargos": [0, 1, 2, 3, 5, 6, 8, 9, 11, 12, 14], "neighbors": [12, 4, 7, 11]}, {"capacity": 277, "impossibleCargos": [0, 2, 3, 4, 5, 8, 9, 11, 13, 14], "neighbors": [13, 5, 4, 23, 18]}, {"capacity": 299, "impossibleCargos": [0, 1, 3, 4, 5, 6, 9, 10, 11, 12], "neighbors": [7, 16, 11, 13, 22]}, {"capacity": 295, "impossibleCargos": [0, 1, 2, 3, 6, 8, 9, 10, 11, 12, 13, 14], "neighbors": [6, 9, 14, 4, 13, 16, 18]}]}