{"volumes": [1005, 400, 258, 0, 0, 259, 1382, 572, 661, 0, 0, 713, 484, 0, 0], "conflicts": [[0, 3], [0, 4], [0, 9], [0, 14], [1, 3], [1, 4], [1, 10], [1, 11], [1, 14], [2, 5], [2, 8], [2, 9], [2, 12], [2, 14], [3, 6], [3, 7], [3, 9], [3, 11], [3, 12], [3, 13], [3, 14], [4, 6], [4, 9], [4, 10], [4, 11], [4, 13], [4, 14], [5, 6], [5, 9], [5, 10], [5, 13], [5, 14], [6, 10], [6, 13], [6, 14], [7, 10], [7, 14], [8, 14], [9, 10], [9, 12], [10, 11], [10, 13], [10, 14], [11, 13], [11, 14], [12, 13], [12, 14]], "tanks": [{"capacity": 229, "impossibleCargos": [2, 3, 4, 5, 7, 8, 9, 10, 11, 12, 13, 14], "neighbors": [14, 16, 17, 4, 10]}, {"capacity": 269, "impossibleCargos": [0, 1, 2, 3, 4, 7, 8, 9, 10, 11, 12, 13, 14], "neighbors": [18, 6, 20, 16, 7]}, {"capacity": 287, "impossibleCargos": [3, 5, 6, 7, 9, 10, 11, 12, 13, 14], "neighbors": [8, 5, 14, 22, 11, 20]}, {"capacity": 234, "impossibleCargos": [0, 1, 2, 3, 4, 5, 6, 7, 8, 9, 12], "neighbors": [8, 10, 21, 17]}, {"capacity": 293, "impossibleCargos": [0, 1, 2, 3, 5, 6, 8, 9, 10, 11, 13], "neighbors": [17, 0, 21, 10, 12, 5]}, {"capacity": 240, "impossibleCargos": [1, 2, 3, 5, 6, 8, 9, 10, 11, 12, 13, 14], "neighbors": [2, 7, 4, 18, 6]}, {"capacity": 212, "impossibleCargos": [0, 3, 4, 5, 6, 8, 9, 11, 13, 14], "neighbors": [18, 14, 1, 13, 10, 5, 9, 19, 7]}, {"capacity": 258, "impossibleCargos": [0, 1, 2, 3, 4, 5, 6, 7, 8, 11, 12, 13, 14], "neighbors": [22, 10, 18, 19, 5, 9, 14, 20, 6, 1, 11]}, {"capacity": 237, "impossibleCargos": [0, 1, 2, 3, 5, 6, 7, 12, 13], "neighbors": [3, 2, 15, 14]}, {"capacity": 214, "impossibleCargos": [0, 1, 2, 7, 8, 9, 11, 12, 13, 14], "neighbors": [7, 12, 6, 16]}, {"capacity": 287, "impossibleCargos": [1, 2, 4, 5, 8, 10, 11, 14], "neighbors": [22, 7, 19, 3, 16, 24, 6, 0, 4]}, {"capacity": 235, "impossibleCargos": [0, 1, 3, 4, 5, 7, 10, 11, 12, 13], "neighbors": [21, 17, 16, 2, 7]}, {"capacity": 207, "impossibleCargos": [0, 1, 2, 4, 5, 6, 10, 11], "neighbors": [23, 21, 18, 9, 4]}, {"capacity": 227, "impossibleCargos": [0, 1, 2, 3, 5, 8, 9, 10, 11, 12, 13, 14], "neighbors": [22, 6]}, {"capacity": 218, "impossibleCargos": [4, 5, 7, 9, 10, 11, 12, 14], "neighbors": [21, 0, 6, 2, 8, 7, 23]}, {"capacity": 287, "impossibleCargos": [2, 3, 5, 6, 7, 8, 11, 12], "neighbors": [8, 16, 21, 24, 19]}, {"capacity": 295, "impossibleCargos": [0, 1, 2, 3, 4, 5, 6, 7, 8, 9, 10, 12, 13], "neighbors": [0, 19, 15, 10, 20, 11, 21, 1, 9]}, {"capacity": 264, "impossibleCargos": [0, 1, 2, 3, 6, 7, 8, 10, 11, 12, 13, 14], "neighbors": [0, 4, 11, 3]}, {"capacity": 271, "impossibleCargos": [0, 1, 2, 4, 5, 7, 8, 10, 11, 12, 13, 14], "neighbors": [6, 1, 23, 7, 12, 5, 21, 22, 24]}, {"capacity": 200, "impossibleCargos": [0, 1, 2, 3, 4, 7, 10, 11, 13, 14], "neighbors": [16, 10, 22, 7, 20, 15, 6]}, {"capacity": 266, "impossibleCargos": [0, 3, 4, 5, 6, 8, 10, 11, 12, 13, 14], "neighbors": [1, 16, 19, 7, 2]}, {"capacity": 295, "impossibleCargos": [0, 1, 4, 5, 6, 8, 9, 10, 11, 12, 13], "neighbors": [14, 11, 12, 4, 15, 3, 16, 18, 23]}, {"capacity": 213, "impossibleCargos": [0, 2, 3, 4, 7, 8, 9, 10, 12], "neighbors": [7, 10, 13, 19, 2, 18]}, {"capacity": 230, "impossibleCargos": [0, 1, 2, 3, 4, 5, 6, 9, 13, 14], "neighbors": [12, 18, 24, 21, 14]}, {"capacity": 291, "impossibleCargos": [1, 2, 3, 4, 5, 6, 8, 9, 10, 11, 14], "neighbors": [10, 23, 15, 18]}]}