{"volumes": [0, 201, 1158, 0, 0, 231, 195, 239, 276, 466, 680, 253, 726, 705, 471], "conflicts": [[0, 1], [0, 3], [0, 5], [0, 6], [0, 9], [0, 12], [0, 14], [1, 4], [1, 5], [1, 14], [2, 3], [2, 4], [3, 5], [3, 6], [3, 8], [3, 9], [3, 10], [3, 11], [4, 6], [4, 8], [4, 9], [4, 10], [4, 12], [4, 13], [5, 9], [5, 11], [5, 14]], "tanks": [{"capacity": 263, "impossibleCargos": [0], "neighbors": [22, 17, 3, 20, 21, 7, 23, 13, 14]}, {"capacity": 223, "impossibleCargos": [3, 4, 10, 11], "neighbors": [2, 16, 21, 5, 23, 11, 18, 7, 20, 8, 14, 10, 12, 13]}, {"capacity": 278, "impossibleCargos": [3, 8, 11, 12], "neighbors": [1, 9, 3, 13, 16, 6, 17, 11, 15, 23, 19, 24]}, {"capacity": 224, "impossibleCargos": [10, 14], "neighbors": [12, 6, 18, 2, 0, 22, 8, 21, 5, 17, 15, 23, 4, 7, 14]}, {"capacity": 201, "impossibleCargos": [1, 5, 8], "neighbors": [7, 11, 24, 22, 8, 20, 3, 23, 16, 10, 9, 17]}, {"capacity": 234, "impossibleCargos": [7, 10], "neighbors": [14, 11, 8, 18, 3, 23, 1, 22, 24, 19]}, {"capacity": 275, "impossibleCargos": [5, 6, 7, 9, 10], "neighbors": [9, 3, 23, 20, 2, 14, 13, 8, 12, 10]}, {"capacity": 207, "impossibleCargos": [3, 4, 14], "neighbors": [4, 22, 20, 9, 18, 16, 0, 1, 3, 10]}, {"capacity": 288, "impossibleCargos": [7], "neighbors": [24, 5, 17, 23, 3, 4, 20, 6, 1, 9]}, {"capacity": 207, "impossibleCargos": [7, 8, 11], "neighbors": [6, 2, 7, 12, 15, 18, 17, 4, 8, 13, 14]}, {"capacity": 219, "impossibleCargos": [0, 4, 10, 14], "neighbors": [16, 19, 12, 22, 14, 20, 21, 4, 1, 7, 15, 6, 18]}, {"capacity": 241, "impossibleCargos": [4, 9, 12, 13, 14], "neighbors": [17, 5, 13, 4, 14, 16, 22, 1, 2, 12]}, {"capacity": 252, "impossibleCargos": [3, 8, 9, 10], "neighbors": [3, 21, 16, 10, 14, 9, 15, 22, 6, 11, 20, 19, 1, 17]}, {"capacity": 275, "impossibleCargos": [0], "neighbors": [14, 11, 16, 2, 6, 22, 1, 0, 9]}, {"capacity": 246, "impossibleCargos": [11], "neighbors": [5, 13, 20, 12, 11, 17, 6, 10, 3, 15, 1, 19, 16, 0, 9, 21]}, {"capacity": 216, "impossibleCargos": [3, 6, 11], "neighbors": [18, 17, 9, 3, 12, 24, 2, 14, 10]}, {"capacity": 230, "impossibleCargos": [1, 2, 3, 8], "neighbors": [10, 1, 12, 13, 2, 7, 11, 17, 18, 19, 4, 14, 20, 22]}, {"capacity": 293, "impossibleCargos": [6, 10, 12], "neighbors": [11, 24, 0, 15, 20, 21, 8, 14, 16, 3, 9, 2, 18, 23, 4, 12]}, {"capacity": 206, "impossibleCargos": [2, 6, 7, 8, 10, 12], "neighbors": [15, 20, 3, 5, 7, 9, 16, 1, 19, 17, 23, 10, 22]}, {"capacity": 279, "impossibleCargos": [1, 3, 8], "neighbors": [24, 10, 20, 23, 21, 16, 2, 18, 22, 14, 12, 5]}, {"capacity": 244, "impossibleCargos": [0, 4, 6, 13, 14], "neighbors": [18, 17, 7, 19, 24, 0, 14, 6, 8, 4, 10, 1, 22, 12, 16]}, {"capacity": 285, "impossibleCargos": [13], "neighbors": [24, 1, 23, 17, 12, 19, 0, 3, 22, 10, 14]}, {"capacity": 293, "impossibleCargos": [3, 6, 8, 11, 13], "neighbors": [0, 7, 3, 4, 21, 11, 10, 12, 19, 5, 20, 13, 16, 18]}, {"capacity": 285, "impossibleCargos": [12, 14], "neighbors": [21, 19, 6, 8, 5, 1, 0, 3, 4, 2, 17, 18]}, {"capacity": 234, "impossibleCargos": [0, 2, 3, 7], "neighbors": [19, 17, 21, 8, 20, 4, 15, 5, 2]}]}