{"volumes": [274, 262, 0, 676, 0, 506, 288, 914, 683, 490, 477, 0, 253, 250, 706], "conflicts": [[0, 4], [0, 11], [0, 13], [1, 14], [2, 4], [2, 5], [2, 6], [2, 8], [2, 9], [2, 14], [3, 4], [3, 11], [4, 5], [4, 9], [4, 10], [4, 11], [4, 13], [5, 11], [6, 8], [6, 11], [6, 13], [8, 11], [9, 10], [9, 11], [10, 13], [11, 12], [11, 13], [11, 14], [12, 14]], "tanks": [{"capacity": 294, "impossibleCargos": [6, 13, 14], "neighbors": [6, 21, 7, 19, 4, 5, 12, 2, 14, 16, 8, 10, 17, 18]}, {"capacity": 266, "impossibleCargos": [1, 2, 6, 14], "neighbors": [18, 4, 3, 22, 9, 6, 14, 23, 21, 2, 17]}, {"capacity": 242, "impossibleCargos": [6, 11], "neighbors": [5, 12, 11, 0, 9, 19, 13, 15, 1, 22]}, {"capacity": 246, "impossibleCargos": [0, 1, 4, 5], "neighbors": [16, 23, 10, 1, 4, 9, 11, 18, 20, 22, 7]}, {"capacity": 257, "impossibleCargos": [0, 3, 13, 14], "neighbors": [24, 7, 9, 1, 21, 3, 22, 0, 14, 12, 11, 5, 20, 18, 6, 19, 10]}, {"capacity": 228, "impossibleCargos": [5, 6, 11, 13], "neighbors": [23, 13, 2, 12, 19, 6, 4, 0, 15, 22, 14, 24]}, {"capacity": 264, "impossibleCargos": [4, 8, 12], "neighbors": [0, 12, 24, 15, 19, 11, 5, 8, 1, 10, 7, 4, 14, 9, 16]}, {"capacity": 227, "impossibleCargos": [0, 5], "neighbors": [13, 4, 24, 0, 23, 16, 19, 6, 10, 18, 3]}, {"capacity": 275, "impossibleCargos": [2, 10, 13], "neighbors": [22, 16, 19, 17, 24, 6, 15, 0, 23, 12, 10]}, {"capacity": 261, "impossibleCargos": [], "neighbors": [24, 4, 23, 10, 3, 22, 12, 11, 16, 1, 2, 13, 14, 6]}, {"capacity": 293, "impossibleCargos": [0, 4, 5, 12], "neighbors": [22, 20, 3, 11, 9, 23, 13, 17, 6, 7, 12, 0, 4, 8]}, {"capacity": 258, "impossibleCargos": [6, 12, 13, 14], "neighbors": [17, 2, 16, 10, 24, 6, 9, 14, 12, 4, 3, 18, 23]}, {"capacity": 235, "impossibleCargos": [4, 8, 13], "neighbors": [20, 6, 2, 5, 24, 23, 9, 4, 11, 0, 21, 10, 22, 8]}, {"capacity": 262, "impossibleCargos": [4, 11, 12, 14], "neighbors": [19, 7, 5, 15, 10, 2, 9, 18]}, {"capacity": 217, "impossibleCargos": [], "neighbors": [16, 20, 23, 18, 4, 11, 0, 1, 5, 9, 22, 17, 6]}, {"capacity": 262, "impossibleCargos": [4], "neighbors": [13, 16, 6, 5, 8, 2, 22, 24]}, {"capacity": 260, "impossibleCargos": [2, 7, 8, 11], "neighbors": [3, 8, 14, 19, 17, 11, 15, 7, 9, 20, 0, 23, 6]}, {"capacity": 260, "impossibleCargos": [3, 8, 10, 11], "neighbors": [11, 16, 8, 22, 10, 19, 0, 23, 14, 1]}, {"capacity": 234, "impossibleCargos": [0, 5, 12], "neighbors": [19, 1, 14, 11, 3, 4, 7, 13, 0, 21]}, {"capacity": 229, "impossibleCargos": [8, 9, 12, 13], "neighbors": [18, 13, 8, 16, 20, 6, 21, 0, 5, 7, 2, 17, 4]}, {"capacity": 267, "impossibleCargos": [8, 9], "neighbors": [12, 14, 19, 10, 24, 22, 4, 3, 16, 21]}, {"capacity": 239, "impossibleCargos": [0, 7, 11], "neighbors": [0, 22, 4, 19, 12, 1, 20, 18]}, {"capacity": 296, "impossibleCargos": [8, 10, 14], "neighbors": [8, 10, 21, 23, 20, 4, 9, 1, 17, 5, 12, 3, 14, 2, 15]}, {"capacity": 232, "impossibleCargos": [9, 13, 14], "neighbors": [5, 14, 3, 9, 22, 10, 12, 7, 16, 1, 24, 17, 11, 8]}, {"capacity": 232, "impossibleCargos": [2, 3, 4, 9, 10, 14], "neighbors": [4, 9, 7, 20, 6, 8, 12, 11, 5, 23, 15]}]}