{"volumes": [481, 449, 0, 447, 0, 487, 807, 433, 503, 221, 461, 259, 0, 1219, 0], "conflicts": [[0, 9], [2, 5], [2, 8], [2, 9], [2, 11], [2, 14], [3, 14], [4, 8], [5, 14], [8, 12], [12, 13], [13, 14]], "tanks": [{"capacity": 282, "impossibleCargos": [0, 1, 2, 3, 5, 9, 10, 12], "neighbors": [5, 23, 7, 9, 4, 15, 22, 20, 10, 16, 11, 3, 17, 24]}, {"capacity": 246, "impossibleCargos": [3, 4, 6, 7, 9, 10, 11, 12, 14], "neighbors": [5, 6, 16, 12, 9, 4, 15, 17, 10, 24, 8, 7, 22, 3]}, {"capacity": 240, "impossibleCargos": [1, 3, 7, 12, 13], "neighbors": [11, 9, 17, 8, 24, 15, 13, 4, 21, 16]}, {"capacity": 209, "impossibleCargos": [6, 10, 11, 12], "neighbors": [19, 5, 7, 4, 0, 8, 22, 1]}, {"capacity": 203, "impossibleCargos": [0, 1, 4, 6, 7, 8, 11, 12], "neighbors": [6, 23, 0, 11, 8, 19, 1, 2, 3, 16, 21, 15]}, {"capacity": 299, "impossibleCargos": [0, 1, 3, 5, 7, 9, 11], "neighbors": [1, 14, 17, 0, 19, 3, 10, 12, 13, 9, 15, 6, 16]}, {"capacity": 300, "impossibleCargos": [0, 1, 2, 4, 8, 11, 12, 14], "neighbors": [24, 4, 13, 9, 1, 22, 19, 20, 12, 18, 11, 5, 7]}, {"capacity": 272, "impossibleCargos": [0, 1, 2, 7, 13], "neighbors": [17, 16, 0, 3, 20, 8, 19, 22, 9, 6, 1]}, {"capacity": 264, "impossibleCargos": [0, 2, 3, 4, 8, 10, 13], "neighbors": [10, 11, 16, 12, 14, 2, 13, 24, 4, 18, 7, 19, 23, 20, 21, 3, 1]}, {"capacity": 281, "impossibleCargos": [2, 7, 9], "neighbors": [14, 6, 10, 18, 2, 0, 5, 1, 20, 7, 16, 15, 11]}, {"capacity": 200, "impossibleCargos": [9, 11, 12, 13, 14], "neighbors": [8, 21, 22, 9, 23, 17, 5, 16, 0, 1, 24, 18]}, {"capacity": 250, "impossibleCargos": [8, 9, 10, 11, 13, 14], "neighbors": [2, 8, 14, 19, 23, 20, 21, 13, 12, 4, 24, 6, 0, 9]}, {"capacity": 225, "impossibleCargos": [0, 1, 2, 4, 7], "neighbors": [14, 23, 17, 8, 5, 1, 11, 6, 18]}, {"capacity": 262, "impossibleCargos": [0, 2, 4, 5, 6, 11], "neighbors": [20, 6, 14, 11, 21, 8, 5, 2, 23]}, {"capacity": 248, "impossibleCargos": [3, 8, 9, 10, 11, 14], "neighbors": [5, 12, 9, 16, 11, 13, 8, 20, 18, 21, 23]}, {"capacity": 278, "impossibleCargos": [], "neighbors": [20, 16, 2, 0, 1, 21, 5, 4, 9]}, {"capacity": 211, "impossibleCargos": [4, 5, 6, 8, 9, 12, 13, 14], "neighbors": [19, 14, 8, 1, 7, 15, 21, 10, 20, 4, 0, 23, 22, 2, 9, 5, 24]}, {"capacity": 253, "impossibleCargos": [4, 6, 8, 11, 12], "neighbors": [5, 12, 7, 2, 10, 20, 24, 1, 0, 21]}, {"capacity": 249, "impossibleCargos": [0, 2, 4, 5, 6, 7, 9, 10, 12], "neighbors": [9, 20, 8, 6, 14, 12, 19, 10]}, {"capacity": 285, "impossibleCargos": [0, 6, 7, 12, 14], "neighbors": [16, 22, 3, 5, 11, 21, 23, 6, 4, 20, 7, 8, 18, 24]}, {"capacity": 275, "impossibleCargos": [6, 9, 10, 12, 14], "neighbors": [13, 11, 15, 6, 14, 17, 24, 23, 18, 22, 9, 19, 7, 16, 0, 8]}, {"capacity": 285, "impossibleCargos": [1, 3, 6, 9, 11, 13, 14], "neighbors": [10, 19, 11, 13, 16, 22, 14, 15, 4, 2, 8, 17]}, {"capacity": 250, "impossibleCargos": [2, 3, 7, 10, 12], "neighbors": [19, 10, 6, 20, 21, 0, 16, 7, 24, 1, 3]}, {"capacity": 248, "impossibleCargos": [0, 1, 5, 7, 9, 11], "neighbors": [12, 0, 11, 19, 10, 4, 20, 16, 8, 13, 14]}, {"capacity": 209, "impossibleCargos": [0, 3, 5, 7, 11, 12], "neighbors": [6, 20, 2, 11, 8, 17, 22, 10, 1, 16, 19, 0]}]}