{"volumes": [418, 685, 219, 549, 750, 728, 0, 0, 286, 238, 0, 201, 791, 442, 545], "conflicts": [[0, 6], [0, 7], [0, 10], [1, 6], [1, 7], [1, 10], [2, 5], [2, 6], [2, 7], [2, 8], [2, 9], [3, 6], [3, 7], [4, 7], [4, 10], [5, 6], [5, 10], [6, 7], [6, 8], [6, 13], [6, 14], [7, 8], [7, 10], [7, 12], [8, 10], [8, 11], [9, 10], [10, 11], [10, 12], [10, 13], [11, 12]], "tanks": [{"capacity": 204, "impossibleCargos": [4, 8, 9, 10, 11, 14], "neighbors": [14, 16, 22, 10, 23, 2, 15, 9, 3]}, {"capacity": 260, "impossibleCargos": [0, 2, 5, 7, 8, 10, 11, 12], "neighbors": [21, 17, 11, 22, 3, 8, 16, 14, 12, 15, 19, 6, 13, 20]}, {"capacity": 234, "impossibleCargos": [1, 4, 5, 6, 7, 11, 13, 14], "neighbors": [16, 14, 7, 24, 5, 17, 0, 19, 15, 3, 22, 21, 12, 20, 4]}, {"capacity": 295, "impossibleCargos": [1, 4, 6, 7, 8, 10], "neighbors": [13, 10, 1, 18, 23, 20, 8, 2, 0, 4, 6]}, {"capacity": 274, "impossibleCargos": [1, 5, 7, 8, 9, 11, 13], "neighbors": [20, 11, 22, 12, 18, 7, 6, 9, 8, 10, 17, 19, 24, 3, 2]}, {"capacity": 220, "impossibleCargos": [0, 2, 3, 6, 7, 8, 10, 11, 12, 14], "neighbors": [23, 2, 24, 13, 10, 21, 18, 7, 12, 15]}, {"capacity": 271, "impossibleCargos": [0, 3, 8, 9, 10, 11, 13, 14], "neighbors": [14, 7, 12, 13, 17, 22, 16, 10, 4, 19, 21, 1, 3, 11, 9]}, {"capacity": 204, "impossibleCargos": [9, 12], "neighbors": [23, 6, 2, 22, 21, 4, 19, 20, 10, 5, 9]}, {"capacity": 279, "impossibleCargos": [3, 4, 8, 13, 14], "neighbors": [13, 11, 23, 17, 16, 1, 15, 4, 3]}, {"capacity": 248, "impossibleCargos": [2, 6, 8, 10, 11], "neighbors": [21, 18, 16, 11, 20, 4, 22, 19, 0, 7, 6]}, {"capacity": 289, "impossibleCargos": [0, 2, 4, 7, 10, 12], "neighbors": [12, 3, 15, 21, 0, 16, 13, 6, 14, 22, 5, 7, 20, 4, 18]}, {"capacity": 271, "impossibleCargos": [0, 1, 2, 3, 4, 5, 7, 8], "neighbors": [8, 4, 1, 22, 9, 17, 6]}, {"capacity": 290, "impossibleCargos": [0, 2, 4, 8, 10, 11], "neighbors": [10, 6, 4, 14, 1, 20, 13, 23, 2, 5]}, {"capacity": 256, "impossibleCargos": [0, 1, 2, 4, 6, 7, 10, 11, 13], "neighbors": [8, 3, 17, 24, 6, 14, 10, 5, 1, 12, 19]}, {"capacity": 228, "impossibleCargos": [1, 2, 5, 6, 7, 10, 11, 12, 14], "neighbors": [6, 2, 22, 0, 13, 12, 1, 17, 10, 18, 24, 15, 23, 16]}, {"capacity": 237, "impossibleCargos": [7, 8, 9, 11, 12, 13, 14], "neighbors": [19, 10, 24, 22, 0, 1, 20, 8, 2, 18, 14, 5]}, {"capacity": 286, "impossibleCargos": [1, 2, 5, 6, 10, 11, 14], "neighbors": [2, 17, 22, 8, 0, 9, 6, 10, 1, 23, 20, 14]}, {"capacity": 239, "impossibleCargos": [3, 4, 5, 9, 11, 13], "neighbors": [24, 13, 16, 19, 1, 8, 2, 6, 22, 14, 11, 4, 23]}, {"capacity": 270, "impossibleCargos": [1, 2, 5, 7, 9, 10, 13, 14], "neighbors": [9, 24, 4, 3, 14, 21, 5, 15, 10]}, {"capacity": 212, "impossibleCargos": [5, 6, 7, 8, 9, 13, 14], "neighbors": [24, 23, 17, 20, 15, 21, 2, 6, 7, 1, 13, 9, 22, 4]}, {"capacity": 209, "impossibleCargos": [0, 1, 2, 3, 4, 7, 8, 9, 11, 12, 13, 14], "neighbors": [4, 19, 23, 9, 12, 16, 7, 15, 3, 10, 21, 1, 2]}, {"capacity": 297, "impossibleCargos": [0, 1, 4, 6, 7, 9, 10, 12, 13], "neighbors": [1, 9, 24, 10, 23, 7, 19, 18, 6, 5, 2, 20]}, {"capacity": 274, "impossibleCargos": [1, 5, 8, 9, 11, 12], "neighbors": [4, 14, 16, 7, 1, 11, 0, 24, 6, 15, 17, 10, 9, 2, 19]}, {"capacity": 232, "impossibleCargos": [0, 3, 6], "neighbors": [7, 5, 19, 8, 21, 0, 16, 20, 3, 17, 12, 14]}, {"capacity": 255, "impossibleCargos": [0, 2, 5, 6, 8, 13], "neighbors": [19, 17, 2, 13, 21, 18, 15, 22, 5, 14, 4]}]}