{"volumes": [274, 674, 215, 401, 447, 0, 599, 681, 0, 793, 658, 242, 544, 0, 0], "conflicts": [[0, 2], [0, 6], [0, 7], [0, 8], [0, 12], [0, 13], [0, 14], [1, 5], [1, 8], [1, 13], [1, 14], [2, 4], [2, 5], [2, 11], [2, 13], [3, 5], [3, 13], [3, 14], [4, 8], [4, 14], [5, 6], [5, 7], [5, 8], [5, 10], [5, 11], [5, 12], [5, 14], [6, 8], [6, 14], [7, 14], [8, 9], [8, 10], [8, 11], [8, 12], [8, 13], [8, 14], [9, 13], [9, 14], [10, 13], [12, 13], [12, 14], [13, 14]], "tanks": [{"capacity": 260, "impossibleCargos": [3, 9, 10, 11], "neighbors": [20, 2, 3, 13, 1, 11, 12, 16, 23, 5, 19, 24]}, {"capacity": 295, "impossibleCargos": [0, 1, 4, 5, 10, 11, 12, 14], "neighbors": [19, 5, 16, 3, 13, 21, 0, 10, 9, 2, 18, 15, 7]}, {"capacity": 247, "impossibleCargos": [0, 8, 9, 10, 12, 13, 14], "neighbors": [15, 24, 7, 16, 20, 0, 13, 8, 10, 11, 19, 1, 3, 4, 18, 17]}, {"capacity": 250, "impossibleCargos": [2, 4, 5, 6], "neighbors": [18, 10, 1, 17, 0, 22, 6, 23, 19, 2, 15, 7, 12, 20, 11]}, {"capacity": 267, "impossibleCargos": [1, 2, 3, 4, 5, 6, 8, 9, 11, 12, 13, 14], "neighbors": [21, 14, 7, 2, 9, 12, 11, 6, 17, 16, 15]}, {"capacity": 212, "impossibleCargos": [1, 5, 6, 10, 12], "neighbors": [10, 1, 7, 23, 8, 9, 18, 24, 14, 12, 20, 0, 22, 16]}, {"capacity": 222, "impossibleCargos": [0, 2, 4, 8, 9, 13, 14], "neighbors": [16, 7, 12, 3, 17, 18, 24, 10, 22, 4, 14]}, {"capacity": 238, "impossibleCargos": [0, 1, 2, 3, 9], "neighbors": [2, 20, 17, 5, 10, 6, 19, 18, 14, 4, 8, 3, 16, 1]}, {"capacity": 239, "impossibleCargos": [1, 2, 3, 4, 7, 8, 13], "neighbors": [5, 2, 17, 16, 23, 9, 7, 20, 11, 24]}, {"capacity": 237, "impossibleCargos": [5, 8, 10, 12], "neighbors": [20, 11, 5, 21, 22, 12, 23, 1, 8, 10, 4, 13]}, {"capacity": 207, "impossibleCargos": [1, 2, 3, 5, 7, 9, 11, 12, 14], "neighbors": [3, 5, 24, 7, 22, 18, 16, 14, 21, 2, 1, 6, 9]}, {"capacity": 293, "impossibleCargos": [1, 3, 4, 7], "neighbors": [22, 13, 9, 24, 18, 2, 21, 0, 16, 12, 4, 8, 3]}, {"capacity": 201, "impossibleCargos": [3, 4, 8, 9], "neighbors": [20, 6, 16, 9, 15, 5, 0, 11, 4, 3]}, {"capacity": 227, "impossibleCargos": [2, 3, 4, 7, 8, 9, 12], "neighbors": [11, 0, 22, 1, 2, 23, 15, 18, 20, 9, 21]}, {"capacity": 209, "impossibleCargos": [2, 8, 10, 11, 12, 13], "neighbors": [15, 18, 21, 5, 4, 10, 7, 17, 20, 16, 24, 6]}, {"capacity": 290, "impossibleCargos": [0, 4, 5, 6, 11, 13, 14], "neighbors": [14, 2, 20, 17, 12, 13, 22, 3, 19, 21, 1, 24, 4]}, {"capacity": 240, "impossibleCargos": [0, 1, 3, 6, 7, 9, 10, 14], "neighbors": [18, 6, 2, 1, 21, 10, 17, 12, 19, 11, 8, 0, 4, 7, 14, 5]}, {"capacity": 218, "impossibleCargos": [0, 2, 5, 6, 8, 10, 11, 13, 14], "neighbors": [7, 3, 16, 15, 6, 20, 8, 24, 14, 4, 2]}, {"capacity": 200, "impossibleCargos": [1, 2, 5, 6, 7, 11, 14], "neighbors": [3, 16, 14, 20, 5, 10, 23, 7, 6, 11, 2, 13, 1, 22]}, {"capacity": 299, "impossibleCargos": [1, 6, 9, 12, 14], "neighbors": [1, 23, 7, 3, 2, 16, 15, 0]}, {"capacity": 269, "impossibleCargos": [0, 1, 2, 3, 6, 8, 9, 10], "neighbors": [12, 18, 0, 9, 7, 2, 15, 17, 5, 8, 3, 13, 14]}, {"capacity": 273, "impossibleCargos": [0, 2, 3, 4, 6, 7, 10, 12, 14], "neighbors": [14, 4, 22, 16, 10, 9, 1, 11, 15, 13]}, {"capacity": 257, "impossibleCargos": [4, 6, 7, 8, 9, 10], "neighbors": [11, 10, 21, 3, 13, 9, 15, 6, 18, 5]}, {"capacity": 252, "impossibleCargos": [0, 3, 5, 8, 9, 10, 13, 14], "neighbors": [19, 5, 18, 3, 9, 13, 8, 0]}, {"capacity": 207, "impossibleCargos": [0, 3, 7, 9], "neighbors": [2, 10, 5, 11, 6, 17, 8, 15, 14, 0]}]}