{"volumes": [206, 0, 706, 483, 497, 197, 678, 248, 266, 744, 0, 242, 424, 0, 950], "conflicts": [[0, 10], [1, 6], [1, 7], [1, 14], [2, 10], [3, 10], [3, 13], [8, 13], [10, 14], [13, 14]], "tanks": [{"capacity": 261, "impossibleCargos": [0, 1, 2, 3, 4, 6, 8, 9, 10, 13, 14], "neighbors": [23, 19, 4, 11, 18, 8, 16, 24, 12, 20]}, {"capacity": 296, "impossibleCargos": [0, 1, 2, 3, 4, 5, 6, 7, 8, 10, 11, 12, 13, 14], "neighbors": [8, 16, 2, 13, 14, 5, 19, 7, 9]}, {"capacity": 252, "impossibleCargos": [1, 2, 3, 5, 6, 7, 8, 12, 14], "neighbors": [8, 9, 1, 17, 13, 15, 14, 7, 4, 18]}, {"capacity": 213, "impossibleCargos": [1, 3, 4, 6, 7, 8, 9, 10, 12, 14], "neighbors": [17, 23, 14, 7, 12, 20, 21, 15, 22, 13, 9, 24, 4]}, {"capacity": 250, "impossibleCargos": [0, 2, 3, 4, 5, 6, 7, 8, 9, 10, 12, 13], "neighbors": [6, 13, 0, 11, 12, 24, 8, 16, 17, 15, 10, 7, 2, 3, 19]}, {"capacity": 210, "impossibleCargos": [0, 1, 3, 5, 7, 10, 11, 14], "neighbors": [21, 19, 16, 24, 1, 8, 23, 7]}, {"capacity": 236, "impossibleCargos": [0, 2, 3, 5, 6, 8, 9, 12, 13], "neighbors": [4, 13, 22, 10, 21, 14, 20, 12, 16, 24, 23, 17]}, {"capacity": 226, "impossibleCargos": [2, 4, 7, 8, 9, 11, 13, 14], "neighbors": [10, 19, 3, 21, 23, 20, 11, 1, 2, 4, 24, 5, 15]}, {"capacity": 244, "impossibleCargos": [0, 1, 2, 4, 7, 8, 9, 10, 12], "neighbors": [2, 17, 1, 0, 10, 4, 18, 5, 16, 21, 13]}, {"capacity": 300, "impossibleCargos": [0, 1, 2, 3, 4, 5, 6, 7, 8, 10, 12, 13, 14], "neighbors": [15, 21, 10, 2, 11, 20, 17, 24, 3, 16, 22, 1]}, {"capacity": 223, "impossibleCargos": [0, 1, 3, 4, 5, 6, 7, 8, 9, 10, 12, 13, 14], "neighbors": [22, 7, 9, 8, 6, 15, 18, 19, 13, 4, 12, 21, 23, 17, 24]}, {"capacity": 261, "impossibleCargos": [0, 2, 3, 4, 5, 7, 8, 9, 10, 11, 12, 13], "neighbors": [0, 4, 16, 9, 17, 22, 7, 19, 20, 14]}, {"capacity": 270, "impossibleCargos": [1, 2, 3, 5, 6, 7, 9, 11, 13], "neighbors": [13, 21, 3, 20, 4, 23, 18, 14, 0, 6, 10, 15, 17]}, {"capacity": 297, "impossibleCargos": [0, 1, 2, 3, 5, 6, 7, 8, 9, 11, 12, 13, 14], "neighbors": [22, 14, 6, 4, 12, 1, 21, 20, 10, 2, 15, 3, 8]}, {"capacity": 279, "impossibleCargos": [2, 6, 7, 8, 9, 10, 11, 12, 14], "neighbors": [16, 13, 3, 24, 17, 1, 12, 6, 2, 19, 20, 18, 21, 11]}, {"capacity": 280, "impossibleCargos": [0, 1, 3, 4, 5, 6, 7, 8, 10, 11, 12, 13, 14], "neighbors": [9, 19, 10, 22, 3, 4, 2, 13, 12, 24, 7]}, {"capacity": 209, "impossibleCargos": [0, 1, 2, 6, 7, 10, 12, 13, 14], "neighbors": [14, 17, 18, 1, 0, 11, 5, 4, 23, 22, 21, 8, 9, 19, 6]}, {"capacity": 217, "impossibleCargos": [0, 1, 2, 3, 4, 5, 7, 10, 11, 12, 13, 14], "neighbors": [8, 3, 16, 14, 11, 9, 4, 2, 19, 12, 10, 6]}, {"capacity": 226, "impossibleCargos": [1, 4, 5, 6, 7, 10, 11, 13], "neighbors": [16, 0, 10, 12, 8, 21, 14, 23, 24, 2]}, {"capacity": 226, "impossibleCargos": [1, 2, 4, 5, 6, 7, 8, 9, 10, 11, 13, 14], "neighbors": [7, 0, 15, 5, 21, 10, 1, 17, 14, 16, 11, 4]}, {"capacity": 281, "impossibleCargos": [0, 2, 3, 4, 5, 6, 7, 10, 11, 12, 14], "neighbors": [12, 3, 22, 9, 13, 0, 7, 6, 23, 14, 11]}, {"capacity": 212, "impossibleCargos": [1, 4, 6, 7, 8, 9, 10, 11, 12, 13, 14], "neighbors": [9, 5, 12, 23, 3, 19, 13, 7, 24, 6, 16, 18, 8, 10, 14]}, {"capacity": 228, "impossibleCargos": [0, 2, 4, 5, 7, 8, 9, 10, 12, 13, 14], "neighbors": [13, 10, 6, 23, 20, 15, 3, 16, 11, 9]}, {"capacity": 237, "impossibleCargos": [2, 3, 5, 6, 7, 8, 9, 10, 11, 12, 13], "neighbors": [3, 0, 22, 21, 12, 16, 7, 24, 20, 5, 10, 18, 6]}, {"capacity": 224, "impossibleCargos": [0, 1, 2, 4, 7, 8, 10, 12, 13], "neighbors": [14, 0, 5, 4, 21, 9, 23, 7, 15, 3, 6, 18, 10]}]}