{"volumes": [0, 233, 205, 498, 213, 246, 772, 0, 212, 526, 222, 618, 652, 828, 213], "conflicts": [[0, 2], [0, 3], [0, 4], [0, 5], [0, 6], [0, 9], [0, 10], [0, 14], [1, 4], [1, 5], [1, 8], [2, 4], [2, 5], [2, 7], [3, 5], [4, 7], [4, 8], [5, 14], [7, 8], [7, 9], [7, 10], [7, 11], [8, 13], [8, 14]], "tanks": [{"capacity": 295, "impossibleCargos": [1, 2, 3, 4, 5, 7, 8, 9, 10, 14], "neighbors": [15, 2, 23, 6, 22, 12, 8, 4, 10, 7, 13, 21, 14, 17, 9, 24]}, {"capacity": 247, "impossibleCargos": [0, 1, 4, 6, 7, 8, 9, 11, 12, 14], "neighbors": [4, 13, 18, 12, 9, 23, 7, 10, 15, 21, 2, 19, 6, 24]}, {"capacity": 241, "impossibleCargos": [0, 1, 4, 6, 7, 8, 11, 13, 14], "neighbors": [0, 16, 22, 19, 12, 13, 1, 9, 18, 17, 6]}, {"capacity": 265, "impossibleCargos": [0, 1, 2, 4, 5, 7, 8, 9, 10, 11, 12], "neighbors": [8, 16, 6, 10, 17, 9, 19, 4, 22, 23, 13, 21]}, {"capacity": 235, "impossibleCargos": [1, 2, 5, 6, 7, 8, 9, 10, 14], "neighbors": [1, 18, 15, 12, 0, 9, 8, 14, 3, 13, 19, 16, 22]}, {"capacity": 248, "impossibleCargos": [0, 1, 2, 3, 4, 5, 8, 9, 11, 12, 13], "neighbors": [9, 7, 16, 21, 15, 20]}, {"capacity": 238, "impossibleCargos": [0, 2, 3, 4, 5, 6, 7, 9, 10, 11, 12, 13, 14], "neighbors": [11, 14, 0, 20, 3, 10, 21, 7, 18, 1, 23, 9, 19, 2]}, {"capacity": 205, "impossibleCargos": [0, 1, 2, 3, 4, 5, 6, 7, 8, 9, 12, 13], "neighbors": [5, 14, 13, 1, 22, 17, 8, 0, 12, 21, 6, 10, 20]}, {"capacity": 246, "impossibleCargos": [1, 3, 4, 5, 6, 7, 8, 9, 11, 12, 13, 14], "neighbors": [17, 19, 20, 3, 21, 0, 11, 4, 7, 9, 16, 22, 12]}, {"capacity": 227, "impossibleCargos": [0, 1, 2, 4, 5, 7, 8, 9, 10, 11, 12, 14], "neighbors": [19, 5, 1, 16, 3, 4, 21, 8, 2, 0, 6]}, {"capacity": 217, "impossibleCargos": [0, 1, 3, 4, 6, 7, 8, 9, 10, 11, 12, 13], "neighbors": [23, 20, 3, 1, 6, 24, 0, 22, 19, 7, 21, 11]}, {"capacity": 240, "impossibleCargos": [0, 1, 2, 3, 5, 6, 7, 8, 9, 10, 11, 13, 14], "neighbors": [19, 6, 12, 24, 8, 23, 13, 17, 10, 21]}, {"capacity": 211, "impossibleCargos": [1, 2, 3, 4, 6, 7, 8, 9, 10, 14], "neighbors": [18, 1, 16, 11, 19, 2, 4, 0, 24, 7, 23, 21, 8]}, {"capacity": 285, "impossibleCargos": [0, 1, 2, 3, 5, 6, 7, 8, 10, 11, 12, 13, 14], "neighbors": [1, 15, 17, 7, 2, 21, 0, 3, 4, 11, 18, 20]}, {"capacity": 221, "impossibleCargos": [0, 2, 3, 4, 5, 6, 7, 8, 10, 13, 14], "neighbors": [20, 6, 7, 4, 23, 0, 22, 15, 17, 16]}, {"capacity": 240, "impossibleCargos": [0, 1, 3, 4, 5, 6, 7, 9, 10, 11, 14], "neighbors": [0, 24, 13, 4, 5, 18, 21, 1, 23, 17, 14, 16]}, {"capacity": 233, "impossibleCargos": [0, 1, 2, 3, 4, 5, 6, 10, 11, 12, 13, 14], "neighbors": [12, 2, 5, 3, 9, 17, 19, 8, 4, 15, 14]}, {"capacity": 272, "impossibleCargos": [1, 3, 4, 6, 7, 8, 10, 11, 12, 13], "neighbors": [8, 24, 22, 13, 18, 3, 7, 16, 0, 15, 11, 2, 14]}, {"capacity": 206, "impossibleCargos": [0, 1, 3, 5, 6, 7, 8, 10, 11], "neighbors": [12, 1, 23, 4, 17, 15, 22, 13, 2, 6, 19]}, {"capacity": 223, "impossibleCargos": [0, 1, 3, 4, 5, 6, 7, 8, 9, 10, 11, 12, 13, 14], "neighbors": [9, 11, 8, 12, 2, 3, 21, 4, 16, 10, 20, 1, 18, 6]}, {"capacity": 228, "impossibleCargos": [1, 3, 5, 6, 7, 9, 10, 11, 12], "neighbors": [14, 8, 6, 10, 5, 19, 23, 13, 7]}, {"capacity": 288, "impossibleCargos": [0, 1, 4, 5, 6, 7, 8, 9, 10], "neighbors": [8, 5, 15, 13, 23, 9, 1, 0, 19, 7, 6, 12, 10, 3, 11, 24]}, {"capacity": 216, "impossibleCargos": [0, 1, 2, 3, 5, 6, 7, 10, 12, 13, 14], "neighbors": [2, 17, 0, 7, 3, 10, 18, 14, 8, 23, 4]}, {"capacity": 300, "impossibleCargos": [0, 1, 2, 3, 4, 5, 6, 7, 10, 11, 13, 14], "neighbors": [18, 0, 10, 1, 15, 11, 24, 21, 3, 14, 12, 20, 6, 22]}, {"capacity": 206, "impossibleCargos": [0, 1, 2, 5, 6, 8, 9, 11, 14], "neighbors": [15, 17, 11, 10, 12, 23, 1, 0, 21]}]}