{"volumes": [263, 0, 474, 424, 254, 500, 519, 258, 273, 587, 690, 507, 478, 546, 0], "conflicts": [[0, 1], [0, 4], [0, 5], [0, 9], [0, 14], [1, 2], [1, 3], [1, 5], [1, 6], [1, 7], [1, 9], [1, 11], [1, 14], [2, 13], [2, 14], [3, 7], [3, 8], [3, 14], [4, 6], [4, 7], [4, 12], [4, 14], [5, 7], [5, 14], [6, 14], [7, 8], [8, 11], [8, 12], [8, 14], [9, 14], [11, 14], [12, 14]], "tanks": [{"capacity": 280, "impossibleCargos": [0, 2, 4, 5, 7, 8, 9, 10, 11, 13, 14], "neighbors": [19, 17, 24, 16, 10, 14, 8, 11, 15, 4, 6]}, {"capacity": 229, "impossibleCargos": [0, 1, 2, 3, 4, 5, 7, 8, 9, 10, 11, 13], "neighbors": [22, 23, 7, 6, 9, 2, 20, 3, 18, 16, 10, 8, 11, 12]}, {"capacity": 285, "impossibleCargos": [0, 1, 2, 3, 5, 6, 7, 8, 9, 10, 12, 14], "neighbors": [10, 11, 24, 19, 1, 8, 7, 6, 12, 18, 22]}, {"capacity": 246, "impossibleCargos": [0, 1, 2, 3, 4, 6, 7, 8, 9, 10, 11, 13, 14], "neighbors": [17, 23, 4, 18, 1, 15, 5, 13, 20, 14]}, {"capacity": 250, "impossibleCargos": [0, 3, 4, 5, 7, 8, 10, 11, 12, 13, 14], "neighbors": [3, 18, 16, 14, 9, 22, 5, 13, 10, 7, 8, 0]}, {"capacity": 275, "impossibleCargos": [1, 2, 3, 4, 5, 6, 9, 10, 11, 12, 13, 14], "neighbors": [12, 13, 8, 22, 9, 4, 16, 3, 15, 6, 10]}, {"capacity": 221, "impossibleCargos": [0, 1, 2, 3, 4, 5, 6, 10, 11, 13, 14], "neighbors": [1, 20, 16, 12, 23, 10, 2, 14, 5, 19, 0]}, {"capacity": 234, "impossibleCargos": [0, 1, 4, 5, 6, 7, 9, 10, 12, 13, 14], "neighbors": [1, 10, 8, 13, 2, 18, 17, 4, 14, 9, 24]}, {"capacity": 275, "impossibleCargos": [1, 2, 3, 4, 6, 7, 8, 9, 10, 11, 12, 13, 14], "neighbors": [15, 16, 12, 7, 5, 2, 22, 0, 11, 17, 1, 19, 4]}, {"capacity": 220, "impossibleCargos": [1, 3, 4, 5, 7, 10, 11, 12, 13, 14], "neighbors": [22, 16, 1, 23, 4, 14, 12, 17, 20, 5, 13, 24, 7, 18]}, {"capacity": 204, "impossibleCargos": [0, 1, 2, 3, 4, 11, 12, 14], "neighbors": [19, 21, 2, 16, 7, 15, 0, 6, 12, 1, 4, 17, 5]}, {"capacity": 237, "impossibleCargos": [0, 1, 4, 5, 7, 8, 10, 11, 12], "neighbors": [21, 20, 2, 23, 16, 18, 15, 0, 8, 22, 1]}, {"capacity": 296, "impossibleCargos": [0, 1, 2, 4, 5, 6, 8, 9, 12, 14], "neighbors": [5, 17, 8, 6, 9, 18, 13, 14, 22, 10, 2, 23, 15, 19, 1]}, {"capacity": 257, "impossibleCargos": [0, 1, 2, 3, 6, 7, 8, 10, 11, 12, 13, 14], "neighbors": [17, 5, 15, 16, 9, 12, 7, 21, 4, 3]}, {"capacity": 213, "impossibleCargos": [1, 2, 3, 5, 6, 7, 8, 10, 11, 12, 14], "neighbors": [15, 17, 4, 21, 9, 23, 0, 12, 19, 6, 7, 24, 3]}, {"capacity": 233, "impossibleCargos": [0, 1, 4, 6, 7, 8, 9, 11, 12, 14], "neighbors": [8, 24, 19, 13, 14, 22, 21, 10, 11, 16, 23, 3, 5, 0, 12]}, {"capacity": 247, "impossibleCargos": [0, 1, 2, 3, 4, 5, 6, 7, 8, 9, 11, 12, 13, 14], "neighbors": [20, 6, 9, 4, 8, 22, 10, 11, 0, 13, 15, 5, 1, 23, 17]}, {"capacity": 280, "impossibleCargos": [0, 1, 2, 4, 5, 6, 10, 12, 14], "neighbors": [3, 22, 13, 14, 0, 12, 9, 23, 21, 20, 7, 8, 10, 16]}, {"capacity": 243, "impossibleCargos": [0, 3, 4, 5, 6, 7, 8, 9, 10, 12, 14], "neighbors": [4, 22, 19, 11, 12, 3, 7, 1, 23, 9, 2]}, {"capacity": 274, "impossibleCargos": [1, 2, 5, 8, 9, 11, 12, 13, 14], "neighbors": [23, 10, 0, 18, 15, 2, 14, 8, 6, 12]}, {"capacity": 233, "impossibleCargos": [0, 1, 3, 5, 7, 9, 10, 11, 12, 13, 14], "neighbors": [16, 6, 11, 24, 9, 1, 21, 17, 3]}, {"capacity": 253, "impossibleCargos": [0, 1, 2, 3, 4, 8, 9, 11, 12, 13, 14], "neighbors": [11, 10, 24, 14, 15, 17, 20, 13]}, {"capacity": 250, "impossibleCargos": [0, 1, 3, 8, 9, 10, 11, 12, 13, 14], "neighbors": [17, 9, 1, 18, 16, 23, 4, 15, 24, 5, 8, 12, 11, 2]}, {"capacity": 287, "impossibleCargos": [0, 1, 2, 3, 5, 6, 8, 9, 10, 11, 13], "neighbors": [19, 3, 1, 9, 22, 11, 17, 14, 6, 15, 16, 18, 12, 24]}, {"capacity": 262, "impossibleCargos": [1, 2, 3, 4, 6, 8, 9, 10, 12, 13], "neighbors": [15, 21, 20, 0, 2, 22, 9, 14, 23, 7]}]}