{"volumes": [495, 208, 0, 0, 0, 201, 203, 544, 1213, 264, 0, 909, 681, 198, 610], "conflicts": [[0, 2], [0, 3], [0, 4], [0, 10], [1, 2], [1, 3], [1, 4], [1, 5], [1, 10], [2, 4], [2, 5], [2, 7], [2, 8], [2, 9], [2, 10], [2, 11], [2, 12], [2, 13], [3, 4], [3, 6], [3, 8], [3, 9], [3, 10], [3, 11], [3, 12], [3, 13], [3, 14], [4, 5], [4, 6], [4, 7], [4, 8], [4, 9], [4, 10], [4, 11], [4, 12], [4, 13], [4, 14], [5, 10], [6, 10], [6, 13], [7, 10], [8, 10], [9, 10], [10, 11], [10, 12], [10, 13], [10, 14]], "tanks": [{"capacity": 226, "impossibleCargos": [5, 13], "neighbors": [15, 6, 2, 17, 9, 24, 4, 21, 20, 1, 7, 23, 16, 22, 8, 11, 12, 5, 3, 14]}, {"capacity": 215, "impossibleCargos": [1, 3, 9], "neighbors": [2, 21, 13, 14, 11, 20, 10, 3, 0, 4, 18, 17, 22, 15, 9, 23, 7, 8, 6]}, {"capacity": 204, "impossibleCargos": [7, 8], "neighbors": [1, 24, 0, 11, 14, 15, 3, 18, 7, 6, 5, 4, 17, 8, 20, 19, 16, 9, 22, 21, 12]}, {"capacity": 242, "impossibleCargos": [2, 6, 9, 13], "neighbors": [18, 12, 23, 4, 16, 5, 21, 2, 7, 1, 17, 13, 20, 9, 8, 10, 0, 22, 24, 15]}, {"capacity": 293, "impossibleCargos": [6, 10], "neighbors": [21, 22, 20, 10, 7, 3, 9, 0, 18, 19, 14, 1, 2, 12, 5, 16, 15]}, {"capacity": 279, "impossibleCargos": [6, 9, 13, 14], "neighbors": [3, 19, 23, 13, 10, 12, 2, 18, 15, 8, 20, 22, 14, 4, 6, 0, 21]}, {"capacity": 202, "impossibleCargos": [1, 5, 6, 9, 11, 13], "neighbors": [9, 17, 0, 21, 24, 20, 14, 19, 2, 8, 7, 18, 22, 5, 1]}, {"capacity": 219, "impossibleCargos": [8, 9], "neighbors": [14, 21, 4, 12, 23, 22, 18, 16, 3, 11, 15, 2, 20, 0, 6, 13, 10, 17, 1, 9]}, {"capacity": 291, "impossibleCargos": [1, 3, 4, 5, 13], "neighbors": [14, 11, 22, 6, 23, 19, 18, 2, 0, 5, 15, 17, 12, 3, 1, 24, 20, 21]}, {"capacity": 211, "impossibleCargos": [3, 4, 6, 7, 10, 14], "neighbors": [6, 11, 0, 22, 16, 4, 24, 18, 12, 1, 15, 3, 21, 2, 14, 7]}, {"capacity": 293, "impossibleCargos": [4, 5, 9], "neighbors": [21, 4, 16, 11, 18, 5, 1, 23, 20, 14, 17, 19, 22, 7, 24, 13, 3, 15]}, {"capacity": 203, "impossibleCargos": [9], "neighbors": [20, 9, 12, 14, 15, 2, 16, 13, 19, 1, 10, 8, 7, 18, 17, 23, 0, 22]}, {"capacity": 239, "impossibleCargos": [1, 2], "neighbors": [19, 18, 7, 11, 3, 5, 16, 9, 13, 0, 4, 8, 15, 2, 21]}, {"capacity": 223, "impossibleCargos": [5, 11], "neighbors": [15, 1, 11, 18, 5, 16, 3, 17, 20, 14, 12, 7, 21, 24, 22, 10]}, {"capacity": 285, "impossibleCargos": [2, 3, 4, 8], "neighbors": [7, 16, 8, 11, 1, 20, 15, 17, 2, 6, 23, 4, 13, 10, 24, 5, 9, 0]}, {"capacity": 274, "impossibleCargos": [0], "neighbors": [13, 24, 0, 19, 11, 14, 2, 7, 21, 17, 1, 9, 5, 8, 12, 20, 16, 4, 10, 3]}, {"capacity": 205, "impossibleCargos": [0, 10, 14], "neighbors": [14, 10, 11, 3, 9, 13, 7, 18, 23, 12, 19, 17, 0, 2, 21, 15, 4]}, {"capacity": 220, "impossibleCargos": [4], "neighbors": [6, 0, 14, 19, 18, 24, 21, 3, 13, 11, 15, 16, 2, 10, 1, 7, 8]}, {"capacity": 240, "impossibleCargos": [3, 13], "neighbors": [3, 12, 13, 17, 2, 4, 7, 10, 20, 11, 16, 23, 9, 1, 8, 5, 24, 19, 6, 22]}, {"capacity": 267, "impossibleCargos": [0, 9], "neighbors": [12, 20, 15, 24, 11, 5, 17, 4, 23, 6, 8, 22, 16, 10, 2, 18, 21]}, {"capacity": 240, "impossibleCargos": [3], "neighbors": [11, 24, 4, 19, 14, 1, 18, 21, 6, 7, 10, 0, 13, 23, 3, 2, 5, 15, 8]}, {"capacity": 210, "impossibleCargos": [1, 2, 5, 9], "neighbors": [24, 4, 10, 7, 22, 1, 6, 3, 0, 20, 15, 17, 13, 23, 9, 16, 2, 5, 12, 8, 19]}, {"capacity": 251, "impossibleCargos": [0, 1, 6], "neighbors": [4, 21, 9, 7, 23, 8, 19, 24, 1, 0, 10, 5, 13, 2, 11, 6, 18, 3]}, {"capacity": 288, "impossibleCargos": [8, 9, 13], "neighbors": [3, 7, 5, 22, 10, 19, 18, 14, 16, 8, 20, 0, 24, 11, 21, 1]}, {"capacity": 280, "impossibleCargos": [4, 6, 9, 11], "neighbors": [21, 15, 20, 2, 19, 6, 0, 9, 17, 22, 23, 14, 18, 10, 13, 8, 3]}]}