{"volumes": [261, 441, 534, 884, 0, 276, 422, 411, 207, 209, 926, 0, 525, 0, 436], "conflicts": [[0, 9], [0, 13], [1, 4], [1, 11], [1, 13], [3, 11], [3, 13], [4, 6], [4, 8], [4, 9], [4, 12], [4, 13], [4, 14], [5, 11], [6, 13], [7, 11], [7, 13], [8, 13], [9, 11], [10, 11], [10, 13], [11, 13], [11, 14], [12, 13]], "tanks": [{"capacity": 230, "impossibleCargos": [1, 2, 3, 8, 9, 10, 12], "neighbors": [1, 5, 6, 4, 24, 21, 8, 14, 18, 19, 16, 3, 17, 13, 9, 10, 7, 2, 23, 15, 11]}, {"capacity": 256, "impossibleCargos": [0, 2, 5, 6, 10, 13, 14], "neighbors": [2, 22, 12, 5, 10, 0, 20, 15, 13, 3, 24, 17, 4, 11, 19, 9, 23]}, {"capacity": 208, "impossibleCargos": [0, 1, 2, 4, 5, 9, 12], "neighbors": [1, 12, 23, 9, 13, 14, 21, 18, 10, 20, 8, 5, 11, 16, 4, 7, 6, 24, 0, 19, 22, 3]}, {"capacity": 209, "impossibleCargos": [0, 2, 8, 9, 10, 12, 13], "neighbors": [15, 6, 10, 12, 8, 1, 11, 4, 14, 0, 21, 17, 20, 16, 24, 22, 18, 2]}, {"capacity": 220, "impossibleCargos": [0, 1, 6, 7, 10, 11, 12, 14], "neighbors": [17, 16, 21, 23, 10, 0, 24, 5, 13, 3, 15, 1, 2, 6, 20, 12, 19, 22, 7]}, {"capacity": 285, "impossibleCargos": [0, 8, 10, 11, 14], "neighbors": [9, 14, 1, 19, 22, 0, 17, 7, 18, 20, 4, 16, 8, 2, 21, 10, 23, 15, 13]}, {"capacity": 248, "impossibleCargos": [0, 2, 6, 8, 11, 12, 13], "neighbors": [12, 3, 23, 10, 17, 0, 7, 11, 20, 9, 8, 14, 22, 16, 21, 4, 2, 15]}, {"capacity": 289, "impossibleCargos": [5, 7, 10, 11, 12, 13], "neighbors": [9, 6, 5, 8, 22, 23, 18, 0, 2, 16, 10, 11, 4]}, {"capacity": 279, "impossibleCargos": [0, 1, 2, 3, 4, 7, 9, 11, 12, 13, 14], "neighbors": [15, 3, 17, 23, 6, 16, 12, 0, 9, 7, 5, 2, 14, 19, 18]}, {"capacity": 220, "impossibleCargos": [2, 4, 7, 12], "neighbors": [5, 15, 2, 7, 14, 13, 21, 11, 6, 20, 8, 18, 19, 0, 22, 23, 17, 1]}, {"capacity": 233, "impossibleCargos": [0, 4, 5, 7, 12, 14], "neighbors": [3, 11, 1, 6, 18, 4, 20, 2, 12, 19, 13, 5, 23, 14, 16, 0, 17, 7]}, {"capacity": 242, "impossibleCargos": [1, 7, 8, 10, 11, 12, 14], "neighbors": [10, 9, 14, 17, 16, 21, 12, 6, 23, 13, 3, 15, 22, 18, 2, 1, 7, 0]}, {"capacity": 218, "impossibleCargos": [0, 3, 4, 6, 8, 10, 13], "neighbors": [6, 2, 24, 1, 3, 11, 17, 21, 16, 18, 13, 8, 15, 10, 20, 19, 23, 4]}, {"capacity": 272, "impossibleCargos": [0, 1, 3, 5, 9, 11, 12, 13], "neighbors": [16, 22, 20, 19, 2, 18, 9, 17, 23, 12, 11, 1, 4, 24, 0, 10, 14, 21, 5]}, {"capacity": 286, "impossibleCargos": [0, 7, 8, 11, 14], "neighbors": [5, 9, 2, 11, 19, 21, 24, 23, 6, 0, 3, 8, 16, 13, 18, 10]}, {"capacity": 221, "impossibleCargos": [0, 2, 3, 5, 8, 11, 12, 13], "neighbors": [3, 8, 9, 16, 24, 1, 17, 18, 12, 11, 19, 22, 4, 23, 5, 6, 0, 21, 20]}, {"capacity": 267, "impossibleCargos": [1, 3, 4, 5, 6, 9, 12, 13, 14], "neighbors": [13, 15, 4, 17, 11, 19, 20, 12, 8, 5, 18, 6, 0, 14, 2, 23, 10, 3, 7, 22]}, {"capacity": 282, "impossibleCargos": [1, 5, 6, 9, 11, 14], "neighbors": [4, 16, 6, 11, 15, 12, 5, 22, 8, 13, 23, 1, 20, 24, 0, 3, 10, 9, 18]}, {"capacity": 235, "impossibleCargos": [4, 6, 8, 9, 10, 12], "neighbors": [13, 10, 5, 15, 12, 2, 16, 0, 9, 21, 22, 11, 24, 14, 7, 8, 3, 20, 17, 19]}, {"capacity": 233, "impossibleCargos": [1, 2, 4, 5, 6, 7, 11, 13, 14], "neighbors": [13, 5, 24, 14, 16, 15, 0, 9, 21, 12, 10, 20, 8, 1, 2, 18, 4]}, {"capacity": 243, "impossibleCargos": [0, 1, 3, 4, 9, 10, 12, 13], "neighbors": [13, 22, 1, 16, 6, 10, 5, 9, 17, 2, 24, 12, 19, 3, 23, 18, 4, 15]}, {"capacity": 200, "impossibleCargos": [2, 3, 4, 5, 7, 9, 10, 11, 12, 13, 14], "neighbors": [4, 9, 14, 11, 2, 12, 0, 18, 19, 23, 3, 6, 5, 13, 24, 15]}, {"capacity": 204, "impossibleCargos": [1, 5, 6, 7, 9, 13, 14], "neighbors": [13, 20, 1, 24, 5, 17, 11, 6, 15, 7, 18, 9, 3, 16, 2, 4]}, {"capacity": 217, "impossibleCargos": [1, 2, 4, 7, 8, 10, 11, 13], "neighbors": [2, 6, 4, 14, 11, 8, 13, 17, 7, 21, 16, 5, 15, 20, 10, 24, 12, 9, 0, 1]}, {"capacity": 272, "impossibleCargos": [1, 5, 7, 10, 14], "neighbors": [12, 15, 19, 22, 14, 4, 0, 1, 20, 17, 13, 18, 23, 3, 21, 2]}]}