{"volumes": [277, 189, 0, 468, 243, 1136, 705, 0, 484, 267, 546, 283, 0, 632, 452], "conflicts": [[0, 2], [0, 7], [0, 10], [0, 11], [0, 12], [1, 7], [2, 3], [2, 4], [2, 5], [2, 6], [2, 7], [2, 10], [2, 11], [2, 12], [2, 13], [4, 7], [4, 9], [4, 12], [6, 7], [7, 8], [7, 9], [7, 10], [7, 12], [7, 13], [7, 14], [8, 12], [10, 12], [12, 13], [12, 14]], "tanks": [{"capacity": 262, "impossibleCargos": [0, 1, 7, 11, 12, 13], "neighbors": [23, 1, 11, 18, 14, 19, 13, 8, 2, 22, 20, 24, 4, 17, 3, 10, 21, 5, 7]}, {"capacity": 260, "impossibleCargos": [4, 7, 9, 10, 14], "neighbors": [0, 21, 20, 4, 8, 18, 17, 11, 13, 7, 12, 23, 10, 16, 22, 24, 6, 15]}, {"capacity": 286, "impossibleCargos": [8, 9, 13], "neighbors": [13, 19, 20, 11, 21, 0, 5, 17, 15, 4, 24, 3, 16, 18, 10, 8]}, {"capacity": 206, "impossibleCargos": [2, 3, 9, 10, 11, 13, 14], "neighbors": [24, 16, 17, 21, 2, 6, 13, 11, 5, 22, 8, 4, 0, 20, 10, 7, 18]}, {"capacity": 286, "impossibleCargos": [0, 6, 9], "neighbors": [23, 15, 1, 24, 14, 9, 17, 6, 18, 2, 5, 0, 22, 3, 10, 12, 13, 8, 19]}, {"capacity": 264, "impossibleCargos": [1, 2, 3, 8, 12, 13, 14], "neighbors": [18, 15, 8, 12, 20, 2, 6, 16, 19, 24, 4, 22, 13, 3, 7, 10, 11, 9, 0, 14]}, {"capacity": 235, "impossibleCargos": [1, 3, 7, 12, 13], "neighbors": [24, 23, 19, 20, 10, 4, 5, 13, 16, 8, 3, 9, 7, 12, 1, 18]}, {"capacity": 270, "impossibleCargos": [0, 1, 2, 6, 7, 11, 14], "neighbors": [8, 9, 21, 23, 24, 22, 11, 19, 15, 1, 12, 16, 6, 5, 10, 3, 13, 14, 20, 0]}, {"capacity": 256, "impossibleCargos": [0, 4, 5, 6, 7, 8, 12, 13, 14], "neighbors": [7, 18, 14, 1, 5, 0, 16, 9, 22, 6, 3, 11, 21, 17, 19, 15, 4, 20, 2, 23]}, {"capacity": 214, "impossibleCargos": [0, 2, 3, 7, 8, 11, 14], "neighbors": [7, 17, 19, 24, 4, 14, 20, 8, 22, 23, 16, 6, 21, 13, 11, 5]}, {"capacity": 243, "impossibleCargos": [1, 2, 5, 6, 8, 9, 10, 13], "neighbors": [17, 22, 23, 12, 18, 6, 16, 19, 1, 13, 14, 4, 2, 7, 3, 0, 21, 5, 24, 11]}, {"capacity": 292, "impossibleCargos": [3, 6, 7, 12, 13], "neighbors": [0, 21, 24, 2, 7, 20, 1, 3, 16, 15, 8, 9, 13, 12, 19, 23, 5, 10]}, {"capacity": 252, "impossibleCargos": [0, 2, 4, 5, 6, 7, 12], "neighbors": [16, 17, 20, 10, 5, 22, 21, 1, 7, 18, 14, 4, 11, 6, 23]}, {"capacity": 287, "impossibleCargos": [2, 3, 8, 9, 12], "neighbors": [2, 22, 0, 21, 15, 6, 1, 5, 10, 3, 20, 9, 4, 16, 11, 7, 23, 19]}, {"capacity": 233, "impossibleCargos": [0, 2, 3, 4, 5, 7, 11], "neighbors": [23, 8, 4, 0, 9, 12, 17, 10, 18, 19, 7, 20, 5]}, {"capacity": 214, "impossibleCargos": [0, 1, 4, 7, 8, 9, 11, 12], "neighbors": [4, 16, 5, 13, 7, 2, 19, 17, 21, 11, 23, 8, 24, 1]}, {"capacity": 288, "impossibleCargos": [2, 4, 5, 6, 9, 12, 13, 14], "neighbors": [12, 3, 15, 19, 22, 23, 8, 5, 24, 10, 6, 9, 7, 2, 1, 11, 20, 21, 13, 17]}, {"capacity": 278, "impossibleCargos": [0, 1, 3, 5, 8, 9, 11], "neighbors": [10, 9, 12, 22, 18, 3, 24, 19, 4, 1, 2, 14, 15, 23, 0, 21, 8, 16]}, {"capacity": 288, "impossibleCargos": [1, 2, 4, 5, 7, 9, 11, 12, 14], "neighbors": [8, 5, 17, 1, 0, 24, 10, 4, 12, 23, 2, 21, 20, 19, 22, 14, 3, 6]}, {"capacity": 207, "impossibleCargos": [0, 2, 5, 6, 14], "neighbors": [2, 9, 6, 16, 17, 0, 7, 5, 20, 23, 10, 15, 8, 21, 18, 11, 14, 22, 13, 4]}, {"capacity": 222, "impossibleCargos": [2, 3, 4, 6, 7, 9, 12], "neighbors": [1, 12, 24, 2, 6, 23, 5, 11, 22, 9, 19, 0, 21, 16, 13, 18, 3, 8, 7, 14]}, {"capacity": 283, "impossibleCargos": [0, 2, 4, 7, 8, 10], "neighbors": [1, 11, 7, 2, 13, 3, 12, 20, 23, 9, 18, 15, 17, 16, 22, 8, 19, 10, 0]}, {"capacity": 205, "impossibleCargos": [3, 4, 8, 9, 11], "neighbors": [10, 17, 13, 16, 7, 12, 20, 0, 9, 8, 5, 1, 4, 3, 21, 18, 19, 23]}, {"capacity": 218, "impossibleCargos": [1, 4, 7], "neighbors": [0, 4, 14, 24, 6, 10, 7, 20, 16, 19, 9, 21, 18, 1, 17, 15, 12, 11, 13, 8, 22]}, {"capacity": 214, "impossibleCargos": [6, 7, 8, 10, 14], "neighbors": [3, 23, 6, 4, 20, 9, 17, 7, 18, 11, 16, 5, 0, 2, 1, 15, 10]}]}