{"volumes": [0, 850, 222, 546, 725, 452, 346, 486, 504, 0, 0, 482, 169, 0, 0], "conflicts": [[0, 2], [0, 7], [0, 11], [1, 12], [2, 6], [2, 11], [2, 14], [3, 13], [4, 10], [4, 12], [4, 14], [5, 13], [5, 14], [6, 7], [7, 13], [8, 9], [8, 13], [8, 14], [9, 11], [9, 13], [10, 11], [10, 12], [10, 13], [11, 12], [11, 14], [12, 13], [12, 14]], "tanks": [{"capacity": 272, "impossibleCargos": [8, 11, 14], "neighbors": [20, 3, 5, 1, 21, 18, 17, 4]}, {"capacity": 273, "impossibleCargos": [1, 7, 8, 11, 14], "neighbors": [12, 0]}, {"capacity": 300, "impossibleCargos": [1, 11, 12, 13], "neighbors": [7, 8, 4, 23, 24, 10]}, {"capacity": 233, "impossibleCargos": [0, 4, 6, 11, 13], "neighbors": [24, 0, 16, 17, 10, 8, 22]}, {"capacity": 223, "impossibleCargos": [7, 9, 12], "neighbors": [18, 8, 2, 15, 13, 0, 17, 10, 20]}, {"capacity": 227, "impossibleCargos": [0, 4, 7, 12, 14], "neighbors": [0, 15, 7, 6, 20, 8, 22, 21]}, {"capacity": 292, "impossibleCargos": [0, 4, 6, 7, 12, 13], "neighbors": [7, 18, 13, 10, 5, 11, 21]}, {"capacity": 208, "impossibleCargos": [11], "neighbors": [2, 6, 5, 21, 15, 14, 17, 19, 11, 23]}, {"capacity": 239, "impossibleCargos": [0, 7], "neighbors": [2, 16, 4, 19, 3, 21, 5, 22, 17]}, {"capacity": 267, "impossibleCargos": [2, 5, 8, 14], "neighbors": [17, 16, 24]}, {"capacity": 241, "impossibleCargos": [3, 6, 12, 14], "neighbors": [16, 6, 3, 19, 21, 2, 17, 4]}, {"capacity": 235, "impossibleCargos": [0, 2, 5, 6, 10, 13, 14], "neighbors": [15, 13, 6, 7]}, {"capacity": 233, "impossibleCargos": [8, 9], "neighbors": [1, 15, 14]}, {"capacity": 285, "impossibleCargos": [0, 4, 5, 6, 8, 12, 13], "neighbors": [11, 16, 6, 4]}, {"capacity": 277, "impossibleCargos": [5, 12], "neighbors": [23, 7, 12]}, {"capacity": 225, "impossibleCargos": [0, 4, 5, 7, 10, 11, 13], "neighbors": [11, 5, 12, 16, 7, 4, 24]}, {"capacity": 294, "impossibleCargos": [0, 2, 7, 8, 10, 11, 12, 13, 14], "neighbors": [10, 3, 13, 15, 8, 18, 9]}, {"capacity": 288, "impossibleCargos": [0, 2, 8, 13], "neighbors": [3, 9, 18, 0, 10, 8, 7, 4]}, {"capacity": 287, "impossibleCargos": [3, 4, 7], "neighbors": [21, 6, 23, 17, 0, 4, 16]}, {"capacity": 249, "impossibleCargos": [3, 4, 8], "neighbors": [8, 10, 21, 7]}, {"capacity": 278, "impossibleCargos": [3, 6], "neighbors": [0, 22, 5, 4]}, {"capacity": 251, "impossibleCargos": [1, 6, 12], "neighbors": [18, 0, 7, 8, 6, 10, 19, 5]}, {"capacity": 219, "impossibleCargos": [2, 3, 10, 13, 14], "neighbors": [20, 8, 5, 3]}, {"capacity": 288, "impossibleCargos": [0, 2, 3, 9, 12, 13], "neighbors": [18, 24, 14, 2, 7]}, {"capacity": 299, "impossibleCargos": [0, 1, 14], "neighbors": [3, 23, 2, 15, 9]}]}