{"volumes": [336, 0, 0, 214, 0, 545, 141, 555, 370, 322, 199, 209, 441, 591, 458], "conflicts": [[0, 8], [1, 4], [1, 5], [1, 8], [1, 9], [1, 10], [2, 3], [2, 4], [2, 7], [2, 10], [4, 8], [4, 9], [4, 11], [6, 8], [9, 12], [12, 14]], "tanks": [{"capacity": 219, "impossibleCargos": [3, 4, 5, 9], "neighbors": [2, 20, 3, 4, 21, 15]}, {"capacity": 206, "impossibleCargos": [1, 7, 12], "neighbors": [18, 6, 2, 19, 13]}, {"capacity": 217, "impossibleCargos": [8, 9], "neighbors": [0, 8, 1, 11, 14]}, {"capacity": 257, "impossibleCargos": [1, 7, 14], "neighbors": [20, 7, 9, 0, 17, 12]}, {"capacity": 242, "impossibleCargos": [0, 1, 9, 11, 13], "neighbors": [16, 11, 14, 13, 0, 15]}, {"capacity": 215, "impossibleCargos": [4, 6, 8, 10, 13], "neighbors": [22, 18, 8]}, {"capacity": 255, "impossibleCargos": [0, 2, 4, 8, 10], "neighbors": [19, 11, 17, 18, 9, 1, 21, 12, 7]}, {"capacity": 236, "impossibleCargos": [3, 6, 7, 8, 11], "neighbors": [19, 11, 3, 6]}, {"capacity": 252, "impossibleCargos": [0, 3, 12, 13], "neighbors": [16, 2, 24, 13, 22, 14, 5]}, {"capacity": 294, "impossibleCargos": [2], "neighbors": [10, 3, 6]}, {"capacity": 240, "impossibleCargos": [0, 1, 2, 4, 6, 9, 13], "neighbors": [9, 20, 12, 23]}, {"capacity": 221, "impossibleCargos": [6, 7, 10, 12], "neighbors": [14, 18, 7, 4, 6, 19, 2]}, {"capacity": 206, "impossibleCargos": [7, 11, 13], "neighbors": [19, 14, 10, 13, 6, 20, 3]}, {"capacity": 266, "impossibleCargos": [0, 5, 6, 10, 13], "neighbors": [22, 19, 17, 4, 8, 14, 12, 1]}, {"capacity": 286, "impossibleCargos": [0, 1, 9, 13], "neighbors": [11, 4, 21, 13, 12, 19, 8, 2]}, {"capacity": 300, "impossibleCargos": [0], "neighbors": [23, 18, 22, 0, 4]}, {"capacity": 287, "impossibleCargos": [2, 3, 4, 8, 9], "neighbors": [4, 8, 20, 17, 19]}, {"capacity": 260, "impossibleCargos": [6, 9, 10, 14], "neighbors": [20, 13, 6, 16, 23, 3]}, {"capacity": 239, "impossibleCargos": [1, 8, 10, 11], "neighbors": [11, 15, 1, 6, 24, 5, 22, 20, 19]}, {"capacity": 248, "impossibleCargos": [0, 14], "neighbors": [7, 6, 13, 12, 20, 14, 11, 16, 1, 22, 18]}, {"capacity": 268, "impossibleCargos": [0, 7, 10, 11, 14], "neighbors": [10, 17, 19, 21, 3, 16, 0, 12, 18]}, {"capacity": 294, "impossibleCargos": [0, 4, 13], "neighbors": [20, 23, 14, 0, 6]}, {"capacity": 200, "impossibleCargos": [2], "neighbors": [13, 15, 5, 8, 18, 19]}, {"capacity": 239, "impossibleCargos": [7, 9, 14], "neighbors": [15, 21, 17, 10]}, {"capacity": 241, "impossibleCargos": [1, 2, 6, 7, 9], "neighbors": [8, 18]}]}