{"volumes": [295, 386, 0, 0, 145, 931, 201, 0, 784, 148, 0, 213, 402, 411, 583], "conflicts": [[0, 1], [0, 2], [0, 6], [0, 7], [0, 9], [0, 11], [0, 12], [1, 4], [1, 6], [1, 7], [1, 9], [1, 10], [2, 3], [2, 4], [2, 5], [2, 6], [2, 8], [2, 9], [2, 12], [2, 14], [3, 5], [3, 7], [3, 9], [3, 10], [3, 11], [3, 14], [4, 7], [4, 9], [4, 10], [4, 12], [5, 7], [6, 7], [6, 9], [6, 13], [7, 8], [7, 11], [7, 12], [8, 10], [8, 11], [9, 10], [9, 13], [9, 14], [10, 11], [10, 12], [10, 13], [11, 14]], "tanks": [{"capacity": 226, "impossibleCargos": [10, 14], "neighbors": [11, 9, 2, 10, 6, 13, 23]}, {"capacity": 267, "impossibleCargos": [1, 2, 5, 7, 12], "neighbors": [5, 15, 2, 17, 23]}, {"capacity": 272, "impossibleCargos": [0, 2, 3, 4, 5, 6, 7, 12], "neighbors": [20, 5, 0, 1, 12, 9, 10, 17, 8]}, {"capacity": 202, "impossibleCargos": [2, 6, 10, 11, 14], "neighbors": [19, 17, 14, 11]}, {"capacity": 222, "impossibleCargos": [0, 1, 2, 10, 14], "neighbors": [8, 15, 18, 20, 21]}, {"capacity": 240, "impossibleCargos": [4, 6, 10, 12, 13, 14], "neighbors": [2, 1, 21, 9, 15, 18, 11]}, {"capacity": 246, "impossibleCargos": [5, 6, 10, 12], "neighbors": [24, 0, 13, 16, 20]}, {"capacity": 200, "impossibleCargos": [4, 13], "neighbors": [20, 24, 15, 8]}, {"capacity": 288, "impossibleCargos": [6, 9], "neighbors": [4, 18, 17, 23, 2, 9, 7, 19]}, {"capacity": 218, "impossibleCargos": [0, 2, 6, 7, 8, 14], "neighbors": [22, 21, 0, 16, 5, 2, 19, 23, 10, 8]}, {"capacity": 227, "impossibleCargos": [1], "neighbors": [0, 2, 9, 23]}, {"capacity": 280, "impossibleCargos": [0, 3, 7, 11, 12, 13, 14], "neighbors": [14, 0, 17, 3, 16, 5, 22]}, {"capacity": 212, "impossibleCargos": [1, 3, 11, 13], "neighbors": [20, 2]}, {"capacity": 279, "impossibleCargos": [0, 2, 6, 13], "neighbors": [15, 6, 0, 14, 16, 21]}, {"capacity": 273, "impossibleCargos": [0], "neighbors": [11, 23, 13, 3, 22, 17]}, {"capacity": 245, "impossibleCargos": [11, 13, 14], "neighbors": [13, 1, 24, 4, 5, 7]}, {"capacity": 256, "impossibleCargos": [7, 10, 13], "neighbors": [23, 9, 19, 6, 13, 11]}, {"capacity": 240, "impossibleCargos": [2, 4, 9, 10, 12, 13, 14], "neighbors": [3, 11, 8, 2, 20, 1, 14]}, {"capacity": 296, "impossibleCargos": [], "neighbors": [8, 24, 4, 20, 5, 23]}, {"capacity": 263, "impossibleCargos": [1, 3, 5, 7, 8, 9, 14], "neighbors": [3, 16, 9, 24, 8]}, {"capacity": 255, "impossibleCargos": [1, 3, 4, 5, 6, 10], "neighbors": [12, 2, 7, 4, 22, 18, 17, 6]}, {"capacity": 245, "impossibleCargos": [3, 5, 10], "neighbors": [9, 5, 4, 13]}, {"capacity": 272, "impossibleCargos": [4, 5, 6, 7, 8], "neighbors": [9, 24, 20, 14, 11]}, {"capacity": 234, "impossibleCargos": [6, 8], "neighbors": [16, 14, 8, 0, 9, 18, 1, 10]}, {"capacity": 274, "impossibleCargos": [6, 7, 12], "neighbors": [6, 7, 18, 15, 22, 19]}]}