{"volumes": [809, 0, 0, 129, 204, 317, 368, 145, 145, 0, 595, 854, 0, 480, 282], "conflicts": [[0, 2], [0, 3], [1, 4], [1, 5], [1, 7], [1, 10], [1, 12], [1, 13], [2, 3], [2, 5], [2, 6], [2, 8], [3, 7], [3, 8], [4, 8], [6, 7], [9, 13], [9, 14], [12, 14]], "tanks": [{"capacity": 223, "impossibleCargos": [1, 2, 8, 10, 11, 12, 14], "neighbors": [20, 21, 7, 17, 8, 19]}, {"capacity": 295, "impossibleCargos": [1, 3, 4, 6, 7, 8, 9, 10, 11], "neighbors": [12, 19, 13, 14, 2, 21, 15, 18]}, {"capacity": 201, "impossibleCargos": [0, 1, 2, 4, 8, 9, 11, 12], "neighbors": [16, 7, 3, 11, 1, 19, 4, 15]}, {"capacity": 250, "impossibleCargos": [0, 2, 3, 4, 6, 9, 12, 13], "neighbors": [24, 2, 12, 14, 15, 18, 16, 21]}, {"capacity": 253, "impossibleCargos": [0, 1, 2, 4, 6, 7, 12, 13, 14], "neighbors": [20, 16, 23, 2, 7]}, {"capacity": 213, "impossibleCargos": [2, 3, 4, 5, 6, 7, 8, 12, 13], "neighbors": [24, 21, 23, 11]}, {"capacity": 203, "impossibleCargos": [1, 7, 9, 10, 14], "neighbors": [18, 22, 20, 11, 10]}, {"capacity": 219, "impossibleCargos": [2, 3, 4, 7, 8, 12], "neighbors": [2, 16, 0, 20, 17, 4, 12, 24]}, {"capacity": 205, "impossibleCargos": [0, 1, 2, 5, 6, 10, 11, 12], "neighbors": [15, 10, 0]}, {"capacity": 281, "impossibleCargos": [1, 5, 7, 8, 10, 12, 13, 14], "neighbors": [15, 20]}, {"capacity": 280, "impossibleCargos": [0, 1, 2, 4, 5, 6, 7, 8, 11, 13, 14], "neighbors": [14, 8, 18, 6, 24]}, {"capacity": 275, "impossibleCargos": [2, 3, 4, 9, 11, 13, 14], "neighbors": [13, 20, 21, 17, 15, 2, 6, 12, 5]}, {"capacity": 207, "impossibleCargos": [0, 1, 3, 6, 9, 11, 14], "neighbors": [24, 1, 3, 11, 7]}, {"capacity": 233, "impossibleCargos": [2, 7, 8, 11, 12, 13], "neighbors": [11, 1, 20]}, {"capacity": 264, "impossibleCargos": [1, 3, 4, 6, 7, 9, 10, 12, 13], "neighbors": [16, 10, 23, 1, 3, 19]}, {"capacity": 295, "impossibleCargos": [0, 3, 4, 9, 10, 14], "neighbors": [8, 11, 2, 9, 1, 3]}, {"capacity": 295, "impossibleCargos": [0, 1, 3, 4, 5, 6, 8, 10, 12], "neighbors": [2, 7, 14, 4, 22, 17, 3, 20]}, {"capacity": 215, "impossibleCargos": [0, 1, 2, 7, 8, 9, 10], "neighbors": [11, 0, 21, 16, 7]}, {"capacity": 270, "impossibleCargos": [1, 4, 5, 6, 7, 9, 11, 13, 14], "neighbors": [22, 6, 10, 23, 1, 3]}, {"capacity": 213, "impossibleCargos": [2, 8, 10, 13], "neighbors": [24, 1, 2, 0, 21, 14]}, {"capacity": 285, "impossibleCargos": [2, 5, 6, 9, 11, 14], "neighbors": [0, 4, 11, 6, 7, 21, 13, 9, 16]}, {"capacity": 220, "impossibleCargos": [1, 4, 6, 8, 10, 11, 12, 13, 14], "neighbors": [0, 5, 11, 17, 1, 24, 20, 19, 3]}, {"capacity": 258, "impossibleCargos": [0, 3, 9, 11, 12], "neighbors": [18, 23, 16, 6]}, {"capacity": 296, "impossibleCargos": [1, 6, 9, 10], "neighbors": [14, 22, 5, 4, 18]}, {"capacity": 201, "impossibleCargos": [2, 3, 4, 5, 8, 9, 12], "neighbors": [3, 5, 12, 19, 21, 10, 7]}]}