{"volumes": [175, 143, 404, 181, 0, 145, 236, 437, 252, 204, 193, 394, 744, 192, 537], "conflicts": [[0, 2], [0, 3], [0, 14], [1, 9], [1, 10], [2, 4], [3, 4], [3, 5], [3, 7], [3, 9], [4, 5], [4, 10], [4, 13], [6, 8], [6, 10], [7, 9], [7, 11], [8, 11]], "tanks": [{"capacity": 215, "impossibleCargos": [0, 2, 5, 6, 8, 9], "neighbors": [17, 18, 16, 23]}, {"capacity": 242, "impossibleCargos": [0, 1, 2, 8, 11, 14], "neighbors": [10, 6, 3, 23, 8, 12, 20]}, {"capacity": 213, "impossibleCargos": [1, 5, 7, 9, 11], "neighbors": [20, 3, 10, 21, 6]}, {"capacity": 208, "impossibleCargos": [1, 2, 12, 13], "neighbors": [2, 21, 1, 19, 20, 16]}, {"capacity": 245, "impossibleCargos": [0, 4, 5, 9, 11, 12], "neighbors": [11, 6, 13, 12, 21, 24, 9, 17, 20]}, {"capacity": 209, "impossibleCargos": [1, 4, 5, 8, 9, 10, 11], "neighbors": [15, 7, 6, 17, 14, 10, 24]}, {"capacity": 274, "impossibleCargos": [0, 2, 4, 5, 6, 10, 11], "neighbors": [4, 14, 22, 1, 7, 5, 2]}, {"capacity": 219, "impossibleCargos": [0, 1, 3, 7, 8], "neighbors": [10, 5, 8, 6, 9, 23]}, {"capacity": 222, "impossibleCargos": [1, 3, 4, 12, 14], "neighbors": [7, 14, 1, 17, 19]}, {"capacity": 234, "impossibleCargos": [1, 2, 5, 7, 9, 13], "neighbors": [21, 7, 16, 4, 10]}, {"capacity": 206, "impossibleCargos": [3, 5, 9, 14], "neighbors": [7, 1, 17, 2, 16, 11, 18, 14, 5, 9]}, {"capacity": 220, "impossibleCargos": [1, 3, 4, 7, 11, 14], "neighbors": [19, 4, 22, 18, 10]}, {"capacity": 207, "impossibleCargos": [2, 3, 4, 7, 9, 10, 11, 12], "neighbors": [22, 4, 1, 18]}, {"capacity": 250, "impossibleCargos": [0, 2, 5, 6, 7, 8, 9, 10, 12, 14], "neighbors": [4, 15, 22]}, {"capacity": 267, "impossibleCargos": [0, 1, 4, 8, 10, 11, 13], "neighbors": [24, 22, 6, 8, 10, 15, 5]}, {"capacity": 278, "impossibleCargos": [1, 5, 9, 10, 11, 12, 14], "neighbors": [5, 20, 13, 14]}, {"capacity": 260, "impossibleCargos": [1, 3, 4, 7, 8, 11, 12], "neighbors": [20, 23, 0, 10, 9, 3]}, {"capacity": 282, "impossibleCargos": [0, 2, 4, 7, 8, 9, 13], "neighbors": [0, 23, 10, 22, 8, 5, 20, 4]}, {"capacity": 220, "impossibleCargos": [2, 3, 5, 7, 8, 10, 12, 14], "neighbors": [0, 11, 21, 10, 12]}, {"capacity": 260, "impossibleCargos": [2, 6, 9, 11, 12], "neighbors": [11, 3, 8]}, {"capacity": 300, "impossibleCargos": [0, 7, 11], "neighbors": [2, 24, 16, 21, 15, 22, 3, 17, 1, 4]}, {"capacity": 277, "impossibleCargos": [0, 3, 5, 6, 7, 8, 11, 12], "neighbors": [20, 9, 18, 4, 3, 2]}, {"capacity": 207, "impossibleCargos": [3, 5, 6, 7, 11, 13, 14], "neighbors": [12, 14, 6, 11, 20, 17, 13]}, {"capacity": 218, "impossibleCargos": [0, 1, 2, 4, 6, 7, 10, 11, 13], "neighbors": [17, 16, 24, 1, 0, 7]}, {"capacity": 233, "impossibleCargos": [0, 1, 2, 7, 10, 13, 14], "neighbors": [20, 14, 23, 4, 5]}]}