{"volumes": [628, 0, 0, 0, 454, 168, 406, 148, 899, 0, 474, 260, 0, 580, 851], "conflicts": [[0, 1], [0, 2], [1, 3], [1, 4], [1, 5], [1, 6], [1, 9], [1, 10], [1, 11], [1, 13], [1, 14], [2, 4], [2, 8], [2, 10], [2, 13], [2, 14], [3, 6], [3, 7], [3, 9], [3, 12], [3, 13], [4, 12], [7, 9], [7, 10], [9, 11], [9, 12], [9, 13], [9, 14], [10, 12], [11, 12], [11, 13], [12, 13], [12, 14]], "tanks": [{"capacity": 284, "impossibleCargos": [1, 3, 4, 7, 10, 13], "neighbors": [7, 21, 19, 14, 6, 2]}, {"capacity": 232, "impossibleCargos": [0, 1, 2, 3, 6, 7, 8, 9, 11, 12, 13], "neighbors": [11, 4, 7, 3, 21, 16]}, {"capacity": 273, "impossibleCargos": [1, 2, 3, 4, 5, 7, 8, 10, 11, 13, 14], "neighbors": [17, 15, 11, 4, 12, 7, 0]}, {"capacity": 256, "impossibleCargos": [1, 2, 3, 4, 6, 7, 8, 9, 10, 11, 12, 14], "neighbors": [9, 8, 14, 19, 16, 13, 24, 4, 1, 10]}, {"capacity": 283, "impossibleCargos": [1, 2, 3, 4, 5, 9, 10, 12, 13, 14], "neighbors": [6, 14, 1, 2, 3, 21, 24, 20]}, {"capacity": 292, "impossibleCargos": [2, 3, 5, 6, 8, 10, 12, 13, 14], "neighbors": [17, 19, 21, 20]}, {"capacity": 229, "impossibleCargos": [1, 2, 4, 6, 8, 9, 10, 11, 12, 13], "neighbors": [4, 9, 0, 8, 7]}, {"capacity": 292, "impossibleCargos": [1, 4, 6, 7, 8, 9, 11, 12, 13, 14], "neighbors": [0, 8, 12, 10, 13, 16, 1, 24, 6, 18, 15, 2]}, {"capacity": 278, "impossibleCargos": [0, 4, 5, 6, 7, 8, 9, 11, 12, 13, 14], "neighbors": [3, 7, 6, 22]}, {"capacity": 252, "impossibleCargos": [1, 2, 3, 4, 5, 6, 7, 9, 10, 11, 12, 13, 14], "neighbors": [3, 15, 6]}, {"capacity": 254, "impossibleCargos": [0, 2, 3, 5, 7, 8, 9, 10, 11, 12, 13], "neighbors": [15, 23, 7, 3, 22]}, {"capacity": 233, "impossibleCargos": [0, 1, 3, 6, 7, 9, 10, 11, 13, 14], "neighbors": [18, 1, 2, 22, 14, 23, 13]}, {"capacity": 259, "impossibleCargos": [0, 1, 3, 4, 5, 6, 7, 8, 9, 11, 13, 14], "neighbors": [16, 7, 19, 2]}, {"capacity": 235, "impossibleCargos": [0, 1, 3, 4, 8, 9, 10, 11, 12, 13, 14], "neighbors": [20, 24, 16, 7, 3, 11]}, {"capacity": 273, "impossibleCargos": [0, 1, 3, 4, 6, 7, 8, 9, 10, 14], "neighbors": [16, 0, 4, 3, 11]}, {"capacity": 269, "impossibleCargos": [0, 1, 2, 3, 5, 7, 9, 10, 12, 13], "neighbors": [20, 10, 23, 9, 21, 2, 18, 7]}, {"capacity": 288, "impossibleCargos": [0, 2, 3, 5, 6, 7, 9, 10, 11, 12, 13], "neighbors": [12, 19, 14, 13, 3, 7, 1]}, {"capacity": 226, "impossibleCargos": [1, 2, 5, 6, 7, 9, 10, 11, 12, 13], "neighbors": [24, 5, 2, 18, 23]}, {"capacity": 262, "impossibleCargos": [0, 1, 2, 3, 4, 5, 6, 7, 8, 9, 12, 13, 14], "neighbors": [11, 20, 17, 15, 7]}, {"capacity": 212, "impossibleCargos": [0, 2, 3, 5, 6, 9, 10, 12, 14], "neighbors": [16, 0, 5, 21, 3, 12]}, {"capacity": 256, "impossibleCargos": [0, 1, 2, 3, 4, 5, 6, 7, 8, 9, 10, 12, 13], "neighbors": [15, 13, 18, 4, 5, 21]}, {"capacity": 236, "impossibleCargos": [0, 1, 3, 4, 5, 6, 7, 8, 9, 10, 11, 14], "neighbors": [24, 0, 15, 19, 5, 4, 1, 20]}, {"capacity": 253, "impossibleCargos": [0, 1, 2, 3, 4, 5, 6, 8, 9, 12, 13, 14], "neighbors": [11, 10, 8]}, {"capacity": 287, "impossibleCargos": [0, 1, 2, 5, 7, 8, 9, 11, 12, 13, 14], "neighbors": [10, 15, 11, 17]}, {"capacity": 268, "impossibleCargos": [1, 2, 3, 4, 5, 6, 7, 8, 10, 11, 12, 14], "neighbors": [21, 17, 13, 3, 4, 7]}]}