{"volumes": [363, 304, 349, 428, 169, 162, 0, 0, 520, 0, 136, 493, 344, 823, 211], "conflicts": [[0, 6], [0, 7], [0, 8], [0, 9], [0, 10], [0, 12], [0, 13], [1, 4], [1, 7], [1, 8], [1, 9], [1, 14], [2, 4], [2, 6], [2, 7], [2, 9], [2, 11], [2, 14], [3, 7], [3, 10], [4, 5], [4, 7], [4, 10], [4, 11], [4, 14], [5, 6], [5, 7], [5, 12], [5, 13], [5, 14], [6, 8], [6, 9], [6, 10], [6, 12], [6, 13], [6, 14], [7, 8], [7, 9], [7, 10], [7, 11], [7, 12], [7, 13], [7, 14], [9, 10], [9, 11], [9, 12], [9, 14], [10, 11], [10, 12], [10, 13], [11, 14]], "tanks": [{"capacity": 257, "impossibleCargos": [3, 4, 7, 8, 10, 11, 12, 13, 14], "neighbors": [1, 15, 3]}, {"capacity": 243, "impossibleCargos": [0, 1, 2, 5, 6, 8, 9, 11, 12, 14], "neighbors": [0, 11, 20, 9, 4, 7]}, {"capacity": 212, "impossibleCargos": [0, 1, 5, 6, 7, 8, 10, 11, 12, 13, 14], "neighbors": [19, 8, 14, 12, 23, 22]}, {"capacity": 292, "impossibleCargos": [0, 1, 2, 4, 5, 7, 8, 10, 11, 13, 14], "neighbors": [4, 9, 13, 11, 0]}, {"capacity": 296, "impossibleCargos": [0, 3, 6, 7, 8, 9, 10, 12, 14], "neighbors": [3, 10, 13, 17, 1, 20, 23, 7]}, {"capacity": 238, "impossibleCargos": [0, 1, 2, 3, 5, 6, 9, 10, 11, 12, 14], "neighbors": [8, 21, 10, 12, 23, 7, 17, 18]}, {"capacity": 210, "impossibleCargos": [0, 2, 3, 5, 6, 8, 10, 11, 12, 13], "neighbors": [23, 14, 9, 10]}, {"capacity": 247, "impossibleCargos": [0, 1, 4, 6, 7, 9, 11, 12, 13, 14], "neighbors": [15, 22, 5, 11, 19, 4, 1, 10]}, {"capacity": 297, "impossibleCargos": [0, 1, 3, 5, 6, 7, 8, 9, 10, 11, 12, 13, 14], "neighbors": [5, 11, 23, 2, 17, 13]}, {"capacity": 236, "impossibleCargos": [1, 2, 3, 4, 5, 6, 9, 10, 11, 12, 13, 14], "neighbors": [3, 20, 1, 16, 12, 6, 15, 11]}, {"capacity": 200, "impossibleCargos": [0, 1, 2, 3, 4, 5, 6, 7, 8, 9, 10, 12], "neighbors": [13, 5, 4, 23, 22, 6, 24, 7]}, {"capacity": 216, "impossibleCargos": [0, 1, 3, 6, 7, 8, 9, 13, 14], "neighbors": [8, 1, 3, 16, 7, 9, 13, 23]}, {"capacity": 248, "impossibleCargos": [0, 1, 2, 3, 6, 7, 8, 9, 12, 14], "neighbors": [22, 5, 16, 2, 9]}, {"capacity": 263, "impossibleCargos": [0, 2, 4, 5, 6, 7, 8, 11, 12, 13, 14], "neighbors": [10, 3, 4, 17, 8, 23, 11]}, {"capacity": 220, "impossibleCargos": [1, 2, 3, 4, 6, 7, 8, 9, 10, 11, 12, 13, 14], "neighbors": [17, 2, 6, 16]}, {"capacity": 259, "impossibleCargos": [0, 2, 3, 4, 6, 8, 9, 10, 12, 13, 14], "neighbors": [7, 0, 20, 9]}, {"capacity": 224, "impossibleCargos": [2, 3, 4, 5, 6, 7, 9, 11, 12, 13], "neighbors": [12, 24, 11, 9, 14]}, {"capacity": 216, "impossibleCargos": [0, 1, 4, 6, 7, 8, 10, 13, 14], "neighbors": [21, 14, 4, 8, 13, 22, 5]}, {"capacity": 215, "impossibleCargos": [0, 2, 3, 4, 6, 7, 10, 12, 13, 14], "neighbors": [23, 24, 5]}, {"capacity": 289, "impossibleCargos": [0, 2, 3, 4, 5, 6, 8, 9, 10, 11, 14], "neighbors": [2, 21, 20, 7]}, {"capacity": 263, "impossibleCargos": [1, 2, 3, 4, 6, 10, 12, 13, 14], "neighbors": [1, 24, 9, 19, 4, 15, 22, 21]}, {"capacity": 291, "impossibleCargos": [0, 1, 2, 3, 4, 5, 6, 7, 8, 9, 10, 11, 13, 14], "neighbors": [17, 19, 5, 24, 20]}, {"capacity": 233, "impossibleCargos": [0, 2, 3, 4, 6, 7, 8, 9, 11, 13, 14], "neighbors": [12, 7, 10, 17, 2, 20]}, {"capacity": 216, "impossibleCargos": [0, 1, 2, 7, 8, 9, 10, 11, 12, 14], "neighbors": [6, 8, 18, 10, 5, 4, 2, 13, 11]}, {"capacity": 253, "impossibleCargos": [2, 3, 4, 6, 7, 8, 9, 10, 11, 12, 14], "neighbors": [20, 16, 21, 18, 10]}]}