{"volumes": [0, 173, 376, 470, 248, 177, 199, 393, 210, 384, 247, 1002, 0, 405, 559], "conflicts": [[0, 2], [0, 3], [0, 8], [0, 9], [0, 10], [0, 11], [0, 12], [0, 14], [1, 3], [1, 5], [1, 6], [1, 10], [1, 12], [1, 13], [1, 14], [2, 3], [2, 4], [2, 5], [2, 8], [2, 12], [3, 6], [3, 8], [3, 10], [3, 11], [3, 12], [4, 5], [4, 8], [4, 11], [5, 6], [5, 7], [5, 10], [5, 12], [6, 8], [6, 9], [7, 9], [7, 10], [8, 9], [8, 10], [8, 12], [9, 12], [9, 14], [10, 14], [11, 12], [12, 13], [12, 14]], "tanks": [{"capacity": 281, "impossibleCargos": [0, 1, 2, 3, 4, 6, 7, 9, 10, 12, 14], "neighbors": [14, 11, 2, 19, 10, 3, 20]}, {"capacity": 254, "impossibleCargos": [0, 1, 2, 3, 4, 5, 7, 8, 9, 10, 12, 13], "neighbors": [9, 2, 13, 22, 7]}, {"capacity": 249, "impossibleCargos": [0, 1, 2, 3, 4, 6, 7, 8, 9, 11, 14], "neighbors": [20, 17, 0, 1, 24, 5, 7]}, {"capacity": 268, "impossibleCargos": [1, 2, 4, 5, 6, 8, 9, 10, 11, 12], "neighbors": [20, 11, 13, 0]}, {"capacity": 291, "impossibleCargos": [0, 2, 5, 6, 7, 8, 9, 10, 11, 12, 14], "neighbors": [13, 11, 6, 15, 12]}, {"capacity": 273, "impossibleCargos": [0, 1, 4, 6, 7, 8, 9, 10, 11, 12], "neighbors": [23, 15, 6, 2]}, {"capacity": 223, "impossibleCargos": [2, 3, 4, 5, 6, 8, 9, 10, 12, 13, 14], "neighbors": [19, 8, 20, 5, 7, 4]}, {"capacity": 243, "impossibleCargos": [0, 3, 4, 5, 6, 7, 9, 10, 13, 14], "neighbors": [16, 6, 8, 1, 2]}, {"capacity": 273, "impossibleCargos": [0, 2, 3, 4, 5, 6, 7, 9, 10, 13, 14], "neighbors": [6, 19, 7, 15, 14, 23, 13]}, {"capacity": 295, "impossibleCargos": [0, 2, 3, 4, 5, 7, 8, 9, 10, 13, 14], "neighbors": [18, 19, 1, 11, 23, 16]}, {"capacity": 237, "impossibleCargos": [0, 1, 2, 3, 4, 5, 7, 8, 9, 12, 14], "neighbors": [16, 21, 0, 14, 17, 18]}, {"capacity": 274, "impossibleCargos": [0, 4, 6, 8, 9, 10, 11, 12, 13, 14], "neighbors": [14, 3, 17, 0, 22, 4, 23, 9, 24, 21, 18]}, {"capacity": 278, "impossibleCargos": [0, 3, 4, 5, 6, 7, 8, 10, 12, 13], "neighbors": [20, 4]}, {"capacity": 286, "impossibleCargos": [0, 1, 2, 3, 5, 6, 8, 11, 13, 14], "neighbors": [4, 15, 3, 1, 8, 23, 20]}, {"capacity": 297, "impossibleCargos": [0, 1, 2, 3, 4, 5, 6, 7, 9, 10, 11, 14], "neighbors": [11, 0, 10, 8, 19, 24, 15]}, {"capacity": 217, "impossibleCargos": [2, 3, 4, 5, 6, 7, 9, 11, 13, 14], "neighbors": [16, 23, 13, 5, 4, 8, 14]}, {"capacity": 274, "impossibleCargos": [0, 3, 4, 5, 6, 7, 9, 10, 14], "neighbors": [10, 15, 7, 23, 9]}, {"capacity": 240, "impossibleCargos": [0, 1, 2, 3, 4, 5, 8, 10, 12, 13, 14], "neighbors": [20, 2, 11, 21, 23, 10, 18]}, {"capacity": 201, "impossibleCargos": [1, 2, 4, 8, 10, 11, 12, 13], "neighbors": [9, 17, 11, 20, 10]}, {"capacity": 235, "impossibleCargos": [1, 2, 4, 5, 7, 8, 10, 11, 12, 13], "neighbors": [6, 9, 8, 0, 21, 14]}, {"capacity": 298, "impossibleCargos": [0, 3, 5, 6, 7, 8, 9, 10, 12, 13, 14], "neighbors": [17, 6, 3, 2, 21, 22, 12, 18, 13, 0]}, {"capacity": 268, "impossibleCargos": [0, 2, 5, 6, 7, 8, 10, 11, 12, 13], "neighbors": [22, 20, 10, 17, 19, 11]}, {"capacity": 295, "impossibleCargos": [0, 1, 2, 5, 6, 7, 8, 9, 10, 12], "neighbors": [21, 11, 20, 1]}, {"capacity": 256, "impossibleCargos": [2, 3, 4, 5, 6, 7, 8, 9, 12, 13, 14], "neighbors": [5, 15, 11, 9, 16, 17, 8, 13]}, {"capacity": 263, "impossibleCargos": [0, 1, 2, 3, 4, 5, 6, 7, 10, 12, 13, 14], "neighbors": [11, 2, 14]}]}