{"volumes": [143, 397, 0, 0, 0, 120, 301, 1314, 353, 162, 135, 256, 346, 354, 162], "conflicts": [[0, 2], [0, 5], [0, 8], [0, 11], [1, 2], [2, 3], [2, 4], [2, 5], [2, 6], [2, 7], [2, 8], [2, 10], [2, 11], [2, 13], [3, 4], [3, 5], [3, 6], [3, 7], [3, 9], [3, 10], [3, 11], [3, 12], [3, 13], [4, 7], [4, 9], [4, 12], [4, 13], [4, 14], [5, 9], [5, 11], [6, 11], [6, 12], [8, 10], [9, 10], [9, 11], [9, 12], [10, 14]], "tanks": [{"capacity": 228, "impossibleCargos": [0, 6, 9, 10, 13, 14], "neighbors": [12, 7, 11, 15, 4, 3, 5, 9, 21, 2, 14, 17]}, {"capacity": 223, "impossibleCargos": [0, 3, 5, 13], "neighbors": [8, 6, 22, 13, 2, 5]}, {"capacity": 271, "impossibleCargos": [1, 4, 14], "neighbors": [10, 8, 15, 9, 20, 1, 7, 0, 23]}, {"capacity": 279, "impossibleCargos": [6, 7, 10, 11, 12, 14], "neighbors": [21, 17, 10, 6, 7, 13, 4, 0, 14, 15, 12]}, {"capacity": 275, "impossibleCargos": [2, 5, 7, 9, 12], "neighbors": [17, 3, 0, 8, 21, 12, 23, 19, 14, 13, 16]}, {"capacity": 221, "impossibleCargos": [0, 2, 3, 4, 12, 13], "neighbors": [20, 13, 9, 19, 24, 0, 7, 22, 8, 1, 14, 11, 15, 18]}, {"capacity": 244, "impossibleCargos": [7, 8], "neighbors": [3, 9, 1, 24, 8, 14, 22, 13, 11, 7]}, {"capacity": 210, "impossibleCargos": [0, 6, 11, 12, 14], "neighbors": [3, 0, 15, 21, 17, 11, 9, 8, 5, 20, 2, 6, 12]}, {"capacity": 205, "impossibleCargos": [0, 5, 10, 12], "neighbors": [13, 1, 23, 16, 19, 2, 6, 4, 14, 22, 7, 10, 5]}, {"capacity": 222, "impossibleCargos": [4, 6, 7], "neighbors": [5, 21, 6, 20, 22, 2, 0, 7, 19, 11, 24, 10, 15, 14, 23]}, {"capacity": 218, "impossibleCargos": [2, 5], "neighbors": [3, 20, 21, 2, 13, 15, 14, 16, 8, 18, 9, 11, 19, 17]}, {"capacity": 281, "impossibleCargos": [6, 7, 14], "neighbors": [16, 17, 0, 14, 12, 7, 9, 10, 6, 24, 5, 20, 18, 15]}, {"capacity": 249, "impossibleCargos": [3, 9], "neighbors": [15, 0, 11, 14, 16, 20, 4, 19, 3, 24, 7, 21]}, {"capacity": 223, "impossibleCargos": [4, 5, 6, 10, 14], "neighbors": [8, 5, 23, 3, 10, 17, 1, 22, 6, 4]}, {"capacity": 234, "impossibleCargos": [1, 5, 6, 14], "neighbors": [15, 11, 12, 10, 8, 3, 6, 22, 20, 23, 0, 4, 5, 9, 19, 24]}, {"capacity": 266, "impossibleCargos": [3, 6, 8, 11, 14], "neighbors": [14, 12, 18, 7, 0, 10, 2, 20, 22, 3, 23, 9, 24, 17, 5, 11]}, {"capacity": 229, "impossibleCargos": [0, 5, 7, 12, 13], "neighbors": [11, 24, 20, 8, 12, 10, 4]}, {"capacity": 296, "impossibleCargos": [0, 10, 12], "neighbors": [3, 22, 11, 4, 21, 13, 7, 19, 24, 18, 10, 15, 0]}, {"capacity": 225, "impossibleCargos": [4, 10], "neighbors": [21, 22, 15, 20, 17, 19, 10, 23, 24, 11, 5]}, {"capacity": 207, "impossibleCargos": [8, 12, 13], "neighbors": [5, 22, 8, 17, 20, 18, 21, 9, 12, 10, 4, 14]}, {"capacity": 209, "impossibleCargos": [1, 3, 4, 5, 12], "neighbors": [5, 16, 10, 9, 18, 22, 21, 19, 2, 15, 12, 7, 24, 14, 11]}, {"capacity": 268, "impossibleCargos": [0, 5, 7, 9, 10, 13], "neighbors": [18, 3, 9, 10, 17, 7, 4, 20, 19, 0, 12]}, {"capacity": 233, "impossibleCargos": [1, 11], "neighbors": [19, 17, 18, 1, 23, 9, 13, 20, 8, 15, 6, 14, 5]}, {"capacity": 205, "impossibleCargos": [3, 7, 11], "neighbors": [13, 24, 8, 22, 15, 18, 14, 4, 2, 9]}, {"capacity": 273, "impossibleCargos": [6], "neighbors": [16, 23, 6, 5, 17, 20, 9, 18, 11, 15, 12, 14]}]}