{"volumes": [189, 135, 0, 918, 519, 182, 228, 221, 385, 0, 542, 194, 368, 349, 435], "conflicts": [[0, 2], [0, 4], [0, 5], [0, 6], [0, 7], [0, 9], [0, 13], [1, 5], [1, 9], [1, 12], [1, 14], [2, 3], [2, 4], [2, 5], [2, 6], [2, 7], [2, 8], [2, 9], [2, 10], [2, 11], [2, 12], [2, 13], [2, 14], [3, 9], [4, 9], [5, 6], [5, 9], [6, 11], [7, 9], [7, 11], [7, 13], [9, 10], [11, 12], [11, 14], [12, 14]], "tanks": [{"capacity": 250, "impossibleCargos": [0, 1, 3, 6, 10, 11, 14], "neighbors": [12, 17, 24, 10, 22, 15, 8, 16, 1, 19, 9, 18, 3]}, {"capacity": 297, "impossibleCargos": [0, 1, 2, 4, 6, 7, 8, 10], "neighbors": [4, 14, 13, 12, 16, 15, 10, 3, 22, 19, 21, 0]}, {"capacity": 211, "impossibleCargos": [0, 1, 3, 4, 6, 7, 8, 9, 11, 12], "neighbors": [12, 15, 11, 21, 4, 18, 19, 13, 8, 22]}, {"capacity": 283, "impossibleCargos": [0, 2, 3, 5, 7, 8, 10], "neighbors": [13, 4, 6, 8, 12, 17, 1, 15, 21, 14, 18, 0, 19]}, {"capacity": 256, "impossibleCargos": [0, 1, 2, 6, 7, 8, 9, 10, 12, 14], "neighbors": [18, 1, 17, 3, 2, 6, 21, 16, 13, 24, 22]}, {"capacity": 201, "impossibleCargos": [1, 2, 5, 7, 11, 12, 13, 14], "neighbors": [9, 6, 19, 10, 20, 17, 23, 11, 15, 16, 8, 18, 22, 12, 14, 7]}, {"capacity": 269, "impossibleCargos": [1, 5, 7, 8, 9, 10, 11, 12, 13], "neighbors": [23, 5, 4, 3, 17, 21, 15, 12, 9, 7]}, {"capacity": 225, "impossibleCargos": [1, 3, 5, 6, 7, 8, 13, 14], "neighbors": [8, 10, 20, 24, 16, 11, 9, 14, 6, 5]}, {"capacity": 281, "impossibleCargos": [0, 3, 4, 5, 6, 7, 10], "neighbors": [7, 15, 16, 3, 22, 2, 0, 5, 21, 12, 11]}, {"capacity": 276, "impossibleCargos": [3, 4, 6, 12, 13], "neighbors": [5, 19, 7, 17, 0, 16, 6, 21, 10]}, {"capacity": 294, "impossibleCargos": [1, 3, 10, 11, 12, 13, 14], "neighbors": [7, 1, 23, 16, 5, 0, 15, 19, 21, 20, 17, 9]}, {"capacity": 209, "impossibleCargos": [0, 4, 5, 9, 10, 12, 13, 14], "neighbors": [24, 14, 15, 22, 2, 5, 17, 16, 7, 8, 19]}, {"capacity": 271, "impossibleCargos": [1, 5, 6, 7, 8], "neighbors": [2, 24, 16, 1, 0, 23, 3, 21, 22, 15, 6, 8, 5]}, {"capacity": 258, "impossibleCargos": [1, 2, 11, 12, 13], "neighbors": [3, 1, 14, 15, 4, 18, 19, 2, 17, 22]}, {"capacity": 213, "impossibleCargos": [1, 2, 4, 6, 9], "neighbors": [11, 1, 16, 23, 13, 24, 20, 22, 17, 3, 18, 7, 21, 5]}, {"capacity": 259, "impossibleCargos": [0, 3, 9, 10, 11, 12], "neighbors": [2, 11, 20, 8, 1, 13, 21, 3, 10, 5, 24, 0, 12, 6, 19, 23, 22]}, {"capacity": 257, "impossibleCargos": [1, 4, 7, 8, 13], "neighbors": [14, 12, 1, 8, 10, 4, 19, 7, 21, 11, 18, 0, 5, 24, 20, 9]}, {"capacity": 226, "impossibleCargos": [3, 4, 6, 7, 9, 11, 12, 13, 14], "neighbors": [24, 4, 0, 6, 3, 5, 11, 14, 21, 9, 13, 10]}, {"capacity": 299, "impossibleCargos": [0, 1, 2, 4, 6, 9, 10, 13], "neighbors": [4, 21, 2, 13, 16, 14, 3, 23, 0, 5, 19]}, {"capacity": 211, "impossibleCargos": [0, 6, 7, 8, 10, 11], "neighbors": [5, 9, 2, 13, 16, 1, 10, 0, 24, 21, 15, 3, 18, 11]}, {"capacity": 219, "impossibleCargos": [1, 5, 9, 14], "neighbors": [15, 7, 21, 14, 5, 24, 16, 10]}, {"capacity": 286, "impossibleCargos": [1, 2, 5, 6, 7, 10, 11, 12], "neighbors": [2, 20, 4, 18, 15, 6, 12, 3, 16, 17, 1, 10, 19, 14, 8, 9]}, {"capacity": 293, "impossibleCargos": [1, 2, 3, 4, 5, 8, 12], "neighbors": [11, 1, 8, 0, 14, 12, 4, 2, 23, 13, 5, 15]}, {"capacity": 225, "impossibleCargos": [0, 7, 8, 9, 12, 14], "neighbors": [6, 14, 12, 10, 5, 22, 18, 15]}, {"capacity": 202, "impossibleCargos": [1, 5, 6, 8, 9, 13, 14], "neighbors": [11, 17, 12, 7, 14, 0, 4, 15, 16, 19, 20]}]}