{"volumes": [1097, 170, 394, 208, 628, 185, 458, 145, 202, 126, 0, 0, 365, 137, 264], "conflicts": [[0, 5], [0, 10], [0, 11], [1, 3], [1, 5], [1, 6], [1, 7], [1, 10], [1, 11], [1, 13], [1, 14], [2, 14], [3, 7], [3, 9], [3, 10], [3, 11], [4, 10], [4, 11], [5, 8], [5, 9], [5, 10], [6, 9], [6, 10], [6, 11], [7, 8], [7, 9], [8, 9], [8, 11], [8, 13], [9, 10], [9, 11], [9, 12], [9, 14], [10, 11], [10, 13], [10, 14], [11, 13], [11, 14]], "tanks": [{"capacity": 281, "impossibleCargos": [1, 2, 4, 8, 9, 10, 11, 12, 13, 14], "neighbors": [11, 17, 15, 19, 4, 9, 24, 8, 6, 7, 2, 22, 10, 18, 23]}, {"capacity": 241, "impossibleCargos": [0, 6, 7, 9, 10, 12], "neighbors": [15, 4, 3, 2, 13, 23, 21, 7, 11, 12, 17, 14, 24, 19, 18]}, {"capacity": 275, "impossibleCargos": [1, 4, 7, 10, 13], "neighbors": [23, 15, 10, 12, 6, 13, 9, 3, 17, 20, 0, 1, 5, 22, 14, 7]}, {"capacity": 295, "impossibleCargos": [5, 6, 7, 11, 14], "neighbors": [20, 22, 17, 19, 9, 2, 1, 7]}, {"capacity": 252, "impossibleCargos": [0, 2, 3, 7, 8, 12, 13], "neighbors": [10, 17, 0, 24, 1, 7, 19, 21]}, {"capacity": 241, "impossibleCargos": [2, 5, 9, 10, 11, 13, 14], "neighbors": [16, 12, 14, 13, 2, 9, 15, 18]}, {"capacity": 243, "impossibleCargos": [1, 2, 4, 6, 8, 11, 13, 14], "neighbors": [12, 21, 9, 2, 0, 11, 23, 7, 24, 22, 15, 16, 18, 20]}, {"capacity": 241, "impossibleCargos": [1, 4, 5, 6, 7, 8, 10, 14], "neighbors": [14, 13, 10, 17, 18, 9, 11, 0, 21, 6, 1, 4, 3, 2]}, {"capacity": 274, "impossibleCargos": [0, 7, 9, 10, 12], "neighbors": [15, 14, 12, 21, 0, 18, 10, 22, 16]}, {"capacity": 200, "impossibleCargos": [0, 3, 5, 6, 8, 9, 10, 13, 14], "neighbors": [23, 19, 0, 6, 7, 15, 3, 2, 11, 5, 24, 16, 22]}, {"capacity": 299, "impossibleCargos": [2, 6, 8, 9, 14], "neighbors": [4, 17, 7, 2, 12, 21, 8, 24, 14, 0]}, {"capacity": 300, "impossibleCargos": [2, 8, 9, 13], "neighbors": [18, 0, 12, 13, 16, 7, 6, 9, 19, 17, 1]}, {"capacity": 290, "impossibleCargos": [1, 3, 8, 11], "neighbors": [6, 10, 8, 17, 11, 5, 2, 24, 22, 18, 1]}, {"capacity": 231, "impossibleCargos": [0, 2, 4, 6, 7, 8, 9, 13, 14], "neighbors": [7, 18, 11, 2, 22, 23, 5, 14, 1, 21, 20, 15, 19, 16, 17]}, {"capacity": 251, "impossibleCargos": [0, 5, 6, 7, 10, 11, 13], "neighbors": [17, 19, 7, 8, 5, 24, 13, 10, 2, 22, 20, 18, 1]}, {"capacity": 227, "impossibleCargos": [1, 2, 9, 12, 14], "neighbors": [1, 19, 8, 22, 2, 0, 24, 17, 9, 13, 6, 5]}, {"capacity": 298, "impossibleCargos": [0, 1, 5, 6, 7, 8, 9, 10, 12, 13], "neighbors": [18, 5, 11, 22, 6, 13, 19, 9, 8]}, {"capacity": 251, "impossibleCargos": [0, 3, 9, 11, 12, 13, 14], "neighbors": [14, 0, 10, 4, 3, 7, 12, 18, 15, 2, 11, 24, 1, 13]}, {"capacity": 212, "impossibleCargos": [1, 3, 10, 11], "neighbors": [11, 16, 21, 13, 17, 7, 24, 12, 8, 22, 20, 14, 0, 6, 5, 1]}, {"capacity": 256, "impossibleCargos": [2, 4, 5, 6, 7, 9, 10], "neighbors": [15, 14, 0, 9, 3, 11, 24, 4, 13, 16, 1]}, {"capacity": 283, "impossibleCargos": [0, 2, 5, 9, 10, 11, 14], "neighbors": [3, 22, 23, 2, 13, 14, 18, 24, 21, 6]}, {"capacity": 261, "impossibleCargos": [3, 6, 8, 10, 12, 13, 14], "neighbors": [18, 6, 8, 10, 7, 13, 1, 24, 20, 4]}, {"capacity": 234, "impossibleCargos": [3, 4, 5, 9, 10, 11, 13], "neighbors": [3, 15, 20, 13, 12, 16, 23, 2, 18, 14, 6, 0, 8, 9]}, {"capacity": 291, "impossibleCargos": [1, 2, 3, 4, 7, 9, 10, 12, 13, 14], "neighbors": [2, 9, 13, 20, 6, 24, 1, 22, 0]}, {"capacity": 295, "impossibleCargos": [1, 2, 3, 6, 8, 10, 11, 13], "neighbors": [15, 0, 4, 12, 18, 14, 10, 6, 23, 19, 21, 20, 17, 9, 1]}]}