{"volumes": [594, 213, 207, 0, 297, 424, 0, 125, 0, 408, 226, 463, 324, 739, 729], "conflicts": [[0, 3], [0, 8], [1, 6], [2, 4], [2, 6], [3, 6], [3, 10], [3, 11], [3, 13], [4, 6], [4, 8], [6, 7], [6, 8], [6, 11], [8, 12]], "tanks": [{"capacity": 280, "impossibleCargos": [0, 2, 3, 7, 8, 9, 10, 12, 14], "neighbors": [19, 21, 1, 17, 14, 9, 3, 12, 11, 24, 8, 23, 5]}, {"capacity": 285, "impossibleCargos": [0, 1, 2, 4, 5, 7, 10, 11, 12, 14], "neighbors": [17, 12, 19, 0, 8, 22, 14, 18, 21, 4, 6]}, {"capacity": 299, "impossibleCargos": [1, 2, 3, 5, 6, 7, 8, 9, 11, 12, 13, 14], "neighbors": [11, 18, 13, 15, 20, 22, 10, 9, 17, 3]}, {"capacity": 280, "impossibleCargos": [0, 2, 4, 5, 6, 7, 8, 13, 14], "neighbors": [13, 22, 4, 20, 19, 15, 18, 0, 14, 17, 24, 23, 2]}, {"capacity": 247, "impossibleCargos": [1, 2, 3, 4, 6, 7, 8, 9, 11, 12, 13, 14], "neighbors": [19, 3, 9, 13, 7, 16, 24, 23, 6, 21, 18, 1, 11]}, {"capacity": 208, "impossibleCargos": [0, 2, 4, 5, 6, 8, 9, 10, 11, 13], "neighbors": [23, 18, 7, 8, 10, 22, 6, 0, 12, 14]}, {"capacity": 218, "impossibleCargos": [1, 2, 3, 4, 8, 9, 11, 12, 13, 14], "neighbors": [10, 20, 17, 12, 15, 4, 14, 5, 19, 1, 24]}, {"capacity": 276, "impossibleCargos": [0, 1, 3, 4, 5, 6, 7, 8, 11, 13, 14], "neighbors": [21, 5, 15, 4, 9, 24, 12, 20, 13]}, {"capacity": 219, "impossibleCargos": [0, 1, 2, 3, 4, 6, 7, 8, 9, 10, 11, 12, 14], "neighbors": [15, 17, 10, 24, 21, 5, 20, 1, 19, 0, 9, 12]}, {"capacity": 229, "impossibleCargos": [1, 4, 5, 6, 8, 9, 10, 12, 13], "neighbors": [19, 18, 4, 7, 23, 14, 20, 0, 10, 24, 2, 22, 8]}, {"capacity": 253, "impossibleCargos": [0, 1, 2, 3, 5, 6, 7, 8, 9, 12, 14], "neighbors": [6, 8, 13, 5, 9, 19, 21, 2, 11, 24, 12, 16]}, {"capacity": 208, "impossibleCargos": [0, 1, 2, 3, 4, 6, 7, 8, 9, 10, 11, 12, 13, 14], "neighbors": [2, 15, 19, 18, 14, 23, 24, 12, 0, 10, 20, 4, 21]}, {"capacity": 282, "impossibleCargos": [0, 1, 2, 3, 5, 6, 7, 8, 9, 10, 12, 13], "neighbors": [1, 16, 22, 17, 6, 7, 0, 11, 20, 5, 8, 19, 24, 10]}, {"capacity": 218, "impossibleCargos": [1, 2, 4, 6, 7, 8, 10, 12, 13], "neighbors": [3, 20, 2, 10, 4, 23, 19, 17, 16, 14, 24, 7]}, {"capacity": 223, "impossibleCargos": [0, 1, 3, 4, 5, 6, 8, 9, 10, 13], "neighbors": [17, 11, 9, 0, 13, 3, 1, 6, 16, 19, 20, 5]}, {"capacity": 236, "impossibleCargos": [0, 1, 2, 3, 5, 6, 7, 8, 9, 10, 12, 14], "neighbors": [11, 8, 17, 23, 20, 2, 3, 7, 6]}, {"capacity": 298, "impossibleCargos": [0, 1, 2, 3, 4, 6, 7, 8, 9, 10, 12, 14], "neighbors": [17, 12, 4, 13, 19, 14, 18, 10]}, {"capacity": 204, "impossibleCargos": [0, 1, 2, 3, 4, 5, 6, 7, 8, 10, 13, 14], "neighbors": [8, 1, 15, 16, 14, 22, 20, 0, 19, 12, 6, 13, 3, 21, 2]}, {"capacity": 216, "impossibleCargos": [1, 3, 4, 9, 10, 11, 13, 14], "neighbors": [2, 9, 5, 11, 3, 1, 4, 16]}, {"capacity": 253, "impossibleCargos": [2, 3, 4, 5, 6, 7, 8, 10, 11, 12, 14], "neighbors": [11, 0, 9, 4, 1, 3, 17, 24, 8, 13, 23, 22, 16, 10, 6, 14, 20, 12]}, {"capacity": 274, "impossibleCargos": [3, 5, 6, 7, 8, 9, 10, 11, 14], "neighbors": [13, 15, 17, 3, 6, 8, 2, 9, 12, 21, 7, 11, 22, 19, 14, 24]}, {"capacity": 232, "impossibleCargos": [0, 1, 2, 4, 6, 8, 10, 11, 13, 14], "neighbors": [7, 0, 8, 24, 1, 10, 17, 20, 4, 22, 11]}, {"capacity": 237, "impossibleCargos": [0, 2, 3, 5, 7, 8, 9, 10, 11, 14], "neighbors": [3, 17, 12, 23, 1, 19, 2, 24, 5, 9, 20, 21]}, {"capacity": 288, "impossibleCargos": [0, 1, 2, 3, 4, 5, 6, 8, 9, 10, 11, 12, 13], "neighbors": [15, 5, 22, 13, 4, 19, 9, 11, 0, 3]}, {"capacity": 217, "impossibleCargos": [1, 2, 3, 4, 5, 6, 7, 8, 9, 10, 11, 12, 13], "neighbors": [8, 21, 19, 4, 7, 22, 11, 9, 0, 3, 13, 20, 6, 12, 10]}]}