{"volumes": [239, 326, 515, 180, 198, 507, 0, 272, 0, 421, 178, 519, 133, 578, 186], "conflicts": [[0, 6], [0, 8], [0, 14], [1, 6], [2, 6], [3, 4], [3, 14], [4, 8], [4, 10], [5, 6], [5, 8], [5, 12], [7, 8], [8, 11], [8, 12], [8, 13], [8, 14], [10, 14]], "tanks": [{"capacity": 244, "impossibleCargos": [1, 5, 6, 7, 8, 11, 12, 13, 14], "neighbors": [21, 22, 16, 10, 13, 2, 20, 3, 9, 4, 6]}, {"capacity": 273, "impossibleCargos": [1, 2, 3, 6, 8, 9, 11, 12, 13, 14], "neighbors": [20, 10, 12, 17, 11, 6, 18, 24, 7, 13]}, {"capacity": 208, "impossibleCargos": [0, 1, 2, 3, 4, 5, 8, 11, 13, 14], "neighbors": [15, 7, 24, 16, 0, 10, 6, 22, 3, 9, 23]}, {"capacity": 239, "impossibleCargos": [0, 1, 2, 3, 4, 5, 8, 9, 10, 11, 13, 14], "neighbors": [13, 8, 11, 14, 23, 5, 21, 2, 0, 12, 20, 7, 15]}, {"capacity": 282, "impossibleCargos": [1, 2, 4, 5, 6, 7, 8, 9, 10, 11, 14], "neighbors": [10, 7, 13, 19, 12, 15, 14, 18, 5, 16, 24, 22, 0]}, {"capacity": 244, "impossibleCargos": [0, 1, 4, 5, 6, 8, 9, 10, 11, 12, 13, 14], "neighbors": [7, 16, 14, 8, 3, 4, 15, 18, 24, 11]}, {"capacity": 230, "impossibleCargos": [0, 1, 2, 3, 6, 7, 8, 10, 12, 13, 14], "neighbors": [11, 12, 16, 13, 2, 24, 1, 15, 10, 20, 9, 0, 18]}, {"capacity": 202, "impossibleCargos": [0, 1, 3, 4, 8, 9, 13, 14], "neighbors": [4, 5, 22, 20, 21, 2, 13, 10, 18, 14, 15, 1, 3]}, {"capacity": 259, "impossibleCargos": [0, 1, 2, 5, 6, 9, 10, 13, 14], "neighbors": [3, 17, 24, 12, 5, 9, 22, 20, 16, 10, 15]}, {"capacity": 294, "impossibleCargos": [0, 1, 2, 4, 6, 7, 8, 9, 10, 12, 14], "neighbors": [19, 8, 23, 18, 17, 2, 6, 0, 12]}, {"capacity": 257, "impossibleCargos": [0, 1, 2, 3, 4, 5, 6, 8, 9, 10, 11, 12, 14], "neighbors": [4, 1, 19, 13, 12, 0, 2, 7, 11, 23, 21, 15, 20, 6, 14, 8]}, {"capacity": 230, "impossibleCargos": [0, 1, 2, 3, 4, 6, 9, 11, 12, 13], "neighbors": [6, 20, 16, 14, 19, 3, 1, 10, 12, 21, 22, 13, 5]}, {"capacity": 299, "impossibleCargos": [0, 2, 5, 6, 7, 10, 12, 13, 14], "neighbors": [24, 6, 4, 8, 1, 10, 18, 17, 11, 13, 21, 3, 23, 9]}, {"capacity": 244, "impossibleCargos": [0, 4, 5, 6, 7, 8, 10, 11, 12, 13], "neighbors": [17, 15, 4, 3, 10, 6, 21, 0, 7, 23, 12, 11, 1]}, {"capacity": 213, "impossibleCargos": [2, 3, 4, 7, 8, 10, 11, 12, 14], "neighbors": [22, 11, 20, 21, 5, 3, 23, 4, 7, 10, 15]}, {"capacity": 204, "impossibleCargos": [1, 2, 3, 4, 5, 6, 7, 8, 9, 10, 11, 12, 13, 14], "neighbors": [13, 2, 23, 16, 20, 10, 4, 7, 6, 5, 3, 14, 8, 18]}, {"capacity": 273, "impossibleCargos": [0, 3, 4, 6, 7, 8, 10, 12, 13, 14], "neighbors": [11, 0, 5, 6, 17, 15, 2, 24, 22, 21, 8, 4, 18, 19]}, {"capacity": 235, "impossibleCargos": [1, 4, 6, 7, 8, 9, 11, 12, 13], "neighbors": [13, 8, 16, 1, 12, 9, 21, 23]}, {"capacity": 253, "impossibleCargos": [0, 2, 3, 4, 5, 7, 8, 9, 10, 11, 13, 14], "neighbors": [22, 21, 12, 23, 24, 7, 9, 1, 4, 5, 16, 19, 6, 15]}, {"capacity": 216, "impossibleCargos": [0, 2, 3, 4, 5, 6, 7, 9, 12, 13], "neighbors": [9, 4, 10, 11, 22, 20, 16, 18, 23]}, {"capacity": 233, "impossibleCargos": [0, 1, 2, 3, 6, 7, 8, 10, 11, 12, 14], "neighbors": [1, 11, 14, 7, 0, 23, 15, 8, 10, 3, 19, 21, 6]}, {"capacity": 280, "impossibleCargos": [0, 1, 2, 3, 4, 5, 6, 7, 8, 11, 12, 14], "neighbors": [0, 18, 7, 14, 13, 10, 17, 11, 23, 3, 12, 16, 20]}, {"capacity": 280, "impossibleCargos": [0, 1, 2, 3, 4, 5, 6, 7, 12, 14], "neighbors": [14, 18, 0, 7, 19, 8, 2, 16, 11, 4, 23]}, {"capacity": 283, "impossibleCargos": [0, 5, 6, 10, 11, 12], "neighbors": [15, 9, 18, 14, 10, 20, 13, 3, 21, 2, 22, 17, 12, 19]}, {"capacity": 237, "impossibleCargos": [0, 1, 4, 6, 8, 9, 10, 11, 12, 13, 14], "neighbors": [12, 8, 2, 6, 18, 16, 1, 4, 5]}]}