{"volumes": [532, 533, 207, 431, 243, 0, 245, 512, 223, 168, 163, 413, 346, 456, 0], "conflicts": [[0, 5], [1, 14], [2, 3], [2, 5], [2, 6], [2, 9], [2, 14], [3, 14], [5, 7], [5, 8], [5, 9], [5, 10], [5, 11], [5, 14], [6, 9], [6, 10], [6, 14], [7, 14], [10, 14], [11, 14], [13, 14]], "tanks": [{"capacity": 212, "impossibleCargos": [1, 6, 9, 10], "neighbors": [17, 19, 1, 22, 9, 21, 5, 4, 8, 15, 12, 14, 3, 16, 2, 13, 11, 10]}, {"capacity": 284, "impossibleCargos": [5, 7, 14], "neighbors": [18, 12, 22, 13, 0, 16, 23, 7, 17, 6, 15, 5, 3, 2, 19, 11, 4, 24, 14, 8]}, {"capacity": 256, "impossibleCargos": [4], "neighbors": [15, 8, 22, 5, 13, 24, 12, 4, 14, 6, 17, 20, 23, 21, 1, 18, 11, 0, 16]}, {"capacity": 281, "impossibleCargos": [1, 5], "neighbors": [22, 24, 18, 23, 6, 16, 14, 1, 9, 20, 7, 11, 0, 19, 5, 13, 4, 15]}, {"capacity": 256, "impossibleCargos": [1, 2, 9, 10, 12, 14], "neighbors": [13, 22, 17, 12, 5, 21, 20, 10, 9, 0, 2, 6, 11, 19, 7, 1, 3, 18, 15, 14]}, {"capacity": 233, "impossibleCargos": [0, 7, 9, 12], "neighbors": [17, 8, 4, 2, 15, 14, 20, 12, 0, 16, 1, 7, 23, 24, 9, 18, 3, 11, 21]}, {"capacity": 278, "impossibleCargos": [0, 3, 6, 10, 13], "neighbors": [23, 24, 9, 14, 19, 11, 1, 3, 18, 2, 4, 7, 17, 15, 10, 13]}, {"capacity": 208, "impossibleCargos": [1, 13], "neighbors": [23, 24, 17, 12, 1, 19, 18, 15, 4, 3, 5, 6, 20, 11]}, {"capacity": 265, "impossibleCargos": [8, 10, 12, 14], "neighbors": [12, 15, 9, 2, 5, 13, 23, 14, 0, 19, 18, 10, 22, 24, 17, 1, 16]}, {"capacity": 255, "impossibleCargos": [14], "neighbors": [20, 8, 21, 6, 12, 14, 0, 11, 17, 4, 3, 24, 5, 10, 16, 19, 18, 15]}, {"capacity": 213, "impossibleCargos": [4, 5, 7, 8, 9, 11], "neighbors": [16, 18, 15, 17, 4, 23, 22, 13, 19, 11, 9, 20, 8, 0, 6]}, {"capacity": 284, "impossibleCargos": [0, 5, 10], "neighbors": [17, 21, 23, 6, 9, 13, 4, 15, 3, 24, 10, 18, 20, 16, 2, 22, 1, 0, 5, 14, 7]}, {"capacity": 287, "impossibleCargos": [3, 13], "neighbors": [15, 21, 23, 20, 17, 8, 1, 4, 9, 7, 19, 13, 5, 2, 24, 0, 14, 18]}, {"capacity": 248, "impossibleCargos": [1, 6, 11, 12], "neighbors": [4, 1, 8, 2, 24, 18, 11, 12, 17, 10, 15, 21, 0, 3, 14, 16, 19, 6]}, {"capacity": 270, "impossibleCargos": [6, 11, 14], "neighbors": [24, 6, 9, 5, 8, 2, 3, 17, 0, 12, 22, 19, 13, 11, 1, 21, 4]}, {"capacity": 226, "impossibleCargos": [2, 5, 12], "neighbors": [12, 8, 10, 2, 5, 21, 1, 24, 11, 7, 0, 13, 17, 6, 19, 4, 3, 9]}, {"capacity": 225, "impossibleCargos": [3, 10, 12], "neighbors": [10, 24, 20, 1, 17, 23, 19, 5, 3, 18, 11, 9, 0, 21, 2, 13, 8]}, {"capacity": 241, "impossibleCargos": [14], "neighbors": [12, 11, 23, 20, 0, 5, 4, 22, 7, 18, 16, 10, 1, 9, 13, 24, 2, 14, 19, 15, 6, 8, 21]}, {"capacity": 263, "impossibleCargos": [4, 7, 11], "neighbors": [20, 1, 21, 10, 23, 17, 3, 13, 6, 7, 22, 16, 11, 12, 5, 2, 9, 8, 24, 4]}, {"capacity": 266, "impossibleCargos": [2, 6, 9, 14], "neighbors": [23, 0, 6, 20, 22, 12, 16, 7, 4, 10, 3, 17, 9, 1, 14, 8, 15, 21, 24, 13]}, {"capacity": 238, "impossibleCargos": [5, 8], "neighbors": [18, 23, 12, 9, 16, 17, 21, 22, 24, 19, 4, 5, 3, 2, 11, 10, 7]}, {"capacity": 276, "impossibleCargos": [7, 8], "neighbors": [12, 20, 18, 9, 11, 4, 15, 0, 2, 13, 22, 16, 5, 19, 17, 14]}, {"capacity": 229, "impossibleCargos": [0, 3, 4, 5], "neighbors": [3, 20, 1, 4, 17, 2, 0, 23, 19, 10, 18, 14, 21, 11, 8]}, {"capacity": 262, "impossibleCargos": [3, 4, 5, 6, 7, 8, 10, 11, 13], "neighbors": [20, 12, 7, 19, 17, 6, 11, 24, 18, 16, 22, 8, 1, 10, 3, 5, 2]}, {"capacity": 235, "impossibleCargos": [3, 5, 6], "neighbors": [14, 16, 7, 6, 23, 3, 13, 20, 2, 15, 12, 17, 11, 5, 9, 18, 8, 1, 19]}]}