{"volumes": [107, 584, 256, 805, 142, 288, 304, 0, 184, 155, 654, 358, 535, 0, 123], "conflicts": [[0, 7], [0, 14], [2, 7], [2, 8], [2, 13], [4, 13], [5, 7], [6, 7], [6, 8], [7, 9], [7, 10], [7, 11], [7, 12], [7, 13], [8, 13], [8, 14], [9, 13], [11, 13], [12, 13], [13, 14]], "tanks": [{"capacity": 208, "impossibleCargos": [0, 4, 6, 10, 11, 13], "neighbors": [7, 1, 5, 10, 6, 17, 24, 15, 20, 14, 11, 23, 2, 4, 16]}, {"capacity": 268, "impossibleCargos": [0, 5, 6, 7, 12, 13, 14], "neighbors": [23, 12, 14, 0, 4, 7, 17, 11, 24, 21, 2, 22, 8, 15, 18, 5, 6]}, {"capacity": 295, "impossibleCargos": [2, 5, 11], "neighbors": [6, 10, 12, 16, 24, 9, 3, 8, 22, 18, 21, 11, 5, 1, 17, 0, 14, 4, 7]}, {"capacity": 266, "impossibleCargos": [7, 8, 14], "neighbors": [19, 5, 22, 23, 18, 17, 12, 11, 2, 20, 4, 9, 14, 13, 7, 15, 16, 21, 8, 6, 10]}, {"capacity": 230, "impossibleCargos": [2, 10], "neighbors": [11, 15, 8, 6, 1, 16, 3, 21, 12, 9, 22, 24, 18, 5, 0, 23, 2, 17, 7, 14]}, {"capacity": 252, "impossibleCargos": [0, 8, 14], "neighbors": [0, 3, 22, 6, 20, 7, 14, 19, 2, 21, 8, 4, 23, 13, 24, 15, 12, 1, 11]}, {"capacity": 235, "impossibleCargos": [4, 9, 12], "neighbors": [12, 7, 22, 10, 14, 4, 2, 8, 0, 5, 19, 18, 21, 13, 15, 9, 23, 3, 24, 16, 11, 1]}, {"capacity": 205, "impossibleCargos": [6, 9, 11, 13], "neighbors": [0, 6, 11, 13, 9, 1, 5, 17, 12, 22, 10, 16, 15, 3, 8, 2, 18, 20, 21, 4]}, {"capacity": 234, "impossibleCargos": [4, 5], "neighbors": [19, 15, 4, 13, 18, 6, 12, 2, 14, 16, 9, 23, 5, 3, 7, 1, 10, 22, 11]}, {"capacity": 222, "impossibleCargos": [0, 2, 7, 11, 12], "neighbors": [10, 7, 22, 18, 11, 2, 14, 20, 3, 8, 4, 21, 13, 6, 23, 12, 19, 15]}, {"capacity": 294, "impossibleCargos": [2, 5, 8, 11, 13], "neighbors": [11, 6, 9, 21, 0, 2, 12, 13, 7, 16, 17, 20, 15, 24, 18, 8, 3]}, {"capacity": 288, "impossibleCargos": [8], "neighbors": [10, 4, 7, 12, 3, 19, 9, 14, 1, 17, 18, 24, 22, 0, 16, 2, 23, 8, 6, 5]}, {"capacity": 255, "impossibleCargos": [2, 9, 13], "neighbors": [6, 1, 13, 22, 15, 11, 17, 16, 3, 14, 10, 2, 21, 8, 23, 7, 4, 19, 18, 9, 5]}, {"capacity": 208, "impossibleCargos": [0, 1, 2, 5, 6, 7, 11, 13], "neighbors": [12, 7, 8, 10, 14, 16, 6, 22, 9, 3, 18, 5, 15, 20]}, {"capacity": 267, "impossibleCargos": [0, 3, 7, 9, 10, 11, 13], "neighbors": [1, 6, 15, 12, 9, 22, 11, 5, 13, 8, 0, 3, 17, 23, 19, 2, 20, 4]}, {"capacity": 252, "impossibleCargos": [0, 3, 8, 13], "neighbors": [12, 22, 8, 4, 24, 14, 0, 20, 16, 10, 6, 7, 3, 1, 5, 13, 9, 17, 21]}, {"capacity": 209, "impossibleCargos": [8, 13], "neighbors": [21, 12, 2, 4, 24, 13, 7, 8, 10, 11, 15, 20, 3, 6, 0, 19, 17, 23, 22]}, {"capacity": 238, "impossibleCargos": [13], "neighbors": [23, 12, 3, 0, 1, 7, 21, 20, 11, 18, 22, 10, 2, 14, 16, 4, 19, 15]}, {"capacity": 254, "impossibleCargos": [], "neighbors": [3, 8, 20, 23, 9, 2, 6, 17, 11, 12, 4, 13, 10, 7, 1, 24]}, {"capacity": 215, "impossibleCargos": [2, 4], "neighbors": [3, 8, 6, 11, 20, 5, 12, 24, 23, 21, 22, 14, 16, 9, 17]}, {"capacity": 212, "impossibleCargos": [12, 14], "neighbors": [24, 18, 5, 22, 17, 3, 9, 23, 19, 0, 10, 15, 16, 7, 14, 13]}, {"capacity": 234, "impossibleCargos": [1, 2, 7], "neighbors": [24, 16, 10, 22, 12, 17, 4, 2, 6, 9, 1, 5, 19, 3, 7, 15]}, {"capacity": 209, "impossibleCargos": [1, 3, 8], "neighbors": [12, 6, 15, 3, 5, 9, 21, 20, 14, 2, 7, 17, 11, 4, 13, 1, 19, 8, 16]}, {"capacity": 299, "impossibleCargos": [4, 6, 7, 13], "neighbors": [1, 3, 17, 12, 18, 20, 8, 19, 11, 0, 5, 9, 24, 6, 14, 4, 16]}, {"capacity": 219, "impossibleCargos": [3, 12, 13], "neighbors": [20, 21, 15, 2, 16, 0, 1, 11, 19, 4, 10, 5, 23, 6, 18]}]}