{"volumes": [272, 546, 289, 497, 489, 494, 170, 0, 462, 529, 0, 0, 381, 209, 0], "conflicts": [[1, 14], [4, 11], [5, 7], [6, 7], [7, 10], [7, 11], [7, 13], [8, 10], [8, 11], [8, 14], [9, 14], [13, 14]], "tanks": [{"capacity": 201, "impossibleCargos": [1, 4, 6, 8, 9, 11, 12, 13, 14], "neighbors": [7, 2, 18, 9, 24, 15, 12, 11, 23, 10, 17, 19, 5, 13, 21, 16, 1, 20, 4, 14]}, {"capacity": 204, "impossibleCargos": [0, 1, 2, 3, 4, 6, 7, 8, 9, 11, 12, 13], "neighbors": [9, 14, 8, 20, 17, 16, 10, 12, 22, 5, 15, 4, 2, 3, 18, 6, 19, 11, 13, 0, 23, 7]}, {"capacity": 283, "impossibleCargos": [0, 1, 2, 3, 5, 6, 7, 8, 12, 13, 14], "neighbors": [20, 8, 7, 0, 3, 17, 11, 23, 1, 12, 6, 24, 18, 14, 19, 22]}, {"capacity": 242, "impossibleCargos": [1, 2, 3, 5, 7, 9, 10, 11, 12, 13, 14], "neighbors": [4, 16, 18, 19, 14, 2, 12, 17, 6, 15, 10, 1, 22, 13, 23, 9, 7, 24]}, {"capacity": 259, "impossibleCargos": [0, 1, 2, 3, 4, 6, 7, 8, 9, 11, 12, 13, 14], "neighbors": [3, 9, 15, 8, 14, 1, 6, 13, 24, 5, 7, 19, 22, 23, 18, 11, 17, 10, 16, 0, 20]}, {"capacity": 203, "impossibleCargos": [0, 1, 2, 4, 5, 6, 7, 8, 11, 12, 13, 14], "neighbors": [14, 16, 7, 6, 19, 11, 9, 1, 0, 4, 22, 12]}, {"capacity": 205, "impossibleCargos": [1, 5, 7, 8, 9, 10, 11, 13, 14], "neighbors": [15, 21, 5, 14, 16, 7, 24, 4, 3, 13, 18, 20, 23, 1, 2, 19, 9, 11, 12]}, {"capacity": 227, "impossibleCargos": [1, 2, 3, 4, 5, 7, 8, 9, 10, 11, 12, 14], "neighbors": [10, 2, 0, 5, 24, 16, 20, 12, 11, 15, 21, 6, 13, 14, 4, 17, 19, 8, 3, 1, 18]}, {"capacity": 245, "impossibleCargos": [0, 1, 2, 3, 4, 5, 6, 7, 9, 10, 11, 14], "neighbors": [18, 2, 21, 13, 1, 4, 23, 9, 22, 15, 16, 17, 12, 19, 7]}, {"capacity": 228, "impossibleCargos": [1, 2, 3, 5, 6, 7, 8, 10, 13, 14], "neighbors": [4, 14, 1, 0, 5, 19, 8, 12, 23, 18, 13, 6, 21, 10, 17, 3, 11]}, {"capacity": 219, "impossibleCargos": [1, 2, 4, 6, 7, 10, 11, 13, 14], "neighbors": [7, 11, 19, 1, 17, 0, 22, 21, 3, 13, 15, 4, 9, 14, 20]}, {"capacity": 290, "impossibleCargos": [0, 1, 2, 4, 5, 6, 7, 8, 9, 10, 11, 13, 14], "neighbors": [22, 12, 18, 10, 19, 0, 5, 7, 2, 23, 4, 14, 20, 17, 1, 6, 9]}, {"capacity": 260, "impossibleCargos": [0, 2, 4, 5, 6, 8, 9, 10, 11, 12, 13, 14], "neighbors": [11, 18, 20, 22, 17, 7, 21, 1, 0, 19, 3, 24, 9, 13, 2, 5, 8, 16, 6, 14, 23]}, {"capacity": 257, "impossibleCargos": [0, 2, 4, 5, 8, 9, 10, 11, 12, 13, 14], "neighbors": [15, 22, 8, 21, 16, 19, 7, 12, 4, 10, 0, 20, 6, 3, 9, 17, 1, 14]}, {"capacity": 296, "impossibleCargos": [0, 1, 2, 3, 4, 5, 6, 7, 10, 12, 13], "neighbors": [5, 9, 15, 1, 3, 17, 4, 21, 18, 6, 19, 7, 23, 20, 22, 11, 2, 12, 10, 0, 13]}, {"capacity": 295, "impossibleCargos": [0, 3, 4, 5, 6, 7, 8, 9, 11, 13, 14], "neighbors": [13, 6, 14, 4, 21, 19, 0, 1, 17, 7, 3, 10, 8, 24, 22, 18]}, {"capacity": 208, "impossibleCargos": [0, 2, 3, 4, 5, 6, 7, 8, 9, 10, 11, 12, 13], "neighbors": [3, 5, 7, 1, 13, 17, 22, 23, 6, 21, 18, 20, 24, 8, 12, 0, 4]}, {"capacity": 235, "impossibleCargos": [0, 1, 2, 6, 7, 8, 10, 11, 14], "neighbors": [12, 1, 14, 10, 0, 16, 15, 22, 2, 24, 3, 23, 7, 8, 4, 11, 13, 9, 18, 19]}, {"capacity": 220, "impossibleCargos": [2, 4, 5, 7, 9, 10, 11, 14], "neighbors": [8, 19, 3, 22, 24, 12, 0, 11, 21, 14, 6, 16, 4, 1, 9, 2, 15, 17, 7]}, {"capacity": 201, "impossibleCargos": [0, 1, 4, 5, 6, 7, 8, 10, 11, 13], "neighbors": [18, 22, 3, 15, 5, 11, 10, 20, 9, 12, 0, 13, 14, 21, 23, 4, 7, 1, 2, 6, 8, 17]}, {"capacity": 222, "impossibleCargos": [0, 1, 2, 3, 5, 7, 8, 9, 10, 11, 12, 13], "neighbors": [2, 12, 1, 7, 19, 23, 22, 13, 6, 14, 16, 11, 0, 4, 10]}, {"capacity": 261, "impossibleCargos": [0, 1, 2, 4, 6, 7, 8, 10, 11, 13, 14], "neighbors": [8, 6, 15, 22, 13, 12, 18, 14, 10, 7, 19, 23, 16, 0, 24, 9]}, {"capacity": 233, "impossibleCargos": [0, 2, 3, 4, 5, 9, 10, 11, 14], "neighbors": [23, 13, 18, 11, 19, 12, 21, 1, 20, 10, 17, 16, 8, 3, 5, 4, 14, 15, 2, 24]}, {"capacity": 246, "impossibleCargos": [1, 2, 3, 4, 5, 6, 7, 8, 11, 13, 14], "neighbors": [22, 24, 8, 20, 0, 16, 2, 9, 17, 19, 14, 21, 11, 4, 6, 3, 12, 1]}, {"capacity": 248, "impossibleCargos": [0, 1, 3, 4, 5, 6, 7, 9, 10, 14], "neighbors": [18, 23, 0, 7, 17, 12, 6, 4, 15, 16, 2, 21, 22, 3]}]}