{"volumes": [241, 325, 711, 241, 358, 405, 582, 231, 494, 114, 150, 290, 181, 0, 193], "conflicts": [[3, 13], [5, 13], [7, 13], [12, 13], [13, 14]], "tanks": [{"capacity": 260, "impossibleCargos": [0, 2, 6, 7, 9, 10, 11, 12, 13, 14], "neighbors": [11, 10, 17, 5, 23, 9, 21, 6, 20, 3, 24, 15, 22, 1, 7, 14, 12, 2, 13]}, {"capacity": 269, "impossibleCargos": [0, 1, 3, 4, 5, 6, 7, 8, 9, 10, 11, 12, 13, 14], "neighbors": [5, 7, 13, 21, 2, 16, 9, 18, 17, 11, 20, 0, 6, 22, 10, 3, 24]}, {"capacity": 294, "impossibleCargos": [0, 1, 2, 3, 4, 6, 7, 8, 9, 10, 11, 12, 13], "neighbors": [14, 3, 18, 12, 9, 13, 5, 4, 6, 1, 7, 22, 8, 10, 15, 19, 11, 20, 0]}, {"capacity": 264, "impossibleCargos": [1, 2, 3, 4, 5, 6, 7, 9, 10, 11, 12, 13, 14], "neighbors": [19, 13, 21, 15, 2, 23, 20, 22, 12, 0, 16, 5, 17, 6, 7, 9, 1, 11]}, {"capacity": 243, "impossibleCargos": [0, 1, 2, 3, 5, 6, 7, 8, 10, 11, 12, 13, 14], "neighbors": [21, 24, 22, 20, 2, 7, 14, 18, 19, 5, 23, 17, 16, 12]}, {"capacity": 276, "impossibleCargos": [1, 2, 3, 4, 6, 7, 8, 10, 13], "neighbors": [1, 24, 7, 0, 14, 22, 8, 11, 2, 3, 4, 17, 19, 16, 13, 21, 10, 18, 15]}, {"capacity": 285, "impossibleCargos": [0, 1, 3, 4, 5, 6, 7, 9, 10, 11, 12], "neighbors": [11, 23, 14, 15, 17, 0, 13, 2, 18, 12, 20, 9, 21, 10, 1, 3, 24]}, {"capacity": 202, "impossibleCargos": [0, 3, 4, 5, 7, 11, 12, 13, 14], "neighbors": [12, 1, 5, 20, 16, 2, 4, 8, 23, 17, 14, 0, 24, 3, 10, 22, 21, 15, 19]}, {"capacity": 250, "impossibleCargos": [4, 5, 6, 7, 8, 9, 11, 12, 13, 14], "neighbors": [9, 22, 5, 14, 16, 10, 7, 11, 19, 2, 24, 23]}, {"capacity": 294, "impossibleCargos": [1, 2, 4, 5, 7, 8, 9, 10, 11, 12, 13, 14], "neighbors": [8, 17, 0, 2, 24, 1, 15, 6, 11, 12, 10, 3, 18, 13, 14]}, {"capacity": 241, "impossibleCargos": [0, 2, 3, 4, 5, 7, 8, 9, 11, 12, 13], "neighbors": [0, 24, 16, 18, 21, 8, 11, 15, 12, 22, 23, 6, 9, 7, 2, 1, 20, 13, 17, 19, 5]}, {"capacity": 222, "impossibleCargos": [2, 3, 4, 5, 7, 9, 11, 13], "neighbors": [0, 6, 13, 22, 5, 19, 16, 10, 8, 1, 23, 9, 17, 12, 21, 2, 20, 3]}, {"capacity": 258, "impossibleCargos": [0, 2, 3, 6, 7, 8, 9, 13, 14], "neighbors": [7, 16, 15, 19, 2, 20, 14, 3, 24, 6, 10, 21, 11, 9, 0, 22, 13, 17, 18, 4]}, {"capacity": 200, "impossibleCargos": [0, 1, 2, 3, 4, 6, 7, 8, 10, 11, 12, 13, 14], "neighbors": [20, 3, 21, 11, 1, 23, 24, 2, 6, 16, 17, 14, 12, 22, 5, 9, 10, 15, 19, 0]}, {"capacity": 270, "impossibleCargos": [0, 2, 3, 4, 6, 8, 10, 11, 12, 13], "neighbors": [2, 18, 19, 5, 24, 6, 20, 8, 12, 4, 22, 7, 16, 15, 0, 13, 21, 17, 9, 23]}, {"capacity": 258, "impossibleCargos": [1, 3, 4, 7, 8, 9, 10, 12, 13, 14], "neighbors": [22, 3, 12, 23, 6, 20, 10, 0, 18, 9, 14, 2, 21, 13, 19, 16, 7, 5]}, {"capacity": 206, "impossibleCargos": [0, 3, 4, 5, 6, 8, 9, 10, 12, 14], "neighbors": [23, 12, 22, 10, 19, 18, 8, 24, 11, 7, 1, 3, 21, 14, 13, 5, 15, 4]}, {"capacity": 277, "impossibleCargos": [0, 1, 2, 3, 4, 5, 7, 9, 10, 12, 13, 14], "neighbors": [0, 9, 6, 23, 22, 24, 7, 1, 5, 11, 3, 20, 13, 12, 14, 4, 10]}, {"capacity": 246, "impossibleCargos": [0, 1, 2, 3, 5, 6, 8, 10, 13], "neighbors": [14, 20, 2, 10, 16, 23, 6, 4, 15, 1, 19, 9, 12, 5]}, {"capacity": 239, "impossibleCargos": [0, 1, 5, 6, 7, 8, 9, 10, 11, 12, 13, 14], "neighbors": [24, 3, 14, 22, 16, 12, 21, 11, 4, 8, 20, 5, 18, 2, 15, 10, 7, 13]}, {"capacity": 229, "impossibleCargos": [1, 2, 4, 5, 6, 9, 10, 11, 12, 14], "neighbors": [13, 22, 18, 7, 24, 3, 14, 12, 4, 15, 0, 6, 1, 21, 19, 17, 10, 23, 2, 11]}, {"capacity": 219, "impossibleCargos": [0, 1, 2, 4, 6, 7, 8, 9, 10, 13, 14], "neighbors": [3, 13, 4, 19, 0, 10, 1, 22, 16, 23, 12, 20, 11, 6, 14, 24, 5, 15, 7]}, {"capacity": 273, "impossibleCargos": [0, 1, 3, 5, 6, 8, 9, 11, 13, 14], "neighbors": [15, 23, 16, 8, 19, 5, 20, 11, 4, 3, 17, 2, 21, 0, 10, 14, 1, 7, 12, 24, 13]}, {"capacity": 274, "impossibleCargos": [2, 3, 4, 7, 8, 11, 13, 14], "neighbors": [16, 22, 0, 6, 15, 3, 13, 18, 17, 24, 7, 21, 11, 10, 4, 8, 20, 14]}, {"capacity": 236, "impossibleCargos": [0, 2, 3, 4, 5, 6, 8, 9, 10, 12, 13], "neighbors": [19, 10, 5, 14, 4, 20, 16, 13, 12, 0, 23, 9, 17, 7, 8, 22, 21, 1, 6]}]}