{"volumes": [513, 0, 0, 148, 252, 307, 149, 332, 220, 0, 155, 600, 819, 803, 199], "conflicts": [[0, 9], [1, 3], [1, 4], [1, 6], [1, 7], [1, 11], [1, 13], [1, 14], [2, 8], [2, 13], [2, 14], [3, 9], [3, 14], [4, 9], [6, 14], [7, 9], [9, 10], [9, 13]], "tanks": [{"capacity": 287, "impossibleCargos": [0, 1, 7, 8, 10, 11, 13], "neighbors": [10, 11, 8, 13, 17, 24, 12, 15, 9, 23, 4, 2, 5, 19, 22, 7, 14, 20, 18, 1]}, {"capacity": 298, "impossibleCargos": [1, 2, 3, 4, 5, 7, 8, 9, 10, 13], "neighbors": [12, 9, 24, 20, 16, 14, 13, 6, 4, 18, 2, 8, 10, 23, 7, 11, 0, 17]}, {"capacity": 277, "impossibleCargos": [0, 1, 3, 5, 6, 7, 8, 9, 10, 11, 12, 13, 14], "neighbors": [16, 10, 18, 20, 4, 17, 0, 8, 5, 1, 19, 15, 14, 23, 13, 22, 21]}, {"capacity": 227, "impossibleCargos": [1, 2, 3, 4, 6, 7, 8, 10, 11, 12, 13, 14], "neighbors": [18, 7, 19, 10, 21, 22, 9, 16, 24, 12, 17, 23, 14, 5, 6]}, {"capacity": 200, "impossibleCargos": [0, 1, 2, 3, 4, 5, 8, 9, 11, 12, 13, 14], "neighbors": [17, 11, 5, 22, 2, 8, 20, 0, 7, 1, 14, 23, 21, 24, 10, 13, 18, 15]}, {"capacity": 282, "impossibleCargos": [0, 1, 2, 3, 4, 5, 7, 8, 9, 10, 11, 12, 14], "neighbors": [17, 16, 6, 9, 21, 4, 20, 14, 10, 2, 0, 8, 19, 22, 24, 7, 3]}, {"capacity": 206, "impossibleCargos": [0, 1, 3, 4, 5, 6, 8, 9, 11, 13, 14], "neighbors": [23, 5, 22, 17, 21, 9, 13, 1, 10, 7, 14, 18, 24, 16, 20, 8, 3]}, {"capacity": 254, "impossibleCargos": [1, 2, 3, 4, 5, 6, 10, 11, 12, 13], "neighbors": [11, 3, 20, 19, 4, 6, 17, 12, 16, 23, 24, 0, 5, 8, 14, 13, 1, 9]}, {"capacity": 254, "impossibleCargos": [0, 1, 3, 4, 5, 6, 8, 9, 10, 11, 12, 13, 14], "neighbors": [15, 21, 0, 18, 12, 23, 24, 4, 11, 2, 5, 13, 16, 20, 1, 14, 7, 6]}, {"capacity": 288, "impossibleCargos": [0, 1, 2, 4, 5, 6, 7, 9, 12, 14], "neighbors": [1, 5, 13, 6, 0, 14, 3, 10, 19, 11, 16, 20, 18, 15, 12, 7]}, {"capacity": 237, "impossibleCargos": [0, 1, 2, 4, 5, 6, 7, 8, 9, 10, 11, 14], "neighbors": [15, 0, 2, 23, 3, 5, 14, 24, 22, 11, 6, 13, 18, 9, 16, 17, 20, 19, 1, 4, 12]}, {"capacity": 260, "impossibleCargos": [0, 1, 3, 4, 6, 8, 9, 11, 12, 13], "neighbors": [0, 7, 4, 21, 16, 14, 19, 17, 8, 10, 24, 23, 9, 12, 22, 15, 1]}, {"capacity": 285, "impossibleCargos": [0, 1, 3, 5, 6, 8, 9, 10, 12, 13, 14], "neighbors": [15, 1, 8, 22, 20, 0, 21, 16, 14, 23, 17, 13, 7, 11, 3, 9, 19, 10]}, {"capacity": 219, "impossibleCargos": [0, 3, 4, 5, 6, 7, 9, 11, 12, 14], "neighbors": [15, 0, 9, 18, 1, 17, 6, 16, 10, 21, 8, 12, 14, 4, 7, 2, 22]}, {"capacity": 214, "impossibleCargos": [0, 1, 2, 3, 4, 5, 9, 10, 12, 13, 14], "neighbors": [5, 11, 1, 23, 10, 21, 24, 22, 12, 9, 4, 6, 18, 13, 17, 2, 15, 8, 0, 7, 3, 16]}, {"capacity": 293, "impossibleCargos": [0, 1, 2, 3, 4, 5, 6, 7, 8, 9, 11, 12, 14], "neighbors": [10, 20, 12, 13, 8, 22, 24, 0, 19, 2, 14, 18, 9, 16, 11, 17, 4]}, {"capacity": 206, "impossibleCargos": [1, 2, 4, 5, 7, 9, 10, 11, 12, 13, 14], "neighbors": [5, 2, 23, 11, 1, 12, 13, 22, 8, 10, 3, 19, 9, 7, 6, 18, 15, 14, 20, 17, 21]}, {"capacity": 245, "impossibleCargos": [0, 1, 2, 3, 4, 6, 7, 10, 11, 13], "neighbors": [5, 4, 23, 6, 0, 13, 2, 21, 11, 12, 7, 10, 14, 22, 3, 19, 16, 15, 1]}, {"capacity": 204, "impossibleCargos": [1, 2, 3, 4, 5, 7, 9, 10, 11, 12, 13, 14], "neighbors": [3, 8, 2, 13, 23, 24, 19, 22, 1, 21, 10, 14, 6, 15, 9, 16, 4, 0]}, {"capacity": 253, "impossibleCargos": [1, 2, 4, 5, 7, 10, 11, 13], "neighbors": [22, 3, 20, 24, 18, 7, 11, 15, 0, 2, 16, 9, 5, 10, 12, 17]}, {"capacity": 245, "impossibleCargos": [1, 2, 3, 5, 6, 7, 8, 9, 11, 14], "neighbors": [15, 21, 1, 7, 12, 2, 5, 19, 4, 24, 8, 10, 9, 6, 0, 16, 22]}, {"capacity": 273, "impossibleCargos": [0, 1, 2, 5, 6, 7, 8, 9, 10, 12, 14], "neighbors": [8, 11, 20, 5, 6, 14, 3, 12, 17, 13, 18, 24, 4, 22, 16, 23, 2]}, {"capacity": 207, "impossibleCargos": [0, 1, 3, 4, 7, 8, 9, 10, 11, 12, 13, 14], "neighbors": [19, 23, 12, 6, 15, 4, 18, 10, 3, 14, 16, 21, 0, 5, 17, 11, 2, 20, 24, 13]}, {"capacity": 281, "impossibleCargos": [0, 1, 2, 3, 4, 5, 6, 7, 8, 9, 10, 11, 12, 14], "neighbors": [6, 16, 22, 17, 10, 18, 8, 14, 0, 4, 12, 11, 7, 3, 1, 2, 24, 21]}, {"capacity": 286, "impossibleCargos": [1, 2, 4, 5, 6, 8, 9, 10, 11, 12, 13], "neighbors": [1, 19, 18, 0, 15, 8, 10, 14, 21, 11, 20, 3, 6, 7, 5, 4, 23, 22]}]}