{"volumes": [0, 724, 212, 2452, 935, 1802, 0, 505, 3452, 1726, 1463, 862, 916, 2620, 649], "conflicts": [[0, 1], [0, 5], [0, 6], [0, 7], [0, 8], [0, 10], [0, 12], [0, 13], [1, 3], [1, 4], [1, 6], [2, 10], [4, 5], [4, 6], [4, 7], [5, 6], [5, 7], [5, 12], [6, 7], [6, 8], [6, 11], [6, 13], [6, 14], [7, 10], [7, 11], [7, 13], [7, 14]], "tanks": [{"capacity": 278, "impossibleCargos": [0, 1, 4, 11, 13], "neighbors": [13, 7, 27, 30, 21, 10, 22]}, {"capacity": 542, "impossibleCargos": [0, 1, 2, 5, 9, 10, 12], "neighbors": [21, 23, 28, 34, 6, 22, 19, 20]}, {"capacity": 991, "impossibleCargos": [0, 2, 4, 6, 7, 8, 11], "neighbors": [18, 17, 6, 28, 7, 19, 4, 24, 34, 27]}, {"capacity": 910, "impossibleCargos": [1, 2, 5, 6, 7, 8, 9, 10, 11, 14], "neighbors": [25, 24, 30, 26, 20]}, {"capacity": 388, "impossibleCargos": [0, 1, 2, 4, 5, 6, 7, 8, 9], "neighbors": [10, 27, 5, 11, 17, 22, 2, 6, 24]}, {"capacity": 329, "impossibleCargos": [1, 2, 3, 5, 9, 14], "neighbors": [4, 25, 24, 15, 11, 21]}, {"capacity": 749, "impossibleCargos": [0, 1, 4, 7, 11, 12, 13, 14], "neighbors": [9, 2, 1, 26, 13, 4, 12]}, {"capacity": 555, "impossibleCargos": [0, 3, 6, 7, 12], "neighbors": [8, 25, 28, 0, 29, 20, 10, 2, 26, 32, 33, 17]}, {"capacity": 281, "impossibleCargos": [1, 2, 3, 4, 6, 11, 14], "neighbors": [20, 7, 27, 15, 34, 21, 16, 33, 9, 23, 13]}, {"capacity": 324, "impossibleCargos": [6, 8, 9, 10, 12, 13, 14], "neighbors": [27, 26, 6, 13, 8, 15, 25, 12]}, {"capacity": 767, "impossibleCargos": [0, 3, 6, 8, 11, 12, 13], "neighbors": [4, 7, 12, 30, 31, 18, 0]}, {"capacity": 677, "impossibleCargos": [0, 1, 2, 3, 5, 7, 10, 12, 13, 14], "neighbors": [18, 30, 20, 4, 19, 22, 28, 5]}, {"capacity": 379, "impossibleCargos": [0, 4, 10], "neighbors": [23, 10, 22, 19, 32, 9, 6, 26, 15]}, {"capacity": 270, "impossibleCargos": [2, 11, 12, 13], "neighbors": [22, 0, 30, 28, 17, 9, 18, 26, 6, 8]}, {"capacity": 583, "impossibleCargos": [0, 1, 4, 7, 11, 14], "neighbors": [19, 24, 31, 28]}, {"capacity": 730, "impossibleCargos": [1, 4, 5, 11, 12, 14], "neighbors": [8, 29, 28, 5, 32, 17, 9, 24, 12]}, {"capacity": 987, "impossibleCargos": [0, 2, 4, 5, 6, 11], "neighbors": [29, 8, 27, 31, 22, 17]}, {"capacity": 646, "impossibleCargos": [1, 6, 8, 10, 11, 14], "neighbors": [22, 13, 4, 2, 25, 15, 28, 16, 7]}, {"capacity": 539, "impossibleCargos": [0, 1, 2, 4, 6, 8, 9, 10, 13, 14], "neighbors": [11, 2, 24, 20, 13, 32, 10, 34]}, {"capacity": 753, "impossibleCargos": [3, 4, 6, 7, 9, 11], "neighbors": [33, 34, 27, 28, 14, 11, 2, 12, 26, 1, 20]}, {"capacity": 292, "impossibleCargos": [4, 5, 9, 10, 13, 14], "neighbors": [8, 27, 11, 7, 18, 31, 3, 19, 1]}, {"capacity": 752, "impossibleCargos": [0, 2, 3, 4, 5, 7, 10, 13, 14], "neighbors": [1, 26, 23, 8, 0, 5, 24]}, {"capacity": 217, "impossibleCargos": [1, 5, 6, 7, 8, 9, 12, 13, 14], "neighbors": [13, 25, 17, 4, 11, 28, 12, 1, 26, 16, 0]}, {"capacity": 406, "impossibleCargos": [0, 1, 2, 4, 5, 7, 8, 9, 11, 12, 13], "neighbors": [1, 29, 24, 12, 21, 8]}, {"capacity": 851, "impossibleCargos": [2, 4, 6, 7, 13], "neighbors": [34, 3, 29, 23, 18, 5, 14, 31, 2, 28, 30, 21, 4, 15]}, {"capacity": 699, "impossibleCargos": [0, 3, 4, 10, 11, 12, 14], "neighbors": [3, 7, 22, 5, 33, 30, 17, 9]}, {"capacity": 349, "impossibleCargos": [3, 4, 6, 10, 13], "neighbors": [9, 21, 27, 6, 7, 3, 13, 19, 22, 12]}, {"capacity": 951, "impossibleCargos": [1, 2, 4, 5, 10, 12, 13], "neighbors": [34, 20, 8, 4, 19, 9, 26, 0, 32, 28, 16, 2]}, {"capacity": 689, "impossibleCargos": [4, 5, 8, 11, 13, 14], "neighbors": [7, 1, 13, 19, 2, 22, 15, 31, 11, 24, 27, 14, 17]}, {"capacity": 357, "impossibleCargos": [0, 1, 4, 5, 6, 7, 8, 9, 12, 14], "neighbors": [16, 24, 23, 7, 33, 15, 32]}, {"capacity": 233, "impossibleCargos": [0, 2, 5, 10, 12, 13, 14], "neighbors": [11, 3, 13, 0, 25, 10, 33, 24]}, {"capacity": 281, "impossibleCargos": [1, 4, 5, 6, 7, 8, 9, 11], "neighbors": [24, 28, 20, 14, 10, 16]}, {"capacity": 347, "impossibleCargos": [0, 1, 3, 4, 7, 10, 14], "neighbors": [27, 15, 33, 18, 7, 12, 29]}, {"capacity": 777, "impossibleCargos": [0, 1, 2, 4, 6, 7, 8, 9, 11], "neighbors": [19, 25, 29, 8, 32, 30, 7]}, {"capacity": 988, "impossibleCargos": [1, 2, 4, 7, 9, 11, 12, 13], "neighbors": [24, 27, 19, 8, 1, 2, 18]}]}