{"volumes": [665, 1214, 587, 1449, 1210, 431, 304, 1790, 1924, 750, 2029, 1175, 549, 565, 2532], "conflicts": [[0, 1], [0, 4], [0, 11], [0, 12], [0, 13], [1, 2], [1, 5], [1, 9], [1, 10], [1, 12], [2, 8], [2, 9], [3, 5], [3, 6], [4, 5], [4, 9], [5, 6], [5, 7], [5, 8], [5, 11], [5, 12], [6, 7], [6, 9], [8, 12], [9, 12], [12, 13]], "tanks": [{"capacity": 631, "impossibleCargos": [2, 3, 5, 6, 8, 10, 12], "neighbors": [30, 14, 1, 5, 21, 23, 9, 27, 8, 4, 12, 34]}, {"capacity": 857, "impossibleCargos": [0, 3, 5, 7, 9, 13], "neighbors": [6, 5, 0, 3, 32, 9, 27, 4, 11, 25]}, {"capacity": 859, "impossibleCargos": [7, 8, 9, 10, 11, 14], "neighbors": [8, 16, 32, 7, 25]}, {"capacity": 314, "impossibleCargos": [1, 2, 3, 4, 7, 8, 9, 13], "neighbors": [9, 23, 14, 24, 1, 7, 6, 30]}, {"capacity": 738, "impossibleCargos": [0, 4, 6, 7, 8, 11], "neighbors": [29, 33, 6, 23, 0, 1, 18]}, {"capacity": 802, "impossibleCargos": [2, 4, 5, 7, 8, 12, 13], "neighbors": [32, 25, 1, 0, 6, 26, 7, 22, 28, 29, 24]}, {"capacity": 955, "impossibleCargos": [12], "neighbors": [1, 16, 4, 27, 5, 25, 24, 15, 12, 23, 3, 11]}, {"capacity": 218, "impossibleCargos": [1, 3, 4, 7, 9, 12], "neighbors": [23, 17, 3, 26, 21, 5, 8, 2]}, {"capacity": 413, "impossibleCargos": [1, 3, 7, 8, 9, 10, 12, 13, 14], "neighbors": [2, 12, 25, 10, 31, 7, 24, 0, 32, 14, 26]}, {"capacity": 845, "impossibleCargos": [0, 5, 6, 7, 9, 10, 13], "neighbors": [3, 19, 11, 25, 17, 30, 0, 1, 21]}, {"capacity": 364, "impossibleCargos": [1, 2, 3, 4, 5, 6, 8, 13], "neighbors": [28, 27, 14, 8, 33, 11, 19, 25]}, {"capacity": 822, "impossibleCargos": [3, 4, 6, 9, 10, 12, 13, 14], "neighbors": [23, 20, 9, 33, 34, 14, 18, 19, 25, 10, 1, 17, 6]}, {"capacity": 408, "impossibleCargos": [0, 2, 5, 6, 14], "neighbors": [21, 8, 29, 30, 23, 6, 0, 27]}, {"capacity": 351, "impossibleCargos": [0, 4, 5, 6, 9, 10, 12, 13], "neighbors": [16, 31, 33, 24, 34, 18]}, {"capacity": 392, "impossibleCargos": [0, 5, 6, 9, 14], "neighbors": [3, 0, 21, 10, 27, 11, 30, 8]}, {"capacity": 469, "impossibleCargos": [2, 3, 4, 8, 9, 11, 13], "neighbors": [30, 22, 33, 18, 6]}, {"capacity": 724, "impossibleCargos": [4, 7, 10, 14], "neighbors": [6, 2, 13, 26, 20, 19, 22]}, {"capacity": 340, "impossibleCargos": [1, 2, 4, 6, 8, 9, 13, 14], "neighbors": [32, 7, 24, 9, 20, 11, 26, 31, 25, 22]}, {"capacity": 372, "impossibleCargos": [0, 1, 3, 5, 6, 8, 9, 11, 12, 13, 14], "neighbors": [29, 15, 11, 28, 13, 4]}, {"capacity": 622, "impossibleCargos": [2, 4, 6, 8, 10, 14], "neighbors": [28, 23, 9, 22, 11, 32, 31, 16, 21, 10]}, {"capacity": 622, "impossibleCargos": [0, 5, 6, 9, 13, 14], "neighbors": [24, 11, 32, 25, 33, 17, 31, 16, 22]}, {"capacity": 427, "impossibleCargos": [0, 1, 3, 7, 8, 11, 14], "neighbors": [12, 14, 0, 7, 9, 24, 28, 19, 32]}, {"capacity": 314, "impossibleCargos": [4, 7, 8, 11, 13, 14], "neighbors": [15, 19, 5, 16, 20, 17]}, {"capacity": 876, "impossibleCargos": [2, 3, 4, 5, 6, 8, 10, 11, 12], "neighbors": [11, 19, 3, 7, 4, 0, 12, 6, 30, 25]}, {"capacity": 498, "impossibleCargos": [0, 2, 5, 10, 13, 14], "neighbors": [20, 3, 13, 17, 6, 8, 21, 5]}, {"capacity": 307, "impossibleCargos": [8, 9, 10, 12, 14], "neighbors": [8, 5, 6, 20, 9, 11, 23, 2, 1, 17, 31, 10]}, {"capacity": 314, "impossibleCargos": [0, 2, 6, 10, 12, 13], "neighbors": [16, 5, 7, 17, 29, 8]}, {"capacity": 212, "impossibleCargos": [0, 2, 3, 4, 5, 7, 8, 9, 11, 13], "neighbors": [31, 10, 28, 6, 32, 14, 33, 0, 1, 12]}, {"capacity": 396, "impossibleCargos": [0, 1, 2, 3, 4, 7, 9, 11, 12, 14], "neighbors": [19, 10, 27, 29, 18, 21, 32, 5]}, {"capacity": 779, "impossibleCargos": [2, 3, 4, 5, 6, 7, 9, 12, 14], "neighbors": [12, 4, 31, 18, 28, 26, 5]}, {"capacity": 604, "impossibleCargos": [1, 3, 9, 10, 12], "neighbors": [0, 15, 12, 9, 23, 14, 33, 3]}, {"capacity": 379, "impossibleCargos": [3, 4, 6, 9, 12, 14], "neighbors": [29, 27, 13, 8, 19, 20, 17, 25]}, {"capacity": 610, "impossibleCargos": [0, 1, 2, 4, 6, 7, 9, 10, 11], "neighbors": [17, 5, 2, 1, 20, 27, 19, 8, 28, 21]}, {"capacity": 451, "impossibleCargos": [0, 1, 2, 3, 4, 5, 8, 11, 13, 14], "neighbors": [4, 11, 13, 10, 15, 27, 20, 30]}, {"capacity": 671, "impossibleCargos": [0, 2, 3, 5, 6, 8, 9, 11, 12, 14], "neighbors": [11, 13, 0]}]}