{"volumes": [1248, 1663, 1612, 1210, 635, 201, 1361, 308, 2057, 0, 336, 881, 3960, 1038, 1722], "conflicts": [[0, 3], [0, 4], [0, 10], [0, 14], [1, 7], [1, 9], [2, 6], [2, 9], [3, 6], [3, 9], [3, 10], [3, 11], [4, 5], [4, 6], [4, 7], [4, 9], [4, 11], [4, 13], [5, 7], [5, 10], [5, 13], [6, 7], [6, 9], [6, 14], [7, 8], [7, 10], [7, 13], [7, 14], [8, 9], [8, 14], [9, 10], [9, 11], [9, 14], [10, 11], [10, 14]], "tanks": [{"capacity": 759, "impossibleCargos": [0, 2, 3, 5, 7, 8, 11, 14], "neighbors": [9, 16, 2, 21, 28, 8, 3, 31, 5, 7, 26, 6]}, {"capacity": 354, "impossibleCargos": [2, 3, 5, 11, 12, 13], "neighbors": [12, 6, 23, 4, 19, 21, 15]}, {"capacity": 506, "impossibleCargos": [1, 2, 4, 6, 7, 8, 9, 11, 13, 14], "neighbors": [32, 10, 22, 0, 15, 28, 17, 25, 33, 30, 11, 4, 18, 27]}, {"capacity": 642, "impossibleCargos": [1, 2, 8, 9, 12], "neighbors": [7, 0, 15, 23, 19, 21, 25, 17]}, {"capacity": 590, "impossibleCargos": [0, 1, 3, 4, 5, 11, 13], "neighbors": [17, 5, 1, 33, 12, 16, 2]}, {"capacity": 253, "impossibleCargos": [4, 5, 6, 10, 11, 13], "neighbors": [4, 23, 29, 0, 32, 30, 28, 31]}, {"capacity": 334, "impossibleCargos": [3, 5, 9, 10, 12, 14], "neighbors": [1, 30, 9, 20, 25, 24, 8, 0]}, {"capacity": 346, "impossibleCargos": [1, 2, 4, 5, 8, 10], "neighbors": [3, 10, 23, 28, 0, 21]}, {"capacity": 988, "impossibleCargos": [4, 8, 9, 10, 12, 13, 14], "neighbors": [33, 32, 23, 0, 10, 21, 6, 14, 16]}, {"capacity": 215, "impossibleCargos": [0, 3, 4, 5, 9, 10, 14], "neighbors": [0, 6, 34, 28, 16, 13, 32, 26, 31, 30]}, {"capacity": 704, "impossibleCargos": [0, 1, 2, 3, 5, 6, 10, 11, 13], "neighbors": [7, 2, 14, 12, 24, 13, 28, 8, 17, 23, 27]}, {"capacity": 525, "impossibleCargos": [0, 1, 2, 3, 4, 6, 8, 9, 10, 11, 12], "neighbors": [13, 12, 2, 29]}, {"capacity": 210, "impossibleCargos": [1, 5, 7, 10], "neighbors": [1, 29, 10, 4, 16, 11, 14, 25, 24, 23]}, {"capacity": 708, "impossibleCargos": [0, 4, 5, 10, 12, 13, 14], "neighbors": [11, 25, 10, 24, 23, 9, 14, 27, 26, 31, 32, 17]}, {"capacity": 731, "impossibleCargos": [0, 3, 4, 6, 7, 9, 13, 14], "neighbors": [10, 15, 13, 19, 29, 12, 8]}, {"capacity": 715, "impossibleCargos": [0, 1, 5, 6, 9, 10, 14], "neighbors": [21, 26, 32, 2, 3, 14, 25, 1, 29, 23]}, {"capacity": 663, "impossibleCargos": [1, 4, 7, 8, 11], "neighbors": [32, 24, 0, 26, 12, 9, 4, 31, 19, 23, 8]}, {"capacity": 501, "impossibleCargos": [2, 8, 10, 11, 12], "neighbors": [4, 20, 2, 10, 3, 13, 34]}, {"capacity": 548, "impossibleCargos": [0, 2, 4, 7, 8, 10, 11, 13], "neighbors": [25, 30, 2, 27]}, {"capacity": 891, "impossibleCargos": [1, 3, 4, 5, 7, 9, 10, 12], "neighbors": [30, 34, 21, 28, 1, 3, 16, 14]}, {"capacity": 935, "impossibleCargos": [1, 4, 5, 8, 10], "neighbors": [21, 17, 23, 28, 32, 6, 30, 25, 26]}, {"capacity": 542, "impossibleCargos": [2, 3, 4, 7, 8, 10, 12, 13, 14], "neighbors": [15, 20, 0, 19, 1, 3, 8, 32, 7, 22]}, {"capacity": 496, "impossibleCargos": [0, 4, 5, 9, 10, 11, 13, 14], "neighbors": [2, 31, 21]}, {"capacity": 955, "impossibleCargos": [0, 1, 2, 6, 7, 8, 12], "neighbors": [7, 8, 1, 20, 28, 13, 5, 3, 10, 15, 16, 27, 12]}, {"capacity": 451, "impossibleCargos": [2, 4, 5, 7, 11, 13, 14], "neighbors": [16, 10, 34, 13, 6, 12]}, {"capacity": 867, "impossibleCargos": [0, 2, 3, 4, 6, 8, 9, 12], "neighbors": [18, 13, 2, 15, 6, 3, 20, 12]}, {"capacity": 339, "impossibleCargos": [0, 1, 3, 4, 10, 12, 14], "neighbors": [15, 16, 9, 0, 29, 27, 13, 20]}, {"capacity": 945, "impossibleCargos": [0, 2, 4, 8, 9, 10, 11], "neighbors": [13, 26, 10, 23, 2, 18]}, {"capacity": 362, "impossibleCargos": [0, 2, 3, 6, 8, 9, 10, 12], "neighbors": [33, 0, 2, 23, 10, 19, 30, 20, 7, 9, 31, 29, 5]}, {"capacity": 892, "impossibleCargos": [2, 3, 5, 7, 9, 10, 11, 12], "neighbors": [34, 12, 5, 15, 26, 14, 28, 11]}, {"capacity": 599, "impossibleCargos": [1, 2, 3, 5, 6, 12, 14], "neighbors": [19, 6, 18, 31, 28, 20, 2, 5, 9]}, {"capacity": 433, "impossibleCargos": [1, 3, 4, 5, 7, 8, 10, 13], "neighbors": [30, 0, 32, 16, 28, 22, 9, 13, 5]}, {"capacity": 207, "impossibleCargos": [3, 4, 9, 13, 14], "neighbors": [16, 2, 8, 15, 33, 20, 9, 21, 31, 5, 13]}, {"capacity": 708, "impossibleCargos": [1, 2, 3, 4, 5, 7, 10, 13, 14], "neighbors": [28, 8, 32, 4, 2]}, {"capacity": 405, "impossibleCargos": [3, 4, 5, 7, 12, 13, 14], "neighbors": [19, 29, 24, 9, 17]}]}