{"volumes": [1180, 3019, 1659, 353, 1130, 1453, 1827, 866, 887, 0, 1434, 416, 1704, 553, 1419], "conflicts": [[0, 8], [0, 13], [1, 9], [3, 11], [4, 11], [5, 9], [8, 10], [8, 13], [8, 14], [9, 10], [9, 11], [9, 13], [11, 14]], "tanks": [{"capacity": 373, "impossibleCargos": [1, 8, 10, 11], "neighbors": [31, 28, 25, 8, 19, 14, 6, 21, 4, 10, 18, 34, 30, 17, 2, 32, 27, 29, 12, 13, 20, 3, 11]}, {"capacity": 451, "impossibleCargos": [8], "neighbors": [11, 29, 6, 18, 10, 26, 4, 8, 16, 31, 14, 21, 2, 19, 7, 12, 13]}, {"capacity": 519, "impossibleCargos": [1, 2, 6, 9], "neighbors": [16, 10, 24, 32, 22, 31, 28, 0, 34, 23, 3, 1, 14, 7, 17, 27]}, {"capacity": 578, "impossibleCargos": [1, 2, 6, 7, 11], "neighbors": [13, 29, 31, 19, 23, 7, 24, 17, 11, 33, 22, 2, 0, 12, 14, 21, 32]}, {"capacity": 531, "impossibleCargos": [6, 11, 12, 13], "neighbors": [33, 13, 22, 0, 15, 1, 34, 7, 18, 21, 20, 12, 27, 10, 31, 8, 6]}, {"capacity": 320, "impossibleCargos": [9, 10], "neighbors": [24, 7, 19, 22, 20, 29, 26, 31, 30, 11, 6, 15, 8, 13, 27, 18]}, {"capacity": 942, "impossibleCargos": [0, 1, 6, 13], "neighbors": [11, 1, 26, 0, 24, 27, 20, 22, 33, 5, 15, 25, 18, 34, 32, 13, 30, 4]}, {"capacity": 376, "impossibleCargos": [5, 14], "neighbors": [5, 32, 3, 4, 13, 20, 31, 17, 15, 16, 33, 1, 28, 18, 2, 25, 8]}, {"capacity": 400, "impossibleCargos": [0, 5, 12], "neighbors": [13, 20, 34, 0, 11, 1, 22, 5, 23, 28, 24, 21, 12, 26, 14, 19, 4, 29, 18, 7]}, {"capacity": 538, "impossibleCargos": [0, 1, 7, 9, 10, 11], "neighbors": [15, 32, 22, 21, 34, 11, 25, 31, 33, 18, 23, 27]}, {"capacity": 678, "impossibleCargos": [2, 4, 8, 10, 11, 13, 14], "neighbors": [26, 27, 2, 12, 29, 19, 31, 22, 1, 14, 0, 32, 28, 4]}, {"capacity": 538, "impossibleCargos": [10], "neighbors": [1, 21, 28, 6, 16, 29, 9, 8, 31, 26, 33, 19, 5, 18, 3, 23, 0]}, {"capacity": 503, "impossibleCargos": [12], "neighbors": [23, 10, 20, 17, 28, 16, 29, 18, 19, 4, 0, 8, 3, 33, 34, 1]}, {"capacity": 610, "impossibleCargos": [2, 11], "neighbors": [33, 3, 17, 8, 4, 30, 19, 15, 7, 5, 28, 0, 18, 16, 6, 1]}, {"capacity": 976, "impossibleCargos": [5, 7, 8, 11, 13], "neighbors": [0, 10, 19, 32, 25, 1, 21, 33, 3, 8, 20, 26, 2, 29]}, {"capacity": 228, "impossibleCargos": [2, 11], "neighbors": [9, 22, 4, 13, 31, 16, 5, 24, 28, 6, 29, 27, 7, 30]}, {"capacity": 202, "impossibleCargos": [4, 13], "neighbors": [2, 11, 19, 26, 27, 20, 1, 17, 12, 33, 15, 31, 7, 13, 29]}, {"capacity": 616, "impossibleCargos": [0, 5, 13], "neighbors": [13, 30, 23, 12, 16, 27, 20, 28, 0, 3, 25, 31, 7, 29, 32, 2]}, {"capacity": 237, "impossibleCargos": [4, 9, 13], "neighbors": [20, 1, 30, 0, 11, 26, 4, 31, 21, 9, 12, 6, 13, 29, 22, 33, 7, 8, 5]}, {"capacity": 886, "impossibleCargos": [2, 5, 6, 13, 14], "neighbors": [22, 5, 24, 10, 0, 3, 16, 33, 13, 26, 21, 11, 29, 31, 25, 14, 12, 1, 8]}, {"capacity": 454, "impossibleCargos": [2], "neighbors": [18, 8, 33, 12, 5, 23, 6, 16, 17, 28, 7, 4, 0, 32, 14, 30]}, {"capacity": 954, "impossibleCargos": [6, 7, 8, 11], "neighbors": [31, 28, 11, 9, 29, 0, 33, 19, 22, 4, 18, 8, 25, 14, 1, 3, 30, 27]}, {"capacity": 473, "impossibleCargos": [2, 11, 13], "neighbors": [19, 34, 5, 9, 4, 28, 10, 15, 6, 2, 21, 8, 32, 23, 3, 31, 33, 18]}, {"capacity": 595, "impossibleCargos": [0, 7, 12], "neighbors": [12, 28, 27, 17, 20, 32, 3, 26, 30, 33, 22, 8, 11, 2, 31, 24, 9]}, {"capacity": 449, "impossibleCargos": [5, 7, 8, 14], "neighbors": [5, 2, 19, 25, 6, 30, 33, 34, 3, 29, 15, 32, 8, 27, 23]}, {"capacity": 958, "impossibleCargos": [0, 1, 3, 4, 6, 7, 12], "neighbors": [0, 26, 24, 9, 17, 19, 29, 6, 34, 14, 21, 30, 7]}, {"capacity": 285, "impossibleCargos": [3, 5, 9], "neighbors": [33, 10, 27, 25, 6, 16, 5, 19, 1, 11, 23, 18, 32, 8, 30, 14, 29]}, {"capacity": 545, "impossibleCargos": [0, 2, 9, 12, 13], "neighbors": [10, 26, 23, 16, 6, 17, 0, 32, 15, 24, 4, 5, 21, 9, 33, 2]}, {"capacity": 736, "impossibleCargos": [5], "neighbors": [0, 23, 21, 11, 22, 30, 31, 12, 17, 29, 2, 15, 20, 8, 13, 10, 32, 7, 34]}, {"capacity": 353, "impossibleCargos": [0, 2, 3, 8], "neighbors": [3, 34, 1, 10, 5, 21, 11, 32, 19, 12, 24, 28, 25, 15, 0, 18, 17, 14, 8, 26, 16]}, {"capacity": 342, "impossibleCargos": [2, 6, 11, 12, 13], "neighbors": [17, 13, 28, 32, 24, 18, 5, 23, 0, 34, 31, 26, 21, 6, 25, 20, 15]}, {"capacity": 749, "impossibleCargos": [0, 2, 6, 7, 12, 14], "neighbors": [0, 34, 21, 3, 10, 5, 11, 28, 15, 2, 1, 18, 19, 9, 16, 17, 7, 22, 23, 32, 30, 4]}, {"capacity": 468, "impossibleCargos": [1, 12], "neighbors": [9, 2, 7, 30, 23, 29, 10, 26, 22, 24, 0, 14, 27, 31, 28, 20, 6, 3, 17]}, {"capacity": 702, "impossibleCargos": [2, 6, 7, 8, 14], "neighbors": [26, 13, 4, 20, 19, 21, 11, 24, 6, 16, 23, 9, 3, 22, 12, 14, 7, 18, 27]}, {"capacity": 608, "impossibleCargos": [4, 7, 13], "neighbors": [31, 29, 8, 22, 9, 0, 4, 24, 2, 30, 25, 6, 12, 28]}]}