{"volumes": [2959, 2620, 745, 937, 2460, 1637, 749, 248, 931, 0, 1239, 442, 955, 1869, 0], "conflicts": [[0, 9], [0, 14], [1, 9], [1, 14], [2, 9], [3, 9], [4, 9], [4, 14], [5, 7], [5, 9], [5, 14], [6, 9], [6, 11], [6, 14], [7, 8], [7, 9], [7, 14], [8, 9], [8, 14], [9, 10], [9, 12], [9, 14], [10, 14], [11, 14], [13, 14]], "tanks": [{"capacity": 932, "impossibleCargos": [7, 8, 14], "neighbors": [18, 34, 22, 29, 14, 26, 27, 8, 4, 19, 25, 11, 9, 13]}, {"capacity": 645, "impossibleCargos": [7, 10, 14], "neighbors": [23, 19, 2, 32, 4, 16, 20, 3, 17, 8, 13, 18]}, {"capacity": 489, "impossibleCargos": [0, 8, 10, 13], "neighbors": [26, 27, 22, 9, 4, 1, 29, 16, 30, 15, 11, 32, 19, 24, 25, 31, 13, 28, 21]}, {"capacity": 550, "impossibleCargos": [2, 6, 11, 12, 14], "neighbors": [34, 27, 26, 17, 33, 13, 18, 6, 15, 25, 7, 1, 4, 16]}, {"capacity": 282, "impossibleCargos": [0, 6, 7, 8, 9, 14], "neighbors": [8, 30, 11, 19, 23, 33, 34, 26, 20, 25, 31, 2, 10, 12, 14, 15, 6, 0, 1, 3, 32, 13, 28, 7]}, {"capacity": 714, "impossibleCargos": [1, 3, 5, 7, 13], "neighbors": [6, 7, 26, 15, 17, 30, 27, 16, 11, 25, 8, 32, 22, 18]}, {"capacity": 551, "impossibleCargos": [3, 4, 7, 8, 13], "neighbors": [5, 10, 7, 3, 4, 19, 26, 34, 13, 16, 12, 20, 22, 18, 21]}, {"capacity": 754, "impossibleCargos": [1, 12, 14], "neighbors": [28, 34, 5, 27, 31, 6, 25, 33, 18, 21, 15, 3, 10, 14, 4]}, {"capacity": 769, "impossibleCargos": [2], "neighbors": [4, 13, 22, 28, 26, 24, 0, 9, 5, 30, 23, 15, 1, 34]}, {"capacity": 545, "impossibleCargos": [9, 10, 11, 13], "neighbors": [17, 2, 30, 27, 24, 16, 22, 19, 11, 33, 8, 20, 14, 13, 0, 25]}, {"capacity": 943, "impossibleCargos": [13, 14], "neighbors": [19, 16, 6, 32, 25, 4, 34, 28, 26, 18, 14, 24, 29, 13, 30, 7]}, {"capacity": 394, "impossibleCargos": [2, 6, 7, 12], "neighbors": [28, 19, 17, 24, 4, 14, 31, 2, 13, 30, 18, 12, 9, 5, 26, 16, 21, 25, 0]}, {"capacity": 203, "impossibleCargos": [3, 5], "neighbors": [33, 26, 13, 17, 15, 4, 23, 34, 18, 11, 16, 29, 6, 31, 30]}, {"capacity": 423, "impossibleCargos": [8, 11, 14], "neighbors": [12, 8, 19, 17, 30, 3, 29, 26, 23, 11, 20, 6, 34, 10, 22, 2, 31, 16, 4, 9, 1, 0]}, {"capacity": 669, "impossibleCargos": [6, 11], "neighbors": [16, 34, 11, 25, 4, 0, 31, 10, 27, 17, 9, 30, 33, 7, 23, 32]}, {"capacity": 860, "impossibleCargos": [0, 13, 14], "neighbors": [21, 19, 17, 5, 33, 18, 12, 2, 23, 28, 4, 3, 34, 7, 30, 16, 20, 8, 32]}, {"capacity": 558, "impossibleCargos": [7, 9, 12], "neighbors": [10, 14, 28, 25, 2, 9, 5, 30, 6, 21, 12, 22, 1, 31, 11, 13, 15, 3]}, {"capacity": 557, "impossibleCargos": [3, 7, 9, 10, 14], "neighbors": [19, 31, 11, 12, 9, 21, 24, 3, 13, 29, 15, 5, 28, 34, 18, 14, 1]}, {"capacity": 259, "impossibleCargos": [0, 3, 8], "neighbors": [0, 21, 28, 32, 30, 15, 3, 12, 10, 11, 7, 17, 27, 25, 20, 34, 6, 29, 1, 5]}, {"capacity": 452, "impossibleCargos": [9, 10, 14], "neighbors": [17, 15, 10, 11, 30, 4, 1, 13, 21, 22, 23, 34, 32, 6, 9, 2, 33, 0, 20, 24]}, {"capacity": 983, "impossibleCargos": [2, 3, 8], "neighbors": [25, 4, 32, 24, 21, 13, 30, 31, 26, 1, 34, 9, 28, 18, 6, 27, 15, 19]}, {"capacity": 216, "impossibleCargos": [6, 11, 14], "neighbors": [15, 22, 17, 18, 19, 30, 23, 32, 31, 20, 27, 16, 7, 11, 26, 2, 6]}, {"capacity": 366, "impossibleCargos": [0, 3, 4, 9, 12], "neighbors": [21, 23, 8, 2, 0, 19, 9, 27, 16, 31, 13, 33, 6, 32, 5, 25, 28]}, {"capacity": 217, "impossibleCargos": [5, 8, 9], "neighbors": [30, 22, 1, 33, 4, 19, 32, 21, 27, 12, 15, 13, 28, 31, 8, 14, 25]}, {"capacity": 382, "impossibleCargos": [5, 12], "neighbors": [25, 32, 11, 26, 17, 31, 8, 9, 20, 10, 2, 19]}, {"capacity": 693, "impossibleCargos": [2, 5, 10], "neighbors": [24, 34, 33, 20, 16, 4, 10, 14, 30, 7, 3, 2, 28, 5, 0, 18, 11, 32, 9, 23, 22]}, {"capacity": 213, "impossibleCargos": [5, 7, 8, 9, 12], "neighbors": [2, 12, 24, 5, 32, 3, 4, 8, 13, 0, 10, 27, 6, 20, 29, 11, 34, 33, 21]}, {"capacity": 630, "impossibleCargos": [5, 11], "neighbors": [32, 3, 2, 7, 28, 33, 23, 9, 0, 5, 22, 26, 21, 14, 18, 20]}, {"capacity": 764, "impossibleCargos": [1, 3, 8, 14], "neighbors": [7, 11, 29, 31, 16, 30, 18, 8, 27, 10, 17, 15, 23, 25, 20, 32, 4, 2, 22]}, {"capacity": 208, "impossibleCargos": [2, 3, 8, 13, 14], "neighbors": [28, 17, 0, 13, 2, 31, 10, 12, 26, 30, 18]}, {"capacity": 971, "impossibleCargos": [0, 2, 10], "neighbors": [23, 4, 19, 28, 21, 13, 18, 25, 2, 9, 5, 16, 11, 20, 15, 8, 10, 14, 33, 29, 12]}, {"capacity": 408, "impossibleCargos": [2, 5, 12], "neighbors": [17, 28, 4, 11, 24, 21, 7, 14, 29, 20, 22, 16, 2, 23, 13, 12]}, {"capacity": 259, "impossibleCargos": [0, 3, 4, 6, 9, 13], "neighbors": [27, 24, 10, 26, 23, 20, 18, 21, 19, 1, 2, 33, 4, 28, 25, 5, 22, 14, 15]}, {"capacity": 644, "impossibleCargos": [5, 7, 8, 9, 10], "neighbors": [12, 25, 23, 4, 3, 15, 27, 7, 19, 32, 9, 22, 26, 14, 30]}, {"capacity": 987, "impossibleCargos": [0, 10], "neighbors": [7, 14, 25, 3, 0, 4, 10, 19, 17, 12, 6, 15, 13, 20, 26, 18, 8]}]}