{"volumes": [1384, 739, 378, 735, 2227, 1931, 2083, 1500, 1123, 0, 3402, 385, 0, 1079, 922], "conflicts": [[2, 13], [2, 14], [5, 11], [5, 12], [6, 12], [8, 14], [9, 14], [11, 12], [11, 14]], "tanks": [{"capacity": 694, "impossibleCargos": [1, 3, 4, 5, 6, 7, 8, 9, 10, 13], "neighbors": [22, 20, 34, 11, 9, 19, 6, 32, 24, 28, 14, 31, 1, 12, 3, 18, 16, 8, 7]}, {"capacity": 407, "impossibleCargos": [3, 4, 6, 8, 10, 11, 12], "neighbors": [5, 10, 8, 6, 3, 13, 25, 30, 22, 28, 0, 9, 32, 17, 27, 20, 7, 33, 24]}, {"capacity": 387, "impossibleCargos": [1, 2, 4, 6, 7, 8, 10, 14], "neighbors": [26, 4, 7, 24, 3, 31, 25, 16, 33, 17, 12, 20, 14, 29, 21, 30, 18]}, {"capacity": 701, "impossibleCargos": [0, 1, 3, 4, 5, 11, 12, 13, 14], "neighbors": [9, 20, 33, 16, 2, 1, 29, 11, 4, 19, 27, 30, 14, 0, 23, 13, 12, 7]}, {"capacity": 721, "impossibleCargos": [2, 3, 4, 6, 11, 12], "neighbors": [5, 2, 34, 6, 24, 13, 3, 26, 27, 20, 28, 14, 18, 15, 30, 23, 25, 8, 21]}, {"capacity": 371, "impossibleCargos": [2, 8, 10, 12, 14], "neighbors": [4, 1, 30, 29, 20, 19, 17, 26, 9, 6, 32, 24, 31]}, {"capacity": 395, "impossibleCargos": [2, 3, 6, 7, 9, 12], "neighbors": [12, 26, 17, 30, 1, 10, 4, 7, 0, 23, 14, 19, 27, 13, 9, 5, 21, 22, 20, 15]}, {"capacity": 824, "impossibleCargos": [0, 3, 6, 7, 9, 14], "neighbors": [34, 17, 14, 2, 32, 23, 28, 13, 6, 18, 26, 27, 31, 11, 12, 1, 3, 0]}, {"capacity": 208, "impossibleCargos": [0, 5, 7, 8, 11], "neighbors": [28, 26, 1, 30, 17, 25, 23, 20, 29, 9, 33, 13, 4, 0, 19]}, {"capacity": 485, "impossibleCargos": [0, 1, 2, 3, 7, 8, 11, 12], "neighbors": [3, 30, 13, 24, 10, 29, 19, 0, 15, 17, 23, 32, 34, 8, 31, 1, 5, 6, 11, 22]}, {"capacity": 246, "impossibleCargos": [3, 10, 11, 12, 13], "neighbors": [29, 1, 9, 6, 12, 18, 30, 28, 22, 23, 32, 27, 25, 14]}, {"capacity": 708, "impossibleCargos": [0, 1, 4, 5, 6, 8, 9, 11, 14], "neighbors": [12, 21, 26, 24, 0, 19, 34, 3, 25, 16, 27, 23, 32, 7, 20, 15, 9, 13, 17, 18, 33]}, {"capacity": 379, "impossibleCargos": [2, 3, 4, 5, 8], "neighbors": [19, 11, 6, 30, 20, 13, 34, 23, 17, 10, 2, 22, 33, 25, 0, 7, 24, 21, 28, 3]}, {"capacity": 939, "impossibleCargos": [2, 5, 7, 11, 13, 14], "neighbors": [9, 19, 12, 7, 24, 1, 15, 21, 4, 28, 32, 6, 8, 3, 25, 11, 27, 20, 34]}, {"capacity": 410, "impossibleCargos": [1, 3, 6, 7, 9, 10, 12, 14], "neighbors": [7, 30, 22, 31, 19, 23, 15, 6, 0, 2, 4, 3, 26, 33, 34, 29, 10]}, {"capacity": 648, "impossibleCargos": [0, 2, 5, 6, 9, 11, 12, 13], "neighbors": [24, 21, 16, 26, 9, 13, 20, 14, 28, 4, 19, 27, 11, 6, 30]}, {"capacity": 344, "impossibleCargos": [1, 3, 4, 7, 10, 13, 14], "neighbors": [15, 3, 20, 2, 11, 34, 25, 31, 30, 0]}, {"capacity": 895, "impossibleCargos": [1, 4, 7], "neighbors": [7, 19, 23, 6, 8, 33, 9, 12, 2, 29, 18, 22, 5, 1, 11]}, {"capacity": 766, "impossibleCargos": [3, 4, 6, 7, 8, 14], "neighbors": [20, 28, 26, 34, 7, 33, 10, 32, 24, 17, 4, 19, 0, 2, 27, 30, 11, 22, 25]}, {"capacity": 300, "impossibleCargos": [1, 2, 3, 4, 7, 9, 12], "neighbors": [12, 17, 13, 11, 9, 0, 14, 6, 3, 31, 27, 21, 5, 18, 15, 34, 22, 8]}, {"capacity": 543, "impossibleCargos": [3, 4, 6, 7, 8, 9, 10, 11, 12, 13, 14], "neighbors": [3, 18, 0, 12, 25, 16, 21, 34, 15, 4, 8, 31, 2, 5, 11, 22, 29, 32, 1, 13, 6]}, {"capacity": 927, "impossibleCargos": [0, 2, 3, 5, 6, 8, 10, 12, 13], "neighbors": [11, 15, 20, 13, 22, 19, 24, 26, 2, 4, 12, 6, 28, 30, 33]}, {"capacity": 256, "impossibleCargos": [5, 6, 8, 14], "neighbors": [0, 33, 14, 30, 21, 1, 25, 12, 10, 17, 26, 20, 31, 9, 6, 19, 18]}, {"capacity": 806, "impossibleCargos": [1, 9, 11, 12, 13, 14], "neighbors": [34, 32, 7, 17, 12, 31, 25, 29, 9, 14, 6, 24, 8, 27, 11, 10, 4, 3, 26, 28]}, {"capacity": 817, "impossibleCargos": [9, 10, 11, 13, 14], "neighbors": [15, 9, 2, 11, 13, 25, 4, 26, 0, 23, 18, 31, 21, 12, 34, 5, 1]}, {"capacity": 416, "impossibleCargos": [0, 1, 3, 4, 9, 10, 12, 14], "neighbors": [32, 31, 20, 2, 24, 27, 1, 23, 28, 30, 8, 11, 22, 16, 12, 13, 4, 10, 18]}, {"capacity": 335, "impossibleCargos": [0, 3, 4, 8, 10, 13, 14], "neighbors": [2, 6, 8, 11, 15, 18, 24, 4, 7, 34, 21, 27, 5, 22, 14, 23]}, {"capacity": 927, "impossibleCargos": [0, 1, 5, 6, 8, 9, 11, 12, 13], "neighbors": [25, 4, 19, 23, 7, 3, 11, 6, 26, 15, 1, 31, 18, 13, 10]}, {"capacity": 506, "impossibleCargos": [0, 1, 2, 5, 6, 9, 10, 12, 13], "neighbors": [8, 7, 18, 31, 25, 13, 0, 4, 1, 15, 10, 12, 21, 23]}, {"capacity": 662, "impossibleCargos": [2, 3, 9, 10, 11, 12], "neighbors": [10, 9, 3, 23, 17, 5, 32, 8, 2, 20, 14]}, {"capacity": 534, "impossibleCargos": [0, 1, 2, 4, 5, 9, 11, 14], "neighbors": [9, 14, 12, 6, 8, 22, 1, 5, 25, 10, 3, 4, 16, 2, 18, 21, 15, 31]}, {"capacity": 509, "impossibleCargos": [1, 2, 4, 6, 9, 10, 11, 13, 14], "neighbors": [25, 28, 2, 32, 23, 14, 20, 19, 0, 16, 24, 9, 7, 27, 34, 22, 5, 30]}, {"capacity": 677, "impossibleCargos": [2, 4, 5, 6, 7, 8, 9, 11], "neighbors": [25, 23, 7, 34, 31, 0, 9, 29, 18, 11, 33, 1, 13, 10, 20, 5]}, {"capacity": 557, "impossibleCargos": [1, 2, 3, 4, 7, 8, 9, 13, 14], "neighbors": [22, 3, 34, 17, 2, 18, 12, 32, 8, 14, 1, 21, 11]}, {"capacity": 208, "impossibleCargos": [0, 4, 9, 13], "neighbors": [7, 23, 0, 33, 32, 4, 12, 11, 20, 18, 26, 9, 16, 14, 31, 24, 19, 13]}]}