{"volumes": [1377, 1670, 1081, 1540, 0, 561, 854, 904, 0, 998, 2436, 783, 790, 2210, 1856], "conflicts": [[0, 8], [1, 4], [1, 6], [1, 8], [2, 4], [2, 12], [3, 4], [4, 6], [4, 7], [4, 8], [4, 9], [4, 10], [4, 11], [5, 6], [5, 8], [5, 10], [6, 8], [6, 12], [7, 8], [8, 9], [8, 13], [8, 14], [9, 12], [12, 14]], "tanks": [{"capacity": 336, "impossibleCargos": [0, 1, 4, 5, 7, 8, 9, 11, 12], "neighbors": [3, 24, 15, 22, 19, 30, 17, 29, 33, 14]}, {"capacity": 658, "impossibleCargos": [2, 4, 5, 6, 7, 9, 11, 12, 13, 14], "neighbors": [25, 20, 19, 18, 28, 30, 34, 29, 4, 8, 10, 23, 24]}, {"capacity": 329, "impossibleCargos": [0, 4, 5, 6, 7, 8, 9, 11, 13], "neighbors": [14, 15, 29, 13, 20, 5, 11, 19, 27, 33, 21, 22, 32, 25, 23, 18, 6, 24]}, {"capacity": 235, "impossibleCargos": [2, 3, 4, 5, 6, 7, 8, 9, 10, 12, 13], "neighbors": [0, 21, 8, 5, 13, 18, 23, 10, 9, 28, 31]}, {"capacity": 522, "impossibleCargos": [0, 3, 5, 6, 7, 10, 11, 12, 13, 14], "neighbors": [20, 11, 26, 32, 9, 13, 5, 8, 19, 16, 10, 21, 25, 1, 6, 30, 18, 7]}, {"capacity": 208, "impossibleCargos": [0, 1, 2, 3, 4, 5, 6, 7, 8, 9, 10, 11, 12, 13], "neighbors": [12, 24, 26, 6, 29, 21, 4, 3, 28, 2, 11, 17, 16, 8, 22, 13, 14]}, {"capacity": 431, "impossibleCargos": [0, 1, 2, 3, 4, 5, 6, 7, 8, 9, 10, 11, 12], "neighbors": [5, 23, 29, 24, 16, 28, 18, 9, 26, 12, 30, 4, 11, 25, 14, 27, 2]}, {"capacity": 914, "impossibleCargos": [0, 1, 2, 4, 5, 6, 9, 12, 14], "neighbors": [25, 18, 26, 20, 30, 23, 28, 21, 4, 24, 12]}, {"capacity": 751, "impossibleCargos": [0, 2, 5, 8, 9, 11, 12, 13, 14], "neighbors": [25, 9, 13, 21, 19, 10, 17, 3, 4, 20, 22, 34, 16, 33, 29, 15, 12, 28, 5, 27, 32, 1]}, {"capacity": 584, "impossibleCargos": [1, 3, 4, 7, 8, 9, 12, 13, 14], "neighbors": [32, 8, 31, 14, 4, 30, 13, 29, 6, 15, 25, 17, 3, 23, 28, 34, 16, 10, 26]}, {"capacity": 367, "impossibleCargos": [0, 1, 2, 4, 5, 6, 8, 9, 10, 12, 13, 14], "neighbors": [31, 28, 15, 34, 8, 32, 4, 19, 18, 3, 23, 24, 16, 25, 9, 20, 12, 1, 14]}, {"capacity": 246, "impossibleCargos": [1, 3, 4, 5, 6, 7, 9, 11, 12, 13, 14], "neighbors": [4, 20, 27, 24, 19, 16, 31, 21, 23, 22, 26, 2, 29, 18, 34, 5, 6, 30, 12]}, {"capacity": 522, "impossibleCargos": [1, 2, 4, 5, 7, 11, 12, 13, 14], "neighbors": [13, 5, 16, 32, 23, 33, 29, 25, 15, 6, 22, 24, 8, 11, 18, 7, 10]}, {"capacity": 562, "impossibleCargos": [1, 2, 4, 9, 10, 11, 12, 14], "neighbors": [12, 16, 8, 28, 4, 22, 14, 2, 9, 3, 30, 31, 18, 21, 23, 19, 17, 26, 5, 34]}, {"capacity": 729, "impossibleCargos": [0, 2, 3, 8, 9, 11, 12, 14], "neighbors": [2, 9, 28, 20, 18, 27, 30, 13, 26, 21, 22, 0, 6, 29, 15, 5, 10]}, {"capacity": 782, "impossibleCargos": [1, 2, 4, 5, 6, 7, 8, 9, 10, 11, 12, 13, 14], "neighbors": [10, 33, 21, 2, 0, 34, 20, 9, 12, 19, 31, 8, 26, 30, 14]}, {"capacity": 269, "impossibleCargos": [0, 2, 3, 4, 6, 7, 8, 10, 11, 12], "neighbors": [13, 11, 12, 25, 18, 28, 6, 17, 4, 8, 33, 5, 9, 24, 32, 10, 34]}, {"capacity": 568, "impossibleCargos": [1, 2, 3, 4, 5, 6, 7, 8, 9, 11, 12, 13], "neighbors": [8, 33, 26, 31, 24, 32, 16, 0, 9, 30, 13, 5, 21, 27]}, {"capacity": 307, "impossibleCargos": [0, 2, 3, 4, 5, 6, 7, 8, 11], "neighbors": [7, 23, 14, 16, 32, 1, 6, 24, 3, 21, 13, 10, 11, 33, 30, 4, 12, 29, 2]}, {"capacity": 687, "impossibleCargos": [0, 1, 2, 3, 4, 5, 6, 7, 9, 10, 11, 12], "neighbors": [11, 32, 34, 8, 33, 1, 4, 0, 23, 29, 15, 31, 2, 10, 25, 27, 28, 13, 30, 24, 21]}, {"capacity": 353, "impossibleCargos": [1, 2, 3, 4, 7, 8, 9, 10, 14], "neighbors": [4, 11, 1, 14, 28, 7, 32, 8, 29, 15, 2, 25, 23, 24, 30, 27, 33, 10]}, {"capacity": 479, "impossibleCargos": [0, 1, 4, 6, 7, 8, 9, 11, 12, 13], "neighbors": [3, 15, 8, 30, 5, 11, 14, 4, 18, 13, 2, 34, 28, 32, 17, 7, 19]}, {"capacity": 554, "impossibleCargos": [0, 1, 2, 3, 5, 7, 8, 10], "neighbors": [30, 33, 31, 25, 13, 23, 0, 28, 11, 8, 27, 14, 12, 2, 5, 34]}, {"capacity": 777, "impossibleCargos": [0, 1, 3, 4, 5, 6, 7, 9, 10, 11, 13, 14], "neighbors": [32, 18, 12, 6, 22, 11, 19, 28, 20, 3, 7, 13, 10, 24, 9, 2, 33, 1]}, {"capacity": 915, "impossibleCargos": [0, 2, 3, 5, 7, 9, 10, 11, 12, 13, 14], "neighbors": [25, 11, 0, 5, 6, 17, 18, 27, 20, 31, 23, 28, 12, 10, 16, 7, 19, 1, 2]}, {"capacity": 235, "impossibleCargos": [0, 2, 4, 5, 6, 8, 9, 10, 14], "neighbors": [1, 8, 7, 24, 16, 22, 26, 12, 27, 20, 9, 19, 4, 2, 6, 33, 10, 28, 29]}, {"capacity": 650, "impossibleCargos": [0, 4, 5, 11, 12, 14], "neighbors": [5, 4, 33, 7, 25, 17, 29, 14, 11, 6, 28, 13, 15, 34, 9]}, {"capacity": 628, "impossibleCargos": [0, 1, 3, 5, 6, 8, 9, 10, 11, 12, 14], "neighbors": [11, 14, 33, 25, 24, 2, 19, 32, 22, 20, 8, 17, 6, 31, 30]}, {"capacity": 971, "impossibleCargos": [0, 1, 2, 3, 5, 6, 7, 8, 10, 12, 13], "neighbors": [10, 14, 13, 16, 20, 22, 1, 5, 6, 23, 26, 19, 24, 21, 9, 3, 7, 8, 25]}, {"capacity": 255, "impossibleCargos": [0, 1, 2, 3, 4, 5, 6, 8, 9, 10, 11, 12], "neighbors": [33, 6, 5, 2, 26, 12, 20, 9, 19, 11, 0, 31, 30, 1, 8, 14, 18, 25]}, {"capacity": 760, "impossibleCargos": [0, 1, 2, 3, 5, 6, 7, 8, 9, 12], "neighbors": [22, 21, 9, 14, 7, 0, 32, 13, 1, 29, 17, 20, 6, 18, 4, 19, 11, 15, 27]}, {"capacity": 629, "impossibleCargos": [0, 1, 5, 7, 8, 9, 10, 13, 14], "neighbors": [10, 9, 33, 11, 22, 17, 34, 19, 13, 15, 24, 29, 3, 32, 27]}, {"capacity": 374, "impossibleCargos": [0, 1, 3, 5, 6, 7, 9, 10, 11, 14], "neighbors": [9, 23, 19, 12, 4, 18, 20, 10, 17, 30, 33, 27, 21, 2, 16, 31, 8, 34]}, {"capacity": 224, "impossibleCargos": [0, 2, 4, 5, 6, 10, 11, 12, 13, 14], "neighbors": [31, 15, 22, 12, 29, 26, 19, 17, 27, 32, 18, 2, 16, 0, 8, 34, 25, 20, 23]}, {"capacity": 841, "impossibleCargos": [0, 4, 8, 9, 10, 11, 13], "neighbors": [19, 10, 15, 31, 8, 11, 1, 21, 9, 33, 32, 16, 13, 26, 22]}]}