{"volumes": [553, 864, 1576, 284, 1743, 568, 3498, 1067, 0, 1164, 1454, 3068, 264, 2445, 876], "conflicts": [[1, 8], [5, 8], [6, 8], [8, 10], [8, 11], [8, 13]], "tanks": [{"capacity": 607, "impossibleCargos": [0, 2], "neighbors": [24, 31, 33, 34, 2, 27, 23, 28, 15, 4, 22, 16, 17, 13, 21, 19, 11, 10, 3, 26, 20]}, {"capacity": 260, "impossibleCargos": [0, 10], "neighbors": [28, 18, 25, 10, 9, 4, 16, 34, 24, 27, 14, 30, 15, 6, 32, 33, 21, 3, 12, 19, 2, 29, 31]}, {"capacity": 798, "impossibleCargos": [6, 9, 12, 14], "neighbors": [29, 15, 12, 0, 10, 26, 19, 4, 9, 20, 31, 34, 30, 11, 32, 7, 27, 8, 33, 28, 6, 21, 1, 3, 22, 14, 13, 5, 24, 16]}, {"capacity": 333, "impossibleCargos": [0, 2, 7], "neighbors": [31, 13, 27, 28, 14, 9, 25, 21, 19, 24, 8, 6, 16, 29, 1, 7, 33, 18, 32, 5, 2, 30, 10, 0, 15, 17]}, {"capacity": 273, "impossibleCargos": [6, 8, 9, 12, 13], "neighbors": [14, 10, 26, 21, 2, 1, 20, 31, 0, 32, 25, 28, 9, 15, 6, 30, 22, 16, 19, 24, 13]}, {"capacity": 835, "impossibleCargos": [2, 7, 10, 12], "neighbors": [34, 6, 29, 27, 14, 18, 17, 33, 26, 24, 30, 19, 20, 23, 3, 9, 21, 12, 32, 22, 10, 15, 2]}, {"capacity": 287, "impossibleCargos": [0, 2, 12], "neighbors": [13, 27, 7, 5, 34, 28, 24, 29, 25, 17, 23, 18, 15, 1, 10, 33, 14, 32, 3, 12, 2, 4, 21, 30]}, {"capacity": 404, "impossibleCargos": [2, 5, 9, 11, 12, 13, 14], "neighbors": [6, 31, 20, 23, 21, 30, 27, 34, 14, 33, 2, 9, 28, 19, 32, 16, 3, 8, 24, 12, 13, 25]}, {"capacity": 925, "impossibleCargos": [1, 2, 7, 12], "neighbors": [25, 30, 24, 13, 31, 20, 34, 19, 12, 27, 28, 3, 22, 15, 26, 14, 16, 2, 7, 21, 33, 11, 10]}, {"capacity": 965, "impossibleCargos": [2, 11, 14], "neighbors": [10, 11, 20, 1, 21, 2, 13, 19, 22, 15, 25, 3, 32, 29, 23, 30, 7, 27, 16, 14, 28, 4, 34, 5]}, {"capacity": 688, "impossibleCargos": [1, 7, 8, 12, 13], "neighbors": [24, 9, 16, 12, 17, 4, 30, 1, 33, 2, 25, 11, 29, 20, 34, 21, 6, 23, 28, 19, 18, 0, 26, 5, 31, 27, 13, 3, 32, 8]}, {"capacity": 974, "impossibleCargos": [4, 9, 11, 13], "neighbors": [16, 18, 14, 9, 28, 15, 26, 34, 24, 10, 20, 17, 2, 19, 30, 21, 12, 33, 31, 13, 32, 0, 25, 8]}, {"capacity": 491, "impossibleCargos": [0, 2, 11], "neighbors": [30, 10, 2, 8, 17, 13, 15, 24, 28, 23, 16, 14, 11, 6, 20, 1, 21, 7, 5, 19, 25, 18, 26, 29, 33]}, {"capacity": 626, "impossibleCargos": [0, 3, 11], "neighbors": [6, 26, 16, 29, 22, 8, 3, 32, 24, 9, 21, 17, 12, 31, 23, 18, 19, 25, 0, 15, 11, 20, 7, 2, 14, 10, 4, 33]}, {"capacity": 432, "impossibleCargos": [1, 6, 8, 13], "neighbors": [4, 17, 11, 30, 16, 26, 15, 5, 3, 20, 33, 1, 7, 22, 27, 6, 29, 34, 32, 18, 9, 8, 12, 21, 19, 25, 31, 24, 23, 2, 13]}, {"capacity": 902, "impossibleCargos": [6, 9], "neighbors": [18, 20, 2, 28, 29, 11, 14, 17, 19, 24, 9, 6, 25, 12, 1, 0, 8, 32, 13, 26, 16, 4, 33, 30, 21, 22, 5, 3, 23]}, {"capacity": 962, "impossibleCargos": [8, 12, 14], "neighbors": [11, 13, 10, 31, 17, 14, 20, 1, 18, 27, 21, 25, 0, 9, 7, 3, 12, 23, 33, 34, 22, 8, 32, 28, 15, 26, 19, 29, 4, 30, 2]}, {"capacity": 563, "impossibleCargos": [11, 13], "neighbors": [14, 10, 28, 16, 23, 34, 33, 15, 6, 13, 12, 11, 5, 0, 30, 24, 22, 3]}, {"capacity": 571, "impossibleCargos": [2, 4, 7, 12, 14], "neighbors": [1, 21, 31, 24, 11, 15, 33, 5, 23, 20, 26, 6, 16, 13, 19, 14, 32, 10, 28, 3, 29, 22, 27, 12, 34]}, {"capacity": 697, "impossibleCargos": [1, 2, 3, 8, 10], "neighbors": [29, 31, 33, 25, 2, 28, 8, 15, 23, 21, 9, 32, 3, 26, 11, 13, 7, 18, 20, 10, 14, 34, 22, 5, 1, 16, 30, 0, 12, 4]}, {"capacity": 689, "impossibleCargos": [6], "neighbors": [27, 15, 8, 9, 16, 29, 28, 21, 7, 2, 18, 4, 11, 14, 10, 30, 19, 31, 12, 34, 5, 13, 32, 33, 26, 0, 24]}, {"capacity": 961, "impossibleCargos": [2, 3, 7, 8, 14], "neighbors": [18, 4, 20, 9, 7, 19, 13, 30, 3, 10, 16, 23, 11, 14, 1, 33, 0, 29, 31, 25, 8, 22, 12, 27, 2, 5, 34, 6, 15, 32, 28]}, {"capacity": 924, "impossibleCargos": [6, 10, 12], "neighbors": [13, 26, 34, 9, 14, 0, 8, 16, 29, 25, 19, 23, 18, 21, 5, 2, 28, 4, 30, 15, 17]}, {"capacity": 831, "impossibleCargos": [0, 2, 9], "neighbors": [24, 31, 17, 27, 34, 0, 19, 18, 7, 6, 13, 9, 10, 28, 21, 12, 16, 14, 22, 5, 30, 15, 26]}, {"capacity": 234, "impossibleCargos": [8], "neighbors": [18, 10, 23, 0, 8, 6, 13, 15, 11, 1, 25, 28, 3, 12, 17, 33, 5, 7, 30, 14, 32, 26, 4, 2, 20]}, {"capacity": 429, "impossibleCargos": [4, 7, 9, 12, 13], "neighbors": [8, 32, 27, 1, 34, 19, 31, 10, 6, 9, 24, 3, 15, 29, 16, 13, 14, 4, 22, 21, 30, 11, 28, 7, 12, 26]}, {"capacity": 329, "impossibleCargos": [12], "neighbors": [13, 33, 27, 4, 14, 28, 2, 11, 22, 18, 30, 19, 29, 8, 5, 15, 16, 24, 10, 12, 0, 20, 25, 23]}, {"capacity": 603, "impossibleCargos": [2], "neighbors": [20, 34, 6, 25, 26, 23, 5, 0, 3, 16, 7, 1, 8, 32, 14, 9, 2, 29, 18, 21, 30, 31, 10]}, {"capacity": 310, "impossibleCargos": [1, 3, 4, 7, 10, 12], "neighbors": [1, 17, 11, 15, 6, 26, 19, 20, 33, 29, 0, 3, 32, 24, 8, 10, 7, 23, 12, 9, 16, 18, 4, 2, 30, 22, 21, 25]}, {"capacity": 629, "impossibleCargos": [7, 13, 14], "neighbors": [33, 2, 19, 5, 13, 15, 20, 6, 28, 10, 9, 25, 31, 26, 14, 27, 34, 30, 3, 21, 22, 18, 1, 16, 12]}, {"capacity": 431, "impossibleCargos": [0, 3], "neighbors": [12, 8, 10, 14, 21, 7, 2, 34, 1, 26, 20, 9, 33, 31, 29, 11, 17, 32, 5, 24, 25, 28, 15, 19, 4, 22, 27, 3, 23, 16, 6]}, {"capacity": 567, "impossibleCargos": [9, 11, 12, 14], "neighbors": [18, 3, 0, 19, 23, 33, 16, 8, 25, 7, 2, 34, 13, 4, 29, 30, 20, 21, 11, 14, 1, 10, 27]}, {"capacity": 280, "impossibleCargos": [4, 5, 8, 11], "neighbors": [34, 25, 13, 19, 9, 28, 27, 2, 7, 14, 33, 6, 15, 1, 18, 16, 4, 30, 3, 24, 11, 21, 20, 5, 10]}, {"capacity": 629, "impossibleCargos": [0, 7, 8, 12], "neighbors": [29, 26, 19, 0, 31, 18, 10, 17, 28, 14, 7, 6, 5, 30, 32, 16, 1, 24, 21, 11, 3, 2, 15, 8, 20, 12, 13]}, {"capacity": 900, "impossibleCargos": [3, 4, 12, 13], "neighbors": [32, 27, 5, 25, 0, 17, 6, 23, 8, 11, 22, 1, 2, 7, 30, 10, 31, 14, 29, 16, 19, 20, 9, 21, 18]}]}