{"volumes": [1055, 1548, 0, 1656, 1211, 0, 868, 1218, 1259, 1135, 0, 2025, 493, 3196, 1980], "conflicts": [[0, 2], [0, 5], [0, 10], [1, 2], [1, 5], [1, 10], [2, 5], [2, 6], [2, 7], [2, 8], [2, 9], [2, 10], [2, 11], [2, 12], [2, 13], [3, 5], [3, 10], [5, 6], [5, 7], [5, 8], [5, 10], [5, 11], [5, 12], [5, 13], [6, 10], [7, 10], [10, 11], [10, 12], [10, 13], [10, 14]], "tanks": [{"capacity": 646, "impossibleCargos": [0, 1, 2, 3, 4, 10, 11], "neighbors": [22, 26, 33, 25, 18, 13, 6, 11, 3, 16, 5, 34, 30, 4, 1, 12, 9, 15, 19, 32, 14, 23, 28, 10]}, {"capacity": 475, "impossibleCargos": [3, 7, 11, 12, 13], "neighbors": [15, 7, 23, 12, 16, 14, 17, 25, 13, 19, 2, 30, 34, 0, 29, 21, 18, 33, 9, 20, 26, 6]}, {"capacity": 613, "impossibleCargos": [1, 3, 4, 6, 8, 9, 14], "neighbors": [26, 11, 3, 23, 15, 27, 29, 24, 33, 5, 1, 12, 28, 19, 13, 30, 22, 32, 7, 31, 21, 6, 25, 17, 18, 9, 14, 8, 20, 4]}, {"capacity": 726, "impossibleCargos": [0, 2, 3, 5, 6, 8, 10, 11, 13, 14], "neighbors": [8, 15, 2, 12, 30, 22, 17, 21, 7, 4, 0, 25, 11, 28, 31, 24, 9, 13, 20, 6, 27, 34, 18, 16, 29]}, {"capacity": 253, "impossibleCargos": [1, 2, 3, 5, 8, 11, 12], "neighbors": [32, 20, 33, 5, 18, 9, 24, 6, 8, 19, 17, 3, 21, 15, 11, 27, 0, 22, 7, 13, 23, 29, 31, 28, 34, 14, 2, 10]}, {"capacity": 255, "impossibleCargos": [0, 1, 3, 4, 5, 6, 7, 9, 10, 11, 13, 14], "neighbors": [22, 21, 26, 4, 9, 11, 20, 28, 7, 25, 13, 15, 32, 8, 0, 2, 14, 30, 17, 19, 6, 12, 10, 29, 18, 33]}, {"capacity": 472, "impossibleCargos": [2, 7, 9, 11, 13], "neighbors": [28, 23, 26, 21, 20, 0, 18, 9, 22, 4, 29, 8, 13, 14, 31, 34, 33, 12, 5, 7, 19, 2, 3, 11, 24, 32, 1, 27]}, {"capacity": 589, "impossibleCargos": [2, 6, 9, 12, 13, 14], "neighbors": [30, 23, 16, 24, 1, 14, 32, 3, 5, 26, 20, 27, 13, 22, 18, 15, 11, 28, 4, 19, 2, 6, 33, 34, 25]}, {"capacity": 485, "impossibleCargos": [1, 3, 5, 6, 7, 11, 13], "neighbors": [3, 18, 9, 21, 32, 20, 27, 34, 17, 4, 12, 6, 5, 16, 15, 14, 31, 24, 33, 11, 26, 2, 28, 25]}, {"capacity": 942, "impossibleCargos": [0, 2, 6, 8, 9, 11, 12, 13], "neighbors": [18, 26, 8, 32, 34, 33, 4, 6, 5, 25, 21, 22, 27, 24, 12, 29, 13, 3, 0, 23, 10, 17, 1, 2, 14, 11, 30, 15, 19]}, {"capacity": 661, "impossibleCargos": [1, 2, 4, 6, 7, 8, 9], "neighbors": [20, 30, 11, 24, 14, 25, 22, 33, 18, 26, 34, 16, 9, 12, 19, 5, 15, 27, 31, 32, 4, 0, 21, 28]}, {"capacity": 725, "impossibleCargos": [0, 3, 4, 10, 12, 13, 14], "neighbors": [23, 29, 2, 32, 22, 10, 12, 27, 5, 0, 19, 28, 4, 3, 24, 14, 7, 30, 21, 17, 34, 13, 20, 8, 6, 9, 33]}, {"capacity": 806, "impossibleCargos": [1, 3, 6, 8], "neighbors": [20, 30, 3, 28, 11, 31, 1, 22, 8, 27, 15, 25, 2, 29, 9, 6, 0, 23, 21, 5, 10, 16, 18, 17]}, {"capacity": 246, "impossibleCargos": [0, 1, 3, 4, 7, 11, 13, 14], "neighbors": [14, 30, 27, 0, 23, 25, 5, 1, 29, 6, 17, 7, 19, 28, 34, 26, 2, 9, 4, 32, 11, 21, 3, 18, 15, 16, 22, 24]}, {"capacity": 557, "impossibleCargos": [2, 3, 7, 8, 10, 13], "neighbors": [28, 13, 15, 7, 30, 10, 1, 34, 29, 6, 11, 5, 21, 18, 8, 19, 17, 31, 0, 24, 32, 2, 9, 4]}, {"capacity": 202, "impossibleCargos": [1, 2, 3, 4, 5, 6, 7, 14], "neighbors": [1, 14, 34, 24, 3, 2, 29, 5, 4, 32, 26, 12, 7, 27, 20, 8, 17, 0, 33, 31, 10, 21, 13, 25, 16, 9]}, {"capacity": 323, "impossibleCargos": [3, 9, 11, 14], "neighbors": [19, 7, 31, 20, 1, 18, 25, 0, 8, 29, 17, 10, 32, 24, 27, 12, 26, 33, 13, 3, 15, 21]}, {"capacity": 994, "impossibleCargos": [0, 1, 4, 7, 9, 10, 11, 12, 14], "neighbors": [31, 20, 22, 19, 32, 28, 3, 1, 8, 24, 4, 21, 13, 34, 30, 25, 23, 16, 15, 5, 11, 18, 14, 29, 9, 2, 27, 12, 33]}, {"capacity": 603, "impossibleCargos": [0, 2, 6, 12, 13, 14], "neighbors": [29, 9, 21, 8, 0, 6, 4, 34, 16, 25, 23, 10, 7, 33, 28, 20, 14, 31, 1, 13, 17, 26, 19, 2, 12, 5, 3]}, {"capacity": 827, "impossibleCargos": [3, 10, 12, 14], "neighbors": [16, 23, 21, 20, 17, 22, 25, 4, 11, 13, 1, 2, 28, 7, 5, 14, 0, 26, 10, 27, 6, 18, 34, 29, 30, 9]}, {"capacity": 203, "impossibleCargos": [0, 2, 8, 10, 12], "neighbors": [31, 28, 10, 25, 12, 4, 27, 19, 17, 6, 29, 16, 32, 24, 8, 5, 22, 7, 33, 18, 15, 3, 11, 1, 21, 2]}, {"capacity": 394, "impossibleCargos": [2, 6, 8, 9, 11, 14], "neighbors": [18, 5, 8, 19, 6, 3, 9, 4, 17, 34, 27, 14, 33, 11, 26, 1, 29, 12, 13, 32, 2, 15, 20, 23, 10, 16]}, {"capacity": 237, "impossibleCargos": [3, 6, 11], "neighbors": [24, 5, 0, 17, 11, 3, 19, 6, 9, 12, 23, 10, 33, 20, 7, 27, 25, 4, 2, 26, 13, 32, 28]}, {"capacity": 591, "impossibleCargos": [1, 3, 5, 8, 9, 10, 12, 14], "neighbors": [11, 7, 6, 19, 30, 33, 13, 2, 27, 1, 25, 28, 22, 18, 26, 32, 29, 17, 12, 9, 4, 31, 21, 0]}, {"capacity": 451, "impossibleCargos": [0, 7, 8, 10, 11, 13], "neighbors": [22, 7, 15, 31, 10, 20, 4, 27, 17, 30, 2, 11, 9, 3, 28, 33, 25, 26, 16, 29, 8, 14, 6, 13]}, {"capacity": 573, "impossibleCargos": [4, 5, 6, 7, 10, 12, 13, 14], "neighbors": [0, 20, 13, 27, 19, 23, 9, 10, 5, 16, 18, 1, 3, 32, 12, 29, 26, 22, 17, 24, 31, 2, 15, 28, 8, 7, 34]}, {"capacity": 482, "impossibleCargos": [6, 7, 11, 13, 14], "neighbors": [9, 0, 6, 5, 2, 27, 28, 31, 7, 34, 23, 15, 33, 25, 13, 32, 21, 10, 24, 22, 19, 30, 18, 8, 16, 1]}, {"capacity": 788, "impossibleCargos": [0, 1, 3, 4, 5, 6, 8, 11, 12, 14], "neighbors": [20, 13, 34, 23, 26, 11, 25, 24, 8, 33, 32, 2, 9, 4, 7, 12, 21, 22, 15, 19, 16, 3, 10, 28, 30, 17, 6]}, {"capacity": 687, "impossibleCargos": [3, 4, 6, 8, 9, 10], "neighbors": [6, 14, 20, 32, 12, 26, 17, 5, 23, 33, 11, 34, 3, 13, 18, 2, 7, 24, 30, 19, 27, 4, 25, 8, 0, 22, 10]}, {"capacity": 759, "impossibleCargos": [0, 2, 4, 7, 10, 11, 12], "neighbors": [18, 11, 20, 15, 6, 13, 2, 14, 16, 25, 12, 23, 9, 31, 1, 21, 24, 17, 4, 5, 32, 19, 30, 3]}, {"capacity": 250, "impossibleCargos": [0, 1, 2, 8, 10, 11, 14], "neighbors": [7, 31, 10, 13, 23, 14, 12, 3, 24, 33, 1, 11, 0, 17, 5, 28, 2, 26, 34, 27, 29, 19, 9]}, {"capacity": 425, "impossibleCargos": [2, 3, 5, 6, 11, 12, 14], "neighbors": [30, 17, 20, 16, 24, 12, 26, 6, 3, 29, 18, 8, 32, 25, 15, 2, 14, 10, 23, 4, 34, 33]}, {"capacity": 642, "impossibleCargos": [1, 2, 3, 4, 7, 9, 10, 13], "neighbors": [4, 28, 9, 11, 17, 20, 8, 7, 27, 5, 15, 25, 23, 26, 2, 16, 13, 21, 31, 0, 29, 14, 6, 10, 22]}, {"capacity": 492, "impossibleCargos": [0, 2, 4, 5, 6, 8, 10, 12, 13, 14], "neighbors": [0, 4, 23, 9, 27, 22, 28, 10, 30, 20, 26, 2, 18, 6, 21, 24, 15, 7, 1, 8, 16, 31, 11, 5, 17, 34]}, {"capacity": 378, "impossibleCargos": [0, 4, 5, 8, 9, 10, 12, 13, 14], "neighbors": [15, 27, 9, 18, 8, 26, 28, 17, 14, 21, 6, 13, 0, 1, 10, 11, 30, 19, 31, 7, 3, 4, 25, 33]}]}