{"volumes": [2107, 888, 509, 933, 993, 1390, 848, 1084, 1311, 2194, 689, 1672, 1960, 738, 702], "conflicts": [], "tanks": [{"capacity": 742, "impossibleCargos": [1, 2, 4, 11, 12, 13, 14], "neighbors": [3, 22, 12, 9, 8, 6, 16, 30, 34, 14, 4, 20, 29, 1, 7, 24, 26, 2, 32, 11, 17, 23, 25, 21, 31]}, {"capacity": 928, "impossibleCargos": [0, 1, 3, 4, 7, 9, 12], "neighbors": [16, 22, 4, 27, 14, 9, 19, 11, 26, 3, 0, 13, 24, 6, 2, 17, 30, 32, 8, 5, 7, 29, 20, 18, 15, 21]}, {"capacity": 894, "impossibleCargos": [0, 1, 2, 5, 7, 8, 14], "neighbors": [22, 10, 9, 21, 26, 25, 20, 18, 28, 4, 29, 1, 0, 7, 34, 5, 11, 12, 24, 31]}, {"capacity": 286, "impossibleCargos": [0, 5, 6, 8, 9, 10, 13, 14], "neighbors": [0, 7, 15, 14, 20, 21, 9, 19, 17, 24, 25, 28, 29, 34, 1, 23, 18, 32, 13, 10, 22, 11, 8, 27, 12]}, {"capacity": 248, "impossibleCargos": [3, 9, 10, 14], "neighbors": [33, 19, 20, 29, 8, 1, 5, 22, 18, 2, 11, 16, 9, 14, 0, 15, 26, 7, 30, 10, 13, 24, 12, 25, 31, 6, 28, 34]}, {"capacity": 279, "impossibleCargos": [1, 2, 3, 4, 9, 10, 12, 13], "neighbors": [14, 30, 18, 7, 10, 4, 33, 23, 6, 17, 21, 27, 22, 11, 16, 1, 2, 29, 20, 15, 8, 25, 31, 32, 28, 26]}, {"capacity": 245, "impossibleCargos": [0, 1, 2, 3, 5, 6, 10, 11], "neighbors": [28, 32, 13, 19, 12, 11, 24, 0, 9, 5, 21, 30, 22, 1, 17, 16, 8, 31, 23, 26, 25, 14, 4, 34, 29]}, {"capacity": 321, "impossibleCargos": [2, 3, 4, 5, 6, 7, 9, 13], "neighbors": [18, 3, 15, 29, 26, 5, 24, 8, 9, 32, 0, 22, 10, 2, 21, 1, 4, 13, 25, 11, 14, 33, 34, 27, 19]}, {"capacity": 768, "impossibleCargos": [0, 3, 5, 6, 7, 9, 12, 14], "neighbors": [4, 0, 25, 26, 11, 10, 7, 14, 29, 33, 21, 12, 20, 30, 6, 32, 1, 24, 17, 3, 22, 5, 31, 15, 13, 16, 23, 19]}, {"capacity": 354, "impossibleCargos": [1, 2, 4, 6, 7, 8, 9, 12, 13], "neighbors": [30, 2, 19, 3, 20, 22, 0, 11, 1, 6, 21, 23, 4, 7, 29, 33, 10, 16, 24, 26, 12, 17, 27, 32, 25, 15]}, {"capacity": 242, "impossibleCargos": [1, 6, 9, 11], "neighbors": [11, 16, 2, 23, 29, 32, 26, 30, 13, 20, 5, 12, 8, 9, 15, 31, 17, 19, 33, 7, 3, 24, 28, 4, 22, 18, 14]}, {"capacity": 287, "impossibleCargos": [0, 3, 8, 10, 11, 12, 14], "neighbors": [10, 23, 14, 12, 9, 6, 32, 8, 33, 30, 4, 1, 16, 26, 31, 18, 13, 5, 0, 34, 21, 2, 3, 7, 20, 29]}, {"capacity": 534, "impossibleCargos": [0, 1, 3, 4, 6, 8, 9, 12, 14], "neighbors": [17, 0, 11, 32, 6, 16, 19, 29, 10, 14, 24, 8, 22, 20, 9, 33, 30, 4, 2, 18, 26, 21, 23, 25, 28, 3]}, {"capacity": 599, "impossibleCargos": [2, 7, 8], "neighbors": [23, 32, 6, 10, 33, 25, 22, 34, 30, 31, 1, 11, 3, 29, 26, 28, 17, 7, 27, 4, 16, 8, 15, 19, 18, 24, 21]}, {"capacity": 760, "impossibleCargos": [0, 2, 8, 9, 14], "neighbors": [5, 3, 32, 11, 23, 15, 18, 28, 17, 1, 34, 8, 0, 4, 12, 29, 30, 20, 27, 16, 26, 7, 19, 10, 6, 22]}, {"capacity": 364, "impossibleCargos": [0, 3, 4, 6, 10, 11, 12], "neighbors": [20, 3, 7, 14, 19, 24, 27, 32, 10, 22, 29, 4, 33, 17, 18, 25, 5, 8, 9, 28, 1, 26, 13, 34]}, {"capacity": 824, "impossibleCargos": [5, 7, 10, 12, 14], "neighbors": [10, 1, 20, 31, 21, 12, 19, 22, 34, 32, 30, 0, 4, 11, 9, 33, 26, 24, 17, 6, 5, 14, 13, 8, 28]}, {"capacity": 257, "impossibleCargos": [0, 2, 3, 7, 9, 12], "neighbors": [12, 3, 27, 20, 14, 21, 26, 5, 10, 16, 25, 6, 15, 1, 31, 0, 9, 29, 28, 13, 8, 30, 18, 34]}, {"capacity": 803, "impossibleCargos": [0, 1, 5, 6, 8, 9, 10, 11, 13], "neighbors": [7, 27, 29, 5, 14, 34, 2, 4, 20, 3, 11, 15, 25, 28, 1, 22, 19, 21, 10, 12, 30, 17, 13]}, {"capacity": 876, "impossibleCargos": [1, 2, 4, 6, 7, 9, 13], "neighbors": [4, 15, 9, 6, 34, 30, 3, 16, 12, 1, 24, 33, 29, 10, 31, 23, 20, 27, 28, 18, 14, 32, 13, 22, 7, 8]}, {"capacity": 233, "impossibleCargos": [6, 7], "neighbors": [23, 15, 4, 26, 16, 3, 9, 2, 10, 24, 32, 17, 31, 18, 29, 0, 14, 8, 12, 34, 30, 19, 5, 1, 11, 28]}, {"capacity": 719, "impossibleCargos": [0, 1, 2, 4, 6, 13, 14], "neighbors": [2, 3, 30, 34, 16, 28, 24, 17, 9, 6, 5, 8, 33, 32, 7, 23, 25, 11, 0, 29, 18, 22, 31, 26, 12, 13, 1]}, {"capacity": 760, "impossibleCargos": [1, 2, 3, 4, 9, 10, 11, 12, 13, 14], "neighbors": [2, 0, 1, 32, 9, 33, 4, 13, 16, 26, 15, 6, 31, 5, 12, 24, 7, 3, 8, 34, 10, 18, 21, 29, 27, 19, 14]}, {"capacity": 562, "impossibleCargos": [1, 2, 4, 5, 6, 7, 9, 10], "neighbors": [20, 11, 28, 13, 10, 14, 30, 5, 26, 9, 34, 3, 31, 21, 19, 0, 6, 27, 8, 12, 33, 24]}, {"capacity": 446, "impossibleCargos": [0, 2, 4, 5, 10, 11, 14], "neighbors": [29, 20, 7, 15, 6, 21, 3, 26, 19, 12, 16, 34, 9, 1, 0, 28, 22, 31, 8, 10, 4, 33, 2, 32, 25, 13, 30, 23]}, {"capacity": 601, "impossibleCargos": [0, 8, 9, 11], "neighbors": [30, 2, 8, 13, 28, 3, 27, 17, 33, 21, 18, 15, 7, 5, 9, 0, 32, 4, 6, 12, 24, 31]}, {"capacity": 723, "impossibleCargos": [2, 3, 5, 6, 7, 8, 12], "neighbors": [20, 27, 7, 2, 10, 8, 17, 23, 22, 1, 11, 24, 16, 0, 9, 31, 34, 13, 4, 30, 14, 21, 6, 12, 15, 5, 32]}, {"capacity": 965, "impossibleCargos": [1, 2, 4, 8, 9, 10], "neighbors": [18, 26, 34, 15, 17, 1, 31, 25, 5, 33, 14, 9, 3, 19, 13, 28, 23, 7, 22, 32]}, {"capacity": 482, "impossibleCargos": [0, 5, 6, 12, 13], "neighbors": [23, 6, 33, 14, 21, 25, 2, 31, 3, 24, 32, 17, 13, 10, 27, 18, 19, 29, 15, 30, 5, 34, 4, 16, 12, 20]}, {"capacity": 569, "impossibleCargos": [4, 8, 9, 10, 12, 13], "neighbors": [24, 10, 4, 7, 30, 18, 12, 8, 3, 9, 32, 20, 14, 0, 19, 2, 15, 33, 13, 5, 17, 1, 34, 21, 28, 22, 31, 6, 11]}, {"capacity": 519, "impossibleCargos": [0, 1, 5, 6, 8, 9, 12, 13], "neighbors": [9, 5, 33, 31, 25, 29, 32, 19, 21, 10, 23, 11, 34, 16, 0, 13, 14, 6, 8, 1, 20, 26, 4, 12, 17, 28, 18, 24]}, {"capacity": 340, "impossibleCargos": [5, 6, 7, 8, 12, 13], "neighbors": [30, 16, 20, 33, 28, 27, 10, 13, 23, 11, 22, 26, 24, 32, 17, 19, 6, 8, 5, 21, 4, 0, 25, 29, 2]}, {"capacity": 644, "impossibleCargos": [0, 4, 6, 8, 9, 10, 13], "neighbors": [13, 14, 6, 22, 12, 10, 30, 20, 11, 15, 16, 29, 34, 7, 3, 28, 21, 0, 31, 8, 1, 9, 25, 19, 5, 24, 26, 27]}, {"capacity": 639, "impossibleCargos": [1, 2, 5, 7, 9, 10, 12, 13, 14], "neighbors": [4, 30, 28, 22, 13, 11, 5, 31, 34, 8, 9, 16, 19, 21, 10, 27, 15, 29, 25, 12, 24, 7, 23]}, {"capacity": 942, "impossibleCargos": [0, 2, 5, 8, 11, 13], "neighbors": [19, 27, 21, 18, 30, 33, 16, 14, 0, 13, 3, 23, 32, 24, 26, 20, 2, 11, 22, 29, 17, 7, 28, 15, 6, 4]}]}