{"volumes": [1777, 625, 262, 1141, 3007, 0, 1989, 982, 1016, 908, 0, 1260, 1607, 3996, 0], "conflicts": [[1, 14], [4, 10], [5, 6], [5, 7], [5, 11], [8, 14], [10, 13], [11, 14]], "tanks": [{"capacity": 717, "impossibleCargos": [0, 1, 2, 3, 4, 5, 6, 7, 9, 10, 11, 12, 13, 14], "neighbors": [1, 5, 30, 11, 31, 2, 9, 19, 25, 15, 23, 14, 24, 29, 6, 28, 27, 18, 17, 33, 8, 26, 20, 22, 10, 12, 13]}, {"capacity": 800, "impossibleCargos": [1, 2, 3, 4, 5, 7, 8, 10, 12, 14], "neighbors": [0, 32, 26, 2, 16, 12, 23, 19, 6, 8, 33, 20, 4, 10, 30, 24, 7, 9, 18, 3, 17, 34, 21, 29, 28, 14, 13]}, {"capacity": 848, "impossibleCargos": [1, 2, 3, 5, 6, 7, 9, 10, 11, 12, 14], "neighbors": [4, 8, 1, 19, 12, 24, 13, 9, 5, 0, 6, 29, 32, 17, 25, 31, 20, 22, 26, 21, 15, 14, 30, 28]}, {"capacity": 527, "impossibleCargos": [0, 1, 2, 3, 5, 7, 8, 9, 10, 11, 12, 14], "neighbors": [21, 17, 31, 11, 13, 12, 9, 6, 18, 10, 19, 29, 1, 23, 34, 14, 22, 33, 24, 4, 20, 16]}, {"capacity": 218, "impossibleCargos": [1, 2, 4, 5, 8, 9, 10, 12, 13, 14], "neighbors": [2, 15, 12, 9, 29, 7, 26, 21, 22, 27, 13, 34, 6, 28, 1, 17, 5, 24, 30, 20, 18, 19, 8, 3, 31, 23, 25, 11]}, {"capacity": 781, "impossibleCargos": [0, 1, 3, 4, 5, 7, 12, 13, 14], "neighbors": [10, 14, 12, 18, 0, 34, 16, 22, 2, 13, 24, 25, 15, 4, 30, 8, 9, 32, 28, 27, 20, 17]}, {"capacity": 734, "impossibleCargos": [1, 2, 3, 6, 7, 8, 9, 11, 13, 14], "neighbors": [24, 10, 25, 1, 16, 14, 27, 18, 4, 30, 28, 2, 3, 21, 7, 19, 0, 29, 8, 15, 17, 26, 20, 31, 22, 11, 12, 23, 32, 9]}, {"capacity": 240, "impossibleCargos": [0, 1, 2, 3, 6, 7, 9, 11, 12, 14], "neighbors": [8, 4, 25, 24, 29, 33, 18, 11, 20, 26, 6, 23, 1, 10, 31, 13, 16, 22, 28, 19, 32, 14, 12, 9]}, {"capacity": 279, "impossibleCargos": [0, 1, 2, 5, 6, 7, 8, 9, 10, 12, 13], "neighbors": [7, 34, 2, 24, 32, 27, 1, 14, 18, 23, 15, 30, 6, 11, 0, 22, 16, 5, 21, 4, 19, 10, 12]}, {"capacity": 624, "impossibleCargos": [0, 2, 3, 4, 5, 6, 7, 8, 9, 10, 12, 13, 14], "neighbors": [25, 28, 12, 32, 4, 33, 10, 18, 2, 22, 0, 3, 13, 31, 15, 19, 1, 24, 26, 5, 34, 14, 7, 6]}, {"capacity": 986, "impossibleCargos": [1, 2, 3, 4, 6, 7, 8, 10, 11, 12, 13, 14], "neighbors": [18, 5, 30, 9, 6, 34, 16, 11, 32, 24, 3, 25, 1, 27, 12, 20, 7, 29, 15, 13, 31, 17, 33, 28, 8, 0]}, {"capacity": 240, "impossibleCargos": [0, 1, 2, 3, 4, 5, 6, 7, 8, 9, 11, 12], "neighbors": [21, 34, 15, 14, 30, 3, 26, 10, 0, 7, 28, 22, 29, 27, 13, 32, 8, 24, 19, 20, 23, 17, 18, 31, 6, 33, 16, 4]}, {"capacity": 240, "impossibleCargos": [0, 1, 2, 3, 4, 5, 6, 7, 8, 9, 13], "neighbors": [1, 9, 2, 4, 21, 15, 34, 5, 29, 27, 20, 16, 24, 23, 3, 22, 28, 19, 30, 10, 32, 33, 18, 26, 14, 7, 6, 0, 8]}, {"capacity": 597, "impossibleCargos": [1, 2, 3, 4, 5, 6, 7, 8, 9, 11, 13], "neighbors": [32, 21, 2, 27, 3, 16, 23, 4, 15, 17, 5, 9, 22, 24, 30, 11, 14, 33, 19, 10, 7, 28, 20, 1, 31, 26, 0, 29]}, {"capacity": 355, "impossibleCargos": [0, 2, 3, 4, 5, 6, 7, 8, 9, 10, 13, 14], "neighbors": [29, 33, 11, 5, 27, 17, 6, 8, 21, 0, 31, 26, 32, 34, 13, 22, 3, 2, 1, 28, 23, 7, 12, 30, 9]}, {"capacity": 302, "impossibleCargos": [2, 5, 6, 10, 12, 13], "neighbors": [28, 34, 4, 11, 17, 12, 20, 13, 29, 5, 0, 26, 21, 19, 33, 9, 8, 27, 24, 22, 6, 32, 10, 2, 31]}, {"capacity": 563, "impossibleCargos": [0, 1, 2, 3, 4, 5, 6, 7, 9, 10], "neighbors": [21, 1, 34, 29, 6, 10, 13, 12, 5, 31, 17, 19, 22, 28, 32, 24, 30, 8, 7, 20, 33, 3, 11]}, {"capacity": 846, "impossibleCargos": [0, 1, 2, 3, 4, 5, 7, 9, 10, 11, 12, 13, 14], "neighbors": [26, 3, 15, 22, 30, 23, 29, 14, 31, 18, 34, 13, 16, 4, 32, 0, 2, 6, 1, 33, 10, 11, 19, 28, 21, 5]}, {"capacity": 707, "impossibleCargos": [0, 1, 2, 3, 4, 7, 8, 9, 12, 13, 14], "neighbors": [10, 9, 26, 25, 5, 27, 17, 30, 34, 6, 31, 7, 8, 33, 20, 3, 0, 21, 1, 4, 19, 22, 12, 23, 11, 29]}, {"capacity": 380, "impossibleCargos": [0, 1, 2, 4, 8, 11, 12, 13], "neighbors": [2, 1, 27, 25, 20, 26, 33, 16, 0, 30, 15, 24, 6, 12, 3, 22, 9, 18, 13, 11, 28, 21, 4, 32, 17, 7, 8, 34]}, {"capacity": 735, "impossibleCargos": [1, 2, 5, 6, 7, 8, 9, 10, 12, 13, 14], "neighbors": [26, 21, 15, 12, 28, 19, 25, 1, 31, 7, 18, 32, 10, 4, 33, 2, 0, 11, 6, 29, 13, 16, 5, 3, 23]}, {"capacity": 648, "impossibleCargos": [1, 2, 3, 5, 6, 7, 9, 10, 11, 12, 14], "neighbors": [11, 3, 16, 13, 23, 31, 12, 20, 34, 29, 4, 26, 14, 15, 6, 32, 24, 18, 28, 2, 1, 19, 8, 33, 22, 17, 30]}, {"capacity": 251, "impossibleCargos": [2, 3, 4, 5, 6, 7, 8, 10, 11, 12, 14], "neighbors": [17, 27, 9, 4, 5, 31, 12, 23, 32, 26, 16, 11, 13, 19, 33, 15, 14, 2, 8, 18, 3, 30, 0, 7, 21, 6, 25]}, {"capacity": 945, "impossibleCargos": [1, 3, 4, 6, 7, 8, 11, 13, 14], "neighbors": [21, 1, 17, 31, 13, 12, 22, 0, 32, 8, 7, 3, 27, 25, 18, 11, 14, 34, 4, 6, 29, 20]}, {"capacity": 984, "impossibleCargos": [2, 3, 5, 6, 8, 10, 11, 12, 13, 14], "neighbors": [6, 32, 25, 8, 29, 2, 7, 12, 34, 10, 5, 27, 0, 21, 19, 13, 1, 4, 33, 16, 15, 9, 31, 30, 28, 11, 3]}, {"capacity": 214, "impossibleCargos": [0, 3, 5, 6, 8, 10, 11, 12, 13], "neighbors": [9, 34, 24, 27, 7, 6, 18, 19, 20, 28, 30, 0, 5, 10, 2, 33, 23, 22, 4]}, {"capacity": 493, "impossibleCargos": [0, 1, 2, 3, 4, 7, 10, 13, 14], "neighbors": [1, 17, 30, 28, 11, 20, 18, 4, 21, 32, 19, 22, 15, 31, 7, 14, 34, 2, 0, 9, 6, 12, 33, 27, 13]}, {"capacity": 263, "impossibleCargos": [1, 2, 5, 8, 10, 12, 13, 14], "neighbors": [25, 33, 22, 14, 13, 18, 19, 29, 12, 8, 4, 6, 31, 24, 10, 11, 0, 15, 30, 23, 34, 5, 26]}, {"capacity": 550, "impossibleCargos": [1, 2, 3, 6, 7, 8, 9, 11, 12, 13, 14], "neighbors": [15, 9, 26, 32, 20, 33, 6, 4, 25, 11, 16, 12, 0, 24, 21, 29, 19, 13, 1, 5, 7, 17, 14, 31, 10, 2]}, {"capacity": 638, "impossibleCargos": [0, 3, 6, 8, 9, 10, 11, 13, 14], "neighbors": [14, 24, 4, 16, 31, 17, 12, 21, 27, 7, 15, 0, 33, 11, 3, 34, 6, 2, 10, 28, 20, 32, 1, 23, 18, 13]}, {"capacity": 265, "impossibleCargos": [0, 1, 3, 4, 5, 6, 7, 8, 9, 11, 13, 14], "neighbors": [26, 10, 11, 33, 17, 18, 0, 31, 6, 25, 19, 1, 8, 13, 5, 12, 16, 4, 27, 24, 22, 2, 21, 14]}, {"capacity": 859, "impossibleCargos": [1, 3, 4, 5, 6, 9, 10, 11, 12, 13, 14], "neighbors": [3, 21, 29, 33, 23, 17, 30, 22, 18, 0, 16, 20, 26, 9, 27, 14, 24, 2, 34, 7, 32, 10, 11, 15, 28, 6, 13, 4]}, {"capacity": 781, "impossibleCargos": [0, 1, 2, 3, 7, 8, 9, 10, 12, 13], "neighbors": [1, 13, 24, 9, 8, 28, 10, 26, 22, 23, 21, 17, 16, 14, 20, 11, 2, 15, 31, 12, 5, 29, 19, 7, 6, 34]}, {"capacity": 951, "impossibleCargos": [3, 6, 8, 9, 11, 12, 14], "neighbors": [14, 9, 30, 27, 31, 28, 7, 19, 1, 18, 15, 29, 34, 24, 22, 0, 20, 25, 13, 12, 17, 26, 21, 10, 3, 16, 11]}, {"capacity": 776, "impossibleCargos": [0, 1, 2, 3, 4, 5, 6, 7, 8, 9, 10, 11, 14], "neighbors": [15, 8, 11, 25, 16, 12, 21, 10, 5, 17, 18, 4, 24, 33, 14, 26, 29, 31, 3, 1, 27, 19, 9, 23, 32]}]}