{"volumes": [976, 2268, 0, 2311, 1925, 258, 768, 0, 1473, 1842, 1884, 2365, 1723, 894, 1735], "conflicts": [[0, 2], [2, 4], [2, 5], [2, 7], [2, 8], [2, 12], [2, 13], [2, 14], [3, 7], [4, 7], [5, 7], [5, 13], [7, 9], [7, 10], [7, 11], [7, 12], [7, 13], [8, 12]], "tanks": [{"capacity": 434, "impossibleCargos": [0, 2, 3, 4, 8, 9, 10, 11, 13, 14], "neighbors": [12, 3, 22, 4, 26, 8, 15, 13, 9, 28, 23, 20, 32, 16, 29, 27, 17, 10, 1, 31, 25, 18, 5]}, {"capacity": 854, "impossibleCargos": [0, 1, 2, 3, 5, 7, 10, 11], "neighbors": [31, 21, 3, 9, 29, 2, 25, 6, 28, 27, 32, 16, 26, 20, 24, 17, 8, 10, 11, 5, 13, 7, 0, 15, 22]}, {"capacity": 708, "impossibleCargos": [0, 2, 6, 7, 8, 11, 12, 14], "neighbors": [14, 12, 26, 1, 19, 30, 17, 6, 34, 24, 8, 4, 20, 28, 32, 23, 9, 29, 16, 27, 11, 5]}, {"capacity": 486, "impossibleCargos": [0, 1, 2, 3, 4, 5, 6, 7, 8, 9, 10, 14], "neighbors": [1, 31, 29, 0, 30, 7, 13, 19, 8, 15, 11, 4, 27, 22, 14, 28, 6, 32, 26, 21, 5, 24, 18, 25, 23, 10, 12, 16]}, {"capacity": 845, "impossibleCargos": [0, 2, 5, 8, 9, 10, 11, 12, 13, 14], "neighbors": [7, 16, 13, 24, 10, 5, 0, 20, 17, 26, 30, 19, 23, 2, 11, 3, 25, 9, 18, 6, 12, 29, 28]}, {"capacity": 868, "impossibleCargos": [2, 3, 9, 10, 11, 14], "neighbors": [27, 20, 15, 4, 10, 25, 17, 28, 26, 7, 33, 29, 32, 1, 14, 19, 3, 31, 11, 30, 13, 9, 2, 0, 16]}, {"capacity": 756, "impossibleCargos": [0, 2, 3, 4, 6, 9, 12, 13], "neighbors": [11, 27, 32, 29, 19, 25, 1, 14, 2, 18, 22, 23, 8, 16, 34, 15, 24, 3, 28, 33, 30, 26, 4, 21]}, {"capacity": 776, "impossibleCargos": [2, 3, 4, 6, 8, 9, 11, 12, 13, 14], "neighbors": [24, 28, 4, 12, 20, 34, 3, 18, 21, 19, 23, 31, 27, 17, 8, 5, 14, 13, 29, 33, 1, 9, 26, 22, 16, 32]}, {"capacity": 790, "impossibleCargos": [1, 2, 3, 4, 5, 7, 9, 11, 12, 13, 14], "neighbors": [28, 21, 32, 22, 23, 0, 15, 18, 3, 16, 6, 12, 25, 20, 7, 2, 19, 1, 30, 29, 26, 11, 9, 33, 10, 13]}, {"capacity": 246, "impossibleCargos": [0, 1, 2, 3, 4, 6, 7, 8, 9, 10, 13, 14], "neighbors": [1, 14, 21, 15, 29, 27, 31, 19, 0, 26, 23, 11, 22, 2, 4, 13, 18, 7, 32, 10, 20, 8, 5, 34]}, {"capacity": 559, "impossibleCargos": [1, 2, 4, 5, 7, 8, 9, 11, 12, 13, 14], "neighbors": [4, 17, 22, 31, 32, 5, 29, 21, 25, 18, 12, 26, 23, 34, 1, 16, 27, 24, 0, 28, 15, 9, 8, 14, 20, 30, 3]}, {"capacity": 971, "impossibleCargos": [3, 4, 7, 8, 10, 11, 12, 14], "neighbors": [6, 32, 22, 29, 24, 26, 31, 18, 3, 9, 33, 4, 28, 1, 15, 12, 8, 27, 5, 21, 16, 13, 2, 25]}, {"capacity": 889, "impossibleCargos": [0, 2, 3, 4, 6, 9, 10, 12], "neighbors": [15, 29, 23, 17, 2, 7, 0, 24, 26, 32, 8, 10, 33, 14, 28, 11, 30, 16, 34, 31, 4, 21, 22, 3]}, {"capacity": 243, "impossibleCargos": [0, 1, 2, 4, 6, 7, 8, 10, 13], "neighbors": [4, 26, 34, 14, 3, 0, 32, 30, 7, 28, 23, 25, 9, 1, 17, 15, 21, 24, 8, 5, 11, 19, 27, 33, 18, 31]}, {"capacity": 282, "impossibleCargos": [0, 1, 3, 4, 6, 7, 9, 10, 11, 12, 14], "neighbors": [2, 24, 16, 21, 30, 22, 25, 9, 13, 17, 33, 6, 31, 32, 7, 12, 23, 3, 5, 18, 19, 10, 34, 20]}, {"capacity": 759, "impossibleCargos": [0, 1, 5, 6, 7, 9, 10, 11, 12, 13], "neighbors": [12, 26, 34, 5, 24, 9, 0, 8, 16, 3, 17, 29, 6, 33, 11, 32, 23, 31, 13, 28, 10, 1, 19, 27, 21]}, {"capacity": 855, "impossibleCargos": [0, 2, 5, 6, 8, 11, 12, 13, 14], "neighbors": [4, 14, 18, 8, 15, 6, 17, 1, 0, 10, 2, 12, 20, 29, 28, 22, 7, 27, 23, 11, 25, 34, 3, 5]}, {"capacity": 936, "impossibleCargos": [0, 3, 4, 5, 7, 8, 9, 11, 13], "neighbors": [21, 12, 23, 20, 30, 10, 18, 31, 33, 14, 4, 2, 16, 15, 22, 7, 5, 1, 19, 28, 0, 24, 13, 25, 32]}, {"capacity": 464, "impossibleCargos": [0, 1, 2, 4, 5, 6, 8, 10, 12, 13], "neighbors": [21, 19, 20, 16, 17, 7, 6, 8, 24, 11, 10, 23, 4, 14, 9, 22, 27, 26, 29, 25, 30, 28, 33, 3, 31, 13, 0]}, {"capacity": 805, "impossibleCargos": [0, 1, 2, 3, 4, 5, 8, 11], "neighbors": [18, 32, 23, 6, 30, 21, 2, 7, 25, 20, 3, 9, 34, 4, 31, 22, 8, 17, 5, 14, 28, 15, 29, 13]}, {"capacity": 244, "impossibleCargos": [1, 2, 3, 4, 5, 6, 8, 9, 11, 12, 14], "neighbors": [28, 34, 17, 5, 18, 7, 25, 4, 19, 29, 1, 8, 0, 2, 33, 27, 24, 26, 31, 21, 9, 16, 22, 10, 23, 14]}, {"capacity": 524, "impossibleCargos": [0, 1, 4, 6, 7, 9, 11, 12, 14], "neighbors": [18, 17, 1, 14, 8, 28, 19, 24, 9, 7, 30, 33, 10, 26, 34, 13, 3, 20, 6, 32, 11, 12, 15, 31]}, {"capacity": 848, "impossibleCargos": [0, 2, 3, 4, 5, 6, 8, 10, 12, 13, 14], "neighbors": [27, 31, 11, 14, 8, 30, 10, 0, 6, 34, 33, 17, 9, 19, 28, 3, 29, 18, 23, 24, 25, 20, 16, 26, 7, 1, 12, 32]}, {"capacity": 946, "impossibleCargos": [0, 1, 2, 3, 4, 6, 8, 9, 10, 11, 13], "neighbors": [12, 17, 30, 29, 19, 8, 7, 27, 6, 31, 9, 0, 33, 4, 18, 10, 14, 13, 2, 24, 15, 22, 28, 25, 16, 3, 20, 26]}, {"capacity": 243, "impossibleCargos": [0, 1, 2, 3, 7, 8, 9, 13], "neighbors": [7, 14, 4, 12, 15, 21, 30, 11, 18, 31, 2, 1, 34, 27, 6, 23, 20, 32, 17, 10, 22, 13, 3, 26, 29, 33]}, {"capacity": 857, "impossibleCargos": [0, 1, 2, 3, 4, 5, 6, 7, 8, 10, 11, 12], "neighbors": [29, 31, 26, 6, 14, 20, 1, 19, 10, 34, 5, 8, 4, 13, 17, 18, 33, 32, 28, 0, 22, 3, 23, 16, 30, 11]}, {"capacity": 881, "impossibleCargos": [0, 1, 3, 4, 5, 6, 8, 11, 12, 13, 14], "neighbors": [15, 2, 13, 25, 27, 12, 0, 11, 4, 9, 1, 21, 5, 10, 33, 8, 18, 3, 7, 6, 20, 24, 22, 30, 31, 23]}, {"capacity": 552, "impossibleCargos": [3, 4, 5, 6, 7, 8, 9, 10, 11, 12, 13, 14], "neighbors": [22, 28, 31, 6, 5, 30, 26, 9, 23, 1, 7, 29, 24, 33, 3, 0, 20, 34, 18, 10, 2, 11, 16, 32, 13, 15]}, {"capacity": 589, "impossibleCargos": [0, 4, 6, 7, 9, 10, 14], "neighbors": [27, 7, 20, 8, 21, 34, 1, 29, 31, 30, 0, 5, 22, 2, 13, 32, 3, 11, 12, 17, 6, 15, 10, 23, 19, 25, 18, 16, 33, 4]}, {"capacity": 328, "impossibleCargos": [5, 6, 7, 8, 11, 12, 13, 14], "neighbors": [25, 33, 12, 23, 3, 6, 1, 11, 9, 10, 20, 28, 15, 27, 30, 0, 5, 7, 32, 2, 8, 22, 18, 31, 16, 24, 4, 19]}, {"capacity": 504, "impossibleCargos": [1, 2, 4, 5, 6, 7, 10, 11, 12], "neighbors": [23, 14, 27, 17, 31, 3, 19, 22, 24, 2, 21, 28, 34, 4, 13, 29, 33, 8, 12, 6, 18, 5, 26, 10, 25]}, {"capacity": 330, "impossibleCargos": [0, 1, 2, 4, 5, 6, 8, 9, 12, 14], "neighbors": [1, 25, 27, 22, 3, 30, 10, 17, 9, 24, 11, 28, 7, 23, 14, 19, 34, 33, 15, 29, 20, 0, 18, 5, 12, 32, 26, 21, 13]}, {"capacity": 524, "impossibleCargos": [0, 3, 4, 5, 7, 8, 9, 10, 12, 13, 14], "neighbors": [11, 6, 34, 8, 19, 10, 12, 1, 13, 14, 0, 33, 2, 28, 29, 5, 24, 3, 15, 25, 9, 21, 17, 31, 27, 7, 22]}, {"capacity": 409, "impossibleCargos": [0, 1, 3, 6, 7, 8, 9, 10, 11, 12, 13, 14], "neighbors": [29, 17, 14, 21, 22, 12, 23, 11, 20, 26, 5, 27, 32, 7, 30, 15, 31, 6, 25, 34, 8, 18, 28, 13, 24]}, {"capacity": 701, "impossibleCargos": [1, 2, 4, 6, 7, 8, 10, 12, 13, 14], "neighbors": [15, 20, 32, 13, 7, 28, 22, 2, 6, 25, 30, 19, 24, 31, 10, 21, 27, 33, 12, 14, 16, 9]}]}