{"volumes": [1101, 1080, 1517, 265, 4555, 1242, 709, 1257, 219, 823, 1747, 0, 892, 1299, 912], "conflicts": [[0, 11], [1, 11], [2, 11], [4, 11], [5, 11], [6, 10], [6, 11], [7, 11], [8, 11], [9, 11], [10, 11], [11, 12], [11, 13], [11, 14], [13, 14]], "tanks": [{"capacity": 334, "impossibleCargos": [1, 2, 4, 9, 10, 11, 12, 13, 14], "neighbors": [29, 33, 34, 8, 3, 32, 5, 6, 25, 4, 31, 1, 14, 27, 23, 30, 2, 21, 24, 18, 9, 13, 7, 16, 15]}, {"capacity": 291, "impossibleCargos": [0, 2, 3, 4, 6, 7, 8, 9, 12, 14], "neighbors": [10, 30, 7, 13, 28, 24, 31, 34, 15, 8, 16, 11, 12, 0, 3, 2, 33, 5, 22, 18, 21, 29, 27, 17, 23, 6]}, {"capacity": 934, "impossibleCargos": [0, 2, 3, 6, 7, 8, 9, 10, 11, 12, 14], "neighbors": [6, 4, 3, 10, 23, 19, 29, 22, 28, 14, 8, 26, 1, 30, 16, 0, 34, 33, 32, 15, 12, 21]}, {"capacity": 381, "impossibleCargos": [1, 2, 3, 4, 5, 7, 9, 10, 11, 13], "neighbors": [18, 27, 12, 31, 15, 0, 2, 25, 34, 19, 8, 1, 13, 17, 29, 7, 16, 14, 9, 4, 28, 32, 33, 11, 5, 23, 22, 20]}, {"capacity": 829, "impossibleCargos": [1, 2, 4, 5, 7, 8, 11, 12, 14], "neighbors": [28, 18, 34, 2, 27, 31, 5, 26, 21, 14, 0, 6, 23, 10, 19, 22, 8, 32, 16, 3, 24, 9, 25, 30, 13, 33, 11, 17]}, {"capacity": 296, "impossibleCargos": [0, 1, 3, 4, 6, 7, 8, 9, 10, 11, 13, 14], "neighbors": [16, 26, 6, 13, 28, 24, 7, 30, 9, 4, 12, 0, 14, 32, 8, 34, 17, 1, 33, 21, 22, 20, 3, 18]}, {"capacity": 997, "impossibleCargos": [1, 3, 4, 6, 7, 8, 9, 11, 12, 13], "neighbors": [2, 24, 19, 22, 5, 14, 16, 34, 0, 4, 29, 17, 26, 21, 11, 8, 27, 18, 25, 28, 30, 9, 23, 1, 13, 32]}, {"capacity": 518, "impossibleCargos": [0, 2, 3, 4, 5, 7, 8, 9, 11, 12], "neighbors": [18, 25, 27, 12, 1, 5, 13, 11, 9, 23, 22, 20, 17, 32, 31, 3, 16, 29, 24, 0, 21]}, {"capacity": 755, "impossibleCargos": [1, 2, 3, 5, 6, 7, 8, 9, 12, 14], "neighbors": [19, 34, 30, 0, 20, 11, 33, 1, 9, 12, 23, 25, 3, 4, 27, 2, 5, 22, 6, 31, 15, 28, 13, 16, 17, 29, 18]}, {"capacity": 274, "impossibleCargos": [0, 4, 5, 6, 7, 8, 9, 10, 11, 12, 13, 14], "neighbors": [21, 18, 31, 12, 32, 5, 7, 8, 33, 19, 16, 17, 3, 15, 4, 22, 25, 34, 0, 24, 10, 6, 11, 14]}, {"capacity": 402, "impossibleCargos": [0, 3, 4, 5, 6, 7, 8, 9, 10, 12, 13, 14], "neighbors": [11, 27, 1, 16, 20, 2, 30, 19, 28, 4, 21, 13, 34, 31, 22, 12, 33, 9, 14, 23, 24, 29, 18]}, {"capacity": 856, "impossibleCargos": [0, 1, 3, 4, 5, 6, 8, 9, 10, 14], "neighbors": [29, 19, 16, 10, 30, 34, 20, 8, 7, 1, 15, 25, 32, 6, 17, 26, 13, 24, 3, 31, 28, 9, 4, 18]}, {"capacity": 244, "impossibleCargos": [2, 3, 5, 6, 7, 8, 9, 10, 11, 12, 13], "neighbors": [22, 3, 34, 14, 7, 18, 29, 9, 24, 5, 23, 30, 8, 1, 19, 13, 25, 31, 10, 15, 16, 17, 2]}, {"capacity": 896, "impossibleCargos": [1, 3, 4, 5, 6, 7, 8, 9, 10, 11, 12, 14], "neighbors": [27, 32, 16, 5, 1, 22, 7, 23, 20, 3, 12, 28, 10, 21, 14, 25, 19, 29, 17, 30, 11, 8, 0, 4, 24, 6, 31]}, {"capacity": 947, "impossibleCargos": [0, 1, 2, 3, 5, 6, 7, 8, 9, 12, 13], "neighbors": [18, 32, 12, 6, 34, 17, 22, 5, 4, 23, 19, 2, 15, 24, 0, 3, 13, 16, 26, 33, 20, 29, 25, 10, 21, 31, 9]}, {"capacity": 701, "impossibleCargos": [1, 2, 3, 4, 6, 8, 9, 11, 12, 13, 14], "neighbors": [33, 30, 32, 26, 3, 24, 18, 23, 1, 34, 27, 11, 28, 21, 14, 16, 20, 8, 9, 22, 17, 12, 19, 2, 0]}, {"capacity": 204, "impossibleCargos": [0, 1, 3, 6, 7, 8, 9, 13, 14], "neighbors": [5, 32, 25, 11, 18, 13, 23, 10, 6, 1, 33, 9, 29, 30, 15, 2, 7, 3, 4, 21, 14, 26, 24, 17, 8, 28, 22, 12, 19, 0, 27]}, {"capacity": 366, "impossibleCargos": [0, 3, 4, 5, 6, 8, 10, 11, 12, 13, 14], "neighbors": [30, 27, 25, 14, 31, 20, 3, 7, 9, 6, 5, 33, 11, 13, 21, 18, 16, 22, 15, 8, 12, 1, 28, 4]}, {"capacity": 825, "impossibleCargos": [1, 4, 7, 8, 9, 11, 12, 13, 14], "neighbors": [33, 14, 3, 7, 4, 16, 9, 12, 15, 23, 24, 19, 25, 34, 26, 30, 22, 1, 29, 27, 21, 20, 28, 17, 0, 6, 5, 10, 11, 8]}, {"capacity": 393, "impossibleCargos": [3, 4, 6, 9, 11, 12, 13, 14], "neighbors": [30, 11, 31, 6, 8, 28, 2, 25, 3, 10, 4, 18, 9, 14, 12, 27, 21, 26, 22, 13, 16, 15]}, {"capacity": 355, "impossibleCargos": [0, 1, 2, 3, 5, 6, 8, 9, 10, 12, 13, 14], "neighbors": [21, 11, 8, 22, 10, 25, 17, 27, 32, 13, 31, 7, 15, 30, 18, 34, 29, 14, 5, 24, 33, 3]}, {"capacity": 392, "impossibleCargos": [1, 2, 5, 6, 8, 9, 10, 12, 13, 14], "neighbors": [9, 20, 31, 4, 34, 10, 22, 15, 19, 25, 29, 6, 13, 1, 16, 23, 24, 0, 18, 17, 5, 27, 28, 26, 14, 33, 32, 7, 2]}, {"capacity": 474, "impossibleCargos": [1, 5, 7, 8, 9, 11, 12, 13], "neighbors": [25, 12, 34, 30, 6, 20, 31, 13, 23, 14, 27, 2, 4, 21, 7, 28, 18, 1, 8, 32, 10, 19, 33, 15, 9, 17, 16, 5, 24, 3]}, {"capacity": 669, "impossibleCargos": [1, 2, 3, 7, 8, 9, 10, 12, 13, 14], "neighbors": [27, 32, 16, 15, 2, 24, 18, 22, 12, 8, 14, 4, 13, 7, 0, 21, 25, 28, 29, 34, 30, 3, 10, 1, 6, 33]}, {"capacity": 317, "impossibleCargos": [1, 2, 3, 4, 5, 6, 7, 8, 9, 12, 13, 14], "neighbors": [6, 15, 5, 34, 1, 12, 23, 18, 30, 14, 32, 4, 21, 0, 29, 16, 11, 7, 9, 22, 13, 10, 20, 26]}, {"capacity": 223, "impossibleCargos": [0, 1, 2, 3, 4, 6, 7, 9, 10, 11, 12, 13, 14], "neighbors": [22, 16, 7, 33, 3, 19, 20, 17, 0, 8, 27, 18, 26, 12, 21, 11, 28, 31, 13, 34, 23, 4, 9, 32, 29, 6, 14]}, {"capacity": 400, "impossibleCargos": [0, 1, 3, 6, 8, 9, 11, 13, 14], "neighbors": [5, 15, 30, 33, 4, 32, 25, 6, 2, 18, 19, 16, 11, 14, 31, 28, 21, 24]}, {"capacity": 653, "impossibleCargos": [1, 2, 3, 5, 6, 8, 9, 11, 12, 13, 14], "neighbors": [13, 34, 3, 23, 10, 17, 7, 4, 30, 33, 22, 29, 20, 15, 25, 8, 19, 0, 28, 18, 31, 21, 6, 1, 16]}, {"capacity": 893, "impossibleCargos": [1, 2, 3, 6, 7, 8, 9, 10, 13], "neighbors": [4, 5, 33, 19, 1, 31, 10, 32, 15, 2, 13, 22, 25, 27, 8, 23, 18, 16, 3, 30, 26, 21, 6, 11, 17]}, {"capacity": 317, "impossibleCargos": [0, 1, 3, 5, 6, 7, 10, 11, 12, 13, 14], "neighbors": [11, 0, 31, 12, 27, 2, 33, 6, 34, 16, 3, 32, 21, 18, 1, 13, 24, 7, 23, 20, 25, 14, 8, 10, 30]}, {"capacity": 255, "impossibleCargos": [1, 2, 3, 4, 5, 7, 10, 11, 13, 14], "neighbors": [19, 22, 15, 17, 11, 8, 1, 26, 5, 10, 31, 27, 12, 33, 32, 34, 24, 2, 16, 18, 20, 0, 13, 28, 23, 4, 6, 29]}, {"capacity": 716, "impossibleCargos": [0, 1, 3, 4, 7, 8, 9, 10, 11, 12, 14], "neighbors": [19, 29, 3, 9, 21, 22, 34, 4, 1, 30, 28, 17, 20, 0, 7, 33, 12, 10, 25, 8, 27, 26, 11, 14, 32, 13]}, {"capacity": 905, "impossibleCargos": [0, 2, 3, 5, 6, 8, 9, 10, 12, 13, 14], "neighbors": [16, 13, 14, 15, 23, 0, 9, 5, 30, 26, 20, 28, 7, 4, 33, 29, 11, 24, 22, 34, 25, 3, 2, 31, 21, 6]}, {"capacity": 370, "impossibleCargos": [0, 3, 4, 5, 6, 7, 9, 10, 11, 12, 13], "neighbors": [18, 0, 15, 28, 25, 26, 8, 27, 29, 30, 16, 9, 32, 31, 1, 17, 5, 34, 22, 2, 14, 3, 4, 10, 21, 20, 23]}, {"capacity": 371, "impossibleCargos": [0, 3, 4, 5, 6, 8, 9, 10, 11, 12, 14], "neighbors": [27, 22, 0, 8, 12, 4, 11, 24, 14, 31, 3, 6, 1, 21, 15, 30, 29, 5, 18, 10, 33, 2, 25, 32, 23, 20, 9]}]}