{"volumes": [1185, 329, 1297, 1500, 1008, 874, 1683, 1284, 0, 1375, 1175, 0, 1461, 984, 768], "conflicts": [[0, 8], [0, 13], [2, 8], [2, 11], [4, 5], [5, 8], [5, 9], [5, 11], [6, 8], [8, 10], [10, 11]], "tanks": [{"capacity": 774, "impossibleCargos": [0, 1, 5, 7, 8, 13], "neighbors": [32, 22, 34, 10, 7, 14, 5, 21, 11]}, {"capacity": 960, "impossibleCargos": [4, 5, 6, 7, 8, 11, 13], "neighbors": [7, 26, 21, 6, 2, 31, 22, 14, 5]}, {"capacity": 638, "impossibleCargos": [1, 4, 8, 9, 11, 13, 14], "neighbors": [8, 34, 20, 10, 26, 1, 25, 14, 30]}, {"capacity": 637, "impossibleCargos": [0, 1, 4, 5, 7, 9, 11], "neighbors": [28, 20, 16, 25]}, {"capacity": 375, "impossibleCargos": [1, 4, 7, 13], "neighbors": [8, 6, 13, 14, 5, 29]}, {"capacity": 478, "impossibleCargos": [0, 2, 5, 6, 8, 11, 12, 13], "neighbors": [12, 8, 16, 28, 0, 4, 23, 29, 1]}, {"capacity": 575, "impossibleCargos": [3, 8, 9, 10], "neighbors": [31, 29, 4, 1, 12, 7, 18, 16, 27, 32, 13, 33]}, {"capacity": 449, "impossibleCargos": [2, 4, 5, 10, 11, 13, 14], "neighbors": [1, 18, 25, 16, 6, 32, 15, 0, 20]}, {"capacity": 545, "impossibleCargos": [0, 1, 4, 5, 6, 7, 8, 9, 12, 13], "neighbors": [4, 2, 26, 15, 5, 11, 19, 21, 10, 22, 16]}, {"capacity": 460, "impossibleCargos": [1, 3, 6, 7, 9, 10], "neighbors": [18, 31, 23, 20, 19, 13, 15]}, {"capacity": 903, "impossibleCargos": [1, 2, 3, 4, 8, 9, 10], "neighbors": [11, 26, 2, 0, 31, 8, 18]}, {"capacity": 697, "impossibleCargos": [0, 12, 14], "neighbors": [10, 8, 13, 25, 27, 21, 28, 19, 0]}, {"capacity": 264, "impossibleCargos": [1, 3, 5, 6, 7, 8, 9, 11], "neighbors": [5, 17, 6, 32, 14]}, {"capacity": 281, "impossibleCargos": [0, 1, 2, 3, 8, 9, 10, 11], "neighbors": [20, 11, 4, 25, 24, 16, 9, 33, 6, 31]}, {"capacity": 266, "impossibleCargos": [2, 3, 4, 5, 6, 7, 9, 10, 11, 12], "neighbors": [25, 24, 4, 15, 0, 2, 1, 20, 12]}, {"capacity": 811, "impossibleCargos": [2, 4, 5, 7, 10], "neighbors": [8, 17, 28, 7, 14, 30, 31, 9, 19, 21]}, {"capacity": 612, "impossibleCargos": [0, 7, 8, 11, 13, 14], "neighbors": [7, 5, 28, 17, 6, 13, 8, 30, 3, 22, 34, 21, 27]}, {"capacity": 784, "impossibleCargos": [2, 4, 5, 6, 8, 12, 13, 14], "neighbors": [25, 12, 15, 34, 28, 16, 30, 23]}, {"capacity": 501, "impossibleCargos": [0, 3, 5, 10, 12], "neighbors": [31, 7, 9, 30, 25, 33, 6, 10]}, {"capacity": 316, "impossibleCargos": [0, 1, 5, 6, 7, 8, 9, 11, 14], "neighbors": [34, 8, 33, 9, 11, 15]}, {"capacity": 942, "impossibleCargos": [1, 2, 4, 8, 12, 13, 14], "neighbors": [2, 13, 30, 9, 3, 7, 14, 26]}, {"capacity": 874, "impossibleCargos": [2, 3, 6, 8, 14], "neighbors": [29, 1, 23, 30, 11, 8, 0, 15, 16, 32, 28]}, {"capacity": 324, "impossibleCargos": [2, 6, 8, 11, 12], "neighbors": [28, 25, 0, 33, 29, 27, 8, 1, 16]}, {"capacity": 586, "impossibleCargos": [2, 11, 12], "neighbors": [21, 29, 9, 28, 5, 26, 17, 25]}, {"capacity": 970, "impossibleCargos": [1, 2, 13, 14], "neighbors": [14, 34, 13, 32, 29]}, {"capacity": 524, "impossibleCargos": [0, 1, 4, 5, 6, 7, 8, 9, 11, 13], "neighbors": [17, 7, 22, 14, 11, 18, 13, 2, 23, 3, 31]}, {"capacity": 322, "impossibleCargos": [1, 2, 5, 6], "neighbors": [8, 1, 10, 2, 23, 30, 29, 27, 20]}, {"capacity": 985, "impossibleCargos": [0, 2, 4, 5, 6, 10, 12, 13], "neighbors": [34, 22, 11, 6, 26, 16]}, {"capacity": 363, "impossibleCargos": [0, 1, 6, 10, 11, 13], "neighbors": [22, 5, 3, 15, 17, 16, 23, 11, 21]}, {"capacity": 517, "impossibleCargos": [0, 1, 2, 4, 5, 7, 11, 12, 13], "neighbors": [21, 6, 34, 23, 32, 22, 24, 5, 4, 26]}, {"capacity": 536, "impossibleCargos": [1, 3, 5, 6, 10, 13], "neighbors": [18, 21, 33, 20, 17, 26, 15, 2, 16]}, {"capacity": 416, "impossibleCargos": [1, 4, 5, 9, 11, 13, 14], "neighbors": [18, 6, 9, 10, 1, 15, 13, 32, 25]}, {"capacity": 918, "impossibleCargos": [0, 2, 6, 8, 13, 14], "neighbors": [0, 29, 7, 24, 12, 6, 31, 21]}, {"capacity": 728, "impossibleCargos": [0, 1, 3, 4, 6, 8, 9, 10, 11], "neighbors": [22, 19, 30, 18, 13, 6]}, {"capacity": 573, "impossibleCargos": [0, 1, 3, 6, 7, 9, 12, 13, 14], "neighbors": [27, 29, 2, 19, 24, 0, 17, 16]}]}