{"volumes": [1207, 0, 1318, 853, 350, 1050, 0, 910, 1811, 564, 1175, 2341, 866, 880, 1513], "conflicts": [[0, 1], [0, 3], [0, 4], [0, 12], [1, 5], [1, 10], [1, 11], [1, 12], [1, 13], [2, 5], [3, 6], [3, 14], [4, 6], [4, 10], [4, 12], [4, 14], [5, 12], [6, 8], [6, 9], [6, 12], [6, 13], [6, 14], [9, 12], [10, 12], [13, 14]], "tanks": [{"capacity": 842, "impossibleCargos": [1, 3, 4, 5, 6, 9, 10, 11, 13], "neighbors": [8, 32, 6, 33, 22, 24, 19, 1, 21]}, {"capacity": 421, "impossibleCargos": [0, 3, 7, 8, 10, 11, 14], "neighbors": [27, 22, 7, 17, 8, 25, 15, 31, 26, 3, 5, 0]}, {"capacity": 983, "impossibleCargos": [0, 3, 4, 10, 11, 14], "neighbors": [6, 8, 16, 12, 10, 3, 13, 9, 11]}, {"capacity": 259, "impossibleCargos": [0, 1, 2, 4, 5, 8, 9, 10, 14], "neighbors": [18, 29, 23, 7, 24, 2, 1, 30, 28, 26, 21, 20, 17]}, {"capacity": 549, "impossibleCargos": [0, 1, 2, 3, 5, 7], "neighbors": [6, 24, 10, 9, 30, 19, 27, 17]}, {"capacity": 783, "impossibleCargos": [2, 3, 5, 6, 9, 11, 13], "neighbors": [23, 11, 33, 19, 7, 26, 25, 8, 1, 30]}, {"capacity": 334, "impossibleCargos": [1, 4, 5, 6, 8, 9, 14], "neighbors": [18, 4, 2, 11, 0, 27, 12]}, {"capacity": 265, "impossibleCargos": [0, 3, 4, 5, 6, 8, 10, 13], "neighbors": [31, 1, 12, 34, 8, 20, 3, 5, 26, 29, 15]}, {"capacity": 409, "impossibleCargos": [0, 1, 4, 5, 10, 13, 14], "neighbors": [0, 2, 1, 22, 7, 28, 17, 19, 5]}, {"capacity": 299, "impossibleCargos": [2, 3, 5, 7, 10, 13], "neighbors": [10, 29, 33, 25, 28, 11, 22, 4, 20, 2, 34]}, {"capacity": 794, "impossibleCargos": [2, 5, 6, 7, 11, 12, 13], "neighbors": [9, 2, 28, 21, 4, 33, 31, 17, 13]}, {"capacity": 881, "impossibleCargos": [1, 4, 5, 8, 9, 10, 11], "neighbors": [5, 6, 29, 20, 9, 34, 2]}, {"capacity": 672, "impossibleCargos": [1, 5, 8, 9, 10, 14], "neighbors": [22, 17, 7, 32, 19, 34, 2, 27, 6]}, {"capacity": 470, "impossibleCargos": [0, 1, 4, 7, 9, 10, 11, 12, 14], "neighbors": [18, 34, 24, 21, 27, 14, 30, 2, 32, 10]}, {"capacity": 829, "impossibleCargos": [1, 2, 3, 5, 7, 10, 11], "neighbors": [33, 13, 34, 17, 28, 21]}, {"capacity": 983, "impossibleCargos": [1, 3, 6, 9, 11, 12, 13, 14], "neighbors": [27, 1, 21, 22, 20, 30, 7]}, {"capacity": 261, "impossibleCargos": [0, 11, 14], "neighbors": [19, 2, 26]}, {"capacity": 857, "impossibleCargos": [0, 3, 4, 5, 6, 7, 8], "neighbors": [12, 1, 29, 14, 8, 28, 10, 4, 3]}, {"capacity": 726, "impossibleCargos": [0, 2, 3, 5, 6, 8, 9, 11, 12, 14], "neighbors": [33, 6, 13, 28, 25, 3, 19]}, {"capacity": 871, "impossibleCargos": [0, 3, 7, 8, 11, 14], "neighbors": [16, 12, 34, 5, 32, 30, 8, 18, 24, 0, 4]}, {"capacity": 238, "impossibleCargos": [3, 9, 10], "neighbors": [33, 7, 11, 31, 27, 9, 3, 15]}, {"capacity": 363, "impossibleCargos": [2, 3, 4, 5, 6, 7, 9, 10], "neighbors": [28, 13, 25, 30, 10, 15, 3, 14, 23, 0]}, {"capacity": 472, "impossibleCargos": [2, 4, 6, 7, 9, 10, 11, 12, 13], "neighbors": [12, 1, 32, 8, 0, 9, 31, 15]}, {"capacity": 744, "impossibleCargos": [1, 4, 10, 12, 13, 14], "neighbors": [5, 3, 25, 30, 21]}, {"capacity": 628, "impossibleCargos": [2, 4, 7, 10, 12, 14], "neighbors": [28, 13, 31, 32, 3, 4, 19, 0]}, {"capacity": 845, "impossibleCargos": [1, 3, 6, 12, 13], "neighbors": [30, 18, 21, 1, 23, 9, 5]}, {"capacity": 381, "impossibleCargos": [0, 1, 2, 3, 6, 8, 9, 10, 13], "neighbors": [33, 16, 1, 5, 7, 3]}, {"capacity": 385, "impossibleCargos": [5, 6, 7, 10, 13], "neighbors": [1, 13, 15, 6, 12, 20, 4]}, {"capacity": 397, "impossibleCargos": [0, 2, 4, 5, 7, 12], "neighbors": [30, 24, 18, 21, 34, 8, 10, 9, 17, 3, 14, 33]}, {"capacity": 976, "impossibleCargos": [0, 1, 2, 3, 5, 6, 8, 11, 14], "neighbors": [11, 3, 34, 9, 17, 7]}, {"capacity": 613, "impossibleCargos": [1, 3, 7, 8, 11, 13, 14], "neighbors": [28, 25, 21, 13, 19, 3, 4, 23, 15, 5]}, {"capacity": 263, "impossibleCargos": [2, 10, 12, 13, 14], "neighbors": [7, 24, 20, 1, 22, 10, 32]}, {"capacity": 407, "impossibleCargos": [3, 4, 6, 7, 8, 12], "neighbors": [22, 12, 0, 24, 19, 13, 31]}, {"capacity": 924, "impossibleCargos": [3, 5, 7, 8, 10, 11, 14], "neighbors": [18, 20, 14, 26, 5, 9, 0, 10, 28]}, {"capacity": 818, "impossibleCargos": [0, 2, 3, 8, 10, 12, 13], "neighbors": [13, 12, 19, 7, 28, 14, 29, 11, 9]}]}