{"volumes": [1813, 1477, 1764, 1791, 2556, 205, 699, 1067, 739, 518, 0, 1340, 477, 796, 434], "conflicts": [[0, 10], [1, 10], [1, 14], [2, 9], [2, 12], [3, 10], [3, 13], [4, 10], [4, 14], [5, 6], [5, 10], [5, 13], [6, 8], [6, 9], [6, 10], [6, 12], [6, 13], [7, 10], [7, 11], [7, 13], [8, 10], [8, 14], [9, 14], [10, 11], [10, 13], [10, 14], [11, 14]], "tanks": [{"capacity": 841, "impossibleCargos": [0, 5, 8, 9, 11, 13, 14], "neighbors": [14, 32, 27, 22, 6, 12, 15, 30, 28]}, {"capacity": 457, "impossibleCargos": [2, 5, 9, 10, 13], "neighbors": [7, 25, 26, 17, 13]}, {"capacity": 805, "impossibleCargos": [0, 1, 2, 4, 6, 7, 9, 10, 11, 13, 14], "neighbors": [28, 9, 34, 8, 26, 16, 24, 20, 30, 31, 17]}, {"capacity": 277, "impossibleCargos": [4, 9, 10, 11, 13, 14], "neighbors": [13, 25, 14, 20, 16, 30, 29, 9]}, {"capacity": 776, "impossibleCargos": [2, 3, 4, 6, 8, 9, 10, 11, 12, 13, 14], "neighbors": [16, 15, 34, 13, 28, 19, 27, 21, 10, 20, 5, 8, 11, 9]}, {"capacity": 875, "impossibleCargos": [0, 2, 4, 5, 6, 7, 9, 12, 13], "neighbors": [31, 22, 34, 19, 4]}, {"capacity": 748, "impossibleCargos": [3, 5, 7, 8, 9, 11, 13], "neighbors": [31, 12, 0, 27, 34, 9, 16]}, {"capacity": 802, "impossibleCargos": [1, 4, 5, 6, 9, 10, 11, 14], "neighbors": [1, 28, 19, 10, 8, 23, 32, 20]}, {"capacity": 647, "impossibleCargos": [0, 2, 5, 7, 9, 13], "neighbors": [7, 2, 17, 31, 34, 21, 12, 4]}, {"capacity": 454, "impossibleCargos": [0, 2, 7, 8, 9, 10, 14], "neighbors": [2, 26, 16, 6, 14, 3, 28, 4, 18]}, {"capacity": 350, "impossibleCargos": [0, 2, 3, 5, 8, 9, 12, 13, 14], "neighbors": [7, 16, 34, 19, 4, 13, 24, 29]}, {"capacity": 749, "impossibleCargos": [0, 1, 3, 4, 5, 6, 7, 12], "neighbors": [27, 26, 19, 13, 4]}, {"capacity": 793, "impossibleCargos": [0, 1, 3, 5, 6, 8, 9, 10, 14], "neighbors": [30, 22, 6, 26, 25, 20, 14, 0, 34, 33, 8]}, {"capacity": 558, "impossibleCargos": [0, 1, 3, 11, 13], "neighbors": [14, 3, 4, 21, 17, 24, 10, 15, 11, 1]}, {"capacity": 331, "impossibleCargos": [2, 4, 5, 6, 7, 8, 9, 10, 12, 13], "neighbors": [13, 15, 0, 16, 23, 3, 26, 12, 22, 17, 28, 9]}, {"capacity": 841, "impossibleCargos": [0, 1, 2, 4, 7, 8, 10, 11, 12], "neighbors": [28, 14, 21, 4, 0, 13, 32, 26, 29]}, {"capacity": 583, "impossibleCargos": [1, 3, 7, 9, 10, 11, 12], "neighbors": [25, 30, 4, 14, 10, 9, 2, 3, 32, 6, 24]}, {"capacity": 227, "impossibleCargos": [1, 2, 5, 6, 9, 10, 11, 13, 14], "neighbors": [8, 20, 13, 25, 1, 23, 2, 14]}, {"capacity": 449, "impossibleCargos": [0, 2, 3, 5, 10], "neighbors": [21, 9]}, {"capacity": 265, "impossibleCargos": [0, 2, 3, 4, 7, 8, 9, 10, 12, 14], "neighbors": [34, 7, 26, 4, 5, 10, 25, 11, 32]}, {"capacity": 889, "impossibleCargos": [1, 5, 7, 8, 9, 12, 14], "neighbors": [33, 17, 12, 3, 2, 28, 29, 4, 7, 27]}, {"capacity": 651, "impossibleCargos": [1, 3, 4, 6, 8], "neighbors": [15, 25, 13, 8, 22, 4, 32, 18]}, {"capacity": 619, "impossibleCargos": [0, 1, 2, 3, 6, 8, 9, 12, 14], "neighbors": [5, 12, 0, 25, 21, 29, 14]}, {"capacity": 346, "impossibleCargos": [0, 3, 4, 5, 6, 7, 9, 10, 12, 14], "neighbors": [14, 7, 29, 17, 24, 25]}, {"capacity": 269, "impossibleCargos": [0, 1, 2, 3, 4, 6, 10, 12], "neighbors": [29, 32, 13, 2, 10, 23, 16]}, {"capacity": 878, "impossibleCargos": [3, 5, 6, 8, 9, 11, 12], "neighbors": [16, 21, 26, 3, 12, 1, 32, 22, 31, 19, 17, 23]}, {"capacity": 1000, "impossibleCargos": [5, 6, 8, 9, 10, 11, 12], "neighbors": [19, 25, 9, 11, 12, 2, 14, 1, 32, 15, 27]}, {"capacity": 831, "impossibleCargos": [1, 2, 3, 5, 8, 9, 13, 14], "neighbors": [11, 0, 6, 28, 4, 31, 30, 26, 20]}, {"capacity": 621, "impossibleCargos": [1, 2, 7, 8, 11, 13, 14], "neighbors": [15, 7, 2, 4, 30, 27, 20, 33, 0, 14, 9]}, {"capacity": 248, "impossibleCargos": [1, 6, 8, 9, 10, 11, 12], "neighbors": [24, 23, 22, 20, 10, 3, 15]}, {"capacity": 321, "impossibleCargos": [1, 3, 4, 5, 11, 13, 14], "neighbors": [12, 16, 28, 27, 2, 0, 3]}, {"capacity": 938, "impossibleCargos": [2, 3, 4, 12, 14], "neighbors": [32, 5, 6, 8, 33, 25, 27, 2, 34]}, {"capacity": 491, "impossibleCargos": [3, 5, 9, 10, 12, 13, 14], "neighbors": [31, 0, 24, 25, 7, 26, 16, 15, 21, 19]}, {"capacity": 347, "impossibleCargos": [2, 3, 9, 10, 12], "neighbors": [20, 31, 12, 28]}, {"capacity": 407, "impossibleCargos": [1, 7, 8, 9, 13], "neighbors": [19, 4, 2, 8, 10, 5, 12, 6, 31]}]}