{"volumes": [3258, 0, 255, 1976, 1120, 1909, 793, 562, 427, 1667, 1060, 185, 0, 721, 301], "conflicts": [[1, 2], [1, 8], [1, 11], [2, 4], [2, 7], [2, 12], [3, 12], [4, 13], [6, 12], [7, 8]], "tanks": [{"capacity": 399, "impossibleCargos": [6], "neighbors": [34, 9, 3, 23, 33, 4, 29, 13, 27, 21, 19, 14, 11, 24, 7]}, {"capacity": 590, "impossibleCargos": [3, 7, 9], "neighbors": [23, 14, 8, 3, 15, 28, 11, 7, 26, 34, 13, 24, 33, 17, 32]}, {"capacity": 361, "impossibleCargos": [0, 4, 7, 10, 13, 14], "neighbors": [30, 6, 16, 13, 11, 32, 5, 10, 19, 3, 25, 4, 21, 9]}, {"capacity": 326, "impossibleCargos": [7], "neighbors": [13, 33, 12, 21, 24, 8, 1, 0, 4, 11, 22, 28, 19, 2, 34, 9, 31, 10, 27, 14]}, {"capacity": 426, "impossibleCargos": [5, 7, 14], "neighbors": [18, 33, 22, 28, 19, 20, 24, 30, 3, 25, 9, 6, 7, 0, 16, 2, 23, 11, 21, 26, 14, 27, 34, 5]}, {"capacity": 814, "impossibleCargos": [4, 7, 12], "neighbors": [31, 33, 2, 15, 14, 7, 30, 25, 26, 17, 12, 11, 13, 4, 22, 6]}, {"capacity": 884, "impossibleCargos": [1], "neighbors": [2, 15, 22, 29, 24, 28, 10, 16, 4, 20, 11, 31, 21, 9, 26, 7, 17, 23, 27, 5]}, {"capacity": 411, "impossibleCargos": [6, 7, 9], "neighbors": [25, 26, 28, 23, 14, 15, 19, 34, 5, 10, 4, 29, 1, 11, 6, 33, 22, 0]}, {"capacity": 512, "impossibleCargos": [2, 4], "neighbors": [14, 19, 1, 3, 31, 17, 25, 30, 33, 15, 28, 27, 34, 10, 24, 26]}, {"capacity": 881, "impossibleCargos": [1, 4, 7], "neighbors": [13, 11, 19, 0, 12, 16, 20, 4, 14, 27, 15, 6, 29, 2, 24, 31, 22, 3, 30, 18]}, {"capacity": 469, "impossibleCargos": [0, 5, 9, 13, 14], "neighbors": [12, 27, 33, 30, 24, 31, 2, 6, 19, 21, 7, 14, 18, 16, 15, 8, 25, 3, 17]}, {"capacity": 212, "impossibleCargos": [3, 6, 13], "neighbors": [9, 2, 20, 12, 32, 21, 28, 27, 3, 33, 22, 6, 4, 1, 26, 5, 7, 14, 31, 0, 13, 34]}, {"capacity": 915, "impossibleCargos": [7, 12, 14], "neighbors": [10, 3, 11, 9, 24, 19, 30, 5, 23, 21, 17, 32, 26, 31, 34, 14]}, {"capacity": 902, "impossibleCargos": [2, 3, 4, 8], "neighbors": [3, 2, 28, 9, 16, 20, 17, 14, 24, 19, 21, 26, 30, 0, 18, 5, 1, 15, 31, 11, 29]}, {"capacity": 831, "impossibleCargos": [1, 7, 11, 13], "neighbors": [20, 18, 8, 32, 1, 5, 17, 13, 7, 29, 21, 24, 9, 10, 4, 11, 0, 12, 22, 3]}, {"capacity": 455, "impossibleCargos": [0, 6, 9, 10, 14], "neighbors": [6, 5, 17, 30, 7, 16, 1, 9, 8, 25, 22, 10, 27, 13, 23, 34]}, {"capacity": 509, "impossibleCargos": [3], "neighbors": [2, 13, 33, 31, 26, 6, 34, 9, 15, 4, 10, 27, 21]}, {"capacity": 735, "impossibleCargos": [1, 4, 9, 12], "neighbors": [34, 22, 15, 14, 13, 8, 33, 29, 5, 32, 12, 19, 18, 6, 20, 10, 1, 28, 30, 24]}, {"capacity": 841, "impossibleCargos": [3, 4, 7, 11, 14], "neighbors": [4, 14, 24, 25, 23, 30, 21, 29, 20, 10, 13, 17, 9]}, {"capacity": 551, "impossibleCargos": [3, 4, 7, 8, 9, 11, 13], "neighbors": [9, 8, 4, 26, 7, 20, 2, 13, 10, 12, 3, 17, 27, 0, 32, 30, 22]}, {"capacity": 222, "impossibleCargos": [1, 3, 8, 9, 14], "neighbors": [14, 11, 34, 29, 4, 13, 23, 19, 21, 9, 6, 18, 33, 17, 32, 28]}, {"capacity": 754, "impossibleCargos": [8], "neighbors": [3, 11, 31, 20, 14, 13, 10, 34, 18, 2, 6, 12, 4, 0, 26, 16]}, {"capacity": 516, "impossibleCargos": [7, 13, 14], "neighbors": [25, 6, 4, 29, 28, 17, 30, 27, 3, 11, 15, 9, 7, 5, 14, 19]}, {"capacity": 282, "impossibleCargos": [2, 4, 5, 7, 14], "neighbors": [32, 1, 26, 18, 20, 7, 0, 4, 12, 15, 6, 31]}, {"capacity": 264, "impossibleCargos": [7], "neighbors": [18, 6, 3, 4, 10, 31, 13, 25, 14, 12, 33, 9, 1, 8, 26, 0, 17]}, {"capacity": 423, "impossibleCargos": [9, 10, 13], "neighbors": [22, 7, 28, 18, 31, 33, 24, 29, 4, 8, 5, 2, 15, 10]}, {"capacity": 441, "impossibleCargos": [0, 4, 11], "neighbors": [28, 7, 23, 19, 34, 16, 29, 13, 5, 32, 6, 4, 11, 1, 12, 21, 8, 24]}, {"capacity": 550, "impossibleCargos": [6, 9], "neighbors": [10, 11, 22, 9, 19, 0, 34, 8, 15, 4, 16, 6, 33, 3]}, {"capacity": 776, "impossibleCargos": [0, 7], "neighbors": [13, 29, 25, 4, 22, 26, 11, 6, 7, 3, 32, 1, 8, 31, 20, 33, 17]}, {"capacity": 533, "impossibleCargos": [3, 14], "neighbors": [33, 28, 22, 6, 20, 25, 14, 26, 7, 18, 0, 17, 32, 9, 30, 13]}, {"capacity": 258, "impossibleCargos": [3, 4, 7, 12], "neighbors": [2, 32, 10, 15, 4, 18, 22, 5, 8, 34, 13, 12, 29, 31, 9, 19, 17]}, {"capacity": 234, "impossibleCargos": [2], "neighbors": [5, 25, 8, 24, 10, 21, 16, 6, 28, 34, 9, 30, 12, 13, 3, 11, 23]}, {"capacity": 375, "impossibleCargos": [4, 9], "neighbors": [23, 30, 2, 14, 11, 28, 29, 26, 34, 17, 12, 20, 19, 1]}, {"capacity": 857, "impossibleCargos": [2, 6], "neighbors": [29, 3, 4, 16, 10, 5, 25, 0, 11, 24, 8, 17, 20, 7, 27, 1, 28]}, {"capacity": 805, "impossibleCargos": [6, 11, 14], "neighbors": [0, 17, 20, 26, 7, 16, 21, 30, 32, 3, 31, 1, 27, 4, 8, 15, 12, 11]}]}