{"volumes": [1343, 552, 1098, 1008, 827, 374, 528, 640, 1548, 1867, 1182, 150, 0, 1166, 883], "conflicts": [[0, 6], [0, 11], [1, 12], [2, 12], [3, 5], [3, 12], [5, 12], [6, 12], [7, 12], [8, 11], [8, 12], [9, 12], [10, 12], [11, 12], [12, 13], [12, 14]], "tanks": [{"capacity": 331, "impossibleCargos": [4, 8, 11, 13], "neighbors": [34, 13, 5, 7, 10, 21, 2, 6, 20, 28, 1, 29, 4, 26, 22, 11, 33]}, {"capacity": 284, "impossibleCargos": [0, 3, 12], "neighbors": [2, 26, 12, 25, 18, 17, 0, 9, 31, 23, 4, 8, 6, 32, 33, 21, 7, 16]}, {"capacity": 272, "impossibleCargos": [1, 7, 8, 10, 12, 14], "neighbors": [14, 1, 28, 26, 15, 6, 13, 34, 18, 0, 12, 16, 21, 24, 22, 10, 27, 32, 9, 29, 19]}, {"capacity": 401, "impossibleCargos": [0, 10, 11, 14], "neighbors": [23, 32, 25, 12, 13, 8, 11, 7, 30, 24, 26, 18, 4, 19]}, {"capacity": 337, "impossibleCargos": [0, 3, 5, 9], "neighbors": [11, 27, 12, 9, 31, 19, 16, 28, 13, 1, 21, 0, 30, 20, 10, 24, 22, 17, 26, 3, 32, 34]}, {"capacity": 429, "impossibleCargos": [4, 5], "neighbors": [17, 26, 0, 31, 12, 29, 27, 32, 33, 22, 23, 13, 18, 10, 30, 11, 25, 6, 7]}, {"capacity": 967, "impossibleCargos": [1, 7, 10], "neighbors": [22, 8, 2, 7, 16, 0, 34, 28, 18, 20, 21, 14, 10, 1, 17, 5, 19]}, {"capacity": 798, "impossibleCargos": [0, 1], "neighbors": [28, 16, 0, 19, 30, 6, 10, 8, 3, 15, 32, 25, 23, 27, 33, 5, 12, 1]}, {"capacity": 229, "impossibleCargos": [6, 10, 13], "neighbors": [28, 24, 30, 6, 25, 3, 34, 26, 7, 23, 13, 33, 31, 1, 19, 15]}, {"capacity": 956, "impossibleCargos": [1, 7, 10], "neighbors": [12, 29, 4, 19, 21, 1, 24, 15, 17, 18, 20, 16, 2]}, {"capacity": 445, "impossibleCargos": [5], "neighbors": [17, 24, 29, 15, 25, 32, 23, 14, 20, 19, 7, 0, 11, 5, 18, 4, 13, 2, 6, 22, 34]}, {"capacity": 774, "impossibleCargos": [9], "neighbors": [4, 25, 14, 16, 33, 3, 32, 21, 10, 18, 17, 19, 30, 34, 12, 5, 0, 22]}, {"capacity": 230, "impossibleCargos": [2, 5, 10, 12], "neighbors": [9, 26, 1, 17, 4, 5, 3, 24, 32, 28, 15, 18, 31, 2, 11, 13, 23, 21, 7]}, {"capacity": 961, "impossibleCargos": [5, 7], "neighbors": [0, 32, 16, 19, 3, 2, 22, 5, 4, 8, 18, 10, 12, 30, 27, 25, 29]}, {"capacity": 278, "impossibleCargos": [2, 4, 9], "neighbors": [2, 21, 29, 11, 32, 10, 28, 30, 22, 19, 31, 6, 34, 16]}, {"capacity": 833, "impossibleCargos": [5, 7, 9], "neighbors": [10, 2, 24, 29, 17, 12, 30, 33, 9, 7, 31, 18, 8, 23]}, {"capacity": 297, "impossibleCargos": [0, 1, 8], "neighbors": [22, 7, 11, 13, 4, 6, 2, 32, 25, 24, 30, 23, 33, 9, 14, 1]}, {"capacity": 860, "impossibleCargos": [10], "neighbors": [5, 10, 12, 20, 15, 32, 1, 11, 19, 21, 9, 24, 4, 6, 22]}, {"capacity": 220, "impossibleCargos": [2, 4, 5, 10], "neighbors": [33, 25, 28, 2, 1, 12, 26, 34, 5, 11, 13, 10, 21, 6, 9, 15, 3, 30, 29]}, {"capacity": 756, "impossibleCargos": [5, 10], "neighbors": [13, 26, 7, 31, 10, 4, 9, 29, 23, 11, 17, 28, 14, 20, 33, 32, 8, 25, 24, 2, 3, 6]}, {"capacity": 579, "impossibleCargos": [9, 13], "neighbors": [17, 25, 10, 27, 0, 23, 4, 6, 19, 9, 24, 34]}, {"capacity": 896, "impossibleCargos": [2, 11, 13], "neighbors": [14, 26, 25, 32, 27, 0, 9, 11, 28, 4, 33, 17, 18, 2, 6, 34, 12, 1]}, {"capacity": 541, "impossibleCargos": [0, 5, 7, 12], "neighbors": [6, 16, 30, 27, 5, 13, 14, 26, 2, 0, 4, 10, 17, 25, 11]}, {"capacity": 688, "impossibleCargos": [1, 3, 8, 9, 11], "neighbors": [25, 3, 28, 10, 30, 5, 27, 8, 32, 20, 29, 19, 1, 34, 16, 7, 12, 15]}, {"capacity": 838, "impossibleCargos": [4, 5, 10, 13], "neighbors": [10, 8, 15, 12, 26, 9, 2, 4, 17, 16, 3, 20, 19]}, {"capacity": 245, "impossibleCargos": [2, 6], "neighbors": [21, 11, 27, 23, 3, 10, 20, 8, 28, 18, 1, 16, 30, 7, 5, 19, 13, 22]}, {"capacity": 873, "impossibleCargos": [0, 1, 3, 6, 10, 11], "neighbors": [31, 21, 1, 5, 12, 2, 19, 28, 8, 33, 29, 18, 24, 22, 0, 3, 4, 34]}, {"capacity": 556, "impossibleCargos": [3, 4, 11, 12], "neighbors": [25, 31, 4, 22, 5, 21, 20, 23, 33, 29, 30, 2, 13, 7, 28, 32]}, {"capacity": 643, "impossibleCargos": [6, 12], "neighbors": [8, 2, 7, 23, 25, 18, 26, 14, 30, 12, 4, 0, 21, 6, 19, 31, 32, 27, 29]}, {"capacity": 298, "impossibleCargos": [5, 7], "neighbors": [14, 10, 9, 15, 5, 19, 26, 0, 23, 27, 2, 13, 28, 18]}, {"capacity": 911, "impossibleCargos": [0, 2, 3, 7, 12, 13, 14], "neighbors": [8, 22, 7, 33, 23, 28, 14, 15, 11, 4, 5, 25, 3, 13, 27, 16, 34, 18]}, {"capacity": 334, "impossibleCargos": [1, 2, 5, 8, 10, 12, 13], "neighbors": [26, 34, 5, 27, 33, 4, 19, 12, 1, 8, 28, 15, 14]}, {"capacity": 680, "impossibleCargos": [0, 6, 9], "neighbors": [13, 3, 21, 14, 10, 5, 12, 17, 11, 23, 7, 34, 16, 1, 19, 2, 28, 4, 27]}, {"capacity": 607, "impossibleCargos": [7, 9, 10], "neighbors": [18, 31, 11, 5, 30, 26, 34, 15, 8, 21, 27, 19, 16, 1, 7, 0]}, {"capacity": 307, "impossibleCargos": [5, 7, 8, 13], "neighbors": [0, 31, 8, 2, 6, 33, 18, 11, 23, 32, 21, 14, 26, 20, 10, 30, 4]}]}