{"volumes": [700, 226, 1199, 1473, 1759, 1563, 523, 520, 2742, 2422, 0, 629, 1437, 1143, 1524], "conflicts": [[0, 6], [0, 10], [0, 11], [0, 13], [1, 7], [1, 10], [2, 10], [3, 10], [4, 10], [5, 10], [6, 11], [7, 10], [9, 10], [10, 11], [10, 12], [10, 13], [10, 14]], "tanks": [{"capacity": 944, "impossibleCargos": [7, 8, 9, 10], "neighbors": [19, 17, 14, 27, 3, 12, 25, 18, 29, 31, 33, 16, 30, 24, 23]}, {"capacity": 641, "impossibleCargos": [0, 3, 12], "neighbors": [20, 29, 13, 27, 23, 7, 4, 5, 17, 19, 26, 10, 32, 6]}, {"capacity": 824, "impossibleCargos": [11], "neighbors": [28, 33, 8, 4, 27, 31, 25, 29, 3, 9, 23]}, {"capacity": 472, "impossibleCargos": [0, 4, 5, 8, 9], "neighbors": [24, 33, 31, 7, 10, 14, 0, 29, 21, 2, 28, 5, 19, 22, 8, 17]}, {"capacity": 254, "impossibleCargos": [2, 4, 6, 13], "neighbors": [8, 24, 9, 7, 18, 2, 6, 16, 10, 13, 1, 33, 11, 30, 15, 26, 22, 21, 19, 28, 20]}, {"capacity": 956, "impossibleCargos": [4, 6, 10], "neighbors": [20, 15, 30, 1, 28, 26, 31, 19, 17, 10, 12, 29, 22, 3, 13, 6, 18, 16]}, {"capacity": 966, "impossibleCargos": [1, 2, 5, 14], "neighbors": [19, 7, 12, 28, 16, 4, 8, 17, 9, 24, 21, 34, 23, 26, 25, 10, 5, 14, 1]}, {"capacity": 590, "impossibleCargos": [4, 5], "neighbors": [10, 30, 13, 24, 4, 6, 3, 9, 1, 8, 16, 33, 17, 28, 27, 22, 12, 26]}, {"capacity": 742, "impossibleCargos": [0, 6, 9, 10], "neighbors": [4, 12, 34, 2, 27, 18, 30, 24, 10, 16, 6, 21, 22, 7, 33, 26, 31, 15, 19, 28, 3]}, {"capacity": 777, "impossibleCargos": [0, 1, 3, 5, 6, 9], "neighbors": [17, 11, 15, 4, 19, 7, 6, 12, 16, 28, 10, 18, 27, 2]}, {"capacity": 762, "impossibleCargos": [2, 3, 10], "neighbors": [7, 27, 20, 34, 3, 8, 4, 24, 15, 11, 12, 17, 5, 9, 13, 21, 25, 30, 32, 6, 1, 23, 22]}, {"capacity": 737, "impossibleCargos": [1, 2, 3, 10], "neighbors": [20, 9, 29, 27, 30, 34, 19, 18, 22, 4, 16, 10, 14, 28, 21, 23, 17]}, {"capacity": 887, "impossibleCargos": [1, 2, 7, 11, 13], "neighbors": [8, 15, 13, 19, 24, 6, 17, 34, 0, 9, 25, 30, 10, 5, 20, 7, 23]}, {"capacity": 269, "impossibleCargos": [3, 6, 13, 14], "neighbors": [24, 29, 15, 12, 7, 32, 22, 1, 4, 31, 25, 10, 21, 17, 20, 5, 34]}, {"capacity": 608, "impossibleCargos": [5, 14], "neighbors": [18, 32, 0, 3, 22, 11, 17, 21, 20, 6]}, {"capacity": 686, "impossibleCargos": [1, 2, 8, 9], "neighbors": [12, 13, 5, 23, 9, 21, 19, 30, 27, 4, 28, 10, 34, 20, 8, 25]}, {"capacity": 773, "impossibleCargos": [10, 13], "neighbors": [30, 18, 34, 23, 8, 6, 4, 31, 26, 11, 32, 7, 9, 0, 19, 29, 27, 5, 33]}, {"capacity": 391, "impossibleCargos": [0, 9, 10], "neighbors": [0, 9, 29, 21, 12, 30, 6, 22, 7, 5, 23, 10, 1, 14, 25, 24, 13, 11, 3, 31]}, {"capacity": 217, "impossibleCargos": [5, 8], "neighbors": [29, 16, 8, 14, 30, 32, 4, 11, 23, 34, 28, 22, 0, 9, 25, 20, 5]}, {"capacity": 328, "impossibleCargos": [1, 7, 8, 9, 13], "neighbors": [0, 31, 12, 6, 9, 32, 15, 11, 25, 24, 21, 22, 5, 1, 27, 3, 23, 16, 8, 28, 4, 29, 34]}, {"capacity": 798, "impossibleCargos": [1, 12, 14], "neighbors": [11, 31, 5, 1, 10, 21, 29, 26, 12, 15, 13, 18, 34, 14, 33, 4]}, {"capacity": 900, "impossibleCargos": [2, 3, 12], "neighbors": [17, 15, 22, 26, 8, 20, 6, 3, 19, 25, 34, 10, 13, 4, 14, 11, 27, 33]}, {"capacity": 631, "impossibleCargos": [0, 4, 6, 13], "neighbors": [29, 13, 24, 21, 32, 26, 11, 8, 14, 17, 19, 18, 33, 5, 7, 4, 3, 28, 10]}, {"capacity": 995, "impossibleCargos": [9, 11, 12, 13], "neighbors": [15, 26, 16, 27, 29, 31, 1, 18, 6, 33, 17, 19, 11, 10, 32, 12, 2, 0]}, {"capacity": 908, "impossibleCargos": [0, 1, 4], "neighbors": [13, 4, 3, 33, 12, 7, 8, 22, 30, 6, 28, 19, 10, 26, 17, 0]}, {"capacity": 774, "impossibleCargos": [7, 10], "neighbors": [19, 12, 2, 21, 0, 29, 13, 17, 10, 15, 6, 18, 33]}, {"capacity": 773, "impossibleCargos": [4, 6], "neighbors": [23, 33, 21, 16, 22, 27, 5, 24, 8, 28, 4, 20, 6, 1, 7]}, {"capacity": 676, "impossibleCargos": [6, 8], "neighbors": [8, 10, 23, 11, 33, 1, 32, 0, 30, 31, 2, 26, 15, 7, 19, 21, 9, 16]}, {"capacity": 313, "impossibleCargos": [5, 6, 9], "neighbors": [2, 29, 6, 24, 5, 15, 18, 9, 26, 7, 3, 11, 34, 22, 30, 19, 4, 8]}, {"capacity": 675, "impossibleCargos": [1, 2, 3, 13], "neighbors": [13, 18, 28, 30, 22, 11, 1, 17, 23, 3, 20, 2, 33, 25, 31, 0, 5, 16, 19]}, {"capacity": 886, "impossibleCargos": [1, 3, 11, 13], "neighbors": [16, 29, 7, 5, 18, 8, 11, 27, 17, 24, 32, 15, 4, 12, 10, 0, 28, 33]}, {"capacity": 236, "impossibleCargos": [7], "neighbors": [20, 19, 3, 23, 16, 27, 2, 13, 5, 29, 8, 0, 32, 17]}, {"capacity": 627, "impossibleCargos": [2, 8], "neighbors": [13, 19, 18, 33, 14, 27, 22, 30, 16, 10, 31, 1, 23]}, {"capacity": 812, "impossibleCargos": [0, 2, 11], "neighbors": [2, 24, 3, 32, 27, 26, 4, 7, 23, 8, 29, 22, 0, 21, 34, 20, 30, 25, 16]}, {"capacity": 391, "impossibleCargos": [5, 9, 10, 11, 13], "neighbors": [8, 16, 10, 12, 11, 6, 21, 18, 15, 28, 33, 20, 13, 19]}]}