{"volumes": [1733, 744, 2074, 1429, 0, 953, 928, 1360, 1523, 1210, 1199, 1113, 1042, 675, 858], "conflicts": [[1, 14], [4, 10], [10, 11]], "tanks": [{"capacity": 968, "impossibleCargos": [1, 3, 6, 7, 11, 13, 14], "neighbors": [6, 1, 3, 21, 28, 2, 22, 10, 30, 19, 31, 12, 24, 33, 9, 7, 34]}, {"capacity": 289, "impossibleCargos": [0, 2, 6, 8, 13, 14], "neighbors": [29, 0, 8, 12, 17, 24, 30, 5, 4, 31, 16, 33, 25, 2, 15, 14, 18]}, {"capacity": 756, "impossibleCargos": [3, 5, 6, 7, 10, 11, 13, 14], "neighbors": [18, 23, 9, 19, 13, 31, 24, 29, 14, 34, 21, 11, 16, 12, 0, 27, 1, 26, 6, 28, 17, 7, 30]}, {"capacity": 699, "impossibleCargos": [0, 1, 3, 7, 8, 9, 12, 13, 14], "neighbors": [18, 12, 28, 11, 23, 0, 21, 19, 13, 4, 9, 33, 32]}, {"capacity": 671, "impossibleCargos": [1, 2, 4, 5, 11, 13, 14], "neighbors": [28, 19, 6, 9, 24, 11, 1, 5, 10, 21, 13, 3, 31, 27, 33, 26]}, {"capacity": 389, "impossibleCargos": [0, 1, 2, 4, 6, 8, 9, 10, 13], "neighbors": [19, 9, 17, 16, 11, 21, 7, 1, 24, 4, 34, 28, 27, 6, 30, 20]}, {"capacity": 768, "impossibleCargos": [0, 4, 5, 9, 14], "neighbors": [27, 0, 19, 8, 12, 10, 4, 25, 2, 5, 30, 11]}, {"capacity": 802, "impossibleCargos": [0, 1, 4, 6, 7, 8, 9, 12, 14], "neighbors": [16, 33, 17, 20, 9, 5, 10, 12, 18, 25, 23, 24, 30, 22, 2, 29, 0]}, {"capacity": 230, "impossibleCargos": [0, 3, 13], "neighbors": [11, 21, 6, 10, 1, 15, 28, 16, 23, 27, 31, 30, 19, 29, 14]}, {"capacity": 463, "impossibleCargos": [0, 1, 5, 6, 8, 9, 11, 12], "neighbors": [5, 2, 33, 7, 21, 4, 20, 11, 13, 29, 25, 23, 16, 17, 0, 3, 30]}, {"capacity": 260, "impossibleCargos": [0, 1, 5, 6, 8, 10, 12, 13, 14], "neighbors": [11, 28, 8, 6, 13, 26, 14, 21, 7, 4, 31, 0, 22, 20, 29, 32, 30]}, {"capacity": 523, "impossibleCargos": [0, 3, 5, 6, 8, 11, 12, 13, 14], "neighbors": [8, 33, 10, 13, 5, 32, 25, 21, 3, 4, 16, 9, 2, 27, 6, 12, 34]}, {"capacity": 776, "impossibleCargos": [4, 5, 6, 8, 12], "neighbors": [33, 19, 28, 25, 3, 6, 1, 20, 14, 7, 26, 2, 32, 27, 0, 30, 15, 23, 31, 11, 16]}, {"capacity": 792, "impossibleCargos": [1, 3, 8, 11], "neighbors": [15, 11, 2, 16, 10, 9, 22, 19, 4, 34, 3, 28, 31, 27, 30]}, {"capacity": 956, "impossibleCargos": [3, 4, 10, 11, 13], "neighbors": [26, 17, 23, 34, 2, 10, 32, 12, 25, 30, 28, 18, 29, 24, 1, 20, 8]}, {"capacity": 834, "impossibleCargos": [0, 3, 7, 14], "neighbors": [26, 13, 31, 17, 33, 8, 18, 29, 28, 30, 20, 23, 1, 12]}, {"capacity": 851, "impossibleCargos": [1, 2, 3, 5, 8, 9, 10, 13, 14], "neighbors": [25, 7, 19, 5, 13, 33, 28, 27, 11, 2, 1, 9, 8, 22, 21, 34, 31, 12]}, {"capacity": 296, "impossibleCargos": [0, 1, 3, 4, 5, 6, 7, 8, 11], "neighbors": [24, 23, 5, 14, 21, 15, 7, 34, 1, 32, 33, 31, 26, 9, 2, 27]}, {"capacity": 819, "impossibleCargos": [3, 6, 9, 10, 11, 14], "neighbors": [2, 31, 25, 3, 22, 34, 15, 29, 20, 7, 14, 23, 1, 21]}, {"capacity": 706, "impossibleCargos": [3, 5, 9, 12, 13], "neighbors": [5, 31, 16, 6, 12, 26, 2, 25, 4, 22, 27, 24, 23, 13, 0, 30, 34, 3, 29, 8]}, {"capacity": 296, "impossibleCargos": [3, 4, 5, 6, 9, 10, 12], "neighbors": [7, 12, 29, 9, 25, 18, 30, 23, 15, 21, 28, 10, 32, 27, 14, 33, 5, 22]}, {"capacity": 358, "impossibleCargos": [0, 2, 5, 7, 10, 11, 14], "neighbors": [8, 32, 17, 23, 26, 5, 11, 9, 10, 2, 24, 4, 0, 34, 31, 3, 20, 29, 27, 25, 16, 18]}, {"capacity": 405, "impossibleCargos": [3, 5, 7, 9, 12, 14], "neighbors": [27, 18, 19, 28, 29, 23, 25, 32, 13, 0, 10, 16, 7, 24, 20, 31]}, {"capacity": 371, "impossibleCargos": [1, 3, 4, 6, 7, 9, 11, 13, 14], "neighbors": [17, 2, 14, 21, 3, 22, 19, 9, 20, 30, 31, 15, 8, 18, 28, 7, 24, 32, 12]}, {"capacity": 692, "impossibleCargos": [1, 2, 3, 4, 12, 13, 14], "neighbors": [17, 34, 2, 1, 33, 30, 4, 19, 5, 21, 7, 14, 0, 23, 22, 28]}, {"capacity": 956, "impossibleCargos": [1, 3, 7, 8, 10, 13], "neighbors": [16, 18, 19, 12, 11, 22, 28, 20, 14, 9, 1, 7, 6, 27, 21, 31]}, {"capacity": 949, "impossibleCargos": [0, 2, 3, 4, 5, 9], "neighbors": [15, 14, 19, 21, 10, 12, 30, 29, 17, 2, 33, 4]}, {"capacity": 954, "impossibleCargos": [1, 2, 3, 7, 9, 12, 13], "neighbors": [6, 29, 22, 34, 19, 16, 28, 11, 30, 2, 12, 21, 5, 8, 25, 20, 13, 4, 17]}, {"capacity": 679, "impossibleCargos": [0, 1, 4, 6, 7, 8, 12], "neighbors": [4, 12, 10, 3, 22, 16, 15, 25, 27, 8, 0, 14, 31, 29, 13, 20, 5, 23, 2, 24]}, {"capacity": 673, "impossibleCargos": [0, 1, 3, 6, 9, 11, 14], "neighbors": [27, 1, 31, 22, 2, 20, 15, 18, 9, 26, 28, 14, 21, 10, 33, 19, 7, 8]}, {"capacity": 752, "impossibleCargos": [0, 3, 7, 10, 12], "neighbors": [24, 1, 14, 20, 27, 26, 15, 23, 0, 19, 34, 32, 12, 7, 5, 13, 6, 9, 8, 10, 2]}, {"capacity": 822, "impossibleCargos": [3, 5, 7, 10, 13, 14], "neighbors": [19, 15, 29, 18, 2, 17, 1, 28, 10, 21, 23, 0, 32, 13, 8, 4, 12, 25, 16, 22]}, {"capacity": 408, "impossibleCargos": [1, 3, 5, 6, 9, 10], "neighbors": [21, 33, 11, 17, 14, 22, 12, 31, 34, 30, 20, 10, 23, 3]}, {"capacity": 398, "impossibleCargos": [1, 3, 5, 9, 14], "neighbors": [11, 12, 7, 32, 15, 9, 16, 24, 17, 1, 26, 29, 0, 20, 4, 3]}, {"capacity": 451, "impossibleCargos": [2, 3, 5, 13], "neighbors": [24, 14, 17, 18, 27, 2, 5, 21, 13, 30, 19, 32, 11, 16, 0]}]}