{"volumes": [1168, 879, 657, 498, 481, 1056, 1080, 1549, 1263, 0, 362, 780, 1708, 2012, 496], "conflicts": [[0, 9], [1, 9], [2, 9], [2, 14], [4, 9], [5, 10], [7, 9], [8, 9], [9, 11], [9, 13], [9, 14]], "tanks": [{"capacity": 580, "impossibleCargos": [1, 2, 3, 5, 6, 8, 12, 13, 14], "neighbors": [1, 9, 34, 11, 24, 28, 25, 17, 16, 7, 13, 4, 18, 22]}, {"capacity": 909, "impossibleCargos": [1, 3, 4, 5, 6, 7, 9, 10, 12, 14], "neighbors": [0, 24, 10, 20, 15, 25, 30, 34, 26, 33, 23, 11, 9, 6, 4, 19, 22, 18, 21]}, {"capacity": 512, "impossibleCargos": [0, 4, 7, 9, 12, 13], "neighbors": [6, 30, 15, 27, 4, 12, 19, 3, 16, 11, 21, 14, 29, 17, 26]}, {"capacity": 679, "impossibleCargos": [0, 4, 6, 7, 9, 10, 12], "neighbors": [16, 17, 10, 32, 33, 29, 22, 21, 8, 27, 34, 2, 14, 5, 18, 4, 25, 28]}, {"capacity": 517, "impossibleCargos": [7, 9, 14], "neighbors": [19, 33, 24, 32, 34, 31, 14, 18, 2, 15, 16, 1, 7, 6, 3, 0]}, {"capacity": 645, "impossibleCargos": [0, 2, 4, 6, 7, 8, 11, 12], "neighbors": [30, 9, 10, 25, 7, 21, 20, 31, 34, 15, 29, 14, 12, 32, 3, 8]}, {"capacity": 648, "impossibleCargos": [6, 9, 10, 12], "neighbors": [2, 34, 17, 33, 9, 19, 27, 30, 21, 28, 18, 11, 31, 1, 8, 4, 14, 7, 20]}, {"capacity": 221, "impossibleCargos": [3, 5, 6, 7, 11, 12, 13], "neighbors": [34, 11, 33, 13, 10, 5, 15, 29, 12, 22, 18, 28, 16, 21, 19, 0, 4, 25, 27, 6]}, {"capacity": 642, "impossibleCargos": [1, 3, 5, 9, 10, 14], "neighbors": [19, 32, 20, 17, 3, 33, 31, 27, 6, 5, 10, 34, 9, 29, 11]}, {"capacity": 869, "impossibleCargos": [2, 4, 11, 12, 13, 14], "neighbors": [5, 0, 6, 32, 28, 10, 1, 24, 29, 21, 8, 22, 34, 18]}, {"capacity": 738, "impossibleCargos": [0, 4, 7, 9, 10], "neighbors": [1, 5, 3, 7, 29, 26, 14, 34, 9, 24, 8, 33, 19, 30, 22]}, {"capacity": 579, "impossibleCargos": [1, 2, 3, 5, 6, 7, 10, 12, 13, 14], "neighbors": [7, 0, 21, 15, 16, 25, 27, 13, 6, 18, 26, 1, 30, 2, 29, 23, 33, 8]}, {"capacity": 240, "impossibleCargos": [0, 2, 4, 5, 6, 8, 10, 11, 13], "neighbors": [18, 23, 21, 22, 7, 13, 2, 33, 5, 19, 24, 29, 16, 30, 32, 17]}, {"capacity": 647, "impossibleCargos": [0, 1, 4, 5, 6, 9, 11, 12, 13, 14], "neighbors": [22, 7, 34, 20, 28, 26, 14, 11, 12, 24, 15, 27, 0, 23, 29]}, {"capacity": 245, "impossibleCargos": [2, 4, 5, 8, 10, 11, 13, 14], "neighbors": [26, 20, 33, 24, 4, 13, 10, 30, 3, 31, 5, 32, 2, 6, 15, 25]}, {"capacity": 702, "impossibleCargos": [0, 2, 4, 5, 6, 7, 8, 10, 11, 13], "neighbors": [1, 7, 11, 19, 2, 20, 5, 23, 32, 30, 4, 16, 18, 27, 13, 31, 14, 17]}, {"capacity": 518, "impossibleCargos": [0, 2, 5, 9, 10, 12], "neighbors": [3, 20, 23, 24, 28, 11, 0, 17, 15, 4, 2, 7, 25, 21, 29, 12]}, {"capacity": 416, "impossibleCargos": [0, 4, 11, 12], "neighbors": [3, 6, 22, 25, 26, 8, 33, 0, 16, 30, 34, 31, 28, 2, 15, 18, 12, 21]}, {"capacity": 693, "impossibleCargos": [1, 2, 6, 7, 12, 14], "neighbors": [26, 12, 29, 30, 24, 6, 4, 7, 11, 15, 31, 3, 1, 19, 17, 9, 0]}, {"capacity": 361, "impossibleCargos": [0, 2, 3, 7, 10, 11, 12, 13], "neighbors": [4, 34, 15, 6, 25, 8, 22, 20, 2, 7, 1, 12, 10, 31, 29, 18, 23, 28]}, {"capacity": 297, "impossibleCargos": [2, 8, 9, 12], "neighbors": [23, 14, 1, 32, 13, 16, 5, 31, 15, 33, 34, 8, 21, 27, 19, 28, 6]}, {"capacity": 699, "impossibleCargos": [1, 3, 5, 6, 9, 10, 13], "neighbors": [25, 11, 32, 5, 34, 28, 3, 6, 12, 23, 22, 26, 20, 31, 7, 2, 24, 16, 9, 1, 30, 17]}, {"capacity": 359, "impossibleCargos": [0, 2, 6, 8, 9, 10, 11, 12, 14], "neighbors": [13, 28, 17, 30, 26, 3, 12, 21, 19, 7, 25, 1, 10, 9, 0]}, {"capacity": 610, "impossibleCargos": [2, 4, 6, 10, 14], "neighbors": [27, 20, 12, 16, 21, 15, 1, 25, 13, 11, 24, 32, 19]}, {"capacity": 582, "impossibleCargos": [1, 5, 7, 8, 10, 11, 14], "neighbors": [1, 26, 4, 33, 0, 14, 31, 18, 32, 16, 29, 30, 13, 10, 9, 21, 12, 27, 23, 28]}, {"capacity": 518, "impossibleCargos": [1, 2, 5, 9, 10], "neighbors": [21, 28, 5, 29, 32, 1, 17, 19, 0, 27, 26, 11, 22, 23, 16, 31, 7, 3, 14]}, {"capacity": 485, "impossibleCargos": [0, 2, 8, 12, 13, 14], "neighbors": [14, 18, 24, 30, 31, 27, 1, 22, 32, 17, 25, 21, 13, 10, 11, 28, 33, 2]}, {"capacity": 532, "impossibleCargos": [3, 7, 8, 14], "neighbors": [23, 33, 26, 6, 25, 2, 20, 11, 3, 8, 15, 13, 30, 7, 24]}, {"capacity": 373, "impossibleCargos": [0, 1, 6, 11, 12, 13, 14], "neighbors": [32, 34, 25, 22, 0, 13, 21, 16, 6, 9, 30, 7, 26, 17, 20, 3, 33, 24, 19]}, {"capacity": 624, "impossibleCargos": [0, 1, 2, 3, 8, 9, 10, 13, 14], "neighbors": [18, 25, 3, 7, 10, 24, 33, 5, 9, 11, 16, 2, 12, 8, 19, 13]}, {"capacity": 322, "impossibleCargos": [3, 4, 5, 11], "neighbors": [5, 26, 2, 18, 1, 33, 22, 6, 31, 24, 15, 28, 14, 11, 17, 27, 10, 21, 12]}, {"capacity": 488, "impossibleCargos": [0, 2, 5, 7, 10, 12, 13, 14], "neighbors": [26, 4, 34, 24, 5, 20, 30, 21, 8, 6, 18, 15, 14, 17, 25, 19]}, {"capacity": 511, "impossibleCargos": [0, 1, 4, 5, 8, 10, 11, 13, 14], "neighbors": [28, 4, 3, 20, 25, 33, 21, 26, 24, 8, 9, 15, 14, 5, 12, 23]}, {"capacity": 957, "impossibleCargos": [0, 1, 2, 3, 4, 8, 14], "neighbors": [7, 4, 27, 3, 6, 32, 24, 14, 30, 1, 20, 17, 8, 29, 12, 10, 26, 11, 28]}, {"capacity": 577, "impossibleCargos": [1, 3, 5, 7, 8, 9, 10], "neighbors": [7, 6, 28, 13, 0, 4, 1, 19, 31, 21, 5, 20, 10, 3, 17, 8, 9]}]}