{"volumes": [1709, 153, 1397, 1204, 504, 1724, 374, 1174, 1434, 1120, 1649, 894, 957, 1519, 1246], "conflicts": [[0, 4], [1, 3], [1, 4], [1, 8], [4, 13]], "tanks": [{"capacity": 370, "impossibleCargos": [1, 5, 7, 9, 11, 14], "neighbors": [24, 28, 21, 9, 5, 3, 19, 31, 8, 15, 14, 29, 26, 16, 25, 18, 20, 11, 32, 6, 10]}, {"capacity": 781, "impossibleCargos": [0, 4, 5, 9, 10, 11, 12], "neighbors": [32, 23, 21, 2, 22, 20, 11, 16, 26, 19, 29, 9, 30, 12, 4]}, {"capacity": 775, "impossibleCargos": [1, 2, 3, 7, 9, 10, 11, 13], "neighbors": [28, 9, 31, 1, 7, 33, 5, 15, 8, 23, 24, 27, 12, 26]}, {"capacity": 688, "impossibleCargos": [1, 2, 4, 5, 8, 10, 11, 12, 14], "neighbors": [28, 14, 0, 10, 25, 31, 18, 9, 6, 24, 16, 22, 30, 21, 27, 8]}, {"capacity": 595, "impossibleCargos": [0, 2, 3, 4, 5, 6, 7, 9, 12, 13], "neighbors": [19, 25, 8, 30, 22, 11, 34, 32, 5, 29, 33, 1]}, {"capacity": 526, "impossibleCargos": [0, 1, 2, 6, 8, 9, 12, 13, 14], "neighbors": [33, 15, 26, 17, 0, 11, 2, 34, 21, 27, 8, 23, 20, 19, 22, 4, 16, 29, 14]}, {"capacity": 735, "impossibleCargos": [0, 1, 2, 3, 7, 9, 10, 11, 12, 13, 14], "neighbors": [27, 7, 14, 11, 31, 3, 20, 16, 30, 23, 12, 25, 15, 19, 0]}, {"capacity": 650, "impossibleCargos": [0, 1, 2, 4, 5, 7, 8, 10, 11], "neighbors": [33, 30, 28, 17, 6, 25, 34, 29, 2, 31, 21, 11, 15, 22, 9, 18]}, {"capacity": 486, "impossibleCargos": [0, 3, 5, 6, 7, 8, 10, 13, 14], "neighbors": [22, 21, 4, 16, 20, 0, 5, 2, 9, 17, 14, 33, 3]}, {"capacity": 914, "impossibleCargos": [1, 3, 4, 5, 6, 7, 8, 9, 10, 11], "neighbors": [16, 29, 0, 2, 26, 20, 14, 30, 27, 17, 28, 34, 3, 8, 33, 1, 21, 31, 23, 15, 7]}, {"capacity": 670, "impossibleCargos": [1, 3, 4, 5, 6, 8, 11, 12, 13], "neighbors": [15, 20, 11, 16, 33, 3, 30, 31, 34, 29, 28, 21, 22, 26, 32, 0]}, {"capacity": 586, "impossibleCargos": [0, 1, 2, 3, 4, 5, 6, 8, 9, 10, 11, 12, 14], "neighbors": [26, 25, 5, 29, 31, 10, 12, 1, 4, 20, 6, 13, 33, 23, 7, 17, 22, 19, 0]}, {"capacity": 656, "impossibleCargos": [0, 1, 2, 3, 4, 5, 6, 7, 11, 13, 14], "neighbors": [18, 20, 11, 21, 26, 19, 28, 25, 15, 16, 6, 31, 2, 23, 1, 32]}, {"capacity": 707, "impossibleCargos": [2, 6, 8, 9, 10, 11, 12, 13, 14], "neighbors": [23, 26, 29, 11, 19, 30, 15, 28, 21, 27, 25, 14]}, {"capacity": 403, "impossibleCargos": [0, 1, 3, 4, 7, 8, 9, 11, 12, 13], "neighbors": [28, 3, 9, 15, 31, 6, 0, 20, 33, 32, 19, 23, 8, 13, 5, 18]}, {"capacity": 453, "impossibleCargos": [0, 2, 3, 4, 5, 6, 7, 8, 9, 11, 12, 13], "neighbors": [18, 5, 32, 10, 16, 14, 2, 0, 28, 23, 17, 27, 13, 12, 29, 34, 31, 24, 7, 9, 6]}, {"capacity": 639, "impossibleCargos": [0, 1, 2, 3, 4, 5, 7, 9, 10, 11, 12, 13, 14], "neighbors": [9, 21, 25, 10, 22, 15, 8, 17, 1, 29, 33, 24, 0, 6, 3, 28, 12, 34, 5, 18, 20, 23, 31]}, {"capacity": 973, "impossibleCargos": [0, 1, 2, 3, 4, 5, 6, 8, 11, 12, 14], "neighbors": [5, 7, 33, 19, 23, 16, 24, 9, 11, 28, 15, 8, 26, 31, 22, 21]}, {"capacity": 735, "impossibleCargos": [0, 1, 3, 4, 5, 6, 8, 9, 11, 12, 13, 14], "neighbors": [15, 30, 12, 29, 28, 26, 31, 3, 25, 27, 24, 0, 33, 16, 7, 14]}, {"capacity": 408, "impossibleCargos": [1, 3, 4, 5, 6, 7, 8, 9, 10, 12, 14], "neighbors": [4, 17, 0, 23, 26, 30, 1, 20, 29, 13, 12, 25, 5, 21, 14, 11, 34, 6, 33]}, {"capacity": 951, "impossibleCargos": [1, 2, 3, 4, 6, 7, 8, 9, 10, 11, 12, 13], "neighbors": [27, 30, 26, 12, 29, 10, 9, 1, 8, 19, 11, 14, 23, 5, 6, 0, 28, 22, 16]}, {"capacity": 956, "impossibleCargos": [0, 2, 3, 4, 6, 8, 9, 10, 11, 12], "neighbors": [8, 16, 0, 1, 26, 5, 12, 24, 7, 23, 25, 9, 19, 10, 13, 3, 17]}, {"capacity": 264, "impossibleCargos": [0, 1, 2, 4, 5, 7, 8, 9, 10, 11, 13], "neighbors": [8, 28, 4, 16, 1, 30, 26, 23, 25, 11, 3, 31, 5, 7, 10, 20, 17]}, {"capacity": 665, "impossibleCargos": [0, 1, 6, 7, 8, 10, 11, 13], "neighbors": [13, 1, 33, 17, 19, 22, 31, 2, 11, 5, 20, 21, 25, 15, 9, 6, 14, 27, 29, 12, 16]}, {"capacity": 528, "impossibleCargos": [2, 3, 5, 6, 8, 9, 10, 11, 12, 13, 14], "neighbors": [27, 32, 0, 30, 17, 21, 16, 2, 3, 15, 18, 29]}, {"capacity": 227, "impossibleCargos": [0, 1, 2, 3, 5, 6, 8, 10, 12, 14], "neighbors": [4, 32, 11, 16, 7, 3, 19, 22, 23, 12, 21, 18, 0, 6, 13, 27]}, {"capacity": 874, "impossibleCargos": [0, 1, 3, 4, 5, 6, 7, 9, 10, 11, 12, 14], "neighbors": [5, 13, 11, 20, 28, 9, 21, 19, 34, 22, 1, 12, 18, 0, 33, 17, 10, 2]}, {"capacity": 742, "impossibleCargos": [0, 1, 3, 4, 5, 6, 8, 9, 10, 11, 12, 13, 14], "neighbors": [24, 6, 20, 9, 33, 5, 34, 28, 2, 15, 18, 32, 29, 13, 23, 3, 25]}, {"capacity": 861, "impossibleCargos": [0, 1, 2, 3, 6, 7, 9, 12, 13, 14], "neighbors": [2, 22, 0, 3, 7, 26, 14, 34, 31, 18, 9, 27, 32, 15, 12, 17, 16, 13, 10, 33, 20, 29]}, {"capacity": 573, "impossibleCargos": [0, 1, 2, 4, 5, 7, 9, 10, 11, 12, 14], "neighbors": [30, 31, 9, 20, 11, 7, 18, 16, 13, 19, 0, 1, 15, 10, 27, 4, 28, 5, 23, 24]}, {"capacity": 869, "impossibleCargos": [0, 1, 2, 3, 4, 5, 6, 7, 8, 10, 12, 13], "neighbors": [29, 34, 20, 18, 7, 32, 4, 9, 24, 10, 22, 19, 13, 6, 3, 1]}, {"capacity": 722, "impossibleCargos": [0, 1, 2, 3, 5, 6, 10, 11, 12, 13, 14], "neighbors": [29, 2, 11, 0, 14, 7, 28, 10, 23, 18, 3, 6, 9, 15, 22, 32, 12, 17, 33, 16]}, {"capacity": 954, "impossibleCargos": [0, 1, 2, 3, 5, 7, 9, 10, 11, 12, 13, 14], "neighbors": [1, 24, 25, 15, 30, 28, 14, 27, 31, 4, 10, 0, 12]}, {"capacity": 215, "impossibleCargos": [0, 4, 5, 6, 8, 9, 10, 11, 12], "neighbors": [5, 7, 23, 17, 2, 10, 27, 16, 11, 26, 9, 14, 28, 18, 4, 8, 31, 19]}, {"capacity": 902, "impossibleCargos": [0, 1, 3, 9, 10, 11, 12, 14], "neighbors": [30, 7, 5, 28, 26, 27, 9, 10, 4, 15, 19, 16]}]}