{"volumes": [559, 1839, 922, 1326, 1395, 1022, 490, 1576, 684, 2155, 879, 289, 786, 1023, 1303], "conflicts": [[0, 3], [0, 11], [6, 11], [8, 13], [11, 13], [13, 14]], "tanks": [{"capacity": 819, "impossibleCargos": [1, 2, 3, 4, 6, 7, 8, 9, 11, 12, 14], "neighbors": [24, 28, 1, 27, 18, 30, 4, 29, 21, 31, 5, 25, 16, 8, 9]}, {"capacity": 946, "impossibleCargos": [0, 1, 2, 3, 4, 5, 7, 8, 9, 10, 11, 12, 13, 14], "neighbors": [30, 26, 0, 8, 27, 13, 6, 19, 7, 11, 3, 34, 28, 33, 2]}, {"capacity": 615, "impossibleCargos": [3, 5, 6, 7, 8, 9, 10, 11, 13], "neighbors": [20, 18, 7, 4, 27, 33, 24, 25, 30, 32, 11, 3, 13, 34, 1, 23]}, {"capacity": 815, "impossibleCargos": [0, 1, 3, 5, 6, 7, 8, 9, 10, 11, 13, 14], "neighbors": [26, 22, 5, 32, 20, 8, 16, 31, 15, 2, 1, 30, 34]}, {"capacity": 560, "impossibleCargos": [0, 1, 2, 3, 4, 5, 7, 9, 10, 11, 12, 14], "neighbors": [16, 2, 11, 28, 7, 10, 24, 0, 30, 6, 20, 15, 21, 23, 25, 34, 32, 17, 14, 27]}, {"capacity": 964, "impossibleCargos": [0, 1, 2, 5, 6, 7, 8, 9, 10, 11, 12, 13], "neighbors": [9, 10, 27, 17, 22, 24, 16, 3, 0, 8, 32, 23, 20, 30, 33, 34, 31, 7]}, {"capacity": 330, "impossibleCargos": [0, 1, 3, 4, 6, 8, 9, 11, 12, 14], "neighbors": [19, 32, 1, 29, 28, 10, 34, 33, 4, 30, 12, 21, 15]}, {"capacity": 649, "impossibleCargos": [0, 1, 2, 3, 5, 6, 7, 8, 10, 12], "neighbors": [2, 16, 13, 4, 31, 21, 11, 12, 17, 24, 9, 22, 1, 28, 18, 23, 5]}, {"capacity": 627, "impossibleCargos": [0, 2, 4, 5, 6, 7, 11, 12, 14], "neighbors": [13, 12, 1, 20, 25, 24, 10, 21, 15, 18, 33, 27, 5, 3, 9, 0, 11, 28]}, {"capacity": 212, "impossibleCargos": [0, 1, 2, 4, 5, 7, 9, 11, 12, 13, 14], "neighbors": [5, 27, 22, 23, 18, 17, 8, 7, 21, 14, 0, 26, 19, 33]}, {"capacity": 926, "impossibleCargos": [0, 1, 2, 3, 4, 6, 8, 10, 11, 12, 13, 14], "neighbors": [25, 5, 8, 12, 19, 4, 28, 6, 31, 18, 26, 21, 16, 33, 14]}, {"capacity": 904, "impossibleCargos": [0, 1, 3, 5, 6, 8, 10, 11, 12, 13], "neighbors": [28, 32, 4, 24, 26, 27, 14, 7, 31, 20, 23, 2, 1, 8, 19, 30, 21, 18]}, {"capacity": 296, "impossibleCargos": [0, 1, 2, 3, 5, 7, 8, 9, 10, 12, 13, 14], "neighbors": [29, 8, 20, 14, 26, 34, 10, 25, 17, 33, 7, 18, 28, 24, 6, 16, 21, 30, 13]}, {"capacity": 607, "impossibleCargos": [1, 3, 5, 6, 8, 9, 10, 12, 14], "neighbors": [8, 32, 25, 7, 1, 28, 19, 33, 31, 27, 2, 15, 12]}, {"capacity": 550, "impossibleCargos": [0, 3, 5, 6, 7, 9, 10, 12, 13, 14], "neighbors": [23, 12, 20, 22, 11, 17, 15, 24, 9, 28, 19, 31, 4, 10, 33, 27]}, {"capacity": 599, "impossibleCargos": [1, 4, 5, 7, 8, 10, 12, 13], "neighbors": [34, 20, 31, 27, 21, 18, 8, 4, 14, 29, 3, 33, 13, 6]}, {"capacity": 598, "impossibleCargos": [0, 1, 2, 6, 7, 9, 10, 12, 14], "neighbors": [26, 4, 7, 23, 30, 24, 27, 5, 20, 32, 10, 3, 0, 22, 28, 12, 31, 17, 34]}, {"capacity": 987, "impossibleCargos": [0, 2, 3, 6, 7, 8, 9, 10, 11, 12, 13], "neighbors": [29, 20, 5, 32, 12, 31, 14, 7, 26, 22, 9, 30, 4, 16]}, {"capacity": 714, "impossibleCargos": [0, 2, 3, 4, 6, 7, 9, 10, 11, 12, 13, 14], "neighbors": [2, 0, 15, 29, 9, 32, 10, 30, 12, 8, 24, 21, 28, 7, 25, 11, 31]}, {"capacity": 475, "impossibleCargos": [0, 1, 3, 4, 6, 7, 9, 11, 12, 14], "neighbors": [30, 6, 10, 13, 1, 34, 32, 11, 20, 24, 14, 28, 25, 9, 22, 33]}, {"capacity": 304, "impossibleCargos": [0, 3, 5, 6, 7, 8, 9, 11, 13, 14], "neighbors": [2, 12, 8, 15, 17, 14, 30, 27, 33, 34, 4, 28, 16, 3, 23, 32, 11, 25, 5, 19, 31]}, {"capacity": 869, "impossibleCargos": [0, 1, 3, 4, 5, 6, 7, 8, 9, 10, 11, 12, 14], "neighbors": [31, 15, 7, 8, 34, 0, 10, 4, 18, 9, 26, 22, 11, 12, 6, 28]}, {"capacity": 223, "impossibleCargos": [0, 4, 5, 6, 7, 8, 9, 11, 12, 13, 14], "neighbors": [23, 29, 3, 5, 9, 14, 30, 24, 31, 17, 27, 28, 33, 16, 7, 21, 19]}, {"capacity": 804, "impossibleCargos": [0, 2, 5, 6, 7, 8, 10, 11, 13], "neighbors": [25, 14, 22, 16, 9, 33, 20, 5, 4, 11, 28, 7, 24, 26, 2]}, {"capacity": 781, "impossibleCargos": [0, 1, 2, 3, 4, 5, 6, 9, 10, 12, 13], "neighbors": [0, 8, 11, 27, 5, 4, 16, 22, 2, 7, 12, 18, 14, 19, 23, 32]}, {"capacity": 843, "impossibleCargos": [0, 1, 2, 3, 4, 5, 6, 8, 9, 10, 11, 12, 13, 14], "neighbors": [23, 10, 8, 33, 13, 12, 2, 29, 20, 0, 27, 28, 4, 26, 30, 18, 19]}, {"capacity": 259, "impossibleCargos": [0, 1, 3, 4, 5, 6, 7, 9, 10, 11, 12, 13, 14], "neighbors": [3, 1, 16, 12, 11, 29, 27, 33, 10, 17, 34, 21, 25, 9, 23]}, {"capacity": 645, "impossibleCargos": [0, 1, 2, 3, 4, 5, 6, 8, 9, 10, 12, 13], "neighbors": [2, 0, 1, 9, 15, 5, 24, 20, 11, 26, 16, 8, 22, 30, 25, 13, 34, 4, 14]}, {"capacity": 601, "impossibleCargos": [0, 2, 3, 4, 7, 8, 9, 10, 11, 13], "neighbors": [0, 11, 34, 33, 4, 13, 6, 10, 31, 20, 30, 12, 22, 25, 32, 16, 23, 7, 29, 18, 1, 14, 21, 19, 8]}, {"capacity": 335, "impossibleCargos": [0, 1, 2, 5, 6, 7, 12, 13], "neighbors": [12, 17, 22, 32, 6, 30, 26, 18, 33, 0, 25, 15, 28]}, {"capacity": 973, "impossibleCargos": [1, 2, 3, 4, 5, 7, 8, 10, 13, 14], "neighbors": [1, 19, 0, 16, 20, 29, 4, 22, 18, 28, 6, 2, 27, 31, 5, 17, 34, 11, 25, 3, 12]}, {"capacity": 844, "impossibleCargos": [4, 5, 6, 7, 8, 12, 14], "neighbors": [15, 7, 21, 10, 34, 17, 33, 28, 13, 11, 22, 0, 30, 3, 32, 20, 16, 14, 5, 18]}, {"capacity": 422, "impossibleCargos": [1, 4, 5, 7, 8, 11, 12, 13, 14], "neighbors": [11, 33, 13, 29, 6, 17, 18, 3, 20, 16, 5, 2, 28, 19, 34, 31, 4, 24]}, {"capacity": 758, "impossibleCargos": [0, 1, 2, 3, 4, 6, 8, 10, 11, 12, 13, 14], "neighbors": [28, 32, 34, 25, 20, 29, 12, 31, 26, 13, 6, 2, 23, 8, 22, 10, 15, 5, 1, 14, 9, 19]}, {"capacity": 808, "impossibleCargos": [0, 2, 3, 4, 5, 6, 7, 8, 9, 11, 12, 13, 14], "neighbors": [15, 28, 33, 12, 21, 6, 31, 20, 19, 26, 30, 32, 1, 2, 4, 27, 5, 3, 16]}]}