{"volumes": [1950, 0, 909, 264, 319, 1497, 871, 455, 2391, 1688, 2013, 298, 1746, 625, 657], "conflicts": [[1, 2], [1, 3], [1, 9], [4, 6]], "tanks": [{"capacity": 886, "impossibleCargos": [3, 7, 10, 14], "neighbors": [5, 20, 13, 25, 4, 33, 22, 11, 12, 8, 28, 30, 34, 3, 14, 31, 19, 6, 29, 10, 23, 7, 18, 2, 27, 17, 15]}, {"capacity": 521, "impossibleCargos": [1], "neighbors": [14, 25, 24, 21, 6, 34, 26, 16, 31, 27, 5, 7, 23, 2, 12, 17, 33, 28, 11, 20, 18, 13, 29, 15, 19]}, {"capacity": 820, "impossibleCargos": [1, 3, 4, 8, 12], "neighbors": [25, 10, 5, 3, 9, 32, 24, 13, 6, 33, 27, 11, 29, 34, 12, 22, 1, 21, 30, 18, 7, 15, 17, 0, 20, 31, 16]}, {"capacity": 382, "impossibleCargos": [3, 5, 9, 10], "neighbors": [27, 2, 30, 34, 25, 14, 8, 7, 26, 0, 23, 18, 5, 22, 16, 6, 11, 19, 12, 10]}, {"capacity": 367, "impossibleCargos": [4], "neighbors": [15, 34, 14, 0, 28, 32, 25, 31, 10, 9, 20, 24, 23, 18, 22, 6, 7, 29, 12, 11, 26, 30, 13, 16, 19]}, {"capacity": 611, "impossibleCargos": [1, 9, 14], "neighbors": [0, 31, 26, 22, 2, 6, 10, 33, 32, 25, 34, 8, 1, 7, 3, 23, 28, 16, 20, 17, 11, 9, 30, 29, 13, 18, 12, 24, 19, 15]}, {"capacity": 924, "impossibleCargos": [1, 7, 9], "neighbors": [10, 11, 29, 5, 15, 16, 19, 1, 8, 28, 2, 22, 13, 20, 4, 23, 7, 33, 3, 0, 12, 32, 9, 30, 34, 24, 25, 21]}, {"capacity": 768, "impossibleCargos": [2, 5, 11, 12, 14], "neighbors": [24, 25, 10, 22, 12, 13, 15, 3, 9, 1, 30, 5, 4, 27, 6, 2, 29, 31, 0, 11, 14, 8, 17, 26]}, {"capacity": 984, "impossibleCargos": [2, 3, 4, 8], "neighbors": [28, 15, 20, 17, 30, 23, 10, 6, 0, 18, 26, 16, 33, 11, 3, 32, 5, 25, 13, 27, 34, 31, 29, 9, 7]}, {"capacity": 316, "impossibleCargos": [0, 2, 9], "neighbors": [27, 2, 21, 13, 29, 4, 33, 28, 26, 32, 11, 10, 20, 7, 15, 34, 23, 14, 25, 31, 24, 22, 6, 18, 8, 5, 16]}, {"capacity": 950, "impossibleCargos": [1, 6, 11, 12], "neighbors": [6, 31, 33, 2, 11, 7, 26, 8, 5, 4, 23, 17, 9, 22, 19, 30, 15, 32, 20, 16, 34, 0, 29, 13, 27, 24, 3]}, {"capacity": 819, "impossibleCargos": [0, 3, 4, 9, 10, 13], "neighbors": [33, 19, 32, 6, 10, 31, 0, 20, 34, 17, 2, 8, 22, 18, 9, 23, 21, 15, 29, 16, 26, 4, 13, 28, 5, 3, 1, 7, 14, 30]}, {"capacity": 358, "impossibleCargos": [6, 7, 9], "neighbors": [24, 28, 17, 0, 7, 22, 16, 32, 2, 18, 14, 1, 26, 4, 19, 13, 6, 21, 30, 25, 27, 3, 5]}, {"capacity": 585, "impossibleCargos": [2, 7, 12], "neighbors": [14, 0, 9, 20, 7, 2, 31, 28, 6, 22, 8, 21, 33, 12, 27, 24, 29, 11, 17, 16, 10, 4, 1, 34, 25, 5]}, {"capacity": 881, "impossibleCargos": [1, 5, 7, 12], "neighbors": [13, 4, 1, 24, 17, 15, 30, 3, 25, 31, 0, 29, 18, 16, 33, 12, 9, 32, 20, 28, 26, 21, 23, 11, 7]}, {"capacity": 360, "impossibleCargos": [2, 12], "neighbors": [30, 4, 8, 17, 28, 31, 6, 27, 25, 7, 14, 16, 29, 26, 20, 11, 18, 9, 10, 2, 1, 23, 0, 5]}, {"capacity": 632, "impossibleCargos": [1, 3, 5, 9, 11, 12], "neighbors": [6, 30, 20, 26, 15, 12, 1, 8, 31, 25, 27, 14, 3, 11, 24, 22, 10, 5, 33, 17, 13, 29, 23, 9, 4, 18, 2]}, {"capacity": 733, "impossibleCargos": [1, 2, 7, 14], "neighbors": [30, 33, 15, 8, 22, 12, 14, 28, 19, 11, 20, 10, 32, 24, 1, 23, 5, 13, 16, 2, 26, 31, 25, 0, 7]}, {"capacity": 910, "impossibleCargos": [2], "neighbors": [19, 29, 31, 22, 8, 30, 4, 27, 23, 20, 11, 28, 15, 33, 3, 14, 12, 25, 26, 2, 24, 21, 9, 1, 0, 16, 32, 5, 34]}, {"capacity": 535, "impossibleCargos": [3, 5, 7], "neighbors": [11, 18, 6, 17, 32, 20, 30, 10, 12, 25, 0, 26, 23, 22, 24, 3, 4, 1, 5]}, {"capacity": 531, "impossibleCargos": [0, 4, 12], "neighbors": [0, 8, 21, 34, 13, 26, 16, 4, 11, 32, 19, 17, 18, 6, 15, 9, 30, 28, 31, 14, 10, 5, 24, 25, 1, 2, 27]}, {"capacity": 532, "impossibleCargos": [1, 4, 6, 7], "neighbors": [20, 28, 24, 9, 27, 1, 23, 30, 34, 22, 33, 26, 11, 13, 2, 12, 18, 14, 25, 6, 32]}, {"capacity": 389, "impossibleCargos": [2, 3, 4, 10, 13], "neighbors": [5, 30, 17, 25, 0, 26, 7, 18, 24, 12, 6, 28, 21, 11, 4, 34, 13, 2, 10, 33, 3, 16, 23, 32, 9, 19]}, {"capacity": 644, "impossibleCargos": [3, 4, 6, 7, 9, 14], "neighbors": [8, 21, 10, 4, 18, 31, 11, 3, 28, 1, 5, 6, 9, 29, 17, 22, 19, 32, 14, 0, 16, 26, 15]}, {"capacity": 563, "impossibleCargos": [0, 3, 11], "neighbors": [7, 12, 33, 21, 14, 1, 31, 2, 4, 22, 26, 34, 30, 17, 16, 18, 9, 13, 20, 27, 19, 6, 10, 28, 5]}, {"capacity": 572, "impossibleCargos": [8, 10], "neighbors": [0, 2, 7, 1, 31, 22, 4, 34, 15, 3, 16, 29, 5, 14, 8, 18, 19, 9, 26, 21, 12, 20, 6, 13, 17, 32]}, {"capacity": 336, "impossibleCargos": [2, 3, 13], "neighbors": [5, 22, 10, 20, 28, 16, 24, 1, 8, 15, 9, 3, 21, 30, 32, 29, 12, 18, 11, 4, 25, 19, 14, 17, 23, 27, 33, 7]}, {"capacity": 846, "impossibleCargos": [0, 14], "neighbors": [32, 9, 3, 21, 34, 15, 2, 18, 1, 16, 8, 7, 30, 13, 33, 28, 24, 10, 29, 12, 0, 20, 26]}, {"capacity": 287, "impossibleCargos": [], "neighbors": [8, 34, 29, 12, 15, 21, 4, 33, 26, 30, 17, 0, 6, 22, 9, 13, 18, 20, 23, 5, 31, 14, 27, 11, 1, 32, 24]}, {"capacity": 771, "impossibleCargos": [1, 3, 7, 11, 13, 14], "neighbors": [34, 28, 18, 6, 9, 15, 32, 2, 25, 14, 30, 11, 4, 26, 23, 0, 13, 31, 7, 10, 8, 16, 27, 1, 5]}, {"capacity": 222, "impossibleCargos": [6, 11], "neighbors": [15, 17, 22, 8, 16, 3, 28, 18, 21, 32, 34, 14, 0, 24, 19, 20, 31, 26, 7, 29, 10, 2, 27, 4, 12, 6, 5, 33, 11]}, {"capacity": 782, "impossibleCargos": [0, 2, 6], "neighbors": [5, 10, 18, 25, 11, 15, 24, 4, 16, 13, 32, 1, 23, 14, 30, 20, 0, 9, 29, 28, 8, 7, 33, 17, 2, 34]}, {"capacity": 691, "impossibleCargos": [1, 2], "neighbors": [11, 27, 4, 2, 19, 30, 20, 29, 33, 9, 31, 12, 5, 17, 8, 34, 26, 14, 10, 6, 22, 23, 28, 25, 18, 21]}, {"capacity": 699, "impossibleCargos": [1, 4, 11], "neighbors": [17, 11, 10, 24, 0, 28, 2, 32, 9, 5, 8, 21, 22, 18, 14, 13, 6, 16, 1, 27, 31, 30, 26]}, {"capacity": 965, "impossibleCargos": [8, 10, 11], "neighbors": [4, 29, 28, 20, 25, 27, 1, 21, 30, 3, 11, 24, 22, 2, 5, 0, 32, 9, 8, 10, 6, 13, 31, 18]}]}