{"volumes": [0, 1087, 1274, 1498, 514, 1431, 1267, 434, 471, 1727, 549, 0, 1761, 1301, 1405], "conflicts": [[0, 1], [0, 3], [0, 8], [0, 9], [0, 11], [0, 12], [0, 13], [2, 11], [3, 11], [5, 11], [7, 11], [8, 11], [9, 11], [10, 11], [11, 12], [11, 13]], "tanks": [{"capacity": 390, "impossibleCargos": [8, 12, 13], "neighbors": [16, 19, 27, 4, 34, 3, 6, 8, 23, 1, 32, 22, 10, 28, 30, 29, 15, 21, 33, 11, 14, 5, 2]}, {"capacity": 500, "impossibleCargos": [8, 10], "neighbors": [32, 21, 24, 4, 14, 20, 3, 11, 31, 23, 5, 2, 27, 8, 29, 0, 15, 18, 26, 7, 9, 30, 16, 12, 17, 10, 6, 19, 22, 34]}, {"capacity": 429, "impossibleCargos": [], "neighbors": [4, 6, 32, 16, 13, 20, 15, 12, 27, 30, 26, 1, 24, 22, 18, 17, 10, 9, 21, 11, 33, 3, 7, 8, 23, 25, 28, 0, 14, 19]}, {"capacity": 701, "impossibleCargos": [8, 9], "neighbors": [33, 1, 22, 11, 0, 20, 4, 5, 15, 21, 16, 10, 32, 2, 29, 23, 30, 19, 17, 24, 25, 13, 6]}, {"capacity": 277, "impossibleCargos": [1, 8], "neighbors": [22, 2, 20, 1, 33, 21, 25, 0, 18, 11, 3, 17, 32, 6, 24, 28, 31, 9, 23, 19, 29, 5, 34]}, {"capacity": 593, "impossibleCargos": [3, 13, 14], "neighbors": [13, 23, 7, 33, 17, 32, 1, 6, 26, 3, 10, 25, 19, 12, 9, 28, 34, 11, 16, 8, 21, 29, 18, 0, 4, 15]}, {"capacity": 285, "impossibleCargos": [2, 4, 9, 11], "neighbors": [9, 2, 0, 23, 8, 13, 5, 4, 12, 34, 22, 18, 33, 10, 25, 29, 24, 20, 11, 31, 15, 1, 17, 27, 16, 3]}, {"capacity": 245, "impossibleCargos": [0, 4, 6, 7, 11], "neighbors": [33, 30, 21, 5, 32, 22, 16, 28, 13, 25, 20, 1, 11, 18, 10, 12, 29, 27, 2, 15, 24, 23, 34]}, {"capacity": 577, "impossibleCargos": [4, 5, 9, 11, 14], "neighbors": [33, 34, 21, 27, 13, 30, 20, 24, 0, 6, 28, 1, 14, 11, 19, 16, 31, 32, 25, 2, 5, 23, 12, 22, 29]}, {"capacity": 351, "impossibleCargos": [2, 9, 14], "neighbors": [6, 13, 33, 31, 10, 32, 24, 14, 28, 4, 5, 22, 11, 18, 26, 1, 12, 2, 17, 20, 19, 25, 30, 27, 21, 29]}, {"capacity": 720, "impossibleCargos": [4, 10], "neighbors": [17, 9, 22, 18, 5, 23, 29, 20, 24, 19, 33, 6, 13, 2, 0, 7, 12, 3, 30, 11, 16, 1, 26, 28, 34]}, {"capacity": 665, "impossibleCargos": [0, 2, 7, 10, 12], "neighbors": [3, 1, 29, 4, 15, 20, 14, 32, 17, 22, 18, 9, 8, 7, 27, 24, 10, 2, 6, 0, 31, 5, 33, 23, 28, 26, 12, 19]}, {"capacity": 551, "impossibleCargos": [4, 7, 9, 10, 11, 13], "neighbors": [2, 13, 20, 19, 15, 30, 27, 18, 28, 6, 26, 5, 33, 32, 34, 29, 9, 7, 10, 1, 16, 14, 22, 24, 8, 31, 11]}, {"capacity": 508, "impossibleCargos": [2, 3, 9], "neighbors": [5, 9, 8, 2, 21, 12, 33, 28, 6, 31, 23, 7, 18, 27, 19, 10, 26, 17, 34, 14, 22, 16, 25, 29, 32, 15, 3]}, {"capacity": 697, "impossibleCargos": [3, 4, 11, 12, 14], "neighbors": [20, 1, 29, 16, 19, 21, 30, 8, 9, 11, 31, 18, 32, 25, 33, 24, 13, 34, 12, 0, 2, 26, 17]}, {"capacity": 832, "impossibleCargos": [2, 6, 13], "neighbors": [22, 29, 32, 2, 25, 11, 23, 12, 16, 33, 18, 30, 3, 1, 19, 28, 21, 0, 20, 7, 6, 27, 17, 13, 5]}, {"capacity": 334, "impossibleCargos": [0, 5, 6, 7, 9], "neighbors": [0, 25, 2, 29, 27, 19, 14, 33, 22, 21, 7, 15, 28, 32, 3, 26, 1, 8, 12, 13, 17, 10, 5, 30, 31, 23, 6, 18]}, {"capacity": 349, "impossibleCargos": [4, 9, 11, 12], "neighbors": [10, 25, 20, 5, 4, 33, 34, 11, 28, 31, 2, 13, 9, 23, 1, 22, 27, 16, 29, 26, 19, 15, 6, 18, 3, 14]}, {"capacity": 764, "impossibleCargos": [0, 3, 8, 10], "neighbors": [21, 27, 19, 4, 33, 10, 15, 12, 24, 23, 2, 14, 13, 11, 1, 6, 31, 29, 9, 7, 22, 30, 5, 17, 26, 16]}, {"capacity": 862, "impossibleCargos": [0, 1, 3, 5, 6, 7], "neighbors": [0, 31, 18, 16, 24, 26, 14, 25, 12, 5, 20, 15, 13, 10, 8, 9, 27, 4, 30, 34, 23, 17, 1, 3, 2, 11]}, {"capacity": 641, "impossibleCargos": [2, 3, 7, 9, 11, 13], "neighbors": [33, 14, 17, 4, 25, 1, 2, 8, 34, 3, 11, 12, 24, 19, 10, 7, 31, 32, 9, 6, 15, 22, 28, 26, 29]}, {"capacity": 434, "impossibleCargos": [0, 3, 4, 6, 7, 12, 13], "neighbors": [24, 1, 18, 8, 33, 4, 7, 22, 13, 29, 16, 28, 14, 3, 15, 34, 31, 25, 0, 2, 23, 32, 27, 26, 30, 5, 9]}, {"capacity": 565, "impossibleCargos": [0, 1, 3, 7, 13], "neighbors": [4, 30, 15, 21, 3, 10, 16, 7, 25, 2, 32, 6, 31, 11, 9, 0, 27, 23, 18, 13, 17, 12, 20, 26, 1, 8]}, {"capacity": 785, "impossibleCargos": [0, 1, 3, 11, 13, 14], "neighbors": [34, 25, 5, 29, 1, 6, 15, 13, 0, 18, 10, 24, 22, 4, 30, 33, 21, 17, 32, 11, 19, 2, 16, 26, 3, 8, 7, 28]}, {"capacity": 581, "impossibleCargos": [0, 1, 3, 11], "neighbors": [21, 25, 1, 31, 8, 19, 32, 34, 2, 20, 29, 9, 18, 4, 33, 23, 10, 6, 14, 11, 12, 7, 26, 3]}, {"capacity": 850, "impossibleCargos": [0, 1, 14], "neighbors": [17, 23, 24, 16, 4, 20, 15, 19, 22, 5, 7, 14, 6, 31, 33, 21, 9, 30, 13, 32, 28, 8, 34, 2, 3]}, {"capacity": 704, "impossibleCargos": [2, 3, 8, 11, 13, 14], "neighbors": [19, 2, 5, 28, 12, 1, 13, 9, 16, 31, 21, 30, 17, 27, 10, 29, 22, 20, 23, 14, 24, 18, 11]}, {"capacity": 799, "impossibleCargos": [1, 2, 3, 4, 6, 7], "neighbors": [34, 18, 0, 8, 16, 2, 1, 12, 13, 31, 22, 11, 28, 19, 21, 17, 7, 26, 15, 9, 32, 6, 30]}, {"capacity": 663, "impossibleCargos": [3, 4, 8, 10], "neighbors": [13, 21, 8, 26, 7, 12, 9, 4, 17, 16, 31, 33, 15, 0, 5, 27, 25, 20, 2, 10, 11, 23]}, {"capacity": 740, "impossibleCargos": [1, 3, 7, 8, 11], "neighbors": [31, 15, 23, 16, 30, 14, 34, 11, 21, 24, 1, 10, 6, 12, 18, 0, 7, 32, 17, 4, 13, 26, 3, 5, 8, 9, 20]}, {"capacity": 464, "impossibleCargos": [3, 4, 6, 7], "neighbors": [34, 22, 7, 29, 8, 2, 14, 12, 15, 31, 0, 32, 1, 23, 33, 18, 10, 9, 25, 19, 26, 16, 21, 3, 27]}, {"capacity": 792, "impossibleCargos": [6], "neighbors": [29, 19, 24, 9, 1, 34, 13, 14, 27, 22, 4, 28, 18, 17, 20, 25, 30, 21, 26, 8, 11, 6, 16, 12]}, {"capacity": 578, "impossibleCargos": [7], "neighbors": [1, 2, 15, 5, 24, 9, 7, 4, 22, 11, 14, 0, 12, 20, 16, 33, 30, 21, 23, 3, 8, 29, 25, 34, 13, 27]}, {"capacity": 263, "impossibleCargos": [7, 14], "neighbors": [8, 7, 20, 3, 21, 4, 9, 5, 34, 18, 16, 13, 15, 17, 24, 6, 10, 28, 14, 12, 32, 25, 23, 30, 0, 2, 11]}, {"capacity": 501, "impossibleCargos": [1, 6, 9, 10, 13], "neighbors": [23, 30, 8, 27, 33, 0, 29, 20, 31, 24, 6, 17, 12, 21, 13, 14, 5, 19, 32, 25, 10, 4, 1, 7]}]}