{"volumes": [715, 997, 2240, 1268, 1206, 0, 0, 258, 502, 703, 1685, 1083, 207, 1917, 793], "conflicts": [[0, 5], [0, 6], [2, 5], [3, 5], [3, 6], [4, 6], [5, 6], [5, 7], [5, 9], [5, 11], [5, 12], [5, 13], [5, 14], [6, 7], [6, 8], [6, 12], [6, 13], [6, 14], [8, 11]], "tanks": [{"capacity": 475, "impossibleCargos": [2, 3, 4, 6, 7, 8, 9, 14], "neighbors": [26, 6, 29, 2, 22, 28, 19, 34, 27, 13, 10, 3, 4, 33, 31, 24, 1, 16, 7, 32, 18, 14, 9, 17]}, {"capacity": 674, "impossibleCargos": [2, 4, 5, 6, 8, 9, 10, 11, 13], "neighbors": [6, 31, 11, 26, 28, 34, 13, 22, 23, 19, 12, 16, 18, 30, 27, 10, 0, 8, 15, 17, 9, 24, 29]}, {"capacity": 908, "impossibleCargos": [0, 1, 2, 8], "neighbors": [0, 14, 12, 27, 25, 21, 17, 11, 15, 19, 5, 13, 10, 4, 3, 16, 34, 18, 33, 20, 24, 32, 30, 22, 31]}, {"capacity": 528, "impossibleCargos": [0, 1, 2, 8, 9, 10, 12], "neighbors": [17, 32, 6, 15, 30, 10, 29, 9, 27, 0, 19, 18, 11, 12, 8, 25, 2, 20, 4, 16, 7, 34, 26, 31]}, {"capacity": 863, "impossibleCargos": [0, 3, 4, 7, 8, 10, 14], "neighbors": [28, 32, 9, 13, 25, 17, 11, 15, 21, 34, 20, 0, 30, 6, 31, 2, 10, 24, 27, 5, 3, 18, 23, 26, 7, 16, 19]}, {"capacity": 300, "impossibleCargos": [1, 2, 5, 13, 14], "neighbors": [27, 11, 14, 7, 19, 15, 26, 32, 21, 10, 24, 2, 34, 13, 17, 6, 28, 33, 4, 18, 22, 20, 30]}, {"capacity": 937, "impossibleCargos": [0, 1, 2, 6, 7, 9, 10, 12, 14], "neighbors": [32, 0, 1, 14, 3, 27, 30, 12, 17, 23, 29, 33, 11, 15, 21, 4, 10, 16, 5, 22, 7, 9, 26, 8, 20, 18, 31]}, {"capacity": 288, "impossibleCargos": [1, 5, 7, 8, 10, 11, 14], "neighbors": [5, 13, 30, 11, 20, 19, 26, 33, 9, 27, 23, 34, 10, 6, 16, 12, 24, 0, 25, 4, 3, 28, 17, 22]}, {"capacity": 909, "impossibleCargos": [0, 1, 8, 9, 13], "neighbors": [27, 30, 34, 22, 24, 25, 29, 15, 10, 17, 23, 13, 3, 20, 28, 32, 1, 6, 26]}, {"capacity": 785, "impossibleCargos": [0, 3, 5, 6, 7, 10, 11, 14], "neighbors": [4, 17, 10, 15, 30, 28, 12, 13, 14, 31, 3, 20, 19, 7, 33, 22, 27, 25, 23, 6, 24, 21, 26, 1, 0, 16]}, {"capacity": 238, "impossibleCargos": [2, 4, 5, 6, 8, 11, 12, 13], "neighbors": [28, 13, 22, 26, 9, 3, 21, 23, 34, 18, 11, 8, 31, 0, 5, 16, 6, 15, 7, 2, 1, 25, 4, 30, 17, 33, 29, 27]}, {"capacity": 562, "impossibleCargos": [2, 4, 6, 7, 8, 9, 11, 12, 13, 14], "neighbors": [17, 5, 24, 1, 22, 7, 4, 14, 15, 10, 16, 6, 2, 30, 26, 3, 33, 27, 13, 20, 21, 19, 28, 18, 34, 31]}, {"capacity": 400, "impossibleCargos": [0, 2, 5, 6, 7, 11, 13], "neighbors": [14, 21, 32, 16, 6, 9, 2, 23, 22, 18, 3, 30, 1, 17, 34, 20, 29, 13, 7, 28, 25, 31]}, {"capacity": 270, "impossibleCargos": [0, 2, 4, 11, 13], "neighbors": [14, 34, 25, 10, 4, 7, 15, 17, 19, 9, 30, 1, 33, 26, 0, 8, 21, 2, 27, 11, 24, 5, 31, 22, 32, 12, 29, 18, 20]}, {"capacity": 265, "impossibleCargos": [2, 4, 5, 6, 8, 10, 13], "neighbors": [12, 22, 5, 13, 6, 24, 2, 27, 9, 11, 29, 34, 16, 15, 17, 28, 26, 25, 21, 23, 18, 19, 30, 0, 32]}, {"capacity": 255, "impossibleCargos": [0, 5, 7, 9, 13], "neighbors": [5, 32, 3, 9, 13, 24, 19, 4, 18, 11, 8, 23, 33, 2, 28, 14, 20, 29, 6, 16, 30, 17, 10, 31, 22, 1, 26, 27]}, {"capacity": 532, "impossibleCargos": [0, 2, 4, 5, 9, 11, 14], "neighbors": [33, 23, 12, 21, 32, 11, 14, 17, 10, 15, 1, 20, 6, 19, 2, 27, 26, 30, 7, 0, 3, 4, 22, 25, 9]}, {"capacity": 542, "impossibleCargos": [1, 2, 3, 9], "neighbors": [11, 3, 20, 9, 4, 13, 34, 24, 25, 6, 23, 8, 27, 2, 14, 31, 16, 15, 12, 5, 18, 26, 32, 33, 10, 1, 30, 28, 29, 21, 7, 0]}, {"capacity": 384, "impossibleCargos": [0, 1, 9, 11, 12], "neighbors": [22, 15, 10, 20, 12, 3, 25, 26, 28, 19, 1, 14, 23, 17, 24, 29, 34, 5, 2, 4, 6, 0, 21, 13, 11]}, {"capacity": 328, "impossibleCargos": [0, 1, 2, 3, 4, 5, 8, 9, 11, 12, 13], "neighbors": [5, 27, 34, 13, 21, 0, 15, 20, 7, 28, 9, 3, 25, 2, 1, 31, 24, 26, 18, 16, 33, 22, 14, 29, 11, 4]}, {"capacity": 802, "impossibleCargos": [0, 1, 4, 5, 7, 8, 9, 11], "neighbors": [17, 7, 19, 9, 18, 23, 29, 15, 4, 30, 22, 8, 16, 24, 11, 12, 3, 5, 2, 6, 31, 33, 28, 27, 13]}, {"capacity": 943, "impossibleCargos": [0, 1, 2, 3, 4, 5, 7, 8, 9, 10], "neighbors": [12, 10, 19, 30, 16, 24, 33, 2, 4, 32, 29, 5, 6, 13, 27, 14, 31, 9, 11, 25, 34, 18, 17]}, {"capacity": 741, "impossibleCargos": [0, 4, 5, 7, 12, 13], "neighbors": [14, 0, 10, 18, 25, 11, 8, 30, 12, 1, 34, 9, 33, 27, 20, 28, 31, 29, 6, 15, 19, 32, 13, 24, 26, 5, 16, 2, 23, 7]}, {"capacity": 229, "impossibleCargos": [0, 1, 5], "neighbors": [16, 31, 34, 10, 26, 12, 17, 6, 33, 8, 15, 29, 1, 7, 20, 28, 14, 18, 9, 24, 27, 4, 22]}, {"capacity": 611, "impossibleCargos": [0, 3, 4, 5, 6, 8, 11, 12], "neighbors": [14, 11, 17, 26, 15, 8, 33, 21, 25, 27, 19, 5, 32, 20, 4, 13, 23, 18, 0, 9, 22, 31, 29, 7, 2, 1, 30]}, {"capacity": 449, "impossibleCargos": [0, 1, 13], "neighbors": [13, 22, 4, 34, 8, 17, 2, 24, 19, 18, 14, 9, 29, 3, 10, 28, 33, 21, 7, 12, 26, 16]}, {"capacity": 561, "impossibleCargos": [0, 2, 3, 7, 13, 14], "neighbors": [0, 10, 5, 1, 24, 23, 7, 28, 13, 34, 18, 11, 14, 19, 17, 16, 9, 32, 30, 31, 6, 15, 22, 4, 8, 25, 3, 29]}, {"capacity": 404, "impossibleCargos": [5, 6, 7, 8, 13], "neighbors": [5, 8, 19, 6, 34, 14, 0, 2, 3, 30, 17, 7, 24, 9, 22, 21, 11, 13, 1, 31, 4, 16, 23, 15, 33, 10, 20]}, {"capacity": 811, "impossibleCargos": [1, 3, 4, 6, 8, 10, 12], "neighbors": [10, 4, 32, 0, 1, 29, 9, 33, 19, 26, 31, 15, 30, 14, 23, 18, 22, 8, 5, 25, 12, 17, 20, 7, 11, 34]}, {"capacity": 332, "impossibleCargos": [3, 4, 6, 8, 9, 11, 12], "neighbors": [0, 3, 28, 8, 14, 30, 32, 6, 23, 20, 21, 15, 25, 22, 31, 12, 18, 13, 24, 10, 19, 34, 1, 17, 26, 33]}, {"capacity": 310, "impossibleCargos": [0, 1, 2, 5, 7, 9, 11], "neighbors": [8, 31, 3, 6, 7, 9, 21, 13, 29, 22, 27, 11, 28, 4, 20, 12, 15, 1, 10, 26, 16, 17, 14, 32, 2, 34, 24, 5]}, {"capacity": 812, "impossibleCargos": [0, 1, 2, 4, 9, 10, 12, 13], "neighbors": [23, 30, 1, 32, 9, 10, 28, 19, 17, 4, 22, 15, 0, 29, 27, 13, 33, 21, 26, 24, 20, 6, 3, 12, 2, 11]}, {"capacity": 530, "impossibleCargos": [0, 2, 3, 5, 6, 9, 11, 12, 13, 14], "neighbors": [6, 4, 3, 15, 12, 28, 31, 34, 33, 29, 5, 16, 21, 24, 17, 22, 8, 26, 13, 30, 0, 2, 14]}, {"capacity": 307, "impossibleCargos": [0, 2, 3, 4, 5, 7, 8, 9, 10, 14], "neighbors": [16, 28, 24, 13, 7, 32, 21, 6, 23, 15, 9, 0, 11, 22, 19, 31, 5, 17, 27, 25, 10, 2, 20, 29]}, {"capacity": 533, "impossibleCargos": [3, 7, 10, 11, 14], "neighbors": [8, 19, 13, 23, 27, 17, 25, 0, 10, 1, 26, 32, 14, 4, 22, 7, 5, 12, 18, 2, 29, 21, 30, 3, 28, 11]}]}