{"volumes": [1959, 2321, 2064, 1172, 182, 0, 166, 1422, 1071, 843, 312, 1153, 1026, 1418, 113], "conflicts": [[1, 5], [4, 5], [4, 12], [5, 9], [5, 10], [5, 12], [9, 10]], "tanks": [{"capacity": 676, "impossibleCargos": [1, 4, 5, 7, 8, 9, 10, 11, 12, 14], "neighbors": [3, 34, 6, 13, 2, 8, 21, 17, 4, 22, 24, 31, 29, 19, 16, 25, 9, 33, 30, 10, 20, 26, 14, 23, 15, 1, 18, 27]}, {"capacity": 321, "impossibleCargos": [0, 2, 4, 5, 7, 8, 9, 10, 12, 13, 14], "neighbors": [2, 29, 14, 13, 19, 23, 15, 30, 9, 8, 21, 6, 31, 32, 18, 24, 4, 12, 11, 3, 0, 34, 25, 26, 28, 10, 7]}, {"capacity": 685, "impossibleCargos": [0, 1, 2, 3, 4, 6, 8, 10, 13], "neighbors": [5, 23, 13, 1, 26, 28, 16, 20, 19, 0, 33, 31, 8, 18, 27, 22, 30, 32, 9, 17, 29, 11, 6, 34, 25]}, {"capacity": 776, "impossibleCargos": [0, 1, 2, 4, 5, 6, 7, 8, 9, 10, 11, 12, 14], "neighbors": [0, 28, 30, 8, 16, 17, 26, 6, 27, 12, 29, 21, 9, 11, 25, 15, 13, 32, 24, 10, 19, 1]}, {"capacity": 660, "impossibleCargos": [2, 3, 4, 5, 6, 7, 8, 9, 11, 13, 14], "neighbors": [17, 32, 18, 23, 9, 0, 24, 29, 16, 12, 13, 20, 11, 22, 1, 33, 6, 19, 8, 7, 28, 15]}, {"capacity": 728, "impossibleCargos": [0, 1, 2, 4, 5, 6, 7, 10, 11, 14], "neighbors": [25, 2, 14, 11, 30, 20, 24, 18, 33, 21, 23, 12, 19, 9, 31, 26, 17, 13, 32, 28, 22, 29]}, {"capacity": 724, "impossibleCargos": [0, 1, 3, 4, 5, 6, 7, 8, 9, 10, 11, 12, 14], "neighbors": [0, 24, 20, 26, 12, 31, 14, 9, 18, 16, 30, 3, 21, 32, 1, 29, 27, 15, 4, 25, 2, 7, 34, 22, 10]}, {"capacity": 970, "impossibleCargos": [0, 1, 3, 4, 5, 6, 7, 8, 9, 10, 13, 14], "neighbors": [20, 32, 12, 33, 15, 28, 18, 26, 27, 24, 19, 14, 25, 13, 16, 17, 31, 6, 10, 4, 1, 29, 9]}, {"capacity": 288, "impossibleCargos": [0, 1, 2, 3, 5, 6, 8, 9, 10, 14], "neighbors": [11, 33, 0, 32, 18, 3, 2, 25, 30, 1, 34, 21, 15, 26, 24, 27, 16, 10, 23, 31, 29, 19, 4, 9]}, {"capacity": 538, "impossibleCargos": [2, 3, 4, 5, 6, 7, 8, 9, 11, 12, 13], "neighbors": [32, 21, 34, 30, 20, 12, 29, 16, 23, 13, 4, 6, 22, 19, 1, 5, 10, 33, 3, 24, 31, 0, 18, 14, 27, 2, 26, 11, 8, 28, 15, 7]}, {"capacity": 883, "impossibleCargos": [2, 3, 4, 5, 6, 7, 8, 9, 10, 11, 12, 13, 14], "neighbors": [32, 19, 30, 13, 23, 16, 27, 33, 14, 31, 9, 22, 15, 18, 17, 29, 8, 25, 20, 21, 3, 0, 24, 26, 7, 1, 34, 28, 6]}, {"capacity": 578, "impossibleCargos": [1, 2, 5, 6, 7, 8, 9, 10, 12, 13, 14], "neighbors": [28, 27, 5, 17, 8, 12, 15, 32, 16, 20, 4, 14, 3, 30, 13, 25, 2, 9, 1, 23, 24]}, {"capacity": 809, "impossibleCargos": [1, 4, 5, 6, 7, 8, 9, 10, 11, 12, 13, 14], "neighbors": [29, 9, 30, 11, 18, 7, 19, 6, 5, 34, 32, 3, 24, 4, 17, 26, 20, 31, 22, 1, 13, 27]}, {"capacity": 420, "impossibleCargos": [0, 3, 4, 5, 6, 7, 8, 9, 11, 12, 13], "neighbors": [18, 2, 14, 1, 10, 25, 0, 34, 9, 33, 21, 22, 28, 32, 7, 4, 5, 15, 3, 17, 30, 20, 23, 11, 24, 12, 27]}, {"capacity": 527, "impossibleCargos": [0, 5, 6, 7, 8, 9, 11, 12, 13, 14], "neighbors": [5, 20, 18, 1, 13, 24, 25, 31, 28, 19, 6, 10, 7, 11, 27, 9, 30, 33, 32, 17, 0, 22, 16, 21]}, {"capacity": 351, "impossibleCargos": [0, 1, 2, 3, 4, 7, 8, 9, 10, 13, 14], "neighbors": [33, 32, 27, 1, 11, 24, 29, 7, 21, 28, 31, 22, 8, 10, 13, 3, 20, 18, 34, 6, 25, 0, 9, 23, 19, 4]}, {"capacity": 291, "impossibleCargos": [0, 5, 8, 9, 11, 13], "neighbors": [30, 18, 2, 9, 10, 23, 3, 17, 11, 34, 27, 32, 6, 26, 4, 28, 0, 8, 21, 33, 7, 22, 29, 14]}, {"capacity": 942, "impossibleCargos": [1, 4, 5, 6, 7, 8, 9, 10], "neighbors": [4, 30, 27, 11, 34, 33, 23, 0, 3, 16, 5, 26, 10, 12, 13, 2, 25, 18, 29, 28, 14, 7, 19, 22, 20]}, {"capacity": 860, "impossibleCargos": [0, 2, 3, 4, 5, 7, 8, 9, 12, 14], "neighbors": [21, 13, 4, 14, 23, 16, 27, 5, 12, 8, 30, 6, 2, 7, 26, 9, 10, 1, 34, 20, 15, 17, 29, 24, 0]}, {"capacity": 314, "impossibleCargos": [0, 1, 2, 4, 7, 8, 9, 10, 11, 13, 14], "neighbors": [10, 1, 25, 26, 2, 34, 20, 12, 14, 5, 9, 30, 33, 7, 0, 32, 31, 21, 29, 4, 8, 3, 22, 17, 15]}, {"capacity": 592, "impossibleCargos": [2, 4, 5, 6, 7, 8, 9, 11, 12, 13, 14], "neighbors": [14, 5, 9, 6, 21, 7, 2, 30, 34, 19, 22, 25, 11, 26, 28, 24, 4, 18, 15, 10, 12, 27, 13, 0, 29, 33, 17, 23]}, {"capacity": 358, "impossibleCargos": [0, 2, 5, 6, 7, 8, 9, 10, 11, 12, 13, 14], "neighbors": [22, 18, 9, 20, 5, 0, 34, 29, 13, 1, 33, 6, 15, 3, 8, 16, 28, 32, 10, 19, 31, 25, 27, 24, 14]}, {"capacity": 654, "impossibleCargos": [0, 2, 4, 5, 8, 9, 10, 12, 13, 14], "neighbors": [21, 20, 9, 0, 28, 13, 23, 10, 30, 2, 15, 27, 26, 4, 32, 16, 12, 19, 5, 25, 17, 14, 29, 6]}, {"capacity": 575, "impossibleCargos": [0, 1, 2, 4, 6, 7, 8, 9, 10, 11, 13, 14], "neighbors": [28, 2, 4, 31, 25, 18, 10, 33, 1, 9, 5, 16, 17, 27, 22, 29, 8, 32, 13, 0, 15, 11, 30, 20]}, {"capacity": 831, "impossibleCargos": [0, 1, 2, 4, 5, 8, 9, 10, 11, 12, 14], "neighbors": [27, 6, 14, 5, 32, 26, 15, 0, 4, 7, 12, 29, 9, 33, 20, 8, 3, 25, 1, 31, 30, 10, 18, 21, 13, 11]}, {"capacity": 841, "impossibleCargos": [1, 3, 4, 5, 6, 7, 9, 10, 11, 12, 13, 14], "neighbors": [5, 32, 30, 23, 27, 31, 13, 28, 19, 14, 33, 8, 20, 7, 34, 0, 3, 10, 24, 17, 21, 11, 15, 6, 22, 1, 2]}, {"capacity": 930, "impossibleCargos": [0, 2, 4, 5, 6, 8, 9, 11, 12, 13], "neighbors": [2, 19, 24, 6, 3, 20, 29, 16, 7, 18, 5, 32, 30, 34, 8, 27, 31, 17, 12, 22, 0, 9, 28, 10, 1, 33]}, {"capacity": 280, "impossibleCargos": [0, 1, 2, 4, 5, 6, 7, 8, 9, 10, 12, 14], "neighbors": [11, 24, 32, 25, 18, 17, 28, 15, 10, 16, 23, 7, 3, 2, 29, 14, 26, 31, 8, 22, 9, 20, 6, 34, 21, 12, 13, 0]}, {"capacity": 298, "impossibleCargos": [0, 1, 3, 4, 7, 9], "neighbors": [11, 23, 3, 2, 25, 30, 27, 14, 22, 7, 13, 15, 32, 20, 16, 21, 33, 5, 17, 31, 9, 26, 1, 4, 34, 10]}, {"capacity": 213, "impossibleCargos": [1, 3, 4, 5, 8, 9, 10, 11, 12], "neighbors": [12, 1, 34, 9, 33, 21, 15, 31, 26, 4, 3, 24, 0, 27, 23, 10, 6, 19, 2, 8, 17, 20, 18, 16, 22, 7, 5]}, {"capacity": 440, "impossibleCargos": [1, 2, 3, 6, 7, 8, 9, 10, 14], "neighbors": [33, 5, 17, 16, 25, 3, 9, 10, 28, 12, 1, 20, 18, 8, 19, 6, 22, 34, 32, 26, 0, 2, 14, 31, 11, 13, 24, 23]}, {"capacity": 932, "impossibleCargos": [1, 2, 3, 4, 5, 6, 7, 8, 10, 12, 13, 14], "neighbors": [23, 25, 33, 14, 6, 2, 0, 29, 5, 10, 15, 9, 1, 26, 27, 8, 30, 34, 19, 12, 21, 24, 28, 7, 32]}, {"capacity": 964, "impossibleCargos": [1, 2, 4, 5, 6, 8, 10, 13, 14], "neighbors": [10, 9, 25, 27, 4, 24, 15, 7, 11, 8, 12, 16, 6, 28, 13, 26, 30, 19, 1, 33, 2, 3, 21, 23, 5, 22, 14, 34, 31]}, {"capacity": 832, "impossibleCargos": [0, 1, 2, 3, 5, 6, 8, 9, 10, 12, 13, 14], "neighbors": [30, 15, 5, 23, 31, 29, 8, 25, 17, 2, 10, 13, 7, 21, 19, 9, 24, 0, 32, 16, 14, 28, 4, 20, 34, 26]}, {"capacity": 575, "impossibleCargos": [0, 2, 3, 5, 6, 7, 9, 10, 11, 12, 13], "neighbors": [0, 9, 29, 13, 20, 17, 19, 21, 16, 12, 8, 30, 25, 26, 18, 31, 27, 15, 1, 33, 2, 6, 10, 28, 32]}]}