{"volumes": [1718, 727, 1157, 513, 572, 191, 1343, 0, 1065, 1710, 962, 990, 1241, 574, 1372], "conflicts": [[6, 7], [7, 8], [7, 13]], "tanks": [{"capacity": 235, "impossibleCargos": [2, 3, 4, 5, 8, 9, 10, 11, 12, 13, 14], "neighbors": [31, 24, 33, 1, 27, 20, 3, 15, 13, 8, 10, 28, 2, 29, 22, 18, 11, 12, 19, 26, 17]}, {"capacity": 727, "impossibleCargos": [0, 1, 2, 3, 4, 5, 7, 8, 10, 11, 12, 13, 14], "neighbors": [8, 13, 7, 11, 4, 10, 0, 12, 24, 20, 26, 30, 15, 28, 14, 22, 9, 34, 25, 33, 29, 32, 6, 23, 21, 3, 16, 5]}, {"capacity": 544, "impossibleCargos": [2, 3, 4, 5, 6, 7, 9, 11, 12, 13, 14], "neighbors": [26, 21, 12, 17, 30, 16, 13, 19, 28, 4, 31, 33, 9, 0, 24, 34, 11, 22, 3, 7, 10, 8, 27]}, {"capacity": 390, "impossibleCargos": [1, 2, 3, 4, 5, 6, 7, 8, 9, 10, 11, 12, 13, 14], "neighbors": [4, 33, 26, 6, 24, 15, 23, 5, 0, 17, 16, 29, 25, 19, 2, 21, 32, 11, 18, 10, 8, 22, 9, 12, 1, 28]}, {"capacity": 628, "impossibleCargos": [1, 2, 4, 5, 6, 8, 9, 11, 12, 13], "neighbors": [11, 3, 16, 27, 22, 25, 8, 1, 10, 26, 32, 18, 2, 17, 29, 14, 21, 5, 33, 19, 24, 13, 23, 9, 28, 20, 6, 34, 31, 12]}, {"capacity": 215, "impossibleCargos": [0, 2, 3, 4, 5, 6, 7, 8, 11, 13], "neighbors": [9, 10, 12, 30, 29, 3, 4, 18, 6, 14, 26, 22, 25, 11, 28, 20, 33, 13, 24, 31, 1, 27]}, {"capacity": 738, "impossibleCargos": [1, 3, 4, 6, 7, 10, 12, 13], "neighbors": [15, 10, 34, 18, 3, 8, 25, 5, 16, 32, 23, 20, 17, 28, 7, 30, 4, 19, 13, 27, 21, 1, 11, 12]}, {"capacity": 502, "impossibleCargos": [0, 3, 4, 5, 6, 7, 8, 9, 11, 13, 14], "neighbors": [19, 18, 15, 1, 13, 34, 30, 32, 17, 27, 9, 11, 8, 10, 24, 6, 28, 12, 2, 25, 20, 26, 14]}, {"capacity": 735, "impossibleCargos": [1, 2, 3, 5, 7, 8, 9, 10, 13, 14], "neighbors": [1, 26, 11, 32, 25, 4, 28, 22, 31, 19, 16, 34, 20, 6, 0, 23, 17, 15, 12, 7, 13, 3, 2, 21, 9, 27, 24, 10]}, {"capacity": 353, "impossibleCargos": [1, 2, 4, 5, 6, 8, 10, 11, 12, 13, 14], "neighbors": [5, 24, 34, 11, 23, 17, 18, 20, 21, 26, 12, 22, 2, 7, 25, 1, 33, 32, 4, 30, 13, 8, 3, 15]}, {"capacity": 471, "impossibleCargos": [0, 1, 4, 6, 8, 9, 12, 13, 14], "neighbors": [5, 29, 14, 20, 28, 4, 6, 13, 1, 23, 19, 24, 18, 0, 11, 26, 25, 30, 16, 7, 31, 22, 12, 17, 3, 2, 32, 8]}, {"capacity": 235, "impossibleCargos": [0, 1, 2, 3, 4, 5, 6, 8, 9, 10, 12, 13], "neighbors": [4, 28, 9, 8, 1, 20, 32, 13, 21, 27, 17, 10, 7, 5, 18, 2, 29, 15, 0, 25, 31, 3, 12, 19, 14, 33, 6, 34, 30, 23, 16]}, {"capacity": 474, "impossibleCargos": [1, 3, 4, 5, 6, 9, 11, 12, 13, 14], "neighbors": [2, 33, 18, 5, 32, 1, 29, 14, 9, 21, 23, 15, 24, 13, 22, 16, 8, 0, 10, 11, 7, 34, 3, 4, 6]}, {"capacity": 465, "impossibleCargos": [0, 1, 3, 5, 7, 8, 9, 10, 12, 14], "neighbors": [14, 19, 30, 1, 2, 21, 15, 22, 10, 7, 32, 16, 11, 18, 0, 12, 31, 4, 23, 8, 28, 9, 6, 26, 29, 5, 24]}, {"capacity": 614, "impossibleCargos": [0, 2, 3, 4, 5, 6, 8, 11, 13], "neighbors": [13, 10, 26, 22, 25, 32, 21, 12, 33, 4, 24, 27, 30, 16, 5, 18, 23, 1, 19, 11, 28, 7, 20]}, {"capacity": 937, "impossibleCargos": [0, 1, 3, 4, 6, 7, 8, 10, 11, 12, 14], "neighbors": [6, 7, 24, 13, 34, 3, 25, 29, 33, 12, 28, 0, 32, 1, 8, 20, 31, 27, 21, 11, 18, 22, 30, 9]}, {"capacity": 570, "impossibleCargos": [0, 1, 3, 4, 5, 6, 7, 9, 11, 12, 13, 14], "neighbors": [26, 19, 4, 20, 2, 27, 34, 8, 25, 21, 33, 13, 28, 29, 14, 3, 12, 6, 22, 31, 10, 18, 23, 1, 11]}, {"capacity": 644, "impossibleCargos": [0, 2, 5, 6, 7, 9, 10, 11, 12, 13, 14], "neighbors": [2, 28, 9, 22, 20, 4, 33, 29, 19, 3, 7, 11, 8, 34, 21, 6, 18, 10, 30, 32, 0, 25]}, {"capacity": 968, "impossibleCargos": [0, 1, 2, 4, 5, 6, 7, 8, 9, 10, 12, 13], "neighbors": [7, 26, 12, 9, 19, 28, 4, 31, 6, 25, 20, 13, 5, 10, 14, 27, 32, 11, 0, 21, 17, 16, 15, 3, 33, 29]}, {"capacity": 296, "impossibleCargos": [1, 3, 4, 5, 7, 8, 9, 10, 11, 12, 14], "neighbors": [26, 13, 7, 16, 8, 18, 2, 34, 30, 20, 32, 17, 10, 4, 14, 23, 3, 0, 28, 11, 6, 29, 21, 24, 33, 25]}, {"capacity": 862, "impossibleCargos": [0, 1, 4, 6, 7, 8, 9, 11, 14], "neighbors": [16, 10, 11, 9, 17, 28, 18, 19, 8, 25, 0, 1, 32, 6, 15, 29, 22, 27, 5, 33, 4, 31, 21, 23, 34, 7, 30, 14]}, {"capacity": 417, "impossibleCargos": [0, 1, 3, 4, 7, 8, 9, 10, 11, 14], "neighbors": [2, 25, 27, 32, 24, 13, 16, 14, 26, 9, 22, 12, 4, 11, 17, 23, 15, 28, 30, 18, 3, 34, 29, 19, 20, 8, 6, 1, 31]}, {"capacity": 984, "impossibleCargos": [0, 1, 2, 3, 4, 5, 7, 9, 10, 11, 12, 13, 14], "neighbors": [23, 31, 4, 32, 8, 29, 14, 13, 24, 17, 21, 9, 26, 12, 16, 5, 1, 2, 27, 0, 20, 10, 34, 3, 15]}, {"capacity": 640, "impossibleCargos": [1, 3, 5, 6, 7, 8, 9, 10, 12], "neighbors": [22, 9, 34, 28, 10, 33, 3, 24, 27, 12, 8, 32, 6, 14, 30, 21, 25, 19, 13, 4, 29, 16, 1, 20, 26, 11]}, {"capacity": 550, "impossibleCargos": [1, 2, 3, 4, 5, 6, 8, 9, 10, 11, 12], "neighbors": [29, 9, 0, 15, 21, 22, 3, 1, 23, 10, 12, 14, 33, 4, 32, 2, 31, 30, 7, 25, 19, 28, 8, 5, 13]}, {"capacity": 228, "impossibleCargos": [0, 1, 2, 3, 4, 6, 7, 8, 10, 11, 12, 13, 14], "neighbors": [30, 21, 8, 4, 14, 16, 15, 18, 20, 6, 32, 33, 5, 10, 9, 3, 23, 11, 29, 24, 1, 7, 19, 28, 17]}, {"capacity": 414, "impossibleCargos": [0, 1, 3, 4, 5, 6, 7, 9, 10, 11], "neighbors": [19, 2, 16, 8, 18, 3, 14, 4, 34, 21, 9, 22, 1, 5, 10, 27, 33, 32, 0, 30, 29, 13, 31, 7, 23]}, {"capacity": 526, "impossibleCargos": [0, 2, 3, 4, 5, 8, 10, 11, 12, 13, 14], "neighbors": [4, 21, 34, 16, 29, 33, 0, 23, 14, 11, 7, 26, 18, 15, 31, 22, 20, 6, 8, 2, 5, 28]}, {"capacity": 486, "impossibleCargos": [0, 1, 2, 3, 4, 5, 7, 8, 9, 11, 13], "neighbors": [11, 17, 10, 8, 18, 31, 23, 2, 20, 16, 32, 15, 33, 0, 1, 21, 6, 19, 5, 7, 4, 13, 24, 14, 29, 34, 30, 25, 3, 27]}, {"capacity": 877, "impossibleCargos": [1, 3, 4, 5, 6, 7, 8, 9, 10, 11, 13, 14], "neighbors": [24, 10, 22, 34, 27, 12, 5, 32, 17, 4, 15, 16, 31, 3, 11, 0, 20, 25, 26, 21, 19, 23, 1, 13, 28, 33, 18]}, {"capacity": 305, "impossibleCargos": [2, 3, 7, 9, 10, 13, 14], "neighbors": [13, 25, 32, 2, 5, 19, 7, 31, 14, 1, 23, 10, 21, 33, 24, 6, 9, 26, 17, 20, 28, 15, 34, 11]}, {"capacity": 801, "impossibleCargos": [1, 2, 4, 5, 6, 8, 9, 11, 12, 14], "neighbors": [0, 22, 8, 33, 28, 18, 34, 2, 30, 29, 13, 24, 15, 27, 16, 10, 11, 20, 4, 26, 21, 5]}, {"capacity": 481, "impossibleCargos": [0, 2, 4, 5, 7, 9, 10, 11, 13, 14], "neighbors": [30, 8, 22, 21, 34, 12, 4, 14, 11, 13, 29, 19, 7, 28, 25, 20, 15, 23, 24, 6, 18, 26, 9, 3, 1, 17, 10]}, {"capacity": 963, "impossibleCargos": [0, 2, 4, 9, 10, 11, 12, 13], "neighbors": [12, 3, 34, 0, 31, 16, 14, 23, 17, 27, 2, 15, 28, 4, 24, 25, 26, 9, 30, 20, 5, 1, 18, 19, 11, 29]}, {"capacity": 484, "impossibleCargos": [1, 2, 5, 8, 9, 11, 12, 14], "neighbors": [9, 33, 27, 32, 16, 23, 6, 26, 29, 19, 8, 15, 31, 7, 17, 2, 1, 22, 21, 12, 20, 4, 28, 30, 11]}]}