{"volumes": [2030, 2661, 2033, 1443, 1190, 0, 1944, 1346, 0, 353, 1223, 601, 886, 585, 781], "conflicts": [[0, 5], [1, 5], [2, 5], [2, 8], [3, 8], [4, 8], [5, 6], [5, 8], [5, 10], [5, 11], [5, 13], [7, 8], [8, 10], [8, 14]], "tanks": [{"capacity": 356, "impossibleCargos": [0, 1, 2, 3, 5, 6, 7, 8, 9, 10, 11, 12], "neighbors": [5, 32, 15, 14, 17, 34, 16, 24, 1, 4, 27, 22, 33, 31, 25, 20, 2, 13, 12, 26, 23, 3, 7, 9, 8, 28]}, {"capacity": 504, "impossibleCargos": [1, 2, 3, 4, 6, 7, 8, 10, 11, 12, 13, 14], "neighbors": [12, 34, 5, 4, 11, 18, 26, 24, 0, 30, 23, 7, 13, 10, 25, 2, 8, 20, 33, 32, 17, 31]}, {"capacity": 941, "impossibleCargos": [0, 3, 4, 5, 6, 7, 8, 12, 14], "neighbors": [7, 18, 25, 26, 29, 11, 19, 30, 21, 8, 5, 13, 31, 23, 0, 15, 1, 16, 6, 34, 12, 24, 27, 4, 22, 17, 20, 14]}, {"capacity": 599, "impossibleCargos": [1, 2, 3, 4, 5, 6, 7, 9, 10, 13], "neighbors": [31, 12, 29, 34, 26, 10, 17, 19, 28, 4, 24, 20, 15, 25, 11, 33, 9, 6, 30, 8, 27, 21, 13, 0, 32]}, {"capacity": 831, "impossibleCargos": [0, 1, 3, 4, 6, 7, 8, 11, 12, 13], "neighbors": [30, 32, 7, 15, 24, 25, 29, 14, 6, 27, 3, 1, 16, 0, 11, 18, 10, 33, 26, 28, 5, 9, 2, 19, 22]}, {"capacity": 256, "impossibleCargos": [0, 1, 2, 3, 5, 6, 7, 8, 10, 11, 13], "neighbors": [20, 0, 18, 23, 34, 16, 15, 1, 30, 10, 24, 14, 19, 6, 2, 27, 28, 26, 12, 31, 29, 4, 25, 32]}, {"capacity": 567, "impossibleCargos": [0, 2, 5, 6, 7, 10, 11, 12, 13], "neighbors": [7, 14, 4, 17, 9, 20, 10, 33, 25, 29, 28, 5, 23, 8, 34, 26, 3, 22, 31, 16, 2, 13, 11, 27, 21, 12]}, {"capacity": 336, "impossibleCargos": [1, 2, 3, 5, 7, 9, 11, 14], "neighbors": [4, 6, 24, 16, 10, 2, 30, 12, 15, 9, 34, 31, 13, 1, 32, 11, 29, 14, 28, 33, 21, 27, 0, 8, 17, 25]}, {"capacity": 537, "impossibleCargos": [1, 2, 3, 5, 6, 8, 9, 11, 12], "neighbors": [26, 15, 28, 22, 21, 16, 29, 25, 24, 2, 6, 12, 23, 10, 34, 3, 17, 1, 32, 27, 19, 7, 18, 0, 31]}, {"capacity": 928, "impossibleCargos": [0, 1, 2, 3, 4, 5, 8, 11, 12, 13, 14], "neighbors": [6, 29, 21, 7, 31, 11, 32, 25, 16, 28, 13, 17, 12, 3, 26, 24, 4, 33, 23, 0, 15, 14]}, {"capacity": 355, "impossibleCargos": [0, 1, 3, 6, 9, 10, 11, 13, 14], "neighbors": [30, 7, 34, 24, 3, 6, 5, 28, 18, 22, 11, 19, 14, 17, 4, 8, 25, 1, 12, 29, 23, 16, 33, 27, 13, 21, 15, 32]}, {"capacity": 771, "impossibleCargos": [0, 2, 3, 4, 5, 6, 8, 9, 10, 12, 13], "neighbors": [15, 25, 30, 1, 2, 19, 27, 9, 3, 4, 10, 13, 21, 28, 32, 7, 20, 16, 24, 17, 14, 31, 6, 22, 26, 33]}, {"capacity": 942, "impossibleCargos": [0, 1, 2, 3, 4, 5, 8, 9, 11, 13, 14], "neighbors": [3, 1, 20, 7, 32, 26, 13, 28, 9, 15, 8, 33, 29, 14, 10, 30, 0, 5, 21, 16, 2, 34, 23, 22, 19, 6, 24]}, {"capacity": 941, "impossibleCargos": [0, 1, 3, 4, 5, 6, 9, 10, 11, 14], "neighbors": [22, 28, 24, 31, 17, 30, 26, 11, 9, 12, 7, 16, 1, 2, 23, 0, 21, 32, 20, 14, 18, 6, 19, 33, 27, 3, 10, 25]}, {"capacity": 763, "impossibleCargos": [0, 2, 5, 8, 9, 10, 11, 12], "neighbors": [6, 20, 4, 0, 16, 5, 27, 10, 24, 12, 7, 13, 29, 23, 11, 15, 28, 33, 31, 34, 18, 2, 9]}, {"capacity": 704, "impossibleCargos": [0, 1, 2, 4, 5, 6, 9, 11, 12, 13, 14], "neighbors": [4, 0, 11, 8, 7, 30, 5, 25, 32, 3, 26, 12, 33, 24, 16, 21, 2, 23, 31, 27, 19, 14, 34, 9, 10]}, {"capacity": 910, "impossibleCargos": [0, 4, 5, 10, 11, 13, 14], "neighbors": [33, 7, 27, 5, 0, 31, 30, 14, 19, 4, 8, 22, 9, 24, 13, 29, 6, 15, 2, 11, 12, 26, 10, 28, 23, 18]}, {"capacity": 333, "impossibleCargos": [0, 1, 3, 4, 5, 6, 8, 9, 12, 13, 14], "neighbors": [33, 29, 34, 18, 22, 6, 0, 3, 13, 9, 19, 10, 27, 28, 32, 21, 8, 11, 24, 2, 7, 1]}, {"capacity": 316, "impossibleCargos": [0, 1, 4, 6, 7, 8, 9, 10, 11, 12, 14], "neighbors": [34, 5, 24, 17, 27, 2, 25, 23, 1, 29, 10, 4, 19, 13, 8, 28, 32, 14, 16, 20]}, {"capacity": 921, "impossibleCargos": [0, 1, 2, 3, 4, 5, 6, 7, 8, 10, 11, 12, 13], "neighbors": [29, 3, 16, 31, 11, 2, 5, 10, 26, 17, 23, 33, 18, 20, 32, 22, 13, 4, 15, 8, 27, 30, 12]}, {"capacity": 648, "impossibleCargos": [0, 1, 3, 4, 5, 7, 8, 10, 11, 13, 14], "neighbors": [5, 21, 34, 29, 14, 12, 6, 25, 24, 3, 23, 31, 0, 11, 19, 28, 13, 22, 26, 1, 32, 2, 27, 30, 18, 33]}, {"capacity": 806, "impossibleCargos": [0, 1, 2, 3, 4, 5, 6, 7, 8, 9, 10, 11, 13], "neighbors": [33, 20, 34, 9, 31, 8, 30, 2, 25, 27, 26, 29, 11, 22, 28, 17, 15, 13, 12, 7, 3, 23, 10, 6]}, {"capacity": 357, "impossibleCargos": [0, 2, 3, 4, 6, 8, 9, 14], "neighbors": [13, 26, 17, 29, 24, 8, 27, 10, 32, 16, 31, 0, 25, 21, 6, 33, 19, 20, 34, 2, 11, 12, 4]}, {"capacity": 641, "impossibleCargos": [0, 3, 4, 5, 6, 8, 9, 10, 11, 12, 13, 14], "neighbors": [29, 27, 5, 18, 32, 20, 6, 1, 19, 8, 34, 13, 2, 15, 25, 10, 0, 14, 21, 12, 9, 33, 16, 26, 31]}, {"capacity": 367, "impossibleCargos": [0, 2, 5, 6, 7, 9, 10, 11, 13, 14], "neighbors": [7, 4, 18, 10, 22, 29, 25, 13, 5, 20, 3, 0, 1, 32, 34, 8, 16, 14, 27, 15, 9, 11, 2, 17, 30, 28, 31, 12]}, {"capacity": 927, "impossibleCargos": [0, 3, 4, 5, 6, 7, 8, 9, 10, 11, 13, 14], "neighbors": [4, 11, 18, 24, 2, 31, 20, 32, 15, 6, 3, 26, 9, 8, 21, 22, 0, 10, 29, 28, 1, 23, 5, 33, 7, 13]}, {"capacity": 856, "impossibleCargos": [1, 2, 3, 4, 6, 7, 8, 9, 10, 12, 14], "neighbors": [22, 8, 3, 32, 2, 33, 1, 15, 25, 12, 13, 29, 19, 21, 34, 6, 27, 28, 9, 4, 5, 0, 30, 31, 16, 20, 11, 23]}, {"capacity": 385, "impossibleCargos": [0, 1, 2, 3, 4, 5, 9, 10, 11, 12, 13], "neighbors": [31, 23, 16, 4, 18, 33, 22, 11, 0, 14, 21, 30, 29, 17, 5, 24, 26, 3, 2, 15, 13, 8, 7, 6, 28, 19, 20, 10, 32]}, {"capacity": 508, "impossibleCargos": [0, 1, 2, 5, 6, 7, 9, 11, 12, 13, 14], "neighbors": [30, 13, 8, 3, 10, 6, 31, 9, 34, 12, 29, 17, 5, 11, 21, 25, 26, 20, 33, 7, 4, 32, 16, 14, 18, 27, 24, 0]}, {"capacity": 539, "impossibleCargos": [1, 2, 4, 5, 8, 9, 10, 11, 12], "neighbors": [3, 17, 23, 4, 19, 20, 22, 24, 9, 32, 2, 30, 18, 6, 8, 26, 34, 28, 31, 27, 21, 12, 33, 25, 16, 10, 7, 5, 14]}, {"capacity": 729, "impossibleCargos": [0, 2, 3, 4, 5, 6, 7, 8, 9, 10, 11, 12, 13, 14], "neighbors": [4, 28, 10, 7, 11, 15, 5, 16, 33, 29, 21, 13, 2, 1, 27, 31, 12, 3, 26, 24, 20, 19]}, {"capacity": 955, "impossibleCargos": [0, 2, 3, 5, 8, 9, 11, 13, 14], "neighbors": [3, 27, 25, 16, 13, 21, 19, 9, 28, 20, 7, 22, 29, 0, 30, 6, 2, 32, 5, 26, 15, 34, 11, 14, 1, 24, 23, 8]}, {"capacity": 580, "impossibleCargos": [0, 1, 2, 3, 4, 5, 6, 10, 13, 14], "neighbors": [4, 0, 26, 12, 29, 25, 23, 15, 22, 24, 9, 17, 7, 11, 19, 31, 34, 13, 8, 28, 1, 20, 3, 18, 5, 27, 10]}, {"capacity": 248, "impossibleCargos": [1, 3, 4, 5, 7, 8, 9, 10, 13, 14], "neighbors": [21, 16, 17, 27, 26, 6, 30, 3, 0, 15, 19, 12, 29, 4, 22, 28, 7, 9, 13, 34, 10, 1, 14, 23, 25, 11, 20]}, {"capacity": 721, "impossibleCargos": [0, 2, 5, 7, 11, 12, 13, 14], "neighbors": [18, 3, 17, 10, 20, 5, 1, 21, 0, 24, 7, 28, 29, 6, 26, 23, 8, 32, 2, 12, 22, 31, 33, 15, 14]}]}