{"volumes": [1351, 968, 1967, 474, 1154, 1888, 414, 670, 383, 447, 833, 749, 1305, 222, 1629], "conflicts": [[6, 8], [9, 13]], "tanks": [{"capacity": 785, "impossibleCargos": [0, 2, 3, 5, 6, 7, 8, 13], "neighbors": [27, 23, 13, 10, 16, 25, 1, 29, 11, 34, 8, 17, 30, 14, 15, 3, 32, 9, 12, 19, 26, 5, 18, 7, 2, 6, 28]}, {"capacity": 376, "impossibleCargos": [0, 2, 3, 4, 6, 7, 8, 9, 10, 11, 12, 13, 14], "neighbors": [34, 20, 14, 18, 8, 31, 15, 2, 0, 5, 24, 29, 3, 22, 32, 4, 9, 21, 27, 10, 28, 23, 7, 25, 19, 33]}, {"capacity": 532, "impossibleCargos": [1, 2, 3, 4, 5, 7, 10, 11, 12, 13, 14], "neighbors": [33, 30, 23, 20, 14, 1, 29, 6, 10, 21, 19, 27, 8, 28, 12, 18, 26, 32, 24, 0, 34, 16, 15]}, {"capacity": 679, "impossibleCargos": [0, 3, 4, 5, 6, 7, 8, 9, 10, 11, 13], "neighbors": [28, 12, 10, 29, 34, 31, 26, 15, 11, 1, 5, 7, 0, 19, 13, 4, 20, 24, 22, 6, 27, 30, 21, 23, 9, 25, 14, 32]}, {"capacity": 654, "impossibleCargos": [0, 2, 3, 6, 7, 8, 11, 12, 13], "neighbors": [22, 19, 18, 33, 10, 14, 5, 24, 21, 7, 29, 6, 1, 12, 28, 15, 3, 25, 11, 27, 26, 9, 32, 8]}, {"capacity": 966, "impossibleCargos": [0, 1, 3, 5, 7, 8, 9, 11, 12, 13, 14], "neighbors": [30, 25, 26, 12, 18, 21, 33, 20, 9, 6, 14, 34, 1, 4, 17, 8, 3, 16, 32, 19, 0, 22, 31, 11, 29, 10, 28, 24]}, {"capacity": 360, "impossibleCargos": [0, 2, 5, 6, 8, 9, 12, 13, 14], "neighbors": [10, 21, 33, 34, 5, 2, 25, 15, 11, 19, 7, 8, 4, 31, 18, 17, 13, 3, 30, 27, 32, 0, 22, 23, 20, 16, 14]}, {"capacity": 687, "impossibleCargos": [2, 3, 5, 6, 7, 9, 10, 12, 13, 14], "neighbors": [17, 11, 23, 28, 13, 29, 34, 26, 24, 15, 6, 4, 31, 10, 3, 19, 9, 25, 21, 12, 30, 8, 32, 0, 16, 1, 18]}, {"capacity": 891, "impossibleCargos": [0, 2, 5, 7, 8, 9, 10, 11, 13, 14], "neighbors": [25, 27, 20, 33, 1, 29, 28, 26, 14, 34, 0, 5, 30, 17, 6, 18, 21, 15, 2, 31, 23, 11, 7, 32, 16, 10, 13, 4]}, {"capacity": 678, "impossibleCargos": [0, 1, 3, 4, 5, 7, 8, 10, 11, 12, 13], "neighbors": [15, 17, 18, 27, 16, 29, 5, 28, 13, 26, 34, 30, 14, 1, 7, 0, 11, 12, 21, 20, 33, 4, 3, 31]}, {"capacity": 876, "impossibleCargos": [5, 7, 11, 13, 14], "neighbors": [19, 15, 14, 0, 6, 3, 26, 17, 31, 4, 23, 2, 20, 7, 28, 13, 33, 25, 11, 12, 34, 16, 18, 30, 1, 24, 21, 8, 5]}, {"capacity": 330, "impossibleCargos": [1, 2, 4, 5, 6, 8, 10, 12], "neighbors": [25, 17, 12, 22, 7, 19, 0, 14, 32, 3, 6, 27, 18, 9, 10, 33, 20, 8, 4, 5, 34, 16, 26, 30]}, {"capacity": 531, "impossibleCargos": [0, 1, 2, 3, 6, 9, 12, 13, 14], "neighbors": [24, 5, 3, 11, 30, 26, 18, 22, 0, 4, 10, 9, 28, 31, 21, 29, 2, 7, 19, 14, 20, 32]}, {"capacity": 233, "impossibleCargos": [0, 1, 2, 4, 6, 7, 8, 9, 10, 12, 13, 14], "neighbors": [0, 33, 19, 21, 7, 25, 23, 17, 34, 28, 9, 29, 10, 31, 3, 15, 14, 6, 16, 22, 8, 32, 27]}, {"capacity": 509, "impossibleCargos": [0, 1, 2, 3, 4, 5, 6, 7, 9, 11, 12, 13], "neighbors": [1, 10, 21, 2, 33, 28, 4, 24, 5, 22, 8, 11, 34, 0, 30, 9, 27, 16, 13, 12, 31, 17, 6, 3, 23, 25]}, {"capacity": 254, "impossibleCargos": [0, 1, 3, 4, 5, 6, 8, 12, 13, 14], "neighbors": [25, 9, 10, 19, 1, 30, 16, 3, 6, 21, 7, 26, 0, 8, 32, 4, 13, 17, 28, 34, 22, 20, 2]}, {"capacity": 396, "impossibleCargos": [0, 1, 5, 7, 9, 10, 11, 13, 14], "neighbors": [24, 33, 31, 9, 0, 17, 15, 23, 25, 22, 34, 5, 10, 20, 14, 32, 28, 7, 13, 2, 8, 11, 6, 29]}, {"capacity": 679, "impossibleCargos": [0, 2, 3, 4, 6, 7, 12, 13], "neighbors": [34, 7, 9, 11, 10, 26, 16, 13, 24, 5, 0, 8, 19, 30, 20, 28, 33, 32, 15, 6, 29, 14, 27, 18]}, {"capacity": 333, "impossibleCargos": [1, 2, 3, 4, 5, 7, 8, 10, 11, 12, 13, 14], "neighbors": [9, 1, 31, 5, 4, 12, 8, 11, 27, 19, 23, 6, 22, 10, 32, 2, 0, 33, 25, 7, 21, 17]}, {"capacity": 489, "impossibleCargos": [2, 3, 4, 8, 9, 10, 11, 13], "neighbors": [10, 23, 13, 32, 21, 4, 15, 11, 2, 27, 6, 17, 31, 7, 3, 34, 33, 20, 18, 24, 0, 26, 12, 5, 30, 22, 29, 1]}, {"capacity": 526, "impossibleCargos": [0, 1, 2, 3, 4, 5, 6, 7, 10, 12, 13, 14], "neighbors": [22, 8, 32, 1, 2, 28, 5, 34, 27, 10, 25, 29, 26, 17, 30, 19, 16, 3, 9, 11, 15, 24, 12, 23, 21, 6, 31]}, {"capacity": 897, "impossibleCargos": [1, 3, 4, 5, 6, 7, 8, 9, 12, 13, 14], "neighbors": [25, 27, 6, 19, 13, 5, 34, 14, 32, 24, 15, 2, 4, 22, 8, 1, 28, 7, 9, 12, 26, 31, 30, 33, 10, 3, 20, 18]}, {"capacity": 380, "impossibleCargos": [0, 2, 4, 5, 6, 8, 9, 10, 14], "neighbors": [20, 4, 31, 23, 33, 11, 29, 14, 25, 27, 12, 1, 21, 16, 18, 3, 5, 26, 19, 32, 15, 28, 13, 30, 6]}, {"capacity": 400, "impossibleCargos": [0, 1, 2, 3, 4, 5, 6, 7, 8, 9, 10, 14], "neighbors": [22, 0, 19, 27, 2, 7, 13, 10, 16, 31, 34, 33, 26, 18, 8, 32, 24, 20, 1, 3, 6, 14, 29, 28]}, {"capacity": 520, "impossibleCargos": [0, 1, 2, 3, 4, 5, 7, 10, 11, 12, 13], "neighbors": [16, 12, 29, 17, 14, 21, 1, 7, 4, 26, 27, 31, 19, 3, 33, 10, 2, 30, 23, 20, 32, 5]}, {"capacity": 258, "impossibleCargos": [0, 2, 3, 5, 6, 7, 8, 9, 10, 11, 13, 14], "neighbors": [8, 15, 11, 21, 5, 34, 26, 13, 0, 33, 29, 6, 27, 22, 20, 16, 30, 10, 7, 4, 18, 1, 3, 14]}, {"capacity": 355, "impossibleCargos": [0, 1, 2, 3, 4, 5, 6, 7, 8, 10, 11, 13, 14], "neighbors": [5, 10, 28, 25, 17, 8, 34, 7, 3, 33, 9, 12, 15, 24, 23, 20, 21, 19, 32, 0, 22, 2, 31, 27, 4, 11, 30, 29]}, {"capacity": 984, "impossibleCargos": [0, 1, 2, 3, 4, 7, 8, 9, 10, 13, 14], "neighbors": [8, 0, 21, 23, 9, 20, 25, 22, 33, 19, 2, 11, 24, 18, 32, 1, 14, 3, 4, 30, 6, 26, 13, 17]}, {"capacity": 790, "impossibleCargos": [0, 1, 4, 5, 6, 7, 8, 9, 10, 11, 12, 14], "neighbors": [3, 34, 26, 7, 20, 31, 14, 8, 9, 13, 33, 29, 10, 21, 17, 4, 12, 2, 15, 16, 1, 22, 5, 30, 0, 23]}, {"capacity": 614, "impossibleCargos": [0, 1, 2, 3, 4, 5, 6, 7, 8, 9, 10, 11, 13], "neighbors": [24, 8, 3, 9, 33, 2, 22, 32, 7, 0, 25, 30, 1, 28, 34, 13, 20, 4, 12, 19, 5, 17, 26, 23, 16]}, {"capacity": 970, "impossibleCargos": [2, 3, 4, 7, 8, 9, 10, 11, 12, 13], "neighbors": [5, 33, 2, 15, 12, 29, 0, 8, 17, 9, 14, 25, 34, 20, 10, 7, 32, 19, 27, 6, 24, 21, 3, 22, 26, 28, 11]}, {"capacity": 457, "impossibleCargos": [0, 1, 2, 3, 4, 5, 7, 9, 10, 12, 13, 14], "neighbors": [22, 16, 1, 18, 10, 32, 28, 3, 23, 19, 7, 6, 13, 24, 12, 8, 34, 21, 5, 26, 14, 9, 20]}, {"capacity": 684, "impossibleCargos": [1, 4, 5, 6, 8, 9, 11, 12, 13], "neighbors": [20, 19, 31, 21, 29, 11, 1, 0, 27, 15, 17, 5, 23, 18, 26, 30, 7, 8, 16, 2, 22, 6, 24, 12, 13, 4, 33, 3]}, {"capacity": 567, "impossibleCargos": [0, 2, 6, 7, 8, 9, 10, 11, 13, 14], "neighbors": [16, 22, 8, 30, 13, 2, 6, 29, 5, 4, 14, 25, 28, 26, 23, 34, 27, 10, 19, 17, 11, 24, 18, 9, 21, 32, 1]}, {"capacity": 507, "impossibleCargos": [0, 2, 3, 4, 5, 6, 9, 11, 12, 13, 14], "neighbors": [1, 17, 25, 28, 21, 6, 3, 20, 13, 5, 7, 26, 8, 0, 9, 23, 14, 33, 29, 16, 19, 30, 10, 31, 15, 2, 11]}]}