{"volumes": [228, 508, 1096, 540, 588, 0, 239, 721, 813, 935, 245, 208, 459, 611, 717], "conflicts": [[0, 3], [1, 6], [1, 10], [1, 11], [2, 7], [3, 10], [5, 6], [5, 11], [5, 12], [6, 10], [6, 13], [9, 11], [10, 12], [11, 14], [12, 13]], "tanks": [{"capacity": 253, "impossibleCargos": [0, 4, 6, 8, 9, 10, 12, 13], "neighbors": [12, 8, 15, 29, 1, 13, 23, 21, 34, 20, 17]}, {"capacity": 201, "impossibleCargos": [0, 3, 6, 11, 14], "neighbors": [4, 28, 22, 0, 21]}, {"capacity": 285, "impossibleCargos": [1, 2, 4, 9, 10, 11, 13], "neighbors": [30, 21, 29, 6]}, {"capacity": 211, "impossibleCargos": [7, 9, 10, 12], "neighbors": [5, 26, 7, 8, 6, 18, 27]}, {"capacity": 292, "impossibleCargos": [0, 3, 5, 6, 8, 11, 13, 14], "neighbors": [29, 1, 18, 17, 5, 27, 15, 13, 14, 33, 16]}, {"capacity": 217, "impossibleCargos": [1, 3, 4, 8, 9, 11, 13], "neighbors": [3, 6, 18, 4, 21, 20, 11, 27, 22, 23, 24]}, {"capacity": 258, "impossibleCargos": [1, 2, 3, 9, 11, 12, 13], "neighbors": [25, 5, 32, 22, 3, 2, 12, 21]}, {"capacity": 225, "impossibleCargos": [1, 4, 5, 7, 8, 10, 12], "neighbors": [24, 27, 22, 30, 3, 34, 26, 19, 11, 13]}, {"capacity": 246, "impossibleCargos": [1, 4, 7, 9], "neighbors": [20, 9, 0, 3, 24, 26, 16]}, {"capacity": 225, "impossibleCargos": [2, 3, 4, 5, 6, 9, 13, 14], "neighbors": [32, 10, 34, 11, 8, 21, 15, 31]}, {"capacity": 292, "impossibleCargos": [2, 3, 4, 5, 6, 9, 10, 12], "neighbors": [28, 9, 29, 17, 21, 16, 26, 27, 15, 31]}, {"capacity": 283, "impossibleCargos": [1, 2, 3, 4, 6, 7, 9, 10, 12, 13, 14], "neighbors": [16, 15, 9, 26, 21, 5, 23, 18, 7, 12]}, {"capacity": 260, "impossibleCargos": [0, 4, 5, 11, 14], "neighbors": [14, 18, 0, 20, 30, 31, 11, 6]}, {"capacity": 284, "impossibleCargos": [2, 3, 9, 14], "neighbors": [27, 23, 19, 14, 22, 0, 4, 31, 7]}, {"capacity": 243, "impossibleCargos": [2, 3, 7, 8, 10, 13, 14], "neighbors": [12, 13, 16, 4, 17]}, {"capacity": 262, "impossibleCargos": [0, 1, 2, 5, 7, 8, 9, 10, 11, 13], "neighbors": [33, 18, 26, 11, 23, 10, 4, 31, 0, 9, 29]}, {"capacity": 211, "impossibleCargos": [0, 1, 4, 5, 6, 7, 8, 9, 10], "neighbors": [11, 34, 20, 24, 29, 22, 10, 18, 23, 14, 8, 26, 4]}, {"capacity": 203, "impossibleCargos": [0, 1, 2, 4, 7, 8, 9, 10, 12], "neighbors": [32, 4, 10, 14, 0]}, {"capacity": 242, "impossibleCargos": [0, 2, 3, 4, 8, 11, 12, 13], "neighbors": [32, 27, 15, 29, 4, 33, 5, 12, 16, 34, 11, 3]}, {"capacity": 238, "impossibleCargos": [2, 4, 5, 10, 11, 13, 14], "neighbors": [13, 22, 7]}, {"capacity": 217, "impossibleCargos": [1, 7, 8, 13, 14], "neighbors": [16, 8, 24, 12, 5, 22, 21, 0]}, {"capacity": 210, "impossibleCargos": [0, 2, 3, 12, 14], "neighbors": [26, 29, 24, 28, 10, 5, 2, 11, 34, 20, 0, 9, 1, 6]}, {"capacity": 238, "impossibleCargos": [0, 5, 8, 9, 12, 13], "neighbors": [7, 1, 26, 13, 16, 19, 31, 20, 29, 6, 5]}, {"capacity": 295, "impossibleCargos": [1, 3, 5, 7, 11, 13], "neighbors": [13, 29, 25, 15, 11, 16, 0, 5]}, {"capacity": 300, "impossibleCargos": [1, 3, 7, 10, 13, 14], "neighbors": [7, 21, 20, 16, 8, 26, 31, 5]}, {"capacity": 275, "impossibleCargos": [0, 8, 11, 13], "neighbors": [6, 23, 34, 33]}, {"capacity": 280, "impossibleCargos": [5, 7, 13, 14], "neighbors": [21, 15, 22, 3, 11, 10, 24, 7, 8, 16, 29]}, {"capacity": 262, "impossibleCargos": [0, 7, 9, 10, 11], "neighbors": [13, 7, 18, 10, 4, 5, 3]}, {"capacity": 219, "impossibleCargos": [0, 1, 2, 3, 4, 5, 6, 7, 8, 13], "neighbors": [32, 1, 10, 21, 31, 29]}, {"capacity": 265, "impossibleCargos": [0, 1, 4, 8, 9, 10, 12, 14], "neighbors": [4, 21, 23, 32, 18, 10, 16, 33, 2, 22, 0, 26, 28, 15]}, {"capacity": 200, "impossibleCargos": [1, 5, 7, 8, 9, 10, 12, 13, 14], "neighbors": [7, 33, 31, 2, 12]}, {"capacity": 200, "impossibleCargos": [0, 5, 8, 12], "neighbors": [32, 30, 22, 28, 15, 13, 12, 24, 9, 10]}, {"capacity": 295, "impossibleCargos": [2, 6, 7, 8, 9, 11, 12, 13], "neighbors": [17, 9, 28, 18, 29, 31, 6]}, {"capacity": 264, "impossibleCargos": [3, 5, 8, 11, 12], "neighbors": [15, 34, 30, 18, 29, 4, 25]}, {"capacity": 209, "impossibleCargos": [0, 1, 3, 4, 11, 14], "neighbors": [16, 33, 9, 7, 18, 21, 25, 0]}]}