{"volumes": [684, 936, 0, 196, 194, 228, 522, 940, 415, 488, 913, 603, 283, 471, 929], "conflicts": [[1, 12], [2, 12], [4, 5], [6, 12], [12, 13]], "tanks": [{"capacity": 284, "impossibleCargos": [2, 3, 4, 5, 6, 8, 13, 14], "neighbors": [22, 31, 27, 1, 14, 5]}, {"capacity": 235, "impossibleCargos": [0, 2, 3, 4, 6, 13], "neighbors": [24, 16, 2, 12, 25, 17, 20, 3, 0, 18, 5]}, {"capacity": 212, "impossibleCargos": [1, 6, 7, 9, 10, 11, 12, 13], "neighbors": [25, 1, 14, 34, 4, 20, 5, 7, 9, 17, 24, 23, 8]}, {"capacity": 249, "impossibleCargos": [8, 9, 10, 11, 13], "neighbors": [26, 14, 8, 23, 16, 15, 1, 31, 5, 13]}, {"capacity": 226, "impossibleCargos": [0, 1, 3, 6, 7, 9, 12], "neighbors": [7, 23, 2, 16, 12, 26, 5, 34]}, {"capacity": 206, "impossibleCargos": [6, 10, 14], "neighbors": [10, 15, 17, 12, 34, 25, 9, 24, 2, 28, 8, 3, 4, 19, 1, 0]}, {"capacity": 289, "impossibleCargos": [1, 2, 3, 5, 10, 11, 12, 13], "neighbors": [9, 30, 31, 20, 21, 29, 23, 32]}, {"capacity": 214, "impossibleCargos": [0, 2, 3, 5, 7, 13], "neighbors": [4, 17, 29, 18, 2, 24, 16]}, {"capacity": 201, "impossibleCargos": [2, 3, 6, 7, 8, 9, 11, 12, 13, 14], "neighbors": [21, 33, 3, 29, 5, 25, 32, 2]}, {"capacity": 263, "impossibleCargos": [1, 2, 4, 5, 8, 9, 10, 12], "neighbors": [12, 6, 5, 18, 20, 22, 2, 31]}, {"capacity": 201, "impossibleCargos": [1, 2, 5, 7, 9, 10, 11, 13, 14], "neighbors": [5, 31, 26, 15]}, {"capacity": 225, "impossibleCargos": [0, 4, 5, 7, 8, 13, 14], "neighbors": [21, 23, 31, 12, 32, 14, 25]}, {"capacity": 206, "impossibleCargos": [0, 1, 2, 3, 5, 6, 7, 10], "neighbors": [9, 18, 15, 1, 26, 27, 5, 11, 4, 31]}, {"capacity": 201, "impossibleCargos": [0, 1, 3, 14], "neighbors": [20, 25, 24, 3, 18]}, {"capacity": 267, "impossibleCargos": [0, 1, 2, 5, 6], "neighbors": [17, 3, 21, 2, 27, 11, 28, 32, 0, 26]}, {"capacity": 237, "impossibleCargos": [2, 3, 4, 5, 7, 9], "neighbors": [5, 12, 3, 10, 23]}, {"capacity": 258, "impossibleCargos": [0, 2, 3, 4, 5, 7, 9, 10, 11, 13], "neighbors": [27, 18, 1, 30, 3, 28, 4, 26, 17, 7, 29]}, {"capacity": 288, "impossibleCargos": [1, 5, 6, 9, 12, 13], "neighbors": [14, 23, 7, 5, 1, 33, 2, 16]}, {"capacity": 217, "impossibleCargos": [1, 4, 6, 7, 8, 9], "neighbors": [16, 12, 30, 7, 29, 9, 1, 26, 13]}, {"capacity": 237, "impossibleCargos": [1, 2, 3, 8, 9, 10], "neighbors": [29, 30, 25, 28, 5]}, {"capacity": 201, "impossibleCargos": [0, 1, 4, 6, 7, 8, 11, 12], "neighbors": [29, 32, 34, 13, 30, 6, 31, 2, 1, 9, 22]}, {"capacity": 235, "impossibleCargos": [2, 5, 12], "neighbors": [11, 8, 33, 14, 6, 26, 32]}, {"capacity": 255, "impossibleCargos": [1, 4, 6, 7, 9], "neighbors": [0, 28, 9, 20]}, {"capacity": 211, "impossibleCargos": [5, 10, 11, 12], "neighbors": [17, 11, 3, 4, 31, 6, 15, 2, 33]}, {"capacity": 289, "impossibleCargos": [0, 1, 3, 6, 7, 9, 11], "neighbors": [1, 30, 5, 13, 2, 7]}, {"capacity": 211, "impossibleCargos": [0, 2, 4, 13, 14], "neighbors": [28, 2, 30, 19, 29, 1, 5, 13, 11, 8]}, {"capacity": 228, "impossibleCargos": [0, 1, 2, 3, 6, 7, 9, 14], "neighbors": [3, 27, 12, 10, 21, 29, 4, 16, 14, 18]}, {"capacity": 229, "impossibleCargos": [2, 5, 6, 9, 10, 11], "neighbors": [16, 26, 12, 14, 34, 0]}, {"capacity": 297, "impossibleCargos": [0, 4, 5, 6, 8, 12], "neighbors": [25, 29, 22, 16, 33, 14, 5, 19]}, {"capacity": 247, "impossibleCargos": [0, 3, 4, 5, 6, 9, 11, 12], "neighbors": [20, 19, 28, 25, 6, 7, 18, 8, 26, 33, 32, 30, 16]}, {"capacity": 258, "impossibleCargos": [4, 5, 6, 9, 12, 13, 14], "neighbors": [24, 6, 18, 25, 16, 20, 19, 32, 31, 29]}, {"capacity": 283, "impossibleCargos": [2, 4, 7, 8, 9, 10, 11, 12, 13, 14], "neighbors": [6, 10, 32, 20, 11, 23, 0, 3, 30, 9, 12]}, {"capacity": 219, "impossibleCargos": [3, 9, 10, 13, 14], "neighbors": [20, 31, 33, 30, 11, 14, 21, 29, 8, 6]}, {"capacity": 254, "impossibleCargos": [0, 2, 5, 6, 7, 10, 12, 13], "neighbors": [21, 8, 32, 28, 17, 29, 23]}, {"capacity": 258, "impossibleCargos": [3, 8, 10], "neighbors": [20, 2, 5, 27, 4]}]}