{"volumes": [761, 212, 0, 453, 0, 477, 279, 691, 734, 232, 889, 1048, 482, 1052, 932], "conflicts": [[0, 2], [1, 2], [2, 9], [2, 13], [3, 4], [4, 7], [4, 8], [5, 10], [6, 8]], "tanks": [{"capacity": 274, "impossibleCargos": [0, 1, 2, 3, 5, 6, 7, 8, 10, 11, 12, 14], "neighbors": [22, 16, 24, 1, 34, 23, 4]}, {"capacity": 282, "impossibleCargos": [1, 2, 3, 4, 5, 6, 7, 8, 12, 13, 14], "neighbors": [0, 22, 20, 3, 27, 21, 32, 26, 10, 30]}, {"capacity": 293, "impossibleCargos": [0, 1, 2, 5, 7, 8, 9, 10, 11, 12, 13, 14], "neighbors": [31, 10, 15, 16, 11, 25, 7]}, {"capacity": 284, "impossibleCargos": [0, 2, 5, 6, 10, 11, 14], "neighbors": [24, 31, 27, 10, 1, 6, 11, 9, 25, 17, 28]}, {"capacity": 285, "impossibleCargos": [1, 2, 4, 5, 6, 7, 8, 9, 10, 11, 12, 13, 14], "neighbors": [8, 25, 29, 24, 15, 0, 31, 19, 14]}, {"capacity": 225, "impossibleCargos": [0, 1, 2, 3, 5, 7, 8, 9, 11, 12], "neighbors": [14, 17, 11]}, {"capacity": 237, "impossibleCargos": [0, 1, 2, 3, 4, 5, 6, 7, 9, 11, 12, 13, 14], "neighbors": [30, 23, 32, 27, 3, 11, 21]}, {"capacity": 286, "impossibleCargos": [1, 2, 3, 4, 5, 6, 8, 9, 10, 11, 12, 13], "neighbors": [20, 25, 11, 8, 2, 16, 28, 33, 32]}, {"capacity": 221, "impossibleCargos": [0, 3, 5, 6, 8, 9, 10, 12, 13, 14], "neighbors": [4, 16, 32, 25, 7, 13, 9]}, {"capacity": 282, "impossibleCargos": [0, 2, 3, 4, 6, 7, 9, 10, 12, 13, 14], "neighbors": [27, 30, 21, 14, 3, 29, 8]}, {"capacity": 209, "impossibleCargos": [0, 1, 2, 3, 4, 5, 6, 8, 10, 11, 13, 14], "neighbors": [15, 17, 34, 23, 2, 27, 3, 20, 28, 31, 14, 1]}, {"capacity": 291, "impossibleCargos": [1, 2, 5, 6, 7, 8, 9, 10, 11, 14], "neighbors": [29, 7, 2, 30, 19, 5, 6, 3, 27, 25]}, {"capacity": 288, "impossibleCargos": [1, 2, 4, 6, 8, 10, 12, 13, 14], "neighbors": [25, 22, 18, 24]}, {"capacity": 246, "impossibleCargos": [0, 2, 4, 5, 6, 10, 11, 13, 14], "neighbors": [14, 33, 20, 34, 32, 8]}, {"capacity": 219, "impossibleCargos": [1, 2, 3, 4, 5, 7, 8, 9, 10, 11, 12, 13], "neighbors": [15, 33, 19, 21, 13, 16, 5, 9, 10, 4]}, {"capacity": 263, "impossibleCargos": [3, 4, 7, 8, 9, 13, 14], "neighbors": [25, 10, 14, 33, 2, 4, 27, 23, 18, 26]}, {"capacity": 264, "impossibleCargos": [1, 2, 4, 5, 7, 8, 10, 11, 12, 13], "neighbors": [0, 8, 23, 27, 21, 22, 30, 18, 14, 2, 31, 19, 26, 25, 7, 17]}, {"capacity": 218, "impossibleCargos": [1, 2, 4, 5, 7, 8, 9, 11, 12, 13, 14], "neighbors": [10, 26, 20, 5, 16, 3]}, {"capacity": 229, "impossibleCargos": [0, 2, 3, 4, 5, 6, 7, 9, 10, 11, 12, 13], "neighbors": [16, 12, 27, 15, 24, 32, 21]}, {"capacity": 251, "impossibleCargos": [1, 4, 8, 9, 10, 11, 12, 13, 14], "neighbors": [30, 14, 16, 21, 11, 4, 22, 20]}, {"capacity": 203, "impossibleCargos": [0, 1, 2, 4, 5, 6, 7, 10, 12, 13, 14], "neighbors": [7, 27, 25, 10, 30, 13, 1, 17, 19]}, {"capacity": 269, "impossibleCargos": [0, 1, 2, 3, 4, 5, 6, 7, 8, 9, 11, 13], "neighbors": [16, 14, 30, 31, 9, 19, 34, 1, 18, 6]}, {"capacity": 276, "impossibleCargos": [0, 3, 4, 5, 6, 7, 8, 9, 10, 12, 13, 14], "neighbors": [0, 24, 32, 16, 12, 33, 28, 1, 19, 27]}, {"capacity": 283, "impossibleCargos": [0, 1, 2, 3, 4, 6, 7, 8, 9, 10, 11, 13, 14], "neighbors": [16, 10, 6, 15, 0, 27, 32]}, {"capacity": 225, "impossibleCargos": [1, 3, 4, 5, 6, 7, 10, 11, 13], "neighbors": [3, 22, 0, 4, 12, 31, 32, 18]}, {"capacity": 219, "impossibleCargos": [1, 2, 4, 6, 9, 10, 13, 14], "neighbors": [15, 4, 12, 7, 8, 26, 33, 20, 2, 16, 3, 11]}, {"capacity": 258, "impossibleCargos": [1, 4, 5, 6, 7, 8, 9, 10, 11, 13, 14], "neighbors": [25, 29, 16, 17, 1, 15]}, {"capacity": 232, "impossibleCargos": [0, 1, 2, 3, 4, 6, 9, 10, 11, 12, 14], "neighbors": [9, 16, 33, 20, 3, 10, 15, 18, 23, 6, 1, 11, 22, 28]}, {"capacity": 234, "impossibleCargos": [0, 1, 2, 3, 6, 9, 10, 13, 14], "neighbors": [32, 10, 22, 27, 31, 7, 3]}, {"capacity": 268, "impossibleCargos": [0, 1, 2, 4, 6, 7, 8, 9, 10, 11, 13, 14], "neighbors": [11, 4, 34, 26, 9]}, {"capacity": 255, "impossibleCargos": [0, 1, 4, 7, 9, 10, 11, 12], "neighbors": [9, 19, 6, 16, 33, 21, 20, 32, 11, 1]}, {"capacity": 280, "impossibleCargos": [1, 2, 4, 5, 6, 8, 9, 10, 11, 12, 13, 14], "neighbors": [2, 3, 16, 21, 24, 10, 4, 28]}, {"capacity": 299, "impossibleCargos": [0, 1, 2, 3, 4, 5, 7, 8, 10, 11, 12, 14], "neighbors": [8, 22, 6, 28, 30, 24, 1, 13, 18, 23, 7]}, {"capacity": 286, "impossibleCargos": [0, 1, 3, 4, 7, 8, 10, 12, 14], "neighbors": [14, 15, 25, 27, 30, 13, 22, 7]}, {"capacity": 276, "impossibleCargos": [0, 1, 2, 4, 5, 6, 8, 9, 11, 12, 13], "neighbors": [10, 29, 0, 21, 13]}]}