{"volumes": [754, 436, 447, 0, 644, 670, 1108, 545, 253, 1484, 465, 0, 687, 193, 224], "conflicts": [[0, 3], [0, 14], [1, 11], [1, 13], [2, 3], [2, 7], [2, 11], [3, 4], [3, 8], [3, 10], [3, 12], [3, 14], [4, 11], [4, 14], [5, 8], [8, 10], [8, 11], [8, 12], [8, 13], [11, 12], [11, 13], [11, 14], [12, 14], [13, 14]], "tanks": [{"capacity": 285, "impossibleCargos": [1, 3, 4, 5, 6, 12, 13], "neighbors": [10, 19, 1, 26, 29, 31, 14]}, {"capacity": 291, "impossibleCargos": [0, 1, 3, 4, 5, 6, 8, 9, 11, 12, 13, 14], "neighbors": [2, 13, 26, 10, 0, 20, 14, 22, 6, 11, 28]}, {"capacity": 269, "impossibleCargos": [0, 1, 2, 3, 5, 6, 7, 8, 12, 13], "neighbors": [1, 6, 27, 33, 19, 18, 16, 34, 15]}, {"capacity": 211, "impossibleCargos": [0, 1, 3, 5, 8, 9, 12, 14], "neighbors": [19, 5, 28, 31, 27, 22, 23, 9, 25]}, {"capacity": 225, "impossibleCargos": [0, 1, 2, 3, 4, 5, 6, 7, 8, 9, 11, 12, 13, 14], "neighbors": [15, 18, 32, 17, 13, 24]}, {"capacity": 218, "impossibleCargos": [0, 2, 3, 4, 5, 7, 8, 10, 11, 12, 13, 14], "neighbors": [3, 25, 15, 33, 8, 26]}, {"capacity": 240, "impossibleCargos": [0, 2, 3, 4, 5, 7, 9, 10, 11, 12, 13], "neighbors": [2, 31, 10, 26, 15, 12, 28, 1, 21]}, {"capacity": 237, "impossibleCargos": [0, 1, 3, 5, 7, 8, 10, 12, 13], "neighbors": [31, 19, 34, 29, 20, 12, 9]}, {"capacity": 245, "impossibleCargos": [0, 1, 5, 6, 7, 8, 11, 13, 14], "neighbors": [15, 14, 10, 22, 31, 11, 27, 5]}, {"capacity": 240, "impossibleCargos": [0, 1, 2, 3, 5, 7, 8, 10, 11, 13, 14], "neighbors": [18, 22, 3, 7, 19, 11, 34, 14, 24, 23]}, {"capacity": 234, "impossibleCargos": [1, 3, 4, 5, 8, 9, 10, 11, 12, 14], "neighbors": [0, 16, 33, 1, 6, 24, 8, 13, 17, 19]}, {"capacity": 222, "impossibleCargos": [0, 1, 5, 6, 7, 8, 9, 10, 12, 13, 14], "neighbors": [20, 34, 23, 14, 18, 9, 8, 1]}, {"capacity": 261, "impossibleCargos": [0, 1, 2, 3, 4, 6, 7, 9, 11, 12, 13, 14], "neighbors": [13, 32, 7, 6, 14, 15, 27, 19, 29]}, {"capacity": 248, "impossibleCargos": [0, 1, 2, 5, 8, 9, 10, 11, 13, 14], "neighbors": [12, 1, 14, 23, 30, 29, 25, 24, 10, 4, 21]}, {"capacity": 270, "impossibleCargos": [0, 1, 2, 3, 4, 7, 8, 12, 13, 14], "neighbors": [19, 13, 30, 16, 8, 11, 12, 1, 31, 9, 0]}, {"capacity": 272, "impossibleCargos": [0, 1, 3, 4, 5, 6, 7, 8, 9, 10, 11, 14], "neighbors": [4, 23, 8, 5, 26, 6, 29, 12, 2]}, {"capacity": 282, "impossibleCargos": [2, 4, 5, 6, 7, 9, 11, 12, 13, 14], "neighbors": [10, 19, 14, 20, 31, 2, 21, 28]}, {"capacity": 214, "impossibleCargos": [1, 2, 3, 4, 6, 7, 8, 10, 12, 13, 14], "neighbors": [29, 33, 4, 18, 25, 10]}, {"capacity": 274, "impossibleCargos": [0, 3, 4, 5, 6, 8, 10, 11, 13, 14], "neighbors": [20, 9, 4, 11, 30, 17, 29, 23, 25, 2, 21]}, {"capacity": 288, "impossibleCargos": [1, 2, 3, 4, 6, 7, 8, 9, 10, 12, 13, 14], "neighbors": [3, 7, 14, 0, 31, 16, 29, 23, 9, 2, 12, 10]}, {"capacity": 205, "impossibleCargos": [0, 1, 2, 4, 6, 8, 10, 11, 12, 13, 14], "neighbors": [18, 11, 30, 7, 16, 31, 1, 26, 27]}, {"capacity": 240, "impossibleCargos": [0, 2, 3, 5, 7, 9, 10, 11, 13, 14], "neighbors": [34, 16, 23, 6, 13, 18]}, {"capacity": 214, "impossibleCargos": [0, 1, 2, 3, 4, 5, 8, 9, 10, 11, 12, 14], "neighbors": [9, 29, 3, 8, 1, 28]}, {"capacity": 282, "impossibleCargos": [0, 2, 3, 6, 8, 9, 10], "neighbors": [15, 13, 11, 19, 28, 3, 18, 33, 21, 9]}, {"capacity": 231, "impossibleCargos": [0, 1, 2, 3, 4, 5, 6, 10, 11, 13], "neighbors": [33, 10, 13, 27, 4, 9]}, {"capacity": 219, "impossibleCargos": [1, 2, 3, 5, 7, 8, 9, 10, 11, 12, 13, 14], "neighbors": [5, 13, 27, 18, 17, 3]}, {"capacity": 217, "impossibleCargos": [1, 3, 4, 6, 8, 10, 11, 12, 13], "neighbors": [1, 15, 6, 0, 29, 20, 5]}, {"capacity": 208, "impossibleCargos": [0, 1, 3, 5, 6, 9, 11, 12, 13, 14], "neighbors": [30, 2, 3, 28, 25, 24, 12, 8, 32, 20]}, {"capacity": 291, "impossibleCargos": [1, 2, 3, 5, 6, 7, 8, 10, 11, 12, 13, 14], "neighbors": [3, 23, 27, 6, 29, 22, 16, 1]}, {"capacity": 267, "impossibleCargos": [1, 2, 3, 4, 5, 6, 7, 8, 9, 10, 11, 12, 13, 14], "neighbors": [32, 19, 7, 17, 22, 13, 0, 15, 18, 28, 26, 12]}, {"capacity": 211, "impossibleCargos": [0, 1, 2, 3, 6, 7, 9, 10, 12, 14], "neighbors": [20, 14, 27, 13, 18, 32]}, {"capacity": 238, "impossibleCargos": [2, 5, 6, 7, 9, 11, 12, 13, 14], "neighbors": [7, 19, 32, 3, 6, 16, 20, 33, 8, 14, 0]}, {"capacity": 226, "impossibleCargos": [1, 2, 3, 4, 6, 7, 8, 11, 12, 13], "neighbors": [29, 31, 12, 34, 4, 30, 27]}, {"capacity": 271, "impossibleCargos": [2, 3, 5, 7, 8, 9, 10, 11, 14], "neighbors": [24, 10, 2, 5, 17, 31, 34, 23]}, {"capacity": 234, "impossibleCargos": [1, 2, 3, 5, 6, 9, 10, 11, 12, 14], "neighbors": [11, 7, 21, 32, 33, 9, 2]}]}