{"volumes": [1648, 487, 974, 468, 202, 860, 0, 0, 251, 756, 474, 278, 912, 488, 225], "conflicts": [[0, 6], [1, 3], [1, 4], [1, 5], [1, 6], [1, 7], [1, 8], [1, 9], [1, 11], [2, 6], [2, 7], [2, 11], [3, 5], [3, 7], [4, 5], [4, 6], [4, 7], [4, 12], [4, 13], [5, 6], [5, 7], [6, 7], [6, 8], [6, 9], [6, 11], [6, 13], [6, 14], [7, 8], [7, 11], [7, 12], [7, 13], [8, 9], [8, 14], [9, 10], [9, 14], [11, 14], [13, 14]], "tanks": [{"capacity": 231, "impossibleCargos": [2, 4, 5, 6, 7, 8, 9, 11, 12, 13, 14], "neighbors": [21, 19, 16, 10, 32, 11, 8, 17, 29, 3]}, {"capacity": 205, "impossibleCargos": [1, 2, 3, 4, 7, 9, 10, 11, 12, 13], "neighbors": [8, 6, 23, 12, 22, 3, 14]}, {"capacity": 222, "impossibleCargos": [0, 3, 4, 8, 9, 10, 11, 12, 13], "neighbors": [33, 14, 31, 17, 29]}, {"capacity": 217, "impossibleCargos": [0, 1, 2, 3, 4, 6, 7, 8, 10, 11, 12, 14], "neighbors": [29, 21, 34, 5, 9, 25, 27, 1, 15, 12, 0, 13]}, {"capacity": 241, "impossibleCargos": [0, 2, 3, 5, 6, 7, 8, 9, 12, 13, 14], "neighbors": [21, 20, 19, 24, 6, 14]}, {"capacity": 264, "impossibleCargos": [1, 2, 3, 4, 6, 7, 8, 9, 10, 11, 12, 13, 14], "neighbors": [15, 22, 7, 3, 17, 21, 11, 29, 26, 34]}, {"capacity": 291, "impossibleCargos": [0, 1, 3, 4, 5, 6, 7, 8, 9, 10, 12, 13, 14], "neighbors": [12, 14, 17, 30, 16, 1, 11, 4, 20]}, {"capacity": 214, "impossibleCargos": [1, 2, 5, 8, 9, 11, 12, 14], "neighbors": [15, 17, 12, 5, 21, 16, 31, 32, 29, 25, 26, 18]}, {"capacity": 258, "impossibleCargos": [0, 1, 3, 4, 5, 7, 8, 9, 10, 12, 13, 14], "neighbors": [1, 32, 30, 0, 10, 27, 25, 9, 26, 13]}, {"capacity": 255, "impossibleCargos": [0, 1, 2, 3, 4, 5, 6, 7, 8, 9, 10, 11, 13, 14], "neighbors": [23, 12, 3, 33, 24, 32, 26, 8, 25, 16]}, {"capacity": 237, "impossibleCargos": [0, 1, 2, 3, 4, 5, 7, 8, 9, 10, 11, 14], "neighbors": [20, 25, 0, 21, 15, 8, 28, 22]}, {"capacity": 288, "impossibleCargos": [0, 2, 3, 5, 6, 8, 9, 11, 12, 13, 14], "neighbors": [17, 15, 6, 0, 5, 34, 21, 16, 12, 20]}, {"capacity": 226, "impossibleCargos": [0, 1, 3, 5, 6, 8, 9, 10, 11, 12, 13], "neighbors": [6, 13, 7, 9, 16, 27, 1, 26, 3, 17, 11, 30]}, {"capacity": 276, "impossibleCargos": [0, 1, 2, 4, 5, 6, 7, 9, 11, 13, 14], "neighbors": [31, 12, 17, 20, 33, 25, 8, 3]}, {"capacity": 265, "impossibleCargos": [1, 3, 5, 7, 11, 14], "neighbors": [2, 6, 26, 28, 32, 4, 1]}, {"capacity": 235, "impossibleCargos": [1, 3, 4, 5, 6, 9, 10, 11, 12, 13], "neighbors": [7, 5, 33, 28, 11, 10, 27, 18, 3, 31, 32, 19]}, {"capacity": 278, "impossibleCargos": [1, 3, 4, 5, 6, 7, 9, 11, 12, 13], "neighbors": [0, 7, 30, 12, 20, 6, 11, 9]}, {"capacity": 259, "impossibleCargos": [1, 2, 3, 4, 5, 6, 7, 8, 10, 11, 12, 14], "neighbors": [7, 6, 19, 11, 13, 2, 5, 0, 33, 26, 12, 25]}, {"capacity": 264, "impossibleCargos": [1, 2, 3, 4, 5, 6, 7, 8, 9, 10, 11, 12, 13, 14], "neighbors": [19, 15, 27, 7]}, {"capacity": 250, "impossibleCargos": [0, 1, 4, 5, 7, 8, 10, 11, 12, 13], "neighbors": [33, 34, 17, 31, 0, 18, 4, 24, 15]}, {"capacity": 209, "impossibleCargos": [1, 2, 3, 4, 5, 6, 8, 9, 10, 14], "neighbors": [26, 10, 27, 31, 16, 13, 30, 4, 22, 11, 6]}, {"capacity": 219, "impossibleCargos": [1, 2, 3, 4, 5, 6, 8, 12, 13, 14], "neighbors": [3, 0, 4, 7, 10, 5, 32, 11]}, {"capacity": 219, "impossibleCargos": [0, 1, 2, 3, 6, 7, 11, 12, 14], "neighbors": [5, 23, 1, 20, 10]}, {"capacity": 202, "impossibleCargos": [0, 1, 3, 4, 5, 6, 7, 8, 9, 10, 11, 14], "neighbors": [29, 9, 24, 22, 1, 32, 30]}, {"capacity": 283, "impossibleCargos": [0, 1, 2, 3, 4, 5, 7, 8, 9, 11, 12, 14], "neighbors": [23, 9, 4, 19]}, {"capacity": 278, "impossibleCargos": [1, 2, 3, 4, 5, 6, 7, 9, 10, 11, 12, 13, 14], "neighbors": [27, 10, 13, 32, 3, 8, 7, 9, 29, 17]}, {"capacity": 294, "impossibleCargos": [0, 1, 2, 4, 5, 6, 7, 8, 9, 13, 14], "neighbors": [20, 14, 12, 9, 7, 8, 17, 34, 29, 5]}, {"capacity": 289, "impossibleCargos": [0, 1, 3, 4, 7, 8, 9, 10, 12, 13, 14], "neighbors": [25, 20, 33, 12, 15, 8, 3, 18]}, {"capacity": 236, "impossibleCargos": [1, 2, 5, 6, 7, 11, 12, 13, 14], "neighbors": [15, 14, 10]}, {"capacity": 281, "impossibleCargos": [0, 1, 2, 5, 6, 7, 8, 9, 10, 13], "neighbors": [23, 3, 5, 0, 2, 7, 31, 26, 25]}, {"capacity": 212, "impossibleCargos": [1, 2, 3, 4, 5, 6, 7, 9, 10, 11, 12, 13, 14], "neighbors": [33, 6, 16, 8, 20, 34, 23, 12]}, {"capacity": 258, "impossibleCargos": [0, 2, 3, 4, 5, 7, 8, 11, 13, 14], "neighbors": [13, 19, 20, 2, 7, 32, 15, 29]}, {"capacity": 208, "impossibleCargos": [0, 1, 4, 5, 7, 8, 10, 11, 14], "neighbors": [8, 23, 0, 31, 25, 7, 9, 21, 14, 15]}, {"capacity": 300, "impossibleCargos": [0, 1, 2, 4, 5, 6, 8, 10, 11, 13, 14], "neighbors": [19, 30, 2, 15, 27, 13, 9, 17]}, {"capacity": 244, "impossibleCargos": [1, 2, 3, 6, 9, 11, 12, 13, 14], "neighbors": [19, 3, 30, 11, 26, 5]}]}