{"volumes": [503, 233, 1004, 650, 425, 480, 469, 741, 744, 240, 773, 0, 1198, 431, 198], "conflicts": [[0, 5], [0, 9], [0, 10], [0, 11], [0, 12], [1, 2], [1, 8], [1, 9], [1, 11], [1, 14], [4, 5], [4, 9], [5, 9], [5, 11], [5, 13], [6, 9], [6, 10], [6, 14], [7, 9], [7, 11], [8, 11], [8, 13], [9, 10], [9, 11], [9, 14], [11, 12], [11, 14], [12, 14], [13, 14]], "tanks": [{"capacity": 255, "impossibleCargos": [0, 2, 3, 4, 5, 8, 9, 10, 11, 12], "neighbors": [32, 9, 18, 21, 2]}, {"capacity": 249, "impossibleCargos": [0, 3, 5, 6, 8, 9, 10, 12, 14], "neighbors": [13, 30, 25, 32, 19, 21, 24, 28, 6, 29]}, {"capacity": 260, "impossibleCargos": [1, 2, 3, 4, 5, 6, 7, 8, 9, 10, 11, 12], "neighbors": [13, 18, 19, 32, 16, 0, 31, 6, 20]}, {"capacity": 262, "impossibleCargos": [0, 1, 2, 3, 4, 5, 6, 7, 8, 9, 11, 13, 14], "neighbors": [4, 32, 25, 22, 13]}, {"capacity": 215, "impossibleCargos": [0, 1, 2, 5, 6, 7, 8, 9, 10, 11, 12, 13, 14], "neighbors": [3, 20, 11, 24, 14, 15]}, {"capacity": 270, "impossibleCargos": [3, 4, 5, 6, 7, 9, 10, 11, 12, 13], "neighbors": [28, 12, 7, 17, 19]}, {"capacity": 229, "impossibleCargos": [0, 1, 4, 6, 8, 10, 11, 12, 14], "neighbors": [16, 15, 9, 33, 31, 1, 2, 13, 17, 11]}, {"capacity": 281, "impossibleCargos": [0, 1, 4, 5, 6, 7, 8, 9, 12, 13, 14], "neighbors": [14, 28, 19, 5, 21, 10, 32]}, {"capacity": 211, "impossibleCargos": [0, 3, 4, 5, 6, 7, 8, 9, 10, 11, 13], "neighbors": [14, 31, 20]}, {"capacity": 229, "impossibleCargos": [3, 4, 7, 9, 11, 13, 14], "neighbors": [27, 29, 0, 6, 11, 19, 28, 30]}, {"capacity": 230, "impossibleCargos": [0, 2, 4, 5, 6, 8, 11, 12, 13, 14], "neighbors": [20, 11, 28, 34, 7, 32]}, {"capacity": 284, "impossibleCargos": [0, 1, 3, 4, 5, 6, 7, 8, 10, 11, 14], "neighbors": [26, 23, 4, 30, 32, 21, 18, 9, 10, 34, 16, 22, 6, 17, 25]}, {"capacity": 275, "impossibleCargos": [0, 1, 3, 4, 5, 6, 9, 11, 13], "neighbors": [16, 25, 15, 26, 5, 20, 27, 29]}, {"capacity": 205, "impossibleCargos": [0, 2, 5, 6, 8, 10, 12], "neighbors": [2, 1, 23, 18, 17, 16, 15, 31, 29, 27, 6, 3]}, {"capacity": 207, "impossibleCargos": [0, 2, 3, 5, 6, 7, 8, 9, 10, 11, 12, 13], "neighbors": [8, 7, 15, 4, 16]}, {"capacity": 288, "impossibleCargos": [0, 1, 2, 4, 5, 8, 9, 10, 11, 12, 14], "neighbors": [6, 22, 20, 13, 12, 14, 28, 16, 34, 4]}, {"capacity": 270, "impossibleCargos": [0, 1, 3, 4, 5, 6, 7, 9, 10, 11, 13, 14], "neighbors": [12, 6, 22, 21, 13, 26, 2, 14, 20, 24, 15, 11, 34]}, {"capacity": 259, "impossibleCargos": [0, 2, 3, 4, 5, 7, 8, 9, 10, 11, 13, 14], "neighbors": [13, 30, 25, 5, 20, 31, 34, 23, 6, 11, 26]}, {"capacity": 203, "impossibleCargos": [0, 1, 5, 6, 7, 8, 9, 10, 12, 14], "neighbors": [29, 22, 2, 13, 0, 11, 25, 30, 21, 27]}, {"capacity": 289, "impossibleCargos": [0, 1, 2, 3, 5, 6, 7, 10, 11, 12, 13, 14], "neighbors": [2, 1, 7, 9, 5, 23]}, {"capacity": 251, "impossibleCargos": [0, 1, 2, 4, 6, 7, 8, 9, 10, 11, 12, 14], "neighbors": [10, 4, 21, 15, 17, 16, 22, 2, 12, 8, 33, 27]}, {"capacity": 237, "impossibleCargos": [0, 1, 2, 4, 5, 6, 7, 8, 9, 10, 11, 13, 14], "neighbors": [20, 16, 26, 11, 1, 0, 7, 18, 28]}, {"capacity": 265, "impossibleCargos": [0, 1, 2, 3, 5, 6, 8, 10, 11, 13], "neighbors": [18, 16, 15, 30, 27, 23, 20, 3, 11, 31, 33]}, {"capacity": 293, "impossibleCargos": [0, 1, 5, 6, 9, 11, 12, 13, 14], "neighbors": [13, 29, 11, 31, 22, 34, 19, 17, 33]}, {"capacity": 261, "impossibleCargos": [1, 2, 4, 5, 6, 7, 8, 9, 10, 11, 12, 13, 14], "neighbors": [32, 30, 4, 34, 1, 16]}, {"capacity": 237, "impossibleCargos": [0, 3, 4, 5, 6, 9, 10, 11, 13], "neighbors": [31, 12, 1, 18, 17, 3, 28, 29, 11]}, {"capacity": 273, "impossibleCargos": [1, 2, 3, 4, 7, 8, 9, 10, 11, 12, 13, 14], "neighbors": [11, 34, 21, 16, 12, 17]}, {"capacity": 208, "impossibleCargos": [0, 2, 3, 4, 5, 8, 9, 10, 11, 12, 13, 14], "neighbors": [9, 22, 28, 13, 12, 20, 18]}, {"capacity": 239, "impossibleCargos": [0, 1, 3, 4, 5, 6, 8, 9, 11, 13, 14], "neighbors": [34, 7, 5, 10, 27, 1, 9, 15, 25, 30, 21]}, {"capacity": 222, "impossibleCargos": [1, 2, 4, 6, 7, 9, 10, 13], "neighbors": [18, 23, 9, 13, 12, 1, 25]}, {"capacity": 240, "impossibleCargos": [1, 2, 3, 5, 8, 9, 10, 11, 12, 13, 14], "neighbors": [1, 24, 17, 31, 11, 22, 18, 34, 9, 28]}, {"capacity": 296, "impossibleCargos": [0, 1, 2, 3, 4, 5, 6, 8, 9, 10, 11, 12, 14], "neighbors": [25, 30, 34, 23, 8, 6, 2, 17, 13, 22]}, {"capacity": 260, "impossibleCargos": [0, 1, 3, 4, 5, 6, 7, 9, 10, 11, 12, 13], "neighbors": [0, 24, 2, 1, 11, 3, 33, 10, 7]}, {"capacity": 243, "impossibleCargos": [0, 1, 2, 3, 4, 5, 6, 8, 10, 11, 12], "neighbors": [6, 32, 20, 22, 23]}, {"capacity": 224, "impossibleCargos": [1, 2, 5, 6, 7, 9, 10, 11, 13, 14], "neighbors": [26, 31, 28, 24, 11, 10, 30, 17, 23, 15, 16]}]}