{"volumes": [280, 931, 0, 517, 763, 673, 249, 267, 1170, 636, 922, 1025, 207, 0, 453], "conflicts": [[0, 6], [0, 9], [0, 13], [1, 13], [2, 3], [2, 5], [2, 7], [2, 9], [2, 12], [2, 14], [3, 7], [3, 12], [3, 13], [4, 13], [5, 13], [6, 7], [6, 13], [8, 13], [12, 13], [13, 14]], "tanks": [{"capacity": 228, "impossibleCargos": [6, 7, 8, 9, 12], "neighbors": [2, 5, 24, 30, 10, 9, 26, 25, 22, 7, 8, 21, 15, 3, 31, 20, 14, 19, 4, 34, 23, 12, 6, 13]}, {"capacity": 291, "impossibleCargos": [2, 3, 4, 9, 10, 11, 12, 13, 14], "neighbors": [10, 17, 32, 22, 18, 26, 7, 30, 9, 19, 25, 14, 24, 27, 2, 5, 33, 31]}, {"capacity": 246, "impossibleCargos": [0, 4, 5, 6, 7, 11, 12, 13, 14], "neighbors": [0, 16, 30, 15, 34, 3, 26, 14, 8, 23, 33, 6, 17, 25, 18, 1, 4]}, {"capacity": 287, "impossibleCargos": [1, 6, 8, 9, 10], "neighbors": [21, 29, 2, 8, 15, 26, 0, 12, 17, 22, 13, 33]}, {"capacity": 251, "impossibleCargos": [2, 4, 9, 10, 11, 12, 14], "neighbors": [13, 17, 19, 24, 6, 8, 31, 9, 12, 33, 26, 30, 25, 15, 7, 0, 29, 11, 2]}, {"capacity": 200, "impossibleCargos": [6, 7, 9, 11, 12], "neighbors": [0, 19, 24, 8, 33, 14, 7, 21, 17, 10, 26, 34, 13, 31, 29, 12, 30, 1, 15]}, {"capacity": 238, "impossibleCargos": [3, 4, 6, 7, 10, 13, 14], "neighbors": [8, 30, 9, 4, 31, 25, 2, 24, 32, 12, 0]}, {"capacity": 217, "impossibleCargos": [0, 2, 4, 6, 7, 8, 10, 11, 12, 14], "neighbors": [22, 20, 13, 11, 23, 10, 28, 5, 33, 0, 1, 30, 31, 9, 14, 4, 15]}, {"capacity": 280, "impossibleCargos": [1, 6, 10, 13, 14], "neighbors": [6, 33, 17, 5, 15, 4, 24, 3, 23, 21, 0, 2, 22, 26, 11, 32, 16, 25, 31]}, {"capacity": 241, "impossibleCargos": [2, 4, 5, 6, 9, 10, 11], "neighbors": [22, 6, 23, 0, 32, 12, 10, 1, 4, 30, 20, 15, 7, 17, 25, 34, 19, 33, 18, 16]}, {"capacity": 264, "impossibleCargos": [0, 2, 5, 6, 7, 8, 14], "neighbors": [1, 22, 7, 0, 34, 9, 15, 23, 5, 13, 18, 17, 19, 32, 25, 16, 11, 29]}, {"capacity": 213, "impossibleCargos": [4, 7, 8, 11, 14], "neighbors": [7, 16, 15, 31, 23, 22, 20, 34, 8, 32, 18, 4, 10, 12]}, {"capacity": 214, "impossibleCargos": [1, 9, 10, 11, 13, 14], "neighbors": [22, 15, 26, 13, 30, 19, 9, 4, 24, 3, 25, 17, 14, 5, 0, 6, 11, 16, 20]}, {"capacity": 223, "impossibleCargos": [0, 1, 3, 5, 9, 10], "neighbors": [4, 7, 23, 31, 12, 26, 34, 5, 16, 15, 10, 30, 19, 3, 0]}, {"capacity": 280, "impossibleCargos": [0, 4, 5, 8, 12, 13, 14], "neighbors": [17, 5, 19, 16, 22, 18, 2, 21, 7, 26, 1, 0, 31, 12, 20, 30, 25]}, {"capacity": 265, "impossibleCargos": [0, 1, 4, 6, 7, 8, 9, 12], "neighbors": [29, 12, 11, 30, 24, 33, 2, 8, 32, 10, 3, 9, 0, 13, 4, 26, 7, 5]}, {"capacity": 232, "impossibleCargos": [0, 3, 6, 7, 8, 9, 10, 12], "neighbors": [11, 2, 19, 25, 28, 14, 22, 13, 21, 8, 10, 34, 33, 9, 12]}, {"capacity": 283, "impossibleCargos": [2, 5, 6, 8, 12], "neighbors": [8, 1, 4, 14, 20, 25, 5, 27, 12, 19, 2, 9, 10, 3, 22, 32]}, {"capacity": 282, "impossibleCargos": [1, 3, 5, 6, 7, 8, 14], "neighbors": [1, 31, 24, 23, 14, 28, 10, 2, 33, 11, 25, 21, 9, 32, 34]}, {"capacity": 234, "impossibleCargos": [2, 3, 4, 5, 6, 9, 12, 13, 14], "neighbors": [24, 5, 22, 16, 27, 20, 4, 12, 14, 33, 1, 30, 34, 26, 17, 10, 0, 9, 13, 28, 21]}, {"capacity": 290, "impossibleCargos": [0, 1, 3, 5, 6, 8, 10, 13, 14], "neighbors": [7, 29, 19, 17, 27, 33, 11, 21, 9, 26, 22, 0, 14, 12]}, {"capacity": 229, "impossibleCargos": [0, 1, 2, 4, 5, 6, 9, 11, 12, 13, 14], "neighbors": [3, 5, 31, 20, 8, 14, 0, 16, 22, 32, 27, 34, 28, 19, 18, 23]}, {"capacity": 290, "impossibleCargos": [1, 2, 4, 5, 6, 7, 8, 9, 10, 13, 14], "neighbors": [9, 7, 12, 10, 19, 1, 33, 28, 32, 0, 11, 14, 16, 31, 25, 8, 20, 21, 27, 23, 24, 3, 17]}, {"capacity": 248, "impossibleCargos": [0, 2, 6, 7, 9, 11, 13], "neighbors": [13, 7, 29, 9, 18, 11, 10, 8, 2, 30, 26, 32, 22, 0, 21]}, {"capacity": 221, "impossibleCargos": [0, 1, 3, 6, 7, 8, 10, 11, 13], "neighbors": [19, 5, 15, 0, 34, 28, 4, 30, 18, 8, 29, 12, 1, 6, 22, 33]}, {"capacity": 297, "impossibleCargos": [2, 4, 7, 10, 11, 12, 14], "neighbors": [32, 16, 28, 0, 17, 6, 26, 22, 12, 1, 2, 8, 9, 4, 27, 10, 30, 18, 14, 29]}, {"capacity": 225, "impossibleCargos": [1, 2, 3, 4, 8, 10, 12, 14], "neighbors": [12, 1, 0, 13, 2, 3, 25, 20, 33, 5, 8, 19, 14, 4, 23, 15, 29]}, {"capacity": 249, "impossibleCargos": [0, 2, 4, 7, 8, 13, 14], "neighbors": [34, 19, 20, 33, 29, 17, 22, 1, 25, 31, 21]}, {"capacity": 226, "impossibleCargos": [0, 1, 2, 7, 9, 12, 13, 14], "neighbors": [7, 24, 31, 22, 25, 16, 18, 30, 21, 19, 32]}, {"capacity": 266, "impossibleCargos": [2, 3, 4, 5, 7, 8, 9, 10, 11], "neighbors": [15, 32, 20, 34, 23, 3, 24, 27, 5, 26, 31, 4, 10, 25]}, {"capacity": 203, "impossibleCargos": [6, 11], "neighbors": [6, 2, 15, 12, 0, 34, 24, 1, 7, 33, 31, 9, 23, 19, 4, 28, 25, 5, 13, 14]}, {"capacity": 300, "impossibleCargos": [0, 2, 3, 4, 6, 7, 8, 9, 12], "neighbors": [13, 28, 11, 18, 6, 4, 21, 30, 7, 34, 22, 0, 5, 33, 14, 27, 8, 29, 1]}, {"capacity": 233, "impossibleCargos": [1, 3, 5, 6, 7, 8, 10, 13], "neighbors": [29, 25, 1, 22, 9, 15, 34, 8, 21, 23, 11, 10, 6, 28, 18, 17]}, {"capacity": 276, "impossibleCargos": [0, 7, 8, 9, 10, 11, 12], "neighbors": [8, 15, 5, 7, 22, 19, 20, 30, 4, 27, 26, 2, 31, 34, 18, 24, 1, 9, 16, 3]}, {"capacity": 250, "impossibleCargos": [0, 1, 4, 7, 9, 12, 13, 14], "neighbors": [29, 27, 24, 30, 2, 10, 32, 13, 5, 31, 11, 19, 33, 9, 16, 21, 0, 18]}]}