{"volumes": [930, 632, 275, 1011, 433, 284, 291, 261, 287, 489, 483, 647, 907, 702, 511], "conflicts": [[1, 7], [2, 3], [2, 5], [2, 8], [2, 10], [2, 13], [4, 5], [4, 6], [5, 13], [6, 7], [6, 8], [7, 8]], "tanks": [{"capacity": 213, "impossibleCargos": [1, 2, 3, 5, 6, 7, 10, 12], "neighbors": [26, 3, 18, 2, 20, 16, 10, 8, 17, 6, 27, 1, 22, 15, 21, 23, 25, 28]}, {"capacity": 289, "impossibleCargos": [1, 5, 7, 14], "neighbors": [20, 8, 21, 16, 32, 18, 30, 3, 17, 0, 7, 9, 2, 29, 26]}, {"capacity": 273, "impossibleCargos": [0, 1, 2, 3, 4, 5, 6, 10, 12, 14], "neighbors": [8, 0, 16, 15, 12, 31, 27, 33, 7, 14, 22, 1, 30, 28, 32, 20]}, {"capacity": 257, "impossibleCargos": [1, 2, 3, 5, 6, 8, 9, 11, 12, 14], "neighbors": [0, 34, 13, 12, 10, 6, 21, 1, 31, 22, 7, 30, 27]}, {"capacity": 294, "impossibleCargos": [2, 3, 7, 9, 10, 11, 13, 14], "neighbors": [23, 22, 18, 10, 20, 25, 15, 21, 27, 9, 6, 7, 16]}, {"capacity": 270, "impossibleCargos": [0, 1, 5, 6, 8, 9, 12, 14], "neighbors": [23, 29, 20, 17, 26, 19, 16, 6, 13, 28, 8, 21, 32, 30, 31]}, {"capacity": 292, "impossibleCargos": [0, 1, 5, 6, 9, 10, 12, 13, 14], "neighbors": [16, 25, 22, 28, 13, 29, 27, 32, 0, 11, 3, 5, 34, 20, 8, 4, 30, 17]}, {"capacity": 246, "impossibleCargos": [1, 3, 6, 8, 9, 12], "neighbors": [34, 29, 25, 32, 14, 1, 26, 3, 2, 24, 18, 16, 33, 22, 20, 4, 11, 9]}, {"capacity": 285, "impossibleCargos": [0, 2, 5, 8, 10, 11, 14], "neighbors": [1, 2, 30, 15, 0, 12, 21, 25, 14, 5, 6, 11, 9, 32]}, {"capacity": 296, "impossibleCargos": [0, 4, 5, 7, 8, 9, 10], "neighbors": [12, 13, 26, 31, 23, 28, 33, 14, 17, 1, 20, 4, 27, 8, 11, 7, 22, 24]}, {"capacity": 272, "impossibleCargos": [6, 11, 12], "neighbors": [26, 13, 16, 0, 22, 18, 3, 4, 33, 12, 21, 32, 29, 15, 19, 24, 14]}, {"capacity": 214, "impossibleCargos": [0, 2, 7, 10, 13], "neighbors": [24, 6, 26, 32, 13, 14, 23, 7, 30, 8, 29, 9]}, {"capacity": 244, "impossibleCargos": [0, 2, 3, 4, 6, 7, 9, 13, 14], "neighbors": [9, 19, 3, 27, 8, 24, 2, 10, 25, 21, 13, 33, 18, 22]}, {"capacity": 240, "impossibleCargos": [0, 2, 5, 8, 9, 10, 11, 12, 14], "neighbors": [26, 9, 17, 10, 6, 25, 19, 31, 3, 11, 18, 5, 33, 21, 14, 15, 12, 32, 24, 28]}, {"capacity": 262, "impossibleCargos": [0, 2, 3, 9, 12], "neighbors": [30, 21, 7, 28, 32, 34, 8, 26, 24, 9, 11, 25, 2, 13, 15, 20, 10]}, {"capacity": 291, "impossibleCargos": [0, 1, 4, 5, 8, 10], "neighbors": [21, 8, 32, 2, 33, 22, 4, 0, 13, 10, 20, 14, 17, 18, 29]}, {"capacity": 280, "impossibleCargos": [1, 3, 5, 7, 8, 9, 10, 11, 13], "neighbors": [6, 1, 10, 0, 29, 31, 28, 2, 5, 22, 33, 7, 30, 4]}, {"capacity": 236, "impossibleCargos": [3, 5, 7, 8, 10, 13, 14], "neighbors": [32, 19, 13, 30, 0, 5, 21, 26, 24, 1, 31, 9, 20, 6, 25, 15, 23]}, {"capacity": 296, "impossibleCargos": [1, 3, 4, 9, 11, 12], "neighbors": [34, 0, 20, 4, 19, 10, 32, 13, 1, 25, 7, 21, 31, 15, 12]}, {"capacity": 251, "impossibleCargos": [1, 2, 4, 5, 6, 8, 9, 10, 14], "neighbors": [21, 27, 17, 12, 13, 23, 18, 5, 24, 34, 30, 25, 10]}, {"capacity": 216, "impossibleCargos": [1, 7, 8, 9, 10, 11], "neighbors": [22, 1, 34, 0, 18, 5, 26, 33, 6, 4, 28, 17, 9, 24, 7, 30, 31, 15, 21, 2, 14, 29]}, {"capacity": 210, "impossibleCargos": [0, 3, 4, 6, 7, 10, 12, 13, 14], "neighbors": [19, 15, 1, 33, 17, 34, 14, 3, 8, 24, 13, 5, 29, 4, 10, 0, 30, 12, 18, 20, 26]}, {"capacity": 263, "impossibleCargos": [0, 1, 2, 3, 4, 5, 6, 7, 8, 11, 12, 14], "neighbors": [20, 6, 23, 4, 10, 29, 15, 3, 24, 34, 0, 16, 28, 26, 25, 2, 7, 9, 12]}, {"capacity": 292, "impossibleCargos": [2, 3, 4, 6, 9, 11, 13, 14], "neighbors": [5, 4, 22, 28, 32, 31, 19, 24, 9, 30, 11, 27, 0, 33, 17]}, {"capacity": 251, "impossibleCargos": [1, 2, 4, 5, 6, 8, 11, 12, 14], "neighbors": [30, 11, 12, 25, 23, 19, 32, 29, 17, 21, 22, 14, 7, 31, 20, 28, 13, 10, 9, 27, 34]}, {"capacity": 216, "impossibleCargos": [0, 1, 2, 3, 4, 7, 8, 12, 13], "neighbors": [6, 13, 7, 34, 24, 4, 8, 12, 31, 14, 18, 22, 32, 19, 27, 17, 29, 30, 0, 26]}, {"capacity": 207, "impossibleCargos": [1, 4, 6, 7, 9, 11, 13, 14], "neighbors": [10, 13, 0, 9, 11, 5, 17, 20, 34, 27, 14, 29, 7, 22, 30, 33, 1, 21, 25]}, {"capacity": 240, "impossibleCargos": [0, 1, 4, 5, 7, 9, 10, 11, 14], "neighbors": [19, 34, 6, 12, 29, 33, 0, 2, 26, 4, 32, 23, 9, 25, 28, 3, 24]}, {"capacity": 232, "impossibleCargos": [0, 3, 4, 5, 7, 10, 12, 14], "neighbors": [6, 23, 16, 32, 31, 14, 5, 9, 30, 20, 22, 2, 24, 27, 13, 0]}, {"capacity": 269, "impossibleCargos": [0, 2, 3, 8, 10, 11, 14], "neighbors": [5, 30, 6, 16, 7, 27, 22, 24, 32, 26, 21, 10, 1, 31, 11, 25, 20, 34, 15]}, {"capacity": 218, "impossibleCargos": [3, 5, 7, 8, 10, 11, 13, 14], "neighbors": [24, 8, 29, 17, 34, 14, 1, 28, 23, 31, 19, 21, 2, 16, 26, 20, 11, 3, 6, 5, 25]}, {"capacity": 253, "impossibleCargos": [1, 7, 9, 11, 13, 14], "neighbors": [13, 23, 16, 32, 9, 28, 2, 3, 30, 17, 33, 25, 24, 18, 20, 29, 5]}, {"capacity": 209, "impossibleCargos": [0, 1, 3, 7, 10, 13, 14], "neighbors": [17, 23, 6, 1, 15, 31, 28, 18, 7, 11, 24, 14, 33, 29, 10, 27, 25, 34, 2, 13, 5, 8]}, {"capacity": 252, "impossibleCargos": [1, 4, 7, 8, 9, 14], "neighbors": [21, 27, 20, 10, 13, 15, 32, 31, 2, 34, 9, 16, 7, 26, 12, 23]}, {"capacity": 226, "impossibleCargos": [0, 3, 6, 7, 9, 10, 12], "neighbors": [27, 18, 20, 7, 3, 30, 25, 21, 6, 19, 14, 26, 33, 22, 32, 29, 24]}]}