{"volumes": [258, 694, 431, 409, 768, 908, 1067, 213, 266, 458, 265, 0, 1193, 740, 481], "conflicts": [[1, 11], [2, 11], [3, 11], [4, 11], [7, 8], [7, 11], [8, 11], [8, 14], [11, 12], [11, 14]], "tanks": [{"capacity": 280, "impossibleCargos": [4, 6, 12], "neighbors": [29, 5, 6, 12, 30, 26, 31, 20, 11, 21, 9, 22, 15, 16, 24, 3, 4, 13, 33, 28, 25, 10, 18, 34, 14]}, {"capacity": 236, "impossibleCargos": [0, 1, 3, 5, 9, 13, 14], "neighbors": [17, 20, 28, 33, 13, 21, 31, 34, 23, 8, 3, 9, 2, 29, 4, 14, 15, 24, 18, 26, 10, 12, 16, 11, 19]}, {"capacity": 282, "impossibleCargos": [7, 9, 14], "neighbors": [19, 4, 21, 24, 16, 13, 33, 22, 20, 1, 5, 8, 25, 18, 26, 15, 17, 29, 30, 28, 27, 10, 32, 9, 7, 34]}, {"capacity": 228, "impossibleCargos": [1, 3, 6, 11], "neighbors": [7, 22, 30, 27, 15, 6, 1, 14, 29, 8, 18, 20, 25, 0, 31, 26, 32, 19, 5, 28, 11, 34, 13]}, {"capacity": 292, "impossibleCargos": [0, 3, 6, 8, 9, 10, 11], "neighbors": [28, 5, 2, 33, 16, 9, 8, 31, 10, 19, 0, 1, 15, 34, 13, 12, 6, 17, 30, 20, 23, 22, 32]}, {"capacity": 281, "impossibleCargos": [6, 8, 14], "neighbors": [6, 0, 34, 25, 33, 4, 13, 8, 18, 31, 30, 29, 2, 19, 11, 26, 32, 20, 12, 14, 22, 9, 21, 3, 10]}, {"capacity": 261, "impossibleCargos": [5, 7, 8], "neighbors": [5, 0, 13, 7, 20, 32, 34, 3, 22, 29, 27, 24, 31, 12, 26, 9, 33, 4, 11, 10, 19, 18, 15]}, {"capacity": 225, "impossibleCargos": [1, 5, 8, 9, 10, 14], "neighbors": [33, 3, 11, 16, 6, 13, 23, 30, 8, 18, 31, 27, 17, 22, 12, 29, 34, 14, 32, 21, 2, 28, 19]}, {"capacity": 261, "impossibleCargos": [5, 6, 8, 12], "neighbors": [28, 5, 31, 1, 4, 12, 7, 3, 33, 22, 11, 13, 2, 26, 29, 25, 30, 27, 23, 21, 9, 17, 18, 20, 10, 16, 19, 32]}, {"capacity": 275, "impossibleCargos": [1, 2, 4, 5], "neighbors": [28, 23, 33, 25, 17, 29, 27, 26, 16, 4, 31, 1, 0, 34, 11, 13, 10, 24, 12, 20, 5, 14, 6, 8, 19, 22, 32, 18, 2]}, {"capacity": 284, "impossibleCargos": [0, 2, 7, 11, 14], "neighbors": [26, 30, 25, 13, 29, 12, 32, 14, 34, 4, 9, 15, 33, 22, 11, 31, 24, 8, 0, 1, 2, 6, 5, 21, 19]}, {"capacity": 287, "impossibleCargos": [8], "neighbors": [26, 7, 19, 12, 0, 14, 27, 20, 5, 30, 9, 8, 29, 13, 17, 33, 31, 10, 15, 25, 23, 6, 24, 1, 3, 32, 28]}, {"capacity": 226, "impossibleCargos": [11, 14], "neighbors": [15, 0, 22, 33, 29, 11, 10, 8, 21, 17, 13, 20, 9, 28, 24, 6, 5, 16, 32, 26, 7, 4, 1, 18, 34, 23, 30]}, {"capacity": 222, "impossibleCargos": [0, 6], "neighbors": [30, 20, 1, 6, 5, 25, 2, 10, 7, 28, 14, 9, 12, 8, 22, 27, 0, 17, 11, 29, 4, 23, 16, 24, 19, 26, 3]}, {"capacity": 253, "impossibleCargos": [4, 7, 10], "neighbors": [27, 33, 26, 34, 21, 30, 11, 3, 13, 10, 17, 1, 5, 9, 25, 23, 24, 7, 31, 28, 19, 22, 16, 0]}, {"capacity": 270, "impossibleCargos": [2, 11, 12], "neighbors": [12, 26, 3, 16, 18, 0, 22, 10, 4, 2, 11, 25, 1, 21, 29, 24, 17, 6]}, {"capacity": 220, "impossibleCargos": [0, 2, 3, 9, 11, 14], "neighbors": [21, 26, 22, 7, 2, 27, 15, 30, 31, 19, 4, 9, 29, 25, 0, 32, 34, 23, 12, 13, 24, 18, 8, 1, 14]}, {"capacity": 241, "impossibleCargos": [8], "neighbors": [25, 24, 1, 28, 9, 22, 32, 26, 30, 21, 33, 12, 14, 29, 13, 11, 7, 23, 31, 2, 19, 8, 4, 18, 15, 20, 27]}, {"capacity": 225, "impossibleCargos": [0, 3, 5, 8, 10], "neighbors": [20, 26, 5, 19, 23, 25, 31, 33, 15, 3, 27, 22, 2, 7, 1, 8, 29, 16, 17, 0, 12, 34, 9, 6]}, {"capacity": 216, "impossibleCargos": [4, 5, 12], "neighbors": [2, 22, 20, 29, 18, 11, 16, 23, 5, 34, 4, 25, 31, 17, 3, 9, 13, 14, 21, 8, 28, 6, 1, 32, 10, 7]}, {"capacity": 245, "impossibleCargos": [0, 13], "neighbors": [28, 18, 25, 1, 13, 33, 19, 6, 30, 0, 23, 34, 31, 2, 11, 3, 12, 26, 5, 22, 21, 9, 32, 8, 29, 4, 17]}, {"capacity": 295, "impossibleCargos": [0, 2, 7], "neighbors": [26, 14, 16, 2, 1, 31, 24, 0, 12, 17, 20, 32, 8, 15, 29, 5, 28, 34, 19, 7, 10, 30]}, {"capacity": 296, "impossibleCargos": [0, 4, 13], "neighbors": [16, 3, 12, 31, 19, 28, 17, 30, 27, 6, 2, 26, 0, 34, 8, 15, 13, 18, 10, 20, 5, 23, 7, 29, 32, 9, 25, 14, 4]}, {"capacity": 219, "impossibleCargos": [3, 9, 11, 13], "neighbors": [9, 20, 1, 18, 7, 19, 25, 29, 31, 26, 34, 32, 22, 16, 17, 14, 11, 8, 13, 28, 24, 4, 12]}, {"capacity": 207, "impossibleCargos": [0, 13], "neighbors": [26, 17, 30, 2, 27, 21, 33, 0, 6, 9, 29, 12, 32, 31, 28, 14, 25, 1, 10, 34, 13, 16, 15, 11, 23]}, {"capacity": 240, "impossibleCargos": [4, 12], "neighbors": [17, 20, 5, 29, 32, 9, 13, 10, 34, 33, 18, 27, 16, 3, 23, 2, 19, 0, 30, 8, 28, 14, 11, 15, 24, 22, 26]}, {"capacity": 239, "impossibleCargos": [11, 14], "neighbors": [24, 18, 11, 10, 14, 21, 16, 15, 0, 9, 17, 22, 28, 5, 8, 20, 34, 2, 23, 3, 6, 12, 32, 1, 31, 27, 29, 25, 13]}, {"capacity": 234, "impossibleCargos": [0, 3, 12, 14], "neighbors": [14, 30, 3, 24, 16, 9, 22, 25, 6, 11, 29, 28, 18, 32, 13, 33, 31, 7, 8, 26, 34, 2, 17]}, {"capacity": 281, "impossibleCargos": [2, 4, 5, 11, 14], "neighbors": [20, 8, 34, 4, 9, 1, 17, 29, 22, 26, 27, 13, 32, 0, 12, 30, 25, 24, 2, 21, 23, 14, 3, 19, 31, 7, 11]}, {"capacity": 291, "impossibleCargos": [3, 6, 8, 10], "neighbors": [0, 25, 30, 28, 19, 9, 10, 12, 6, 5, 1, 3, 16, 27, 11, 33, 17, 24, 23, 31, 8, 32, 13, 2, 22, 7, 15, 21, 18, 20, 26]}, {"capacity": 292, "impossibleCargos": [3, 7, 8, 13], "neighbors": [13, 27, 24, 29, 0, 3, 14, 10, 20, 16, 22, 31, 7, 5, 17, 11, 28, 25, 8, 2, 4, 12, 21, 34]}, {"capacity": 276, "impossibleCargos": [2, 3, 7, 14], "neighbors": [22, 1, 5, 33, 0, 8, 21, 20, 16, 30, 18, 9, 32, 4, 34, 3, 23, 6, 29, 27, 7, 11, 19, 17, 24, 10, 14, 26, 28]}, {"capacity": 213, "impossibleCargos": [6, 13, 14], "neighbors": [25, 6, 17, 31, 10, 5, 27, 28, 16, 23, 20, 24, 21, 29, 33, 12, 3, 26, 22, 9, 2, 7, 19, 8, 11, 4]}, {"capacity": 274, "impossibleCargos": [0, 6, 12, 14], "neighbors": [14, 7, 5, 20, 1, 9, 12, 34, 31, 25, 4, 2, 24, 18, 8, 17, 29, 0, 27, 10, 11, 32, 6]}, {"capacity": 203, "impossibleCargos": [0, 14], "neighbors": [28, 14, 5, 33, 1, 25, 20, 6, 9, 22, 19, 10, 26, 31, 16, 23, 4, 7, 24, 27, 21, 0, 18, 12, 3, 2, 30]}]}