{"volumes": [1500, 695, 182, 0, 693, 472, 684, 1012, 204, 460, 200, 0, 1115, 220, 401], "conflicts": [[0, 3], [0, 11], [1, 3], [1, 11], [2, 11], [3, 5], [3, 7], [3, 8], [3, 9], [3, 10], [3, 11], [3, 12], [3, 13], [3, 14], [4, 11], [5, 11], [6, 11], [7, 11], [8, 10], [8, 11], [9, 11], [9, 13], [11, 12], [11, 13]], "tanks": [{"capacity": 224, "impossibleCargos": [1, 2, 4, 10, 11, 14], "neighbors": [7, 34, 30, 11, 18, 15, 3, 27, 4, 17, 2, 22, 6, 12, 16, 1, 10, 32, 25, 24, 26, 13, 8]}, {"capacity": 216, "impossibleCargos": [1, 5, 9], "neighbors": [9, 33, 23, 19, 27, 4, 10, 6, 32, 11, 18, 24, 7, 20, 28, 5, 14, 0, 16, 25, 12, 3, 29, 8, 26, 2, 17, 22]}, {"capacity": 228, "impossibleCargos": [1, 6, 11, 13], "neighbors": [33, 25, 22, 21, 10, 5, 26, 23, 8, 0, 31, 12, 18, 11, 14, 27, 6, 3, 9, 28, 30, 34, 29, 4, 7, 1, 20, 24, 15, 13]}, {"capacity": 287, "impossibleCargos": [3, 6], "neighbors": [34, 16, 27, 13, 12, 20, 30, 0, 21, 33, 10, 8, 29, 9, 14, 17, 6, 5, 2, 31, 15, 1, 19, 24, 7]}, {"capacity": 245, "impossibleCargos": [6, 7, 10, 14], "neighbors": [11, 15, 18, 1, 13, 10, 22, 23, 28, 0, 34, 19, 17, 33, 16, 6, 30, 14, 31, 8, 25, 7, 2, 24, 32, 20, 29, 12]}, {"capacity": 202, "impossibleCargos": [0, 4, 5, 14], "neighbors": [11, 34, 21, 19, 26, 13, 2, 10, 27, 24, 1, 8, 3, 15, 14, 7, 16, 23, 25, 12, 18, 22, 20, 29]}, {"capacity": 251, "impossibleCargos": [2, 8, 10, 12], "neighbors": [14, 10, 13, 17, 9, 1, 12, 20, 24, 0, 19, 25, 4, 29, 22, 2, 3, 28, 32, 26, 33, 21, 30, 7, 16, 23]}, {"capacity": 233, "impossibleCargos": [4, 5, 11], "neighbors": [0, 13, 10, 19, 25, 18, 15, 20, 1, 26, 11, 29, 27, 8, 14, 33, 28, 22, 9, 16, 4, 24, 5, 32, 34, 12, 2, 6, 3]}, {"capacity": 242, "impossibleCargos": [5, 9, 10, 12], "neighbors": [11, 18, 25, 24, 12, 27, 2, 3, 5, 26, 9, 4, 7, 28, 31, 15, 34, 33, 21, 1, 10, 0]}, {"capacity": 223, "impossibleCargos": [5, 6, 13, 14], "neighbors": [1, 32, 14, 6, 28, 18, 17, 33, 12, 22, 30, 34, 3, 31, 11, 27, 21, 8, 13, 16, 2, 15, 7, 19, 25, 24]}, {"capacity": 206, "impossibleCargos": [0, 5], "neighbors": [30, 6, 20, 34, 21, 4, 1, 28, 22, 2, 11, 5, 7, 25, 18, 13, 16, 3, 17, 33, 29, 0, 26, 14, 32, 27, 23, 8, 19]}, {"capacity": 241, "impossibleCargos": [5, 7, 9, 11, 13], "neighbors": [5, 4, 20, 8, 28, 18, 0, 30, 10, 1, 31, 23, 22, 7, 25, 9, 2, 12, 34, 26, 27, 32, 16, 17, 21, 14]}, {"capacity": 217, "impossibleCargos": [0, 10, 11, 13], "neighbors": [24, 25, 3, 6, 28, 30, 18, 8, 9, 16, 0, 13, 2, 34, 31, 29, 20, 15, 11, 14, 1, 17, 23, 7, 5, 32, 4]}, {"capacity": 261, "impossibleCargos": [14], "neighbors": [7, 6, 3, 29, 5, 4, 32, 25, 26, 31, 27, 15, 10, 12, 28, 20, 17, 23, 14, 9, 30, 22, 16, 33, 34, 19, 24, 0, 18, 2]}, {"capacity": 244, "impossibleCargos": [1, 4, 7, 8, 11], "neighbors": [6, 9, 17, 23, 18, 15, 21, 20, 32, 3, 4, 2, 34, 1, 33, 7, 13, 12, 16, 10, 5, 28, 22, 31, 24, 11, 30, 27]}, {"capacity": 258, "impossibleCargos": [1, 7, 8, 10, 14], "neighbors": [34, 4, 23, 17, 0, 14, 13, 33, 7, 25, 28, 27, 12, 8, 5, 9, 3, 24, 18, 2, 16, 32]}, {"capacity": 207, "impossibleCargos": [2, 9, 10, 11, 12, 13], "neighbors": [3, 31, 34, 30, 32, 12, 29, 4, 0, 10, 26, 20, 33, 19, 21, 1, 14, 9, 25, 13, 7, 27, 5, 11, 6, 15]}, {"capacity": 300, "impossibleCargos": [10, 13, 14], "neighbors": [30, 27, 23, 6, 14, 25, 29, 31, 24, 15, 9, 34, 0, 20, 4, 10, 13, 3, 21, 28, 12, 22, 11, 1]}, {"capacity": 259, "impossibleCargos": [1, 3, 12], "neighbors": [4, 14, 11, 8, 9, 0, 21, 24, 31, 20, 12, 10, 1, 7, 33, 19, 2, 29, 22, 34, 26, 32, 5, 13, 15]}, {"capacity": 251, "impossibleCargos": [2, 5, 11, 13], "neighbors": [32, 1, 5, 26, 33, 31, 20, 7, 24, 28, 4, 6, 18, 21, 16, 23, 34, 27, 3, 22, 9, 13, 30, 10]}, {"capacity": 283, "impossibleCargos": [1, 2, 3, 4, 10, 13], "neighbors": [10, 11, 34, 3, 28, 27, 6, 18, 19, 29, 17, 14, 7, 26, 1, 13, 16, 12, 33, 23, 24, 4, 2, 5, 22]}, {"capacity": 256, "impossibleCargos": [0, 5, 10, 13], "neighbors": [25, 2, 5, 10, 26, 18, 14, 3, 29, 19, 16, 9, 17, 34, 32, 8, 33, 6, 31, 11]}, {"capacity": 200, "impossibleCargos": [3, 7, 10, 12, 14], "neighbors": [26, 2, 31, 32, 29, 4, 10, 23, 24, 9, 33, 0, 11, 30, 6, 28, 27, 18, 13, 7, 17, 14, 19, 5, 1, 20]}, {"capacity": 290, "impossibleCargos": [2, 7, 11], "neighbors": [28, 17, 1, 15, 14, 4, 22, 2, 26, 29, 34, 30, 11, 32, 13, 19, 24, 20, 12, 25, 31, 5, 10, 6]}, {"capacity": 204, "impossibleCargos": [1, 5, 9], "neighbors": [12, 17, 22, 8, 18, 6, 33, 1, 5, 19, 32, 30, 28, 23, 29, 20, 31, 7, 4, 3, 34, 0, 14, 15, 13, 9, 25, 2]}, {"capacity": 259, "impossibleCargos": [0, 6, 11, 13], "neighbors": [12, 2, 21, 17, 8, 10, 13, 7, 15, 6, 11, 33, 32, 1, 16, 4, 0, 23, 34, 28, 5, 9, 24, 29]}, {"capacity": 256, "impossibleCargos": [0, 4, 10, 11, 14], "neighbors": [22, 29, 21, 5, 19, 2, 23, 13, 7, 16, 20, 31, 8, 28, 32, 30, 6, 10, 18, 11, 1, 0, 27, 34]}, {"capacity": 258, "impossibleCargos": [1, 2, 4, 13], "neighbors": [17, 3, 34, 33, 1, 20, 29, 5, 0, 8, 13, 7, 2, 15, 9, 31, 22, 19, 16, 11, 10, 26, 30, 32, 14]}, {"capacity": 286, "impossibleCargos": [3, 11], "neighbors": [30, 23, 29, 11, 9, 20, 34, 10, 4, 12, 19, 13, 1, 15, 22, 24, 6, 26, 8, 17, 32, 7, 2, 14, 25]}, {"capacity": 279, "impossibleCargos": [8, 10, 14], "neighbors": [13, 28, 34, 17, 26, 22, 27, 30, 20, 23, 21, 16, 7, 3, 6, 12, 18, 32, 10, 24, 2, 1, 4, 5, 25, 33]}, {"capacity": 280, "impossibleCargos": [0, 6, 12], "neighbors": [17, 28, 10, 0, 16, 31, 3, 11, 29, 12, 23, 9, 22, 24, 33, 4, 34, 26, 13, 32, 2, 6, 19, 27, 14]}, {"capacity": 252, "impossibleCargos": [3, 5, 6, 7, 13], "neighbors": [16, 30, 22, 34, 17, 19, 18, 11, 2, 13, 9, 26, 12, 4, 8, 27, 3, 24, 14, 23, 21]}, {"capacity": 223, "impossibleCargos": [10, 13], "neighbors": [9, 19, 16, 22, 13, 1, 14, 23, 24, 26, 6, 29, 25, 28, 21, 30, 0, 10, 11, 18, 4, 7, 12, 27, 15]}, {"capacity": 212, "impossibleCargos": [12, 13], "neighbors": [2, 1, 27, 19, 9, 24, 22, 3, 15, 4, 18, 30, 16, 20, 14, 25, 10, 7, 8, 13, 6, 21, 29]}, {"capacity": 203, "impossibleCargos": [3, 8, 10], "neighbors": [3, 0, 5, 15, 10, 27, 16, 20, 29, 31, 28, 17, 23, 4, 9, 12, 14, 30, 21, 19, 8, 18, 2, 11, 24, 25, 13, 7, 26]}]}