{"volumes": [200, 238, 488, 703, 482, 552, 684, 449, 439, 0, 209, 633, 1104, 1049, 456], "conflicts": [[1, 9], [4, 9], [9, 11], [9, 14]], "tanks": [{"capacity": 231, "impossibleCargos": [0, 1, 3, 7, 8, 9, 10, 13], "neighbors": [20, 2, 14, 19, 30, 8, 12, 16, 31, 34, 3, 25, 28, 15, 27, 18, 10, 4, 1, 5, 33, 6, 32]}, {"capacity": 257, "impossibleCargos": [1, 2, 7, 11, 14], "neighbors": [7, 27, 28, 23, 5, 21, 2, 25, 18, 19, 24, 29, 22, 8, 4, 9, 13, 33, 31, 17, 11, 12, 32, 0, 20, 3, 15, 14, 16]}, {"capacity": 223, "impossibleCargos": [0, 7, 10], "neighbors": [25, 0, 32, 5, 12, 3, 1, 10, 13, 34, 31, 19, 8, 6, 30, 27, 11, 16, 28, 7, 18, 17, 29, 33, 15, 23, 22]}, {"capacity": 255, "impossibleCargos": [2, 3, 9, 10, 12, 13], "neighbors": [17, 24, 2, 5, 7, 22, 15, 27, 14, 18, 30, 0, 6, 23, 21, 13, 11, 10, 33, 9, 4, 29, 16, 32, 19, 8, 1]}, {"capacity": 279, "impossibleCargos": [4, 5, 7, 10, 12], "neighbors": [29, 32, 20, 14, 17, 6, 1, 5, 26, 8, 31, 12, 24, 34, 3, 33, 0, 28, 18, 11, 25]}, {"capacity": 262, "impossibleCargos": [0, 1, 3, 5, 6, 9, 11, 12], "neighbors": [16, 6, 26, 13, 2, 3, 1, 29, 32, 11, 17, 4, 10, 7, 19, 9, 12, 14, 20, 0, 23, 22, 30, 24]}, {"capacity": 225, "impossibleCargos": [1, 3, 7, 8, 10, 12], "neighbors": [15, 5, 23, 33, 20, 26, 19, 7, 25, 4, 31, 34, 18, 8, 9, 2, 29, 3, 22, 21, 14, 10, 27, 28, 0, 17]}, {"capacity": 269, "impossibleCargos": [2, 3, 4, 9, 13, 14], "neighbors": [1, 20, 23, 9, 31, 6, 3, 28, 22, 21, 19, 16, 5, 29, 30, 11, 2, 26, 25, 27, 15, 33, 17, 14]}, {"capacity": 203, "impossibleCargos": [0, 1, 3, 4, 6, 9, 12, 13], "neighbors": [15, 25, 14, 0, 33, 6, 1, 31, 12, 2, 13, 4, 10, 17, 32, 22, 9, 23, 26, 20, 3, 29, 11]}, {"capacity": 297, "impossibleCargos": [0, 1, 4, 8, 11], "neighbors": [20, 7, 23, 11, 6, 17, 30, 25, 1, 31, 15, 13, 26, 14, 5, 8, 34, 12, 3, 10, 33, 27, 28, 24, 18, 16]}, {"capacity": 216, "impossibleCargos": [5, 6, 8, 9, 10, 11, 12, 14], "neighbors": [28, 27, 11, 32, 25, 2, 21, 5, 29, 12, 30, 8, 16, 34, 15, 22, 3, 14, 6, 31, 13, 9, 0, 23, 19, 24, 33]}, {"capacity": 227, "impossibleCargos": [0, 2, 4, 5, 6, 9], "neighbors": [19, 10, 9, 31, 29, 5, 24, 23, 16, 7, 2, 32, 30, 28, 3, 14, 12, 1, 18, 27, 34, 33, 8, 4, 21]}, {"capacity": 208, "impossibleCargos": [0, 5, 6, 8], "neighbors": [29, 2, 16, 28, 14, 21, 0, 8, 27, 25, 10, 30, 4, 34, 17, 18, 5, 9, 11, 22, 1, 23, 24, 31, 32, 20]}, {"capacity": 215, "impossibleCargos": [0, 1, 4, 5, 6, 8, 9, 10, 11, 12, 14], "neighbors": [27, 5, 33, 29, 2, 28, 31, 1, 9, 8, 24, 30, 14, 34, 22, 21, 3, 18, 23, 17, 16, 10, 26, 20]}, {"capacity": 259, "impossibleCargos": [3, 4, 6, 7, 10, 13], "neighbors": [23, 0, 25, 4, 24, 12, 8, 17, 19, 22, 3, 18, 34, 29, 13, 28, 9, 11, 16, 6, 10, 31, 32, 33, 26, 5, 27, 1, 7, 21]}, {"capacity": 290, "impossibleCargos": [0, 5, 7, 9], "neighbors": [8, 6, 31, 32, 3, 17, 20, 9, 33, 30, 10, 19, 28, 18, 27, 0, 7, 2, 29, 1, 24, 25]}, {"capacity": 225, "impossibleCargos": [1, 2, 6, 7, 9, 14], "neighbors": [31, 5, 12, 17, 0, 23, 11, 26, 28, 33, 7, 10, 25, 2, 24, 29, 21, 30, 13, 14, 32, 3, 34, 22, 18, 27, 20, 1, 9]}, {"capacity": 285, "impossibleCargos": [2, 4, 6, 7, 9, 10, 11], "neighbors": [3, 24, 30, 4, 14, 16, 15, 5, 22, 9, 34, 8, 1, 31, 20, 33, 12, 13, 19, 2, 26, 28, 29, 7, 18, 23, 6]}, {"capacity": 207, "impossibleCargos": [1, 4, 7, 8, 10, 13], "neighbors": [25, 24, 1, 30, 6, 14, 3, 34, 32, 28, 13, 15, 22, 12, 2, 33, 0, 31, 11, 19, 21, 4, 29, 17, 16, 9]}, {"capacity": 262, "impossibleCargos": [2, 5, 7, 10, 11, 12, 14], "neighbors": [11, 0, 33, 6, 1, 14, 2, 28, 34, 7, 5, 22, 15, 21, 17, 25, 18, 3, 20, 29, 10, 24]}, {"capacity": 231, "impossibleCargos": [1, 4, 6, 8, 10, 11, 12, 14], "neighbors": [0, 7, 9, 4, 6, 25, 32, 15, 28, 17, 31, 29, 26, 8, 19, 23, 1, 34, 13, 5, 24, 12, 16]}, {"capacity": 200, "impossibleCargos": [0, 3, 5, 6, 8, 10], "neighbors": [25, 29, 1, 32, 12, 27, 7, 10, 26, 30, 23, 31, 33, 6, 3, 13, 16, 19, 22, 34, 18, 28, 24, 11, 14]}, {"capacity": 298, "impossibleCargos": [0, 1, 3, 4, 7, 10, 12, 13, 14], "neighbors": [31, 30, 33, 32, 3, 14, 17, 1, 7, 23, 10, 19, 25, 6, 26, 13, 8, 28, 18, 29, 21, 12, 34, 16, 5, 2]}, {"capacity": 266, "impossibleCargos": [12, 14], "neighbors": [14, 26, 6, 7, 1, 9, 31, 29, 27, 24, 28, 34, 11, 32, 16, 21, 22, 25, 3, 13, 30, 8, 12, 10, 20, 17, 5, 2]}, {"capacity": 241, "impossibleCargos": [0, 2, 3, 4, 6, 7, 12], "neighbors": [17, 3, 18, 14, 32, 23, 1, 11, 33, 34, 13, 4, 16, 29, 12, 10, 21, 9, 20, 25, 15, 19, 5]}, {"capacity": 240, "impossibleCargos": [0, 2, 3, 5, 9, 10, 11, 12, 13], "neighbors": [21, 2, 33, 29, 18, 27, 14, 8, 1, 20, 10, 6, 9, 31, 12, 30, 28, 23, 22, 26, 16, 0, 32, 19, 7, 24, 15, 4]}, {"capacity": 207, "impossibleCargos": [0, 1, 4, 7, 8, 9, 12, 14], "neighbors": [23, 5, 6, 4, 16, 21, 9, 32, 25, 22, 31, 33, 34, 7, 8, 20, 17, 13, 14, 28, 30]}, {"capacity": 209, "impossibleCargos": [0, 3, 6, 7, 9, 10, 11], "neighbors": [10, 25, 13, 1, 33, 23, 21, 12, 3, 30, 29, 2, 31, 15, 0, 11, 7, 6, 9, 14, 16]}, {"capacity": 224, "impossibleCargos": [0, 2, 5, 6, 7, 8, 10, 11, 12], "neighbors": [10, 32, 1, 12, 23, 13, 30, 7, 20, 19, 16, 14, 25, 34, 11, 18, 2, 0, 22, 15, 21, 6, 9, 17, 4, 26, 31]}, {"capacity": 213, "impossibleCargos": [0, 2, 3, 7, 8, 9, 11, 12, 13], "neighbors": [25, 21, 4, 12, 5, 11, 23, 13, 1, 27, 6, 10, 14, 34, 7, 16, 24, 33, 22, 2, 3, 20, 30, 32, 8, 17, 19, 18, 15]}, {"capacity": 239, "impossibleCargos": [1, 2, 5, 7, 10, 14], "neighbors": [17, 22, 0, 18, 28, 9, 27, 13, 10, 15, 3, 21, 2, 25, 7, 12, 11, 16, 23, 31, 34, 29, 33, 26, 5]}, {"capacity": 239, "impossibleCargos": [0, 3, 4, 6, 9, 11], "neighbors": [16, 22, 33, 15, 7, 23, 11, 6, 8, 13, 2, 25, 0, 9, 1, 21, 17, 4, 26, 27, 30, 10, 20, 14, 18, 12, 28, 34]}, {"capacity": 234, "impossibleCargos": [0, 2, 3, 5, 6, 9, 10, 12], "neighbors": [28, 4, 2, 22, 10, 24, 15, 21, 5, 20, 33, 23, 26, 18, 8, 11, 25, 34, 16, 14, 29, 3, 1, 12, 0]}, {"capacity": 227, "impossibleCargos": [0, 1, 2, 4, 5, 8, 11, 13], "neighbors": [25, 31, 22, 27, 6, 19, 13, 8, 32, 24, 15, 16, 1, 17, 21, 26, 3, 29, 18, 9, 4, 34, 14, 30, 7, 11, 2, 0, 10]}, {"capacity": 217, "impossibleCargos": [4, 7, 8, 9, 11, 12, 13, 14], "neighbors": [6, 2, 23, 19, 14, 24, 29, 17, 0, 10, 13, 18, 12, 4, 28, 26, 32, 9, 21, 30, 33, 22, 11, 16, 20, 31]}]}