{"volumes": [733, 460, 977, 962, 613, 437, 448, 675, 259, 258, 469, 242, 967, 209, 198], "conflicts": [], "tanks": [{"capacity": 260, "impossibleCargos": [0, 5, 6, 7, 8, 11], "neighbors": [22, 23, 13, 5, 32, 3, 18, 28, 33, 31, 25, 20, 26, 2, 9, 19, 15, 11, 10, 16, 29, 7, 14, 8, 4]}, {"capacity": 228, "impossibleCargos": [1, 2, 4, 8, 12, 13, 14], "neighbors": [8, 13, 27, 19, 32, 9, 34, 25, 15, 7, 20, 11, 24, 33, 6, 14, 22, 23, 18, 5, 29, 4, 26, 16, 10, 12]}, {"capacity": 262, "impossibleCargos": [0, 1, 2, 4, 7, 9, 10, 12, 13, 14], "neighbors": [16, 34, 10, 11, 17, 24, 12, 15, 25, 9, 26, 14, 22, 8, 6, 13, 31, 0, 33, 4, 28, 30, 29, 21]}, {"capacity": 221, "impossibleCargos": [1, 2, 3, 5, 8, 9, 10, 11, 14], "neighbors": [16, 28, 23, 31, 11, 25, 30, 0, 21, 5, 19, 13, 10, 7, 33, 17, 24, 27, 32, 26, 29, 8, 18, 15]}, {"capacity": 269, "impossibleCargos": [0, 5, 7, 8, 10, 13], "neighbors": [6, 7, 32, 33, 24, 12, 10, 5, 9, 31, 17, 2, 27, 1, 11, 22, 13, 25, 8, 14, 20, 30, 28, 0, 34, 16]}, {"capacity": 222, "impossibleCargos": [2, 7, 12, 14], "neighbors": [19, 33, 32, 25, 0, 18, 10, 23, 4, 3, 34, 27, 1, 16, 21, 9, 26, 20, 22, 29, 28, 15]}, {"capacity": 273, "impossibleCargos": [2, 3, 4, 5, 6, 10, 12, 13, 14], "neighbors": [4, 20, 26, 28, 17, 15, 1, 21, 29, 12, 33, 2, 14, 23, 25, 22, 10, 13, 11, 7, 8, 31, 18, 9]}, {"capacity": 294, "impossibleCargos": [1, 3, 5, 6, 7, 8, 11, 14], "neighbors": [26, 4, 8, 29, 16, 33, 13, 1, 14, 9, 3, 15, 28, 25, 17, 23, 22, 21, 6, 0, 10]}, {"capacity": 265, "impossibleCargos": [0, 4, 6, 7, 9, 12], "neighbors": [24, 1, 7, 28, 29, 16, 22, 26, 31, 9, 20, 14, 2, 19, 17, 34, 23, 15, 33, 4, 18, 3, 32, 11, 6, 12, 0]}, {"capacity": 238, "impossibleCargos": [2, 4, 5, 6, 7, 10, 12, 13], "neighbors": [25, 1, 24, 32, 15, 2, 12, 18, 7, 13, 34, 4, 8, 21, 26, 16, 30, 20, 17, 0, 22, 23, 5, 14, 28, 19, 10, 27, 29, 6]}, {"capacity": 211, "impossibleCargos": [5, 6, 7, 10, 11, 12], "neighbors": [2, 13, 34, 5, 11, 27, 4, 32, 16, 23, 3, 22, 33, 31, 18, 14, 6, 17, 0, 9, 26, 21, 25, 1, 12, 20, 7]}, {"capacity": 251, "impossibleCargos": [0, 3, 5, 6, 8, 9, 10, 12, 14], "neighbors": [17, 20, 2, 3, 31, 10, 16, 1, 23, 34, 22, 18, 29, 14, 15, 33, 19, 13, 0, 4, 6, 32, 27, 8, 28]}, {"capacity": 255, "impossibleCargos": [0, 1, 2, 4, 6, 7, 8, 11, 14], "neighbors": [25, 16, 31, 23, 2, 29, 4, 33, 26, 22, 9, 21, 20, 19, 6, 30, 15, 34, 13, 24, 14, 32, 17, 8, 1, 10]}, {"capacity": 243, "impossibleCargos": [1, 2, 6, 7, 8, 10], "neighbors": [1, 24, 0, 32, 33, 29, 28, 10, 27, 7, 17, 21, 30, 9, 3, 18, 2, 12, 15, 11, 16, 6, 4, 26]}, {"capacity": 247, "impossibleCargos": [7, 8, 9, 10, 13, 14], "neighbors": [18, 28, 27, 31, 25, 16, 7, 22, 2, 10, 1, 32, 8, 11, 6, 12, 33, 9, 24, 34, 4, 30, 0, 19]}, {"capacity": 245, "impossibleCargos": [1, 4, 5, 10, 11, 13], "neighbors": [24, 28, 21, 17, 32, 6, 1, 2, 23, 30, 9, 7, 31, 29, 12, 19, 11, 27, 13, 0, 8, 20, 22, 25, 3, 34, 5]}, {"capacity": 215, "impossibleCargos": [0, 6, 10, 14], "neighbors": [3, 2, 32, 12, 28, 7, 8, 14, 17, 20, 11, 19, 10, 33, 29, 9, 25, 27, 13, 5, 26, 0, 1, 30, 18, 21, 31, 34, 4]}, {"capacity": 235, "impossibleCargos": [0, 4, 10], "neighbors": [11, 33, 31, 30, 24, 15, 2, 6, 27, 18, 16, 34, 13, 19, 28, 26, 25, 3, 22, 7, 9, 4, 20, 8, 10, 12]}, {"capacity": 200, "impossibleCargos": [6, 7, 9, 11, 14], "neighbors": [14, 23, 5, 17, 0, 9, 20, 10, 13, 21, 34, 11, 25, 19, 1, 32, 26, 8, 27, 3, 16, 24, 22, 31, 6]}, {"capacity": 266, "impossibleCargos": [2, 3, 4, 7, 8, 9, 11, 12, 14], "neighbors": [30, 5, 25, 22, 1, 23, 28, 16, 17, 3, 20, 29, 33, 12, 32, 15, 0, 18, 8, 11, 27, 24, 9, 26, 14]}, {"capacity": 228, "impossibleCargos": [0, 6, 9, 11, 13, 14], "neighbors": [11, 6, 33, 28, 24, 23, 16, 1, 18, 12, 19, 34, 8, 0, 9, 30, 29, 17, 31, 5, 15, 4, 25, 10, 21]}, {"capacity": 207, "impossibleCargos": [1, 5, 6, 8, 10, 11, 12, 13, 14], "neighbors": [30, 34, 25, 15, 22, 3, 23, 13, 12, 32, 9, 6, 33, 27, 18, 28, 24, 5, 26, 7, 10, 31, 16, 20, 2]}, {"capacity": 217, "impossibleCargos": [2, 3, 4, 6, 7, 10, 12, 14], "neighbors": [0, 23, 19, 21, 26, 12, 8, 14, 34, 10, 32, 2, 31, 11, 33, 17, 1, 27, 29, 9, 7, 6, 4, 15, 5, 18]}, {"capacity": 275, "impossibleCargos": [0, 4, 7, 8, 9, 13, 14], "neighbors": [3, 0, 22, 33, 18, 19, 12, 26, 5, 20, 15, 21, 25, 10, 28, 31, 11, 1, 7, 32, 30, 6, 8, 9, 24]}, {"capacity": 205, "impossibleCargos": [1, 4, 6, 7, 8, 9, 10, 13], "neighbors": [8, 25, 15, 13, 29, 17, 2, 9, 20, 4, 33, 1, 27, 3, 12, 21, 31, 34, 19, 14, 23, 32, 18]}, {"capacity": 262, "impossibleCargos": [0, 1, 3, 5, 6, 10, 11, 12, 14], "neighbors": [12, 30, 24, 26, 21, 31, 27, 5, 19, 3, 9, 14, 1, 2, 32, 23, 17, 28, 16, 29, 0, 33, 7, 18, 6, 4, 15, 10, 34, 20]}, {"capacity": 245, "impossibleCargos": [0, 1, 2, 3, 6, 12, 13], "neighbors": [7, 6, 33, 25, 32, 23, 22, 12, 2, 17, 8, 9, 30, 0, 3, 5, 28, 16, 18, 21, 1, 10, 19, 27, 34, 13]}, {"capacity": 256, "impossibleCargos": [3, 4, 6, 9, 14], "neighbors": [1, 25, 28, 14, 17, 30, 10, 32, 13, 34, 33, 21, 24, 3, 22, 19, 5, 15, 4, 16, 31, 18, 11, 26, 9]}, {"capacity": 213, "impossibleCargos": [3, 4, 7, 10], "neighbors": [3, 13, 14, 15, 6, 27, 16, 8, 20, 19, 34, 0, 17, 29, 23, 25, 31, 7, 30, 21, 32, 2, 26, 9, 4, 5, 11]}, {"capacity": 220, "impossibleCargos": [1, 3, 6, 8, 10, 11, 13, 14], "neighbors": [13, 24, 7, 8, 12, 31, 28, 16, 19, 32, 25, 6, 15, 30, 20, 11, 33, 22, 34, 1, 3, 2, 5, 0, 9]}, {"capacity": 294, "impossibleCargos": [0, 1, 2, 4, 5, 8, 13, 14], "neighbors": [19, 21, 25, 17, 3, 27, 15, 13, 33, 29, 12, 9, 32, 20, 28, 26, 23, 34, 16, 2, 14, 4]}, {"capacity": 256, "impossibleCargos": [1, 3, 5, 6, 10, 11, 12, 13, 14], "neighbors": [17, 3, 25, 12, 11, 33, 14, 29, 8, 10, 15, 0, 23, 28, 22, 2, 4, 20, 27, 24, 21, 6, 18, 16]}, {"capacity": 260, "impossibleCargos": [0, 1, 9, 11, 12, 13, 14], "neighbors": [16, 13, 5, 4, 0, 1, 26, 15, 27, 10, 25, 9, 34, 21, 29, 22, 14, 30, 19, 3, 23, 28, 18, 11, 12, 24, 8]}, {"capacity": 250, "impossibleCargos": [1, 3, 8, 9, 10, 11, 12, 14], "neighbors": [17, 20, 5, 13, 26, 23, 31, 4, 7, 12, 0, 16, 27, 24, 10, 1, 19, 30, 21, 6, 3, 25, 22, 29, 2, 11, 34, 14, 8]}, {"capacity": 296, "impossibleCargos": [3, 4, 5, 6, 7, 9, 10, 13, 14], "neighbors": [21, 2, 10, 1, 17, 28, 32, 27, 22, 9, 20, 11, 5, 18, 12, 29, 8, 30, 33, 24, 14, 25, 26, 15, 16, 4]}]}