{"volumes": [330, 1054, 265, 149, 340, 141, 377, 387, 0, 905, 871, 360, 233, 651, 156], "conflicts": [[1, 8], [2, 4], [2, 11], [3, 8], [4, 6], [4, 8], [5, 8], [5, 12], [6, 8], [7, 12], [8, 10], [8, 11], [11, 12], [11, 14], [12, 14]], "tanks": [{"capacity": 279, "impossibleCargos": [5, 6, 8, 13], "neighbors": [28, 22, 24, 29]}, {"capacity": 205, "impossibleCargos": [0, 1, 2, 8, 10], "neighbors": [23, 17, 18, 22, 30, 11, 16, 8]}, {"capacity": 294, "impossibleCargos": [6, 9, 11, 12], "neighbors": [16, 17, 13, 11, 24, 20, 8, 3]}, {"capacity": 294, "impossibleCargos": [14], "neighbors": [14, 19, 23, 5, 25, 27, 16, 28, 2]}, {"capacity": 271, "impossibleCargos": [10, 12, 13], "neighbors": [25, 22, 23, 32, 15, 26, 24, 9, 11]}, {"capacity": 212, "impossibleCargos": [1, 2, 3, 4, 5], "neighbors": [29, 16, 30, 3, 21, 19, 11, 8, 17, 9, 31]}, {"capacity": 259, "impossibleCargos": [3, 10, 11, 12], "neighbors": [8, 7, 17, 9, 28, 16, 21, 10]}, {"capacity": 222, "impossibleCargos": [2, 7, 10, 12], "neighbors": [6, 30, 28, 14, 31, 20, 24]}, {"capacity": 213, "impossibleCargos": [2, 7, 8], "neighbors": [6, 9, 15, 28, 5, 2, 21, 30, 14, 1]}, {"capacity": 250, "impossibleCargos": [3, 6, 12], "neighbors": [23, 8, 32, 14, 30, 34, 6, 5, 20, 4, 21]}, {"capacity": 271, "impossibleCargos": [2, 5, 14], "neighbors": [22, 12, 30, 27, 34, 14, 29, 31, 6, 21]}, {"capacity": 255, "impossibleCargos": [3, 6, 10], "neighbors": [34, 21, 19, 2, 5, 1, 4, 16, 23]}, {"capacity": 273, "impossibleCargos": [5, 7, 8, 9, 13, 14], "neighbors": [29, 10, 22, 19, 17, 26, 30]}, {"capacity": 288, "impossibleCargos": [0], "neighbors": [30, 2, 19, 17, 31, 27]}, {"capacity": 225, "impossibleCargos": [5], "neighbors": [3, 18, 10, 7, 9, 23, 27, 8, 21, 20, 26, 30]}, {"capacity": 233, "impossibleCargos": [7, 8], "neighbors": [4, 8, 31, 20, 26, 23, 34, 16]}, {"capacity": 254, "impossibleCargos": [0, 2, 10, 14], "neighbors": [2, 5, 3, 30, 19, 26, 6, 28, 11, 1, 15, 18]}, {"capacity": 242, "impossibleCargos": [0, 4, 13, 14], "neighbors": [2, 1, 6, 18, 27, 12, 20, 5, 13]}, {"capacity": 257, "impossibleCargos": [0, 10, 11], "neighbors": [14, 19, 17, 1, 22, 31, 33, 16]}, {"capacity": 276, "impossibleCargos": [2, 5, 6, 7, 12, 13], "neighbors": [3, 20, 18, 29, 11, 13, 33, 34, 12, 16, 5]}, {"capacity": 246, "impossibleCargos": [3, 7, 10, 13, 14], "neighbors": [19, 2, 26, 15, 17, 9, 14, 23, 7]}, {"capacity": 206, "impossibleCargos": [1], "neighbors": [11, 23, 5, 8, 33, 14, 9, 6, 10, 29]}, {"capacity": 215, "impossibleCargos": [0, 4, 5, 9, 14], "neighbors": [4, 10, 0, 12, 28, 18, 1, 34, 31]}, {"capacity": 296, "impossibleCargos": [4, 10, 11], "neighbors": [9, 3, 4, 1, 21, 26, 25, 14, 15, 33, 27, 20, 11]}, {"capacity": 260, "impossibleCargos": [3, 9, 14], "neighbors": [0, 2, 33, 4, 7]}, {"capacity": 282, "impossibleCargos": [5, 6, 12], "neighbors": [4, 27, 3, 23]}, {"capacity": 268, "impossibleCargos": [3, 5, 13, 14], "neighbors": [23, 4, 20, 12, 16, 15, 14]}, {"capacity": 231, "impossibleCargos": [4, 12], "neighbors": [25, 31, 10, 3, 17, 14, 23, 13, 30]}, {"capacity": 255, "impossibleCargos": [0, 2, 12, 13], "neighbors": [29, 7, 0, 22, 8, 3, 6, 16]}, {"capacity": 248, "impossibleCargos": [3, 4, 6, 7, 9], "neighbors": [12, 28, 31, 5, 19, 10, 0, 21]}, {"capacity": 272, "impossibleCargos": [1, 10, 12], "neighbors": [7, 13, 10, 5, 34, 16, 9, 1, 8, 12, 27, 14]}, {"capacity": 268, "impossibleCargos": [5, 6, 8], "neighbors": [27, 29, 33, 15, 10, 18, 22, 13, 7, 5]}, {"capacity": 254, "impossibleCargos": [0, 1, 2, 7], "neighbors": [9, 4]}, {"capacity": 291, "impossibleCargos": [1, 3, 7, 8, 13], "neighbors": [19, 31, 24, 21, 23, 18]}, {"capacity": 272, "impossibleCargos": [0, 4, 7, 10, 11], "neighbors": [11, 30, 10, 19, 9, 22, 15]}]}