{"volumes": [0, 0, 324, 465, 260, 228, 507, 817, 780, 313, 891, 356, 615, 773, 401], "conflicts": [[0, 1], [0, 3], [0, 4], [0, 5], [0, 6], [0, 7], [0, 8], [0, 10], [0, 12], [0, 14], [1, 2], [1, 3], [1, 6], [1, 7], [1, 9], [1, 10], [1, 13], [2, 5], [2, 12], [3, 4], [3, 13], [4, 10], [4, 12], [4, 13], [5, 7], [9, 14]], "tanks": [{"capacity": 232, "impossibleCargos": [1, 3, 5, 10, 12], "neighbors": [33, 18, 6, 19, 20, 3, 11, 32, 22, 10]}, {"capacity": 283, "impossibleCargos": [0, 2, 5, 8, 9, 13, 14], "neighbors": [34, 25, 16, 10, 28]}, {"capacity": 249, "impossibleCargos": [2, 3, 4, 5, 14], "neighbors": [3, 28, 25, 10, 19, 20, 27, 31]}, {"capacity": 214, "impossibleCargos": [1, 7], "neighbors": [34, 2, 18, 20, 22, 32, 13, 0, 4]}, {"capacity": 240, "impossibleCargos": [0, 1, 2, 6, 7, 8, 9, 12], "neighbors": [15, 32, 27, 31, 29, 16, 3, 5, 11, 6, 17]}, {"capacity": 235, "impossibleCargos": [2, 4, 12, 13], "neighbors": [25, 27, 14, 31, 9, 12, 4, 8, 32, 22, 24]}, {"capacity": 280, "impossibleCargos": [3, 7, 14], "neighbors": [20, 27, 28, 0, 11, 26, 4, 34, 25, 15, 17]}, {"capacity": 254, "impossibleCargos": [2, 5, 13, 14], "neighbors": [33, 30, 13, 25, 21, 8, 16]}, {"capacity": 278, "impossibleCargos": [8, 10, 14], "neighbors": [7, 22, 32, 24, 5, 15, 10]}, {"capacity": 266, "impossibleCargos": [0, 9, 10], "neighbors": [24, 5, 26, 12, 20, 16, 21, 23, 25, 30]}, {"capacity": 211, "impossibleCargos": [0, 1, 2, 4, 10, 12], "neighbors": [15, 12, 30, 20, 1, 21, 2, 24, 0, 8]}, {"capacity": 238, "impossibleCargos": [4, 9], "neighbors": [27, 30, 20, 21, 19, 6, 23, 16, 4, 28, 0, 31]}, {"capacity": 234, "impossibleCargos": [0, 2, 14], "neighbors": [10, 20, 15, 23, 5, 9, 25, 24]}, {"capacity": 271, "impossibleCargos": [9, 10, 11, 12, 14], "neighbors": [23, 33, 7, 19, 29, 3, 34, 21]}, {"capacity": 209, "impossibleCargos": [1, 8, 12, 13], "neighbors": [23, 5, 26]}, {"capacity": 288, "impossibleCargos": [2, 7], "neighbors": [10, 34, 4, 32, 12, 23, 8, 6]}, {"capacity": 264, "impossibleCargos": [5, 10], "neighbors": [1, 32, 18, 4, 9, 11, 21, 7]}, {"capacity": 204, "impossibleCargos": [1, 3, 4, 9, 12, 14], "neighbors": [29, 25, 22, 27, 4, 6]}, {"capacity": 263, "impossibleCargos": [0, 1, 2, 4], "neighbors": [24, 3, 33, 16, 19, 0, 32, 26, 23]}, {"capacity": 228, "impossibleCargos": [1, 8, 12, 13], "neighbors": [28, 31, 13, 18, 0, 11, 2]}, {"capacity": 291, "impossibleCargos": [1, 5, 6, 7, 8], "neighbors": [6, 24, 12, 21, 3, 10, 34, 25, 9, 11, 29, 0, 26, 2, 27]}, {"capacity": 205, "impossibleCargos": [3, 5, 8, 9, 10], "neighbors": [20, 7, 10, 11, 9, 27, 16, 13, 22]}, {"capacity": 277, "impossibleCargos": [0, 2, 6, 11, 12, 14], "neighbors": [26, 17, 3, 8, 5, 0, 21]}, {"capacity": 266, "impossibleCargos": [13], "neighbors": [13, 29, 14, 15, 12, 31, 11, 9, 25, 18, 30]}, {"capacity": 274, "impossibleCargos": [4], "neighbors": [20, 18, 27, 9, 8, 10, 25, 12, 28, 5]}, {"capacity": 232, "impossibleCargos": [2, 3, 13, 14], "neighbors": [5, 1, 26, 17, 7, 20, 2, 24, 12, 9, 23, 6]}, {"capacity": 278, "impossibleCargos": [4, 6, 14], "neighbors": [22, 25, 9, 6, 20, 18, 14, 29]}, {"capacity": 256, "impossibleCargos": [0, 2, 3, 5, 8, 9, 13], "neighbors": [5, 11, 6, 24, 4, 21, 20, 2, 17]}, {"capacity": 249, "impossibleCargos": [0, 1, 5, 6, 7, 9], "neighbors": [34, 2, 19, 6, 11, 1, 24]}, {"capacity": 298, "impossibleCargos": [0, 6], "neighbors": [23, 17, 13, 4, 20, 26]}, {"capacity": 200, "impossibleCargos": [6, 10, 11, 14], "neighbors": [7, 10, 31, 11, 9, 23]}, {"capacity": 258, "impossibleCargos": [0, 7, 11, 13], "neighbors": [19, 30, 5, 4, 23, 11, 2]}, {"capacity": 258, "impossibleCargos": [2, 6, 7, 8], "neighbors": [33, 15, 4, 16, 3, 8, 18, 0, 5]}, {"capacity": 225, "impossibleCargos": [4, 7, 13], "neighbors": [32, 13, 7, 18, 0]}, {"capacity": 251, "impossibleCargos": [0, 1, 7, 9, 11], "neighbors": [28, 3, 15, 1, 20, 6, 13]}]}