{"volumes": [208, 709, 550, 417, 222, 247, 372, 254, 843, 108, 435, 954, 621, 638, 195], "conflicts": [[0, 3], [0, 4], [0, 9], [0, 11], [0, 14], [1, 4], [1, 5], [1, 7], [2, 5], [2, 6], [2, 14], [4, 5], [4, 6], [4, 7], [4, 9], [4, 13], [4, 14], [5, 6], [5, 7], [5, 11], [5, 13], [5, 14], [7, 11], [7, 12], [7, 13], [9, 14]], "tanks": [{"capacity": 280, "impossibleCargos": [0, 1, 3, 5, 6, 8], "neighbors": [23, 21, 29, 20, 14, 18, 34, 24, 11]}, {"capacity": 232, "impossibleCargos": [1, 4, 8, 10, 11, 14], "neighbors": [14, 25, 6, 13, 3]}, {"capacity": 218, "impossibleCargos": [0, 4, 5, 10, 12, 13], "neighbors": [16, 23, 34, 30, 29, 28, 5]}, {"capacity": 281, "impossibleCargos": [0, 2, 3, 6, 9, 12], "neighbors": [24, 30, 21, 32, 23, 13, 29, 27, 1, 34, 8, 5]}, {"capacity": 295, "impossibleCargos": [3, 10, 12, 14], "neighbors": [31, 25, 21, 14, 19, 8, 20, 10]}, {"capacity": 295, "impossibleCargos": [1, 2, 5, 6, 7, 8, 9], "neighbors": [25, 16, 9, 21, 19, 14, 10, 2, 3]}, {"capacity": 262, "impossibleCargos": [0, 1, 2, 3, 4, 6, 7, 8], "neighbors": [17, 20, 18, 31, 13, 1, 8, 12]}, {"capacity": 296, "impossibleCargos": [3, 4, 5, 7], "neighbors": [30, 17, 16, 9, 15, 13, 27, 23]}, {"capacity": 286, "impossibleCargos": [0, 3, 5, 11, 12], "neighbors": [32, 24, 22, 28, 4, 26, 23, 6, 14, 3]}, {"capacity": 236, "impossibleCargos": [7, 11, 13], "neighbors": [33, 16, 18, 26, 31, 7, 5, 14]}, {"capacity": 233, "impossibleCargos": [0, 3, 4, 6, 8, 10, 11, 12, 13, 14], "neighbors": [14, 25, 21, 16, 24, 4, 5, 29]}, {"capacity": 283, "impossibleCargos": [0, 3, 4, 6, 10, 11, 12], "neighbors": [27, 18, 34, 25, 31, 0]}, {"capacity": 262, "impossibleCargos": [12], "neighbors": [21, 31, 28, 18, 34, 13, 6, 24, 25, 19]}, {"capacity": 276, "impossibleCargos": [0, 3, 4, 5, 6, 7, 9, 10, 11], "neighbors": [18, 6, 25, 7, 3, 1, 12, 22]}, {"capacity": 226, "impossibleCargos": [0, 2, 3, 4, 6, 8, 10], "neighbors": [1, 10, 0, 4, 18, 24, 27, 17, 9, 22, 5, 8, 23]}, {"capacity": 265, "impossibleCargos": [0, 1, 3, 7, 8, 10, 11, 13], "neighbors": [28, 20, 24, 7, 27, 30, 19]}, {"capacity": 222, "impossibleCargos": [0, 2, 11, 12, 13, 14], "neighbors": [9, 10, 26, 7, 5, 21, 2]}, {"capacity": 243, "impossibleCargos": [3, 4, 7, 9, 11, 14], "neighbors": [6, 7, 18, 34, 32, 14]}, {"capacity": 232, "impossibleCargos": [2, 4, 5, 7, 8, 9, 11, 12], "neighbors": [31, 9, 11, 13, 6, 14, 0, 17, 12]}, {"capacity": 208, "impossibleCargos": [1, 2, 3, 4, 5, 6, 13], "neighbors": [4, 30, 5, 21, 29, 12, 15]}, {"capacity": 216, "impossibleCargos": [0, 1, 2, 3, 4, 5, 10, 11], "neighbors": [22, 0, 15, 6, 24, 27, 4, 26]}, {"capacity": 297, "impossibleCargos": [1, 2, 4, 8, 11, 13, 14], "neighbors": [12, 25, 0, 10, 3, 4, 16, 5, 19, 31, 26]}, {"capacity": 275, "impossibleCargos": [0, 1, 2, 3, 4, 11, 13], "neighbors": [20, 29, 8, 28, 14, 30, 13, 31]}, {"capacity": 225, "impossibleCargos": [0, 1, 7, 8, 10, 11, 13, 14], "neighbors": [0, 3, 2, 8, 7, 14]}, {"capacity": 251, "impossibleCargos": [2, 3, 7, 11, 12, 14], "neighbors": [33, 3, 34, 8, 15, 20, 0, 14, 10, 26, 12]}, {"capacity": 268, "impossibleCargos": [1, 2, 3, 4, 6, 7, 8, 12, 13], "neighbors": [21, 27, 5, 29, 1, 10, 26, 4, 34, 13, 11, 30, 12]}, {"capacity": 294, "impossibleCargos": [0, 6, 7, 12, 14], "neighbors": [25, 9, 16, 8, 24, 21, 20, 28]}, {"capacity": 219, "impossibleCargos": [0, 2, 3, 4, 6, 8, 9, 10, 12, 14], "neighbors": [11, 25, 33, 34, 15, 20, 14, 7, 3]}, {"capacity": 207, "impossibleCargos": [0, 3, 5, 6, 7, 10, 13], "neighbors": [12, 15, 29, 8, 22, 2, 26]}, {"capacity": 291, "impossibleCargos": [1, 2, 3, 4, 6, 8, 9, 11, 12, 13, 14], "neighbors": [25, 0, 28, 22, 34, 2, 3, 19, 10]}, {"capacity": 300, "impossibleCargos": [3, 5, 7, 8, 11, 12], "neighbors": [3, 7, 19, 25, 2, 22, 15]}, {"capacity": 207, "impossibleCargos": [0, 4, 6, 7, 8, 9, 10, 14], "neighbors": [12, 18, 4, 6, 9, 11, 32, 21, 22, 34]}, {"capacity": 241, "impossibleCargos": [0, 2, 3, 5, 9, 10, 14], "neighbors": [8, 34, 3, 31, 17, 33]}, {"capacity": 273, "impossibleCargos": [0, 6, 7, 8, 10, 14], "neighbors": [24, 9, 27, 34, 32]}, {"capacity": 261, "impossibleCargos": [0, 1, 2, 5, 6, 8, 10, 11, 12, 14], "neighbors": [24, 32, 25, 11, 27, 33, 0, 17, 29, 12, 2, 3, 31]}]}