{"volumes": [514, 452, 291, 334, 345, 383, 155, 710, 158, 328, 237, 748, 616, 494, 496], "conflicts": [[0, 8], [1, 8], [1, 10], [3, 13], [4, 13], [5, 9], [5, 13], [8, 10], [8, 11], [10, 11], [10, 13], [10, 14]], "tanks": [{"capacity": 257, "impossibleCargos": [0, 1, 2, 5, 8, 9, 10, 11, 12], "neighbors": [27, 5, 3, 20, 4, 17, 9, 1, 34, 11]}, {"capacity": 251, "impossibleCargos": [0, 1, 3, 5, 6, 7, 8, 9, 11, 12, 13, 14], "neighbors": [27, 10, 22, 30, 21, 0, 34, 33]}, {"capacity": 277, "impossibleCargos": [0, 1, 2, 4, 6, 7, 10, 11, 13, 14], "neighbors": [10, 29, 5, 22, 32, 15, 20, 30]}, {"capacity": 242, "impossibleCargos": [0, 1, 4, 5, 6, 7, 8, 10, 11, 12, 13, 14], "neighbors": [18, 33, 23, 32, 0, 12, 10, 27]}, {"capacity": 288, "impossibleCargos": [1, 2, 5, 6, 7, 8, 9, 10, 11, 12, 13, 14], "neighbors": [9, 24, 0, 11, 19, 26]}, {"capacity": 248, "impossibleCargos": [0, 1, 2, 4, 5, 6, 9, 10, 11, 14], "neighbors": [34, 0, 14, 28, 20, 2, 29, 26, 11]}, {"capacity": 283, "impossibleCargos": [0, 1, 2, 3, 4, 5, 6, 7, 8, 11, 12], "neighbors": [7, 12, 17, 15]}, {"capacity": 276, "impossibleCargos": [2, 3, 5, 6, 7, 9, 10, 11, 14], "neighbors": [32, 6, 31, 34, 12, 16]}, {"capacity": 279, "impossibleCargos": [0, 1, 3, 5, 6, 8, 10, 12, 13], "neighbors": [25, 33, 29, 11]}, {"capacity": 219, "impossibleCargos": [0, 1, 2, 4, 6, 7, 10, 11, 12], "neighbors": [26, 15, 17, 4, 0, 27, 14, 10]}, {"capacity": 243, "impossibleCargos": [1, 2, 3, 4, 6, 7, 8, 10, 11, 13, 14], "neighbors": [2, 11, 18, 3, 1, 17, 22, 12, 9]}, {"capacity": 256, "impossibleCargos": [1, 2, 3, 5, 6, 7, 8, 9, 10, 12, 13, 14], "neighbors": [17, 32, 8, 14, 10, 29, 24, 25, 30, 4, 0, 5]}, {"capacity": 245, "impossibleCargos": [0, 1, 2, 4, 6, 7, 9, 10, 13], "neighbors": [6, 7, 29, 14, 3, 23, 27, 16, 10, 30, 34, 19, 33, 20, 18, 15]}, {"capacity": 289, "impossibleCargos": [0, 1, 2, 3, 4, 5, 6, 7, 8, 9], "neighbors": [32, 26, 31, 16, 22, 21]}, {"capacity": 262, "impossibleCargos": [0, 2, 4, 5, 6, 7, 8, 10, 13], "neighbors": [5, 34, 11, 12, 15, 33, 17, 9, 22]}, {"capacity": 242, "impossibleCargos": [0, 3, 4, 7, 8, 9, 11, 12, 13, 14], "neighbors": [27, 30, 20, 9, 31, 6, 14, 2, 19, 32, 33, 12]}, {"capacity": 267, "impossibleCargos": [0, 1, 2, 3, 5, 6, 7, 9, 10, 13, 14], "neighbors": [28, 18, 25, 12, 13, 29, 7, 32, 33, 17]}, {"capacity": 218, "impossibleCargos": [0, 1, 2, 5, 6, 9, 11, 12, 13], "neighbors": [11, 6, 19, 9, 0, 10, 31, 14, 16]}, {"capacity": 247, "impossibleCargos": [0, 2, 3, 4, 5, 6, 7, 11, 14], "neighbors": [3, 16, 27, 10, 12]}, {"capacity": 221, "impossibleCargos": [0, 2, 4, 5, 9, 11, 13, 14], "neighbors": [26, 17, 29, 15, 4, 12]}, {"capacity": 258, "impossibleCargos": [0, 2, 3, 4, 5, 8, 9, 11, 12, 13, 14], "neighbors": [27, 15, 24, 32, 5, 0, 25, 31, 2, 12]}, {"capacity": 215, "impossibleCargos": [2, 3, 4, 5, 6, 8, 9, 10], "neighbors": [24, 29, 26, 1, 13]}, {"capacity": 299, "impossibleCargos": [2, 3, 5, 8, 10, 11, 12], "neighbors": [33, 29, 1, 30, 10, 32, 23, 2, 13, 14]}, {"capacity": 258, "impossibleCargos": [2, 3, 4, 5, 7, 9, 10, 13], "neighbors": [26, 28, 3, 12, 34, 30, 22]}, {"capacity": 229, "impossibleCargos": [0, 1, 3, 4, 8, 9, 12, 13, 14], "neighbors": [21, 20, 4, 27, 28, 11]}, {"capacity": 266, "impossibleCargos": [0, 1, 3, 5, 6, 7, 8, 10, 11, 12, 13, 14], "neighbors": [30, 8, 26, 16, 20, 11]}, {"capacity": 245, "impossibleCargos": [0, 2, 3, 4, 6, 7, 9, 10, 11, 12, 13, 14], "neighbors": [23, 13, 9, 25, 19, 21, 5, 4]}, {"capacity": 258, "impossibleCargos": [0, 1, 3, 4, 5, 6, 8, 9, 14], "neighbors": [20, 15, 0, 1, 30, 12, 18, 24, 32, 9, 3]}, {"capacity": 204, "impossibleCargos": [1, 2, 3, 7, 9, 10, 11, 12, 13], "neighbors": [16, 32, 23, 34, 5, 30, 24]}, {"capacity": 297, "impossibleCargos": [0, 2, 3, 6, 8, 9, 10, 11, 12, 14], "neighbors": [32, 2, 21, 8, 12, 19, 22, 11, 16, 5]}, {"capacity": 221, "impossibleCargos": [0, 2, 3, 4, 6, 7, 8, 9, 10, 12, 13, 14], "neighbors": [34, 33, 25, 15, 27, 28, 23, 22, 1, 11, 32, 12, 2]}, {"capacity": 265, "impossibleCargos": [0, 2, 3, 5, 6, 7, 8, 9, 11, 12, 13, 14], "neighbors": [13, 7, 15, 20, 17]}, {"capacity": 274, "impossibleCargos": [1, 2, 3, 4, 5, 6, 8, 9, 11, 12, 14], "neighbors": [7, 29, 13, 28, 11, 20, 3, 33, 27, 22, 2, 30, 16, 15]}, {"capacity": 281, "impossibleCargos": [1, 2, 4, 5, 6, 7, 8, 9, 12, 13, 14], "neighbors": [22, 30, 3, 8, 32, 14, 1, 16, 12, 15]}, {"capacity": 211, "impossibleCargos": [2, 4, 9, 10, 12, 13], "neighbors": [5, 30, 7, 14, 28, 23, 1, 12, 0]}]}