{"volumes": [452, 609, 0, 394, 752, 915, 352, 608, 421, 706, 344, 126, 349, 0, 412], "conflicts": [[0, 1], [0, 2], [0, 13], [1, 2], [1, 8], [1, 11], [1, 13], [1, 14], [2, 3], [2, 4], [2, 5], [2, 6], [2, 8], [2, 10], [2, 11], [2, 14], [3, 6], [3, 8], [3, 13], [3, 14], [4, 14], [5, 11], [5, 13], [6, 11], [6, 13], [7, 11], [8, 11], [9, 13], [10, 14], [11, 13]], "tanks": [{"capacity": 262, "impossibleCargos": [0, 1, 3, 4, 7, 8, 10, 11, 13, 14], "neighbors": [24, 33, 32, 9, 16]}, {"capacity": 201, "impossibleCargos": [0, 1, 2, 4, 5, 6, 7, 8, 9, 10, 11, 12, 13, 14], "neighbors": [3, 8]}, {"capacity": 236, "impossibleCargos": [1, 2, 4, 7, 8, 9, 10, 12, 13, 14], "neighbors": [14, 29, 13, 16, 4, 25, 32, 28, 17]}, {"capacity": 291, "impossibleCargos": [0, 1, 3, 5, 8, 9, 12, 13, 14], "neighbors": [8, 17, 1, 20, 29, 28, 6]}, {"capacity": 237, "impossibleCargos": [0, 1, 2, 3, 6, 8, 9, 11, 12, 13, 14], "neighbors": [15, 23, 32, 8, 31, 25, 11, 2]}, {"capacity": 220, "impossibleCargos": [1, 2, 3, 4, 7, 8, 9, 10, 11, 13], "neighbors": [21, 31, 22, 28, 8, 11, 32, 12, 20, 26]}, {"capacity": 239, "impossibleCargos": [0, 3, 4, 5, 7, 8, 9, 11, 12, 14], "neighbors": [8, 32, 16, 20, 3, 27]}, {"capacity": 269, "impossibleCargos": [0, 1, 3, 4, 5, 6, 8, 9, 11, 13], "neighbors": [20, 29, 31, 34, 17, 26, 24, 12]}, {"capacity": 278, "impossibleCargos": [0, 1, 2, 3, 4, 7, 10, 12, 13, 14], "neighbors": [3, 27, 6, 32, 5, 4, 14, 22, 1, 15, 18, 33, 31, 19, 30, 29, 24, 20]}, {"capacity": 288, "impossibleCargos": [0, 1, 2, 3, 5, 8, 9, 12, 13], "neighbors": [11, 29, 34, 17, 30, 18, 23, 32, 24, 0, 27]}, {"capacity": 282, "impossibleCargos": [0, 1, 2, 3, 4, 5, 9, 11, 12, 13, 14], "neighbors": [19, 27, 16, 20]}, {"capacity": 234, "impossibleCargos": [1, 2, 3, 4, 5, 6, 7, 8, 11, 12, 13, 14], "neighbors": [9, 31, 26, 5, 4, 17, 14, 20, 32, 27]}, {"capacity": 206, "impossibleCargos": [1, 2, 3, 5, 6, 7, 8, 10, 11, 12, 13, 14], "neighbors": [16, 22, 23, 18, 24, 5, 26, 7]}, {"capacity": 224, "impossibleCargos": [1, 3, 4, 6, 7, 8, 9, 10, 11, 13], "neighbors": [22, 21, 24, 2, 30]}, {"capacity": 209, "impossibleCargos": [0, 1, 4, 6, 7, 8, 9, 10, 11, 12, 13, 14], "neighbors": [31, 2, 8, 26, 28, 24, 16, 11]}, {"capacity": 260, "impossibleCargos": [0, 2, 3, 4, 5, 6, 7, 8, 9, 10, 12, 14], "neighbors": [4, 8, 26, 16]}, {"capacity": 229, "impossibleCargos": [2, 3, 6, 7, 8, 10, 11, 12, 13, 14], "neighbors": [24, 10, 6, 12, 2, 20, 21, 14, 15, 0, 32]}, {"capacity": 239, "impossibleCargos": [1, 2, 3, 4, 5, 8, 9, 10, 11, 13, 14], "neighbors": [32, 9, 3, 33, 30, 22, 18, 7, 11, 34, 2]}, {"capacity": 203, "impossibleCargos": [2, 3, 6, 7, 8, 9, 10, 12, 14], "neighbors": [29, 9, 17, 12, 8]}, {"capacity": 250, "impossibleCargos": [0, 2, 3, 4, 6, 7, 9, 11, 13, 14], "neighbors": [10, 24, 8, 27]}, {"capacity": 221, "impossibleCargos": [0, 1, 2, 4, 5, 6, 7, 10, 11, 12, 14], "neighbors": [7, 24, 30, 6, 3, 16, 28, 11, 5, 10, 8]}, {"capacity": 216, "impossibleCargos": [0, 1, 2, 3, 4, 10, 12, 13, 14], "neighbors": [5, 23, 13, 34, 29, 25, 16, 30, 28]}, {"capacity": 259, "impossibleCargos": [0, 1, 3, 4, 6, 9, 11, 12, 13], "neighbors": [13, 30, 5, 24, 34, 8, 17, 12]}, {"capacity": 261, "impossibleCargos": [0, 1, 2, 3, 4, 6, 7, 8, 9, 11, 12, 14], "neighbors": [31, 4, 21, 28, 26, 9, 12, 27]}, {"capacity": 295, "impossibleCargos": [1, 3, 5, 6, 7, 8, 9, 10, 11, 13, 14], "neighbors": [0, 27, 16, 20, 22, 28, 19, 13, 12, 14, 7, 9, 8]}, {"capacity": 225, "impossibleCargos": [1, 2, 3, 4, 5, 7, 8, 9, 11, 12], "neighbors": [27, 21, 4, 2]}, {"capacity": 241, "impossibleCargos": [2, 3, 4, 5, 6, 7, 8, 10, 11, 12, 13, 14], "neighbors": [29, 32, 34, 14, 23, 11, 7, 15, 12, 5]}, {"capacity": 201, "impossibleCargos": [0, 2, 3, 5, 6, 7, 8, 9, 11, 13, 14], "neighbors": [8, 24, 10, 25, 29, 23, 19, 9, 31, 11, 6]}, {"capacity": 223, "impossibleCargos": [0, 1, 2, 5, 6, 7, 8, 9, 12], "neighbors": [5, 31, 24, 23, 30, 20, 14, 3, 29, 21, 2]}, {"capacity": 263, "impossibleCargos": [0, 2, 3, 7, 8, 9, 10, 12, 13], "neighbors": [26, 9, 7, 18, 21, 2, 27, 3, 32, 8, 28]}, {"capacity": 215, "impossibleCargos": [0, 1, 2, 5, 8, 9, 13, 14], "neighbors": [22, 34, 9, 17, 28, 20, 13, 32, 21, 8]}, {"capacity": 300, "impossibleCargos": [1, 2, 4, 6, 7, 8, 9, 10, 11, 12, 13, 14], "neighbors": [14, 5, 23, 32, 11, 28, 7, 4, 8, 27]}, {"capacity": 257, "impossibleCargos": [0, 1, 3, 4, 5, 6, 12, 13, 14], "neighbors": [33, 17, 31, 4, 6, 8, 26, 30, 5, 0, 9, 29, 2, 16, 11]}, {"capacity": 230, "impossibleCargos": [0, 1, 2, 5, 7, 8, 9, 10, 11, 12, 14], "neighbors": [32, 17, 0, 8]}, {"capacity": 268, "impossibleCargos": [0, 1, 2, 3, 4, 6, 8, 10, 11, 13], "neighbors": [9, 30, 21, 26, 22, 7, 17]}]}