{"volumes": [351, 881, 308, 174, 672, 246, 493, 0, 0, 304, 184, 994, 236, 600, 934], "conflicts": [[0, 7], [1, 7], [1, 8], [1, 12], [2, 5], [2, 8], [3, 7], [3, 8], [3, 10], [4, 7], [4, 8], [4, 12], [5, 6], [5, 7], [5, 9], [5, 10], [6, 7], [6, 9], [7, 8], [7, 10], [7, 11], [7, 12], [7, 13], [8, 11], [8, 14], [9, 10], [10, 12]], "tanks": [{"capacity": 237, "impossibleCargos": [0, 1, 2, 4, 5, 6, 7, 10, 11, 12, 13, 14], "neighbors": [15, 3, 26, 4, 13, 10, 27, 18, 2, 31, 7]}, {"capacity": 211, "impossibleCargos": [0, 1, 2, 3, 4, 5, 8, 12, 13, 14], "neighbors": [33, 28, 31, 24, 9, 29, 27, 23, 10]}, {"capacity": 238, "impossibleCargos": [0, 1, 2, 3, 4, 6, 7, 8, 10, 11, 12, 13, 14], "neighbors": [7, 29, 34, 0, 31, 21, 9]}, {"capacity": 214, "impossibleCargos": [0, 1, 3, 4, 6, 8, 9, 10, 11, 12, 13, 14], "neighbors": [0, 28, 20, 24, 29, 26, 15, 7]}, {"capacity": 265, "impossibleCargos": [0, 1, 2, 3, 4, 5, 6, 9, 10, 11, 12, 14], "neighbors": [31, 12, 0, 26, 10, 23, 34, 21]}, {"capacity": 258, "impossibleCargos": [0, 2, 4, 5, 6, 7, 9, 10, 11, 12, 13], "neighbors": [23, 14, 13, 26, 27, 29, 17, 22, 20]}, {"capacity": 208, "impossibleCargos": [1, 2, 3, 4, 5, 7, 8, 9, 10, 11, 13], "neighbors": [20, 8, 14]}, {"capacity": 247, "impossibleCargos": [0, 2, 3, 4, 5, 6, 7, 8, 10, 13, 14], "neighbors": [34, 29, 32, 2, 22, 18, 3, 13, 0]}, {"capacity": 284, "impossibleCargos": [1, 4, 5, 6, 7, 9, 12, 13, 14], "neighbors": [20, 34, 30, 19, 6, 11, 23, 13]}, {"capacity": 252, "impossibleCargos": [0, 1, 2, 3, 5, 6, 7, 8, 9, 10, 11, 12, 13, 14], "neighbors": [26, 24, 23, 21, 32, 1, 10, 12, 17, 2, 14]}, {"capacity": 210, "impossibleCargos": [0, 1, 3, 4, 6, 9, 10, 11, 12, 13, 14], "neighbors": [15, 13, 0, 9, 4, 11, 27, 21, 1, 29, 16]}, {"capacity": 202, "impossibleCargos": [0, 2, 3, 5, 6, 7, 9, 10, 11, 13, 14], "neighbors": [27, 34, 33, 10, 30, 23, 8, 17]}, {"capacity": 268, "impossibleCargos": [0, 1, 2, 3, 4, 5, 7, 8, 9, 10, 12, 14], "neighbors": [4, 33, 21, 9, 14]}, {"capacity": 231, "impossibleCargos": [0, 1, 2, 3, 4, 5, 6, 7, 9, 10, 12, 13, 14], "neighbors": [27, 0, 10, 5, 29, 8, 34, 7, 21]}, {"capacity": 292, "impossibleCargos": [1, 2, 3, 4, 5, 6, 7, 8, 10, 11, 12, 13, 14], "neighbors": [24, 5, 6, 30, 9, 12]}, {"capacity": 213, "impossibleCargos": [0, 1, 3, 5, 9, 10, 13], "neighbors": [0, 10, 21, 3, 16]}, {"capacity": 260, "impossibleCargos": [0, 1, 2, 3, 5, 6, 9, 12, 13, 14], "neighbors": [26, 18, 19, 24, 10, 15, 28, 32]}, {"capacity": 213, "impossibleCargos": [0, 1, 2, 3, 4, 5, 6, 8, 9, 10, 11, 13], "neighbors": [19, 33, 29, 18, 32, 5, 9, 11, 21]}, {"capacity": 300, "impossibleCargos": [0, 2, 3, 4, 5, 6, 8, 9, 10, 12, 13], "neighbors": [21, 16, 33, 27, 0, 17, 7, 31, 25]}, {"capacity": 244, "impossibleCargos": [0, 2, 4, 5, 6, 8, 9, 10, 11, 13, 14], "neighbors": [17, 27, 8, 29, 16, 33]}, {"capacity": 230, "impossibleCargos": [0, 3, 7, 9, 10, 11, 12, 13, 14], "neighbors": [8, 33, 6, 23, 3, 5]}, {"capacity": 292, "impossibleCargos": [0, 2, 3, 5, 6, 7, 8, 9, 11, 13], "neighbors": [26, 18, 9, 25, 12, 15, 4, 10, 2, 17, 13, 27]}, {"capacity": 288, "impossibleCargos": [0, 1, 3, 5, 7, 8, 9, 10, 12, 13, 14], "neighbors": [34, 30, 7, 31, 5, 27, 24]}, {"capacity": 231, "impossibleCargos": [0, 1, 2, 3, 6, 7, 8, 9, 10, 11, 12, 13, 14], "neighbors": [5, 9, 20, 28, 4, 11, 27, 1, 8, 30]}, {"capacity": 201, "impossibleCargos": [0, 2, 3, 5, 8, 9, 11, 12, 13, 14], "neighbors": [9, 30, 14, 3, 1, 16, 25, 22, 33]}, {"capacity": 286, "impossibleCargos": [0, 1, 2, 3, 4, 5, 6, 8, 9, 10, 11, 13, 14], "neighbors": [21, 34, 24, 32, 18]}, {"capacity": 245, "impossibleCargos": [1, 2, 4, 5, 6, 7, 8, 10, 11, 12, 13, 14], "neighbors": [9, 21, 16, 0, 34, 4, 3, 5, 27]}, {"capacity": 293, "impossibleCargos": [2, 3, 4, 5, 6, 7, 8, 9, 10, 11, 12, 13, 14], "neighbors": [11, 13, 31, 19, 0, 18, 5, 28, 10, 1, 23, 26, 22, 29, 21]}, {"capacity": 262, "impossibleCargos": [1, 2, 4, 5, 6, 8, 9, 10, 11], "neighbors": [3, 1, 23, 34, 27, 16]}, {"capacity": 235, "impossibleCargos": [1, 2, 3, 4, 5, 7, 8, 9, 10, 11, 12, 13, 14], "neighbors": [30, 7, 31, 2, 19, 3, 17, 13, 1, 5, 27, 10]}, {"capacity": 217, "impossibleCargos": [0, 1, 2, 4, 5, 7, 8, 9, 12], "neighbors": [29, 32, 24, 8, 33, 22, 11, 14, 23]}, {"capacity": 223, "impossibleCargos": [0, 1, 3, 4, 6, 7, 8, 9, 10, 11, 13, 14], "neighbors": [27, 29, 4, 1, 33, 22, 18, 2, 0]}, {"capacity": 233, "impossibleCargos": [0, 1, 3, 4, 9, 12, 13, 14], "neighbors": [30, 7, 9, 25, 17, 34, 16]}, {"capacity": 251, "impossibleCargos": [2, 3, 4, 6, 7, 13, 14], "neighbors": [20, 1, 17, 12, 18, 19, 30, 11, 31, 24]}, {"capacity": 276, "impossibleCargos": [0, 1, 2, 3, 4, 5, 6, 7, 8, 10, 13, 14], "neighbors": [22, 7, 8, 11, 26, 25, 2, 28, 4, 13, 32]}]}