{"volumes": [0, 380, 345, 392, 695, 206, 722, 1303, 231, 188, 0, 130, 806, 662, 435], "conflicts": [[0, 1], [0, 3], [0, 5], [0, 6], [0, 7], [0, 8], [0, 9], [0, 10], [0, 11], [0, 12], [0, 14], [1, 3], [1, 8], [1, 10], [2, 8], [2, 9], [2, 10], [2, 11], [3, 10], [3, 11], [4, 5], [4, 9], [4, 10], [5, 8], [5, 10], [5, 11], [5, 14], [6, 8], [6, 9], [6, 10], [6, 11], [7, 10], [8, 10], [8, 11], [8, 14], [9, 11], [9, 14], [10, 13]], "tanks": [{"capacity": 249, "impossibleCargos": [1, 3, 5, 6, 7, 8, 9, 10, 11, 13, 14], "neighbors": [22, 4, 8, 33, 18, 21]}, {"capacity": 239, "impossibleCargos": [0, 1, 3, 4, 5, 8, 11, 14], "neighbors": [24, 13, 20, 2, 4, 6, 31, 34, 7]}, {"capacity": 213, "impossibleCargos": [0, 1, 3, 4, 5, 6, 8, 9, 12, 13, 14], "neighbors": [4, 13, 31, 9, 12, 1, 30, 27, 6, 21, 22, 15, 18, 14]}, {"capacity": 292, "impossibleCargos": [0, 2, 3, 4, 6, 7, 8, 9, 10, 13, 14], "neighbors": [31, 32, 33, 24, 7, 21, 5, 6]}, {"capacity": 242, "impossibleCargos": [0, 1, 3, 4, 6, 7, 9, 13, 14], "neighbors": [22, 2, 0, 18, 21, 1, 7, 26, 12, 32, 9, 28]}, {"capacity": 272, "impossibleCargos": [0, 4, 6, 7, 11, 13, 14], "neighbors": [19, 12, 3, 27, 24, 25, 11]}, {"capacity": 272, "impossibleCargos": [3, 4, 5, 7, 8, 9, 10, 11, 12, 14], "neighbors": [12, 33, 2, 21, 20, 27, 26, 1, 34, 13, 19, 15, 8, 3]}, {"capacity": 253, "impossibleCargos": [1, 4, 6, 7, 8, 10, 11, 12, 13, 14], "neighbors": [25, 30, 15, 14, 32, 18, 4, 26, 3, 1]}, {"capacity": 252, "impossibleCargos": [0, 4, 5, 6, 7, 8, 9, 10, 11, 12, 14], "neighbors": [12, 21, 0, 20, 24, 10, 32, 6]}, {"capacity": 289, "impossibleCargos": [0, 1, 2, 3, 4, 5, 6, 7, 9, 10, 11, 13], "neighbors": [24, 28, 25, 30, 2, 22, 31, 4, 15]}, {"capacity": 203, "impossibleCargos": [0, 2, 4, 6, 7, 9, 10, 11, 13, 14], "neighbors": [28, 8, 27, 11, 18]}, {"capacity": 274, "impossibleCargos": [0, 3, 5, 6, 7, 9, 10, 11, 12, 13, 14], "neighbors": [14, 29, 10, 27, 5]}, {"capacity": 248, "impossibleCargos": [0, 1, 2, 3, 4, 5, 6, 8, 10, 11, 12, 13], "neighbors": [8, 32, 6, 27, 2, 13, 4, 30, 5, 34, 21, 24]}, {"capacity": 233, "impossibleCargos": [0, 1, 2, 3, 4, 5, 8, 10, 11, 13, 14], "neighbors": [25, 24, 20, 2, 14, 1, 12, 27, 28, 6, 26]}, {"capacity": 282, "impossibleCargos": [0, 1, 3, 4, 5, 6, 8, 9, 10, 11, 12, 13, 14], "neighbors": [28, 7, 13, 27, 11, 34, 26, 31, 2, 24]}, {"capacity": 201, "impossibleCargos": [0, 3, 4, 5, 6, 7, 9, 10, 11, 13], "neighbors": [7, 25, 27, 32, 2, 9, 6]}, {"capacity": 228, "impossibleCargos": [1, 4, 5, 9, 11, 12], "neighbors": [33, 26, 22, 30, 19]}, {"capacity": 275, "impossibleCargos": [0, 1, 2, 4, 5, 6, 8, 10, 11, 12, 13, 14], "neighbors": [30, 20, 27, 29, 26, 34, 22]}, {"capacity": 269, "impossibleCargos": [0, 2, 3, 4, 5, 6, 9, 12, 13, 14], "neighbors": [4, 7, 26, 33, 2, 0, 23, 32, 10]}, {"capacity": 257, "impossibleCargos": [0, 3, 7, 8, 10, 11, 12, 13, 14], "neighbors": [32, 5, 16, 6, 33]}, {"capacity": 252, "impossibleCargos": [1, 2, 3, 4, 5, 6, 7, 8, 9, 10, 12, 13], "neighbors": [17, 21, 13, 8, 31, 1, 32, 30, 6]}, {"capacity": 271, "impossibleCargos": [0, 1, 2, 3, 5, 6, 9, 10, 12, 13, 14], "neighbors": [22, 20, 8, 4, 2, 6, 34, 3, 0, 12]}, {"capacity": 296, "impossibleCargos": [2, 3, 4, 7, 11, 12, 14], "neighbors": [4, 21, 0, 9, 16, 2, 29, 17, 33]}, {"capacity": 223, "impossibleCargos": [0, 1, 2, 3, 4, 5, 7, 9, 11, 13, 14], "neighbors": [31, 18]}, {"capacity": 246, "impossibleCargos": [2, 5, 6, 8, 9, 10, 11, 13], "neighbors": [13, 9, 1, 8, 34, 3, 14, 12, 5]}, {"capacity": 235, "impossibleCargos": [0, 1, 4, 7, 8, 9, 10, 11, 14], "neighbors": [13, 7, 9, 15, 34, 26, 5]}, {"capacity": 262, "impossibleCargos": [0, 1, 2, 4, 6, 7, 9, 10, 11, 12, 13, 14], "neighbors": [29, 16, 17, 18, 14, 7, 4, 31, 6, 25, 13]}, {"capacity": 215, "impossibleCargos": [0, 1, 2, 4, 5, 7, 8, 9, 10, 12, 13], "neighbors": [17, 12, 34, 14, 15, 2, 13, 6, 10, 11, 5]}, {"capacity": 269, "impossibleCargos": [0, 1, 3, 5, 6, 7, 8, 10, 12, 14], "neighbors": [14, 9, 10, 33, 13, 4]}, {"capacity": 225, "impossibleCargos": [0, 2, 4, 5, 6, 7, 9, 11, 14], "neighbors": [26, 17, 11, 22]}, {"capacity": 251, "impossibleCargos": [0, 1, 2, 3, 5, 7, 8, 10, 11, 13, 14], "neighbors": [17, 7, 9, 2, 16, 20, 12, 31]}, {"capacity": 232, "impossibleCargos": [0, 1, 2, 3, 4, 7, 9, 10, 11, 12, 13, 14], "neighbors": [23, 2, 20, 3, 9, 26, 14, 1, 30, 33]}, {"capacity": 297, "impossibleCargos": [0, 1, 3, 5, 6, 7, 8, 9, 13, 14], "neighbors": [19, 12, 7, 3, 20, 15, 4, 8, 18]}, {"capacity": 218, "impossibleCargos": [0, 1, 2, 4, 6, 7, 9, 11, 12, 13], "neighbors": [16, 6, 0, 18, 3, 28, 31, 19, 22]}, {"capacity": 237, "impossibleCargos": [1, 2, 3, 4, 6, 7, 8, 10, 12, 14], "neighbors": [25, 27, 24, 14, 17, 6, 1, 21, 12]}]}