{"volumes": [356, 414, 0, 130, 295, 500, 609, 444, 468, 378, 393, 526, 693, 382, 837], "conflicts": [[0, 2], [1, 2], [2, 3], [2, 4], [2, 5], [2, 6], [2, 7], [2, 8], [2, 9], [2, 10], [2, 11], [2, 12], [2, 13], [2, 14], [3, 13], [4, 10]], "tanks": [{"capacity": 217, "impossibleCargos": [1, 2, 3], "neighbors": [13, 15, 27, 29, 7, 12, 32, 6, 23, 17, 14, 9, 16, 33, 19]}, {"capacity": 205, "impossibleCargos": [1, 2, 3, 4, 5, 7], "neighbors": [31, 7, 13, 34, 30, 28, 19, 18, 10, 33, 23, 2, 8, 16, 11, 21, 29, 12, 22, 26, 9]}, {"capacity": 232, "impossibleCargos": [4, 5, 10, 11], "neighbors": [29, 11, 16, 19, 34, 22, 13, 10, 32, 1, 7, 15, 6, 26, 21, 8, 27, 4, 12]}, {"capacity": 236, "impossibleCargos": [2, 8, 14], "neighbors": [31, 26, 5, 8, 15, 7, 18, 32, 29, 20, 13, 12, 22, 9, 14, 17, 11, 27, 30]}, {"capacity": 227, "impossibleCargos": [0, 4, 8, 13], "neighbors": [26, 8, 23, 15, 16, 7, 11, 27, 14, 12, 20, 2, 21]}, {"capacity": 208, "impossibleCargos": [1, 2, 6], "neighbors": [3, 16, 21, 30, 18, 8, 29, 31, 26, 14, 22]}, {"capacity": 242, "impossibleCargos": [0, 7, 14], "neighbors": [25, 28, 26, 18, 27, 2, 0, 20, 12, 22, 10, 23, 30, 17]}, {"capacity": 274, "impossibleCargos": [3, 4, 9, 11], "neighbors": [22, 1, 12, 0, 3, 26, 30, 4, 11, 2, 21, 29, 28, 13]}, {"capacity": 285, "impossibleCargos": [8, 12], "neighbors": [4, 20, 12, 18, 31, 23, 3, 11, 34, 1, 10, 25, 28, 27, 5, 2, 22, 19, 24]}, {"capacity": 287, "impossibleCargos": [3, 6, 7, 10], "neighbors": [16, 31, 32, 18, 25, 11, 20, 22, 26, 14, 3, 30, 23, 0, 1, 24, 19, 34]}, {"capacity": 211, "impossibleCargos": [1, 2, 12], "neighbors": [33, 14, 15, 23, 27, 24, 1, 30, 2, 28, 8, 29, 19, 32, 6, 12, 18, 16]}, {"capacity": 265, "impossibleCargos": [3, 8, 12], "neighbors": [2, 29, 33, 22, 8, 27, 4, 7, 17, 18, 1, 9, 30, 16, 20, 13, 32, 3]}, {"capacity": 219, "impossibleCargos": [1, 7, 9, 10, 11], "neighbors": [17, 8, 27, 16, 7, 22, 31, 34, 33, 0, 3, 28, 13, 4, 6, 1, 20, 18, 2, 10, 14]}, {"capacity": 278, "impossibleCargos": [2, 6], "neighbors": [0, 20, 1, 34, 18, 24, 16, 27, 22, 2, 3, 32, 12, 15, 31, 19, 7, 11, 30, 14]}, {"capacity": 260, "impossibleCargos": [1, 10, 13], "neighbors": [10, 21, 25, 22, 16, 30, 19, 33, 15, 4, 28, 9, 26, 23, 0, 5, 3, 13, 12]}, {"capacity": 287, "impossibleCargos": [0, 1, 3, 10], "neighbors": [18, 0, 24, 19, 3, 34, 10, 4, 25, 26, 27, 22, 14, 2, 13, 33, 29, 16, 32, 17, 21, 20]}, {"capacity": 224, "impossibleCargos": [1, 6, 11, 14], "neighbors": [2, 9, 29, 12, 19, 34, 13, 14, 5, 4, 32, 22, 1, 30, 15, 11, 33, 0, 21, 24, 26, 10]}, {"capacity": 281, "impossibleCargos": [0, 2, 3, 4, 10], "neighbors": [12, 22, 11, 0, 34, 15, 33, 3, 6, 27, 23]}, {"capacity": 281, "impossibleCargos": [0, 11], "neighbors": [15, 8, 13, 31, 3, 1, 26, 6, 9, 5, 11, 12, 34, 25, 19, 10]}, {"capacity": 254, "impossibleCargos": [0, 4, 9, 12], "neighbors": [2, 16, 32, 1, 15, 25, 14, 29, 28, 24, 10, 23, 13, 9, 8, 18, 0]}, {"capacity": 200, "impossibleCargos": [2, 3, 6], "neighbors": [13, 8, 25, 21, 3, 29, 9, 6, 11, 12, 31, 34, 4, 23, 27, 32, 15, 26]}, {"capacity": 272, "impossibleCargos": [0, 2, 4, 12], "neighbors": [28, 25, 14, 20, 5, 7, 1, 26, 2, 32, 15, 16, 4]}, {"capacity": 289, "impossibleCargos": [1, 2, 6, 10, 14], "neighbors": [7, 28, 32, 25, 26, 12, 11, 14, 2, 17, 13, 16, 31, 15, 23, 34, 3, 9, 29, 1, 5, 8, 6]}, {"capacity": 212, "impossibleCargos": [0, 2, 5, 8, 13, 14], "neighbors": [8, 4, 10, 33, 1, 32, 22, 27, 0, 19, 14, 9, 20, 25, 6, 17]}, {"capacity": 213, "impossibleCargos": [1, 2, 4, 7, 8], "neighbors": [34, 27, 28, 15, 13, 10, 33, 19, 29, 9, 16, 8]}, {"capacity": 252, "impossibleCargos": [5, 6, 8, 11], "neighbors": [6, 20, 21, 22, 14, 31, 19, 15, 9, 8, 30, 23, 33, 18]}, {"capacity": 256, "impossibleCargos": [], "neighbors": [4, 3, 22, 7, 28, 18, 6, 29, 15, 2, 21, 9, 14, 34, 1, 5, 20, 16, 30]}, {"capacity": 221, "impossibleCargos": [4, 7], "neighbors": [0, 24, 12, 30, 10, 13, 11, 15, 6, 4, 23, 8, 2, 20, 3, 17]}, {"capacity": 257, "impossibleCargos": [2, 3], "neighbors": [30, 22, 21, 24, 1, 6, 34, 26, 33, 19, 12, 10, 8, 14, 7, 32]}, {"capacity": 257, "impossibleCargos": [0, 11, 12], "neighbors": [2, 0, 11, 16, 30, 32, 3, 26, 19, 20, 10, 1, 15, 22, 5, 31, 7, 24]}, {"capacity": 264, "impossibleCargos": [0, 9, 11], "neighbors": [28, 32, 1, 27, 7, 29, 31, 10, 5, 14, 16, 11, 9, 25, 13, 6, 26, 3]}, {"capacity": 291, "impossibleCargos": [0, 2, 3, 4, 8], "neighbors": [1, 3, 8, 12, 18, 9, 25, 30, 33, 22, 13, 29, 5, 20]}, {"capacity": 254, "impossibleCargos": [3, 4, 9, 10], "neighbors": [30, 22, 19, 3, 9, 29, 16, 2, 23, 13, 0, 34, 21, 15, 10, 20, 28, 11]}, {"capacity": 228, "impossibleCargos": [1, 6, 10, 11], "neighbors": [10, 11, 12, 23, 28, 31, 1, 14, 24, 15, 34, 16, 17, 0, 25]}, {"capacity": 217, "impossibleCargos": [2, 9, 14], "neighbors": [24, 1, 2, 13, 16, 15, 12, 28, 8, 22, 32, 33, 17, 26, 20, 18, 9]}]}