{"volumes": [0, 432, 794, 565, 665, 731, 555, 310, 654, 384, 510, 396, 0, 139, 614], "conflicts": [[0, 5], [0, 12], [0, 14], [5, 12], [7, 12], [8, 12], [12, 13], [12, 14]], "tanks": [{"capacity": 222, "impossibleCargos": [0, 1, 4, 8, 12], "neighbors": [24, 30, 33, 12, 26, 22, 28, 2, 20, 16, 25, 1, 13, 21, 29, 11, 17, 27, 6]}, {"capacity": 254, "impossibleCargos": [0, 4, 5, 10], "neighbors": [20, 28, 7, 4, 18, 3, 21, 29, 11, 0, 10, 25, 6, 2, 27, 33, 22, 8, 17, 13, 31, 5]}, {"capacity": 288, "impossibleCargos": [0, 3, 9], "neighbors": [10, 32, 34, 8, 25, 0, 23, 16, 1, 26, 12, 20, 33, 14, 7, 24, 5]}, {"capacity": 255, "impossibleCargos": [0, 3, 6, 7, 8, 11, 14], "neighbors": [25, 30, 14, 9, 17, 10, 16, 1, 21, 11, 19, 28, 23, 8, 27]}, {"capacity": 269, "impossibleCargos": [0, 1, 3, 5, 6, 10, 12], "neighbors": [11, 25, 23, 1, 33, 5, 28, 20, 16, 26, 24, 17, 9, 15, 18]}, {"capacity": 253, "impossibleCargos": [1, 2, 3, 5, 6, 8, 9, 10, 11, 13, 14], "neighbors": [6, 26, 30, 4, 33, 20, 9, 16, 19, 27, 11, 23, 15, 7, 14, 29, 13, 22, 28, 2, 12, 24, 1]}, {"capacity": 224, "impossibleCargos": [0, 3, 4, 5, 6, 7, 8, 9, 10, 13, 14], "neighbors": [18, 13, 5, 19, 7, 15, 27, 23, 9, 21, 1, 34, 20, 28, 16, 0]}, {"capacity": 289, "impossibleCargos": [2, 3, 7, 9, 11, 13, 14], "neighbors": [20, 22, 27, 1, 15, 6, 25, 29, 33, 24, 10, 8, 9, 28, 5, 2, 32, 19]}, {"capacity": 248, "impossibleCargos": [0, 1, 2, 3, 4, 7, 8, 9, 10, 11, 14], "neighbors": [23, 26, 13, 12, 31, 2, 30, 10, 17, 34, 27, 22, 7, 28, 1, 18, 32, 24, 3]}, {"capacity": 238, "impossibleCargos": [0, 2, 5, 6, 7, 8, 12], "neighbors": [22, 34, 3, 25, 15, 12, 5, 17, 6, 23, 11, 10, 20, 7, 18, 31, 4]}, {"capacity": 299, "impossibleCargos": [1, 3, 4, 5, 6, 9, 10, 12, 14], "neighbors": [2, 28, 29, 3, 15, 33, 26, 8, 18, 14, 24, 1, 7, 9, 34, 30]}, {"capacity": 259, "impossibleCargos": [3, 4, 5, 6, 8, 9, 13], "neighbors": [4, 13, 26, 16, 15, 17, 5, 1, 3, 9, 20, 23, 21, 0, 30]}, {"capacity": 256, "impossibleCargos": [3, 4, 5, 7, 8, 10], "neighbors": [0, 8, 9, 28, 16, 30, 18, 2, 19, 23, 33, 5, 22]}, {"capacity": 241, "impossibleCargos": [0, 1, 3, 7, 10, 11, 12, 13], "neighbors": [6, 8, 27, 23, 34, 20, 11, 19, 33, 15, 0, 25, 32, 16, 1, 5]}, {"capacity": 226, "impossibleCargos": [3, 4, 7, 9, 10, 11], "neighbors": [20, 17, 3, 25, 28, 19, 10, 29, 21, 18, 2, 5, 22, 16, 32]}, {"capacity": 249, "impossibleCargos": [0, 3, 5, 8, 9, 12, 14], "neighbors": [23, 18, 7, 6, 19, 9, 10, 25, 11, 32, 13, 5, 24, 16, 22, 33, 30, 4, 27, 29]}, {"capacity": 210, "impossibleCargos": [2, 4, 5, 6, 8, 10, 11], "neighbors": [11, 3, 4, 5, 0, 12, 2, 18, 13, 6, 15, 23, 29, 14, 25]}, {"capacity": 205, "impossibleCargos": [0, 1, 3, 4, 5, 6, 8, 10, 13, 14], "neighbors": [30, 31, 14, 3, 26, 9, 34, 29, 8, 33, 11, 24, 4, 21, 1, 0, 32]}, {"capacity": 243, "impossibleCargos": [1, 3, 5, 7, 8, 10, 12], "neighbors": [6, 23, 15, 1, 10, 22, 12, 28, 33, 32, 16, 14, 25, 9, 8, 4, 24, 20]}, {"capacity": 293, "impossibleCargos": [0, 1, 3, 5, 6, 8, 11, 12, 13], "neighbors": [6, 25, 15, 13, 5, 14, 20, 29, 32, 33, 26, 3, 12, 21, 7]}, {"capacity": 268, "impossibleCargos": [3, 10, 11, 12], "neighbors": [7, 14, 1, 21, 13, 26, 5, 4, 23, 0, 24, 19, 25, 11, 9, 6, 2, 34, 28, 31, 18]}, {"capacity": 265, "impossibleCargos": [0, 1, 2, 5, 8, 9, 10, 12], "neighbors": [20, 28, 30, 1, 34, 25, 6, 3, 14, 22, 0, 17, 23, 11, 19]}, {"capacity": 287, "impossibleCargos": [0, 1, 5, 6, 7, 10, 13], "neighbors": [7, 9, 0, 28, 8, 18, 21, 31, 1, 26, 15, 5, 14, 33, 30, 12]}, {"capacity": 227, "impossibleCargos": [0, 4, 6, 8, 13], "neighbors": [8, 15, 18, 4, 30, 13, 24, 6, 20, 2, 33, 5, 9, 25, 31, 29, 26, 11, 21, 12, 16, 3]}, {"capacity": 221, "impossibleCargos": [1, 2, 4, 7, 11, 12, 13, 14], "neighbors": [0, 29, 23, 20, 4, 34, 7, 17, 10, 28, 15, 33, 27, 8, 2, 25, 5, 18]}, {"capacity": 210, "impossibleCargos": [1, 4, 9, 11, 12, 14], "neighbors": [4, 3, 7, 27, 29, 19, 9, 32, 2, 15, 14, 33, 0, 31, 21, 1, 13, 23, 20, 26, 18, 16, 24]}, {"capacity": 299, "impossibleCargos": [1, 3, 6, 7, 10, 14], "neighbors": [8, 0, 5, 17, 20, 27, 11, 10, 4, 29, 2, 25, 23, 32, 19, 22, 30, 31]}, {"capacity": 253, "impossibleCargos": [2, 5, 6, 7, 11, 13], "neighbors": [7, 13, 25, 30, 26, 6, 5, 8, 1, 24, 0, 15, 3]}, {"capacity": 264, "impossibleCargos": [4, 7, 8, 10, 13, 14], "neighbors": [10, 1, 21, 4, 30, 22, 0, 12, 33, 14, 31, 18, 24, 6, 7, 8, 20, 3, 5]}, {"capacity": 276, "impossibleCargos": [1, 2, 3, 6, 7, 8, 9, 10, 13, 14], "neighbors": [10, 25, 24, 7, 32, 17, 1, 26, 14, 31, 23, 19, 0, 16, 5, 15]}, {"capacity": 282, "impossibleCargos": [0, 2, 4, 6, 7, 9, 10, 14], "neighbors": [0, 23, 17, 3, 5, 27, 21, 28, 8, 12, 26, 15, 22, 10, 11]}, {"capacity": 221, "impossibleCargos": [0, 2, 5, 6, 7, 9, 10, 14], "neighbors": [17, 8, 34, 32, 33, 25, 28, 29, 23, 22, 9, 20, 1, 26]}, {"capacity": 273, "impossibleCargos": [4, 5, 6, 8, 9], "neighbors": [2, 25, 29, 31, 15, 13, 19, 18, 26, 8, 17, 7, 14]}, {"capacity": 298, "impossibleCargos": [6, 7, 8, 9, 10, 13], "neighbors": [0, 4, 5, 7, 10, 13, 28, 31, 17, 23, 25, 18, 1, 19, 2, 12, 24, 15, 22]}, {"capacity": 236, "impossibleCargos": [1, 3, 4, 5, 8, 10, 11, 12, 13], "neighbors": [2, 9, 13, 31, 17, 8, 21, 24, 6, 20, 10]}]}