{"volumes": [469, 796, 292, 459, 662, 427, 716, 334, 154, 307, 360, 0, 396, 0, 1117], "conflicts": [[1, 11], [8, 13], [10, 13], [11, 14], [13, 14]], "tanks": [{"capacity": 284, "impossibleCargos": [0, 1, 3, 4, 5, 7, 8, 9, 12, 14], "neighbors": [21, 13, 23, 4, 10, 31, 22, 16, 8, 11, 5, 20]}, {"capacity": 275, "impossibleCargos": [0, 2, 4, 5, 7, 8, 10, 11, 12], "neighbors": [7, 16, 34, 25, 26, 9, 4, 12, 3, 11, 29, 31, 22, 2, 27, 15]}, {"capacity": 266, "impossibleCargos": [0, 1, 2, 3, 4, 5, 6, 8, 10, 11, 13, 14], "neighbors": [20, 34, 17, 8, 22, 7, 4, 29, 31, 15, 21, 10, 9, 25, 1, 3, 28, 18, 32]}, {"capacity": 289, "impossibleCargos": [0, 2, 4, 5, 6, 8, 9, 10, 11, 13], "neighbors": [12, 29, 22, 10, 25, 1, 7, 20, 16, 18, 8, 5, 2, 17, 24, 33]}, {"capacity": 282, "impossibleCargos": [0, 2, 6, 7, 8, 9, 10, 11, 13, 14], "neighbors": [20, 30, 9, 11, 24, 5, 10, 29, 8, 18, 0, 1, 2, 27, 26, 28, 7, 12, 23]}, {"capacity": 202, "impossibleCargos": [0, 1, 2, 3, 4, 6, 7, 8, 11, 12, 13, 14], "neighbors": [32, 11, 20, 12, 29, 4, 14, 13, 19, 3, 18, 24, 26, 0]}, {"capacity": 270, "impossibleCargos": [0, 2, 4, 5, 6, 10, 11, 12, 13, 14], "neighbors": [14, 21, 29, 17, 15, 22, 13, 28, 26, 19, 30, 18, 32, 10, 8]}, {"capacity": 221, "impossibleCargos": [1, 3, 5, 8, 10, 11, 12, 13], "neighbors": [28, 34, 15, 1, 33, 10, 9, 2, 23, 3, 13, 4, 20, 8, 31, 11]}, {"capacity": 270, "impossibleCargos": [4, 7, 8, 9, 14], "neighbors": [21, 11, 15, 2, 25, 4, 34, 19, 33, 13, 3, 18, 7, 30, 0, 23, 10, 6]}, {"capacity": 282, "impossibleCargos": [0, 2, 3, 4, 8, 10, 11, 12, 14], "neighbors": [22, 4, 17, 34, 26, 1, 7, 14, 31, 20, 2, 16, 29, 33]}, {"capacity": 220, "impossibleCargos": [0, 2, 4, 5, 6, 7, 8, 10, 11], "neighbors": [31, 19, 26, 22, 7, 3, 4, 11, 16, 0, 34, 2, 18, 27, 23, 17, 6, 25, 8]}, {"capacity": 248, "impossibleCargos": [0, 1, 3, 4, 6, 7, 8, 9, 11, 13, 14], "neighbors": [20, 12, 5, 23, 30, 4, 18, 8, 22, 10, 15, 1, 33, 13, 0, 17, 7, 25]}, {"capacity": 228, "impossibleCargos": [1, 2, 4, 5, 7, 9, 10, 11, 12, 13, 14], "neighbors": [11, 5, 14, 33, 3, 17, 1, 19, 27, 24, 23, 18, 31, 22, 21, 4, 13, 25]}, {"capacity": 286, "impossibleCargos": [1, 2, 3, 4, 5, 7, 9, 10, 11, 12, 14], "neighbors": [0, 33, 16, 19, 15, 7, 23, 5, 20, 31, 8, 32, 11, 6, 29, 22, 18, 25, 12]}, {"capacity": 272, "impossibleCargos": [0, 1, 2, 3, 4, 6, 7, 8, 10, 11, 12, 13], "neighbors": [25, 24, 20, 23, 12, 33, 6, 9, 21, 34, 5, 29, 16, 26, 17, 22]}, {"capacity": 286, "impossibleCargos": [1, 2, 3, 4, 5, 6, 7, 10, 11, 12, 13, 14], "neighbors": [34, 30, 7, 20, 16, 22, 8, 24, 13, 11, 25, 6, 2, 33, 28, 18, 1, 19]}, {"capacity": 227, "impossibleCargos": [3, 4, 7, 8, 9, 10, 12, 13, 14], "neighbors": [34, 25, 15, 24, 18, 28, 1, 26, 23, 13, 31, 10, 33, 3, 14, 0, 27, 9, 17, 30]}, {"capacity": 227, "impossibleCargos": [1, 2, 3, 4, 6, 8, 9, 10, 11, 12], "neighbors": [2, 9, 20, 27, 21, 12, 32, 6, 30, 34, 33, 24, 26, 16, 14, 29, 3, 10, 18, 11]}, {"capacity": 268, "impossibleCargos": [0, 1, 2, 3, 4, 5, 6, 9, 11, 14], "neighbors": [32, 16, 29, 11, 4, 24, 20, 10, 31, 12, 21, 3, 34, 22, 8, 15, 5, 6, 26, 17, 13, 2, 19]}, {"capacity": 255, "impossibleCargos": [0, 1, 2, 5, 6, 7, 8, 9, 10, 11, 12], "neighbors": [10, 13, 12, 8, 26, 29, 5, 32, 28, 34, 30, 6, 20, 18, 15, 23]}, {"capacity": 265, "impossibleCargos": [0, 2, 4, 5, 6, 7, 9, 12, 13], "neighbors": [11, 2, 4, 15, 5, 14, 29, 17, 21, 28, 18, 3, 25, 9, 13, 7, 24, 19, 0]}, {"capacity": 275, "impossibleCargos": [1, 2, 5, 6, 7, 8, 9, 12, 13], "neighbors": [0, 8, 23, 20, 17, 28, 6, 24, 25, 34, 14, 30, 2, 18, 12, 29]}, {"capacity": 260, "impossibleCargos": [0, 1, 2, 3, 5, 6, 7, 10, 11, 12, 13, 14], "neighbors": [9, 24, 26, 27, 15, 3, 10, 11, 2, 32, 6, 1, 0, 25, 18, 33, 12, 14, 34, 13]}, {"capacity": 238, "impossibleCargos": [0, 2, 5, 7, 8, 10, 11, 12, 13, 14], "neighbors": [11, 26, 14, 21, 25, 0, 29, 16, 7, 12, 13, 28, 27, 8, 10, 4, 19]}, {"capacity": 213, "impossibleCargos": [0, 1, 2, 3, 4, 6, 7, 8, 9, 10, 11, 12, 13, 14], "neighbors": [14, 22, 16, 4, 33, 34, 15, 21, 25, 18, 12, 28, 17, 30, 32, 5, 20, 3, 26]}, {"capacity": 290, "impossibleCargos": [0, 2, 3, 6, 7, 8, 9, 11, 13], "neighbors": [16, 14, 1, 23, 26, 8, 3, 21, 24, 15, 20, 30, 22, 2, 28, 10, 13, 11, 12]}, {"capacity": 227, "impossibleCargos": [1, 3, 4, 5, 6, 7, 8, 9, 10, 11, 12, 13, 14], "neighbors": [22, 23, 27, 10, 9, 16, 1, 25, 28, 4, 30, 19, 34, 17, 14, 6, 33, 5, 18, 24]}, {"capacity": 294, "impossibleCargos": [0, 1, 2, 4, 5, 7, 8, 9, 10, 12], "neighbors": [17, 22, 26, 4, 12, 10, 16, 1, 23, 28]}, {"capacity": 224, "impossibleCargos": [1, 2, 5, 6, 7, 8, 10, 14], "neighbors": [7, 30, 16, 21, 26, 20, 31, 23, 24, 4, 19, 2, 6, 15, 25, 27]}, {"capacity": 254, "impossibleCargos": [2, 4, 5, 6, 8, 9, 10, 13, 14], "neighbors": [20, 3, 32, 5, 18, 4, 23, 2, 6, 1, 14, 19, 13, 9, 17, 21]}, {"capacity": 234, "impossibleCargos": [0, 2, 3, 4, 5, 6, 8, 9, 10, 11, 12, 13], "neighbors": [15, 4, 11, 28, 32, 33, 17, 26, 21, 25, 24, 16, 8, 19, 6]}, {"capacity": 207, "impossibleCargos": [0, 1, 2, 5, 6, 7, 9, 12], "neighbors": [10, 2, 32, 16, 28, 9, 0, 1, 18, 12, 13, 7, 34]}, {"capacity": 272, "impossibleCargos": [0, 1, 3, 4, 5, 8, 9, 11, 12, 13, 14], "neighbors": [5, 18, 29, 17, 30, 31, 22, 34, 19, 13, 24, 6, 2]}, {"capacity": 234, "impossibleCargos": [0, 1, 2, 3, 4, 5, 7, 9, 10, 11, 12, 13, 14], "neighbors": [12, 13, 7, 24, 14, 30, 11, 8, 17, 16, 22, 15, 26, 34, 9, 3]}, {"capacity": 278, "impossibleCargos": [0, 3, 4, 5, 7, 9, 11, 12, 13, 14], "neighbors": [16, 15, 7, 2, 1, 9, 24, 8, 21, 32, 14, 17, 10, 26, 18, 19, 33, 22, 31]}]}