{"volumes": [0, 1005, 639, 491, 249, 337, 665, 204, 597, 410, 407, 304, 405, 356, 625], "conflicts": [[0, 4], [0, 5], [0, 6], [0, 8], [0, 9], [0, 10], [0, 12], [0, 14], [2, 7], [4, 8], [7, 13]], "tanks": [{"capacity": 238, "impossibleCargos": [1, 2, 3, 5, 7, 10, 11, 13], "neighbors": [11, 2, 14, 34, 31, 33, 16, 15, 23, 27, 24, 29, 13, 5, 12]}, {"capacity": 285, "impossibleCargos": [0, 2, 4, 5, 7, 8, 9, 11, 12, 13, 14], "neighbors": [6, 19, 16, 33, 12, 9, 27, 2, 24, 22, 15, 23, 4, 21, 18]}, {"capacity": 267, "impossibleCargos": [1, 3, 5, 6, 7, 8, 9, 10, 14], "neighbors": [6, 3, 10, 0, 15, 26, 29, 30, 21, 28, 34, 4, 1, 23, 12, 8, 19, 17, 18, 24, 32, 22, 25, 27]}, {"capacity": 270, "impossibleCargos": [0, 2, 4, 5, 6, 7, 8, 9, 10, 11, 12, 13], "neighbors": [31, 2, 34, 13, 17, 16, 14, 29, 20, 27, 23, 7, 9, 33, 8, 25, 5]}, {"capacity": 265, "impossibleCargos": [1, 2, 3, 4, 5, 6, 7, 9, 10, 11, 13, 14], "neighbors": [28, 31, 23, 25, 21, 26, 27, 30, 2, 6, 29, 8, 20, 33, 1, 17, 14]}, {"capacity": 237, "impossibleCargos": [0, 1, 2, 4, 6, 10, 12, 13, 14], "neighbors": [24, 14, 18, 6, 34, 25, 30, 32, 28, 11, 9, 31, 20, 7, 0, 3]}, {"capacity": 241, "impossibleCargos": [0, 1, 2, 3, 5, 6, 7, 8, 10, 12, 13, 14], "neighbors": [2, 1, 10, 5, 26, 4, 19, 13, 7, 24, 34, 14, 29, 22, 8, 15, 30, 12, 32, 27]}, {"capacity": 253, "impossibleCargos": [0, 1, 2, 5, 6, 7, 8, 9, 11, 13, 14], "neighbors": [25, 20, 31, 13, 29, 9, 15, 21, 8, 6, 26, 3, 27, 19, 24, 5, 10, 18, 11, 12]}, {"capacity": 283, "impossibleCargos": [0, 1, 2, 3, 6, 7, 8, 9, 10, 12, 13], "neighbors": [10, 9, 19, 26, 18, 16, 14, 20, 33, 7, 25, 12, 21, 2, 4, 6, 32, 3, 27]}, {"capacity": 233, "impossibleCargos": [0, 2, 3, 4, 5, 7, 8, 10, 12, 13, 14], "neighbors": [20, 8, 18, 10, 7, 22, 24, 1, 16, 14, 23, 5, 3, 34, 19]}, {"capacity": 205, "impossibleCargos": [0, 1, 2, 4, 5, 6, 7, 8, 9, 10, 12, 13], "neighbors": [2, 8, 17, 6, 9, 26, 11, 20, 7, 13, 27, 18, 29, 23]}, {"capacity": 273, "impossibleCargos": [0, 2, 3, 5, 6, 7, 8, 11], "neighbors": [16, 0, 34, 29, 18, 26, 5, 22, 28, 10, 27, 19, 7, 14]}, {"capacity": 293, "impossibleCargos": [0, 2, 5, 7, 9, 12, 13, 14], "neighbors": [22, 18, 31, 15, 33, 1, 30, 20, 8, 2, 29, 24, 26, 34, 27, 14, 6, 7, 0]}, {"capacity": 274, "impossibleCargos": [0, 4, 5, 8, 9, 10, 13], "neighbors": [24, 23, 29, 26, 20, 3, 7, 19, 25, 6, 30, 0, 10, 32]}, {"capacity": 207, "impossibleCargos": [0, 1, 2, 3, 4, 5, 6, 8, 12], "neighbors": [24, 5, 32, 0, 31, 3, 8, 9, 30, 34, 6, 12, 4, 11]}, {"capacity": 274, "impossibleCargos": [0, 1, 2, 3, 4, 5, 6, 7, 10, 11, 12, 13, 14], "neighbors": [2, 20, 24, 12, 0, 7, 32, 26, 1, 33, 6, 23, 19, 31, 27, 25]}, {"capacity": 225, "impossibleCargos": [5, 11, 12, 13, 14], "neighbors": [11, 32, 1, 34, 3, 0, 8, 9, 21, 20, 18, 28, 26, 24, 23, 29, 33]}, {"capacity": 285, "impossibleCargos": [0, 1, 3, 4, 5, 6, 8, 9, 10, 11, 12, 13, 14], "neighbors": [28, 19, 10, 3, 20, 26, 34, 25, 24, 2, 31, 22, 4, 21]}, {"capacity": 234, "impossibleCargos": [0, 1, 3, 4, 5, 7, 8, 9, 11, 12, 13, 14], "neighbors": [31, 19, 12, 5, 8, 9, 24, 11, 32, 23, 34, 2, 16, 7, 25, 10, 20, 1]}, {"capacity": 233, "impossibleCargos": [0, 2, 3, 4, 8, 10, 11, 12], "neighbors": [18, 17, 1, 8, 13, 27, 20, 30, 6, 25, 33, 2, 7, 23, 11, 31, 15, 9]}, {"capacity": 212, "impossibleCargos": [2, 3, 4, 5, 7, 9, 11, 12, 13, 14], "neighbors": [30, 33, 9, 13, 15, 7, 17, 29, 19, 12, 8, 28, 3, 27, 4, 32, 5, 10, 16, 18]}, {"capacity": 280, "impossibleCargos": [0, 1, 3, 4, 5, 6, 7, 8, 9, 10, 11, 13], "neighbors": [28, 4, 2, 30, 7, 23, 8, 22, 16, 25, 1, 26, 17]}, {"capacity": 296, "impossibleCargos": [1, 2, 3, 4, 5, 6, 7, 8, 10, 14], "neighbors": [32, 12, 27, 31, 9, 28, 11, 33, 21, 34, 1, 6, 17, 24, 2, 25]}, {"capacity": 297, "impossibleCargos": [0, 1, 2, 3, 4, 5, 6, 7, 10, 11, 12, 13], "neighbors": [13, 25, 4, 32, 18, 21, 3, 29, 0, 2, 9, 28, 1, 19, 26, 16, 15, 33, 10]}, {"capacity": 249, "impossibleCargos": [0, 1, 2, 4, 5, 6, 8, 11, 12, 13, 14], "neighbors": [13, 5, 14, 15, 18, 29, 26, 9, 31, 28, 1, 0, 17, 6, 2, 7, 12, 22, 16]}, {"capacity": 221, "impossibleCargos": [0, 1, 2, 3, 4, 5, 6, 7, 8, 9, 10, 11, 12, 13], "neighbors": [7, 27, 23, 4, 5, 13, 19, 8, 17, 21, 3, 18, 2, 15, 22, 33]}, {"capacity": 275, "impossibleCargos": [0, 4, 6, 8, 10, 11, 13, 14], "neighbors": [28, 13, 2, 8, 6, 31, 4, 24, 30, 10, 17, 11, 7, 15, 32, 16, 23, 12, 34, 21]}, {"capacity": 270, "impossibleCargos": [0, 1, 3, 5, 7, 9, 10, 11, 12, 14], "neighbors": [25, 22, 4, 19, 34, 1, 3, 0, 20, 32, 7, 11, 10, 12, 15, 8, 6, 2]}, {"capacity": 222, "impossibleCargos": [1, 2, 3, 4, 6, 7, 9, 13, 14], "neighbors": [21, 26, 4, 17, 2, 34, 30, 20, 5, 22, 24, 23, 11, 29, 16, 31]}, {"capacity": 258, "impossibleCargos": [0, 2, 4, 5, 6, 7, 8, 9, 11, 13], "neighbors": [33, 13, 11, 2, 20, 7, 24, 3, 23, 4, 6, 0, 34, 28, 31, 12, 30, 16, 10]}, {"capacity": 207, "impossibleCargos": [0, 1, 2, 3, 7, 8, 9, 10, 11, 13], "neighbors": [20, 5, 2, 21, 28, 4, 12, 19, 26, 13, 14, 29, 34, 31, 6]}, {"capacity": 240, "impossibleCargos": [0, 3, 4, 5, 6, 7, 8, 9, 11, 12, 13], "neighbors": [3, 18, 4, 7, 0, 12, 14, 22, 26, 24, 5, 17, 29, 28, 19, 30, 15]}, {"capacity": 214, "impossibleCargos": [1, 2, 4, 6, 8, 9, 11, 12, 14], "neighbors": [22, 16, 14, 23, 34, 18, 5, 15, 27, 20, 2, 26, 8, 13, 33, 6]}, {"capacity": 249, "impossibleCargos": [1, 2, 6, 7, 8, 9, 10, 13], "neighbors": [20, 29, 0, 1, 12, 8, 19, 22, 4, 3, 15, 23, 32, 16, 25]}, {"capacity": 293, "impossibleCargos": [2, 3, 4, 5, 8, 11, 12, 14], "neighbors": [11, 3, 0, 5, 16, 32, 28, 27, 2, 17, 18, 22, 14, 6, 29, 9, 30, 12, 26]}]}