{"volumes": [425, 125, 1373, 761, 226, 175, 376, 189, 881, 462, 434, 0, 127, 411, 325], "conflicts": [[0, 11], [1, 3], [1, 7], [1, 10], [1, 12], [2, 11], [3, 11], [4, 6], [4, 7], [4, 8], [4, 11], [5, 7], [5, 12], [6, 7], [6, 11], [7, 10], [7, 11], [8, 11], [9, 11], [10, 11], [11, 12]], "tanks": [{"capacity": 253, "impossibleCargos": [1, 3, 4, 6, 7, 9, 10, 11, 12, 13], "neighbors": [6, 22, 29, 20, 12, 21, 13, 14, 30, 11, 33, 26, 28, 15]}, {"capacity": 217, "impossibleCargos": [0, 1, 2, 3, 4, 6, 7, 11, 12, 13, 14], "neighbors": [5, 21, 18, 31, 16, 20, 4, 24, 34, 23, 26, 17, 33, 3]}, {"capacity": 299, "impossibleCargos": [0, 2, 3, 4, 6, 10, 11, 14], "neighbors": [5, 27, 30, 20, 29, 28, 31, 9, 8, 32, 16, 33, 12, 13, 11]}, {"capacity": 205, "impossibleCargos": [0, 1, 2, 3, 4, 5, 7, 8, 9, 10, 11, 14], "neighbors": [15, 20, 26, 4, 25, 10, 17, 29, 22, 6, 21, 30, 27, 28, 7, 13, 34, 1]}, {"capacity": 289, "impossibleCargos": [0, 1, 3, 4, 5, 7, 8, 9, 10, 13, 14], "neighbors": [14, 34, 28, 33, 3, 6, 31, 13, 20, 1, 11, 10, 32, 25, 12, 19, 15, 29, 9, 27]}, {"capacity": 292, "impossibleCargos": [0, 2, 3, 4, 5, 8, 10, 11, 12, 14], "neighbors": [1, 2, 13, 32, 24, 33, 19, 30, 15, 18, 20, 11, 31, 12, 27, 7]}, {"capacity": 284, "impossibleCargos": [0, 1, 2, 3, 4, 7, 8, 9, 11, 14], "neighbors": [14, 0, 13, 7, 33, 17, 11, 4, 20, 3, 32, 24, 15, 23, 34, 21, 25, 10]}, {"capacity": 247, "impossibleCargos": [0, 2, 3, 6, 7, 8, 9, 10, 11, 12], "neighbors": [23, 8, 30, 33, 21, 6, 15, 27, 11, 16, 18, 14, 24, 32, 9, 20, 3, 22, 5]}, {"capacity": 203, "impossibleCargos": [0, 1, 2, 3, 4, 6, 7, 8, 9, 11, 12, 13], "neighbors": [20, 19, 9, 7, 31, 11, 33, 2, 28, 34, 24, 18, 10, 30]}, {"capacity": 247, "impossibleCargos": [0, 3, 4, 6, 8, 10, 11, 14], "neighbors": [34, 8, 20, 26, 22, 2, 14, 17, 21, 28, 31, 7, 15, 23, 12, 4, 18]}, {"capacity": 236, "impossibleCargos": [0, 1, 2, 5, 6, 8, 10, 11, 12, 13, 14], "neighbors": [15, 20, 22, 31, 28, 12, 34, 3, 24, 29, 4, 21, 8, 6]}, {"capacity": 252, "impossibleCargos": [1, 2, 4, 7, 8, 9, 10, 11, 14], "neighbors": [18, 17, 23, 21, 6, 8, 7, 0, 5, 4, 33, 26, 24, 34, 27, 2]}, {"capacity": 266, "impossibleCargos": [0, 1, 3, 5, 6, 7, 8, 11, 12, 14], "neighbors": [18, 10, 0, 24, 17, 33, 5, 2, 22, 4, 21, 9]}, {"capacity": 253, "impossibleCargos": [0, 3, 5, 6, 7, 8, 9, 10, 11, 12, 13, 14], "neighbors": [18, 26, 15, 5, 6, 22, 30, 28, 4, 0, 32, 17, 24, 2, 34, 21, 25, 3]}, {"capacity": 200, "impossibleCargos": [0, 2, 5, 7, 8, 9, 10, 11, 13, 14], "neighbors": [6, 4, 29, 20, 34, 32, 9, 0, 7, 28, 27, 19]}, {"capacity": 278, "impossibleCargos": [1, 2, 3, 4, 5, 7, 9, 10, 14], "neighbors": [3, 19, 25, 13, 10, 18, 33, 21, 22, 30, 7, 5, 23, 28, 31, 6, 9, 4, 0, 32, 16]}, {"capacity": 219, "impossibleCargos": [0, 1, 2, 3, 4, 5, 9, 11, 12, 13], "neighbors": [18, 34, 23, 24, 1, 28, 19, 32, 21, 31, 7, 26, 2, 29, 15]}, {"capacity": 263, "impossibleCargos": [0, 2, 3, 5, 6, 7, 11, 12, 13, 14], "neighbors": [11, 33, 6, 24, 23, 25, 3, 12, 31, 13, 32, 9, 27, 1, 34, 29, 30]}, {"capacity": 233, "impossibleCargos": [1, 3, 4, 5, 6, 7, 11, 12, 13], "neighbors": [13, 12, 11, 32, 16, 15, 33, 1, 20, 5, 34, 22, 7, 8, 31, 9]}, {"capacity": 249, "impossibleCargos": [1, 4, 6, 8, 9, 10, 14], "neighbors": [8, 21, 15, 31, 32, 28, 5, 16, 24, 34, 29, 4, 33, 14]}, {"capacity": 223, "impossibleCargos": [0, 2, 4, 6, 7, 8, 9, 10, 11, 12], "neighbors": [25, 8, 31, 27, 10, 34, 3, 23, 9, 0, 2, 14, 1, 6, 4, 18, 5, 29, 30, 28, 26, 7]}, {"capacity": 250, "impossibleCargos": [0, 1, 2, 3, 4, 7, 8, 11, 12, 13, 14], "neighbors": [19, 1, 15, 7, 26, 11, 25, 0, 22, 3, 16, 9, 24, 29, 10, 12, 6, 13]}, {"capacity": 248, "impossibleCargos": [0, 3, 4, 5, 8, 9, 11, 12, 13, 14], "neighbors": [25, 10, 15, 0, 13, 9, 26, 21, 3, 32, 18, 12, 31, 7, 30]}, {"capacity": 211, "impossibleCargos": [0, 1, 2, 4, 6, 7, 8, 9, 13, 14], "neighbors": [11, 7, 16, 33, 20, 34, 25, 17, 28, 15, 1, 26, 29, 6, 27, 9]}, {"capacity": 285, "impossibleCargos": [1, 3, 5, 6, 8, 9, 10, 12, 13, 14], "neighbors": [16, 17, 12, 5, 19, 10, 27, 8, 13, 1, 21, 11, 6, 7, 30, 26, 28, 34]}, {"capacity": 203, "impossibleCargos": [0, 2, 3, 4, 5, 8, 9, 12, 13, 14], "neighbors": [20, 15, 22, 21, 3, 23, 26, 17, 30, 4, 29, 13, 6]}, {"capacity": 201, "impossibleCargos": [1, 3, 4, 5, 7, 8, 9, 10, 12, 14], "neighbors": [13, 3, 21, 9, 25, 22, 30, 16, 11, 33, 23, 0, 1, 31, 34, 20, 24]}, {"capacity": 275, "impossibleCargos": [0, 1, 3, 4, 5, 7, 8, 9, 10, 11, 12, 13, 14], "neighbors": [20, 2, 32, 7, 33, 24, 3, 17, 30, 5, 34, 29, 11, 23, 4, 14]}, {"capacity": 243, "impossibleCargos": [1, 2, 3, 4, 6, 7, 8, 10, 11], "neighbors": [34, 33, 30, 10, 4, 16, 19, 13, 2, 23, 31, 8, 15, 3, 20, 9, 0, 29, 14, 24]}, {"capacity": 253, "impossibleCargos": [0, 1, 2, 4, 5, 7, 8, 11, 12, 13], "neighbors": [32, 14, 0, 34, 2, 31, 3, 10, 20, 21, 23, 28, 16, 19, 27, 4, 17, 25]}, {"capacity": 210, "impossibleCargos": [1, 2, 3, 4, 5, 7, 8, 9, 11], "neighbors": [7, 15, 28, 2, 13, 32, 5, 25, 0, 3, 26, 20, 27, 24, 34, 17, 8, 22, 33]}, {"capacity": 239, "impossibleCargos": [0, 3, 4, 6, 8, 9, 10, 11, 12, 14], "neighbors": [20, 19, 33, 8, 1, 10, 4, 28, 2, 29, 17, 5, 16, 32, 15, 9, 26, 18, 22]}, {"capacity": 221, "impossibleCargos": [0, 2, 3, 4, 5, 6, 8, 9, 10, 12], "neighbors": [18, 27, 29, 33, 5, 19, 30, 14, 2, 16, 22, 6, 13, 17, 31, 4, 7, 15]}, {"capacity": 244, "impossibleCargos": [1, 2, 3, 4, 6, 9, 10, 11, 12, 14], "neighbors": [28, 18, 15, 7, 31, 6, 17, 32, 23, 4, 34, 5, 8, 27, 0, 12, 11, 26, 2, 1, 19, 30]}, {"capacity": 256, "impossibleCargos": [0, 2, 3, 4, 5, 6, 7, 8, 10, 11, 12, 14], "neighbors": [28, 9, 16, 20, 4, 23, 29, 33, 10, 14, 19, 8, 18, 1, 11, 27, 6, 26, 13, 30, 17, 24, 3]}]}