{"volumes": [781, 528, 0, 162, 491, 555, 406, 347, 450, 0, 849, 769, 159, 783, 144], "conflicts": [[0, 2], [1, 9], [2, 3], [2, 4], [2, 10], [2, 11], [9, 13]], "tanks": [{"capacity": 210, "impossibleCargos": [0, 8], "neighbors": [18, 3, 21, 12, 29, 10, 11, 14, 22, 16, 34, 17, 1, 15, 4, 20, 30, 32, 5, 8, 27, 9, 13, 33, 31, 19, 2]}, {"capacity": 283, "impossibleCargos": [2, 8, 9], "neighbors": [9, 29, 30, 25, 15, 7, 21, 32, 6, 12, 17, 24, 0, 16, 2, 28, 22, 23, 11, 3, 20, 18, 14, 26, 8]}, {"capacity": 299, "impossibleCargos": [3, 6, 7, 10, 11, 14], "neighbors": [27, 3, 10, 29, 14, 32, 22, 13, 23, 4, 15, 33, 6, 5, 1, 19, 20, 12, 16, 17, 34, 11, 0, 31]}, {"capacity": 259, "impossibleCargos": [10, 14], "neighbors": [5, 27, 0, 2, 7, 18, 13, 33, 8, 9, 28, 34, 10, 17, 26, 15, 25, 4, 31, 20, 29, 1, 30, 19, 21, 24]}, {"capacity": 218, "impossibleCargos": [0, 2, 7, 12], "neighbors": [25, 28, 17, 6, 19, 31, 13, 11, 20, 24, 2, 8, 14, 23, 9, 33, 30, 0, 12, 18, 21, 5, 3, 16, 34, 10]}, {"capacity": 225, "impossibleCargos": [0, 2, 7], "neighbors": [3, 29, 24, 15, 13, 33, 23, 32, 2, 27, 17, 34, 6, 7, 8, 0, 4, 25, 10, 26, 21]}, {"capacity": 277, "impossibleCargos": [4, 12], "neighbors": [4, 14, 31, 15, 13, 1, 19, 2, 16, 34, 22, 5, 9, 30, 11, 28, 18, 12, 21, 7, 23, 8, 17]}, {"capacity": 245, "impossibleCargos": [2, 9], "neighbors": [15, 11, 14, 3, 21, 30, 1, 12, 28, 33, 10, 9, 5, 32, 34, 19, 17, 13, 16, 8, 18, 29, 31, 6, 24]}, {"capacity": 266, "impossibleCargos": [2, 3], "neighbors": [29, 23, 9, 32, 31, 30, 4, 13, 34, 27, 11, 22, 3, 12, 25, 5, 18, 24, 28, 0, 17, 7, 20, 15, 6, 19, 33, 21, 10, 1]}, {"capacity": 298, "impossibleCargos": [3, 4, 8, 12, 14], "neighbors": [1, 8, 22, 10, 27, 26, 4, 15, 3, 20, 29, 28, 7, 14, 13, 6, 17, 31, 24, 0, 21, 12, 19, 25, 11]}, {"capacity": 202, "impossibleCargos": [1, 4, 8, 12], "neighbors": [17, 2, 0, 23, 26, 34, 9, 19, 22, 33, 15, 20, 30, 7, 12, 18, 31, 3, 11, 27, 16, 32, 28, 5, 14, 21, 8, 4, 25]}, {"capacity": 277, "impossibleCargos": [5], "neighbors": [7, 12, 0, 4, 19, 15, 13, 32, 29, 34, 8, 28, 16, 24, 10, 18, 6, 30, 26, 31, 14, 1, 23, 2, 9, 17]}, {"capacity": 268, "impossibleCargos": [0, 1, 2, 7, 12, 13, 14], "neighbors": [24, 19, 17, 23, 29, 11, 0, 33, 7, 1, 25, 18, 4, 14, 10, 8, 20, 31, 22, 15, 2, 6, 26, 16, 9, 13]}, {"capacity": 251, "impossibleCargos": [5, 8, 9, 12], "neighbors": [17, 15, 18, 4, 6, 5, 2, 3, 22, 8, 16, 11, 20, 25, 24, 9, 27, 33, 7, 21, 28, 0, 30, 19, 14, 12]}, {"capacity": 204, "impossibleCargos": [1, 2, 3, 7, 9], "neighbors": [27, 22, 7, 6, 2, 0, 4, 31, 30, 21, 12, 9, 16, 17, 23, 28, 19, 11, 25, 32, 15, 10, 18, 13, 20, 1]}, {"capacity": 208, "impossibleCargos": [5], "neighbors": [26, 7, 22, 29, 28, 6, 13, 5, 30, 1, 2, 32, 11, 27, 10, 25, 9, 0, 20, 17, 18, 33, 12, 3, 34, 21, 16, 8, 14]}, {"capacity": 256, "impossibleCargos": [0, 1, 7, 13], "neighbors": [32, 30, 22, 18, 26, 20, 19, 13, 0, 34, 31, 6, 11, 1, 14, 10, 28, 17, 7, 2, 12, 15, 4]}, {"capacity": 205, "impossibleCargos": [5, 14], "neighbors": [26, 33, 19, 12, 10, 22, 4, 21, 13, 30, 1, 0, 24, 5, 15, 18, 27, 14, 3, 9, 16, 31, 7, 32, 8, 23, 2, 11, 6, 28]}, {"capacity": 257, "impossibleCargos": [3, 7, 11, 12], "neighbors": [0, 19, 3, 33, 13, 23, 24, 16, 12, 32, 30, 4, 20, 10, 28, 31, 15, 17, 8, 11, 21, 6, 26, 7, 1, 34, 14, 22, 29, 25]}, {"capacity": 254, "impossibleCargos": [1, 2, 3, 8, 9], "neighbors": [17, 12, 18, 4, 11, 10, 16, 20, 6, 25, 31, 28, 22, 24, 34, 33, 2, 7, 26, 30, 14, 29, 27, 0, 9, 13, 21, 3, 8]}, {"capacity": 299, "impossibleCargos": [2, 3, 4, 10, 11, 13], "neighbors": [30, 31, 4, 16, 19, 34, 10, 25, 24, 27, 32, 9, 13, 12, 18, 0, 22, 15, 28, 2, 3, 8, 1, 14, 33]}, {"capacity": 299, "impossibleCargos": [1, 6, 7, 9, 11, 14], "neighbors": [25, 31, 30, 0, 17, 7, 1, 14, 32, 29, 27, 33, 4, 15, 18, 34, 13, 6, 9, 22, 19, 5, 10, 3, 8]}, {"capacity": 230, "impossibleCargos": [0, 3, 9], "neighbors": [34, 15, 14, 17, 9, 24, 2, 16, 33, 29, 0, 10, 13, 31, 8, 28, 19, 6, 20, 12, 26, 1, 30, 25, 21, 32, 18]}, {"capacity": 290, "impossibleCargos": [0, 2, 9, 11], "neighbors": [8, 34, 12, 10, 18, 2, 30, 25, 5, 4, 26, 28, 14, 31, 24, 32, 1, 11, 17, 33, 6]}, {"capacity": 258, "impossibleCargos": [8, 11], "neighbors": [25, 12, 29, 5, 31, 22, 18, 4, 26, 20, 34, 1, 28, 17, 19, 33, 30, 11, 13, 32, 8, 23, 9, 7, 3]}, {"capacity": 221, "impossibleCargos": [2, 6, 12], "neighbors": [24, 21, 4, 30, 33, 1, 23, 20, 12, 19, 15, 27, 8, 13, 3, 5, 14, 22, 29, 9, 18, 26, 10]}, {"capacity": 235, "impossibleCargos": [1, 4, 7, 14], "neighbors": [15, 17, 33, 28, 10, 29, 24, 16, 9, 30, 34, 23, 32, 3, 19, 22, 11, 18, 12, 5, 25, 1]}, {"capacity": 297, "impossibleCargos": [1, 3, 4, 11], "neighbors": [14, 2, 3, 9, 15, 8, 20, 25, 5, 32, 34, 21, 17, 10, 31, 13, 28, 30, 0, 33, 19]}, {"capacity": 264, "impossibleCargos": [2, 12], "neighbors": [26, 4, 15, 7, 24, 19, 22, 32, 9, 11, 3, 18, 34, 20, 1, 23, 16, 14, 33, 8, 27, 6, 10, 13, 17]}, {"capacity": 214, "impossibleCargos": [3, 12, 13], "neighbors": [8, 5, 1, 24, 31, 15, 12, 32, 2, 0, 26, 22, 11, 30, 9, 21, 19, 7, 3, 25, 18]}, {"capacity": 245, "impossibleCargos": [2, 3, 6], "neighbors": [32, 21, 20, 16, 25, 1, 15, 7, 23, 8, 14, 26, 17, 29, 34, 4, 10, 18, 24, 0, 6, 33, 19, 11, 22, 27, 13, 3]}, {"capacity": 258, "impossibleCargos": [3, 4, 5, 6, 8], "neighbors": [21, 29, 24, 20, 6, 4, 8, 14, 22, 19, 16, 12, 18, 32, 10, 27, 9, 23, 17, 11, 33, 0, 3, 7, 2]}, {"capacity": 264, "impossibleCargos": [4, 7, 9, 10], "neighbors": [34, 16, 30, 8, 29, 2, 1, 15, 11, 5, 20, 28, 21, 18, 26, 27, 31, 7, 0, 33, 24, 17, 10, 23, 14, 22]}, {"capacity": 239, "impossibleCargos": [1, 2, 8, 13], "neighbors": [26, 17, 18, 12, 25, 22, 5, 10, 3, 2, 34, 4, 7, 24, 19, 15, 21, 32, 30, 13, 28, 31, 0, 27, 23, 8, 20]}, {"capacity": 211, "impossibleCargos": [6, 8], "neighbors": [32, 23, 22, 10, 8, 20, 33, 26, 24, 11, 30, 16, 0, 5, 6, 19, 27, 3, 28, 7, 15, 21, 2, 4, 18]}]}