{"volumes": [0, 308, 783, 0, 571, 942, 0, 490, 313, 395, 604, 621, 745, 179, 164], "conflicts": [[0, 1], [0, 6], [0, 7], [0, 8], [0, 12], [0, 14], [1, 3], [2, 3], [3, 4], [3, 5], [3, 6], [3, 7], [3, 10], [3, 11], [3, 12], [3, 13], [3, 14], [4, 6], [6, 7], [6, 10], [6, 14]], "tanks": [{"capacity": 263, "impossibleCargos": [2, 5, 6, 7, 8, 9, 10, 11, 13, 14], "neighbors": [31, 12, 16, 22, 32, 15, 1, 23, 10, 34, 3, 14, 11, 13, 33, 19, 5, 6, 24, 9, 8, 27, 20, 25, 21, 28]}, {"capacity": 220, "impossibleCargos": [6, 9, 10, 11, 12, 13], "neighbors": [16, 34, 30, 24, 21, 0, 7, 23, 33, 3, 6, 29, 11, 8, 4, 26, 27, 5, 31, 2, 32, 17, 14, 10, 9, 20, 18, 13]}, {"capacity": 253, "impossibleCargos": [2, 3, 4, 6, 7, 10, 11], "neighbors": [34, 7, 21, 6, 20, 27, 8, 23, 13, 33, 9, 15, 28, 17, 4, 24, 5, 1, 11, 22, 16, 3, 12]}, {"capacity": 278, "impossibleCargos": [0, 3, 6, 12, 13], "neighbors": [28, 6, 8, 33, 32, 26, 1, 18, 23, 29, 0, 22, 25, 21, 5, 17, 10, 14, 30, 9, 13, 11, 24, 27, 2, 7, 16, 34, 12]}, {"capacity": 283, "impossibleCargos": [0, 8, 11], "neighbors": [13, 30, 31, 5, 16, 33, 14, 22, 25, 2, 23, 1, 19, 6, 20, 7, 26, 12, 18, 24, 27, 28, 11, 34, 9, 17, 10]}, {"capacity": 274, "impossibleCargos": [0, 1, 2, 3, 4, 7, 8, 9, 10, 12, 13], "neighbors": [8, 13, 24, 23, 4, 22, 7, 20, 3, 19, 27, 6, 0, 1, 12, 2, 34, 28, 33, 21, 10, 9, 25, 30]}, {"capacity": 256, "impossibleCargos": [0, 1, 3, 7, 8, 9, 12, 13], "neighbors": [19, 7, 2, 34, 8, 3, 18, 10, 22, 25, 1, 28, 21, 5, 4, 20, 15, 26, 0, 24, 29, 14, 12, 32]}, {"capacity": 259, "impossibleCargos": [0, 2, 3, 5, 7, 8, 10, 11, 14], "neighbors": [2, 6, 23, 20, 11, 14, 1, 25, 5, 26, 15, 21, 18, 13, 27, 4, 34, 28, 10, 30, 31, 12, 16, 22, 24, 33, 3, 19]}, {"capacity": 205, "impossibleCargos": [1, 3, 4, 5, 6, 11, 12], "neighbors": [18, 6, 5, 28, 17, 34, 2, 3, 11, 24, 26, 32, 1, 33, 16, 20, 0, 15, 19, 23, 21, 10, 31, 22, 12]}, {"capacity": 231, "impossibleCargos": [0, 1, 3, 9, 11, 13, 14], "neighbors": [22, 19, 34, 17, 32, 30, 23, 2, 18, 26, 29, 31, 21, 12, 0, 3, 20, 11, 4, 1, 5, 28, 15]}, {"capacity": 211, "impossibleCargos": [0, 2, 4, 5, 6, 7, 8, 9, 11], "neighbors": [19, 28, 24, 21, 6, 16, 29, 15, 13, 0, 26, 22, 12, 3, 7, 34, 17, 1, 5, 8, 31, 18, 25, 4]}, {"capacity": 205, "impossibleCargos": [4, 5, 7, 9, 14], "neighbors": [25, 30, 12, 32, 8, 7, 15, 23, 16, 13, 21, 29, 1, 17, 0, 18, 31, 34, 22, 3, 2, 4, 9, 19, 14]}, {"capacity": 223, "impossibleCargos": [3, 4, 5, 6, 7, 10, 13], "neighbors": [30, 0, 11, 32, 27, 16, 22, 33, 29, 13, 19, 10, 34, 9, 5, 4, 15, 7, 21, 23, 25, 6, 20, 26, 14, 8, 2, 28, 3]}, {"capacity": 259, "impossibleCargos": [2, 3, 4, 7, 8, 9, 11, 12, 13, 14], "neighbors": [4, 23, 5, 17, 2, 12, 24, 19, 33, 30, 22, 11, 27, 10, 32, 14, 29, 0, 7, 28, 16, 25, 3, 1, 18]}, {"capacity": 240, "impossibleCargos": [2, 3, 4, 5, 7, 8, 9, 10, 13], "neighbors": [33, 31, 25, 27, 7, 18, 22, 15, 4, 34, 28, 26, 13, 29, 0, 21, 16, 30, 3, 6, 23, 19, 1, 11, 12]}, {"capacity": 222, "impossibleCargos": [0, 1, 7, 9, 12, 14], "neighbors": [20, 19, 11, 0, 14, 2, 30, 31, 16, 10, 7, 17, 18, 6, 12, 25, 8, 24, 26, 22, 28, 21, 9]}, {"capacity": 287, "impossibleCargos": [3, 8, 11, 14], "neighbors": [1, 30, 0, 12, 4, 10, 29, 11, 15, 34, 17, 18, 21, 24, 8, 14, 22, 13, 7, 28, 27, 19, 2, 26, 3]}, {"capacity": 296, "impossibleCargos": [0, 1, 2, 3, 5, 6, 8, 10, 12], "neighbors": [8, 9, 13, 29, 22, 24, 18, 2, 31, 23, 11, 19, 16, 20, 15, 3, 26, 27, 33, 1, 32, 34, 28, 10, 4, 30]}, {"capacity": 277, "impossibleCargos": [0, 2, 3, 5, 11, 12, 14], "neighbors": [8, 6, 14, 17, 9, 21, 3, 29, 19, 34, 24, 16, 7, 15, 27, 33, 28, 11, 20, 4, 25, 32, 26, 1, 10, 13]}, {"capacity": 219, "impossibleCargos": [2, 6, 9, 10, 13, 14], "neighbors": [6, 9, 10, 15, 27, 33, 13, 20, 18, 12, 32, 17, 31, 4, 5, 0, 21, 29, 8, 23, 24, 11, 14, 16, 22, 26, 25, 7]}, {"capacity": 211, "impossibleCargos": [0, 1, 2, 3, 4, 6, 7, 9, 13], "neighbors": [2, 23, 30, 7, 15, 21, 27, 19, 24, 26, 5, 28, 17, 4, 31, 8, 6, 18, 33, 29, 0, 9, 12, 1]}, {"capacity": 260, "impossibleCargos": [0, 4, 13, 14], "neighbors": [32, 2, 29, 28, 10, 20, 1, 23, 18, 22, 11, 26, 6, 7, 14, 3, 16, 9, 19, 31, 25, 12, 5, 24, 8, 15, 0]}, {"capacity": 269, "impossibleCargos": [0, 2, 7, 8, 10, 11, 14], "neighbors": [9, 0, 33, 12, 6, 14, 17, 5, 34, 26, 13, 4, 21, 27, 10, 3, 31, 16, 11, 7, 30, 32, 23, 15, 2, 19, 8, 29, 28, 24]}, {"capacity": 289, "impossibleCargos": [1, 3, 4, 5, 7, 11, 12, 13, 14], "neighbors": [7, 13, 20, 5, 2, 29, 9, 21, 11, 1, 3, 31, 30, 0, 25, 26, 17, 4, 14, 12, 8, 19, 22, 33, 28]}, {"capacity": 207, "impossibleCargos": [0, 2, 3, 4, 6, 7, 9, 10, 13, 14], "neighbors": [5, 10, 30, 28, 1, 13, 25, 17, 20, 8, 34, 27, 18, 2, 33, 16, 32, 6, 0, 4, 31, 7, 3, 15, 21, 19, 22]}, {"capacity": 219, "impossibleCargos": [2, 4, 5, 7, 12, 14], "neighbors": [11, 14, 30, 29, 6, 24, 7, 23, 26, 4, 3, 21, 15, 18, 13, 28, 34, 0, 12, 33, 10, 5, 19]}, {"capacity": 237, "impossibleCargos": [0, 2, 4, 7, 10, 11, 12], "neighbors": [31, 28, 30, 9, 22, 3, 32, 7, 25, 20, 33, 10, 21, 14, 23, 8, 29, 1, 17, 4, 6, 27, 18, 15, 12, 19, 16]}, {"capacity": 205, "impossibleCargos": [2, 3, 6, 7, 8, 9, 11, 14], "neighbors": [30, 2, 12, 14, 19, 20, 13, 22, 32, 24, 18, 1, 5, 7, 33, 31, 17, 29, 26, 0, 4, 16, 3, 28]}, {"capacity": 224, "impossibleCargos": [1, 3, 4, 5, 7, 9, 12, 13, 14], "neighbors": [3, 8, 21, 10, 24, 26, 31, 34, 2, 6, 14, 32, 20, 18, 7, 13, 5, 29, 16, 17, 25, 4, 15, 27, 33, 0, 9, 22, 23, 12]}, {"capacity": 203, "impossibleCargos": [0, 2, 3, 5, 7, 9, 12], "neighbors": [21, 23, 12, 17, 10, 16, 25, 34, 33, 1, 9, 18, 30, 3, 11, 14, 26, 13, 27, 28, 32, 20, 6, 19, 31, 22]}, {"capacity": 216, "impossibleCargos": [0, 1, 2, 3, 4, 8], "neighbors": [12, 11, 27, 4, 16, 20, 1, 24, 9, 25, 26, 15, 33, 13, 23, 29, 32, 14, 7, 3, 22, 17, 5]}, {"capacity": 238, "impossibleCargos": [1, 3, 4, 5, 6, 9, 11, 13], "neighbors": [0, 4, 14, 32, 26, 28, 15, 23, 17, 19, 9, 27, 20, 22, 21, 1, 11, 7, 24, 29, 8, 10, 34]}, {"capacity": 240, "impossibleCargos": [0, 2, 3, 10, 11], "neighbors": [21, 11, 31, 12, 0, 9, 3, 26, 27, 28, 13, 8, 19, 24, 30, 33, 1, 29, 17, 18, 22, 6]}, {"capacity": 282, "impossibleCargos": [0, 4, 5, 9, 10, 14], "neighbors": [14, 22, 12, 3, 19, 2, 4, 13, 1, 30, 29, 26, 24, 0, 8, 18, 27, 17, 20, 32, 5, 28, 7, 23, 25]}, {"capacity": 236, "impossibleCargos": [0, 1, 2, 5, 6, 8, 14], "neighbors": [2, 6, 1, 8, 9, 29, 28, 22, 14, 24, 16, 0, 18, 12, 7, 5, 11, 17, 25, 10, 4, 31, 3]}]}