{"volumes": [604, 201, 333, 414, 731, 505, 238, 222, 0, 0, 760, 682, 472, 574, 792], "conflicts": [[0, 8], [0, 9], [1, 8], [1, 9], [2, 8], [3, 8], [4, 8], [4, 9], [5, 8], [5, 9], [6, 8], [6, 9], [7, 9], [8, 10], [8, 11], [8, 12], [8, 13], [8, 14], [9, 10], [9, 11], [9, 12], [9, 13]], "tanks": [{"capacity": 232, "impossibleCargos": [1, 2, 5, 6, 14], "neighbors": [12, 18, 22, 16, 27, 14, 32, 9, 26, 30, 6, 17, 28, 29, 31, 21, 1, 7, 23, 19, 25, 33, 10, 13]}, {"capacity": 256, "impossibleCargos": [2, 3, 4, 5, 6, 11, 12], "neighbors": [33, 13, 23, 26, 5, 22, 3, 11, 12, 19, 30, 34, 21, 4, 28, 17, 10, 24, 14, 0, 9, 15, 31, 32, 18, 2]}, {"capacity": 211, "impossibleCargos": [2, 3, 5, 7, 10, 13], "neighbors": [12, 17, 30, 29, 25, 31, 24, 21, 32, 9, 3, 16, 5, 26, 4, 8, 14, 7, 22, 34, 15, 1, 18, 13]}, {"capacity": 239, "impossibleCargos": [0, 1, 2, 11, 13], "neighbors": [9, 14, 32, 27, 7, 21, 13, 8, 1, 5, 29, 34, 30, 28, 31, 2, 18, 6, 12, 10, 11, 33, 15, 23, 20, 26, 4, 25, 16, 17]}, {"capacity": 237, "impossibleCargos": [3, 7, 11, 12, 13], "neighbors": [5, 10, 24, 26, 13, 20, 30, 1, 7, 15, 34, 25, 14, 16, 2, 11, 9, 3, 32, 12, 19, 21, 31]}, {"capacity": 247, "impossibleCargos": [2, 4, 6, 14], "neighbors": [4, 12, 1, 10, 19, 17, 3, 33, 11, 30, 15, 31, 18, 14, 34, 2, 24, 27, 13, 6, 22, 25, 23, 9, 7]}, {"capacity": 275, "impossibleCargos": [0, 1, 4, 7, 8, 9, 11, 12, 14], "neighbors": [8, 28, 15, 26, 31, 21, 17, 20, 24, 22, 3, 33, 0, 30, 9, 18, 32, 10, 16, 5, 27, 13, 11, 29, 23, 7]}, {"capacity": 236, "impossibleCargos": [0, 1, 2, 3, 4, 6, 7, 12, 13], "neighbors": [25, 30, 3, 24, 8, 33, 32, 29, 23, 16, 20, 11, 4, 14, 34, 19, 18, 12, 22, 0, 31, 10, 13, 2, 26, 6, 5]}, {"capacity": 219, "impossibleCargos": [1, 2, 3, 5, 8, 9, 10, 12, 13], "neighbors": [26, 6, 16, 34, 31, 12, 7, 11, 18, 33, 3, 32, 10, 9, 25, 30, 23, 13, 22, 17, 2, 19, 27, 24, 20, 14, 15]}, {"capacity": 282, "impossibleCargos": [1, 2, 7, 12, 14], "neighbors": [3, 24, 16, 14, 32, 34, 30, 29, 2, 0, 18, 8, 10, 6, 1, 19, 4, 26, 21, 5, 13, 12, 27, 11, 20]}, {"capacity": 277, "impossibleCargos": [1, 4, 6, 7, 8, 9, 10, 12, 14], "neighbors": [13, 21, 29, 5, 4, 28, 15, 24, 8, 12, 19, 9, 3, 1, 25, 6, 27, 7, 0, 14, 26, 11, 31, 23, 32, 34, 22]}, {"capacity": 249, "impossibleCargos": [0, 2, 4, 5, 6, 9, 11, 12], "neighbors": [29, 15, 19, 32, 30, 16, 8, 31, 1, 24, 14, 23, 5, 25, 7, 17, 28, 3, 20, 4, 6, 10, 34, 26, 9, 12]}, {"capacity": 247, "impossibleCargos": [1, 3, 5, 6, 10, 11, 12], "neighbors": [2, 0, 5, 8, 16, 26, 25, 1, 18, 13, 22, 29, 10, 3, 21, 20, 14, 32, 24, 27, 31, 7, 15, 34, 33, 23, 4, 9, 11]}, {"capacity": 275, "impossibleCargos": [1, 2, 3, 4, 5, 14], "neighbors": [25, 10, 22, 19, 1, 32, 15, 3, 21, 17, 4, 26, 31, 20, 12, 18, 8, 29, 5, 7, 6, 16, 0, 33, 9, 2]}, {"capacity": 203, "impossibleCargos": [0, 1, 2, 3, 8, 13], "neighbors": [3, 33, 9, 19, 25, 0, 22, 11, 31, 30, 34, 5, 12, 1, 7, 15, 4, 24, 16, 20, 26, 21, 2, 10, 23, 8]}, {"capacity": 286, "impossibleCargos": [0, 1, 3, 5, 8, 9, 13], "neighbors": [11, 13, 26, 6, 32, 31, 34, 10, 18, 17, 21, 22, 19, 5, 33, 16, 4, 20, 14, 3, 1, 28, 24, 12, 2, 27, 8, 30]}, {"capacity": 258, "impossibleCargos": [0, 5, 11, 13], "neighbors": [24, 9, 18, 8, 23, 12, 21, 11, 0, 30, 20, 7, 32, 29, 2, 17, 15, 4, 14, 6, 13, 26, 28, 3, 34]}, {"capacity": 300, "impossibleCargos": [1, 3, 6, 7, 9, 12], "neighbors": [2, 29, 5, 31, 19, 21, 13, 15, 30, 22, 6, 16, 34, 27, 1, 8, 0, 33, 11, 20, 24, 23, 25, 18, 3]}, {"capacity": 241, "impossibleCargos": [2, 3, 5, 7, 9, 11], "neighbors": [16, 0, 8, 19, 23, 24, 25, 15, 12, 3, 27, 21, 9, 13, 5, 34, 6, 7, 29, 28, 26, 1, 2, 17]}, {"capacity": 209, "impossibleCargos": [0, 1, 4, 8, 10, 11, 12, 13], "neighbors": [23, 13, 34, 11, 26, 14, 18, 33, 5, 17, 27, 1, 28, 31, 15, 10, 20, 29, 25, 7, 22, 8, 9, 0, 32, 4]}, {"capacity": 280, "impossibleCargos": [0, 2, 3, 8, 12, 13], "neighbors": [26, 27, 21, 28, 16, 13, 4, 29, 6, 7, 19, 34, 30, 32, 12, 24, 15, 22, 11, 17, 33, 14, 3, 31, 8, 9]}, {"capacity": 213, "impossibleCargos": [0, 1, 2, 3, 6, 9, 11, 13, 14], "neighbors": [10, 24, 3, 23, 16, 31, 27, 2, 17, 13, 22, 20, 6, 34, 15, 30, 18, 28, 1, 12, 0, 26, 14, 9, 4, 32]}, {"capacity": 268, "impossibleCargos": [0, 1, 2, 5, 6, 8, 12], "neighbors": [13, 0, 27, 1, 14, 21, 32, 29, 26, 12, 17, 15, 6, 8, 31, 20, 19, 7, 5, 28, 30, 2, 23, 10]}, {"capacity": 282, "impossibleCargos": [0, 1, 2, 4, 6, 8, 10], "neighbors": [19, 34, 1, 21, 16, 18, 7, 28, 11, 8, 24, 26, 0, 29, 3, 17, 14, 6, 5, 10, 12, 33, 22]}, {"capacity": 221, "impossibleCargos": [1, 4, 6, 8, 9, 10, 11], "neighbors": [9, 16, 25, 21, 28, 7, 4, 2, 11, 18, 10, 30, 27, 6, 1, 20, 12, 23, 14, 5, 31, 17, 15, 8]}, {"capacity": 222, "impossibleCargos": [0, 2, 9, 12, 13], "neighbors": [13, 24, 7, 2, 14, 18, 12, 33, 26, 11, 8, 4, 19, 30, 10, 0, 5, 31, 3, 27, 17, 34]}, {"capacity": 264, "impossibleCargos": [0, 5, 11, 12], "neighbors": [20, 8, 30, 19, 1, 15, 6, 12, 34, 4, 13, 27, 25, 22, 0, 2, 23, 14, 21, 9, 33, 3, 10, 28, 7, 16, 11, 18]}, {"capacity": 272, "impossibleCargos": [4, 5, 7, 8, 9, 11, 12], "neighbors": [3, 22, 0, 21, 20, 19, 32, 26, 34, 24, 18, 17, 12, 10, 31, 5, 33, 8, 30, 6, 28, 25, 15, 9]}, {"capacity": 264, "impossibleCargos": [5, 9, 10, 11], "neighbors": [34, 24, 6, 29, 33, 10, 23, 20, 32, 3, 19, 21, 1, 31, 0, 11, 18, 27, 15, 22, 26, 16]}, {"capacity": 269, "impossibleCargos": [0, 1, 5, 8, 10, 12], "neighbors": [11, 10, 30, 33, 17, 28, 2, 7, 3, 22, 9, 20, 16, 12, 13, 19, 0, 23, 18, 6, 34]}, {"capacity": 274, "impossibleCargos": [3, 4, 5, 8, 9, 11, 12, 14], "neighbors": [2, 26, 7, 29, 11, 31, 9, 16, 3, 24, 17, 1, 5, 21, 14, 4, 8, 0, 20, 6, 34, 25, 27, 22, 33, 32, 15]}, {"capacity": 208, "impossibleCargos": [4, 5, 7, 8, 10, 12, 13], "neighbors": [32, 33, 8, 30, 21, 15, 11, 2, 6, 17, 14, 13, 3, 19, 5, 34, 28, 22, 0, 12, 27, 24, 7, 20, 25, 1, 10, 4]}, {"capacity": 287, "impossibleCargos": [0, 1, 3, 6, 7, 9, 10, 12], "neighbors": [31, 3, 9, 13, 11, 15, 7, 2, 34, 8, 27, 0, 22, 28, 16, 20, 12, 6, 19, 1, 4, 10, 30, 21, 33]}, {"capacity": 259, "impossibleCargos": [2, 3, 4, 7, 8, 12], "neighbors": [1, 31, 14, 29, 28, 7, 19, 8, 5, 25, 6, 15, 17, 20, 3, 27, 0, 26, 12, 30, 34, 13, 23, 32]}, {"capacity": 251, "impossibleCargos": [0, 5, 6, 7, 8, 9, 11, 13, 14], "neighbors": [28, 23, 19, 9, 8, 26, 15, 32, 3, 21, 27, 14, 20, 1, 17, 5, 31, 4, 7, 18, 30, 12, 11, 2, 33, 25, 10, 16, 29]}]}