{"volumes": [256, 508, 151, 515, 703, 647, 510, 351, 169, 385, 385, 177, 981, 462, 163], "conflicts": [[2, 8]], "tanks": [{"capacity": 235, "impossibleCargos": [0, 1, 4, 6, 8, 9, 10, 11, 12, 13, 14], "neighbors": [18, 31, 23, 32, 25, 14, 17, 5, 15, 6, 24, 8, 12, 19, 22, 27, 21, 16, 28, 13, 10, 26, 2, 1, 20, 29]}, {"capacity": 275, "impossibleCargos": [1, 2, 4, 7, 9, 10, 11, 13, 14], "neighbors": [5, 23, 31, 3, 27, 9, 22, 6, 34, 7, 8, 25, 18, 10, 19, 14, 11, 0, 30, 33, 21, 32, 20, 26, 4, 29]}, {"capacity": 221, "impossibleCargos": [2, 3, 4, 5, 7, 9, 11, 14], "neighbors": [27, 26, 17, 4, 19, 23, 12, 21, 10, 11, 7, 28, 13, 18, 0, 15, 3, 25, 20, 33, 30, 16, 22]}, {"capacity": 228, "impossibleCargos": [0, 1, 4, 5, 7, 8, 9, 10, 11, 12, 13, 14], "neighbors": [5, 1, 27, 6, 30, 15, 21, 18, 28, 4, 22, 17, 24, 11, 19, 33, 20, 32, 25, 8, 16, 2, 14, 26, 34, 10, 23, 13]}, {"capacity": 227, "impossibleCargos": [1, 2, 3, 4, 5, 6, 7, 8, 9, 10, 11, 12], "neighbors": [33, 24, 25, 2, 11, 20, 8, 15, 17, 19, 32, 3, 18, 6, 9, 26, 31, 27, 21, 14, 34, 5, 1]}, {"capacity": 256, "impossibleCargos": [0, 1, 2, 3, 4, 5, 6, 8, 11, 12, 13], "neighbors": [1, 3, 28, 27, 26, 30, 12, 22, 21, 0, 15, 19, 24, 23, 10, 9, 25, 7, 34, 29, 16, 11, 13, 31, 4, 17]}, {"capacity": 222, "impossibleCargos": [2, 3, 4, 5, 6, 7, 9, 10, 11, 14], "neighbors": [16, 14, 31, 28, 3, 1, 30, 17, 7, 26, 18, 34, 8, 29, 33, 0, 32, 9, 4, 19, 15, 22, 11, 23, 21, 25, 13, 20, 10]}, {"capacity": 255, "impossibleCargos": [1, 2, 3, 4, 6, 7, 8, 9, 11, 13, 14], "neighbors": [25, 20, 24, 28, 6, 1, 29, 8, 9, 32, 30, 10, 5, 2, 21, 31, 12, 14, 23, 17, 19, 18, 27]}, {"capacity": 297, "impossibleCargos": [1, 2, 3, 5, 6, 7, 11, 12, 13, 14], "neighbors": [26, 17, 24, 21, 23, 4, 32, 15, 6, 18, 7, 1, 20, 16, 10, 0, 12, 31, 29, 30, 3, 28, 25, 11]}, {"capacity": 255, "impossibleCargos": [0, 2, 4, 5, 6, 7, 8, 9, 11, 14], "neighbors": [30, 1, 33, 24, 7, 6, 26, 5, 21, 29, 4, 15, 28, 25, 16, 31, 23, 32, 10, 17, 27, 18, 20, 14, 19]}, {"capacity": 211, "impossibleCargos": [0, 1, 2, 3, 7, 8, 10, 11, 13, 14], "neighbors": [30, 27, 26, 13, 25, 5, 8, 2, 14, 21, 1, 11, 7, 29, 12, 28, 0, 24, 23, 9, 19, 34, 3, 6, 32, 16, 15, 18]}, {"capacity": 221, "impossibleCargos": [1, 3, 4, 6, 7, 8, 9, 11, 13], "neighbors": [28, 14, 12, 29, 16, 4, 21, 31, 20, 27, 13, 34, 18, 10, 3, 2, 25, 30, 33, 6, 5, 15, 1, 17, 23, 8]}, {"capacity": 271, "impossibleCargos": [1, 2, 3, 4, 6, 7, 8, 9, 10, 11, 12], "neighbors": [24, 11, 17, 5, 26, 32, 2, 31, 18, 8, 0, 20, 28, 10, 34, 7, 13, 30, 19, 14, 22]}, {"capacity": 282, "impossibleCargos": [1, 3, 4, 5, 6, 7, 8, 9, 11, 14], "neighbors": [23, 15, 10, 18, 24, 22, 33, 11, 25, 0, 34, 29, 2, 5, 20, 12, 6, 28, 32, 21, 30, 3, 31]}, {"capacity": 261, "impossibleCargos": [1, 2, 3, 6, 7, 8, 10, 11, 12, 13], "neighbors": [6, 11, 24, 0, 30, 29, 16, 27, 17, 10, 28, 4, 19, 33, 1, 34, 7, 25, 3, 31, 12, 22, 9]}, {"capacity": 271, "impossibleCargos": [2, 4, 5, 6, 7, 8, 9, 10, 12, 13, 14], "neighbors": [13, 24, 23, 3, 18, 5, 4, 8, 0, 30, 25, 33, 16, 26, 6, 9, 29, 22, 11, 2, 20, 31, 34, 28, 27, 32, 19, 10]}, {"capacity": 282, "impossibleCargos": [0, 6, 7, 8, 9, 10, 11, 13, 14], "neighbors": [6, 24, 11, 34, 14, 8, 28, 15, 31, 0, 9, 5, 19, 20, 29, 17, 3, 27, 21, 23, 32, 25, 2, 10]}, {"capacity": 256, "impossibleCargos": [2, 3, 6, 8, 9, 10, 12, 13, 14], "neighbors": [8, 25, 29, 31, 12, 2, 24, 0, 20, 6, 34, 27, 4, 32, 14, 3, 28, 33, 18, 26, 9, 11, 16, 19, 5, 21, 7, 23]}, {"capacity": 231, "impossibleCargos": [1, 2, 3, 4, 5, 6, 8, 10, 11, 13], "neighbors": [0, 34, 31, 25, 29, 27, 26, 13, 15, 6, 12, 22, 8, 3, 4, 1, 11, 23, 30, 33, 17, 2, 28, 9, 24, 7, 32, 21, 10]}, {"capacity": 248, "impossibleCargos": [1, 2, 3, 4, 7, 9, 11, 14], "neighbors": [21, 2, 24, 34, 30, 5, 22, 4, 28, 0, 6, 20, 25, 3, 14, 31, 16, 23, 1, 10, 33, 17, 12, 29, 7, 15, 9]}, {"capacity": 223, "impossibleCargos": [0, 1, 2, 3, 5, 6, 7, 9, 10, 11], "neighbors": [7, 4, 29, 26, 27, 25, 17, 22, 32, 8, 30, 11, 12, 19, 34, 31, 24, 16, 21, 3, 33, 28, 13, 23, 15, 2, 6, 9, 1, 0]}, {"capacity": 299, "impossibleCargos": [0, 2, 4, 6, 7, 8, 9, 12, 13, 14], "neighbors": [19, 34, 30, 8, 31, 24, 25, 29, 5, 11, 2, 3, 33, 9, 32, 10, 0, 4, 7, 23, 20, 1, 6, 16, 17, 22, 13, 18]}, {"capacity": 236, "impossibleCargos": [0, 2, 3, 4, 5, 7, 11, 12], "neighbors": [25, 1, 5, 32, 30, 18, 29, 19, 20, 13, 3, 0, 6, 15, 23, 26, 12, 21, 14, 2]}, {"capacity": 282, "impossibleCargos": [0, 1, 2, 3, 4, 6, 7, 8, 11, 13, 14], "neighbors": [1, 26, 33, 13, 25, 0, 24, 15, 2, 8, 30, 5, 34, 18, 28, 32, 21, 9, 19, 31, 10, 29, 6, 22, 20, 11, 7, 16, 3, 17]}, {"capacity": 210, "impossibleCargos": [0, 1, 2, 3, 4, 6, 7, 8, 9, 11, 14], "neighbors": [27, 12, 4, 31, 8, 16, 15, 23, 34, 21, 14, 17, 19, 7, 13, 9, 5, 0, 28, 3, 29, 10, 20, 32, 25, 18, 30]}, {"capacity": 289, "impossibleCargos": [0, 1, 2, 3, 5, 6, 8, 9, 10, 11, 12, 13, 14], "neighbors": [17, 22, 7, 26, 23, 18, 30, 4, 0, 21, 28, 10, 20, 15, 1, 5, 13, 11, 19, 9, 3, 24, 27, 14, 2, 8, 6, 16, 32]}, {"capacity": 219, "impossibleCargos": [0, 1, 3, 4, 5, 7, 8, 9, 10, 11, 12, 13, 14], "neighbors": [8, 23, 25, 2, 5, 10, 12, 33, 32, 20, 18, 6, 9, 29, 30, 4, 15, 17, 0, 22, 3, 1, 34]}, {"capacity": 292, "impossibleCargos": [0, 1, 2, 3, 5, 11], "neighbors": [24, 2, 1, 10, 5, 18, 3, 20, 28, 17, 31, 33, 11, 14, 30, 4, 0, 32, 9, 25, 29, 16, 15, 7]}, {"capacity": 229, "impossibleCargos": [0, 1, 2, 3, 4, 5, 6, 7, 8, 11, 12, 13, 14], "neighbors": [11, 5, 32, 6, 25, 27, 7, 19, 29, 3, 24, 16, 23, 14, 17, 12, 9, 10, 30, 2, 0, 18, 20, 8, 31, 15, 13]}, {"capacity": 291, "impossibleCargos": [0, 4, 7, 8, 10, 11], "neighbors": [34, 17, 33, 11, 18, 20, 21, 7, 22, 14, 6, 30, 28, 26, 9, 24, 5, 10, 8, 15, 13, 23, 16, 27, 19, 1, 0]}, {"capacity": 241, "impossibleCargos": [1, 3, 5, 6, 7, 9, 10, 14], "neighbors": [9, 31, 10, 21, 25, 5, 22, 3, 6, 14, 19, 23, 15, 20, 29, 7, 26, 27, 18, 28, 11, 8, 1, 12, 2, 24, 13]}, {"capacity": 248, "impossibleCargos": [0, 1, 3, 6, 7, 8, 9, 10, 11, 13, 14], "neighbors": [24, 1, 30, 17, 0, 18, 6, 21, 12, 27, 11, 8, 4, 16, 20, 7, 19, 9, 23, 5, 28, 15, 14, 13]}, {"capacity": 254, "impossibleCargos": [2, 4, 6, 8, 11, 12, 13, 14], "neighbors": [0, 28, 22, 26, 12, 8, 7, 6, 17, 20, 4, 21, 27, 23, 9, 24, 3, 1, 16, 10, 13, 15, 18, 25]}, {"capacity": 210, "impossibleCargos": [0, 1, 2, 5, 7, 9, 11, 12, 14], "neighbors": [4, 23, 29, 26, 9, 6, 21, 13, 27, 15, 18, 17, 14, 11, 3, 20, 19, 1, 2, 34]}, {"capacity": 232, "impossibleCargos": [0, 2, 4, 6, 7, 8, 9, 11, 12, 13, 14], "neighbors": [29, 18, 21, 24, 19, 17, 1, 6, 16, 23, 11, 20, 5, 13, 12, 14, 4, 10, 3, 15, 33, 26]}]}