{"volumes": [345, 674, 356, 254, 249, 541, 507, 361, 457, 518, 517, 382, 647, 153, 390], "conflicts": [[3, 4], [4, 13]], "tanks": [{"capacity": 250, "impossibleCargos": [0, 1, 3, 4, 6, 8, 9, 10, 11, 13], "neighbors": [4, 30, 9, 32, 25, 10, 18, 17, 27, 31, 2, 23, 8, 26, 14, 34, 16, 7, 24, 15, 1, 6, 28, 29, 3, 19, 20]}, {"capacity": 243, "impossibleCargos": [0, 1, 4, 5, 7, 8, 9, 10, 11, 12, 13], "neighbors": [13, 31, 10, 11, 30, 27, 22, 4, 5, 16, 33, 29, 14, 18, 34, 0, 7, 24, 28, 17, 21, 2, 8, 6, 25, 9]}, {"capacity": 234, "impossibleCargos": [3, 4, 5, 6, 9, 10, 11, 12], "neighbors": [16, 22, 6, 15, 27, 0, 18, 4, 11, 32, 13, 14, 33, 24, 29, 21, 8, 3, 9, 23, 10, 1, 34]}, {"capacity": 219, "impossibleCargos": [0, 1, 2, 6, 8, 10, 12, 13, 14], "neighbors": [16, 28, 20, 19, 26, 33, 11, 31, 8, 15, 2, 24, 17, 9, 10, 22, 4, 6, 21, 14, 29, 0, 7]}, {"capacity": 227, "impossibleCargos": [0, 2, 3, 4, 6, 7, 8, 9, 10, 13, 14], "neighbors": [0, 24, 13, 14, 12, 21, 2, 11, 22, 17, 5, 32, 8, 1, 10, 25, 29, 30, 33, 34, 31, 26, 23, 3, 9, 27, 19, 18, 20]}, {"capacity": 263, "impossibleCargos": [0, 4, 6, 7, 8, 9, 10, 12, 13, 14], "neighbors": [30, 13, 32, 18, 9, 8, 31, 21, 24, 4, 34, 1, 27, 26, 11, 16, 7, 28, 23, 22]}, {"capacity": 234, "impossibleCargos": [1, 3, 4, 5, 7, 8, 9, 12, 14], "neighbors": [9, 2, 15, 11, 8, 33, 31, 7, 16, 28, 30, 20, 13, 10, 25, 14, 29, 18, 19, 12, 21, 0, 3, 27, 1, 32]}, {"capacity": 291, "impossibleCargos": [1, 2, 6, 7, 8, 10, 11, 12], "neighbors": [18, 23, 34, 22, 20, 6, 11, 12, 14, 10, 13, 0, 26, 31, 32, 17, 16, 25, 19, 1, 33, 5, 27, 3, 8]}, {"capacity": 205, "impossibleCargos": [0, 1, 2, 3, 6, 11, 13, 14], "neighbors": [28, 16, 9, 11, 32, 6, 20, 14, 29, 30, 23, 5, 0, 26, 3, 24, 4, 15, 2, 33, 13, 19, 34, 21, 18, 1, 7, 17]}, {"capacity": 226, "impossibleCargos": [0, 1, 2, 6, 7, 8, 9, 10, 11, 12, 13, 14], "neighbors": [0, 8, 6, 31, 33, 5, 22, 32, 14, 13, 15, 21, 27, 2, 24, 16, 29, 3, 30, 4, 34, 1]}, {"capacity": 277, "impossibleCargos": [0, 1, 2, 3, 4, 5, 6, 7, 8, 9, 11, 13], "neighbors": [0, 1, 13, 20, 11, 23, 7, 6, 15, 4, 29, 16, 33, 26, 3, 30, 2, 12, 18, 19, 17]}, {"capacity": 207, "impossibleCargos": [1, 3, 4, 7, 8, 9, 11, 12, 13, 14], "neighbors": [27, 8, 6, 32, 22, 17, 2, 7, 23, 4, 3, 14, 24, 10, 1, 28, 30, 25, 31, 20, 26, 15, 5, 13, 18]}, {"capacity": 239, "impossibleCargos": [0, 1, 3, 4, 6, 7, 8, 9, 11, 12, 13, 14], "neighbors": [20, 31, 21, 27, 15, 4, 16, 17, 7, 22, 26, 19, 29, 32, 33, 6, 14, 28, 30, 10, 23, 18]}, {"capacity": 215, "impossibleCargos": [0, 2, 3, 6, 8, 10, 11, 12, 13, 14], "neighbors": [4, 27, 5, 1, 30, 32, 15, 10, 20, 2, 33, 22, 9, 17, 24, 6, 25, 18, 7, 19, 8, 14, 11, 28, 34, 16]}, {"capacity": 270, "impossibleCargos": [0, 1, 3, 4, 6, 8, 10, 11, 12, 13, 14], "neighbors": [32, 4, 8, 26, 29, 31, 34, 11, 15, 2, 9, 0, 7, 25, 18, 6, 1, 33, 20, 28, 19, 13, 12, 21, 23, 30, 3, 27]}, {"capacity": 218, "impossibleCargos": [1, 2, 3, 4, 7, 8, 10, 11, 12, 13, 14], "neighbors": [22, 6, 2, 23, 27, 28, 30, 12, 13, 14, 9, 8, 21, 3, 10, 34, 0, 32, 31, 11, 18, 16, 26, 24, 25]}, {"capacity": 281, "impossibleCargos": [1, 2, 3, 4, 6, 8, 11, 13], "neighbors": [8, 2, 3, 21, 22, 30, 6, 12, 27, 0, 26, 34, 1, 7, 24, 10, 9, 32, 17, 15, 20, 5, 13]}, {"capacity": 261, "impossibleCargos": [0, 1, 2, 6, 8, 9, 10, 11, 12, 13, 14], "neighbors": [32, 26, 24, 19, 11, 0, 33, 12, 4, 22, 13, 28, 20, 3, 30, 25, 7, 23, 31, 16, 27, 18, 29, 1, 8, 10]}, {"capacity": 265, "impossibleCargos": [0, 1, 3, 4, 6, 8, 9, 10, 11, 12, 13, 14], "neighbors": [34, 7, 0, 26, 2, 5, 21, 13, 14, 20, 25, 24, 19, 28, 27, 22, 15, 1, 29, 6, 32, 17, 11, 10, 8, 31, 12, 4]}, {"capacity": 240, "impossibleCargos": [0, 2, 4, 5, 6, 7, 9, 10, 11, 12, 13, 14], "neighbors": [28, 17, 23, 32, 3, 33, 34, 13, 31, 12, 25, 18, 29, 24, 30, 26, 7, 14, 6, 27, 22, 8, 4, 10, 0]}, {"capacity": 214, "impossibleCargos": [0, 4, 6, 7, 9, 10, 13, 14], "neighbors": [31, 12, 29, 24, 30, 21, 8, 27, 22, 7, 3, 13, 10, 6, 34, 18, 17, 11, 23, 26, 14, 25, 32, 16, 4, 0]}, {"capacity": 235, "impossibleCargos": [0, 1, 2, 5, 6, 9, 10, 11, 13, 14], "neighbors": [20, 16, 12, 31, 34, 25, 4, 18, 29, 26, 27, 5, 2, 15, 9, 24, 32, 22, 6, 14, 28, 8, 3, 1, 30, 23]}, {"capacity": 213, "impossibleCargos": [0, 1, 3, 4, 6, 7, 8, 9, 10, 11, 12, 13], "neighbors": [15, 2, 24, 16, 20, 34, 11, 7, 31, 33, 9, 4, 13, 17, 29, 23, 12, 1, 18, 21, 3, 19, 27, 5, 32]}, {"capacity": 278, "impossibleCargos": [0, 1, 2, 4, 6, 8, 9, 11, 12, 13, 14], "neighbors": [27, 24, 15, 7, 29, 8, 19, 0, 11, 28, 31, 10, 25, 22, 2, 17, 20, 33, 26, 4, 14, 12, 30, 32, 5, 21]}, {"capacity": 251, "impossibleCargos": [1, 3, 4, 5, 6, 7, 8, 11, 12], "neighbors": [23, 4, 20, 22, 27, 17, 11, 2, 8, 13, 5, 26, 31, 0, 3, 9, 21, 18, 19, 16, 25, 34, 1, 33, 15, 30, 28]}, {"capacity": 252, "impossibleCargos": [1, 2, 3, 5, 6, 7, 8, 9, 11, 12, 13, 14], "neighbors": [0, 33, 21, 30, 23, 29, 14, 13, 34, 31, 27, 6, 11, 4, 18, 19, 17, 26, 7, 24, 20, 32, 15, 1]}, {"capacity": 234, "impossibleCargos": [3, 4, 5, 7, 8, 9, 10, 11, 12, 14], "neighbors": [30, 17, 29, 14, 18, 3, 28, 21, 31, 8, 0, 24, 16, 12, 7, 25, 11, 32, 33, 23, 20, 19, 27, 10, 5, 4, 15]}, {"capacity": 260, "impossibleCargos": [0, 2, 3, 4, 5, 6, 7, 8, 9, 10, 12, 13, 14], "neighbors": [31, 23, 11, 13, 28, 15, 24, 12, 20, 0, 2, 30, 16, 21, 1, 25, 9, 33, 5, 18, 26, 19, 17, 32, 6, 22, 29, 7, 4, 14]}, {"capacity": 206, "impossibleCargos": [1, 2, 3, 4, 5, 6, 8, 10, 11, 12, 13], "neighbors": [8, 19, 27, 29, 3, 32, 15, 31, 6, 23, 26, 11, 17, 30, 18, 14, 12, 34, 21, 0, 13, 1, 5, 24]}, {"capacity": 261, "impossibleCargos": [0, 1, 2, 3, 4, 5, 6, 7, 9, 10, 12, 14], "neighbors": [30, 20, 26, 23, 28, 8, 14, 21, 2, 22, 25, 32, 4, 1, 12, 19, 10, 33, 18, 9, 6, 0, 17, 27, 3, 31]}, {"capacity": 278, "impossibleCargos": [0, 1, 2, 3, 4, 5, 6, 7, 9, 10, 11, 12, 13, 14], "neighbors": [29, 0, 26, 5, 20, 8, 16, 13, 15, 27, 25, 6, 34, 1, 11, 28, 17, 4, 19, 10, 12, 9, 14, 23, 24, 31, 21]}, {"capacity": 278, "impossibleCargos": [0, 2, 3, 4, 5, 6, 7, 10, 12, 13], "neighbors": [27, 20, 12, 9, 6, 21, 22, 28, 0, 14, 1, 5, 23, 3, 26, 25, 24, 19, 11, 7, 33, 15, 17, 4, 32, 34, 18, 30, 29]}, {"capacity": 271, "impossibleCargos": [1, 2, 4, 5, 7, 8, 9, 10, 11, 12, 13, 14], "neighbors": [0, 17, 8, 14, 5, 28, 11, 13, 19, 9, 2, 29, 4, 21, 7, 26, 15, 33, 12, 16, 18, 31, 27, 20, 34, 25, 6, 23, 22]}, {"capacity": 232, "impossibleCargos": [1, 2, 3, 4, 5, 6, 8, 9, 13, 14], "neighbors": [6, 25, 9, 22, 3, 19, 17, 13, 2, 34, 8, 1, 27, 23, 31, 26, 14, 32, 4, 10, 12, 29, 7, 24]}, {"capacity": 255, "impossibleCargos": [0, 2, 3, 5, 6, 8, 9, 10, 11, 13, 14], "neighbors": [18, 7, 22, 21, 14, 19, 30, 0, 20, 25, 5, 33, 16, 15, 4, 1, 24, 28, 8, 13, 31, 32, 2, 9]}]}