{"volumes": [505, 764, 310, 326, 203, 379, 249, 198, 908, 0, 781, 331, 568, 535, 239], "conflicts": [[1, 9], [2, 9], [3, 9], [4, 9], [5, 9], [6, 9], [7, 9], [8, 9], [9, 10], [9, 11], [9, 12], [9, 13], [9, 14]], "tanks": [{"capacity": 258, "impossibleCargos": [1, 2, 3, 4, 5, 6, 7, 8, 10, 11, 12, 13], "neighbors": [18, 4, 33, 13, 25, 7, 8, 28, 6, 19, 23, 11, 2, 14, 16, 20, 9, 12, 22, 34, 26, 29, 31, 3, 24]}, {"capacity": 294, "impossibleCargos": [0, 2, 3, 4, 5, 6, 7, 8, 9, 10, 11, 13, 14], "neighbors": [2, 32, 30, 18, 22, 20, 29, 27, 24, 8, 4, 7, 5, 17, 23, 26, 16, 25, 15, 13, 34, 19, 3, 28, 14, 21]}, {"capacity": 255, "impossibleCargos": [0, 1, 3, 4, 5, 7, 8, 9, 11, 13, 14], "neighbors": [32, 1, 22, 8, 28, 20, 9, 12, 0, 7, 19, 17, 15, 13, 14, 34, 33, 11, 24, 25, 4, 6, 23, 10, 3]}, {"capacity": 281, "impossibleCargos": [1, 2, 4, 5, 7, 8, 9, 10, 11, 12, 13, 14], "neighbors": [31, 9, 18, 28, 24, 11, 22, 30, 23, 26, 15, 19, 17, 8, 32, 21, 10, 29, 6, 25, 14, 4, 1, 12, 0, 5, 2]}, {"capacity": 246, "impossibleCargos": [0, 3, 4, 6, 8, 9, 10, 11, 13, 14], "neighbors": [16, 12, 0, 10, 25, 23, 34, 20, 22, 19, 21, 8, 28, 1, 15, 13, 26, 7, 32, 6, 3, 18, 5, 30, 2, 24]}, {"capacity": 289, "impossibleCargos": [0, 2, 3, 4, 5, 8, 9, 12, 13, 14], "neighbors": [17, 11, 34, 12, 27, 15, 28, 26, 6, 18, 9, 1, 32, 29, 21, 16, 14, 19, 33, 25, 23, 4, 31, 22, 3, 8, 30]}, {"capacity": 247, "impossibleCargos": [2, 4, 5, 6, 7, 8, 9, 10, 11, 13, 14], "neighbors": [17, 22, 32, 29, 24, 11, 14, 10, 13, 0, 12, 28, 5, 21, 9, 15, 25, 3, 4, 20, 23, 30, 31, 18, 33, 34, 16, 27, 2, 8]}, {"capacity": 286, "impossibleCargos": [0, 2, 3, 5, 6, 7, 8, 9, 10, 11], "neighbors": [13, 23, 22, 32, 14, 0, 25, 17, 29, 15, 1, 2, 21, 9, 4, 24, 34, 12, 10, 30, 19]}, {"capacity": 280, "impossibleCargos": [0, 1, 2, 3, 4, 5, 7, 9, 10, 11, 12, 13, 14], "neighbors": [24, 15, 2, 17, 12, 10, 0, 4, 3, 31, 1, 33, 32, 23, 19, 27, 28, 22, 20, 9, 30, 34, 11, 26, 21, 6, 13, 5]}, {"capacity": 237, "impossibleCargos": [0, 2, 3, 5, 6, 7, 8, 9, 10, 11, 12, 13], "neighbors": [18, 3, 28, 10, 2, 21, 6, 19, 5, 8, 7, 24, 0, 12, 20, 26, 27, 11, 34, 23, 22, 16, 31, 15]}, {"capacity": 264, "impossibleCargos": [0, 1, 2, 3, 4, 5, 6, 7, 9, 10, 11, 12, 13, 14], "neighbors": [15, 22, 27, 4, 9, 29, 6, 18, 28, 16, 8, 11, 21, 3, 14, 26, 30, 7, 32, 24, 20, 34, 31, 17, 23, 33, 2]}, {"capacity": 250, "impossibleCargos": [0, 1, 3, 4, 5, 8, 9, 13, 14], "neighbors": [5, 3, 18, 28, 6, 33, 25, 15, 20, 22, 19, 14, 10, 0, 30, 17, 29, 13, 8, 9, 2, 16, 12, 32, 23, 21, 34, 27]}, {"capacity": 224, "impossibleCargos": [0, 3, 4, 5, 6, 7, 8, 9, 10, 13, 14], "neighbors": [31, 4, 19, 22, 20, 5, 14, 8, 2, 33, 6, 17, 15, 7, 9, 21, 0, 13, 11, 23, 25, 3, 32]}, {"capacity": 208, "impossibleCargos": [0, 1, 2, 3, 5, 7, 10, 11, 13, 14], "neighbors": [25, 7, 17, 0, 26, 27, 6, 21, 29, 14, 4, 30, 22, 20, 2, 19, 32, 11, 1, 12, 33, 24, 34, 8]}, {"capacity": 200, "impossibleCargos": [0, 1, 2, 3, 4, 6, 7, 8, 9, 10, 11, 14], "neighbors": [31, 32, 27, 7, 12, 6, 25, 11, 22, 20, 13, 0, 15, 18, 10, 33, 30, 2, 23, 34, 5, 3, 17, 16, 26, 1, 29, 21]}, {"capacity": 254, "impossibleCargos": [0, 1, 2, 4, 6, 9, 10, 11, 12, 14], "neighbors": [10, 22, 20, 8, 30, 33, 24, 11, 5, 18, 3, 7, 26, 34, 31, 4, 14, 6, 12, 2, 1, 19, 17, 16, 29, 32, 27, 23, 9]}, {"capacity": 287, "impossibleCargos": [0, 1, 2, 9, 10, 12, 14], "neighbors": [4, 17, 22, 32, 23, 10, 27, 25, 0, 28, 1, 21, 5, 15, 18, 33, 11, 24, 14, 9, 6]}, {"capacity": 257, "impossibleCargos": [5, 7, 9, 10, 11, 12, 13, 14], "neighbors": [23, 6, 16, 31, 13, 26, 5, 8, 7, 34, 27, 32, 18, 3, 24, 12, 11, 22, 1, 28, 2, 33, 15, 20, 29, 14, 10]}, {"capacity": 258, "impossibleCargos": [0, 2, 3, 6, 7, 8, 10, 11, 14], "neighbors": [9, 3, 0, 1, 11, 22, 15, 10, 23, 17, 5, 34, 14, 19, 29, 31, 20, 28, 26, 16, 6, 27, 4, 32, 21]}, {"capacity": 217, "impossibleCargos": [0, 1, 3, 5, 6, 8, 10, 13, 14], "neighbors": [32, 12, 21, 30, 20, 4, 27, 3, 11, 26, 0, 9, 8, 18, 24, 2, 13, 15, 25, 28, 5, 22, 7, 23, 1, 34, 29]}, {"capacity": 203, "impossibleCargos": [0, 1, 3, 7, 8, 9, 10, 11, 14], "neighbors": [15, 33, 28, 31, 12, 30, 19, 1, 4, 2, 11, 26, 24, 14, 21, 8, 0, 13, 9, 32, 6, 10, 18, 17, 34, 23, 27]}, {"capacity": 243, "impossibleCargos": [0, 2, 3, 5, 6, 7, 8, 9, 10, 11, 12, 13, 14], "neighbors": [23, 19, 32, 4, 13, 31, 9, 27, 10, 6, 3, 20, 7, 16, 25, 12, 5, 34, 8, 11, 28, 14, 18, 1]}, {"capacity": 208, "impossibleCargos": [0, 2, 3, 6, 8, 9, 11, 12, 13], "neighbors": [15, 2, 6, 10, 16, 7, 12, 3, 1, 26, 23, 18, 11, 4, 34, 27, 14, 17, 8, 24, 13, 28, 0, 9, 19, 30, 33, 5]}, {"capacity": 258, "impossibleCargos": [2, 3, 4, 5, 7, 9, 10, 11, 12], "neighbors": [17, 21, 7, 4, 22, 16, 31, 3, 18, 0, 34, 8, 1, 24, 14, 6, 32, 9, 19, 12, 25, 11, 20, 5, 10, 15, 2]}, {"capacity": 272, "impossibleCargos": [0, 1, 2, 4, 5, 6, 7, 8, 9, 10, 11, 12, 14], "neighbors": [8, 3, 6, 31, 15, 25, 1, 17, 20, 22, 30, 9, 7, 23, 19, 10, 2, 16, 26, 13, 0, 4]}, {"capacity": 218, "impossibleCargos": [0, 4, 5, 6, 7, 8, 9, 10, 11, 12, 13], "neighbors": [30, 13, 32, 34, 4, 0, 7, 29, 11, 24, 33, 14, 16, 6, 26, 1, 21, 19, 3, 31, 12, 23, 2, 5]}, {"capacity": 290, "impossibleCargos": [1, 2, 3, 4, 7, 8, 11, 12, 14], "neighbors": [17, 13, 29, 22, 5, 34, 3, 19, 20, 15, 33, 4, 1, 10, 25, 27, 9, 8, 18, 0, 24, 14, 30, 28]}, {"capacity": 300, "impossibleCargos": [0, 1, 2, 3, 5, 6, 7, 9, 13, 14], "neighbors": [29, 28, 10, 14, 31, 5, 13, 1, 22, 16, 19, 17, 21, 8, 30, 26, 9, 33, 18, 15, 20, 6, 32, 11]}, {"capacity": 203, "impossibleCargos": [0, 3, 4, 5, 6, 7, 8, 10, 11, 12, 13, 14], "neighbors": [27, 3, 9, 20, 31, 33, 2, 11, 30, 29, 5, 10, 34, 0, 4, 6, 8, 17, 16, 22, 19, 18, 32, 1, 21, 26]}, {"capacity": 273, "impossibleCargos": [0, 1, 2, 3, 4, 5, 6, 7, 8, 9, 12, 14], "neighbors": [27, 33, 6, 26, 25, 10, 1, 28, 7, 13, 11, 3, 18, 5, 34, 17, 15, 0, 30, 14, 19]}, {"capacity": 248, "impossibleCargos": [0, 1, 2, 4, 6, 7, 8, 10, 11, 12, 13], "neighbors": [25, 34, 15, 1, 32, 3, 19, 20, 28, 11, 13, 24, 8, 33, 14, 10, 27, 31, 7, 6, 22, 4, 29, 26, 5]}, {"capacity": 208, "impossibleCargos": [0, 1, 2, 3, 4, 6, 7, 8, 9, 11, 12, 13, 14], "neighbors": [12, 3, 17, 14, 28, 20, 27, 24, 23, 33, 8, 21, 15, 34, 18, 30, 32, 6, 10, 25, 9, 0, 5]}, {"capacity": 263, "impossibleCargos": [0, 1, 3, 4, 5, 6, 7, 9, 11, 13, 14], "neighbors": [2, 25, 19, 1, 6, 14, 30, 7, 16, 34, 21, 33, 17, 8, 3, 4, 5, 13, 10, 20, 23, 31, 11, 15, 18, 28, 27, 12]}, {"capacity": 232, "impossibleCargos": [0, 1, 2, 4, 6, 9, 10, 11, 12, 14], "neighbors": [20, 0, 29, 28, 11, 15, 25, 32, 31, 12, 8, 26, 30, 14, 17, 27, 2, 5, 16, 6, 13, 22, 10]}, {"capacity": 203, "impossibleCargos": [0, 1, 2, 3, 6, 10, 11, 12, 13], "neighbors": [25, 30, 4, 5, 32, 22, 28, 17, 26, 15, 18, 23, 31, 8, 7, 2, 29, 9, 10, 14, 1, 0, 20, 21, 6, 19, 13, 11]}]}