{"volumes": [571, 1969, 3185, 1590, 1005, 1919, 1555, 648, 1751, 1591, 353, 241, 1131, 899, 3227], "conflicts": [[0, 6], [0, 7], [3, 4], [3, 10], [4, 7], [4, 11], [5, 10], [5, 13], [6, 7], [6, 10], [6, 11], [6, 12], [6, 13], [7, 9], [7, 11], [7, 12], [8, 10], [9, 11], [9, 12], [10, 13], [10, 14]], "tanks": [{"capacity": 486, "impossibleCargos": [3, 8], "neighbors": [3, 18, 13, 25, 26, 37, 6, 17, 22, 19, 21, 11, 4]}, {"capacity": 938, "impossibleCargos": [7, 8], "neighbors": [23, 37, 6, 10, 21, 31, 14, 36]}, {"capacity": 761, "impossibleCargos": [5, 7, 12], "neighbors": [35, 30, 38, 25, 14, 3, 20, 17]}, {"capacity": 223, "impossibleCargos": [1, 3, 7, 9], "neighbors": [0, 25, 29, 2, 7, 37]}, {"capacity": 799, "impossibleCargos": [1, 5, 6, 13], "neighbors": [5, 34, 12, 27, 24, 18, 9, 37, 0]}, {"capacity": 779, "impossibleCargos": [1, 6, 7, 10, 12], "neighbors": [4, 32, 27, 35, 20, 33, 30]}, {"capacity": 396, "impossibleCargos": [1, 2, 5, 6, 11, 13], "neighbors": [7, 1, 15, 0, 31, 34, 25, 14]}, {"capacity": 314, "impossibleCargos": [0, 12, 13], "neighbors": [31, 13, 33, 26, 6, 34, 17, 24, 25, 3, 10, 29]}, {"capacity": 229, "impossibleCargos": [9, 14], "neighbors": [23, 22, 37, 35, 29, 32, 17, 39]}, {"capacity": 803, "impossibleCargos": [4, 7], "neighbors": [13, 23, 35, 16, 25, 28, 34, 4]}, {"capacity": 601, "impossibleCargos": [11, 12, 13], "neighbors": [39, 14, 27, 1, 11, 35, 37, 7, 32]}, {"capacity": 377, "impossibleCargos": [3, 5, 10, 13, 14], "neighbors": [38, 25, 28, 35, 18, 10, 30, 26, 32, 0, 13]}, {"capacity": 408, "impossibleCargos": [4, 5, 7, 9, 14], "neighbors": [4, 22, 17, 32, 18]}, {"capacity": 914, "impossibleCargos": [3, 4, 7, 9, 11, 13], "neighbors": [7, 24, 0, 28, 9, 37, 23, 19, 25, 11, 35]}, {"capacity": 715, "impossibleCargos": [13], "neighbors": [38, 10, 22, 39, 27, 34, 1, 2, 24, 6]}, {"capacity": 601, "impossibleCargos": [4, 6], "neighbors": [33, 39, 28, 6, 27, 21, 35]}, {"capacity": 606, "impossibleCargos": [], "neighbors": [23, 31, 29, 21, 9, 36, 22, 27, 37]}, {"capacity": 695, "impossibleCargos": [1, 3, 9, 13], "neighbors": [7, 22, 0, 38, 30, 23, 12, 8, 39, 2]}, {"capacity": 381, "impossibleCargos": [1, 3, 5, 6, 7, 10, 11, 14], "neighbors": [0, 21, 25, 28, 22, 37, 26, 19, 11, 27, 33, 38, 4, 12]}, {"capacity": 580, "impossibleCargos": [6, 7, 10, 13], "neighbors": [25, 18, 21, 22, 0, 13]}, {"capacity": 257, "impossibleCargos": [2, 4, 10, 14], "neighbors": [25, 5, 26, 23, 2, 31, 22]}, {"capacity": 259, "impossibleCargos": [3, 4, 12], "neighbors": [26, 36, 18, 24, 16, 1, 35, 19, 15, 25, 23, 34, 0]}, {"capacity": 826, "impossibleCargos": [7, 8, 10, 12, 13], "neighbors": [12, 38, 18, 14, 30, 8, 17, 34, 16, 19, 26, 0, 20]}, {"capacity": 429, "impossibleCargos": [0, 1, 7, 8, 9, 10], "neighbors": [16, 32, 1, 8, 9, 24, 30, 37, 29, 13, 17, 20, 21, 39, 38, 28]}, {"capacity": 822, "impossibleCargos": [10], "neighbors": [13, 36, 23, 21, 29, 7, 4, 14]}, {"capacity": 732, "impossibleCargos": [5, 9, 10, 11, 14], "neighbors": [33, 0, 29, 18, 3, 19, 20, 11, 31, 9, 21, 7, 2, 6, 28, 13]}, {"capacity": 681, "impossibleCargos": [6, 10], "neighbors": [21, 7, 0, 39, 18, 33, 11, 22, 20, 37, 30]}, {"capacity": 717, "impossibleCargos": [3, 5], "neighbors": [34, 4, 10, 5, 15, 14, 30, 16, 18]}, {"capacity": 755, "impossibleCargos": [0, 4, 12, 13], "neighbors": [13, 18, 11, 15, 9, 29, 23, 25]}, {"capacity": 995, "impossibleCargos": [3, 6, 11], "neighbors": [25, 3, 16, 24, 33, 23, 8, 36, 7, 28]}, {"capacity": 411, "impossibleCargos": [2, 8, 12], "neighbors": [33, 35, 23, 22, 2, 27, 11, 17, 5, 32, 26]}, {"capacity": 271, "impossibleCargos": [0, 4, 6, 11], "neighbors": [7, 16, 1, 25, 6, 33, 20]}, {"capacity": 243, "impossibleCargos": [10], "neighbors": [23, 5, 8, 11, 12, 10, 30]}, {"capacity": 1000, "impossibleCargos": [0, 5, 6, 12], "neighbors": [25, 7, 15, 30, 39, 36, 35, 29, 26, 31, 18, 5]}, {"capacity": 372, "impossibleCargos": [2, 14], "neighbors": [4, 37, 27, 7, 14, 22, 6, 9, 38, 21]}, {"capacity": 965, "impossibleCargos": [0, 5, 12], "neighbors": [39, 9, 33, 30, 11, 2, 5, 8, 21, 10, 15, 13]}, {"capacity": 425, "impossibleCargos": [4], "neighbors": [21, 24, 33, 39, 16, 1, 29]}, {"capacity": 363, "impossibleCargos": [5, 14], "neighbors": [13, 34, 1, 23, 18, 8, 0, 38, 16, 10, 26, 3, 4]}, {"capacity": 538, "impossibleCargos": [6, 8], "neighbors": [11, 14, 22, 39, 37, 2, 17, 18, 34, 23]}, {"capacity": 391, "impossibleCargos": [10, 14], "neighbors": [10, 35, 33, 15, 26, 36, 14, 38, 17, 23, 8]}]}