{"volumes": [0, 949, 299, 2012, 1939, 1151, 525, 2523, 729, 1028, 502, 1512, 3441, 975, 2875], "conflicts": [[0, 1], [0, 2], [0, 3], [0, 5], [0, 6], [0, 8], [0, 9], [0, 11], [0, 13], [1, 2], [1, 7], [1, 10], [2, 6], [2, 9], [2, 11], [2, 13], [4, 11], [5, 6], [5, 11], [8, 11], [8, 13], [9, 13]], "tanks": [{"capacity": 438, "impossibleCargos": [0, 5, 7], "neighbors": [38, 23, 16, 1, 10, 39, 6, 14, 33, 22]}, {"capacity": 687, "impossibleCargos": [0, 1], "neighbors": [5, 38, 0, 25, 16, 7, 6, 34, 31, 23]}, {"capacity": 323, "impossibleCargos": [1, 2], "neighbors": [12, 37, 22, 8, 20, 5, 13, 17, 29, 3]}, {"capacity": 947, "impossibleCargos": [5, 7], "neighbors": [9, 33, 19, 35, 4, 18, 34, 6, 2]}, {"capacity": 445, "impossibleCargos": [2, 3, 4, 9, 10], "neighbors": [21, 26, 36, 12, 3, 30, 16, 25, 11, 34, 29, 28]}, {"capacity": 897, "impossibleCargos": [4, 7, 10], "neighbors": [1, 7, 13, 10, 24, 23, 2, 22, 12, 21, 14, 17]}, {"capacity": 864, "impossibleCargos": [0, 3, 9], "neighbors": [21, 15, 35, 34, 28, 0, 1, 3, 37, 22, 31, 10]}, {"capacity": 686, "impossibleCargos": [5, 8], "neighbors": [26, 5, 8, 22, 1, 12, 31, 14, 32]}, {"capacity": 817, "impossibleCargos": [1, 2, 3, 5, 6], "neighbors": [32, 2, 27, 7]}, {"capacity": 856, "impossibleCargos": [1, 4, 5], "neighbors": [29, 26, 3, 11, 10, 31, 18, 30, 27]}, {"capacity": 632, "impossibleCargos": [1, 5, 11], "neighbors": [34, 31, 0, 23, 32, 5, 15, 39, 9, 25, 28, 11, 6, 18, 12, 22]}, {"capacity": 305, "impossibleCargos": [0, 1, 3, 4, 9, 11, 14], "neighbors": [19, 9, 23, 36, 4, 10, 38, 14, 33, 28, 16, 35]}, {"capacity": 457, "impossibleCargos": [1, 2, 7, 10, 13], "neighbors": [2, 39, 36, 23, 4, 13, 31, 7, 5, 10, 20]}, {"capacity": 428, "impossibleCargos": [0, 6, 9], "neighbors": [34, 24, 5, 12, 2, 15, 39, 36, 27]}, {"capacity": 648, "impossibleCargos": [4, 8], "neighbors": [37, 33, 7, 0, 11, 5, 36, 16]}, {"capacity": 304, "impossibleCargos": [0, 1, 3, 7, 8], "neighbors": [32, 21, 20, 33, 19, 10, 23, 6, 29, 13, 27, 18]}, {"capacity": 756, "impossibleCargos": [1, 11], "neighbors": [21, 0, 27, 39, 1, 4, 38, 22, 11, 14]}, {"capacity": 699, "impossibleCargos": [1, 5, 11], "neighbors": [24, 34, 29, 37, 2, 36, 32, 5]}, {"capacity": 989, "impossibleCargos": [2, 4, 5, 7, 8, 10, 13], "neighbors": [28, 20, 36, 3, 26, 9, 21, 10, 15, 34]}, {"capacity": 693, "impossibleCargos": [3, 5, 6], "neighbors": [11, 38, 3, 15, 24, 34]}, {"capacity": 204, "impossibleCargos": [3, 9, 11, 12, 13], "neighbors": [15, 18, 33, 2, 23, 12, 24]}, {"capacity": 960, "impossibleCargos": [2, 9, 13], "neighbors": [4, 24, 16, 15, 6, 36, 32, 27, 5, 18]}, {"capacity": 808, "impossibleCargos": [2, 4, 5, 11], "neighbors": [32, 2, 27, 7, 29, 39, 5, 6, 16, 0, 10]}, {"capacity": 363, "impossibleCargos": [], "neighbors": [0, 10, 12, 11, 15, 30, 5, 39, 1, 28, 38, 20]}, {"capacity": 227, "impossibleCargos": [0, 5, 8], "neighbors": [17, 33, 21, 36, 13, 19, 34, 5, 38, 27, 20]}, {"capacity": 656, "impossibleCargos": [0, 3], "neighbors": [1, 10, 4, 26, 27]}, {"capacity": 465, "impossibleCargos": [1, 5], "neighbors": [7, 9, 4, 34, 37, 18, 25]}, {"capacity": 295, "impossibleCargos": [0, 1, 4, 7, 12, 14], "neighbors": [22, 8, 16, 37, 28, 21, 25, 9, 33, 15, 24, 29, 13]}, {"capacity": 449, "impossibleCargos": [6], "neighbors": [18, 31, 27, 6, 39, 10, 34, 29, 11, 23, 4]}, {"capacity": 287, "impossibleCargos": [1, 10, 12], "neighbors": [9, 22, 15, 17, 28, 4, 35, 36, 2, 34, 38, 27]}, {"capacity": 537, "impossibleCargos": [3, 10, 12], "neighbors": [39, 33, 23, 4, 34, 9]}, {"capacity": 268, "impossibleCargos": [], "neighbors": [10, 28, 12, 7, 9, 36, 1, 6]}, {"capacity": 203, "impossibleCargos": [2, 3, 5, 7, 10, 11, 13], "neighbors": [22, 15, 8, 10, 21, 7, 17, 39]}, {"capacity": 855, "impossibleCargos": [3, 8, 11, 13], "neighbors": [24, 30, 15, 3, 14, 20, 0, 11, 27]}, {"capacity": 771, "impossibleCargos": [0, 2, 3, 7, 8, 9, 12], "neighbors": [13, 10, 39, 17, 24, 19, 30, 26, 6, 3, 1, 28, 4, 29, 18]}, {"capacity": 257, "impossibleCargos": [4, 5, 8, 9], "neighbors": [36, 3, 6, 29, 11]}, {"capacity": 373, "impossibleCargos": [4, 7, 9, 10], "neighbors": [24, 35, 4, 12, 21, 18, 37, 11, 31, 17, 29, 14, 13, 39]}, {"capacity": 623, "impossibleCargos": [5, 8, 13], "neighbors": [2, 14, 27, 26, 17, 36, 6]}, {"capacity": 302, "impossibleCargos": [4, 8], "neighbors": [19, 0, 1, 24, 16, 11, 29, 23]}, {"capacity": 494, "impossibleCargos": [0, 2, 3, 4, 8, 10, 12], "neighbors": [34, 12, 30, 10, 22, 16, 28, 0, 23, 13, 32, 36]}]}