{"volumes": [950, 844, 2838, 667, 1279, 306, 1061, 1356, 1434, 1705, 610, 2815, 0, 1101, 2844], "conflicts": [[0, 2], [0, 8], [0, 9], [0, 12], [1, 10], [1, 12], [2, 12], [3, 8], [3, 12], [4, 5], [4, 12], [5, 10], [10, 12]], "tanks": [{"capacity": 445, "impossibleCargos": [4, 5, 6, 9, 11, 12, 13], "neighbors": [1, 5, 20, 11, 22, 17, 37, 7, 21, 35, 4]}, {"capacity": 590, "impossibleCargos": [0, 3, 4, 5, 8, 10, 13], "neighbors": [0, 20, 35, 19, 9, 6, 21, 24]}, {"capacity": 637, "impossibleCargos": [1, 3, 5, 7, 11, 12, 14], "neighbors": [23, 35, 19, 21, 15, 22, 28, 16, 30, 27, 29]}, {"capacity": 984, "impossibleCargos": [1, 2, 4, 7, 8, 10, 12, 13, 14], "neighbors": [29, 31, 15, 24, 36, 21]}, {"capacity": 240, "impossibleCargos": [0, 1, 3, 4, 5, 6, 9], "neighbors": [21, 8, 14, 16, 11, 23, 26, 0]}, {"capacity": 642, "impossibleCargos": [3, 4, 5, 7, 8], "neighbors": [9, 37, 25, 0, 15, 26, 10, 35, 17, 24, 7]}, {"capacity": 508, "impossibleCargos": [1, 3, 4, 6, 7, 9, 12], "neighbors": [34, 18, 8, 7, 12, 15, 36, 35, 32, 31, 1, 26, 9, 22]}, {"capacity": 313, "impossibleCargos": [3, 4, 5, 10], "neighbors": [8, 6, 13, 28, 33, 16, 24, 0, 23, 5]}, {"capacity": 770, "impossibleCargos": [0, 1, 2, 3, 4, 5, 6, 9, 14], "neighbors": [7, 6, 20, 4, 36, 28, 16, 33, 39, 9, 15, 18, 25]}, {"capacity": 360, "impossibleCargos": [0, 1, 3, 4, 5, 6, 10, 11, 14], "neighbors": [14, 5, 34, 30, 33, 8, 1, 6, 12, 39, 11, 32]}, {"capacity": 673, "impossibleCargos": [4, 5, 8, 9, 13, 14], "neighbors": [19, 32, 15, 31, 26, 39, 24, 35, 5, 27, 25, 14]}, {"capacity": 708, "impossibleCargos": [3, 5, 6, 7, 10, 11, 12, 13], "neighbors": [36, 0, 30, 14, 4, 19, 28, 32, 27, 9, 15, 22]}, {"capacity": 604, "impossibleCargos": [5, 7, 8, 10, 11, 12, 14], "neighbors": [39, 6, 26, 18, 17, 35, 24, 9]}, {"capacity": 753, "impossibleCargos": [0, 1, 4, 8, 14], "neighbors": [34, 39, 7, 25, 23, 31, 37, 16, 26]}, {"capacity": 265, "impossibleCargos": [4, 6, 9, 11, 12, 13], "neighbors": [21, 9, 26, 4, 33, 36, 28, 11, 29, 10]}, {"capacity": 470, "impossibleCargos": [1, 2, 3, 4, 8, 11], "neighbors": [34, 3, 25, 21, 2, 17, 5, 6, 10, 38, 8, 37, 18, 11, 19]}, {"capacity": 533, "impossibleCargos": [0, 1, 3, 4, 5, 6, 7, 12, 14], "neighbors": [25, 21, 37, 8, 4, 39, 2, 7, 38, 13]}, {"capacity": 263, "impossibleCargos": [0, 5, 6, 9, 10, 11], "neighbors": [32, 24, 15, 12, 31, 0, 5]}, {"capacity": 213, "impossibleCargos": [2, 5, 6, 8, 12, 13], "neighbors": [6, 29, 12, 28, 36, 37, 8, 15, 31]}, {"capacity": 729, "impossibleCargos": [1, 4, 5, 7, 8, 11, 13, 14], "neighbors": [10, 27, 2, 1, 11, 37, 15]}, {"capacity": 908, "impossibleCargos": [2, 7, 9, 12], "neighbors": [27, 8, 1, 0, 23, 25]}, {"capacity": 359, "impossibleCargos": [2, 3, 4, 10, 11, 12, 14], "neighbors": [28, 14, 4, 23, 15, 2, 16, 32, 33, 25, 39, 31, 22, 0, 1, 3]}, {"capacity": 566, "impossibleCargos": [0, 3, 4, 7, 9, 10, 12, 13, 14], "neighbors": [23, 32, 24, 2, 28, 29, 36, 0, 21, 6, 27, 11]}, {"capacity": 276, "impossibleCargos": [0, 2, 3, 5, 8, 10, 11, 13, 14], "neighbors": [22, 2, 21, 34, 25, 26, 35, 37, 13, 36, 4, 20, 7]}, {"capacity": 436, "impossibleCargos": [0, 3, 5, 11, 13, 14], "neighbors": [22, 17, 3, 36, 10, 7, 12, 5, 35, 1]}, {"capacity": 954, "impossibleCargos": [0, 1, 2, 6, 7, 8, 9, 12], "neighbors": [34, 16, 5, 15, 13, 23, 21, 10, 20, 8]}, {"capacity": 305, "impossibleCargos": [0, 2, 3, 6, 9, 11, 12, 13], "neighbors": [14, 12, 23, 31, 10, 5, 33, 13, 6, 4]}, {"capacity": 299, "impossibleCargos": [0, 1, 5, 7, 8, 9, 10, 13, 14], "neighbors": [20, 19, 35, 2, 10, 11, 22]}, {"capacity": 251, "impossibleCargos": [2, 3, 7, 9, 13], "neighbors": [21, 34, 35, 8, 7, 22, 2, 18, 14, 11]}, {"capacity": 322, "impossibleCargos": [0, 1, 2, 6, 7, 8, 10, 11, 12], "neighbors": [3, 18, 22, 31, 36, 38, 2, 14]}, {"capacity": 620, "impossibleCargos": [0, 6, 7, 8, 11, 14], "neighbors": [9, 36, 11, 34, 2]}, {"capacity": 200, "impossibleCargos": [0, 2, 4, 9, 10], "neighbors": [3, 26, 10, 29, 38, 17, 13, 21, 35, 6, 18]}, {"capacity": 705, "impossibleCargos": [1, 3, 5, 6, 8, 9, 10, 13, 14], "neighbors": [38, 22, 17, 10, 21, 6, 34, 11, 9]}, {"capacity": 347, "impossibleCargos": [0, 1, 4, 5, 8, 10], "neighbors": [9, 21, 8, 14, 7, 26]}, {"capacity": 297, "impossibleCargos": [4, 6, 10, 11, 13, 14], "neighbors": [6, 9, 13, 25, 15, 28, 23, 30, 32]}, {"capacity": 484, "impossibleCargos": [2, 5, 6, 7, 9, 10, 11, 12], "neighbors": [2, 36, 28, 23, 12, 6, 1, 10, 5, 27, 31, 24, 0]}, {"capacity": 649, "impossibleCargos": [2, 4, 6, 7, 8, 11, 12, 14], "neighbors": [11, 30, 35, 8, 6, 22, 14, 24, 3, 18, 29, 23]}, {"capacity": 525, "impossibleCargos": [0, 5, 6, 8, 10, 11, 13], "neighbors": [5, 16, 23, 15, 19, 13, 18, 0]}, {"capacity": 951, "impossibleCargos": [0, 2, 3, 6, 10, 13], "neighbors": [32, 15, 31, 16, 29]}, {"capacity": 983, "impossibleCargos": [3, 7, 12, 13], "neighbors": [12, 13, 16, 10, 8, 21, 9]}]}