{"volumes": [2495, 3753, 0, 1290, 1274, 814, 1742, 2883, 1438, 2434, 1291, 2010, 2384, 348, 0], "conflicts": [[1, 2], [1, 5], [1, 14], [2, 3], [2, 5], [2, 6], [2, 8], [2, 9], [2, 12], [2, 13], [2, 14], [3, 5], [3, 12], [3, 14], [4, 6], [4, 10], [4, 14], [6, 13], [6, 14], [7, 14], [8, 13], [12, 14]], "tanks": [{"capacity": 541, "impossibleCargos": [0, 5, 6, 8, 9, 11, 12, 13], "neighbors": [9, 37, 28, 36, 22, 32, 14, 11, 34, 15, 7, 16, 2]}, {"capacity": 999, "impossibleCargos": [2, 3, 4, 7, 8, 9, 11, 12], "neighbors": [27, 28, 37, 25, 2, 24, 4, 35, 31, 13, 17]}, {"capacity": 379, "impossibleCargos": [1, 2, 3, 6, 8, 9, 10, 12, 14], "neighbors": [21, 7, 33, 28, 11, 12, 38, 1, 39, 13, 18, 23, 15, 27, 0, 16]}, {"capacity": 724, "impossibleCargos": [2, 4, 7, 8, 9, 10, 11], "neighbors": [38, 30, 31, 7, 10, 22, 9]}, {"capacity": 874, "impossibleCargos": [2, 5, 7, 8, 11, 14], "neighbors": [6, 38, 28, 8, 33, 1, 34, 5, 25]}, {"capacity": 615, "impossibleCargos": [4, 9, 11, 12, 13], "neighbors": [35, 25, 7, 21, 10, 31, 12, 17, 8, 4, 14]}, {"capacity": 710, "impossibleCargos": [3, 5, 7, 8, 12], "neighbors": [7, 19, 4, 27, 12, 29, 8, 18, 28, 16]}, {"capacity": 536, "impossibleCargos": [0, 2, 3, 4, 5, 8, 9, 12, 14], "neighbors": [6, 18, 2, 5, 15, 27, 30, 3, 20, 0, 12]}, {"capacity": 805, "impossibleCargos": [2, 4, 5, 6, 10, 11], "neighbors": [15, 31, 4, 26, 29, 5, 6, 35, 10, 27, 33, 21]}, {"capacity": 999, "impossibleCargos": [5, 6, 8, 10, 11, 12, 14], "neighbors": [24, 0, 12, 23, 10, 30, 37, 34, 3]}, {"capacity": 702, "impossibleCargos": [0, 1, 2, 5, 6, 9, 13, 14], "neighbors": [38, 37, 17, 33, 5, 9, 36, 34, 24, 8, 3, 23, 20]}, {"capacity": 675, "impossibleCargos": [1, 4, 5, 6, 12, 13], "neighbors": [2, 16, 13, 0, 39, 17, 38, 22]}, {"capacity": 555, "impossibleCargos": [0, 1, 3, 4, 5, 6, 10, 12], "neighbors": [9, 34, 2, 29, 6, 35, 5, 13, 39, 30, 21, 7]}, {"capacity": 339, "impossibleCargos": [0, 3, 4, 10], "neighbors": [11, 12, 2, 27, 22, 1, 38]}, {"capacity": 713, "impossibleCargos": [1, 2, 5, 6, 7, 8, 13], "neighbors": [23, 0, 30, 38, 17, 5]}, {"capacity": 424, "impossibleCargos": [2, 5, 7, 9, 12, 14], "neighbors": [8, 7, 17, 30, 0, 2]}, {"capacity": 367, "impossibleCargos": [0, 2, 5, 6, 8, 10], "neighbors": [39, 17, 11, 18, 23, 19, 34, 0, 6, 2, 33]}, {"capacity": 351, "impossibleCargos": [3, 5, 9, 11], "neighbors": [23, 16, 10, 15, 11, 5, 35, 14, 36, 24, 38, 27, 1]}, {"capacity": 242, "impossibleCargos": [0, 1, 2, 3, 6, 8, 9, 10, 14], "neighbors": [28, 7, 16, 22, 27, 2, 6]}, {"capacity": 896, "impossibleCargos": [1, 3, 4, 9, 10, 13, 14], "neighbors": [6, 27, 30, 16, 26, 32]}, {"capacity": 469, "impossibleCargos": [4, 5, 7, 10, 12], "neighbors": [21, 32, 30, 31, 7, 10]}, {"capacity": 928, "impossibleCargos": [1, 2, 3, 5, 7, 9, 10, 13, 14], "neighbors": [36, 2, 20, 22, 5, 37, 38, 8, 12, 24]}, {"capacity": 871, "impossibleCargos": [0, 1, 6, 10, 11], "neighbors": [37, 23, 21, 35, 0, 27, 33, 18, 3, 13, 28, 11]}, {"capacity": 387, "impossibleCargos": [1, 2, 7, 8, 10, 13], "neighbors": [17, 22, 33, 14, 9, 16, 2, 10, 31, 29]}, {"capacity": 959, "impossibleCargos": [0, 1, 2, 3, 4, 5, 7, 14], "neighbors": [9, 35, 36, 34, 10, 1, 17, 28, 21]}, {"capacity": 723, "impossibleCargos": [0, 1, 2, 5, 6, 7, 10, 13], "neighbors": [5, 33, 1, 28, 39, 30, 4]}, {"capacity": 867, "impossibleCargos": [2, 7, 8, 9, 11], "neighbors": [38, 8, 19, 30]}, {"capacity": 650, "impossibleCargos": [2, 12, 13, 14], "neighbors": [19, 1, 38, 22, 37, 6, 7, 36, 31, 18, 39, 13, 8, 17, 2]}, {"capacity": 875, "impossibleCargos": [0, 1, 2, 5, 6, 8, 11, 13, 14], "neighbors": [18, 32, 31, 4, 0, 1, 2, 25, 24, 22, 6]}, {"capacity": 441, "impossibleCargos": [1, 3, 6, 9, 10, 12, 14], "neighbors": [39, 34, 12, 8, 6, 33, 38, 30, 23]}, {"capacity": 669, "impossibleCargos": [1, 3, 4, 6, 10], "neighbors": [3, 38, 20, 15, 14, 19, 7, 9, 26, 25, 12, 29, 35]}, {"capacity": 225, "impossibleCargos": [0, 2, 3, 5, 8, 9, 11, 12], "neighbors": [28, 8, 3, 5, 27, 35, 20, 1, 34, 23, 38]}, {"capacity": 840, "impossibleCargos": [1, 4, 6, 8, 13, 14], "neighbors": [28, 37, 20, 0, 19]}, {"capacity": 912, "impossibleCargos": [1, 4, 5, 6, 8, 9, 11, 14], "neighbors": [25, 2, 23, 10, 22, 4, 29, 8, 36, 16]}, {"capacity": 886, "impossibleCargos": [1, 3, 5, 6, 7, 10, 11, 13], "neighbors": [12, 29, 24, 10, 0, 4, 16, 31, 38, 9]}, {"capacity": 936, "impossibleCargos": [0, 6, 9, 10, 14], "neighbors": [5, 24, 22, 12, 31, 17, 1, 8, 39, 30]}, {"capacity": 813, "impossibleCargos": [2, 3, 7, 11, 13, 14], "neighbors": [21, 24, 0, 27, 10, 17, 33]}, {"capacity": 232, "impossibleCargos": [0, 1, 5, 7, 11, 12, 13], "neighbors": [32, 22, 0, 10, 1, 27, 21, 9]}, {"capacity": 414, "impossibleCargos": [1, 2, 10, 11, 14], "neighbors": [10, 26, 4, 3, 27, 30, 2, 11, 14, 21, 29, 17, 39, 34, 13, 31]}, {"capacity": 661, "impossibleCargos": [2, 3, 6, 8, 10, 13], "neighbors": [16, 29, 11, 2, 25, 35, 27, 12, 38]}]}