{"volumes": [260, 1758, 2091, 909, 848, 1695, 992, 2546, 0, 1283, 1342, 3346, 2246, 503, 1172], "conflicts": [[0, 3], [0, 4], [0, 13], [0, 14], [1, 8], [1, 10], [3, 4], [3, 8], [3, 10], [4, 6], [4, 8], [4, 12], [5, 8], [6, 8], [7, 8], [8, 9], [8, 10], [10, 12], [13, 14]], "tanks": [{"capacity": 326, "impossibleCargos": [0, 1, 3, 4, 5, 7, 8, 9, 11, 12, 14], "neighbors": [5, 35, 21, 19, 15, 26, 38, 1, 27, 17]}, {"capacity": 887, "impossibleCargos": [0, 1, 4, 5, 9, 10, 11, 12, 14], "neighbors": [10, 18, 2, 26, 3, 27, 0, 29, 23, 28, 22, 37]}, {"capacity": 473, "impossibleCargos": [0, 1, 2, 3, 4, 5, 6, 7, 8, 10, 12, 13, 14], "neighbors": [3, 18, 1, 9, 33, 38, 11, 26]}, {"capacity": 925, "impossibleCargos": [0, 3, 5, 8, 9, 10, 11, 12, 14], "neighbors": [2, 14, 1, 19, 26, 18, 11, 9, 12, 38, 28, 23]}, {"capacity": 651, "impossibleCargos": [0, 2, 8, 10, 12, 14], "neighbors": [21, 10, 18, 26, 31, 7, 25, 30, 19, 14, 23, 35, 20, 28]}, {"capacity": 408, "impossibleCargos": [0, 1, 3, 4, 5, 7, 8, 10, 11, 12, 14], "neighbors": [0, 21, 30, 16, 17, 36, 13, 19, 28, 29]}, {"capacity": 323, "impossibleCargos": [3, 4, 5, 8, 9, 10, 11, 12, 13, 14], "neighbors": [38, 10, 22, 29, 30]}, {"capacity": 338, "impossibleCargos": [0, 2, 3, 4, 5, 6, 7, 10, 11, 13, 14], "neighbors": [13, 10, 4, 34, 32, 16, 28]}, {"capacity": 752, "impossibleCargos": [0, 4, 5, 6, 8, 9, 11, 13, 14], "neighbors": [30, 20, 10, 37]}, {"capacity": 404, "impossibleCargos": [0, 1, 2, 3, 4, 5, 6, 7, 8, 12, 13, 14], "neighbors": [32, 2, 27, 10, 3, 14, 25, 16]}, {"capacity": 542, "impossibleCargos": [1, 2, 3, 4, 5, 6, 7, 8, 9, 11, 12, 14], "neighbors": [6, 1, 14, 4, 36, 18, 30, 7, 9, 8, 25]}, {"capacity": 409, "impossibleCargos": [0, 1, 2, 4, 5, 6, 8, 9, 10, 11, 13, 14], "neighbors": [35, 28, 22, 19, 31, 29, 16, 3, 2, 32, 33, 13, 26]}, {"capacity": 276, "impossibleCargos": [0, 1, 2, 5, 8, 9, 10, 11, 13, 14], "neighbors": [22, 26, 17, 37, 33, 25, 30, 20, 3]}, {"capacity": 388, "impossibleCargos": [2, 3, 5, 7, 8, 10, 11, 12, 13, 14], "neighbors": [30, 14, 35, 7, 19, 28, 5, 17, 36, 33, 18, 11, 22, 20]}, {"capacity": 246, "impossibleCargos": [0, 1, 2, 3, 4, 6, 7, 8, 9, 10, 11, 12, 13, 14], "neighbors": [37, 13, 36, 10, 3, 16, 18, 9, 4, 35]}, {"capacity": 367, "impossibleCargos": [1, 2, 3, 5, 7, 9, 10, 12, 13], "neighbors": [33, 0, 24, 28, 18, 23, 21, 34, 27]}, {"capacity": 267, "impossibleCargos": [1, 2, 5, 8, 10, 11, 12, 13], "neighbors": [22, 5, 14, 11, 35, 20, 33, 34, 7, 38, 9]}, {"capacity": 583, "impossibleCargos": [0, 1, 2, 3, 6, 7, 9, 11, 12, 13], "neighbors": [26, 31, 12, 24, 5, 28, 36, 13, 37, 0]}, {"capacity": 961, "impossibleCargos": [0, 1, 4, 6, 8, 10, 11, 12, 13, 14], "neighbors": [23, 1, 2, 26, 4, 28, 10, 3, 33, 15, 14, 25, 20, 13, 32]}, {"capacity": 692, "impossibleCargos": [0, 1, 2, 3, 4, 9, 10, 11, 12, 13, 14], "neighbors": [32, 11, 0, 38, 34, 33, 3, 13, 27, 28, 5, 4, 29, 36]}, {"capacity": 834, "impossibleCargos": [0, 1, 2, 5, 6, 9, 10, 12, 13, 14], "neighbors": [16, 18, 8, 12, 4, 13]}, {"capacity": 995, "impossibleCargos": [0, 1, 3, 4, 5, 6, 8, 9, 11, 13, 14], "neighbors": [4, 0, 5, 37, 23, 33, 15, 28, 27, 25]}, {"capacity": 922, "impossibleCargos": [0, 1, 2, 5, 6, 8, 9, 10, 12, 13, 14], "neighbors": [6, 12, 11, 16, 32, 37, 1, 30, 38, 13]}, {"capacity": 673, "impossibleCargos": [0, 1, 2, 3, 5, 6, 7, 8, 9, 10, 11, 12, 13], "neighbors": [18, 28, 30, 21, 37, 35, 15, 1, 32, 4, 3]}, {"capacity": 415, "impossibleCargos": [2, 3, 5, 6, 7, 10, 11, 12, 13, 14], "neighbors": [28, 17, 15, 29]}, {"capacity": 422, "impossibleCargos": [0, 3, 4, 5, 6, 7, 8, 9, 10, 11, 12, 13, 14], "neighbors": [29, 12, 4, 18, 9, 10, 21]}, {"capacity": 654, "impossibleCargos": [0, 1, 2, 3, 4, 6, 10, 13, 14], "neighbors": [17, 18, 28, 12, 1, 0, 33, 4, 3, 2, 39, 11]}, {"capacity": 703, "impossibleCargos": [0, 1, 2, 3, 4, 6, 11, 13], "neighbors": [31, 19, 1, 9, 0, 30, 15, 21]}, {"capacity": 848, "impossibleCargos": [0, 1, 2, 3, 6, 7, 8, 9, 10, 11, 13, 14], "neighbors": [11, 24, 26, 23, 18, 19, 15, 17, 13, 38, 30, 1, 5, 3, 7, 21, 4]}, {"capacity": 415, "impossibleCargos": [1, 2, 3, 4, 6, 8, 9, 11, 14], "neighbors": [25, 11, 6, 24, 1, 38, 19, 33, 5]}, {"capacity": 412, "impossibleCargos": [0, 1, 4, 5, 7, 8, 9, 10, 11, 12, 13, 14], "neighbors": [13, 36, 5, 8, 23, 10, 6, 12, 4, 28, 27, 22, 38]}, {"capacity": 242, "impossibleCargos": [0, 1, 3, 5, 6, 7, 8, 10, 11, 13], "neighbors": [17, 11, 35, 27, 33, 4, 38]}, {"capacity": 667, "impossibleCargos": [0, 1, 2, 3, 4, 6, 9, 13, 14], "neighbors": [19, 9, 22, 7, 23, 11, 18, 35]}, {"capacity": 701, "impossibleCargos": [3, 4, 6, 7, 9, 10, 11, 12, 13], "neighbors": [15, 38, 19, 26, 31, 16, 18, 21, 12, 2, 29, 13, 11]}, {"capacity": 328, "impossibleCargos": [0, 1, 2, 3, 4, 5, 6, 9, 10, 11, 12, 13, 14], "neighbors": [19, 39, 7, 38, 16, 15]}, {"capacity": 948, "impossibleCargos": [0, 1, 2, 3, 6, 8, 12, 14], "neighbors": [11, 0, 13, 31, 16, 23, 14, 4, 32]}, {"capacity": 612, "impossibleCargos": [0, 1, 2, 6, 7, 9, 11, 12, 13], "neighbors": [30, 14, 37, 10, 5, 17, 39, 13, 19]}, {"capacity": 848, "impossibleCargos": [0, 1, 2, 3, 4, 5, 7, 8, 9, 10, 12, 13, 14], "neighbors": [14, 36, 12, 21, 23, 22, 17, 1, 8]}, {"capacity": 262, "impossibleCargos": [0, 1, 2, 3, 5, 6, 7, 8, 10, 13, 14], "neighbors": [6, 19, 33, 0, 28, 2, 31, 34, 29, 3, 16, 22, 30]}, {"capacity": 784, "impossibleCargos": [3, 4, 5, 10, 12, 13], "neighbors": [34, 36, 26]}]}