{"volumes": [2033, 772, 2120, 1714, 0, 1825, 1697, 1385, 2047, 1493, 294, 2912, 1451, 1450, 1984], "conflicts": [[0, 1], [1, 4], [1, 6], [1, 12], [3, 4], [4, 5], [4, 6], [4, 8], [4, 10], [4, 11], [4, 13], [4, 14]], "tanks": [{"capacity": 372, "impossibleCargos": [0, 3, 4, 8, 9, 10, 12, 14], "neighbors": [34, 15, 4, 10, 18, 13, 16, 37, 36, 11, 12, 5, 3, 30, 29, 8, 26, 7, 22, 39, 14, 35]}, {"capacity": 340, "impossibleCargos": [10, 12, 14], "neighbors": [35, 36, 6, 4, 32, 29, 18, 11, 19, 14, 3, 12, 37, 5, 15, 23, 27, 10, 22]}, {"capacity": 594, "impossibleCargos": [0, 2, 3, 6, 10], "neighbors": [20, 23, 9, 24, 13, 17, 16, 8, 21, 11, 6, 12, 37, 18, 14, 15, 31, 7, 35, 29]}, {"capacity": 967, "impossibleCargos": [0, 3, 5], "neighbors": [36, 8, 32, 22, 20, 39, 10, 26, 35, 1, 9, 30, 12, 13, 28, 0, 31, 27, 15, 33, 14, 24, 29, 16]}, {"capacity": 509, "impossibleCargos": [10], "neighbors": [25, 12, 0, 16, 9, 1, 34, 17, 39, 38, 13, 33, 30, 6, 26, 37, 24, 8]}, {"capacity": 361, "impossibleCargos": [7, 10, 11, 12], "neighbors": [30, 25, 19, 18, 29, 31, 20, 11, 15, 8, 1, 0, 16, 37, 28, 38, 34, 26, 23, 12]}, {"capacity": 978, "impossibleCargos": [0, 1, 6, 11], "neighbors": [35, 29, 23, 19, 37, 27, 1, 34, 33, 12, 16, 9, 24, 22, 28, 2, 32, 4, 36, 30, 14]}, {"capacity": 799, "impossibleCargos": [1, 2, 5, 11, 14], "neighbors": [8, 36, 20, 17, 24, 12, 37, 25, 15, 39, 2, 33, 14, 0, 34]}, {"capacity": 433, "impossibleCargos": [2, 12], "neighbors": [7, 3, 25, 38, 27, 17, 5, 9, 39, 14, 2, 0, 13, 28, 31, 35, 4]}, {"capacity": 937, "impossibleCargos": [0, 14], "neighbors": [27, 35, 33, 21, 2, 20, 4, 39, 6, 19, 14, 3, 32, 8, 23, 10, 31]}, {"capacity": 776, "impossibleCargos": [1, 2, 3, 4, 5, 8, 10, 13], "neighbors": [18, 14, 17, 0, 3, 31, 34, 29, 39, 1, 15, 27, 16, 9, 19]}, {"capacity": 701, "impossibleCargos": [2, 3, 4, 5, 10, 14], "neighbors": [13, 39, 19, 34, 32, 12, 5, 28, 1, 36, 16, 0, 26, 2, 21, 38, 24, 18, 37, 25, 35, 27]}, {"capacity": 209, "impossibleCargos": [], "neighbors": [36, 4, 15, 11, 7, 6, 24, 20, 1, 21, 0, 2, 3, 28, 13, 5, 18]}, {"capacity": 591, "impossibleCargos": [0, 3, 7, 10, 14], "neighbors": [11, 26, 15, 18, 20, 27, 25, 2, 16, 0, 38, 24, 4, 34, 3, 12, 32, 30, 8, 33, 39, 14]}, {"capacity": 804, "impossibleCargos": [2, 7, 8, 9, 12, 13], "neighbors": [37, 23, 10, 15, 25, 17, 18, 29, 39, 22, 1, 32, 9, 8, 35, 2, 3, 26, 7, 13, 6, 31, 0]}, {"capacity": 796, "impossibleCargos": [2, 5, 8, 12, 13], "neighbors": [12, 29, 13, 0, 20, 14, 38, 23, 28, 5, 27, 31, 1, 39, 7, 33, 3, 25, 10, 2, 18, 22]}, {"capacity": 958, "impossibleCargos": [6, 9, 10], "neighbors": [28, 37, 4, 23, 29, 13, 35, 2, 6, 20, 0, 21, 19, 11, 36, 5, 34, 27, 31, 33, 10, 30, 18, 25, 3]}, {"capacity": 992, "impossibleCargos": [1, 5, 14], "neighbors": [27, 18, 34, 7, 21, 29, 14, 10, 4, 2, 33, 30, 19, 8, 24, 22, 31, 23, 35]}, {"capacity": 362, "impossibleCargos": [1, 2, 7], "neighbors": [34, 10, 13, 17, 28, 5, 32, 27, 14, 0, 1, 26, 22, 21, 2, 36, 20, 11, 15, 16, 12]}, {"capacity": 557, "impossibleCargos": [1, 5, 10, 13], "neighbors": [35, 11, 38, 22, 5, 24, 39, 6, 32, 28, 27, 17, 1, 9, 16, 26, 30, 23, 33, 10]}, {"capacity": 476, "impossibleCargos": [6, 8, 9, 10, 12], "neighbors": [39, 29, 2, 13, 7, 31, 15, 9, 3, 5, 32, 16, 12, 28, 26, 18, 36, 35, 21, 33]}, {"capacity": 602, "impossibleCargos": [3, 11, 14], "neighbors": [9, 26, 22, 17, 28, 36, 35, 16, 12, 2, 23, 18, 11, 30, 20]}, {"capacity": 207, "impossibleCargos": [0, 4, 12], "neighbors": [32, 24, 21, 19, 31, 3, 14, 25, 6, 33, 18, 17, 29, 38, 0, 15, 39, 1, 37]}, {"capacity": 280, "impossibleCargos": [1, 5, 7, 8, 12], "neighbors": [29, 2, 33, 14, 16, 6, 15, 28, 38, 9, 1, 27, 21, 36, 19, 32, 26, 5, 17]}, {"capacity": 797, "impossibleCargos": [5, 8, 10, 13], "neighbors": [30, 22, 7, 2, 19, 38, 12, 27, 33, 6, 13, 17, 11, 3, 37, 39, 4, 26]}, {"capacity": 613, "impossibleCargos": [0, 1, 2, 8, 9, 10, 11], "neighbors": [4, 36, 5, 32, 26, 39, 13, 14, 8, 7, 22, 31, 15, 11, 28, 16]}, {"capacity": 614, "impossibleCargos": [9, 11], "neighbors": [13, 25, 21, 28, 3, 18, 36, 19, 35, 38, 11, 20, 30, 4, 27, 0, 37, 23, 14, 5, 24]}, {"capacity": 372, "impossibleCargos": [10, 13], "neighbors": [9, 17, 13, 6, 18, 19, 8, 24, 15, 35, 23, 26, 1, 3, 36, 16, 10, 39, 30, 11]}, {"capacity": 998, "impossibleCargos": [0, 2, 7, 8, 11, 12], "neighbors": [36, 16, 30, 18, 21, 15, 39, 19, 26, 11, 6, 37, 20, 23, 3, 5, 12, 8, 25, 34]}, {"capacity": 540, "impossibleCargos": [], "neighbors": [20, 23, 15, 6, 39, 17, 16, 5, 37, 14, 1, 10, 22, 0, 32, 34, 3, 38, 2]}, {"capacity": 886, "impossibleCargos": [4, 8, 11, 12, 14], "neighbors": [5, 24, 28, 33, 17, 32, 3, 35, 26, 4, 31, 19, 0, 21, 38, 16, 13, 39, 6, 27]}, {"capacity": 706, "impossibleCargos": [6, 10, 11], "neighbors": [20, 22, 5, 10, 15, 25, 39, 30, 3, 38, 37, 2, 16, 8, 32, 17, 14, 9]}, {"capacity": 981, "impossibleCargos": [1, 3, 6, 7, 11], "neighbors": [22, 35, 25, 3, 11, 18, 19, 1, 30, 20, 14, 38, 9, 6, 29, 23, 13, 34, 31]}, {"capacity": 613, "impossibleCargos": [0, 2, 3, 12, 14], "neighbors": [9, 23, 30, 37, 6, 17, 24, 22, 35, 4, 15, 39, 3, 16, 7, 34, 13, 19, 20]}, {"capacity": 545, "impossibleCargos": [0, 7, 11, 13], "neighbors": [0, 18, 11, 17, 6, 4, 35, 38, 10, 13, 16, 29, 5, 33, 32, 28, 7]}, {"capacity": 661, "impossibleCargos": [5, 8, 10, 11, 12, 14], "neighbors": [19, 9, 32, 6, 1, 16, 21, 34, 36, 3, 27, 26, 33, 30, 14, 39, 11, 20, 2, 8, 17, 0, 38]}, {"capacity": 405, "impossibleCargos": [0, 14], "neighbors": [3, 12, 25, 28, 7, 1, 21, 0, 35, 11, 26, 16, 23, 27, 18, 6, 20]}, {"capacity": 807, "impossibleCargos": [1, 4, 8, 10, 12, 13], "neighbors": [38, 14, 16, 6, 33, 29, 7, 0, 1, 28, 2, 5, 4, 31, 26, 11, 24, 22]}, {"capacity": 999, "impossibleCargos": [5, 7], "neighbors": [37, 19, 15, 8, 24, 39, 34, 13, 32, 4, 26, 23, 11, 31, 30, 5, 22, 29, 35]}, {"capacity": 317, "impossibleCargos": [0, 5, 6], "neighbors": [20, 11, 25, 29, 19, 3, 28, 9, 4, 14, 38, 8, 31, 15, 10, 35, 33, 7, 27, 30, 24, 13, 22, 0]}]}