{"volumes": [3158, 1999, 0, 673, 0, 1430, 1716, 1648, 1649, 0, 2202, 4054, 1235, 1674, 871], "conflicts": [[0, 2], [0, 9], [1, 2], [1, 4], [1, 9], [2, 3], [2, 5], [2, 7], [2, 9], [2, 11], [2, 13], [3, 4], [4, 6], [4, 10], [4, 11], [5, 9], [6, 9], [9, 10], [9, 12], [9, 13], [9, 14]], "tanks": [{"capacity": 264, "impossibleCargos": [6, 8, 10], "neighbors": [1, 8, 5, 18, 33, 21, 30, 23, 11, 34, 28, 26, 27, 10, 32, 6, 2, 22, 25]}, {"capacity": 914, "impossibleCargos": [5, 6, 8, 11, 12], "neighbors": [0, 28, 11, 9, 7, 25, 15, 24, 21, 32, 6, 39, 14, 20, 13, 3, 18, 5, 17, 4]}, {"capacity": 786, "impossibleCargos": [3, 8, 9, 13], "neighbors": [6, 36, 13, 20, 29, 11, 9, 26, 21, 24, 15, 5, 12, 23, 0, 25, 10, 31]}, {"capacity": 503, "impossibleCargos": [7, 14], "neighbors": [11, 20, 35, 14, 6, 27, 17, 23, 15, 21, 26, 38, 1, 10, 5, 9, 36, 25, 34]}, {"capacity": 808, "impossibleCargos": [0, 3, 5, 8, 12, 14], "neighbors": [34, 19, 21, 20, 32, 5, 16, 8, 6, 33, 15, 39, 28, 13, 11, 22, 17, 1, 36]}, {"capacity": 733, "impossibleCargos": [1, 2, 10, 14], "neighbors": [23, 10, 0, 17, 6, 14, 4, 33, 15, 20, 39, 24, 2, 1, 3, 11, 29]}, {"capacity": 656, "impossibleCargos": [9, 14], "neighbors": [34, 20, 2, 9, 27, 5, 10, 24, 38, 3, 15, 35, 14, 29, 1, 4, 23, 30, 31, 8, 0, 22]}, {"capacity": 941, "impossibleCargos": [2, 4, 6, 7, 11], "neighbors": [9, 28, 38, 23, 32, 26, 1, 19, 15, 24, 17, 10, 13, 14, 36, 16, 18, 35, 22, 31]}, {"capacity": 399, "impossibleCargos": [1, 9, 12, 14], "neighbors": [0, 26, 11, 21, 14, 33, 38, 13, 39, 32, 22, 9, 15, 35, 4, 17, 29, 6, 23, 36, 31, 30]}, {"capacity": 629, "impossibleCargos": [3, 5, 7, 10, 14], "neighbors": [16, 21, 26, 7, 22, 6, 1, 24, 19, 2, 23, 33, 8, 35, 11, 10, 12, 27, 34, 20, 18, 31, 39, 36, 3]}, {"capacity": 778, "impossibleCargos": [7], "neighbors": [12, 38, 5, 14, 31, 28, 22, 6, 7, 27, 9, 30, 20, 35, 16, 0, 17, 3, 2]}, {"capacity": 298, "impossibleCargos": [2, 4, 8, 9, 10, 12, 13], "neighbors": [1, 33, 3, 8, 28, 17, 2, 38, 32, 26, 31, 16, 25, 9, 36, 0, 22, 34, 39, 4, 29, 5, 20]}, {"capacity": 822, "impossibleCargos": [5, 8, 10, 12, 13], "neighbors": [29, 10, 22, 13, 14, 19, 16, 32, 30, 36, 20, 15, 18, 33, 9, 2, 39, 26, 35, 37, 38]}, {"capacity": 736, "impossibleCargos": [4, 10, 12], "neighbors": [25, 12, 30, 2, 24, 38, 32, 28, 8, 16, 22, 7, 39, 15, 1, 4, 19, 33, 20]}, {"capacity": 764, "impossibleCargos": [], "neighbors": [38, 28, 10, 16, 12, 8, 36, 3, 5, 23, 34, 6, 32, 1, 31, 7, 25, 27, 19, 18]}, {"capacity": 395, "impossibleCargos": [7, 13], "neighbors": [26, 37, 7, 27, 6, 1, 36, 12, 8, 2, 17, 29, 5, 20, 3, 4, 13, 18, 34, 39, 38]}, {"capacity": 220, "impossibleCargos": [2], "neighbors": [9, 36, 14, 24, 12, 38, 13, 27, 39, 25, 11, 4, 28, 31, 29, 30, 10, 7, 17]}, {"capacity": 666, "impossibleCargos": [0, 4, 7, 9, 10, 13], "neighbors": [28, 26, 24, 11, 5, 7, 35, 3, 15, 8, 27, 34, 19, 16, 10, 22, 1, 4]}, {"capacity": 779, "impossibleCargos": [7, 13], "neighbors": [38, 26, 0, 29, 28, 39, 31, 12, 22, 20, 37, 33, 27, 23, 25, 1, 9, 15, 7, 14, 36]}, {"capacity": 264, "impossibleCargos": [3, 7, 8], "neighbors": [31, 38, 4, 12, 9, 7, 39, 24, 37, 34, 17, 25, 13, 14, 33, 30]}, {"capacity": 591, "impossibleCargos": [1, 11, 12], "neighbors": [6, 3, 2, 38, 4, 35, 12, 28, 27, 18, 5, 15, 10, 31, 1, 23, 24, 9, 21, 13, 25, 11]}, {"capacity": 688, "impossibleCargos": [7, 11], "neighbors": [24, 9, 8, 35, 4, 0, 2, 1, 26, 36, 38, 27, 3, 25, 32, 31, 23, 22, 33, 20]}, {"capacity": 971, "impossibleCargos": [8, 9, 12, 14], "neighbors": [12, 9, 28, 10, 30, 29, 8, 26, 34, 18, 39, 13, 32, 35, 11, 21, 17, 6, 4, 7, 0]}, {"capacity": 710, "impossibleCargos": [2], "neighbors": [5, 7, 34, 28, 14, 9, 30, 0, 3, 36, 39, 6, 18, 21, 20, 2, 38, 8, 25, 24]}, {"capacity": 570, "impossibleCargos": [1, 3, 9, 12, 14], "neighbors": [21, 36, 13, 16, 17, 25, 9, 6, 1, 7, 2, 29, 19, 5, 34, 31, 20, 37, 23, 26]}, {"capacity": 385, "impossibleCargos": [1, 11], "neighbors": [13, 39, 36, 24, 1, 16, 26, 11, 33, 28, 21, 37, 18, 14, 19, 23, 27, 2, 20, 0, 3]}, {"capacity": 666, "impossibleCargos": [2, 3, 6, 8, 10], "neighbors": [9, 8, 18, 17, 15, 7, 38, 2, 28, 11, 21, 22, 25, 34, 3, 0, 12, 24]}, {"capacity": 838, "impossibleCargos": [3, 7], "neighbors": [32, 6, 35, 33, 15, 3, 16, 37, 38, 10, 36, 20, 21, 29, 18, 30, 17, 9, 0, 14, 25]}, {"capacity": 962, "impossibleCargos": [7, 8, 12], "neighbors": [32, 1, 17, 33, 7, 35, 14, 37, 11, 10, 13, 22, 29, 31, 18, 23, 26, 36, 20, 16, 25, 0, 4, 34]}, {"capacity": 358, "impossibleCargos": [6, 7], "neighbors": [12, 37, 2, 28, 18, 22, 30, 15, 24, 6, 27, 8, 16, 11, 36, 5]}, {"capacity": 763, "impossibleCargos": [4], "neighbors": [13, 22, 12, 23, 0, 35, 29, 10, 27, 6, 16, 8, 37, 19]}, {"capacity": 876, "impossibleCargos": [8, 10, 11, 12], "neighbors": [19, 10, 28, 18, 11, 32, 16, 14, 21, 20, 6, 24, 8, 9, 38, 2, 7]}, {"capacity": 715, "impossibleCargos": [3, 7, 11], "neighbors": [28, 27, 13, 7, 12, 11, 4, 8, 31, 22, 1, 14, 36, 21, 35, 0, 39]}, {"capacity": 385, "impossibleCargos": [1, 4, 8, 11], "neighbors": [11, 28, 38, 27, 8, 0, 9, 12, 35, 5, 25, 18, 4, 36, 21, 13, 19, 37]}, {"capacity": 374, "impossibleCargos": [0, 7], "neighbors": [6, 36, 4, 23, 35, 14, 22, 26, 0, 24, 11, 9, 17, 19, 28, 15, 3]}, {"capacity": 249, "impossibleCargos": [1, 8, 9, 11], "neighbors": [28, 3, 21, 27, 34, 20, 39, 6, 30, 36, 17, 33, 8, 9, 22, 10, 32, 37, 12, 7]}, {"capacity": 493, "impossibleCargos": [3, 4, 5, 7, 8, 9], "neighbors": [24, 16, 2, 34, 25, 14, 12, 35, 21, 28, 15, 27, 23, 11, 37, 32, 7, 33, 8, 9, 29, 3, 4, 18]}, {"capacity": 316, "impossibleCargos": [0, 12], "neighbors": [29, 28, 15, 39, 27, 18, 36, 19, 25, 35, 24, 12, 33, 30]}, {"capacity": 293, "impossibleCargos": [3, 4, 7, 9, 12], "neighbors": [18, 10, 14, 7, 33, 19, 13, 20, 26, 16, 8, 11, 6, 27, 21, 3, 23, 12, 15, 31]}, {"capacity": 708, "impossibleCargos": [2, 9, 10, 14], "neighbors": [25, 37, 35, 19, 18, 8, 16, 22, 5, 1, 23, 13, 11, 12, 4, 9, 32, 15]}]}