{"volumes": [2206, 1761, 0, 3877, 303, 1176, 426, 607, 928, 979, 523, 1542, 2083, 820, 3850], "conflicts": [[1, 2], [1, 6], [2, 3], [2, 6], [2, 7], [2, 8], [2, 9], [2, 10], [2, 11], [2, 12], [2, 13], [2, 14], [4, 10], [4, 11], [6, 9], [7, 13], [9, 10]], "tanks": [{"capacity": 655, "impossibleCargos": [2, 5, 6, 7, 8, 10], "neighbors": [36, 19, 34, 9, 20, 10, 25, 6, 31, 14, 5, 3, 29, 18, 8, 11, 35, 26, 30]}, {"capacity": 461, "impossibleCargos": [9], "neighbors": [15, 27, 9, 29, 34, 28, 13, 4, 18, 10, 26, 36, 16, 8, 22, 17, 21, 23, 30, 19]}, {"capacity": 305, "impossibleCargos": [0, 11, 12, 14], "neighbors": [31, 24, 26, 19, 11, 7, 22, 39, 34, 6, 13, 10, 17, 27, 3, 28]}, {"capacity": 804, "impossibleCargos": [3, 4, 12, 13], "neighbors": [13, 32, 17, 19, 31, 18, 28, 36, 11, 23, 20, 0, 25, 2, 12, 10, 15, 38, 9]}, {"capacity": 581, "impossibleCargos": [0, 3, 5, 9], "neighbors": [19, 16, 25, 32, 14, 1, 30, 15, 29, 39, 18, 23, 37, 6, 31, 35, 20, 8, 24]}, {"capacity": 471, "impossibleCargos": [7, 10, 11], "neighbors": [13, 6, 19, 30, 22, 24, 36, 17, 18, 26, 0, 32, 33, 38, 37, 35, 14, 7, 16]}, {"capacity": 307, "impossibleCargos": [2, 4, 5, 8, 10], "neighbors": [21, 38, 5, 29, 12, 22, 39, 16, 0, 2, 9, 36, 7, 28, 14, 37, 11, 4, 34, 10, 31, 19]}, {"capacity": 243, "impossibleCargos": [1, 7, 13], "neighbors": [8, 10, 26, 28, 14, 2, 30, 17, 16, 6, 12, 38, 39, 29, 32, 21, 5, 23, 35, 24, 18]}, {"capacity": 462, "impossibleCargos": [10, 11, 12], "neighbors": [9, 15, 7, 19, 24, 27, 1, 0, 39, 4, 14, 20, 33, 17]}, {"capacity": 545, "impossibleCargos": [9], "neighbors": [8, 23, 1, 39, 0, 24, 12, 6, 19, 33, 28, 27, 31, 14, 32, 36, 3]}, {"capacity": 943, "impossibleCargos": [0, 8, 9, 12, 13], "neighbors": [27, 28, 36, 7, 38, 21, 34, 29, 11, 0, 35, 26, 24, 1, 20, 23, 13, 2, 3, 16, 6, 15, 39]}, {"capacity": 672, "impossibleCargos": [4, 7, 10, 14], "neighbors": [25, 19, 26, 2, 36, 39, 34, 37, 10, 18, 20, 3, 35, 6, 38, 14, 30, 0, 12]}, {"capacity": 452, "impossibleCargos": [1, 2, 6, 10], "neighbors": [17, 37, 39, 14, 35, 6, 9, 28, 21, 15, 7, 34, 22, 3, 32, 24, 26, 11]}, {"capacity": 369, "impossibleCargos": [2, 7, 12], "neighbors": [3, 5, 23, 28, 26, 35, 25, 19, 1, 24, 22, 31, 27, 2, 10, 37, 32, 21, 16]}, {"capacity": 267, "impossibleCargos": [1, 6], "neighbors": [33, 35, 17, 25, 15, 12, 21, 7, 39, 36, 4, 0, 38, 6, 11, 18, 16, 9, 28, 22, 5, 8]}, {"capacity": 313, "impossibleCargos": [5, 8, 9, 14], "neighbors": [1, 8, 31, 19, 14, 18, 30, 37, 21, 12, 16, 4, 25, 28, 3, 22, 17, 10, 32, 29]}, {"capacity": 915, "impossibleCargos": [12], "neighbors": [30, 32, 35, 4, 33, 20, 26, 6, 15, 7, 1, 14, 36, 10, 5, 22, 13]}, {"capacity": 459, "impossibleCargos": [3, 9, 10, 14], "neighbors": [19, 12, 14, 3, 27, 5, 7, 25, 21, 35, 28, 2, 33, 31, 20, 1, 15, 30, 29, 8]}, {"capacity": 299, "impossibleCargos": [1, 5, 8, 10], "neighbors": [19, 36, 22, 28, 21, 3, 15, 27, 33, 11, 5, 1, 25, 39, 37, 4, 14, 0, 31, 29, 26, 34, 20, 7]}, {"capacity": 465, "impossibleCargos": [5, 8], "neighbors": [4, 17, 18, 15, 0, 32, 11, 3, 2, 5, 26, 24, 13, 8, 25, 9, 37, 39, 33, 27, 30, 6, 1]}, {"capacity": 590, "impossibleCargos": [], "neighbors": [28, 16, 21, 26, 0, 31, 23, 11, 24, 27, 39, 10, 3, 22, 17, 4, 8, 18, 34]}, {"capacity": 919, "impossibleCargos": [2, 10], "neighbors": [6, 28, 32, 18, 22, 34, 27, 36, 20, 14, 10, 15, 12, 17, 39, 33, 7, 13, 1]}, {"capacity": 981, "impossibleCargos": [7], "neighbors": [18, 21, 5, 25, 2, 6, 23, 13, 20, 39, 12, 36, 24, 15, 14, 1, 37, 16, 32]}, {"capacity": 443, "impossibleCargos": [1, 3, 6, 10], "neighbors": [37, 9, 13, 26, 29, 28, 25, 22, 20, 36, 3, 31, 10, 24, 38, 4, 7, 1, 27]}, {"capacity": 612, "impossibleCargos": [3, 5, 10, 11], "neighbors": [28, 2, 5, 9, 19, 13, 20, 8, 10, 32, 23, 37, 36, 22, 12, 33, 7, 4]}, {"capacity": 604, "impossibleCargos": [5, 6, 8, 11], "neighbors": [11, 28, 33, 14, 29, 23, 22, 4, 13, 0, 38, 19, 17, 15, 18, 37, 3]}, {"capacity": 975, "impossibleCargos": [1, 4, 6, 13, 14], "neighbors": [35, 23, 30, 2, 13, 7, 11, 19, 20, 16, 33, 27, 10, 5, 39, 1, 29, 32, 18, 28, 36, 0, 12]}, {"capacity": 824, "impossibleCargos": [8, 9], "neighbors": [10, 1, 32, 36, 21, 35, 17, 31, 18, 26, 20, 39, 38, 13, 8, 9, 2, 19, 29, 23]}, {"capacity": 996, "impossibleCargos": [2, 5, 8, 12, 13, 14], "neighbors": [10, 24, 21, 25, 18, 20, 31, 13, 7, 23, 1, 3, 33, 12, 37, 6, 9, 15, 17, 2, 38, 30, 14, 26, 35, 39]}, {"capacity": 342, "impossibleCargos": [0, 1, 6, 9, 12], "neighbors": [23, 6, 1, 25, 38, 10, 4, 35, 34, 0, 32, 7, 26, 30, 18, 27, 17, 15]}, {"capacity": 483, "impossibleCargos": [1, 3, 9], "neighbors": [35, 16, 26, 15, 5, 7, 38, 4, 39, 31, 11, 34, 28, 29, 36, 17, 19, 0, 1]}, {"capacity": 828, "impossibleCargos": [4, 6], "neighbors": [15, 2, 28, 3, 35, 27, 33, 20, 0, 13, 30, 23, 32, 9, 17, 18, 4, 6]}, {"capacity": 719, "impossibleCargos": [4, 6, 9], "neighbors": [27, 21, 3, 19, 16, 38, 33, 37, 36, 34, 4, 24, 5, 31, 29, 13, 26, 7, 12, 9, 15, 22]}, {"capacity": 210, "impossibleCargos": [2, 3, 11, 12], "neighbors": [14, 25, 32, 16, 31, 26, 18, 28, 5, 37, 9, 17, 38, 34, 36, 19, 21, 24, 8]}, {"capacity": 257, "impossibleCargos": [0, 1, 2, 5, 7, 9, 12, 14], "neighbors": [39, 0, 21, 1, 36, 10, 11, 32, 2, 29, 12, 33, 30, 6, 18, 38, 20]}, {"capacity": 738, "impossibleCargos": [0, 2, 3, 4, 6, 9, 10], "neighbors": [30, 14, 26, 16, 31, 12, 27, 13, 10, 11, 17, 29, 38, 5, 37, 4, 0, 7, 28]}, {"capacity": 543, "impossibleCargos": [3, 4, 14], "neighbors": [10, 18, 0, 27, 21, 11, 32, 34, 3, 14, 23, 5, 6, 1, 24, 33, 16, 22, 26, 30, 9]}, {"capacity": 359, "impossibleCargos": [0, 4, 5, 7, 8], "neighbors": [23, 12, 32, 15, 11, 28, 33, 6, 13, 24, 25, 18, 19, 4, 5, 35, 22]}, {"capacity": 521, "impossibleCargos": [2, 4, 9, 12], "neighbors": [6, 32, 10, 29, 30, 14, 25, 27, 23, 5, 7, 11, 35, 33, 28, 3, 34, 39]}, {"capacity": 401, "impossibleCargos": [11], "neighbors": [34, 9, 12, 11, 14, 2, 6, 27, 30, 26, 20, 18, 4, 22, 19, 7, 21, 8, 38, 28, 10]}]}