{"volumes": [1200, 1281, 2880, 716, 3610, 1667, 1670, 1356, 681, 1942, 835, 804, 1467, 1448, 0], "conflicts": [[0, 14], [2, 3], [2, 14], [3, 11], [3, 14], [5, 14], [6, 14], [11, 14]], "tanks": [{"capacity": 569, "impossibleCargos": [0, 1, 2, 4, 5, 8, 9, 10, 12, 13], "neighbors": [5, 39, 17, 25, 14, 36, 8, 18, 2, 23, 4, 29, 7, 21, 15, 33, 1, 24, 16, 26, 6]}, {"capacity": 685, "impossibleCargos": [0, 2, 3, 4, 5, 9, 10, 12, 13, 14], "neighbors": [25, 28, 23, 37, 7, 17, 13, 36, 16, 12, 9, 19, 35, 6, 11, 33, 32, 0, 29, 27, 38]}, {"capacity": 349, "impossibleCargos": [0, 1, 2, 4, 5, 8, 9, 10, 11, 13, 14], "neighbors": [16, 30, 20, 33, 36, 6, 0, 26, 34, 13, 17, 27, 11, 12, 29, 35, 31, 32]}, {"capacity": 217, "impossibleCargos": [0, 1, 3, 4, 8, 9, 11, 12, 13, 14], "neighbors": [18, 37, 14, 24, 36, 38, 12, 8, 35, 4, 27, 22, 11, 10, 13, 20, 23, 28, 9]}, {"capacity": 819, "impossibleCargos": [0, 1, 4, 6, 9, 10, 11, 12, 13, 14], "neighbors": [26, 24, 33, 12, 21, 39, 20, 16, 35, 0, 3, 18, 31, 6, 15, 9, 34, 22, 37, 28, 7, 10, 36, 17]}, {"capacity": 610, "impossibleCargos": [0, 1, 3, 4, 6, 7, 8, 11, 13, 14], "neighbors": [38, 25, 0, 10, 37, 23, 12, 8, 9, 17, 26, 18, 11, 22, 39, 29, 30]}, {"capacity": 610, "impossibleCargos": [0, 1, 2, 3, 5, 6, 7, 8, 11, 12, 13], "neighbors": [33, 12, 21, 39, 34, 30, 2, 32, 38, 8, 18, 29, 14, 22, 31, 4, 11, 1, 7, 17, 0]}, {"capacity": 377, "impossibleCargos": [0, 5, 6, 7, 8, 9, 10, 11, 12, 13, 14], "neighbors": [23, 21, 13, 11, 1, 38, 12, 0, 33, 37, 25, 6, 8, 4]}, {"capacity": 477, "impossibleCargos": [0, 1, 2, 3, 4, 5, 6, 9, 10, 14], "neighbors": [12, 23, 19, 5, 33, 9, 31, 6, 0, 15, 17, 10, 3, 14, 24, 34, 7, 13]}, {"capacity": 561, "impossibleCargos": [2, 3, 5, 6, 7, 8, 9, 10, 11, 12, 13, 14], "neighbors": [11, 35, 25, 23, 38, 10, 14, 8, 31, 15, 5, 37, 1, 4, 36, 30, 3, 22]}, {"capacity": 716, "impossibleCargos": [0, 2, 5, 6, 7, 9, 11, 14], "neighbors": [21, 12, 5, 35, 13, 17, 9, 23, 32, 8, 14, 18, 16, 30, 20, 19, 33, 3, 38, 39, 15, 4]}, {"capacity": 244, "impossibleCargos": [0, 1, 2, 3, 4, 5, 6, 9, 10, 12, 13, 14], "neighbors": [9, 16, 29, 7, 38, 15, 39, 26, 28, 5, 6, 12, 24, 3, 1, 2, 32, 17, 14, 21, 34, 33]}, {"capacity": 400, "impossibleCargos": [1, 2, 4, 6, 7, 8, 9, 10, 11, 12, 13, 14], "neighbors": [13, 10, 8, 29, 6, 5, 21, 25, 4, 34, 36, 3, 20, 24, 7, 1, 15, 11, 26, 2, 14, 30, 17]}, {"capacity": 852, "impossibleCargos": [0, 1, 3, 4, 5, 6, 7, 8, 9, 10, 11, 12, 13, 14], "neighbors": [20, 12, 19, 32, 21, 31, 16, 10, 7, 1, 2, 17, 23, 37, 36, 24, 33, 3, 26, 8, 25]}, {"capacity": 953, "impossibleCargos": [2, 3, 5, 6, 8, 10, 11, 12, 13, 14], "neighbors": [3, 20, 39, 17, 18, 9, 0, 33, 29, 37, 28, 21, 10, 6, 23, 25, 8, 24, 26, 36, 12, 11, 35]}, {"capacity": 996, "impossibleCargos": [0, 3, 4, 5, 7, 8, 9, 10, 11], "neighbors": [32, 24, 19, 16, 36, 34, 21, 8, 37, 9, 11, 12, 17, 22, 31, 27, 4, 33, 0, 30, 10, 26, 18]}, {"capacity": 740, "impossibleCargos": [0, 1, 2, 3, 5, 6, 7, 9, 10, 11, 12, 13, 14], "neighbors": [2, 34, 11, 24, 13, 15, 22, 36, 33, 39, 29, 17, 20, 32, 4, 30, 10, 1, 27, 25, 37, 0]}, {"capacity": 518, "impossibleCargos": [0, 1, 2, 3, 4, 5, 6, 7, 8, 9, 10, 11, 13, 14], "neighbors": [31, 21, 0, 36, 25, 10, 18, 14, 24, 28, 16, 8, 34, 1, 5, 2, 13, 19, 15, 33, 27, 37, 11, 6, 12, 4]}, {"capacity": 375, "impossibleCargos": [1, 3, 4, 6, 7, 8, 9, 10, 12, 13, 14], "neighbors": [20, 3, 17, 29, 14, 24, 0, 6, 19, 10, 37, 4, 25, 5, 38, 33, 39, 26, 15]}, {"capacity": 615, "impossibleCargos": [1, 2, 5, 6, 8, 11, 12, 13, 14], "neighbors": [13, 15, 8, 28, 24, 18, 39, 17, 23, 1, 10, 38, 34, 21]}, {"capacity": 595, "impossibleCargos": [0, 1, 2, 3, 4, 5, 6, 8, 9, 10, 11, 14], "neighbors": [18, 13, 14, 2, 28, 4, 16, 12, 36, 31, 22, 10, 33, 3, 30, 35]}, {"capacity": 561, "impossibleCargos": [0, 1, 3, 5, 6, 7, 9, 11, 12, 13, 14], "neighbors": [10, 17, 39, 13, 36, 23, 6, 7, 37, 12, 32, 15, 4, 14, 27, 25, 35, 0, 19, 11]}, {"capacity": 427, "impossibleCargos": [0, 1, 4, 5, 7, 8, 9, 10, 12, 13, 14], "neighbors": [33, 37, 16, 25, 6, 31, 20, 15, 32, 3, 26, 5, 4, 23, 9]}, {"capacity": 428, "impossibleCargos": [0, 1, 2, 3, 4, 5, 8, 9, 10, 12], "neighbors": [32, 8, 7, 9, 21, 5, 25, 1, 10, 37, 30, 34, 0, 14, 38, 19, 13, 35, 24, 28, 3, 22, 29]}, {"capacity": 254, "impossibleCargos": [0, 2, 3, 4, 6, 7, 9, 11, 13, 14], "neighbors": [15, 4, 3, 16, 35, 33, 19, 18, 17, 39, 26, 12, 36, 14, 8, 23, 11, 13, 27, 0, 25]}, {"capacity": 960, "impossibleCargos": [0, 1, 4, 6, 7, 8, 9, 10, 11, 12, 13, 14], "neighbors": [35, 5, 9, 1, 17, 28, 37, 0, 23, 32, 31, 12, 22, 34, 30, 18, 14, 16, 21, 36, 7, 39, 33, 24, 13]}, {"capacity": 564, "impossibleCargos": [1, 2, 3, 4, 6, 7, 8, 10, 12, 13, 14], "neighbors": [4, 33, 32, 37, 31, 24, 2, 11, 5, 38, 14, 22, 12, 13, 0, 15, 18]}, {"capacity": 944, "impossibleCargos": [2, 3, 4, 5, 6, 7, 8, 10, 12, 13, 14], "neighbors": [28, 29, 35, 21, 16, 2, 3, 17, 15, 24, 30, 32, 33, 1]}, {"capacity": 693, "impossibleCargos": [0, 2, 3, 4, 6, 7, 9, 10, 11, 14], "neighbors": [1, 25, 19, 27, 20, 34, 17, 14, 33, 39, 11, 37, 23, 3, 35, 4]}, {"capacity": 414, "impossibleCargos": [0, 1, 2, 4, 5, 6, 7, 8, 10, 13, 14], "neighbors": [12, 30, 18, 37, 16, 14, 11, 27, 6, 34, 0, 5, 36, 2, 1, 31, 23]}, {"capacity": 232, "impossibleCargos": [1, 2, 3, 4, 5, 7, 8, 9, 12, 13, 14], "neighbors": [33, 38, 2, 29, 6, 36, 23, 32, 25, 16, 34, 10, 39, 27, 9, 20, 12, 15, 5]}, {"capacity": 425, "impossibleCargos": [0, 2, 3, 4, 5, 6, 7, 8, 9, 10, 11, 12, 13, 14], "neighbors": [17, 13, 25, 8, 34, 9, 26, 20, 4, 22, 15, 6, 35, 2, 29]}, {"capacity": 688, "impossibleCargos": [0, 2, 3, 4, 5, 6, 7, 8, 9, 11, 13, 14], "neighbors": [15, 23, 13, 26, 6, 25, 33, 21, 10, 16, 30, 38, 22, 36, 35, 11, 1, 27, 2]}, {"capacity": 429, "impossibleCargos": [0, 2, 3, 5, 6, 9, 10, 12, 13, 14], "neighbors": [22, 6, 30, 4, 26, 2, 8, 16, 24, 32, 14, 37, 28, 17, 20, 15, 10, 7, 13, 0, 1, 18, 25, 27, 36, 11, 39]}, {"capacity": 419, "impossibleCargos": [4, 5, 6, 7, 8, 10, 12, 13, 14], "neighbors": [16, 6, 15, 12, 28, 31, 17, 25, 23, 2, 29, 30, 4, 19, 8, 11]}, {"capacity": 428, "impossibleCargos": [0, 1, 2, 3, 7, 8, 10, 11, 12, 13, 14], "neighbors": [25, 9, 10, 24, 27, 4, 3, 23, 1, 31, 21, 32, 37, 36, 2, 20, 14, 28]}, {"capacity": 640, "impossibleCargos": [0, 1, 2, 3, 4, 5, 7, 8, 11, 12, 13, 14], "neighbors": [17, 21, 3, 16, 2, 15, 0, 12, 30, 20, 1, 24, 32, 39, 13, 25, 14, 9, 29, 35, 33, 37, 4]}, {"capacity": 891, "impossibleCargos": [0, 1, 2, 4, 6, 7, 8, 10, 11, 12, 14], "neighbors": [3, 22, 5, 25, 21, 29, 23, 14, 1, 15, 26, 33, 9, 18, 13, 17, 7, 28, 35, 4, 16, 36]}, {"capacity": 757, "impossibleCargos": [0, 1, 4, 6, 7, 8, 11, 13, 14], "neighbors": [5, 30, 9, 6, 3, 11, 7, 32, 23, 26, 18, 19, 10, 1]}, {"capacity": 653, "impossibleCargos": [0, 1, 3, 4, 5, 7, 9, 10, 12, 13, 14], "neighbors": [0, 21, 6, 14, 16, 24, 4, 19, 11, 28, 30, 36, 5, 18, 25, 10, 33]}]}