{"volumes": [1181, 2352, 1742, 307, 2650, 0, 2066, 1622, 1278, 1738, 1133, 1662, 547, 1092, 1572], "conflicts": [[0, 5], [1, 5], [3, 5], [4, 5], [5, 7], [5, 9], [5, 11], [5, 12], [5, 13], [5, 14]], "tanks": [{"capacity": 856, "impossibleCargos": [0, 8, 10, 12, 14], "neighbors": [34, 39, 9, 32, 22, 1, 37, 15, 23, 10, 7, 26, 35, 17, 28, 38, 29, 20, 27, 13, 30, 33, 6, 4, 14, 21, 24, 8, 2]}, {"capacity": 866, "impossibleCargos": [0, 1, 5, 10], "neighbors": [15, 21, 29, 0, 4, 22, 14, 23, 2, 7, 24, 19, 34, 8, 33, 26, 30, 5, 25, 9, 20, 18, 39, 17]}, {"capacity": 751, "impossibleCargos": [0, 2, 7, 8], "neighbors": [19, 37, 24, 38, 29, 39, 12, 26, 18, 27, 1, 10, 4, 8, 25, 5, 15, 17, 16, 6, 33, 30, 22, 21, 9, 13, 0, 34, 14]}, {"capacity": 315, "impossibleCargos": [4, 5, 6, 10, 12], "neighbors": [7, 10, 9, 32, 13, 34, 38, 21, 11, 39, 29, 33, 28, 23, 5, 37, 26, 25, 22, 17, 36, 18, 16, 30, 27, 4, 8, 12, 24]}, {"capacity": 343, "impossibleCargos": [3, 12], "neighbors": [28, 37, 19, 23, 17, 9, 13, 15, 1, 14, 16, 31, 39, 10, 18, 2, 27, 26, 30, 11, 7, 36, 24, 32, 12, 5, 0, 25, 3, 6]}, {"capacity": 310, "impossibleCargos": [8, 13], "neighbors": [29, 27, 13, 34, 9, 17, 32, 11, 28, 31, 12, 19, 14, 3, 7, 10, 21, 2, 15, 6, 38, 23, 1, 18, 25, 4, 26, 24, 8, 36]}, {"capacity": 624, "impossibleCargos": [0, 10, 14], "neighbors": [26, 15, 23, 11, 28, 39, 9, 32, 29, 17, 35, 24, 22, 14, 31, 18, 25, 2, 5, 36, 0, 34, 27, 13, 30, 8, 37, 38, 4]}, {"capacity": 470, "impossibleCargos": [0, 8, 11, 13], "neighbors": [31, 8, 3, 18, 11, 25, 10, 12, 20, 36, 13, 38, 19, 1, 23, 35, 22, 5, 34, 0, 33, 32, 4, 15, 21, 14, 29, 37, 26]}, {"capacity": 284, "impossibleCargos": [1, 4, 6, 9, 13], "neighbors": [27, 7, 25, 14, 12, 22, 35, 23, 30, 33, 17, 39, 19, 31, 26, 2, 37, 10, 15, 1, 11, 13, 38, 21, 5, 0, 6, 3, 9]}, {"capacity": 320, "impossibleCargos": [2, 10, 11, 13, 14], "neighbors": [16, 12, 0, 5, 11, 3, 34, 4, 6, 15, 29, 36, 18, 23, 21, 26, 14, 13, 28, 39, 22, 33, 17, 31, 1, 32, 10, 2, 25, 8]}, {"capacity": 294, "impossibleCargos": [5, 14], "neighbors": [34, 24, 3, 18, 21, 17, 7, 36, 2, 16, 31, 4, 0, 29, 37, 22, 5, 30, 23, 38, 8, 19, 26, 12, 33, 25, 9, 15, 28, 14]}, {"capacity": 896, "impossibleCargos": [4, 6, 7], "neighbors": [25, 6, 15, 9, 7, 39, 34, 5, 20, 3, 30, 32, 33, 12, 22, 13, 28, 4, 8, 35, 36, 38, 27, 16, 37, 23, 26, 18]}, {"capacity": 626, "impossibleCargos": [1, 8, 14], "neighbors": [36, 9, 14, 8, 16, 2, 33, 37, 28, 7, 11, 5, 19, 22, 15, 31, 21, 27, 18, 10, 38, 4, 39, 13, 20, 30, 3, 34]}, {"capacity": 934, "impossibleCargos": [3, 13, 14], "neighbors": [38, 28, 17, 18, 35, 23, 5, 21, 19, 4, 3, 39, 29, 7, 26, 14, 32, 31, 22, 25, 20, 9, 11, 30, 0, 8, 37, 24, 6, 12, 27, 2, 36, 34, 16, 15]}, {"capacity": 714, "impossibleCargos": [10, 11], "neighbors": [12, 8, 21, 32, 39, 28, 4, 15, 1, 16, 13, 23, 5, 9, 6, 33, 31, 30, 38, 26, 37, 17, 35, 7, 0, 24, 18, 29, 10, 2, 22]}, {"capacity": 672, "impossibleCargos": [11, 12, 13], "neighbors": [19, 6, 27, 11, 33, 1, 31, 38, 36, 4, 9, 30, 14, 28, 26, 21, 0, 23, 16, 32, 18, 12, 39, 17, 35, 5, 2, 20, 8, 34, 7, 22, 25, 10, 37, 13]}, {"capacity": 656, "impossibleCargos": [9, 13], "neighbors": [9, 19, 12, 17, 20, 4, 32, 34, 28, 14, 15, 10, 23, 35, 21, 39, 33, 2, 27, 11, 29, 3, 25, 13, 18]}, {"capacity": 286, "impossibleCargos": [1, 2, 5, 9, 12], "neighbors": [34, 13, 25, 4, 5, 16, 10, 29, 8, 28, 20, 6, 36, 15, 35, 0, 27, 26, 2, 22, 21, 19, 39, 30, 38, 18, 14, 9, 37, 3, 23, 31, 1]}, {"capacity": 927, "impossibleCargos": [7, 13], "neighbors": [13, 25, 10, 7, 23, 29, 37, 35, 24, 21, 2, 22, 15, 4, 30, 9, 26, 6, 33, 27, 20, 12, 32, 17, 39, 34, 5, 3, 19, 14, 1, 28, 11, 16]}, {"capacity": 690, "impossibleCargos": [5, 11], "neighbors": [2, 15, 4, 27, 16, 38, 13, 22, 35, 7, 31, 34, 26, 12, 5, 8, 1, 36, 28, 10, 17, 39, 25, 20, 23, 18]}, {"capacity": 484, "impossibleCargos": [5, 6, 7, 11], "neighbors": [29, 26, 38, 11, 16, 28, 7, 39, 17, 13, 22, 36, 37, 25, 15, 0, 18, 31, 35, 19, 34, 23, 1, 33, 12]}, {"capacity": 587, "impossibleCargos": [4, 8], "neighbors": [29, 32, 25, 28, 14, 35, 13, 1, 10, 36, 18, 38, 3, 15, 9, 16, 5, 39, 17, 12, 27, 37, 7, 26, 2, 8, 0, 30, 31, 34]}, {"capacity": 736, "impossibleCargos": [4, 5, 9, 13], "neighbors": [0, 31, 8, 19, 1, 29, 39, 27, 18, 13, 11, 12, 36, 6, 7, 23, 20, 10, 30, 28, 17, 3, 9, 35, 15, 24, 38, 2, 37, 26, 25, 34, 14]}, {"capacity": 494, "impossibleCargos": [7, 14], "neighbors": [6, 4, 36, 13, 37, 18, 29, 25, 34, 31, 8, 1, 14, 15, 0, 7, 3, 28, 27, 22, 9, 35, 16, 26, 10, 33, 5, 17, 39, 20, 19, 11, 32]}, {"capacity": 898, "impossibleCargos": [0, 5, 6, 10, 12, 13], "neighbors": [37, 32, 36, 10, 2, 29, 30, 18, 6, 1, 28, 26, 27, 4, 22, 35, 13, 5, 34, 14, 0, 33, 3]}, {"capacity": 457, "impossibleCargos": [0, 1, 12], "neighbors": [11, 32, 8, 21, 17, 18, 28, 23, 7, 27, 13, 36, 2, 20, 6, 3, 30, 19, 5, 1, 10, 35, 22, 15, 4, 16, 9, 26, 37]}, {"capacity": 957, "impossibleCargos": [1, 2, 12, 14], "neighbors": [37, 28, 6, 39, 20, 31, 2, 15, 13, 19, 30, 33, 8, 9, 0, 18, 3, 23, 17, 4, 24, 38, 27, 10, 14, 34, 1, 29, 21, 35, 5, 22, 7, 11, 25]}, {"capacity": 476, "impossibleCargos": [2, 7], "neighbors": [8, 5, 19, 15, 28, 22, 33, 2, 30, 25, 23, 4, 17, 18, 26, 0, 12, 39, 24, 21, 16, 11, 29, 6, 34, 13, 3, 37]}, {"capacity": 710, "impossibleCargos": [4, 6, 14], "neighbors": [4, 26, 13, 32, 6, 27, 25, 21, 14, 15, 12, 20, 16, 5, 29, 17, 38, 3, 31, 23, 22, 24, 0, 11, 19, 9, 36, 30, 33, 34, 10, 18]}, {"capacity": 261, "impossibleCargos": [1, 2, 3, 8], "neighbors": [21, 20, 5, 2, 34, 18, 24, 23, 1, 22, 9, 17, 3, 13, 6, 28, 35, 10, 36, 38, 31, 0, 30, 26, 27, 7, 16, 33, 14, 39]}, {"capacity": 206, "impossibleCargos": [4, 7, 9], "neighbors": [37, 24, 15, 31, 11, 8, 34, 27, 39, 26, 18, 38, 22, 10, 14, 4, 13, 17, 32, 0, 25, 35, 1, 2, 28, 29, 6, 21, 3, 12, 36]}, {"capacity": 815, "impossibleCargos": [5, 6, 7, 13, 14], "neighbors": [7, 39, 26, 38, 22, 15, 30, 23, 4, 32, 5, 19, 13, 10, 28, 8, 12, 6, 29, 14, 35, 34, 9, 20, 37, 21, 17]}, {"capacity": 902, "impossibleCargos": [0, 7, 11], "neighbors": [25, 24, 21, 28, 0, 35, 5, 14, 3, 16, 31, 6, 33, 11, 13, 15, 39, 38, 37, 30, 7, 18, 4, 9, 34, 23]}, {"capacity": 466, "impossibleCargos": [0, 12, 13], "neighbors": [15, 35, 12, 36, 32, 27, 8, 11, 3, 26, 14, 18, 16, 7, 37, 2, 1, 9, 0, 23, 28, 10, 29, 24, 20]}, {"capacity": 438, "impossibleCargos": [0, 9, 11, 13], "neighbors": [0, 10, 17, 5, 29, 9, 11, 23, 3, 16, 30, 19, 7, 31, 36, 1, 15, 26, 18, 6, 28, 20, 24, 27, 32, 21, 22, 2, 13, 12]}, {"capacity": 351, "impossibleCargos": [3, 5, 9], "neighbors": [13, 32, 18, 21, 33, 8, 38, 19, 6, 29, 7, 36, 23, 16, 15, 17, 0, 31, 39, 11, 30, 22, 14, 24, 20, 26, 25]}, {"capacity": 549, "impossibleCargos": [13, 14], "neighbors": [12, 24, 23, 21, 15, 33, 9, 10, 7, 22, 17, 29, 35, 25, 20, 34, 19, 28, 4, 6, 11, 37, 3, 5, 13, 30]}, {"capacity": 272, "impossibleCargos": [1, 8, 10, 13, 14], "neighbors": [2, 24, 26, 4, 23, 18, 30, 12, 0, 38, 10, 3, 8, 20, 32, 33, 14, 21, 17, 13, 36, 11, 22, 31, 7, 6, 27, 15, 25]}, {"capacity": 653, "impossibleCargos": [0, 2, 5], "neighbors": [13, 2, 19, 20, 39, 31, 15, 35, 21, 3, 7, 37, 28, 30, 32, 29, 0, 10, 14, 26, 17, 5, 12, 22, 11, 8, 6]}, {"capacity": 503, "impossibleCargos": [12, 14], "neighbors": [26, 0, 2, 31, 6, 14, 38, 11, 22, 3, 13, 4, 20, 8, 30, 32, 15, 21, 16, 19, 17, 27, 35, 9, 18, 12, 23, 29, 1]}]}