{"volumes": [829, 2147, 1481, 514, 3028, 541, 2347, 665, 3805, 1259, 488, 1561, 407, 0, 2789], "conflicts": [[3, 13], [4, 13], [6, 13], [7, 13], [8, 13], [10, 13], [13, 14]], "tanks": [{"capacity": 937, "impossibleCargos": [2, 4, 6, 10], "neighbors": [16, 32, 6, 10, 26, 12, 1, 39, 36, 3, 20, 30, 25, 17, 37, 13, 34, 22, 8, 33, 27, 7, 38, 24, 31, 35, 28, 18, 4, 9, 14, 5, 2]}, {"capacity": 522, "impossibleCargos": [4, 5, 7], "neighbors": [24, 32, 20, 19, 0, 36, 3, 39, 34, 37, 29, 26, 31, 2, 15, 16, 9, 11, 12, 33, 8, 25, 38, 4, 28, 17, 7, 14, 13, 18, 6, 35, 10, 21]}, {"capacity": 220, "impossibleCargos": [3, 4, 6, 10, 12], "neighbors": [9, 34, 22, 4, 25, 29, 32, 30, 20, 1, 21, 31, 10, 28, 7, 36, 8, 3, 14, 37, 35, 17, 33, 18, 19, 0, 16]}, {"capacity": 797, "impossibleCargos": [1, 3, 5], "neighbors": [18, 5, 30, 23, 21, 25, 1, 26, 6, 0, 34, 17, 24, 16, 13, 32, 36, 39, 33, 22, 31, 14, 2, 11, 8, 35, 15, 38, 27, 4, 28]}, {"capacity": 787, "impossibleCargos": [0, 2, 3, 6, 7, 9, 13], "neighbors": [17, 9, 6, 2, 13, 27, 14, 36, 29, 22, 7, 33, 30, 28, 8, 10, 1, 21, 19, 16, 39, 23, 25, 0, 15, 3, 5, 12]}, {"capacity": 242, "impossibleCargos": [5, 6, 7, 11, 12, 13], "neighbors": [25, 21, 24, 7, 3, 19, 13, 23, 26, 8, 16, 28, 35, 39, 30, 33, 10, 17, 12, 22, 20, 32, 6, 14, 9, 15, 37, 11, 36, 0, 4]}, {"capacity": 633, "impossibleCargos": [5, 9, 11, 13], "neighbors": [13, 4, 23, 0, 32, 29, 27, 35, 3, 8, 16, 20, 34, 30, 25, 38, 28, 10, 37, 39, 21, 7, 5, 12, 18, 24, 1, 11, 31, 33, 26]}, {"capacity": 653, "impossibleCargos": [1, 3, 14], "neighbors": [27, 23, 11, 5, 39, 14, 25, 34, 4, 37, 22, 16, 18, 2, 0, 12, 24, 30, 21, 36, 9, 32, 28, 1, 6, 15, 31, 10, 29, 13, 33, 26]}, {"capacity": 524, "impossibleCargos": [9, 10, 11, 12], "neighbors": [17, 11, 18, 27, 5, 24, 6, 39, 12, 30, 0, 2, 3, 34, 1, 4, 22, 31, 16, 37, 15, 32, 36, 23, 38]}, {"capacity": 936, "impossibleCargos": [0, 12], "neighbors": [2, 37, 4, 17, 14, 22, 15, 11, 18, 35, 24, 36, 27, 30, 34, 39, 31, 1, 33, 10, 32, 38, 21, 7, 5, 23, 25, 0, 29]}, {"capacity": 631, "impossibleCargos": [1, 2, 8, 12, 14], "neighbors": [25, 35, 23, 22, 38, 28, 0, 37, 13, 17, 36, 18, 33, 20, 12, 2, 5, 27, 24, 15, 39, 9, 21, 4, 29, 6, 30, 19, 16, 31, 1, 7, 32]}, {"capacity": 473, "impossibleCargos": [7, 9, 14], "neighbors": [7, 13, 26, 31, 15, 8, 9, 24, 33, 32, 29, 22, 30, 28, 1, 38, 3, 37, 35, 14, 25, 18, 5, 17, 6]}, {"capacity": 233, "impossibleCargos": [1, 5, 6, 7], "neighbors": [29, 39, 19, 0, 35, 31, 23, 38, 13, 10, 24, 8, 20, 15, 34, 5, 36, 7, 1, 25, 28, 22, 33, 6, 32, 18, 26, 4, 14]}, {"capacity": 589, "impossibleCargos": [3, 4, 5, 6, 7, 11], "neighbors": [6, 5, 17, 11, 4, 22, 10, 33, 35, 39, 34, 16, 12, 3, 0, 27, 31, 28, 21, 20, 26, 23, 32, 14, 1, 19, 18, 7, 29]}, {"capacity": 985, "impossibleCargos": [3, 9, 12], "neighbors": [23, 31, 9, 18, 38, 7, 4, 27, 19, 28, 26, 16, 32, 3, 2, 25, 21, 15, 5, 11, 1, 37, 36, 13, 22, 34, 30, 33, 0, 12]}, {"capacity": 666, "impossibleCargos": [1, 2, 13], "neighbors": [25, 30, 11, 36, 9, 16, 21, 28, 26, 19, 1, 22, 12, 20, 10, 18, 34, 37, 8, 14, 7, 3, 5, 38, 4, 32]}, {"capacity": 954, "impossibleCargos": [12], "neighbors": [0, 32, 33, 26, 15, 34, 38, 23, 25, 5, 28, 13, 20, 3, 6, 35, 7, 1, 29, 14, 39, 18, 30, 8, 4, 37, 24, 10, 22, 36, 2, 21, 19]}, {"capacity": 229, "impossibleCargos": [1, 9], "neighbors": [4, 13, 9, 8, 33, 10, 3, 32, 19, 18, 0, 28, 26, 27, 5, 29, 1, 39, 22, 2, 20, 11, 24, 25]}, {"capacity": 629, "impossibleCargos": [5, 7], "neighbors": [39, 27, 3, 38, 36, 29, 37, 14, 8, 26, 9, 25, 21, 34, 10, 17, 30, 7, 23, 22, 16, 28, 15, 32, 20, 11, 0, 24, 33, 2, 6, 1, 13, 12, 35]}, {"capacity": 944, "impossibleCargos": [2, 9], "neighbors": [12, 1, 5, 36, 33, 32, 38, 27, 14, 17, 15, 28, 39, 29, 20, 30, 24, 25, 37, 4, 10, 21, 35, 23, 13, 2, 34, 16]}, {"capacity": 521, "impossibleCargos": [3, 10, 13], "neighbors": [1, 36, 27, 30, 31, 0, 2, 10, 16, 38, 6, 35, 12, 19, 15, 26, 22, 5, 13, 18, 21, 17, 37, 23]}, {"capacity": 676, "impossibleCargos": [3, 5, 7, 9], "neighbors": [5, 35, 3, 33, 25, 30, 22, 26, 18, 15, 27, 2, 32, 36, 7, 10, 14, 9, 13, 4, 6, 19, 37, 20, 38, 1, 16]}, {"capacity": 905, "impossibleCargos": [12, 13], "neighbors": [2, 10, 31, 34, 13, 9, 39, 21, 4, 33, 23, 7, 38, 15, 0, 3, 18, 11, 27, 20, 29, 5, 8, 24, 26, 17, 12, 32, 14, 36, 16, 25]}, {"capacity": 584, "impossibleCargos": [10, 12], "neighbors": [14, 26, 7, 27, 10, 6, 33, 5, 3, 30, 16, 12, 22, 18, 39, 32, 37, 35, 34, 31, 13, 4, 9, 8, 19, 20]}, {"capacity": 290, "impossibleCargos": [0, 12], "neighbors": [1, 36, 5, 39, 31, 30, 33, 11, 29, 37, 9, 34, 3, 8, 12, 10, 0, 7, 38, 22, 19, 16, 18, 6, 17, 26]}, {"capacity": 634, "impossibleCargos": [2, 3, 12], "neighbors": [10, 5, 15, 29, 27, 39, 2, 21, 33, 3, 7, 18, 16, 0, 26, 14, 6, 28, 12, 1, 31, 19, 37, 11, 4, 36, 9, 30, 34, 22, 17]}, {"capacity": 869, "impossibleCargos": [0, 3, 4, 5, 10], "neighbors": [23, 11, 16, 0, 5, 3, 38, 28, 18, 21, 27, 15, 1, 17, 14, 32, 20, 25, 37, 30, 13, 22, 31, 35, 33, 36, 12, 34, 24, 7, 6]}, {"capacity": 236, "impossibleCargos": [3, 4, 11, 12, 14], "neighbors": [18, 7, 36, 23, 28, 25, 32, 4, 20, 19, 6, 8, 14, 26, 9, 39, 21, 13, 17, 22, 0, 10, 30, 33, 31, 29, 35, 3]}, {"capacity": 276, "impossibleCargos": [6, 9, 10, 13], "neighbors": [27, 10, 39, 29, 26, 15, 16, 14, 19, 5, 31, 17, 33, 35, 2, 4, 13, 11, 18, 30, 25, 12, 6, 7, 0, 1, 32, 34, 3]}, {"capacity": 696, "impossibleCargos": [3, 11, 14], "neighbors": [32, 12, 25, 18, 28, 33, 6, 2, 37, 24, 38, 4, 1, 11, 16, 19, 22, 34, 35, 17, 10, 27, 9, 39, 7, 36, 13]}, {"capacity": 453, "impossibleCargos": [6, 14], "neighbors": [39, 37, 3, 15, 21, 24, 33, 20, 31, 2, 23, 0, 38, 9, 5, 18, 8, 16, 4, 11, 6, 19, 7, 26, 28, 27, 10, 25, 36, 14]}, {"capacity": 878, "impossibleCargos": [0, 7, 8, 11], "neighbors": [14, 37, 35, 22, 24, 11, 30, 12, 20, 33, 28, 1, 3, 13, 2, 9, 8, 0, 25, 39, 27, 23, 34, 26, 36, 10, 7, 38, 6]}, {"capacity": 400, "impossibleCargos": [8, 9, 12], "neighbors": [38, 29, 1, 0, 16, 6, 27, 19, 36, 35, 2, 37, 39, 11, 17, 3, 21, 14, 26, 23, 9, 7, 34, 8, 18, 5, 13, 28, 22, 33, 12, 15, 10]}, {"capacity": 695, "impossibleCargos": [0, 1, 3, 8, 14], "neighbors": [23, 16, 21, 19, 29, 30, 25, 13, 17, 31, 24, 11, 10, 22, 4, 5, 28, 3, 0, 9, 1, 27, 34, 36, 12, 2, 18, 26, 32, 14, 6, 7]}, {"capacity": 265, "impossibleCargos": [3, 7, 8, 10, 11], "neighbors": [2, 36, 22, 16, 3, 18, 7, 1, 13, 24, 37, 0, 6, 9, 35, 12, 29, 8, 15, 32, 33, 23, 31, 28, 14, 25, 19, 26]}, {"capacity": 610, "impossibleCargos": [3, 6, 7, 12], "neighbors": [31, 10, 21, 12, 32, 6, 13, 9, 5, 16, 20, 28, 36, 34, 3, 11, 0, 29, 23, 39, 2, 38, 19, 27, 26, 1, 18]}, {"capacity": 577, "impossibleCargos": [3, 6, 10], "neighbors": [24, 27, 34, 18, 19, 20, 15, 32, 1, 0, 4, 10, 9, 39, 37, 3, 35, 12, 2, 21, 7, 33, 25, 14, 31, 8, 22, 26, 30, 5, 16, 38, 29]}, {"capacity": 312, "impossibleCargos": [5, 8, 10, 11, 14], "neighbors": [38, 9, 31, 30, 18, 10, 29, 32, 24, 1, 7, 0, 36, 34, 26, 23, 11, 15, 8, 19, 6, 25, 16, 2, 21, 5, 14, 20]}, {"capacity": 299, "impossibleCargos": [1, 2, 3], "neighbors": [32, 18, 37, 10, 19, 14, 26, 16, 29, 12, 39, 30, 20, 22, 11, 0, 9, 24, 6, 1, 35, 15, 21, 3, 8, 31, 36]}, {"capacity": 969, "impossibleCargos": [9], "neighbors": [18, 24, 12, 30, 7, 25, 28, 0, 22, 1, 13, 32, 36, 8, 38, 19, 27, 5, 3, 16, 23, 9, 10, 31, 6, 35, 17, 4, 29]}]}