{"volumes": [1277, 5510, 2156, 534, 1190, 531, 1267, 1190, 730, 529, 875, 391, 2047, 4773, 1297], "conflicts": [[5, 8], [5, 9], [10, 11]], "tanks": [{"capacity": 527, "impossibleCargos": [2, 9, 13], "neighbors": [34, 38, 11, 19, 3, 30, 28, 29, 16, 12, 35, 13, 8, 4, 33, 27, 14, 1, 9, 7, 2, 20, 36, 5, 25, 39, 37, 23, 24, 17, 18, 6, 32]}, {"capacity": 202, "impossibleCargos": [3, 4, 11], "neighbors": [26, 4, 20, 31, 27, 33, 2, 36, 29, 32, 28, 38, 23, 5, 37, 34, 18, 0, 16, 13, 17, 19, 3, 30, 6, 22, 7, 8, 24, 9, 15, 25]}, {"capacity": 947, "impossibleCargos": [4, 6, 8, 10, 12], "neighbors": [30, 29, 22, 21, 25, 34, 7, 37, 10, 11, 1, 3, 35, 19, 33, 38, 32, 18, 16, 8, 6, 39, 0, 26, 23, 13, 28, 12, 9, 24, 17]}, {"capacity": 810, "impossibleCargos": [3, 7], "neighbors": [32, 25, 13, 0, 18, 2, 30, 5, 28, 19, 35, 36, 33, 22, 6, 31, 27, 37, 4, 1, 12, 34, 21, 9, 23, 38, 16, 24]}, {"capacity": 628, "impossibleCargos": [12], "neighbors": [21, 20, 19, 1, 6, 38, 23, 15, 17, 0, 11, 30, 9, 31, 14, 3, 18, 16, 24, 35, 7, 22, 29, 12, 5, 27, 26, 34, 28]}, {"capacity": 547, "impossibleCargos": [0, 4, 6], "neighbors": [18, 28, 30, 38, 34, 17, 23, 37, 36, 39, 8, 31, 3, 35, 16, 14, 22, 1, 11, 21, 9, 19, 20, 32, 24, 0, 33, 4, 12, 10, 27]}, {"capacity": 502, "impossibleCargos": [3, 7, 11], "neighbors": [23, 10, 8, 37, 32, 13, 4, 20, 38, 2, 3, 11, 7, 17, 21, 30, 33, 19, 36, 1, 14, 26, 31, 24, 28, 39, 0, 18, 16, 12, 34]}, {"capacity": 384, "impossibleCargos": [1, 4, 8], "neighbors": [26, 34, 2, 33, 9, 28, 32, 24, 20, 31, 37, 16, 25, 8, 36, 11, 23, 19, 6, 0, 15, 29, 38, 17, 4, 1, 22, 13, 21, 35, 27, 18, 14]}, {"capacity": 799, "impossibleCargos": [0, 2, 5, 6, 9, 10, 12], "neighbors": [29, 30, 19, 6, 35, 5, 15, 34, 9, 26, 18, 37, 24, 7, 0, 2, 33, 20, 28, 13, 23, 11, 25, 22, 1, 27]}, {"capacity": 918, "impossibleCargos": [0, 2, 3, 13], "neighbors": [33, 16, 21, 26, 7, 39, 8, 25, 11, 28, 37, 5, 35, 24, 0, 4, 32, 30, 19, 18, 3, 31, 23, 34, 1, 20, 2, 17, 15]}, {"capacity": 990, "impossibleCargos": [1], "neighbors": [36, 12, 28, 13, 16, 6, 17, 24, 2, 30, 32, 14, 33, 25, 26, 35, 29, 15, 39, 5, 18, 34, 27, 11, 38]}, {"capacity": 788, "impossibleCargos": [2, 6, 14], "neighbors": [29, 0, 32, 22, 23, 2, 15, 34, 33, 5, 9, 30, 7, 4, 31, 6, 12, 8, 13, 18, 25, 20, 10, 24, 36, 21, 17, 16, 35]}, {"capacity": 591, "impossibleCargos": [0, 4, 7, 9, 14], "neighbors": [22, 10, 15, 21, 17, 24, 27, 0, 38, 29, 20, 14, 16, 11, 3, 4, 18, 34, 23, 35, 2, 5, 19, 33, 36, 6]}, {"capacity": 954, "impossibleCargos": [4], "neighbors": [3, 10, 26, 21, 38, 33, 23, 6, 25, 0, 32, 17, 22, 37, 1, 8, 19, 2, 18, 11, 20, 24, 29, 14, 36, 7, 15, 39, 16, 31]}, {"capacity": 535, "impossibleCargos": [1, 2, 12, 13], "neighbors": [30, 28, 38, 32, 5, 10, 23, 20, 0, 34, 12, 25, 4, 19, 16, 39, 31, 6, 35, 13, 15, 17, 36, 21, 27, 7, 24]}, {"capacity": 694, "impossibleCargos": [0, 3, 6, 8, 10, 11, 13, 14], "neighbors": [36, 12, 8, 11, 28, 34, 37, 18, 21, 16, 4, 22, 19, 7, 25, 10, 29, 38, 31, 27, 17, 14, 32, 23, 35, 13, 1, 24, 9]}, {"capacity": 559, "impossibleCargos": [0, 4, 5, 11], "neighbors": [30, 10, 9, 29, 20, 31, 0, 38, 7, 5, 28, 15, 2, 36, 37, 12, 1, 4, 14, 23, 39, 22, 33, 6, 13, 11, 3, 35, 21]}, {"capacity": 895, "impossibleCargos": [6], "neighbors": [31, 28, 12, 33, 5, 19, 10, 22, 23, 18, 13, 4, 35, 34, 6, 1, 32, 29, 7, 21, 37, 15, 0, 27, 14, 2, 9, 11]}, {"capacity": 574, "impossibleCargos": [1, 2, 4, 5, 7, 8], "neighbors": [5, 22, 39, 20, 26, 3, 35, 8, 15, 17, 2, 32, 27, 1, 4, 24, 13, 11, 33, 12, 38, 9, 21, 0, 29, 10, 6, 23, 7]}, {"capacity": 698, "impossibleCargos": [2, 4, 14], "neighbors": [38, 0, 4, 17, 8, 2, 3, 7, 26, 5, 33, 15, 36, 1, 32, 14, 13, 6, 29, 31, 9, 20, 23, 37, 22, 27, 12]}, {"capacity": 697, "impossibleCargos": [0, 12], "neighbors": [37, 21, 4, 28, 24, 29, 1, 18, 16, 32, 7, 6, 12, 14, 5, 0, 8, 22, 13, 33, 19, 38, 31, 34, 9, 11, 39, 35, 36]}, {"capacity": 291, "impossibleCargos": [1, 6], "neighbors": [2, 4, 20, 12, 13, 35, 9, 37, 33, 34, 28, 29, 27, 32, 15, 5, 39, 31, 6, 38, 17, 22, 26, 3, 18, 36, 30, 24, 7, 14, 11, 16]}, {"capacity": 794, "impossibleCargos": [1, 2, 6, 8, 10, 14], "neighbors": [26, 12, 18, 2, 39, 32, 24, 25, 11, 35, 17, 5, 27, 3, 15, 13, 23, 20, 8, 4, 16, 1, 21, 31, 38, 19, 7, 37, 34]}, {"capacity": 907, "impossibleCargos": [0, 2, 4, 5, 9], "neighbors": [33, 6, 27, 5, 11, 35, 13, 38, 17, 4, 1, 31, 36, 26, 7, 14, 28, 37, 29, 22, 2, 8, 16, 39, 24, 12, 0, 19, 15, 9, 18, 3]}, {"capacity": 740, "impossibleCargos": [1, 2, 5], "neighbors": [31, 37, 36, 26, 29, 20, 22, 25, 34, 10, 28, 12, 30, 7, 8, 39, 33, 9, 4, 5, 18, 35, 23, 13, 1, 0, 6, 2, 21, 11, 38, 15, 27, 3, 14]}, {"capacity": 655, "impossibleCargos": [7, 8, 9], "neighbors": [32, 3, 2, 24, 22, 9, 36, 13, 7, 10, 26, 15, 14, 8, 33, 38, 0, 34, 27, 11, 35, 30, 37, 29, 1]}, {"capacity": 736, "impossibleCargos": [0, 4, 9, 10, 11], "neighbors": [22, 32, 7, 24, 13, 37, 1, 28, 9, 18, 39, 8, 36, 23, 31, 19, 25, 29, 10, 2, 6, 21, 38, 4]}, {"capacity": 879, "impossibleCargos": [4, 7, 13], "neighbors": [23, 1, 31, 12, 33, 21, 34, 22, 18, 0, 3, 15, 39, 38, 25, 28, 35, 30, 17, 8, 19, 4, 10, 24, 5, 29, 7, 14]}, {"capacity": 588, "impossibleCargos": [1, 4, 11, 12, 14], "neighbors": [5, 17, 10, 14, 33, 20, 26, 0, 7, 24, 15, 21, 31, 1, 30, 16, 3, 36, 9, 38, 23, 8, 37, 2, 29, 27, 6, 32, 4, 35]}, {"capacity": 691, "impossibleCargos": [1, 6, 11, 12, 13], "neighbors": [32, 11, 2, 8, 24, 39, 20, 16, 0, 1, 21, 12, 37, 26, 23, 10, 7, 15, 35, 19, 17, 13, 4, 28, 34, 18, 30, 36, 31, 38, 25, 27]}, {"capacity": 589, "impossibleCargos": [1, 9, 11, 14], "neighbors": [16, 2, 5, 14, 37, 8, 0, 3, 39, 24, 10, 28, 32, 11, 36, 4, 6, 9, 1, 33, 27, 35, 21, 29, 25]}, {"capacity": 304, "impossibleCargos": [1, 3, 6, 7, 13], "neighbors": [24, 34, 17, 37, 1, 5, 36, 16, 27, 28, 7, 23, 33, 35, 26, 11, 3, 21, 38, 4, 15, 14, 19, 6, 9, 20, 22, 29, 39, 13]}, {"capacity": 546, "impossibleCargos": [9], "neighbors": [29, 25, 3, 26, 35, 22, 11, 14, 6, 1, 7, 20, 10, 39, 21, 2, 30, 18, 13, 33, 9, 5, 19, 17, 38, 37, 15, 0, 28]}, {"capacity": 376, "impossibleCargos": [0, 2, 6, 7, 11, 14], "neighbors": [23, 35, 28, 9, 17, 13, 7, 1, 21, 11, 2, 27, 24, 31, 36, 3, 10, 32, 0, 8, 19, 6, 34, 37, 25, 30, 18, 20, 5, 39, 16, 12]}, {"capacity": 269, "impossibleCargos": [5, 9], "neighbors": [0, 31, 5, 2, 7, 24, 8, 11, 15, 21, 36, 27, 35, 1, 14, 37, 17, 33, 38, 3, 12, 25, 29, 20, 9, 10, 22, 4, 6]}, {"capacity": 862, "impossibleCargos": [3, 12], "neighbors": [33, 32, 21, 8, 22, 39, 23, 2, 18, 0, 5, 34, 36, 3, 31, 17, 9, 10, 29, 24, 38, 4, 14, 12, 27, 30, 15, 25, 7, 11, 20, 16, 28]}, {"capacity": 532, "impossibleCargos": [1, 2, 7, 8, 12, 13, 14], "neighbors": [10, 24, 15, 5, 1, 31, 34, 26, 25, 35, 33, 3, 7, 16, 23, 37, 28, 30, 19, 6, 0, 39, 13, 21, 29, 14, 11, 12, 20]}, {"capacity": 902, "impossibleCargos": [4, 5, 7, 10, 11, 12, 13], "neighbors": [24, 20, 30, 26, 38, 31, 6, 5, 2, 21, 8, 15, 7, 1, 36, 9, 29, 16, 34, 23, 13, 3, 28, 33, 17, 0, 32, 19, 22, 25]}, {"capacity": 424, "impossibleCargos": [2, 9, 12], "neighbors": [19, 0, 5, 14, 13, 37, 23, 16, 2, 12, 4, 1, 6, 28, 31, 15, 7, 21, 25, 35, 32, 34, 18, 27, 20, 22, 26, 3, 24, 29, 10]}, {"capacity": 578, "impossibleCargos": [3, 11, 12, 13], "neighbors": [18, 22, 29, 5, 26, 35, 9, 30, 32, 24, 21, 2, 14, 16, 23, 27, 36, 0, 33, 10, 6, 13, 20, 31]}]}