{"volumes": [1213, 1866, 1244, 925, 1331, 4089, 1748, 0, 2824, 901, 1652, 1523, 2274, 1421, 918], "conflicts": [[1, 7], [5, 7], [7, 9], [7, 11]], "tanks": [{"capacity": 294, "impossibleCargos": [0, 2, 3, 4, 5, 7, 8, 11], "neighbors": [32, 9, 18, 25, 8, 5, 28, 4, 17, 19, 16, 21, 23, 27, 24, 38, 2, 1, 37, 35, 15, 14, 10, 13, 39, 26, 29, 34]}, {"capacity": 974, "impossibleCargos": [2, 4, 5, 8, 9, 11, 13], "neighbors": [38, 27, 31, 26, 39, 9, 20, 19, 21, 18, 4, 17, 5, 10, 2, 34, 0, 13, 11, 25, 37, 7, 24, 15, 16, 30, 28, 8, 33, 14, 35]}, {"capacity": 946, "impossibleCargos": [9, 10, 12], "neighbors": [7, 6, 28, 35, 9, 26, 14, 39, 29, 33, 21, 11, 18, 38, 8, 17, 15, 1, 27, 0, 30, 12, 5, 25, 10, 3, 31, 23, 34, 36, 32, 13, 24]}, {"capacity": 742, "impossibleCargos": [4, 6, 9, 11, 12, 14], "neighbors": [6, 24, 36, 4, 29, 21, 34, 28, 10, 7, 39, 37, 38, 23, 25, 11, 19, 13, 8, 26, 2, 5]}, {"capacity": 527, "impossibleCargos": [0, 1, 2, 5, 7, 8, 11, 12], "neighbors": [5, 26, 13, 32, 18, 23, 3, 11, 9, 0, 14, 27, 1, 15, 8, 29, 19, 34, 39, 37, 33, 21, 7, 12, 22, 10, 30, 28]}, {"capacity": 728, "impossibleCargos": [0, 1, 3, 6, 7, 8, 13, 14], "neighbors": [4, 10, 31, 0, 13, 18, 8, 20, 6, 26, 11, 34, 1, 24, 14, 36, 23, 29, 2, 21, 38, 16, 3, 28, 33, 12, 22, 7, 19]}, {"capacity": 804, "impossibleCargos": [0, 2, 7, 8, 10, 14], "neighbors": [3, 17, 15, 28, 24, 7, 38, 2, 32, 34, 27, 30, 31, 22, 14, 25, 36, 16, 23, 5, 21, 11, 35, 10, 18, 26, 13, 33]}, {"capacity": 351, "impossibleCargos": [1, 2, 7, 8, 10, 12, 13, 14], "neighbors": [14, 15, 6, 26, 2, 9, 25, 13, 33, 22, 29, 3, 10, 37, 24, 18, 39, 27, 4, 19, 1, 38, 36, 12, 11, 5, 23]}, {"capacity": 698, "impossibleCargos": [5, 6, 10, 11, 12, 13], "neighbors": [37, 38, 18, 0, 25, 13, 5, 31, 35, 4, 2, 15, 30, 20, 10, 23, 29, 9, 3, 12, 33, 21, 11, 1, 28, 27, 39, 19, 17]}, {"capacity": 886, "impossibleCargos": [1, 3, 4, 5, 9, 12, 13, 14], "neighbors": [21, 38, 19, 33, 0, 36, 27, 39, 7, 1, 2, 22, 14, 29, 4, 17, 16, 10, 30, 37, 25, 26, 28, 8, 35, 23, 15, 13, 34, 18, 32, 31]}, {"capacity": 448, "impossibleCargos": [2, 3, 5, 6, 7, 8, 12, 13, 14], "neighbors": [18, 19, 5, 11, 17, 20, 35, 3, 12, 30, 21, 9, 1, 33, 26, 7, 36, 14, 6, 8, 25, 16, 38, 28, 2, 0, 29, 24, 31, 39, 13, 32, 37, 4, 34]}, {"capacity": 961, "impossibleCargos": [0, 1, 8, 9, 14], "neighbors": [14, 10, 27, 25, 26, 31, 33, 4, 37, 19, 12, 2, 6, 23, 5, 1, 34, 3, 18, 22, 38, 32, 17, 8, 24, 29, 7]}, {"capacity": 397, "impossibleCargos": [2, 3, 6, 12, 14], "neighbors": [15, 13, 34, 22, 11, 20, 10, 39, 38, 37, 17, 27, 21, 2, 14, 8, 32, 24, 31, 19, 33, 4, 36, 7, 28, 5]}, {"capacity": 656, "impossibleCargos": [0, 4, 7, 10, 11, 13, 14], "neighbors": [4, 33, 16, 23, 37, 12, 18, 35, 7, 8, 5, 21, 31, 17, 22, 15, 25, 1, 3, 28, 14, 38, 9, 0, 10, 34, 2, 6, 26, 36]}, {"capacity": 896, "impossibleCargos": [2, 3, 4, 6, 7, 8, 9, 12, 13, 14], "neighbors": [20, 7, 36, 11, 26, 21, 9, 2, 39, 32, 6, 18, 4, 30, 19, 35, 25, 5, 34, 17, 10, 24, 12, 13, 0, 37, 16, 1]}, {"capacity": 604, "impossibleCargos": [0, 1, 2, 5, 6, 11, 13, 14], "neighbors": [7, 6, 12, 39, 17, 33, 34, 28, 20, 4, 2, 21, 26, 8, 13, 25, 30, 38, 35, 0, 9, 1, 18, 37, 22, 36, 23]}, {"capacity": 955, "impossibleCargos": [1, 2, 3, 4, 5, 6, 7, 8, 12, 13, 14], "neighbors": [13, 26, 36, 31, 18, 23, 28, 39, 6, 9, 17, 20, 0, 37, 30, 29, 22, 34, 10, 5, 21, 24, 1, 35, 14]}, {"capacity": 496, "impossibleCargos": [2, 3, 5, 6, 7, 8, 12, 14], "neighbors": [20, 6, 22, 25, 15, 32, 34, 10, 9, 0, 26, 13, 16, 2, 1, 27, 24, 36, 14, 38, 12, 23, 30, 33, 18, 11, 37, 8]}, {"capacity": 613, "impossibleCargos": [2, 3, 9, 12, 14], "neighbors": [10, 28, 4, 0, 31, 8, 16, 13, 23, 38, 33, 5, 32, 19, 1, 14, 30, 2, 29, 25, 36, 34, 22, 7, 24, 39, 17, 11, 15, 21, 6, 9, 20, 35]}, {"capacity": 1000, "impossibleCargos": [3, 6, 7, 9, 11, 14], "neighbors": [31, 9, 24, 10, 33, 1, 21, 18, 32, 23, 11, 0, 14, 27, 4, 22, 37, 20, 29, 3, 7, 39, 36, 12, 35, 38, 8, 5, 26]}, {"capacity": 782, "impossibleCargos": [3, 6, 8, 9, 10, 11, 12, 13, 14], "neighbors": [14, 26, 21, 17, 25, 29, 38, 1, 37, 36, 32, 27, 10, 35, 5, 15, 12, 16, 28, 24, 22, 19, 8, 23, 33, 31, 18, 30]}, {"capacity": 496, "impossibleCargos": [2, 8, 9, 10, 11, 12], "neighbors": [9, 20, 35, 3, 14, 19, 1, 31, 37, 39, 2, 13, 26, 6, 38, 15, 23, 0, 10, 33, 12, 24, 22, 25, 5, 4, 27, 16, 8, 18, 28]}, {"capacity": 972, "impossibleCargos": [1, 3, 4, 11, 12], "neighbors": [17, 28, 9, 12, 35, 6, 7, 36, 34, 13, 19, 18, 37, 33, 20, 21, 16, 31, 29, 30, 11, 23, 4, 15, 5, 24]}, {"capacity": 826, "impossibleCargos": [0, 1, 5, 7, 8, 9, 11, 13, 14], "neighbors": [33, 26, 4, 13, 18, 36, 16, 35, 38, 19, 6, 11, 37, 21, 0, 25, 31, 5, 3, 39, 24, 17, 8, 32, 20, 28, 34, 27, 29, 9, 22, 2, 15, 7]}, {"capacity": 422, "impossibleCargos": [1, 3, 4, 5, 7, 9, 11, 13, 14], "neighbors": [38, 6, 3, 19, 25, 27, 36, 37, 32, 26, 0, 5, 20, 17, 39, 7, 14, 23, 21, 18, 28, 12, 1, 16, 35, 11, 10, 2, 29, 22, 30, 31]}, {"capacity": 571, "impossibleCargos": [2, 6, 9, 10, 13], "neighbors": [20, 39, 0, 17, 27, 11, 24, 7, 8, 35, 37, 38, 6, 26, 18, 15, 23, 13, 14, 9, 1, 3, 30, 2, 21, 31, 10, 33, 28, 29]}, {"capacity": 730, "impossibleCargos": [2, 5, 7, 8, 9, 10, 11, 12, 13], "neighbors": [20, 4, 14, 33, 23, 16, 7, 34, 1, 11, 27, 2, 36, 29, 25, 24, 17, 21, 5, 31, 15, 32, 10, 37, 9, 3, 30, 0, 39, 6, 28, 13, 19]}, {"capacity": 772, "impossibleCargos": [0, 2, 9, 11, 12, 13], "neighbors": [1, 9, 11, 25, 30, 26, 29, 24, 6, 20, 39, 32, 4, 19, 0, 38, 2, 17, 35, 28, 12, 7, 21, 23, 31, 8, 36, 34]}, {"capacity": 374, "impossibleCargos": [3, 7, 9, 13], "neighbors": [18, 22, 6, 38, 2, 16, 0, 37, 15, 31, 3, 34, 20, 27, 39, 36, 30, 9, 23, 13, 24, 10, 33, 1, 5, 8, 25, 26, 21, 12, 4]}, {"capacity": 920, "impossibleCargos": [0, 3, 8, 11, 13, 14], "neighbors": [20, 3, 30, 27, 37, 9, 26, 2, 7, 18, 4, 35, 16, 19, 31, 5, 8, 22, 23, 38, 10, 0, 36, 11, 34, 24, 25]}, {"capacity": 337, "impossibleCargos": [0, 1, 2, 3, 4, 5, 6, 7, 8, 9, 11, 12, 14], "neighbors": [27, 29, 6, 38, 18, 14, 10, 33, 39, 15, 9, 36, 16, 32, 2, 31, 28, 8, 34, 25, 37, 17, 22, 26, 1, 4, 20, 24]}, {"capacity": 233, "impossibleCargos": [5, 7, 9, 14], "neighbors": [19, 37, 18, 1, 35, 16, 5, 11, 6, 39, 21, 8, 28, 32, 13, 26, 23, 30, 29, 22, 25, 20, 2, 12, 38, 27, 10, 34, 9, 24]}, {"capacity": 341, "impossibleCargos": [1, 3, 4, 6, 7, 9, 10, 12, 14], "neighbors": [35, 0, 4, 6, 17, 20, 38, 18, 19, 14, 27, 24, 31, 26, 39, 30, 23, 33, 12, 11, 34, 36, 10, 2, 9]}, {"capacity": 284, "impossibleCargos": [0, 5, 6, 7, 11], "neighbors": [23, 13, 9, 26, 19, 36, 18, 11, 15, 7, 2, 39, 37, 30, 10, 21, 22, 4, 20, 32, 38, 28, 8, 17, 25, 12, 1, 5, 6, 34]}, {"capacity": 977, "impossibleCargos": [1, 4, 6, 9, 10, 12, 13], "neighbors": [26, 6, 12, 17, 3, 39, 15, 22, 28, 5, 4, 18, 1, 14, 35, 11, 30, 16, 23, 32, 9, 31, 2, 38, 13, 29, 27, 0, 10, 33]}, {"capacity": 538, "impossibleCargos": [4, 5, 6, 7, 12, 14], "neighbors": [32, 31, 21, 2, 13, 23, 22, 25, 20, 10, 8, 14, 6, 38, 29, 27, 34, 15, 39, 9, 0, 37, 19, 16, 24, 1, 18]}, {"capacity": 866, "impossibleCargos": [0, 3, 7, 10, 11, 12, 14], "neighbors": [14, 9, 16, 3, 33, 23, 24, 20, 26, 39, 38, 6, 22, 18, 30, 10, 17, 5, 28, 19, 7, 32, 29, 12, 2, 27, 15, 13]}, {"capacity": 590, "impossibleCargos": [0, 2, 3, 6, 13], "neighbors": [31, 8, 13, 24, 20, 39, 29, 25, 11, 21, 28, 33, 23, 16, 3, 19, 7, 22, 4, 9, 12, 26, 1, 0, 30, 38, 35, 14, 15, 10, 17]}, {"capacity": 615, "impossibleCargos": [0, 1, 3, 6, 8, 13, 14], "neighbors": [1, 9, 24, 28, 6, 8, 20, 18, 32, 30, 23, 36, 25, 21, 2, 39, 35, 0, 27, 3, 12, 15, 17, 33, 10, 5, 37, 7, 29, 11, 13, 31, 19, 34]}, {"capacity": 396, "impossibleCargos": [0, 1, 2, 3, 5, 6, 7, 8, 9, 10, 12, 14], "neighbors": [25, 1, 9, 15, 37, 31, 34, 2, 14, 27, 36, 33, 16, 21, 38, 3, 30, 12, 4, 32, 28, 24, 35, 23, 7, 19, 18, 0, 10, 26, 8]}]}