{"volumes": [1697, 655, 623, 1717, 1334, 932, 2026, 289, 886, 2117, 1070, 4382, 650, 2297, 932], "conflicts": [[1, 3]], "tanks": [{"capacity": 866, "impossibleCargos": [0, 2, 3, 4, 5, 6, 7, 11, 12], "neighbors": [34, 21, 32, 14, 1, 35, 7, 28, 36, 18, 31, 33, 24, 37, 16, 26, 13, 30, 8, 38, 12, 15, 9, 39, 3]}, {"capacity": 575, "impossibleCargos": [0, 1, 2, 3, 4, 7, 8, 9, 10, 11, 13, 14], "neighbors": [11, 6, 5, 30, 0, 10, 24, 3, 36, 31, 29, 39, 33, 17, 18, 16, 13, 28, 34, 23, 32, 20, 9, 7, 12, 38, 27, 14, 15, 8, 26]}, {"capacity": 301, "impossibleCargos": [0, 1, 5, 6, 8, 9, 10, 11, 12, 14], "neighbors": [19, 7, 3, 18, 32, 9, 38, 12, 22, 33, 21, 37, 28, 10, 11, 13, 24, 20, 30, 6, 8, 25, 35, 29, 36, 16, 17, 4, 26]}, {"capacity": 766, "impossibleCargos": [1, 2, 3, 4, 7, 12], "neighbors": [26, 33, 23, 2, 32, 1, 8, 10, 34, 16, 36, 5, 35, 18, 24, 22, 6, 21, 14, 19, 38, 25, 28, 27, 31, 15, 13, 4, 20, 7, 0, 12]}, {"capacity": 294, "impossibleCargos": [0, 1, 2, 3, 5, 7, 8, 9, 10, 11, 13, 14], "neighbors": [26, 10, 15, 31, 30, 25, 12, 23, 8, 14, 7, 28, 27, 24, 5, 22, 20, 37, 18, 6, 3, 16, 19, 2, 32]}, {"capacity": 806, "impossibleCargos": [0, 1, 3, 4, 5, 6, 7, 8, 10, 11, 12, 13], "neighbors": [37, 39, 1, 16, 6, 11, 19, 25, 32, 3, 21, 15, 27, 7, 30, 33, 20, 36, 4, 10, 18, 26, 34, 12, 17, 8, 35]}, {"capacity": 412, "impossibleCargos": [0, 1, 3, 6, 7, 8, 9, 11, 12, 13], "neighbors": [29, 8, 1, 39, 24, 18, 35, 5, 17, 25, 19, 16, 15, 10, 14, 27, 11, 31, 28, 30, 26, 36, 3, 34, 2, 23, 22, 33, 7, 12, 4, 13, 20, 38]}, {"capacity": 374, "impossibleCargos": [0, 1, 2, 4, 7, 9, 10, 12, 13, 14], "neighbors": [14, 11, 12, 2, 17, 0, 21, 27, 31, 25, 23, 28, 32, 18, 5, 4, 1, 24, 6, 37, 26, 15, 36, 39, 3, 8, 16, 20]}, {"capacity": 209, "impossibleCargos": [1, 2, 5, 6, 7, 8, 9, 10, 11, 12, 13, 14], "neighbors": [6, 30, 27, 10, 36, 17, 14, 3, 23, 12, 4, 37, 29, 2, 0, 28, 18, 9, 24, 22, 15, 25, 21, 26, 20, 5, 35, 7, 1, 16]}, {"capacity": 738, "impossibleCargos": [1, 2, 4, 5, 6, 8, 9, 12, 13, 14], "neighbors": [15, 29, 35, 17, 31, 10, 21, 20, 2, 28, 38, 37, 14, 39, 19, 11, 36, 12, 27, 34, 32, 25, 8, 1, 30, 18, 26, 24, 0, 23]}, {"capacity": 687, "impossibleCargos": [0, 1, 2, 3, 4, 5, 6, 7, 8, 10, 13], "neighbors": [36, 27, 16, 8, 26, 33, 23, 17, 38, 1, 15, 9, 3, 4, 11, 28, 22, 6, 13, 24, 39, 19, 21, 2, 5, 35, 32, 14, 37, 25, 18, 31, 30, 29, 12]}, {"capacity": 583, "impossibleCargos": [0, 1, 2, 4, 5, 6, 8, 9, 10, 11, 12], "neighbors": [1, 18, 7, 15, 38, 5, 20, 33, 19, 10, 21, 22, 13, 28, 39, 9, 26, 6, 35, 37, 2, 14, 17, 31, 24, 29, 16, 30, 12, 36]}, {"capacity": 310, "impossibleCargos": [0, 1, 2, 6, 10, 12, 13], "neighbors": [30, 7, 14, 28, 13, 20, 18, 8, 16, 2, 31, 22, 15, 19, 4, 24, 9, 37, 17, 29, 36, 0, 5, 1, 6, 32, 11, 25, 34, 27, 3, 10]}, {"capacity": 568, "impossibleCargos": [0, 1, 2, 3, 5, 6, 7, 8, 11, 12, 13, 14], "neighbors": [15, 33, 20, 18, 27, 38, 19, 31, 12, 21, 35, 24, 11, 10, 36, 34, 29, 25, 32, 1, 2, 0, 16, 3, 6, 30, 22, 39, 26]}, {"capacity": 369, "impossibleCargos": [1, 3, 4, 5, 6, 7, 8, 10, 11, 12, 14], "neighbors": [7, 0, 30, 16, 37, 12, 24, 8, 23, 17, 39, 15, 27, 34, 28, 9, 6, 4, 11, 33, 3, 10, 31, 1, 18]}, {"capacity": 515, "impossibleCargos": [0, 1, 3, 7, 8, 9, 10, 12, 14], "neighbors": [13, 9, 32, 11, 16, 25, 20, 37, 10, 27, 4, 18, 14, 6, 12, 34, 24, 30, 31, 5, 17, 35, 29, 8, 38, 21, 0, 7, 3, 23, 28, 1, 19]}, {"capacity": 211, "impossibleCargos": [0, 1, 3, 6, 9, 12, 14], "neighbors": [27, 25, 34, 10, 14, 15, 5, 28, 17, 20, 24, 18, 23, 36, 12, 3, 35, 6, 0, 22, 39, 1, 33, 29, 13, 37, 38, 11, 30, 4, 21, 2, 7, 8]}, {"capacity": 662, "impossibleCargos": [0, 2, 5, 8, 10, 11, 12, 13, 14], "neighbors": [39, 38, 8, 7, 10, 16, 9, 21, 14, 35, 6, 18, 33, 15, 1, 23, 26, 36, 31, 12, 11, 34, 5, 22, 29, 20, 2, 32, 37]}, {"capacity": 742, "impossibleCargos": [0, 2, 3, 5, 6, 8, 10, 13, 14], "neighbors": [35, 13, 11, 32, 20, 6, 2, 25, 21, 0, 16, 17, 15, 12, 39, 27, 33, 7, 29, 3, 1, 22, 38, 5, 23, 37, 8, 24, 9, 10, 4, 26, 31, 36, 14]}, {"capacity": 681, "impossibleCargos": [0, 1, 3, 4, 5, 6, 8, 9, 12, 13, 14], "neighbors": [25, 36, 2, 29, 27, 38, 34, 13, 5, 11, 6, 24, 9, 35, 12, 10, 21, 37, 32, 31, 23, 26, 30, 3, 33, 22, 15, 4]}, {"capacity": 738, "impossibleCargos": [0, 1, 2, 3, 4, 5, 6, 7, 8, 9, 10, 11, 12, 13], "neighbors": [23, 13, 32, 18, 15, 16, 11, 9, 12, 37, 21, 27, 28, 5, 22, 35, 2, 1, 4, 33, 31, 38, 39, 8, 29, 3, 17, 6, 7, 26]}, {"capacity": 224, "impossibleCargos": [0, 1, 2, 3, 5, 6, 7, 10, 12, 13, 14], "neighbors": [0, 26, 37, 22, 34, 31, 27, 30, 7, 13, 18, 17, 9, 11, 20, 2, 5, 35, 19, 10, 3, 29, 15, 8, 36, 16]}, {"capacity": 830, "impossibleCargos": [1, 2, 5, 6, 7, 8, 10, 11, 12, 13, 14], "neighbors": [26, 21, 27, 10, 11, 2, 12, 16, 36, 20, 18, 33, 3, 32, 34, 4, 38, 6, 8, 19, 39, 24, 37, 17, 13, 31, 35]}, {"capacity": 585, "impossibleCargos": [0, 2, 3, 4, 5, 6, 7, 11, 12, 13, 14], "neighbors": [20, 31, 3, 10, 29, 14, 7, 16, 8, 30, 4, 17, 19, 1, 18, 6, 38, 15, 9, 35, 27, 39]}, {"capacity": 910, "impossibleCargos": [1, 2, 3, 4, 5, 6, 7, 8, 9, 11, 12, 14], "neighbors": [26, 28, 39, 32, 6, 14, 16, 1, 13, 19, 0, 37, 15, 33, 10, 12, 29, 3, 4, 2, 8, 18, 7, 38, 11, 25, 9, 22, 27, 30, 34, 36]}, {"capacity": 835, "impossibleCargos": [1, 2, 3, 5, 6, 7, 8, 9, 10, 11, 12, 13, 14], "neighbors": [19, 16, 37, 15, 18, 29, 7, 6, 28, 5, 4, 27, 39, 13, 35, 9, 36, 2, 3, 8, 26, 24, 10, 31, 33, 12, 34]}, {"capacity": 226, "impossibleCargos": [0, 5, 6, 8, 9, 12, 14], "neighbors": [24, 3, 21, 22, 30, 10, 4, 35, 27, 39, 34, 33, 11, 0, 17, 6, 19, 5, 29, 9, 25, 8, 7, 37, 18, 28, 13, 38, 1, 2, 20]}, {"capacity": 623, "impossibleCargos": [0, 2, 3, 4, 5, 7, 8, 9, 10, 12, 14], "neighbors": [16, 32, 30, 8, 13, 10, 21, 19, 7, 22, 26, 15, 14, 34, 33, 31, 18, 20, 25, 6, 29, 5, 37, 36, 4, 9, 3, 1, 24, 38, 23, 12, 39]}, {"capacity": 879, "impossibleCargos": [0, 1, 2, 5, 7, 8, 9, 11, 12, 14], "neighbors": [24, 16, 12, 0, 30, 7, 38, 10, 9, 25, 14, 11, 20, 34, 32, 4, 6, 2, 37, 1, 35, 8, 3, 29, 15, 36, 26]}, {"capacity": 451, "impossibleCargos": [0, 1, 3, 4, 6, 7, 8, 10, 12, 13, 14], "neighbors": [6, 19, 9, 23, 34, 25, 1, 30, 13, 27, 18, 8, 15, 24, 31, 16, 12, 35, 26, 32, 21, 38, 36, 11, 28, 2, 20, 17, 10]}, {"capacity": 725, "impossibleCargos": [1, 2, 4, 5, 7, 8, 10, 11, 14], "neighbors": [37, 12, 27, 8, 26, 38, 14, 1, 39, 32, 31, 21, 34, 28, 29, 4, 15, 23, 5, 6, 35, 36, 2, 0, 9, 19, 10, 16, 11, 13, 33, 24]}, {"capacity": 225, "impossibleCargos": [1, 2, 4, 6, 7, 9, 10, 12, 14], "neighbors": [23, 21, 37, 30, 13, 9, 7, 1, 0, 33, 4, 12, 27, 15, 35, 6, 29, 17, 19, 32, 20, 34, 11, 36, 14, 3, 10, 25, 22, 18, 38]}, {"capacity": 703, "impossibleCargos": [0, 1, 3, 4, 5, 7, 8, 10, 11], "neighbors": [27, 20, 15, 24, 0, 18, 30, 2, 3, 5, 7, 28, 13, 19, 36, 22, 1, 9, 10, 31, 29, 12, 38, 17, 4]}, {"capacity": 677, "impossibleCargos": [0, 2, 3, 4, 6, 7, 12, 13, 14], "neighbors": [13, 37, 3, 10, 11, 0, 31, 2, 27, 17, 35, 26, 18, 1, 24, 5, 36, 22, 16, 14, 20, 19, 6, 25, 30]}, {"capacity": 276, "impossibleCargos": [0, 2, 5, 6, 9, 10, 12, 13, 14], "neighbors": [0, 37, 16, 21, 19, 30, 36, 29, 3, 38, 27, 14, 26, 15, 28, 13, 9, 22, 1, 6, 35, 17, 31, 5, 12, 25, 24]}, {"capacity": 545, "impossibleCargos": [0, 1, 2, 3, 4, 5, 6, 7, 9, 10, 13, 14], "neighbors": [18, 9, 0, 26, 13, 6, 17, 16, 3, 39, 33, 19, 31, 15, 11, 21, 37, 30, 25, 10, 34, 20, 28, 29, 2, 36, 8, 5, 22, 38, 23]}, {"capacity": 995, "impossibleCargos": [0, 2, 3, 5, 6, 7, 10, 11, 12, 13], "neighbors": [19, 10, 8, 34, 0, 1, 16, 3, 13, 9, 22, 32, 27, 17, 33, 6, 5, 30, 25, 12, 31, 37, 29, 21, 35, 7, 2, 18, 28, 24, 11]}, {"capacity": 802, "impossibleCargos": [0, 1, 2, 3, 4, 5, 6, 8, 9, 10, 12, 13, 14], "neighbors": [30, 5, 34, 33, 25, 21, 14, 31, 15, 20, 24, 0, 9, 8, 2, 27, 19, 12, 35, 28, 11, 18, 16, 4, 10, 7, 36, 22, 26, 39, 17]}, {"capacity": 913, "impossibleCargos": [0, 1, 2, 4, 5, 8, 9, 10, 11], "neighbors": [17, 19, 30, 13, 11, 10, 34, 28, 9, 2, 39, 18, 22, 20, 3, 0, 24, 15, 29, 1, 23, 16, 32, 27, 31, 35, 26, 6]}, {"capacity": 579, "impossibleCargos": [0, 1, 2, 4, 5, 6, 7, 8, 10, 12, 13, 14], "neighbors": [5, 17, 24, 6, 30, 14, 26, 18, 11, 9, 35, 1, 38, 25, 10, 16, 20, 22, 7, 0, 13, 23, 37, 27]}]}