{"volumes": [1166, 1210, 1077, 1929, 3056, 920, 499, 1350, 1187, 712, 546, 631, 196, 1336, 1076], "conflicts": [[1, 12], [3, 12], [5, 9], [6, 11], [6, 14], [9, 12], [10, 13], [11, 12], [12, 14], [13, 14]], "tanks": [{"capacity": 824, "impossibleCargos": [1, 2], "neighbors": [5, 1, 13, 17, 24, 16, 8, 18, 11, 15, 33, 34]}, {"capacity": 265, "impossibleCargos": [6, 9], "neighbors": [13, 0, 9, 37, 21, 27, 19, 3, 7, 26, 25, 15, 14, 32, 17]}, {"capacity": 521, "impossibleCargos": [7, 9, 12], "neighbors": [12, 23, 15, 19, 25, 38, 20, 24, 33, 10]}, {"capacity": 350, "impossibleCargos": [5, 6, 9], "neighbors": [6, 35, 37, 1, 30, 20, 15, 28]}, {"capacity": 616, "impossibleCargos": [0, 6, 9, 14], "neighbors": [14, 38, 39, 7, 11, 16, 27, 10, 13]}, {"capacity": 532, "impossibleCargos": [9, 10], "neighbors": [32, 0, 39, 27, 31, 15, 18, 6, 24, 35]}, {"capacity": 862, "impossibleCargos": [5, 11, 13, 14], "neighbors": [37, 3, 19, 20, 5, 10, 38]}, {"capacity": 971, "impossibleCargos": [2, 8, 11, 14], "neighbors": [38, 36, 31, 1, 35, 4, 24, 27, 19, 33, 39]}, {"capacity": 562, "impossibleCargos": [0, 2, 7, 8, 9, 11, 12, 13, 14], "neighbors": [20, 36, 26, 13, 33, 29, 17, 0, 23, 11]}, {"capacity": 261, "impossibleCargos": [5, 9, 11, 12], "neighbors": [23, 1, 30, 31, 32, 14, 17, 33, 34, 13, 22]}, {"capacity": 656, "impossibleCargos": [0, 4, 6, 7, 10, 12], "neighbors": [17, 39, 35, 28, 13, 36, 31, 11, 6, 2, 4, 19]}, {"capacity": 263, "impossibleCargos": [0, 3, 5, 6, 12, 14], "neighbors": [20, 30, 12, 26, 24, 10, 14, 28, 17, 0, 4, 8]}, {"capacity": 659, "impossibleCargos": [1, 5, 9], "neighbors": [2, 13, 37, 16, 11, 19, 25, 20, 24, 17, 29, 27]}, {"capacity": 313, "impossibleCargos": [6, 7, 9, 13, 14], "neighbors": [1, 38, 26, 15, 12, 21, 20, 0, 33, 35, 39, 10, 8, 25, 4, 9]}, {"capacity": 572, "impossibleCargos": [10, 12, 13], "neighbors": [4, 23, 9, 11, 38, 1, 18]}, {"capacity": 323, "impossibleCargos": [11, 13], "neighbors": [13, 30, 2, 22, 18, 37, 5, 36, 1, 16, 24, 0, 3]}, {"capacity": 922, "impossibleCargos": [2, 3, 12], "neighbors": [28, 12, 19, 26, 0, 15, 39, 24, 4, 21]}, {"capacity": 423, "impossibleCargos": [3, 5, 11, 13], "neighbors": [10, 18, 0, 23, 12, 8, 11, 9, 19, 1, 36]}, {"capacity": 506, "impossibleCargos": [3, 12, 13], "neighbors": [32, 17, 15, 5, 0, 22, 25, 14]}, {"capacity": 339, "impossibleCargos": [2, 6, 8, 10, 11, 12], "neighbors": [27, 23, 6, 2, 12, 16, 1, 20, 26, 36, 7, 17, 10]}, {"capacity": 630, "impossibleCargos": [6, 9, 10, 12], "neighbors": [8, 13, 11, 6, 19, 12, 31, 30, 2, 3, 35]}, {"capacity": 266, "impossibleCargos": [0, 5, 7, 9, 13], "neighbors": [13, 28, 1, 23, 16, 33]}, {"capacity": 863, "impossibleCargos": [0, 5, 7, 14], "neighbors": [15, 38, 25, 18, 24, 30, 9]}, {"capacity": 641, "impossibleCargos": [0, 10, 12, 13], "neighbors": [9, 2, 14, 21, 19, 25, 17, 8, 26]}, {"capacity": 836, "impossibleCargos": [2, 9, 10], "neighbors": [31, 34, 25, 0, 11, 32, 12, 7, 15, 16, 2, 5, 22, 28]}, {"capacity": 946, "impossibleCargos": [5, 7, 12], "neighbors": [24, 2, 23, 12, 27, 1, 22, 18, 13]}, {"capacity": 974, "impossibleCargos": [13], "neighbors": [38, 13, 8, 11, 16, 19, 1, 31, 27, 23]}, {"capacity": 520, "impossibleCargos": [6, 11, 14], "neighbors": [19, 36, 5, 1, 25, 7, 32, 26, 12, 28, 4, 35]}, {"capacity": 653, "impossibleCargos": [2], "neighbors": [29, 16, 21, 10, 32, 11, 27, 3, 24]}, {"capacity": 274, "impossibleCargos": [1, 6, 12, 14], "neighbors": [28, 37, 34, 8, 12]}, {"capacity": 536, "impossibleCargos": [0, 7, 9, 13, 14], "neighbors": [15, 9, 11, 37, 3, 20, 22]}, {"capacity": 715, "impossibleCargos": [0, 2, 5, 7, 9, 10], "neighbors": [32, 7, 24, 9, 5, 20, 10, 26, 39]}, {"capacity": 818, "impossibleCargos": [], "neighbors": [34, 5, 31, 18, 37, 9, 24, 28, 27, 1]}, {"capacity": 635, "impossibleCargos": [1, 5, 6, 10], "neighbors": [13, 8, 2, 0, 7, 9, 21]}, {"capacity": 851, "impossibleCargos": [2, 6, 11, 13], "neighbors": [32, 24, 29, 0, 9]}, {"capacity": 856, "impossibleCargos": [1, 6, 9], "neighbors": [10, 13, 3, 7, 20, 27, 5]}, {"capacity": 383, "impossibleCargos": [2, 4, 7, 13, 14], "neighbors": [7, 27, 8, 15, 10, 19, 38, 39, 17]}, {"capacity": 761, "impossibleCargos": [1, 2, 7], "neighbors": [6, 39, 1, 32, 12, 15, 29, 3, 30]}, {"capacity": 490, "impossibleCargos": [2, 3], "neighbors": [13, 7, 26, 22, 4, 2, 14, 36, 6]}, {"capacity": 639, "impossibleCargos": [0, 2, 12, 14], "neighbors": [5, 10, 37, 13, 4, 16, 36, 7, 31]}]}