{"volumes": [650, 2732, 1485, 1822, 1452, 475, 1599, 2178, 1530, 711, 669, 999, 860, 2424, 1118], "conflicts": [[0, 2], [0, 4], [0, 7], [0, 11], [0, 12], [0, 14], [1, 5], [3, 10], [3, 12], [4, 12], [5, 9], [5, 10], [5, 12], [5, 14], [6, 12], [7, 10], [8, 10], [9, 10], [10, 11], [10, 12], [10, 14], [11, 12], [11, 14], [12, 14]], "tanks": [{"capacity": 990, "impossibleCargos": [0, 1, 3, 4, 9, 11, 12, 13, 14], "neighbors": [5, 35, 14, 1, 24, 9, 31, 27, 23]}, {"capacity": 293, "impossibleCargos": [3, 4, 5, 12, 13, 14], "neighbors": [27, 21, 0, 34, 36, 18]}, {"capacity": 552, "impossibleCargos": [0, 1, 5, 7, 8, 9, 11, 13], "neighbors": [23, 18, 3, 25, 24, 14, 11]}, {"capacity": 676, "impossibleCargos": [0, 8, 11, 14], "neighbors": [9, 16, 22, 18, 2, 29, 39, 21, 13, 32, 19, 11, 35, 7, 6]}, {"capacity": 422, "impossibleCargos": [0, 3, 5, 6, 9, 11], "neighbors": [28, 30, 12, 23, 29, 25, 34, 5, 10, 17]}, {"capacity": 891, "impossibleCargos": [0, 1, 4, 6, 7, 9, 10], "neighbors": [0, 34, 17, 25, 37, 39, 4, 28, 33, 13]}, {"capacity": 850, "impossibleCargos": [5, 7, 9, 11, 12], "neighbors": [39, 8, 19, 23, 12, 24, 31, 15, 9, 27, 3]}, {"capacity": 939, "impossibleCargos": [0, 1, 2, 5, 8, 10], "neighbors": [33, 30, 21, 28, 31, 12, 14, 3]}, {"capacity": 688, "impossibleCargos": [0, 7, 8], "neighbors": [6, 18, 32, 28, 33, 16, 27]}, {"capacity": 841, "impossibleCargos": [1, 2, 4, 12, 14], "neighbors": [3, 35, 28, 17, 0, 30, 19, 29, 6, 33, 10]}, {"capacity": 992, "impossibleCargos": [0, 3, 5, 9, 11, 12, 13], "neighbors": [28, 37, 16, 14, 27, 4, 33, 30, 15, 9]}, {"capacity": 683, "impossibleCargos": [3, 5, 6, 7, 8, 12, 14], "neighbors": [36, 39, 35, 14, 30, 26, 2, 3, 34]}, {"capacity": 440, "impossibleCargos": [0, 1, 2, 7, 8, 13], "neighbors": [18, 4, 6, 7, 32, 30, 26, 20]}, {"capacity": 591, "impossibleCargos": [0, 1, 5, 6, 9, 10, 13, 14], "neighbors": [23, 18, 27, 3, 31, 5]}, {"capacity": 269, "impossibleCargos": [0, 2, 5, 9, 10, 13], "neighbors": [15, 31, 0, 11, 39, 2, 10, 7, 18, 38]}, {"capacity": 561, "impossibleCargos": [0, 1, 3, 4, 6, 7, 9, 10, 11, 12, 13, 14], "neighbors": [22, 19, 14, 24, 37, 27, 6, 17, 32, 20, 10, 38, 39, 18]}, {"capacity": 417, "impossibleCargos": [1, 3, 8, 10, 11, 13, 14], "neighbors": [18, 3, 35, 23, 20, 39, 30, 10, 29, 8, 32]}, {"capacity": 471, "impossibleCargos": [0, 2, 5, 8, 10, 11, 12, 14], "neighbors": [9, 34, 22, 5, 30, 15, 23, 4]}, {"capacity": 616, "impossibleCargos": [0, 5, 6, 8, 9, 10], "neighbors": [16, 12, 39, 13, 8, 3, 2, 27, 31, 22, 1, 23, 14, 32, 15]}, {"capacity": 543, "impossibleCargos": [0, 2, 3, 4, 8, 9, 10, 11, 12, 13], "neighbors": [15, 24, 6, 27, 29, 9, 3]}, {"capacity": 459, "impossibleCargos": [1, 6, 7, 8, 10], "neighbors": [26, 36, 25, 38, 16, 24, 30, 27, 12, 21, 15]}, {"capacity": 759, "impossibleCargos": [1, 4, 5, 6, 8, 9], "neighbors": [1, 31, 7, 26, 3, 20, 38]}, {"capacity": 871, "impossibleCargos": [1, 4, 6, 7, 8], "neighbors": [15, 3, 30, 17, 25, 18]}, {"capacity": 889, "impossibleCargos": [1, 2, 3, 4, 5, 6, 9, 12, 13, 14], "neighbors": [13, 16, 2, 4, 6, 29, 17, 18, 30, 0]}, {"capacity": 330, "impossibleCargos": [0, 1, 2, 5, 6, 8, 9, 11], "neighbors": [19, 2, 31, 20, 37, 6, 15, 35, 0, 34]}, {"capacity": 903, "impossibleCargos": [1, 5, 10, 12, 13, 14], "neighbors": [38, 26, 20, 2, 4, 5, 22, 35]}, {"capacity": 662, "impossibleCargos": [0, 4, 10, 11, 12], "neighbors": [30, 20, 25, 29, 21, 37, 39, 11, 27, 35, 12]}, {"capacity": 218, "impossibleCargos": [0, 3, 9, 10, 12, 13, 14], "neighbors": [1, 28, 18, 33, 26, 19, 15, 13, 10, 20, 8, 35, 34, 0, 6]}, {"capacity": 899, "impossibleCargos": [0, 3, 7, 8, 9, 10, 11, 12, 14], "neighbors": [10, 4, 9, 27, 7, 8, 37, 5, 32]}, {"capacity": 245, "impossibleCargos": [1, 2, 3, 5, 8, 9, 11, 13, 14], "neighbors": [26, 4, 31, 3, 19, 23, 37, 16, 9]}, {"capacity": 992, "impossibleCargos": [2, 3, 10, 13, 14], "neighbors": [26, 7, 32, 4, 22, 16, 38, 11, 9, 12, 17, 20, 33, 37, 23, 10]}, {"capacity": 644, "impossibleCargos": [2, 3, 6, 7, 10, 12, 13], "neighbors": [21, 32, 24, 14, 7, 29, 18, 6, 0, 13]}, {"capacity": 899, "impossibleCargos": [0, 2, 3, 4, 5, 8, 9, 10, 12], "neighbors": [39, 30, 31, 8, 36, 35, 34, 12, 3, 15, 28, 18, 16]}, {"capacity": 987, "impossibleCargos": [5, 6, 7, 8, 9, 11, 13], "neighbors": [7, 27, 30, 8, 39, 10, 9, 5]}, {"capacity": 867, "impossibleCargos": [0, 1, 2, 3, 5, 6, 7, 11, 13, 14], "neighbors": [17, 5, 32, 35, 1, 4, 27, 11, 24, 39]}, {"capacity": 656, "impossibleCargos": [0, 1, 2, 3, 5, 7, 9, 10, 11, 12, 14], "neighbors": [9, 16, 11, 32, 0, 34, 39, 24, 26, 25, 27, 3]}, {"capacity": 790, "impossibleCargos": [0, 1, 2, 3, 4, 7, 8, 11, 12], "neighbors": [20, 11, 32, 1]}, {"capacity": 850, "impossibleCargos": [7, 9, 13, 14], "neighbors": [38, 10, 26, 24, 15, 28, 5, 29, 30]}, {"capacity": 942, "impossibleCargos": [1, 4, 6, 7, 8, 9, 11], "neighbors": [25, 37, 20, 30, 14, 21, 15]}, {"capacity": 497, "impossibleCargos": [0, 2, 3, 4, 10, 11, 12, 13], "neighbors": [32, 6, 18, 11, 26, 16, 35, 14, 3, 33, 5, 15, 34]}]}