{"volumes": [1049, 486, 613, 1581, 1310, 1029, 1258, 2205, 833, 1397, 396, 2398, 1435, 1064, 1445], "conflicts": [[1, 7], [1, 9], [2, 3], [2, 6], [2, 10], [3, 10], [3, 13], [3, 14], [6, 8], [7, 10], [8, 12], [10, 14]], "tanks": [{"capacity": 817, "impossibleCargos": [0, 2, 3, 5, 6, 7, 8, 9, 10, 11, 12, 14], "neighbors": [33, 39, 15, 5, 12, 2, 34]}, {"capacity": 998, "impossibleCargos": [0, 1, 2, 3, 5, 6, 7, 8, 9, 10, 12, 13, 14], "neighbors": [15, 20, 17, 8, 32, 34, 22]}, {"capacity": 969, "impossibleCargos": [2, 3, 4, 6, 8, 9, 10, 11, 12, 13], "neighbors": [5, 14, 21, 8, 27, 0, 37, 39, 34, 3]}, {"capacity": 987, "impossibleCargos": [1, 2, 3, 5, 6, 7, 8, 9, 10, 11, 13], "neighbors": [6, 11, 35, 33, 19, 22, 34, 32, 31, 13, 2, 14]}, {"capacity": 712, "impossibleCargos": [0, 2, 4, 5, 6, 7, 8, 9, 11, 12], "neighbors": [22, 19, 24, 20, 32, 30, 38, 10, 13]}, {"capacity": 413, "impossibleCargos": [0, 1, 3, 5, 6, 7, 8, 10, 11, 12, 13, 14], "neighbors": [2, 6, 30, 0, 13, 10, 17, 39]}, {"capacity": 877, "impossibleCargos": [1, 5, 6, 7, 8, 9, 10, 11, 12, 13, 14], "neighbors": [3, 13, 5, 17, 28, 30, 10, 16]}, {"capacity": 887, "impossibleCargos": [0, 2, 4, 5, 6, 7, 8, 12, 13, 14], "neighbors": [8, 26, 32, 36, 14, 25, 17, 18, 13, 10]}, {"capacity": 560, "impossibleCargos": [0, 1, 3, 4, 5, 6, 8, 10, 11, 12, 14], "neighbors": [19, 7, 1, 9, 11, 12, 34, 18, 31, 29, 2, 32, 25, 13]}, {"capacity": 663, "impossibleCargos": [0, 1, 4, 5, 7, 8, 9, 11, 12, 13, 14], "neighbors": [12, 21, 30, 8, 11, 19, 35, 36, 31]}, {"capacity": 555, "impossibleCargos": [0, 1, 2, 3, 4, 5, 6, 7, 8, 9, 10, 12, 14], "neighbors": [30, 31, 28, 38, 11, 23, 37, 35, 20, 33, 6, 5, 4, 39, 7]}, {"capacity": 420, "impossibleCargos": [0, 1, 2, 5, 6, 7, 9, 10, 11, 14], "neighbors": [29, 30, 3, 9, 23, 8, 10, 35, 15, 28]}, {"capacity": 416, "impossibleCargos": [0, 2, 3, 4, 6, 8, 10, 11, 13, 14], "neighbors": [36, 9, 21, 0, 8, 15, 28, 24, 30, 31]}, {"capacity": 578, "impossibleCargos": [2, 7, 8, 10, 11, 12, 13, 14], "neighbors": [6, 35, 22, 33, 31, 23, 16, 29, 5, 3, 36, 7, 8, 4]}, {"capacity": 715, "impossibleCargos": [2, 3, 4, 5, 6, 7, 8, 10, 11, 12, 13, 14], "neighbors": [37, 28, 2, 21, 18, 24, 7, 33, 3]}, {"capacity": 437, "impossibleCargos": [0, 1, 2, 3, 4, 8, 9, 10, 12, 14], "neighbors": [1, 0, 31, 17, 12, 37, 11, 29]}, {"capacity": 556, "impossibleCargos": [2, 3, 5, 6, 7, 9, 11, 13, 14], "neighbors": [23, 35, 13, 19, 22, 38, 28, 21, 31, 6, 17]}, {"capacity": 336, "impossibleCargos": [0, 1, 2, 3, 6, 8, 10, 11, 12, 13, 14], "neighbors": [1, 35, 36, 6, 15, 39, 23, 7, 20, 26, 5, 22, 16, 38]}, {"capacity": 639, "impossibleCargos": [0, 1, 2, 3, 6, 7, 8, 10, 11, 13, 14], "neighbors": [14, 33, 8, 26, 7, 35, 37]}, {"capacity": 287, "impossibleCargos": [0, 2, 5, 6, 7, 9, 10, 11, 13, 14], "neighbors": [8, 23, 4, 35, 9, 3, 16, 29, 22, 28]}, {"capacity": 687, "impossibleCargos": [1, 3, 4, 5, 6, 7, 9, 10, 12, 13, 14], "neighbors": [1, 4, 38, 10, 25, 17, 33, 39]}, {"capacity": 696, "impossibleCargos": [1, 2, 3, 4, 5, 6, 8, 9, 10, 11, 12, 14], "neighbors": [27, 9, 31, 14, 12, 2, 16]}, {"capacity": 975, "impossibleCargos": [2, 3, 5, 8, 9, 10, 12, 14], "neighbors": [4, 13, 35, 1, 3, 25, 16, 19, 28, 17]}, {"capacity": 481, "impossibleCargos": [1, 3, 5, 7, 8, 11, 12, 13, 14], "neighbors": [19, 30, 13, 16, 11, 10, 35, 17, 31, 37]}, {"capacity": 392, "impossibleCargos": [1, 2, 3, 4, 6, 7, 10, 13, 14], "neighbors": [4, 14, 12]}, {"capacity": 864, "impossibleCargos": [0, 1, 3, 4, 5, 6, 8, 9, 11, 13, 14], "neighbors": [32, 38, 7, 20, 22, 34, 8, 31]}, {"capacity": 887, "impossibleCargos": [0, 2, 3, 6, 8, 9, 10, 11, 13, 14], "neighbors": [34, 7, 18, 28, 17, 29, 38]}, {"capacity": 494, "impossibleCargos": [0, 2, 3, 4, 5, 6, 7, 8, 9, 10, 11, 13], "neighbors": [21, 32, 2, 31]}, {"capacity": 380, "impossibleCargos": [0, 1, 2, 3, 5, 6, 10, 13, 14], "neighbors": [39, 14, 10, 6, 32, 12, 19, 34, 11, 26, 16, 22]}, {"capacity": 591, "impossibleCargos": [0, 2, 3, 4, 5, 6, 8, 9, 10, 11, 12, 13, 14], "neighbors": [11, 35, 37, 8, 13, 19, 32, 33, 26, 15]}, {"capacity": 221, "impossibleCargos": [1, 3, 4, 5, 6, 7, 8, 9, 10, 14], "neighbors": [37, 23, 9, 5, 10, 11, 6, 31, 4, 12]}, {"capacity": 259, "impossibleCargos": [0, 1, 2, 3, 4, 5, 6, 7, 9, 10, 13], "neighbors": [13, 34, 21, 10, 15, 8, 30, 3, 9, 12, 23, 25, 16, 27, 33]}, {"capacity": 818, "impossibleCargos": [1, 2, 3, 4, 5, 6, 7, 8, 9, 12, 13, 14], "neighbors": [27, 25, 35, 1, 4, 28, 7, 39, 8, 3, 29, 36]}, {"capacity": 331, "impossibleCargos": [3, 4, 7, 8, 9, 10, 11, 12, 13, 14], "neighbors": [13, 0, 18, 3, 10, 37, 14, 39, 29, 20, 31]}, {"capacity": 647, "impossibleCargos": [0, 1, 3, 4, 5, 6, 7, 8, 9, 10, 11, 12, 14], "neighbors": [26, 31, 1, 39, 8, 3, 38, 28, 25, 0, 2]}, {"capacity": 341, "impossibleCargos": [0, 2, 4, 5, 7, 8, 10, 11, 13], "neighbors": [39, 17, 13, 32, 29, 19, 3, 22, 16, 11, 10, 23, 9, 36, 18]}, {"capacity": 584, "impossibleCargos": [0, 1, 3, 4, 5, 6, 7, 8, 9, 11, 13], "neighbors": [12, 17, 7, 9, 35, 32, 13]}, {"capacity": 506, "impossibleCargos": [0, 2, 3, 4, 6, 7, 8, 9, 10, 11, 13], "neighbors": [14, 30, 29, 10, 15, 33, 2, 23, 18]}, {"capacity": 721, "impossibleCargos": [1, 2, 5, 7, 9, 10, 11, 12, 14], "neighbors": [10, 25, 20, 34, 4, 16, 26, 17]}, {"capacity": 803, "impossibleCargos": [0, 1, 2, 3, 4, 5, 6, 9, 10, 12, 14], "neighbors": [28, 35, 0, 34, 32, 17, 33, 2, 10, 20, 5]}]}