{"volumes": [1880, 660, 2152, 1096, 991, 1753, 900, 338, 693, 1061, 1127, 295, 716, 1020, 2284], "conflicts": [[0, 7], [1, 8], [1, 12], [2, 7], [3, 11], [3, 12], [5, 7], [5, 8], [6, 7], [6, 11], [6, 12], [6, 14], [7, 8], [8, 9], [8, 11], [9, 11], [9, 12], [10, 12], [11, 13]], "tanks": [{"capacity": 696, "impossibleCargos": [0, 1, 2, 3, 4, 5, 6, 9, 11, 12, 14], "neighbors": [8, 13, 17, 37, 15, 31]}, {"capacity": 579, "impossibleCargos": [0, 1, 5, 6, 7, 8, 9, 10, 11, 13], "neighbors": [2, 16, 17, 31, 14, 8, 35, 13, 11, 32, 4, 26]}, {"capacity": 882, "impossibleCargos": [0, 2, 3, 4, 7, 9, 10, 11, 12, 13, 14], "neighbors": [39, 1, 20, 12, 11, 25, 4, 15]}, {"capacity": 783, "impossibleCargos": [0, 2, 5, 6, 8, 9, 10, 11, 12, 13, 14], "neighbors": [21, 30, 31, 34, 22, 27, 16, 35, 10, 15, 6, 13]}, {"capacity": 404, "impossibleCargos": [0, 1, 2, 3, 4, 5, 7, 8, 9, 11, 12, 13, 14], "neighbors": [9, 37, 21, 8, 6, 26, 24, 1, 2]}, {"capacity": 616, "impossibleCargos": [1, 2, 3, 4, 5, 6, 7, 9, 11, 13], "neighbors": [9, 25, 14, 10, 12, 22, 19, 31, 16]}, {"capacity": 928, "impossibleCargos": [0, 2, 3, 4, 5, 6, 7, 8, 9, 11, 12, 13, 14], "neighbors": [4, 26, 22, 7, 14, 3]}, {"capacity": 400, "impossibleCargos": [0, 4, 5, 6, 7, 8, 9, 10, 12, 13, 14], "neighbors": [34, 16, 9, 29, 10, 21, 26, 8, 39, 15, 6]}, {"capacity": 802, "impossibleCargos": [0, 1, 3, 4, 5, 6, 7, 9, 10, 11, 12, 13, 14], "neighbors": [0, 20, 10, 4, 16, 25, 1, 15, 22, 7, 34, 37, 26]}, {"capacity": 504, "impossibleCargos": [0, 1, 2, 3, 5, 6, 7, 8, 9, 10, 11, 12, 13], "neighbors": [11, 4, 5, 7, 16, 23, 20, 22, 13, 19, 33]}, {"capacity": 625, "impossibleCargos": [0, 1, 2, 3, 6, 8, 9, 10, 12, 13], "neighbors": [32, 8, 7, 31, 5, 16, 11, 33, 24, 3, 27, 37, 21]}, {"capacity": 905, "impossibleCargos": [0, 1, 3, 4, 5, 6, 7, 8, 11, 12, 13, 14], "neighbors": [25, 9, 23, 31, 38, 30, 10, 1, 29, 36, 2, 17]}, {"capacity": 493, "impossibleCargos": [2, 3, 5, 6, 7, 9, 10, 11, 12, 13], "neighbors": [23, 5, 2, 29, 25]}, {"capacity": 443, "impossibleCargos": [0, 1, 3, 4, 6, 7, 8, 9, 11, 12, 13, 14], "neighbors": [23, 39, 0, 36, 38, 18, 1, 9, 20, 34, 32, 3]}, {"capacity": 839, "impossibleCargos": [1, 2, 3, 5, 6, 7, 8, 9, 10, 11], "neighbors": [22, 33, 5, 28, 26, 1, 38, 24, 32, 21, 6, 30]}, {"capacity": 317, "impossibleCargos": [0, 3, 4, 5, 10, 11, 13], "neighbors": [27, 22, 21, 34, 8, 0, 7, 30, 3, 2]}, {"capacity": 509, "impossibleCargos": [1, 3, 4, 5, 6, 7, 8, 9, 10, 11, 12, 13], "neighbors": [7, 9, 17, 19, 1, 20, 31, 8, 10, 3, 32, 5, 23]}, {"capacity": 561, "impossibleCargos": [0, 1, 2, 3, 5, 6, 7, 8, 9, 10, 11, 12, 14], "neighbors": [29, 32, 28, 16, 25, 0, 1, 30, 26, 33, 11]}, {"capacity": 655, "impossibleCargos": [0, 1, 2, 3, 4, 7, 9, 10, 12, 13], "neighbors": [21, 39, 13, 36, 38, 26, 31]}, {"capacity": 795, "impossibleCargos": [1, 2, 3, 4, 6, 7, 9, 11, 12, 13, 14], "neighbors": [16, 5, 26, 39, 9, 25, 31, 36]}, {"capacity": 346, "impossibleCargos": [0, 1, 2, 4, 5, 6, 8, 9, 10, 12, 13, 14], "neighbors": [28, 8, 9, 16, 39, 2, 36, 22, 13, 27, 30]}, {"capacity": 806, "impossibleCargos": [1, 2, 3, 5, 6, 7, 8, 9, 10, 11, 12, 13, 14], "neighbors": [32, 3, 4, 15, 18, 7, 31, 38, 36, 14, 25, 10]}, {"capacity": 626, "impossibleCargos": [0, 1, 2, 4, 5, 6, 7, 8, 9, 10, 11], "neighbors": [14, 15, 3, 9, 33, 5, 20, 8, 6, 31, 28, 30]}, {"capacity": 233, "impossibleCargos": [0, 2, 3, 5, 7, 8, 9, 10, 11, 12, 13], "neighbors": [37, 11, 12, 13, 25, 9, 16, 28]}, {"capacity": 434, "impossibleCargos": [0, 1, 3, 4, 5, 7, 8, 10, 11, 12, 13], "neighbors": [38, 4, 14, 29, 10]}, {"capacity": 865, "impossibleCargos": [0, 1, 2, 4, 6, 7, 8, 9, 10, 11, 12, 13, 14], "neighbors": [11, 5, 23, 17, 8, 31, 2, 19, 12, 21]}, {"capacity": 697, "impossibleCargos": [0, 1, 2, 4, 5, 7, 8, 9, 10, 11, 13, 14], "neighbors": [39, 14, 37, 38, 4, 7, 6, 17, 36, 19, 27, 1, 18, 33, 8]}, {"capacity": 900, "impossibleCargos": [0, 3, 4, 5, 6, 7, 8, 9, 10, 12, 13, 14], "neighbors": [31, 37, 15, 32, 3, 33, 20, 10, 26, 29]}, {"capacity": 564, "impossibleCargos": [1, 2, 3, 4, 5, 6, 7, 9, 10, 11, 13, 14], "neighbors": [20, 35, 17, 14, 32, 37, 33, 22, 23]}, {"capacity": 346, "impossibleCargos": [1, 2, 3, 4, 5, 6, 7, 8, 9, 11, 12, 13, 14], "neighbors": [17, 37, 7, 12, 11, 24, 32, 27]}, {"capacity": 672, "impossibleCargos": [1, 2, 3, 5, 8, 10, 11, 12, 13], "neighbors": [3, 17, 11, 37, 15, 20, 22, 14]}, {"capacity": 626, "impossibleCargos": [0, 1, 3, 5, 6, 7, 8, 10, 11, 14], "neighbors": [27, 11, 3, 16, 10, 1, 25, 21, 0, 5, 33, 22, 19, 18]}, {"capacity": 213, "impossibleCargos": [0, 2, 3, 5, 6, 7, 8, 9, 12, 14], "neighbors": [10, 21, 17, 27, 28, 16, 1, 14, 29, 13]}, {"capacity": 445, "impossibleCargos": [0, 1, 3, 4, 6, 7, 10, 11, 12, 13], "neighbors": [14, 28, 35, 27, 22, 10, 31, 9, 26, 17]}, {"capacity": 729, "impossibleCargos": [0, 1, 2, 3, 4, 5, 6, 7, 9, 10, 11], "neighbors": [7, 15, 3, 13, 8]}, {"capacity": 342, "impossibleCargos": [1, 2, 3, 4, 5, 6, 7, 8, 11, 12, 14], "neighbors": [28, 33, 1, 3, 38]}, {"capacity": 250, "impossibleCargos": [2, 3, 5, 6, 7, 8, 10, 11, 12, 13, 14], "neighbors": [38, 13, 20, 26, 11, 37, 18, 21, 19]}, {"capacity": 602, "impossibleCargos": [0, 1, 2, 3, 4, 5, 6, 7, 8, 9, 10, 11, 12, 14], "neighbors": [23, 27, 4, 29, 26, 28, 0, 30, 36, 39, 8, 10]}, {"capacity": 870, "impossibleCargos": [0, 2, 3, 4, 6, 7, 8, 9, 10, 11, 12, 13, 14], "neighbors": [24, 36, 11, 26, 13, 14, 35, 21, 18]}, {"capacity": 235, "impossibleCargos": [0, 3, 4, 5, 7, 8, 9, 11, 12, 13, 14], "neighbors": [2, 26, 13, 20, 18, 7, 19, 37]}]}