{"volumes": [379, 497, 2336, 1081, 1033, 0, 1254, 1136, 1572, 1139, 891, 874, 3469, 402, 0], "conflicts": [[0, 1], [0, 5], [0, 9], [0, 10], [0, 11], [0, 13], [0, 14], [1, 10], [1, 13], [1, 14], [3, 5], [4, 5], [5, 7], [5, 10], [5, 11], [6, 10], [6, 14], [7, 14], [8, 14], [10, 13], [10, 14], [12, 14], [13, 14]], "tanks": [{"capacity": 330, "impossibleCargos": [1, 2, 5, 6, 8, 9, 10, 13, 14], "neighbors": [6, 24, 8, 11, 36, 2, 31, 18, 7]}, {"capacity": 879, "impossibleCargos": [0, 2, 3, 5, 6, 7, 8, 9, 10, 11, 12, 13, 14], "neighbors": [26, 25, 14, 36, 29, 23, 5, 10, 13, 34, 4]}, {"capacity": 645, "impossibleCargos": [0, 3, 4, 5, 6, 10, 12, 14], "neighbors": [38, 29, 24, 12, 37, 39, 7, 36, 0, 26, 14]}, {"capacity": 896, "impossibleCargos": [1, 3, 4, 5, 7, 8, 9, 11, 12, 13], "neighbors": [20, 5, 37, 4, 23, 38, 24, 6, 10, 14, 16]}, {"capacity": 222, "impossibleCargos": [1, 2, 3, 5, 7, 8, 9, 10, 11, 12, 14], "neighbors": [12, 3, 34, 27, 28, 1]}, {"capacity": 957, "impossibleCargos": [0, 2, 3, 4, 6, 7, 8, 11, 13, 14], "neighbors": [3, 31, 36, 18, 9, 10, 29, 35, 1, 22, 14, 17]}, {"capacity": 251, "impossibleCargos": [0, 1, 3, 4, 5, 7, 8, 10, 12], "neighbors": [30, 10, 0, 20, 36, 18, 28, 16, 26, 37, 3, 35, 29, 19]}, {"capacity": 936, "impossibleCargos": [0, 1, 3, 4, 7, 8, 10, 11, 12], "neighbors": [39, 8, 10, 2, 0, 27]}, {"capacity": 256, "impossibleCargos": [0, 3, 4, 5, 6, 7, 8, 9, 10, 11, 13, 14], "neighbors": [7, 15, 0, 37]}, {"capacity": 515, "impossibleCargos": [0, 1, 3, 4, 6, 8, 9, 10, 11, 12, 13, 14], "neighbors": [39, 33, 5, 21, 24, 13, 10, 16]}, {"capacity": 563, "impossibleCargos": [0, 1, 2, 4, 5, 6, 8, 9, 11, 12, 13], "neighbors": [6, 13, 24, 28, 38, 22, 23, 7, 5, 31, 1, 35, 3, 16, 9]}, {"capacity": 212, "impossibleCargos": [0, 1, 2, 3, 4, 5, 6, 7, 9, 12, 13], "neighbors": [14, 0, 20, 21, 32, 39]}, {"capacity": 206, "impossibleCargos": [0, 1, 2, 3, 4, 5, 6, 7, 9, 10, 11, 12, 13, 14], "neighbors": [4, 38, 2, 35, 36, 28, 25, 29, 20, 37]}, {"capacity": 485, "impossibleCargos": [0, 2, 4, 5, 7, 8, 9, 12, 13, 14], "neighbors": [27, 10, 16, 22, 19, 24, 29, 28, 1, 9]}, {"capacity": 399, "impossibleCargos": [0, 1, 3, 4, 6, 7, 9, 10, 12, 13, 14], "neighbors": [37, 16, 1, 11, 22, 29, 38, 23, 5, 35, 3, 31, 2, 28, 19]}, {"capacity": 248, "impossibleCargos": [0, 2, 3, 4, 8, 9, 10, 11, 13, 14], "neighbors": [8, 22, 25, 16, 33, 28, 30, 31]}, {"capacity": 391, "impossibleCargos": [1, 2, 3, 4, 5, 6, 8, 9, 10, 11, 12, 13, 14], "neighbors": [23, 14, 13, 35, 6, 28, 33, 15, 10, 3, 9]}, {"capacity": 993, "impossibleCargos": [0, 2, 4, 5, 7, 8, 9, 10, 11, 12, 13, 14], "neighbors": [39, 22, 33, 21, 38, 31, 28, 20, 5, 30, 34]}, {"capacity": 982, "impossibleCargos": [0, 1, 2, 4, 6, 7, 8, 10, 11], "neighbors": [31, 37, 5, 6, 21, 30, 0]}, {"capacity": 975, "impossibleCargos": [0, 2, 4, 5, 8, 9, 10, 11, 12, 13, 14], "neighbors": [20, 38, 13, 34, 28, 29, 14, 6]}, {"capacity": 300, "impossibleCargos": [0, 1, 5, 6, 7, 8, 9, 10, 13, 14], "neighbors": [3, 19, 6, 35, 26, 39, 11, 12, 22, 36, 17]}, {"capacity": 525, "impossibleCargos": [0, 1, 3, 4, 5, 6, 7, 8, 9, 10, 13, 14], "neighbors": [24, 26, 33, 18, 9, 17, 11, 37]}, {"capacity": 316, "impossibleCargos": [0, 1, 2, 3, 4, 8, 9, 11, 12, 13, 14], "neighbors": [36, 13, 10, 14, 26, 15, 17, 35, 38, 5, 20]}, {"capacity": 481, "impossibleCargos": [0, 1, 2, 4, 5, 6, 7, 9, 10, 12, 13, 14], "neighbors": [38, 16, 3, 10, 1, 27, 26, 14, 35]}, {"capacity": 925, "impossibleCargos": [0, 1, 2, 4, 6, 7, 8, 9, 10, 11, 13, 14], "neighbors": [21, 34, 2, 0, 10, 9, 13, 3, 36]}, {"capacity": 413, "impossibleCargos": [0, 1, 3, 4, 5, 6, 7, 8, 9, 10, 11], "neighbors": [34, 1, 28, 12, 15, 36, 33]}, {"capacity": 242, "impossibleCargos": [0, 3, 4, 5, 6, 7, 9, 10, 11, 12, 13], "neighbors": [1, 21, 35, 22, 20, 6, 23, 29, 31, 2, 39]}, {"capacity": 584, "impossibleCargos": [1, 2, 4, 5, 6, 7, 9, 10, 11, 12, 13], "neighbors": [13, 35, 4, 23, 7]}, {"capacity": 787, "impossibleCargos": [0, 2, 3, 4, 6, 7, 10, 13], "neighbors": [39, 34, 30, 10, 12, 25, 6, 16, 33, 17, 13, 4, 19, 29, 15, 14]}, {"capacity": 356, "impossibleCargos": [0, 3, 5, 6, 8, 10, 11, 12, 14], "neighbors": [2, 1, 14, 5, 35, 12, 26, 13, 19, 36, 28, 6, 38]}, {"capacity": 492, "impossibleCargos": [0, 1, 2, 3, 5, 6, 7, 9, 10, 11, 12, 14], "neighbors": [38, 6, 28, 37, 18, 39, 17, 15]}, {"capacity": 462, "impossibleCargos": [0, 1, 3, 4, 5, 7, 8, 9, 11, 12, 14], "neighbors": [18, 5, 33, 17, 10, 0, 26, 14, 15]}, {"capacity": 909, "impossibleCargos": [0, 2, 3, 4, 5, 7, 8, 9, 10, 11, 13], "neighbors": [11, 34, 35]}, {"capacity": 895, "impossibleCargos": [0, 1, 3, 4, 5, 6, 7, 8, 9, 10, 11, 12, 13, 14], "neighbors": [21, 38, 31, 9, 17, 16, 15, 28, 36, 25]}, {"capacity": 730, "impossibleCargos": [0, 2, 3, 4, 5, 8, 9, 10, 11, 13, 14], "neighbors": [25, 28, 24, 4, 19, 32, 1, 17]}, {"capacity": 645, "impossibleCargos": [0, 2, 3, 4, 5, 6, 8, 9, 10, 11, 14], "neighbors": [26, 39, 12, 20, 16, 27, 22, 29, 5, 6, 14, 10, 32, 23]}, {"capacity": 993, "impossibleCargos": [0, 1, 2, 3, 4, 5, 9, 11, 12, 13, 14], "neighbors": [22, 39, 6, 1, 12, 5, 0, 25, 2, 33, 20, 29, 24]}, {"capacity": 353, "impossibleCargos": [3, 5, 6, 7, 9, 10, 11, 12, 13, 14], "neighbors": [14, 3, 18, 6, 2, 30, 8, 21, 12]}, {"capacity": 584, "impossibleCargos": [1, 2, 3, 4, 5, 6, 7, 8, 9, 10, 12, 14], "neighbors": [30, 23, 2, 19, 12, 33, 10, 3, 22, 17, 14, 29]}, {"capacity": 319, "impossibleCargos": [0, 1, 2, 3, 4, 5, 6, 7, 8, 10, 11, 14], "neighbors": [7, 28, 17, 36, 35, 9, 2, 20, 11, 30, 26]}]}