{"volumes": [831, 1536, 1867, 2257, 2350, 1074, 1579, 1973, 0, 366, 0, 1585, 0, 1166, 1896], "conflicts": [[3, 12], [4, 10], [4, 12], [5, 8], [6, 8], [6, 12], [7, 8], [8, 9], [8, 13], [10, 11], [12, 13]], "tanks": [{"capacity": 894, "impossibleCargos": [2, 3, 4, 7, 8, 10, 11], "neighbors": [19, 31, 25, 24, 12, 36, 9, 29, 21, 26, 13, 14, 15, 28, 11, 6, 27]}, {"capacity": 801, "impossibleCargos": [1, 2, 4, 6, 7, 13], "neighbors": [27, 8, 12, 22, 28, 34, 2, 13, 15, 16, 7, 38, 19]}, {"capacity": 651, "impossibleCargos": [0, 1, 3, 9, 11, 12, 13], "neighbors": [16, 9, 26, 6, 29, 38, 15, 36, 18, 20, 21, 10, 11, 12, 31, 1, 28, 24, 4, 33, 23, 19]}, {"capacity": 547, "impossibleCargos": [0, 2, 4, 12, 13, 14], "neighbors": [37, 21, 7, 34, 35, 19, 15, 38, 10, 24, 18, 33, 26, 13, 20]}, {"capacity": 813, "impossibleCargos": [0, 2, 5, 6, 7, 10, 11, 13], "neighbors": [27, 29, 39, 13, 9, 37, 14, 24, 17, 23, 28, 7, 30, 22, 20, 35, 34, 38, 26, 25, 2, 16, 8, 5, 15]}, {"capacity": 443, "impossibleCargos": [3, 6, 7, 8, 11, 12, 13], "neighbors": [13, 14, 22, 25, 20, 38, 31, 28, 9, 11, 7, 33, 18, 4, 37]}, {"capacity": 880, "impossibleCargos": [1, 4, 5, 6, 7, 10, 11, 13], "neighbors": [24, 15, 16, 2, 32, 12, 35, 29, 21, 30, 27, 14, 20, 19, 23, 11, 33, 18, 25, 28, 39, 13, 0]}, {"capacity": 416, "impossibleCargos": [3, 5, 7, 8, 9, 10, 11, 12, 14], "neighbors": [12, 3, 29, 38, 31, 14, 4, 23, 11, 21, 16, 36, 17, 15, 18, 1, 25, 8, 10, 30, 22, 5, 27, 39, 19, 13]}, {"capacity": 407, "impossibleCargos": [3, 4, 7, 8, 11, 13], "neighbors": [23, 19, 1, 15, 21, 12, 37, 7, 26, 32, 17, 4, 33, 11, 27]}, {"capacity": 573, "impossibleCargos": [4, 11], "neighbors": [23, 2, 29, 19, 4, 26, 28, 0, 14, 27, 16, 34, 13, 5, 30, 24]}, {"capacity": 951, "impossibleCargos": [1, 3, 4, 5, 10, 12, 13], "neighbors": [24, 18, 30, 38, 29, 28, 21, 2, 23, 15, 27, 16, 35, 3, 7, 19, 17, 22, 25, 12]}, {"capacity": 879, "impossibleCargos": [1, 2, 4, 9, 10, 12], "neighbors": [21, 35, 23, 30, 22, 33, 2, 37, 24, 7, 6, 14, 5, 17, 0, 8, 38]}, {"capacity": 579, "impossibleCargos": [0, 1, 5, 6, 7, 8, 10, 11, 12], "neighbors": [7, 6, 34, 27, 39, 19, 32, 1, 31, 0, 28, 2, 17, 8, 30, 23, 37, 35, 10]}, {"capacity": 503, "impossibleCargos": [0, 1, 2, 5, 8, 9, 10, 13], "neighbors": [5, 33, 35, 4, 26, 18, 37, 19, 9, 1, 15, 0, 14, 25, 29, 6, 3, 7, 17]}, {"capacity": 757, "impossibleCargos": [1, 3, 8, 10, 13], "neighbors": [20, 28, 39, 18, 5, 32, 29, 23, 34, 4, 7, 9, 24, 17, 6, 31, 11, 0, 16, 38, 30, 13]}, {"capacity": 970, "impossibleCargos": [2, 6, 7, 10, 12, 14], "neighbors": [6, 2, 27, 30, 31, 23, 8, 10, 3, 24, 38, 1, 7, 13, 20, 18, 26, 37, 0, 4, 33]}, {"capacity": 451, "impossibleCargos": [0, 1, 9, 10, 13, 14], "neighbors": [20, 2, 6, 23, 35, 24, 39, 9, 25, 7, 21, 10, 33, 1, 36, 4, 14, 27, 17, 37, 28, 38, 31, 26]}, {"capacity": 474, "impossibleCargos": [0, 2, 3, 4, 7, 8, 11, 14], "neighbors": [19, 38, 22, 4, 30, 28, 23, 14, 12, 7, 24, 31, 36, 8, 16, 11, 37, 10, 39, 13, 21]}, {"capacity": 671, "impossibleCargos": [0, 1, 2, 6, 11, 14], "neighbors": [39, 10, 14, 2, 32, 13, 24, 7, 6, 25, 15, 3, 5, 37, 23]}, {"capacity": 705, "impossibleCargos": [2, 3, 5, 6, 8, 10, 12], "neighbors": [35, 38, 0, 28, 17, 12, 8, 9, 3, 13, 30, 29, 33, 6, 26, 31, 25, 24, 10, 1, 2, 37, 39, 7, 36, 20]}, {"capacity": 714, "impossibleCargos": [4, 6, 9, 10, 12], "neighbors": [16, 22, 14, 28, 5, 36, 39, 2, 37, 33, 24, 4, 6, 15, 30, 3, 19]}, {"capacity": 739, "impossibleCargos": [1, 2, 3, 6, 9, 12, 13, 14], "neighbors": [28, 11, 3, 6, 10, 30, 2, 0, 7, 16, 8, 27, 23, 26, 37, 38, 24, 17]}, {"capacity": 593, "impossibleCargos": [1, 6, 8, 9, 12, 13], "neighbors": [20, 5, 11, 23, 17, 1, 28, 35, 37, 4, 33, 7, 26, 39, 25, 10, 27, 38]}, {"capacity": 352, "impossibleCargos": [0, 2, 10, 11, 12, 13, 14], "neighbors": [9, 16, 8, 11, 37, 14, 35, 15, 22, 10, 4, 17, 26, 7, 21, 6, 2, 36, 32, 12, 18, 31]}, {"capacity": 871, "impossibleCargos": [0, 3, 4, 5, 7, 9, 10, 13, 14], "neighbors": [10, 6, 0, 16, 4, 25, 35, 20, 14, 18, 15, 11, 17, 2, 31, 34, 27, 3, 9, 19, 37, 21, 28]}, {"capacity": 836, "impossibleCargos": [0, 1, 2, 6, 7, 9, 12], "neighbors": [0, 5, 26, 24, 16, 32, 33, 37, 4, 7, 18, 19, 6, 36, 22, 13, 10]}, {"capacity": 287, "impossibleCargos": [0, 2, 3, 6, 8, 9, 12], "neighbors": [2, 25, 13, 9, 35, 39, 31, 23, 0, 19, 4, 21, 8, 27, 15, 22, 36, 3, 33, 16]}, {"capacity": 764, "impossibleCargos": [0, 1, 3, 6, 7, 8, 10, 12, 14], "neighbors": [34, 4, 35, 15, 12, 1, 9, 6, 10, 21, 39, 24, 26, 16, 7, 22, 37, 8, 31, 33, 0]}, {"capacity": 280, "impossibleCargos": [4, 5, 6, 7, 10, 12, 13], "neighbors": [21, 14, 20, 19, 39, 10, 36, 31, 9, 12, 22, 17, 1, 4, 30, 5, 2, 29, 0, 38, 6, 37, 16, 24]}, {"capacity": 808, "impossibleCargos": [0, 2, 5, 8, 9, 10, 12, 13, 14], "neighbors": [30, 38, 32, 2, 36, 4, 7, 35, 10, 9, 14, 6, 37, 0, 19, 39, 28, 13]}, {"capacity": 462, "impossibleCargos": [4, 6, 7, 10, 13], "neighbors": [29, 39, 10, 11, 15, 6, 21, 17, 19, 28, 38, 4, 12, 9, 7, 35, 20, 14]}, {"capacity": 793, "impossibleCargos": [1, 2, 4, 5, 6, 8, 9, 13, 14], "neighbors": [34, 0, 36, 7, 15, 12, 28, 33, 26, 5, 2, 19, 14, 24, 17, 37, 39, 38, 27, 23, 16, 35]}, {"capacity": 781, "impossibleCargos": [0, 1, 3, 4, 6, 8, 10, 13, 14], "neighbors": [39, 29, 6, 14, 12, 18, 37, 25, 8, 38, 23]}, {"capacity": 566, "impossibleCargos": [1, 2, 5, 7, 8, 9, 11, 12], "neighbors": [34, 13, 37, 36, 31, 11, 20, 19, 25, 16, 22, 6, 2, 3, 5, 8, 15, 27, 26]}, {"capacity": 262, "impossibleCargos": [1, 3, 6, 7, 9, 14], "neighbors": [27, 33, 31, 12, 3, 39, 14, 1, 9, 4, 38, 24, 37]}, {"capacity": 905, "impossibleCargos": [0, 2, 3, 4, 8, 9, 11, 14], "neighbors": [19, 11, 6, 27, 29, 13, 16, 3, 23, 26, 24, 22, 37, 4, 10, 36, 39, 30, 12, 31]}, {"capacity": 895, "impossibleCargos": [8, 9, 10, 11, 12, 14], "neighbors": [29, 2, 31, 20, 33, 28, 0, 39, 7, 38, 16, 35, 17, 26, 25, 23, 19]}, {"capacity": 317, "impossibleCargos": [2, 3, 4, 5, 6, 7, 8, 9, 10, 12, 13, 14], "neighbors": [3, 23, 33, 20, 4, 32, 29, 11, 13, 35, 22, 25, 8, 31, 15, 17, 21, 24, 16, 18, 12, 27, 28, 19, 5, 39, 34]}, {"capacity": 603, "impossibleCargos": [2, 4, 10, 11, 13, 14], "neighbors": [19, 29, 2, 10, 17, 7, 5, 15, 30, 4, 36, 3, 34, 1, 14, 32, 28, 31, 11, 16, 21, 22]}, {"capacity": 892, "impossibleCargos": [8, 10, 11, 13], "neighbors": [32, 18, 14, 30, 4, 28, 34, 12, 20, 26, 36, 16, 27, 29, 35, 22, 7, 17, 6, 31, 19, 37]}]}