{"volumes": [1286, 1164, 1585, 1571, 1133, 2084, 1554, 0, 1210, 809, 1487, 2806, 0, 1675, 1421], "conflicts": [[1, 7], [1, 10], [2, 7], [3, 7], [3, 12], [4, 12], [5, 12], [6, 7], [6, 12], [7, 10], [8, 12], [11, 12], [12, 13], [12, 14]], "tanks": [{"capacity": 953, "impossibleCargos": [4, 11, 12, 13, 14], "neighbors": [21, 29, 8, 4, 7, 11, 23, 38, 3, 18, 15, 28, 1, 26, 25, 17, 12, 24, 14, 13]}, {"capacity": 739, "impossibleCargos": [1, 3, 6, 7, 8, 10, 11, 12], "neighbors": [9, 8, 5, 6, 3, 26, 31, 19, 28, 11, 38, 25, 12, 13, 35, 27, 10, 0, 36, 7, 21, 2, 29, 37, 16, 22]}, {"capacity": 290, "impossibleCargos": [0, 6, 9, 10], "neighbors": [21, 38, 5, 20, 37, 16, 24, 13, 31, 12, 19, 36, 28, 8, 7, 15, 1, 39, 17, 27, 33, 30, 32, 9]}, {"capacity": 785, "impossibleCargos": [0, 1, 6, 8], "neighbors": [13, 1, 4, 34, 36, 8, 17, 29, 23, 32, 0, 11, 22, 9, 35, 7, 15, 37, 18, 30, 38, 27, 39, 21, 14, 6]}, {"capacity": 983, "impossibleCargos": [0, 1, 3, 11, 12, 14], "neighbors": [3, 35, 30, 0, 21, 12, 10, 19, 34, 25, 36, 26, 7, 20, 22, 18, 17, 39]}, {"capacity": 1000, "impossibleCargos": [3, 4, 10, 13], "neighbors": [2, 1, 16, 13, 32, 39, 31, 34, 28, 38, 6, 8, 7, 12, 27]}, {"capacity": 607, "impossibleCargos": [2, 6, 9, 11, 12, 14], "neighbors": [36, 1, 8, 13, 32, 15, 23, 5, 31, 17, 19, 30, 3]}, {"capacity": 987, "impossibleCargos": [0, 1, 3, 5, 7, 9, 10, 12, 13, 14], "neighbors": [9, 19, 0, 15, 13, 14, 35, 17, 28, 36, 37, 16, 5, 18, 3, 25, 4, 1, 34, 2, 11, 29, 33, 23]}, {"capacity": 770, "impossibleCargos": [0, 1, 2, 4, 6, 8, 9, 10, 13, 14], "neighbors": [1, 25, 14, 0, 6, 20, 3, 24, 32, 22, 28, 5, 26, 23, 16, 27, 34, 33, 11, 2, 13, 31, 35, 21, 39, 18]}, {"capacity": 405, "impossibleCargos": [0, 1, 3, 4, 5, 6, 8, 10, 11], "neighbors": [23, 1, 7, 18, 11, 28, 33, 21, 35, 3, 38, 12, 15, 19, 36, 31, 32, 27, 22, 2, 30]}, {"capacity": 905, "impossibleCargos": [1, 5, 7, 10, 12, 14], "neighbors": [39, 32, 16, 33, 14, 18, 13, 24, 4, 1, 25, 12, 15, 27, 29, 11]}, {"capacity": 548, "impossibleCargos": [1, 2, 4, 6, 7, 10, 12, 13, 14], "neighbors": [9, 38, 18, 14, 34, 30, 0, 1, 28, 3, 16, 27, 19, 35, 8, 37, 26, 7, 10]}, {"capacity": 511, "impossibleCargos": [1, 3, 5, 6, 8, 9, 10, 11, 12, 13], "neighbors": [18, 38, 22, 39, 29, 2, 1, 4, 9, 28, 5, 10, 23, 31, 25, 0, 13, 19]}, {"capacity": 424, "impossibleCargos": [7, 8, 9, 11], "neighbors": [3, 6, 37, 5, 7, 20, 2, 27, 1, 10, 26, 39, 32, 15, 18, 30, 38, 16, 8, 35, 25, 12, 0, 24]}, {"capacity": 685, "impossibleCargos": [0, 2, 4, 5, 6, 8, 11, 12, 13, 14], "neighbors": [8, 21, 16, 11, 38, 7, 22, 10, 35, 26, 29, 39, 27, 30, 18, 3, 23, 0]}, {"capacity": 598, "impossibleCargos": [0, 2, 6, 8], "neighbors": [39, 31, 7, 35, 21, 24, 33, 6, 0, 9, 13, 20, 3, 37, 29, 27, 10, 34, 2, 17]}, {"capacity": 663, "impossibleCargos": [1, 2, 5, 7, 9, 12, 13, 14], "neighbors": [21, 14, 5, 2, 37, 10, 34, 26, 29, 11, 7, 22, 20, 8, 39, 24, 19, 13, 38, 28, 17, 1, 36]}, {"capacity": 312, "impossibleCargos": [0, 1, 2, 3, 6, 10, 12, 13, 14], "neighbors": [30, 37, 3, 7, 35, 21, 6, 38, 39, 0, 2, 16, 4, 15, 27]}, {"capacity": 879, "impossibleCargos": [0, 6, 8, 14], "neighbors": [9, 12, 11, 26, 28, 19, 30, 21, 10, 0, 36, 27, 7, 3, 13, 33, 25, 14, 4, 22, 8]}, {"capacity": 420, "impossibleCargos": [0, 5, 7, 8, 9, 10, 12, 13], "neighbors": [7, 22, 1, 18, 4, 2, 9, 11, 21, 26, 30, 24, 6, 16, 38, 28, 12]}, {"capacity": 323, "impossibleCargos": [1, 2, 5, 6, 8, 9, 10, 13], "neighbors": [21, 32, 2, 8, 34, 13, 35, 26, 37, 33, 36, 15, 16, 4, 38, 25]}, {"capacity": 281, "impossibleCargos": [0, 1, 6, 7, 10, 11, 12, 13, 14], "neighbors": [2, 20, 0, 16, 32, 14, 9, 4, 15, 18, 17, 19, 39, 38, 25, 1, 3, 36, 30, 8]}, {"capacity": 257, "impossibleCargos": [0, 1, 3, 4, 5, 7, 8, 9, 10], "neighbors": [30, 19, 12, 14, 23, 3, 8, 16, 36, 28, 39, 4, 9, 18, 1]}, {"capacity": 852, "impossibleCargos": [1, 3, 4, 7, 8, 9, 11], "neighbors": [9, 34, 28, 25, 0, 22, 35, 3, 27, 6, 30, 8, 12, 24, 14, 7]}, {"capacity": 752, "impossibleCargos": [1, 3, 4, 5, 6, 9, 13], "neighbors": [39, 2, 8, 28, 15, 10, 30, 31, 16, 19, 23, 34, 0, 33, 13]}, {"capacity": 311, "impossibleCargos": [0, 1, 2, 4, 6, 7, 8, 13, 14], "neighbors": [8, 30, 32, 23, 29, 39, 1, 27, 34, 38, 36, 4, 10, 7, 18, 33, 0, 21, 12, 13, 20]}, {"capacity": 881, "impossibleCargos": [1, 3, 4, 5, 6, 7, 8, 10, 12, 13], "neighbors": [1, 18, 16, 32, 20, 28, 29, 13, 39, 31, 8, 0, 14, 19, 4, 11, 27]}, {"capacity": 967, "impossibleCargos": [1, 2, 4, 5, 9, 11], "neighbors": [38, 28, 39, 34, 13, 23, 25, 1, 18, 32, 11, 35, 8, 36, 15, 5, 3, 14, 33, 9, 30, 2, 10, 26, 17]}, {"capacity": 869, "impossibleCargos": [0, 1, 2, 10, 11, 12, 13], "neighbors": [23, 9, 27, 18, 1, 26, 5, 24, 11, 37, 31, 8, 7, 12, 0, 22, 32, 2, 29, 19, 16]}, {"capacity": 618, "impossibleCargos": [0, 3, 6, 12, 13], "neighbors": [0, 30, 25, 39, 12, 3, 16, 26, 15, 14, 28, 1, 7, 10, 34]}, {"capacity": 790, "impossibleCargos": [0, 4, 10], "neighbors": [22, 17, 25, 29, 4, 11, 18, 35, 39, 23, 24, 3, 36, 34, 31, 19, 13, 6, 14, 27, 2, 21, 9]}, {"capacity": 326, "impossibleCargos": [1, 6, 7, 12], "neighbors": [39, 38, 15, 1, 2, 5, 35, 28, 6, 26, 24, 30, 34, 9, 36, 12, 8, 32]}, {"capacity": 663, "impossibleCargos": [0, 1, 3, 4, 9, 10, 11, 12, 13, 14], "neighbors": [20, 21, 25, 39, 38, 5, 10, 26, 6, 3, 8, 13, 27, 28, 9, 33, 31, 2]}, {"capacity": 325, "impossibleCargos": [0, 2, 3, 4, 7, 8, 11, 12, 13], "neighbors": [35, 9, 10, 38, 15, 20, 18, 8, 25, 39, 36, 27, 32, 2, 24, 7]}, {"capacity": 370, "impossibleCargos": [2, 3, 5, 10, 13], "neighbors": [23, 11, 20, 3, 27, 16, 5, 39, 25, 37, 4, 30, 36, 8, 31, 15, 7, 24, 38, 29]}, {"capacity": 740, "impossibleCargos": [4, 5, 6, 8, 9, 12, 14], "neighbors": [33, 4, 15, 20, 23, 7, 30, 31, 17, 9, 14, 38, 1, 3, 27, 36, 11, 13, 8]}, {"capacity": 686, "impossibleCargos": [9, 10, 11, 12], "neighbors": [6, 3, 39, 18, 7, 22, 20, 25, 4, 9, 1, 2, 35, 30, 34, 27, 33, 31, 21, 16]}, {"capacity": 928, "impossibleCargos": [2, 3, 5, 6, 7, 9, 12, 14], "neighbors": [17, 2, 16, 13, 20, 28, 34, 7, 39, 15, 3, 11, 1]}, {"capacity": 477, "impossibleCargos": [2, 5, 6, 7, 8, 10], "neighbors": [2, 31, 27, 11, 12, 32, 14, 1, 0, 33, 5, 25, 35, 9, 17, 3, 21, 13, 16, 34, 19, 20]}, {"capacity": 373, "impossibleCargos": [2, 5, 6, 9, 10, 12, 13, 14], "neighbors": [31, 24, 15, 32, 27, 10, 12, 5, 25, 29, 34, 30, 36, 13, 26, 37, 21, 17, 16, 14, 33, 3, 22, 2, 4, 8]}]}