{"volumes": [398, 870, 324, 1144, 416, 1199, 1078, 722, 1454, 806, 1803, 2437, 1640, 1161, 1997], "conflicts": [], "tanks": [{"capacity": 691, "impossibleCargos": [0, 2, 5, 7, 9, 12], "neighbors": [16, 2, 28, 36, 30, 23, 38, 20, 35, 15, 10, 3, 14, 21, 5, 34, 31, 17, 39, 26, 6, 9, 12, 7, 32, 24, 25, 4, 18]}, {"capacity": 533, "impossibleCargos": [0, 1, 7, 10, 11, 14], "neighbors": [27, 10, 12, 31, 2, 29, 33, 9, 37, 4, 18, 20, 26, 25, 6, 32, 5, 35, 3, 21, 11, 39, 23, 24, 34, 13, 14, 22, 15, 7, 17]}, {"capacity": 256, "impossibleCargos": [4, 12, 14], "neighbors": [22, 18, 0, 1, 36, 39, 7, 16, 33, 10, 35, 12, 6, 27, 14, 15, 21, 23, 28, 13, 38, 32, 3, 29, 25, 34, 31, 5, 17, 19, 4]}, {"capacity": 839, "impossibleCargos": [1, 4, 7, 13], "neighbors": [37, 19, 11, 35, 6, 5, 20, 25, 36, 17, 23, 26, 13, 8, 4, 1, 0, 12, 16, 18, 39, 9, 27, 38, 7, 2, 28]}, {"capacity": 257, "impossibleCargos": [7, 13, 14], "neighbors": [17, 21, 25, 20, 37, 14, 35, 19, 1, 8, 27, 18, 38, 3, 22, 36, 9, 11, 15, 6, 12, 29, 24, 13, 26, 31, 32, 30, 10, 2, 0]}, {"capacity": 390, "impossibleCargos": [5, 7, 9, 13, 14], "neighbors": [21, 29, 27, 3, 37, 9, 28, 31, 30, 25, 36, 17, 12, 1, 22, 11, 0, 32, 16, 10, 15, 34, 24, 19, 38, 6, 2, 14, 8, 23]}, {"capacity": 471, "impossibleCargos": [0, 6, 8, 11], "neighbors": [18, 27, 17, 3, 34, 8, 33, 36, 28, 2, 1, 29, 11, 22, 32, 4, 7, 38, 26, 13, 37, 0, 5, 30, 20]}, {"capacity": 848, "impossibleCargos": [3, 11, 12], "neighbors": [39, 19, 14, 25, 17, 12, 10, 30, 13, 2, 33, 37, 27, 24, 9, 8, 6, 15, 32, 21, 3, 34, 0, 29, 18, 31, 20, 23, 1, 35]}, {"capacity": 257, "impossibleCargos": [5, 6, 8, 10], "neighbors": [39, 28, 25, 32, 31, 18, 6, 10, 15, 4, 16, 24, 21, 19, 11, 3, 23, 7, 13, 33, 35, 34, 38, 9, 26, 37, 17, 22, 5, 30]}, {"capacity": 953, "impossibleCargos": [0, 2, 6], "neighbors": [34, 35, 5, 1, 19, 28, 18, 17, 26, 38, 4, 7, 15, 39, 12, 21, 24, 22, 3, 8, 30, 33, 0, 37]}, {"capacity": 308, "impossibleCargos": [1, 4, 9, 10, 14], "neighbors": [19, 21, 24, 1, 25, 33, 20, 7, 8, 37, 28, 23, 11, 2, 27, 0, 26, 14, 39, 30, 5, 15, 36, 35, 29, 38, 34, 17, 4]}, {"capacity": 881, "impossibleCargos": [1, 4, 12], "neighbors": [39, 3, 17, 29, 35, 32, 18, 23, 19, 27, 33, 10, 8, 21, 25, 4, 6, 1, 12, 5, 28, 34, 16, 22, 14, 26]}, {"capacity": 445, "impossibleCargos": [1, 2, 6, 9], "neighbors": [36, 16, 34, 33, 23, 35, 1, 13, 7, 25, 24, 31, 32, 17, 19, 2, 5, 38, 3, 11, 9, 21, 4, 18, 37, 15, 20, 39, 28, 14, 0, 29, 26]}, {"capacity": 863, "impossibleCargos": [2, 11], "neighbors": [35, 29, 17, 31, 24, 12, 25, 16, 7, 14, 3, 28, 38, 15, 37, 23, 8, 2, 6, 1, 36, 32, 4, 34, 19]}, {"capacity": 829, "impossibleCargos": [3, 6, 8, 9, 10, 14], "neighbors": [7, 15, 23, 24, 35, 37, 31, 20, 4, 33, 19, 36, 17, 38, 13, 18, 2, 0, 10, 26, 28, 16, 21, 27, 1, 12, 11, 29, 5]}, {"capacity": 564, "impossibleCargos": [8, 12, 14], "neighbors": [39, 14, 21, 33, 35, 8, 24, 0, 18, 2, 30, 28, 13, 23, 4, 9, 7, 5, 20, 10, 12, 32, 29, 25, 36, 26, 31, 1, 22]}, {"capacity": 429, "impossibleCargos": [4, 9, 11], "neighbors": [12, 0, 37, 34, 13, 31, 26, 20, 27, 2, 8, 22, 24, 33, 18, 32, 3, 29, 39, 5, 11, 14, 35, 38, 36]}, {"capacity": 446, "impossibleCargos": [1, 3, 5, 6, 9, 11], "neighbors": [33, 4, 20, 6, 13, 11, 19, 31, 32, 7, 34, 30, 23, 25, 37, 14, 3, 12, 9, 28, 26, 36, 5, 22, 0, 39, 18, 8, 35, 10, 24, 21, 2, 1]}, {"capacity": 258, "impossibleCargos": [0, 6, 9], "neighbors": [6, 19, 2, 23, 28, 8, 26, 29, 11, 35, 37, 1, 9, 27, 4, 25, 14, 15, 16, 34, 3, 12, 21, 39, 22, 33, 17, 30, 20, 7, 24, 32, 0]}, {"capacity": 932, "impossibleCargos": [0, 3, 5, 12], "neighbors": [27, 7, 10, 3, 29, 18, 35, 17, 21, 37, 30, 9, 26, 39, 14, 4, 11, 12, 22, 8, 24, 5, 38, 23, 36, 33, 13, 31, 32, 2, 34]}, {"capacity": 606, "impossibleCargos": [0, 2, 4, 6, 13], "neighbors": [36, 17, 38, 3, 31, 10, 4, 14, 30, 21, 0, 16, 1, 32, 26, 39, 23, 27, 15, 25, 12, 35, 33, 18, 37, 7, 6]}, {"capacity": 938, "impossibleCargos": [3, 11], "neighbors": [38, 5, 10, 4, 36, 15, 19, 25, 20, 39, 8, 11, 28, 32, 26, 2, 1, 0, 12, 35, 9, 18, 30, 7, 14, 34, 24, 31, 37, 22, 33, 17]}, {"capacity": 876, "impossibleCargos": [0, 1, 9, 14], "neighbors": [2, 34, 23, 33, 35, 31, 29, 19, 16, 27, 4, 17, 38, 5, 39, 37, 6, 9, 18, 30, 26, 11, 1, 32, 21, 8, 15]}, {"capacity": 966, "impossibleCargos": [2, 4, 13], "neighbors": [14, 12, 18, 34, 24, 33, 10, 0, 17, 30, 11, 22, 32, 3, 38, 27, 37, 28, 15, 8, 2, 13, 20, 1, 26, 19, 31, 7, 5]}, {"capacity": 987, "impossibleCargos": [8, 13], "neighbors": [37, 10, 29, 13, 14, 39, 23, 30, 12, 25, 31, 15, 8, 16, 28, 19, 7, 26, 38, 1, 9, 4, 5, 33, 27, 21, 17, 32, 18, 0, 35]}, {"capacity": 993, "impossibleCargos": [13], "neighbors": [8, 7, 4, 31, 27, 28, 10, 13, 3, 12, 39, 24, 21, 35, 17, 38, 1, 18, 34, 11, 5, 33, 36, 20, 15, 2, 37, 32, 0]}, {"capacity": 637, "impossibleCargos": [1, 3, 4, 8, 9, 14], "neighbors": [38, 19, 18, 16, 3, 28, 1, 36, 17, 9, 32, 34, 20, 33, 21, 10, 24, 14, 6, 23, 8, 31, 0, 22, 15, 27, 29, 4, 12, 35, 11]}, {"capacity": 325, "impossibleCargos": [0, 4, 5], "neighbors": [19, 1, 6, 5, 25, 31, 16, 4, 36, 11, 18, 23, 2, 10, 34, 7, 22, 35, 20, 30, 38, 28, 32, 3, 14, 24, 37, 26]}, {"capacity": 250, "impossibleCargos": [3, 6, 8], "neighbors": [8, 29, 18, 5, 0, 39, 25, 37, 10, 9, 26, 6, 24, 23, 17, 21, 34, 13, 15, 33, 2, 11, 36, 14, 27, 12, 3, 32, 38]}, {"capacity": 548, "impossibleCargos": [1, 3, 4, 7, 9, 11, 12], "neighbors": [13, 19, 5, 28, 24, 35, 1, 34, 11, 18, 31, 32, 22, 30, 6, 16, 38, 4, 36, 15, 10, 2, 33, 7, 26, 12, 14]}, {"capacity": 519, "impossibleCargos": [0, 1, 2, 4], "neighbors": [19, 24, 7, 20, 0, 17, 23, 5, 29, 15, 37, 27, 10, 21, 22, 9, 18, 33, 6, 4, 8]}, {"capacity": 890, "impossibleCargos": [7, 8, 13], "neighbors": [38, 13, 20, 1, 25, 17, 8, 16, 5, 14, 24, 12, 35, 27, 29, 22, 34, 32, 0, 26, 36, 2, 23, 15, 21, 7, 4, 19, 33, 39, 37]}, {"capacity": 328, "impossibleCargos": [6, 10, 12], "neighbors": [8, 33, 17, 35, 37, 36, 11, 23, 29, 12, 20, 26, 21, 1, 16, 6, 31, 5, 15, 7, 27, 2, 34, 22, 28, 13, 4, 24, 18, 0, 19, 25]}, {"capacity": 275, "impossibleCargos": [1, 7, 9, 11, 13], "neighbors": [17, 12, 34, 32, 15, 1, 10, 23, 14, 37, 6, 22, 7, 11, 2, 35, 25, 26, 28, 16, 8, 38, 18, 20, 24, 9, 29, 39, 19, 21, 30, 31]}, {"capacity": 214, "impossibleCargos": [4, 5, 8, 9], "neighbors": [9, 12, 33, 29, 16, 6, 23, 17, 22, 36, 31, 27, 25, 26, 28, 37, 18, 35, 39, 8, 0, 11, 1, 5, 7, 32, 21, 2, 10, 13, 38, 19]}, {"capacity": 732, "impossibleCargos": [3, 13], "neighbors": [13, 3, 38, 12, 9, 19, 29, 14, 32, 11, 25, 15, 4, 18, 31, 39, 0, 22, 2, 33, 1, 27, 34, 8, 21, 37, 10, 16, 20, 36, 17, 26, 7, 24]}, {"capacity": 825, "impossibleCargos": [3, 14], "neighbors": [20, 12, 21, 38, 2, 0, 3, 32, 34, 14, 6, 27, 26, 5, 17, 4, 25, 37, 28, 10, 29, 35, 13, 31, 15, 19, 16]}, {"capacity": 681, "impossibleCargos": [1, 6, 7, 8, 13], "neighbors": [3, 24, 5, 16, 28, 19, 32, 14, 4, 10, 33, 1, 17, 18, 7, 23, 13, 36, 22, 34, 30, 35, 12, 39, 6, 8, 20, 27, 21, 9, 25, 31]}, {"capacity": 928, "impossibleCargos": [], "neighbors": [21, 20, 31, 35, 26, 36, 0, 39, 14, 25, 23, 4, 9, 13, 12, 22, 24, 2, 8, 27, 29, 6, 33, 3, 16, 5, 19, 10, 28, 34]}, {"capacity": 689, "impossibleCargos": [5, 7, 12, 13], "neighbors": [15, 11, 7, 8, 28, 24, 2, 25, 19, 38, 35, 21, 20, 22, 1, 9, 34, 16, 3, 10, 18, 17, 37, 0, 12, 33, 31]}]}