{"volumes": [1187, 2071, 1071, 827, 0, 462, 1387, 1689, 567, 269, 1493, 1316, 1099, 1526, 947], "conflicts": [[4, 7], [4, 8], [4, 11], [4, 12]], "tanks": [{"capacity": 543, "impossibleCargos": [14], "neighbors": [8, 19, 4, 20, 37, 33, 14, 10, 16, 27, 30, 18, 26, 36, 29, 17, 32, 7, 15, 11, 35, 6, 34, 23, 22, 3, 39, 5, 38, 1, 31, 13, 25]}, {"capacity": 467, "impossibleCargos": [2, 4, 6, 7, 8], "neighbors": [32, 2, 3, 19, 8, 10, 22, 12, 29, 5, 9, 33, 23, 11, 36, 17, 37, 27, 28, 30, 16, 34, 4, 15, 0, 7]}, {"capacity": 246, "impossibleCargos": [5, 6, 13], "neighbors": [14, 3, 1, 19, 12, 15, 23, 11, 26, 16, 33, 39, 9, 34, 13, 29, 38, 6, 4, 22, 17, 37, 21, 36, 30, 27]}, {"capacity": 957, "impossibleCargos": [6, 9, 10], "neighbors": [31, 34, 2, 27, 13, 11, 21, 28, 1, 35, 24, 16, 37, 6, 7, 33, 26, 19, 36, 5, 17, 10, 8, 0, 15, 32, 38, 18, 4, 12, 29]}, {"capacity": 575, "impossibleCargos": [8, 12], "neighbors": [0, 29, 35, 7, 32, 26, 18, 10, 16, 24, 25, 39, 13, 22, 30, 33, 14, 5, 38, 21, 2, 11, 1, 27, 20, 3, 8]}, {"capacity": 386, "impossibleCargos": [1, 4, 8, 10, 11], "neighbors": [16, 7, 31, 14, 38, 20, 28, 15, 21, 32, 33, 8, 1, 27, 17, 26, 19, 3, 11, 12, 4, 35, 9, 29, 10, 39, 0, 13, 36, 37]}, {"capacity": 613, "impossibleCargos": [1, 3, 6, 7, 12], "neighbors": [37, 33, 31, 39, 12, 25, 17, 8, 19, 7, 26, 3, 21, 14, 32, 0, 10, 27, 15, 35, 2, 9, 11, 20, 34, 28]}, {"capacity": 929, "impossibleCargos": [0, 5, 9], "neighbors": [5, 9, 8, 20, 24, 12, 33, 4, 13, 35, 16, 6, 23, 17, 3, 38, 39, 29, 0, 37, 27, 18, 32, 34, 11, 22, 14, 15, 19, 1, 26, 36, 10]}, {"capacity": 479, "impossibleCargos": [4, 5, 6, 8], "neighbors": [0, 25, 37, 7, 32, 38, 19, 1, 36, 11, 6, 39, 23, 33, 9, 5, 34, 24, 18, 17, 14, 3, 20, 12, 27, 16, 21, 30, 22, 4]}, {"capacity": 772, "impossibleCargos": [4], "neighbors": [7, 24, 21, 28, 35, 15, 20, 39, 8, 33, 29, 1, 16, 2, 19, 32, 5, 31, 6, 14, 36, 25, 37, 26]}, {"capacity": 240, "impossibleCargos": [3, 5, 13], "neighbors": [25, 1, 31, 16, 30, 34, 19, 21, 24, 17, 12, 36, 38, 4, 0, 13, 27, 35, 18, 28, 6, 3, 32, 37, 5, 20, 15, 29, 7]}, {"capacity": 278, "impossibleCargos": [1, 7, 12], "neighbors": [30, 20, 22, 3, 23, 8, 12, 16, 39, 2, 17, 27, 32, 31, 14, 1, 0, 37, 5, 38, 7, 18, 29, 6, 4, 28, 19, 15, 33, 34, 36, 13]}, {"capacity": 830, "impossibleCargos": [1, 5, 8], "neighbors": [35, 31, 15, 7, 30, 17, 18, 6, 2, 11, 1, 10, 19, 13, 23, 27, 24, 16, 32, 28, 26, 21, 5, 29, 36, 33, 20, 25, 38, 39, 37, 8, 3]}, {"capacity": 299, "impossibleCargos": [8, 9, 11], "neighbors": [36, 33, 32, 16, 26, 3, 34, 7, 25, 10, 12, 22, 19, 37, 28, 4, 15, 2, 23, 21, 18, 17, 39, 38, 5, 30, 0, 11]}, {"capacity": 223, "impossibleCargos": [1, 10], "neighbors": [5, 2, 17, 19, 20, 27, 28, 24, 26, 31, 37, 38, 0, 33, 6, 36, 11, 15, 35, 4, 18, 8, 34, 16, 7, 39, 25, 9, 32]}, {"capacity": 506, "impossibleCargos": [1, 3, 10, 11, 14], "neighbors": [12, 39, 9, 34, 5, 32, 2, 16, 37, 38, 35, 13, 14, 33, 0, 28, 25, 29, 6, 3, 21, 22, 1, 19, 31, 7, 10, 11, 27]}, {"capacity": 898, "impossibleCargos": [2, 7, 11], "neighbors": [5, 20, 28, 34, 13, 36, 10, 35, 3, 15, 7, 23, 11, 32, 4, 0, 2, 9, 21, 12, 24, 31, 19, 33, 18, 29, 14, 1, 8, 26, 38, 17, 39, 30, 37]}, {"capacity": 978, "impossibleCargos": [2, 4, 5, 7], "neighbors": [14, 29, 34, 38, 30, 12, 6, 23, 28, 27, 35, 10, 7, 25, 11, 26, 37, 31, 20, 5, 21, 0, 8, 1, 3, 24, 2, 13, 22, 16, 36, 18]}, {"capacity": 580, "impossibleCargos": [1, 5, 13, 14], "neighbors": [23, 22, 12, 4, 26, 21, 0, 38, 8, 33, 10, 14, 7, 16, 39, 36, 3, 13, 11, 35, 28, 37, 17, 31, 25]}, {"capacity": 623, "impossibleCargos": [3, 4], "neighbors": [27, 0, 14, 36, 2, 8, 34, 1, 21, 35, 6, 10, 20, 29, 37, 12, 28, 13, 22, 25, 3, 9, 39, 5, 32, 16, 24, 30, 11, 38, 15, 7]}, {"capacity": 374, "impossibleCargos": [9], "neighbors": [16, 11, 7, 0, 14, 5, 9, 22, 21, 19, 38, 33, 39, 30, 23, 17, 32, 31, 27, 8, 29, 34, 26, 12, 36, 4, 6, 24, 10]}, {"capacity": 314, "impossibleCargos": [1, 6, 7, 13], "neighbors": [30, 9, 27, 34, 3, 33, 19, 23, 5, 18, 10, 20, 6, 36, 17, 31, 16, 25, 12, 35, 24, 13, 4, 15, 26, 8, 37, 2, 32, 39, 22]}, {"capacity": 373, "impossibleCargos": [6, 12], "neighbors": [36, 25, 11, 18, 26, 20, 27, 1, 35, 13, 19, 4, 0, 33, 38, 2, 32, 23, 17, 15, 7, 8, 28, 29, 21]}, {"capacity": 654, "impossibleCargos": [4, 6], "neighbors": [33, 18, 35, 11, 17, 21, 8, 2, 29, 38, 16, 26, 7, 30, 20, 39, 1, 12, 24, 0, 13, 34, 22, 37]}, {"capacity": 998, "impossibleCargos": [0, 3, 11], "neighbors": [9, 36, 29, 7, 34, 26, 14, 3, 30, 33, 10, 4, 8, 31, 12, 16, 35, 23, 21, 39, 25, 17, 37, 38, 19, 28, 20]}, {"capacity": 255, "impossibleCargos": [2, 4, 7, 8, 9, 12], "neighbors": [28, 8, 22, 10, 38, 6, 27, 13, 17, 4, 19, 21, 15, 24, 32, 12, 35, 30, 33, 14, 39, 9, 0, 18]}, {"capacity": 656, "impossibleCargos": [6], "neighbors": [38, 36, 24, 13, 22, 29, 14, 4, 30, 27, 18, 6, 23, 31, 2, 17, 35, 37, 39, 0, 3, 5, 12, 33, 32, 20, 28, 21, 16, 7, 9]}, {"capacity": 985, "impossibleCargos": [1, 3, 4], "neighbors": [19, 21, 3, 14, 22, 25, 26, 17, 0, 10, 11, 5, 39, 12, 35, 38, 37, 7, 36, 6, 34, 20, 29, 1, 28, 8, 4, 32, 15, 2]}, {"capacity": 729, "impossibleCargos": [6, 8], "neighbors": [25, 33, 38, 16, 9, 3, 14, 5, 31, 17, 19, 13, 32, 36, 30, 12, 37, 10, 15, 27, 1, 26, 24, 11, 18, 35, 22, 39, 29, 6]}, {"capacity": 377, "impossibleCargos": [3, 13], "neighbors": [39, 32, 17, 24, 4, 30, 26, 23, 1, 36, 19, 9, 0, 7, 15, 34, 12, 20, 27, 2, 5, 16, 11, 3, 31, 22, 28, 10]}, {"capacity": 845, "impossibleCargos": [3, 10], "neighbors": [21, 11, 32, 33, 12, 29, 17, 35, 24, 26, 10, 20, 23, 0, 4, 28, 38, 34, 37, 1, 25, 19, 8, 39, 13, 2, 16]}, {"capacity": 274, "impossibleCargos": [0, 1, 7], "neighbors": [35, 5, 3, 12, 6, 10, 28, 14, 39, 26, 38, 33, 11, 17, 24, 21, 16, 20, 9, 15, 29, 0, 18]}, {"capacity": 265, "impossibleCargos": [1, 9, 13], "neighbors": [1, 37, 29, 30, 8, 13, 38, 4, 15, 5, 16, 39, 11, 28, 12, 36, 0, 6, 20, 9, 35, 10, 19, 25, 7, 26, 3, 22, 21, 27, 14]}, {"capacity": 967, "impossibleCargos": [7, 12, 13], "neighbors": [28, 23, 13, 30, 37, 6, 7, 21, 24, 5, 8, 9, 0, 20, 1, 31, 14, 3, 2, 35, 18, 4, 15, 26, 16, 22, 34, 12, 39, 38, 25, 11]}, {"capacity": 659, "impossibleCargos": [0], "neighbors": [3, 37, 16, 24, 17, 21, 39, 35, 19, 13, 15, 10, 36, 8, 2, 38, 30, 29, 0, 27, 20, 14, 33, 23, 7, 1, 11, 6]}, {"capacity": 327, "impossibleCargos": [4, 5], "neighbors": [31, 12, 4, 36, 23, 9, 30, 34, 3, 16, 19, 7, 17, 38, 22, 26, 15, 10, 33, 27, 24, 14, 0, 37, 32, 21, 5, 6, 25, 18, 28]}, {"capacity": 320, "impossibleCargos": [2, 6, 9, 10], "neighbors": [22, 13, 24, 26, 19, 35, 16, 39, 8, 34, 10, 29, 21, 0, 14, 28, 32, 3, 1, 27, 12, 20, 18, 5, 38, 17, 2, 37, 9, 7, 11]}, {"capacity": 805, "impossibleCargos": [3, 4, 8], "neighbors": [6, 8, 32, 34, 33, 39, 14, 0, 3, 15, 19, 26, 17, 13, 28, 35, 7, 1, 27, 11, 38, 24, 10, 30, 12, 2, 21, 36, 23, 18, 5, 9, 16]}, {"capacity": 328, "impossibleCargos": [0, 4, 7, 12, 13], "neighbors": [26, 28, 8, 5, 32, 17, 25, 23, 14, 35, 10, 20, 31, 15, 18, 7, 34, 30, 27, 11, 37, 4, 22, 2, 12, 24, 3, 33, 0, 19, 13, 16, 36]}, {"capacity": 379, "impossibleCargos": [0, 6, 7, 10], "neighbors": [29, 34, 15, 36, 37, 6, 9, 8, 31, 11, 32, 20, 23, 26, 27, 4, 2, 7, 19, 24, 18, 0, 5, 12, 13, 33, 30, 14, 28, 25, 16, 21]}]}