{"volumes": [1781, 659, 585, 1038, 1031, 204, 1229, 838, 0, 2263, 1572, 772, 1321, 1051, 2352], "conflicts": [[0, 8], [1, 8], [2, 8], [3, 8], [4, 8], [5, 8], [6, 8], [7, 8], [8, 9], [8, 10], [8, 11], [8, 12], [8, 13], [8, 14]], "tanks": [{"capacity": 477, "impossibleCargos": [0, 6, 9, 11], "neighbors": [24, 2, 3, 29, 20, 27, 37, 21, 25, 39, 16, 19, 15, 22, 10, 11, 32, 1, 5, 17, 18, 23, 8, 30, 35, 9, 13, 6, 33]}, {"capacity": 255, "impossibleCargos": [4], "neighbors": [6, 21, 29, 16, 22, 37, 8, 35, 28, 27, 25, 5, 7, 15, 3, 2, 4, 0, 36, 9, 38, 12, 39, 11, 17, 20, 26]}, {"capacity": 470, "impossibleCargos": [6, 8, 11, 13], "neighbors": [0, 21, 36, 7, 34, 5, 13, 12, 25, 16, 9, 22, 27, 33, 8, 14, 1, 38, 3, 18, 19, 11, 4, 20, 28, 23, 39, 30, 15, 24, 10, 32]}, {"capacity": 526, "impossibleCargos": [1, 11], "neighbors": [5, 11, 26, 0, 17, 36, 29, 34, 23, 35, 6, 15, 27, 1, 2, 14, 25, 20, 7, 13, 31, 9, 18, 24, 39, 32, 33, 10]}, {"capacity": 652, "impossibleCargos": [8, 12], "neighbors": [9, 5, 16, 31, 15, 37, 24, 23, 36, 25, 13, 11, 30, 10, 6, 28, 1, 26, 19, 2, 18, 35, 27, 34, 38, 33, 17, 12]}, {"capacity": 799, "impossibleCargos": [2, 3, 8], "neighbors": [3, 33, 4, 36, 37, 23, 2, 31, 14, 15, 1, 13, 17, 6, 20, 28, 8, 21, 24, 16, 30, 0, 34, 22, 25, 10]}, {"capacity": 906, "impossibleCargos": [0, 1, 2, 4, 6, 8, 9], "neighbors": [1, 37, 38, 17, 31, 39, 8, 12, 23, 3, 34, 4, 10, 5, 32, 33, 7, 19, 26, 11, 29, 27, 30, 28, 15, 20, 24, 0, 14]}, {"capacity": 594, "impossibleCargos": [7, 10, 13], "neighbors": [8, 30, 11, 20, 14, 2, 12, 10, 16, 1, 37, 24, 28, 38, 15, 3, 6, 17, 18, 22, 27, 23, 25, 39]}, {"capacity": 801, "impossibleCargos": [1, 8, 12], "neighbors": [7, 36, 24, 13, 38, 19, 12, 15, 25, 1, 6, 34, 39, 20, 10, 2, 33, 21, 37, 22, 26, 17, 11, 29, 5, 16, 32, 0, 28, 30, 35, 27, 14, 18]}, {"capacity": 454, "impossibleCargos": [2, 6, 7], "neighbors": [30, 4, 20, 21, 23, 13, 16, 26, 15, 24, 2, 11, 35, 28, 37, 10, 34, 22, 1, 39, 19, 14, 3, 36, 0, 33, 17]}, {"capacity": 699, "impossibleCargos": [1, 9, 10], "neighbors": [33, 39, 19, 37, 32, 11, 27, 34, 15, 36, 17, 7, 28, 23, 4, 0, 13, 8, 9, 29, 21, 6, 16, 18, 31, 24, 12, 35, 20, 2, 5, 3]}, {"capacity": 839, "impossibleCargos": [1, 5, 11, 14], "neighbors": [27, 19, 3, 7, 18, 10, 35, 22, 23, 16, 26, 4, 9, 31, 20, 0, 8, 2, 12, 33, 28, 32, 6, 36, 1, 15, 13, 14, 17]}, {"capacity": 322, "impossibleCargos": [3, 4, 14], "neighbors": [32, 17, 8, 37, 7, 2, 6, 36, 20, 26, 21, 14, 24, 25, 13, 31, 16, 11, 38, 15, 39, 22, 35, 10, 1, 30, 19, 28, 18, 4]}, {"capacity": 562, "impossibleCargos": [4, 5, 8, 11, 14], "neighbors": [31, 8, 26, 19, 15, 35, 9, 2, 4, 5, 27, 10, 12, 22, 38, 24, 21, 16, 3, 23, 39, 34, 14, 37, 29, 36, 30, 0, 11, 32]}, {"capacity": 676, "impossibleCargos": [2, 3, 8, 12], "neighbors": [29, 35, 17, 16, 28, 7, 26, 32, 33, 24, 21, 18, 5, 38, 15, 37, 12, 2, 22, 20, 3, 34, 30, 27, 9, 13, 8, 36, 6, 11]}, {"capacity": 202, "impossibleCargos": [1, 3, 6, 7, 13, 14], "neighbors": [38, 35, 23, 22, 36, 13, 4, 8, 21, 10, 16, 31, 14, 17, 9, 0, 5, 20, 1, 3, 34, 28, 19, 39, 7, 37, 12, 27, 25, 33, 2, 6, 11, 30]}, {"capacity": 745, "impossibleCargos": [0, 7], "neighbors": [1, 14, 35, 4, 30, 27, 37, 32, 36, 11, 9, 18, 15, 23, 33, 0, 2, 7, 17, 24, 26, 10, 12, 5, 8, 13, 25, 20, 34, 29]}, {"capacity": 745, "impossibleCargos": [4], "neighbors": [27, 32, 14, 25, 6, 34, 12, 3, 29, 22, 26, 10, 35, 38, 21, 15, 24, 30, 16, 5, 8, 0, 7, 19, 36, 20, 4, 1, 28, 31, 11, 9]}, {"capacity": 296, "impossibleCargos": [0, 4, 11], "neighbors": [26, 11, 19, 25, 22, 24, 14, 16, 23, 21, 29, 28, 2, 10, 27, 32, 0, 4, 30, 33, 7, 3, 31, 35, 20, 8, 12, 37]}, {"capacity": 225, "impossibleCargos": [1, 7], "neighbors": [35, 11, 10, 29, 13, 27, 18, 8, 22, 37, 39, 0, 28, 21, 36, 15, 34, 4, 23, 2, 31, 33, 24, 9, 6, 17, 20, 26, 12]}, {"capacity": 678, "impossibleCargos": [0, 8, 11], "neighbors": [9, 21, 30, 7, 25, 22, 0, 38, 23, 26, 12, 15, 8, 11, 31, 36, 14, 5, 37, 29, 3, 2, 16, 28, 34, 19, 17, 10, 33, 18, 39, 6, 27, 1]}, {"capacity": 343, "impossibleCargos": [7, 8, 12, 13], "neighbors": [23, 27, 1, 2, 20, 9, 37, 15, 0, 24, 14, 17, 12, 19, 28, 18, 8, 10, 26, 33, 5, 13, 34, 29]}, {"capacity": 249, "impossibleCargos": [0, 1], "neighbors": [28, 26, 15, 19, 20, 27, 11, 1, 18, 17, 30, 32, 35, 33, 31, 0, 2, 25, 14, 13, 8, 9, 37, 36, 24, 12, 34, 7, 23, 5]}, {"capacity": 551, "impossibleCargos": [0, 1, 2, 4, 6], "neighbors": [21, 37, 25, 28, 15, 5, 9, 11, 4, 3, 27, 6, 33, 16, 20, 36, 10, 31, 18, 29, 34, 19, 0, 26, 13, 30, 2, 39, 22, 7]}, {"capacity": 863, "impossibleCargos": [3, 5, 13, 14], "neighbors": [0, 36, 8, 31, 32, 18, 4, 21, 14, 17, 39, 9, 29, 26, 38, 35, 27, 12, 16, 7, 28, 25, 13, 5, 19, 22, 10, 3, 2, 6]}, {"capacity": 488, "impossibleCargos": [2, 10, 12], "neighbors": [23, 17, 34, 20, 18, 8, 0, 4, 2, 1, 22, 12, 29, 3, 24, 26, 35, 28, 16, 37, 15, 30, 39, 32, 7, 5, 31]}, {"capacity": 467, "impossibleCargos": [2, 3, 5, 9, 11], "neighbors": [18, 22, 13, 3, 32, 27, 14, 17, 11, 20, 9, 12, 24, 16, 37, 4, 8, 25, 29, 21, 36, 28, 34, 23, 30, 6, 38, 31, 19, 33, 1]}, {"capacity": 250, "impossibleCargos": [1, 3, 4, 10, 12], "neighbors": [17, 11, 21, 31, 38, 19, 16, 26, 22, 36, 10, 28, 0, 23, 1, 2, 13, 24, 3, 33, 18, 37, 35, 39, 14, 15, 32, 30, 4, 8, 6, 7, 20]}, {"capacity": 691, "impossibleCargos": [3, 7, 11], "neighbors": [22, 37, 23, 14, 27, 1, 38, 10, 36, 39, 32, 31, 19, 15, 21, 9, 4, 34, 24, 33, 18, 7, 5, 26, 25, 8, 2, 20, 11, 6, 12, 17, 29]}, {"capacity": 369, "impossibleCargos": [0, 12, 13], "neighbors": [14, 36, 37, 19, 1, 32, 0, 31, 17, 3, 30, 34, 24, 38, 25, 10, 18, 23, 26, 20, 8, 21, 16, 39, 6, 13, 28]}, {"capacity": 784, "impossibleCargos": [0, 8, 10], "neighbors": [9, 7, 20, 16, 34, 22, 29, 38, 17, 4, 33, 39, 35, 5, 14, 18, 26, 8, 27, 0, 23, 12, 25, 2, 6, 13, 15]}, {"capacity": 554, "impossibleCargos": [], "neighbors": [38, 13, 27, 24, 6, 4, 29, 5, 22, 15, 28, 34, 32, 23, 11, 35, 20, 12, 10, 19, 33, 39, 3, 18, 26, 36, 25, 37, 17]}, {"capacity": 298, "impossibleCargos": [9], "neighbors": [17, 12, 38, 10, 29, 26, 34, 22, 14, 24, 16, 33, 28, 31, 35, 0, 18, 6, 37, 8, 27, 11, 39, 3, 25, 2, 13]}, {"capacity": 905, "impossibleCargos": [1, 2, 4, 5, 9, 10, 13], "neighbors": [10, 39, 5, 34, 22, 14, 23, 32, 16, 30, 2, 27, 8, 28, 36, 21, 6, 19, 31, 11, 37, 18, 35, 15, 20, 4, 26, 3, 0, 9]}, {"capacity": 337, "impossibleCargos": [0, 2, 7, 9, 10, 11, 13], "neighbors": [25, 30, 17, 32, 33, 2, 10, 3, 37, 29, 8, 31, 6, 36, 15, 9, 38, 28, 19, 23, 14, 26, 21, 5, 16, 13, 20, 22, 4]}, {"capacity": 248, "impossibleCargos": [1, 5, 10, 11], "neighbors": [14, 19, 15, 16, 11, 13, 22, 1, 17, 3, 24, 38, 31, 9, 32, 30, 25, 37, 27, 4, 12, 8, 33, 10, 0, 18, 39]}, {"capacity": 611, "impossibleCargos": [0, 6, 9, 10], "neighbors": [24, 8, 29, 38, 39, 2, 15, 5, 27, 3, 10, 16, 37, 4, 28, 12, 23, 34, 19, 20, 33, 1, 26, 22, 17, 11, 9, 13, 31, 14]}, {"capacity": 473, "impossibleCargos": [7], "neighbors": [23, 29, 6, 28, 10, 21, 5, 1, 19, 12, 4, 16, 34, 0, 36, 14, 9, 39, 7, 8, 26, 20, 35, 27, 15, 32, 38, 22, 33, 25, 13, 18, 31]}, {"capacity": 824, "impossibleCargos": [1, 3, 7, 8, 10, 11], "neighbors": [15, 31, 32, 6, 36, 27, 8, 20, 17, 14, 28, 30, 24, 29, 35, 2, 34, 13, 7, 37, 12, 1, 26, 4]}, {"capacity": 818, "impossibleCargos": [0, 6, 11, 13], "neighbors": [10, 33, 36, 6, 19, 0, 28, 24, 8, 37, 30, 15, 27, 9, 12, 31, 13, 29, 32, 1, 23, 3, 2, 25, 35, 20, 7]}]}