{"volumes": [1630, 269, 0, 462, 753, 1013, 558, 2837, 1816, 1753, 0, 453, 783, 3107, 1125], "conflicts": [[1, 2], [1, 10], [2, 6], [2, 14], [3, 11], [7, 10]], "tanks": [{"capacity": 268, "impossibleCargos": [0, 1, 3, 5, 7, 9, 11, 12, 14], "neighbors": [27, 19, 2, 25, 15, 33, 6, 35, 29, 30, 16, 3, 31, 23, 24, 10, 5, 28, 37, 39, 4, 9, 12, 21, 14]}, {"capacity": 526, "impossibleCargos": [3, 6, 10, 11, 12, 14], "neighbors": [15, 22, 7, 21, 4, 36, 31, 35, 3, 6, 13, 9, 32, 39, 12, 29, 10, 24, 27, 26, 5, 11, 33, 14, 18, 38, 16, 23, 34, 20]}, {"capacity": 306, "impossibleCargos": [2, 4, 5, 6, 7, 8, 10, 11, 12, 14], "neighbors": [0, 28, 9, 30, 37, 23, 22, 8, 6, 27, 15, 12, 7, 13, 11, 31, 36, 18, 25, 33, 3, 26, 16, 39, 34, 14, 20]}, {"capacity": 521, "impossibleCargos": [3, 4, 7, 8, 10, 12], "neighbors": [6, 5, 38, 27, 15, 1, 11, 36, 7, 17, 22, 13, 8, 25, 24, 20, 35, 0, 14, 32, 4, 2, 30, 26, 10, 12, 23]}, {"capacity": 470, "impossibleCargos": [4, 6, 9, 10, 11, 12, 13, 14], "neighbors": [26, 39, 23, 1, 15, 20, 11, 34, 19, 5, 38, 33, 18, 31, 27, 6, 16, 25, 32, 3, 9, 21, 7, 8, 22, 28, 0, 10, 29, 12]}, {"capacity": 924, "impossibleCargos": [5, 6, 7, 10, 11], "neighbors": [3, 18, 9, 6, 25, 13, 14, 23, 4, 26, 39, 33, 36, 1, 10, 20, 29, 31, 24, 27, 16, 11, 21, 28, 22, 0, 30, 34, 37, 38, 12, 7, 35, 32]}, {"capacity": 637, "impossibleCargos": [1, 3, 4, 5, 9, 10, 12, 13], "neighbors": [3, 25, 23, 5, 17, 1, 22, 2, 13, 33, 11, 0, 4, 30, 16, 32, 14, 36, 10, 24, 9, 37, 12, 29, 19, 7, 39, 27, 8, 28, 21]}, {"capacity": 984, "impossibleCargos": [1, 2, 5, 9, 13, 14], "neighbors": [35, 1, 13, 36, 18, 21, 25, 17, 16, 3, 30, 8, 19, 11, 15, 37, 32, 10, 31, 27, 23, 2, 38, 39, 34, 6, 4, 24, 14, 5, 20]}, {"capacity": 341, "impossibleCargos": [1, 3, 4, 9, 10, 13], "neighbors": [29, 23, 32, 2, 13, 31, 37, 27, 10, 3, 7, 22, 35, 9, 33, 15, 17, 21, 26, 24, 36, 34, 4, 6, 19, 30, 25]}, {"capacity": 359, "impossibleCargos": [0, 1, 3, 7, 8, 9, 10, 12, 13], "neighbors": [16, 34, 5, 2, 35, 23, 14, 33, 38, 1, 11, 13, 28, 10, 18, 36, 8, 31, 26, 24, 22, 32, 21, 6, 4, 27, 0, 29]}, {"capacity": 715, "impossibleCargos": [1, 5, 6, 11, 12, 14], "neighbors": [11, 17, 15, 21, 38, 8, 32, 9, 1, 29, 16, 23, 12, 7, 36, 14, 30, 37, 5, 6, 26, 24, 0, 31, 20, 39, 22, 33, 4, 3, 28]}, {"capacity": 795, "impossibleCargos": [0, 1, 2, 3, 5, 6, 9, 11, 13, 14], "neighbors": [22, 39, 12, 10, 34, 4, 13, 3, 9, 28, 37, 25, 6, 20, 7, 31, 18, 35, 1, 21, 16, 2, 36, 5, 14, 30, 24, 32, 15]}, {"capacity": 231, "impossibleCargos": [0, 1, 4, 5, 8, 9, 10, 12], "neighbors": [39, 31, 11, 28, 13, 32, 15, 38, 26, 33, 23, 1, 30, 29, 10, 19, 2, 34, 18, 6, 21, 16, 36, 14, 22, 5, 0, 35, 3, 25, 17, 4]}, {"capacity": 485, "impossibleCargos": [3, 4, 5, 6, 7, 8, 10, 12, 13], "neighbors": [33, 12, 7, 8, 35, 1, 5, 11, 25, 9, 6, 3, 39, 36, 23, 20, 31, 22, 2, 34, 37, 14, 19, 26, 38, 24]}, {"capacity": 623, "impossibleCargos": [0, 1, 3, 4, 5, 6, 8, 10, 12, 13], "neighbors": [20, 22, 24, 19, 23, 33, 9, 26, 5, 36, 31, 34, 38, 29, 10, 21, 28, 1, 3, 6, 30, 13, 11, 16, 7, 12, 35, 32, 18, 37, 2, 0]}, {"capacity": 824, "impossibleCargos": [1, 3, 6, 8, 10, 11, 12, 14], "neighbors": [1, 39, 34, 29, 3, 21, 4, 10, 12, 36, 0, 19, 26, 24, 2, 32, 7, 31, 30, 8, 23, 25, 16, 28, 18, 35, 27, 11]}, {"capacity": 784, "impossibleCargos": [0, 1, 2, 4, 7, 10, 12], "neighbors": [31, 9, 21, 36, 29, 7, 39, 10, 25, 0, 4, 6, 27, 11, 35, 38, 5, 33, 1, 15, 14, 24, 12, 34, 20, 2, 30, 28, 23]}, {"capacity": 905, "impossibleCargos": [1, 2, 4, 8, 9, 10], "neighbors": [20, 28, 6, 34, 10, 22, 7, 26, 3, 24, 37, 18, 27, 36, 8, 30, 29, 33, 25, 19, 12]}, {"capacity": 734, "impossibleCargos": [2, 4, 5, 8, 12, 14], "neighbors": [38, 5, 19, 39, 20, 7, 32, 24, 23, 31, 34, 36, 17, 4, 37, 33, 9, 21, 11, 12, 28, 1, 2, 26, 15, 25, 35, 30, 14]}, {"capacity": 790, "impossibleCargos": [0, 1, 2, 4, 6, 10, 13, 14], "neighbors": [25, 0, 33, 18, 14, 15, 4, 22, 7, 12, 31, 23, 37, 28, 13, 38, 6, 26, 36, 20, 8, 27, 35, 17, 21]}, {"capacity": 407, "impossibleCargos": [0, 3, 4, 5, 6, 8, 9, 10, 12], "neighbors": [14, 17, 36, 18, 28, 4, 35, 22, 11, 13, 30, 3, 24, 5, 31, 29, 39, 10, 25, 16, 19, 1, 37, 7, 34, 27, 38, 2, 26]}, {"capacity": 266, "impossibleCargos": [0, 4, 12, 13], "neighbors": [1, 28, 16, 22, 15, 7, 10, 35, 18, 33, 27, 11, 14, 34, 30, 9, 31, 36, 8, 26, 5, 12, 4, 39, 24, 37, 38, 6, 19, 0]}, {"capacity": 303, "impossibleCargos": [1, 3, 4, 5, 6, 7, 8, 10, 11], "neighbors": [11, 14, 1, 2, 39, 21, 6, 17, 20, 3, 24, 19, 35, 8, 29, 27, 37, 13, 9, 38, 36, 31, 5, 4, 10, 30, 12]}, {"capacity": 286, "impossibleCargos": [2, 3, 4, 6, 7, 9, 10, 11, 13], "neighbors": [8, 6, 29, 4, 27, 2, 9, 14, 5, 18, 34, 12, 35, 13, 10, 7, 19, 32, 26, 15, 0, 30, 1, 37, 24, 25, 38, 16, 3]}, {"capacity": 669, "impossibleCargos": [2, 3, 8, 11, 14], "neighbors": [14, 32, 29, 38, 30, 25, 18, 37, 26, 22, 15, 17, 1, 34, 31, 3, 9, 20, 5, 33, 28, 6, 0, 10, 8, 16, 23, 39, 21, 7, 36, 27, 11, 13]}, {"capacity": 686, "impossibleCargos": [0, 1, 2, 3, 5, 6, 7, 10, 12, 13], "neighbors": [38, 6, 19, 30, 5, 0, 24, 34, 7, 13, 11, 32, 36, 3, 16, 39, 35, 4, 15, 2, 20, 17, 18, 23, 29, 27, 8, 12, 28, 26]}, {"capacity": 364, "impossibleCargos": [0, 3, 6, 10], "neighbors": [4, 31, 14, 12, 15, 17, 38, 24, 5, 1, 9, 35, 23, 10, 21, 8, 30, 32, 18, 27, 19, 34, 13, 2, 39, 37, 3, 36, 20, 25]}, {"capacity": 665, "impossibleCargos": [0, 1, 2, 4, 5, 7, 11, 12], "neighbors": [0, 31, 23, 3, 29, 39, 38, 8, 2, 17, 1, 22, 4, 21, 16, 33, 7, 32, 5, 30, 26, 9, 6, 25, 19, 34, 35, 24, 20, 15]}, {"capacity": 495, "impossibleCargos": [0, 3, 4, 6, 7, 10, 12], "neighbors": [36, 21, 38, 17, 2, 12, 20, 35, 37, 9, 11, 32, 14, 18, 39, 24, 19, 5, 15, 0, 4, 6, 31, 16, 10, 25]}, {"capacity": 890, "impossibleCargos": [1, 2, 5, 9, 11], "neighbors": [30, 8, 15, 23, 24, 27, 16, 36, 32, 1, 22, 0, 10, 34, 12, 14, 5, 17, 20, 35, 6, 39, 37, 25, 33, 31, 4, 9]}, {"capacity": 494, "impossibleCargos": [0, 1, 3, 4, 5, 6, 7, 11], "neighbors": [29, 25, 38, 2, 31, 34, 33, 24, 35, 7, 12, 0, 32, 6, 20, 10, 15, 21, 14, 17, 27, 26, 23, 37, 5, 3, 11, 22, 18, 8, 39, 16]}, {"capacity": 712, "impossibleCargos": [4, 5, 6, 7, 10, 11, 12, 14], "neighbors": [16, 27, 12, 30, 1, 35, 26, 8, 18, 14, 37, 4, 15, 24, 11, 33, 13, 9, 38, 7, 19, 32, 2, 21, 0, 5, 20, 36, 22, 10, 39, 28, 29]}, {"capacity": 495, "impossibleCargos": [0, 1, 3, 6, 7, 8, 9, 10, 12, 13, 14], "neighbors": [8, 33, 38, 24, 18, 12, 1, 10, 35, 25, 29, 36, 39, 15, 28, 30, 7, 6, 23, 31, 9, 4, 27, 3, 26, 14, 34, 37, 5, 11]}, {"capacity": 322, "impossibleCargos": [2, 3, 7, 11, 12, 14], "neighbors": [19, 13, 32, 30, 14, 9, 12, 0, 6, 4, 38, 39, 35, 18, 31, 5, 21, 27, 1, 8, 24, 16, 17, 2, 29, 10, 37, 34]}, {"capacity": 337, "impossibleCargos": [0, 1, 4, 7, 8, 9, 11, 13], "neighbors": [15, 9, 30, 11, 17, 25, 4, 36, 23, 18, 35, 14, 38, 29, 24, 12, 21, 13, 7, 1, 16, 26, 8, 5, 27, 32, 2, 20, 33]}, {"capacity": 615, "impossibleCargos": [1, 7, 12, 13], "neighbors": [7, 38, 39, 9, 1, 31, 13, 28, 30, 20, 32, 21, 34, 36, 22, 0, 33, 23, 8, 11, 26, 25, 16, 3, 29, 37, 18, 14, 27, 15, 19, 5, 12]}, {"capacity": 1000, "impossibleCargos": [0, 3, 4, 6, 9, 10, 11, 12, 14], "neighbors": [28, 20, 1, 7, 16, 15, 14, 3, 34, 18, 29, 13, 32, 35, 25, 38, 9, 5, 10, 17, 39, 21, 2, 6, 11, 31, 22, 19, 12, 8, 24, 26]}, {"capacity": 240, "impossibleCargos": [0, 2, 6, 9, 10, 11, 12, 13], "neighbors": [2, 8, 28, 24, 11, 38, 31, 17, 18, 22, 7, 10, 19, 13, 6, 23, 35, 30, 29, 0, 5, 26, 20, 21, 33, 14, 32]}, {"capacity": 683, "impossibleCargos": [0, 3, 5, 10, 12, 14], "neighbors": [25, 3, 35, 18, 32, 28, 30, 24, 9, 12, 27, 10, 26, 4, 37, 34, 33, 36, 39, 14, 31, 22, 7, 16, 1, 19, 13, 5, 21, 23, 20]}, {"capacity": 567, "impossibleCargos": [0, 2, 4, 5, 7, 11], "neighbors": [15, 4, 12, 11, 18, 35, 22, 27, 16, 1, 13, 33, 32, 5, 25, 38, 36, 28, 7, 20, 29, 31, 21, 24, 6, 10, 26, 2, 0, 30]}]}