{"volumes": [0, 890, 1500, 1029, 667, 2424, 1516, 1251, 0, 956, 1429, 791, 1688, 1307, 3283], "conflicts": [[0, 1], [0, 2], [0, 7], [4, 8], [6, 8], [8, 9], [8, 10], [8, 11], [8, 12]], "tanks": [{"capacity": 766, "impossibleCargos": [1, 3, 10, 12], "neighbors": [14, 32, 24, 5, 18, 31, 20, 19, 17, 6, 9, 23, 13, 4, 28, 35, 21, 22, 8, 36, 26, 39, 2, 25, 34, 15, 12, 1, 29, 10, 33, 38]}, {"capacity": 728, "impossibleCargos": [2, 5, 7, 10, 11, 12, 13, 14], "neighbors": [28, 37, 27, 13, 17, 11, 10, 21, 5, 32, 12, 24, 15, 2, 7, 25, 26, 31, 22, 6, 39, 16, 0, 29, 18, 20, 30, 33, 4, 34]}, {"capacity": 839, "impossibleCargos": [2, 3, 5, 6, 9, 12], "neighbors": [12, 3, 19, 24, 23, 1, 37, 27, 32, 13, 5, 14, 20, 9, 26, 39, 0, 7, 11, 25, 30, 38, 18, 29, 6, 33, 28, 21, 15, 10, 35, 36]}, {"capacity": 658, "impossibleCargos": [0, 3, 5, 6, 7, 9, 14], "neighbors": [15, 28, 31, 37, 10, 6, 5, 13, 2, 35, 38, 24, 17, 26, 9, 20, 4, 7, 8, 27, 11, 32, 39, 33, 30, 16, 12, 25, 34, 21, 18, 19]}, {"capacity": 336, "impossibleCargos": [1, 2, 4, 5, 8, 9, 10, 11, 12], "neighbors": [15, 30, 28, 39, 36, 9, 20, 27, 26, 24, 21, 14, 6, 3, 23, 34, 17, 10, 32, 0, 5, 25, 37, 35, 33, 7, 16, 1, 11, 29, 31, 8]}, {"capacity": 458, "impossibleCargos": [8, 9, 11, 12, 13], "neighbors": [22, 3, 0, 34, 13, 1, 14, 17, 7, 15, 11, 32, 39, 23, 21, 9, 25, 10, 2, 19, 6, 18, 4, 33, 28, 27, 20, 24, 29, 35, 38, 36, 31]}, {"capacity": 821, "impossibleCargos": [1, 2, 3, 11, 12, 13, 14], "neighbors": [33, 28, 3, 32, 8, 27, 14, 24, 30, 4, 25, 7, 0, 12, 39, 23, 36, 31, 26, 15, 5, 11, 13, 1, 18, 19, 2, 37, 17, 29, 34, 9]}, {"capacity": 588, "impossibleCargos": [0, 2, 3, 6, 11, 13, 14], "neighbors": [33, 25, 32, 35, 39, 27, 37, 20, 23, 6, 1, 12, 5, 8, 18, 10, 3, 24, 19, 29, 2, 34, 13, 17, 38, 4, 16]}, {"capacity": 841, "impossibleCargos": [3, 4, 7, 9, 10, 12], "neighbors": [23, 37, 6, 15, 9, 18, 10, 22, 14, 24, 39, 7, 29, 17, 30, 3, 35, 26, 11, 32, 0, 21, 31, 12, 13, 34, 16, 33, 28, 4]}, {"capacity": 365, "impossibleCargos": [8, 9, 11, 12], "neighbors": [37, 23, 8, 4, 11, 3, 32, 31, 30, 36, 24, 20, 0, 5, 38, 16, 12, 25, 2, 17, 21, 14, 28, 35, 29, 13, 6, 27]}, {"capacity": 330, "impossibleCargos": [2, 3, 4, 5, 8, 10, 13], "neighbors": [16, 21, 3, 1, 20, 8, 25, 14, 18, 7, 32, 11, 24, 17, 4, 5, 37, 29, 35, 13, 33, 28, 36, 39, 0, 2, 38, 19, 26]}, {"capacity": 341, "impossibleCargos": [0, 2, 4, 5, 6, 7, 9, 10, 11, 13], "neighbors": [31, 30, 20, 13, 19, 1, 37, 9, 12, 36, 5, 27, 24, 35, 10, 38, 8, 14, 3, 6, 18, 15, 2, 26, 22, 4, 23, 29, 16, 21, 25]}, {"capacity": 527, "impossibleCargos": [3, 4, 8, 11, 14], "neighbors": [2, 28, 1, 36, 7, 11, 24, 26, 6, 39, 9, 16, 32, 38, 34, 0, 18, 3, 8, 14, 37, 23, 29, 35, 17, 22]}, {"capacity": 804, "impossibleCargos": [3, 4, 6, 7, 9, 10, 12], "neighbors": [27, 11, 1, 3, 32, 18, 5, 38, 16, 14, 33, 35, 2, 0, 25, 17, 31, 10, 6, 30, 8, 7, 36, 9, 19, 23, 39]}, {"capacity": 873, "impossibleCargos": [1, 3, 8, 9, 10, 12], "neighbors": [0, 37, 6, 20, 5, 38, 23, 4, 8, 10, 13, 24, 29, 35, 2, 26, 11, 16, 9, 34, 15, 22, 39, 12, 32, 18, 25, 30, 28, 19]}, {"capacity": 247, "impossibleCargos": [1, 4, 5, 6, 7, 8, 9, 10, 12], "neighbors": [20, 27, 3, 4, 16, 32, 34, 35, 38, 8, 29, 1, 37, 5, 6, 26, 23, 25, 14, 0, 11, 22, 17, 21, 2, 24, 33]}, {"capacity": 739, "impossibleCargos": [1, 2, 3, 6, 7, 8, 11, 12, 14], "neighbors": [30, 15, 25, 10, 21, 26, 18, 33, 13, 34, 17, 36, 9, 12, 28, 14, 32, 1, 3, 4, 11, 8, 7]}, {"capacity": 617, "impossibleCargos": [0, 1, 6, 7, 11], "neighbors": [32, 24, 18, 1, 33, 35, 3, 34, 5, 16, 0, 8, 4, 10, 38, 13, 36, 37, 29, 27, 39, 9, 22, 15, 7, 20, 19, 6, 12, 28]}, {"capacity": 556, "impossibleCargos": [0, 1, 3, 10, 11, 12, 13], "neighbors": [35, 0, 17, 13, 25, 27, 23, 19, 8, 16, 34, 28, 10, 7, 29, 21, 20, 5, 6, 11, 24, 12, 31, 1, 2, 37, 39, 3, 14]}, {"capacity": 324, "impossibleCargos": [1, 3, 6, 7, 8, 14], "neighbors": [25, 11, 20, 2, 23, 33, 18, 29, 24, 0, 36, 35, 31, 39, 32, 5, 7, 37, 6, 17, 13, 38, 34, 10, 3, 14]}, {"capacity": 453, "impossibleCargos": [1, 2, 4, 5, 9, 11, 12, 13], "neighbors": [15, 30, 28, 11, 19, 39, 10, 14, 4, 0, 3, 7, 38, 9, 32, 35, 18, 2, 23, 25, 34, 37, 33, 1, 17, 24, 31, 36, 22, 5, 26]}, {"capacity": 666, "impossibleCargos": [0, 5, 8, 10, 12, 14], "neighbors": [23, 10, 16, 35, 32, 1, 4, 24, 5, 37, 25, 39, 18, 0, 8, 9, 36, 22, 15, 3, 2, 11, 26, 28, 38, 29]}, {"capacity": 227, "impossibleCargos": [1, 4, 5, 7, 8, 9, 10, 11, 14], "neighbors": [26, 5, 35, 31, 28, 8, 23, 34, 32, 25, 33, 30, 0, 1, 15, 21, 14, 17, 11, 36, 27, 20, 39, 12]}, {"capacity": 433, "impossibleCargos": [0, 3, 4, 9, 10, 14], "neighbors": [8, 21, 28, 26, 33, 24, 19, 9, 18, 2, 29, 14, 7, 22, 4, 35, 34, 5, 0, 6, 38, 39, 20, 31, 15, 37, 30, 12, 27, 11, 13, 32, 36]}, {"capacity": 919, "impossibleCargos": [0, 1, 4, 5, 7, 8, 11, 14], "neighbors": [17, 0, 39, 23, 36, 27, 2, 6, 3, 26, 4, 33, 19, 1, 8, 9, 14, 12, 11, 28, 32, 21, 10, 38, 35, 30, 7, 18, 31, 20, 37, 5, 34, 15]}, {"capacity": 501, "impossibleCargos": [1, 2, 4, 5, 7, 8, 9, 13], "neighbors": [35, 16, 28, 19, 7, 18, 10, 38, 27, 6, 1, 32, 29, 22, 5, 13, 21, 36, 9, 20, 15, 0, 4, 31, 2, 37, 3, 39, 14, 26, 34, 11]}, {"capacity": 772, "impossibleCargos": [0, 1, 5, 6, 7, 10, 13], "neighbors": [22, 23, 16, 24, 27, 3, 4, 36, 38, 39, 12, 1, 30, 28, 8, 14, 6, 15, 2, 0, 31, 11, 37, 34, 21, 25, 10, 20, 29]}, {"capacity": 808, "impossibleCargos": [1, 3, 5, 6, 8, 9, 11, 12], "neighbors": [15, 13, 1, 24, 7, 6, 18, 28, 26, 4, 37, 25, 11, 2, 38, 30, 3, 36, 17, 34, 31, 22, 5, 23, 35, 9, 32, 29]}, {"capacity": 624, "impossibleCargos": [1, 5, 8, 9, 10, 11, 12, 13], "neighbors": [1, 3, 23, 20, 39, 6, 4, 25, 30, 27, 22, 12, 18, 36, 24, 26, 34, 0, 32, 16, 35, 9, 5, 10, 33, 2, 38, 37, 21, 8, 14, 17]}, {"capacity": 884, "impossibleCargos": [0, 4, 6, 9, 12, 13, 14], "neighbors": [39, 15, 23, 36, 19, 8, 18, 14, 25, 17, 10, 7, 9, 38, 1, 2, 33, 12, 0, 5, 11, 6, 4, 34, 21, 26, 27]}, {"capacity": 352, "impossibleCargos": [5, 8, 10, 12, 13], "neighbors": [16, 4, 11, 20, 38, 28, 6, 9, 26, 8, 27, 32, 22, 24, 3, 2, 13, 35, 1, 23, 34, 37, 14]}, {"capacity": 463, "impossibleCargos": [0, 2, 6, 11], "neighbors": [11, 3, 33, 22, 0, 36, 9, 38, 37, 19, 6, 13, 1, 35, 23, 27, 8, 25, 26, 24, 18, 20, 4, 32, 5]}, {"capacity": 863, "impossibleCargos": [1, 3, 4, 5, 6, 7, 8, 10, 12], "neighbors": [17, 0, 15, 7, 21, 6, 13, 1, 9, 33, 24, 25, 10, 2, 22, 5, 20, 4, 30, 19, 28, 8, 3, 12, 16, 37, 14, 36, 23, 31, 27]}, {"capacity": 932, "impossibleCargos": [0, 1, 2, 3, 5, 10, 11, 13, 14], "neighbors": [6, 23, 7, 31, 17, 19, 16, 24, 32, 13, 35, 38, 36, 22, 10, 3, 5, 28, 20, 4, 1, 34, 29, 2, 39, 0, 8, 15]}, {"capacity": 354, "impossibleCargos": [0, 1, 3, 6, 8, 9, 11, 14], "neighbors": [15, 5, 35, 17, 18, 16, 22, 4, 23, 28, 37, 36, 27, 12, 14, 0, 39, 20, 7, 33, 1, 8, 3, 24, 6, 38, 30, 26, 29, 19, 25]}, {"capacity": 813, "impossibleCargos": [0, 1, 2, 3, 6, 7, 8, 9, 10, 11, 14], "neighbors": [18, 25, 15, 21, 34, 7, 38, 22, 17, 3, 13, 11, 23, 37, 33, 14, 20, 19, 36, 24, 8, 0, 10, 31, 28, 9, 4, 30, 27, 12, 5, 2]}, {"capacity": 876, "impossibleCargos": [2, 3, 7, 8, 9, 11, 13], "neighbors": [24, 4, 29, 31, 12, 28, 9, 26, 11, 19, 16, 17, 35, 25, 33, 6, 34, 0, 27, 21, 37, 10, 22, 13, 20, 39, 38, 32, 5, 23, 2]}, {"capacity": 806, "impossibleCargos": [0, 5, 6, 9, 10, 11, 12], "neighbors": [3, 14, 1, 9, 8, 11, 27, 7, 15, 2, 35, 21, 31, 10, 17, 34, 23, 4, 36, 32, 19, 20, 12, 18, 24, 25, 6, 26, 28, 30]}, {"capacity": 758, "impossibleCargos": [1, 3, 8, 9, 10, 12], "neighbors": [30, 15, 35, 3, 25, 14, 13, 31, 20, 26, 27, 17, 24, 9, 33, 23, 11, 12, 29, 2, 7, 19, 34, 28, 5, 10, 21, 36, 0]}, {"capacity": 770, "impossibleCargos": [4, 7, 8, 13], "neighbors": [28, 24, 29, 20, 7, 4, 8, 26, 6, 5, 21, 12, 19, 23, 3, 17, 2, 0, 1, 34, 14, 36, 10, 18, 33, 25, 22, 13]}]}