{"volumes": [1964, 0, 1455, 1416, 755, 1779, 1202, 762, 555, 612, 2009, 1043, 1754, 803, 164], "conflicts": [[1, 3], [1, 4], [1, 6], [1, 9], [1, 14]], "tanks": [{"capacity": 600, "impossibleCargos": [0, 1, 2, 6, 7, 8, 9, 11, 12], "neighbors": [7, 2, 13, 29, 22, 19, 36, 14, 39, 5, 4, 15, 37, 28, 35, 33, 30, 21, 32, 8, 16, 27, 1, 34, 12, 24, 25, 26, 10]}, {"capacity": 654, "impossibleCargos": [1, 3, 5, 6, 7, 8, 9, 11, 12, 13], "neighbors": [26, 28, 2, 16, 31, 5, 3, 38, 34, 30, 18, 19, 35, 7, 24, 25, 12, 29, 32, 14, 8, 13, 21, 10, 11, 27, 33, 36, 9, 0, 15, 6]}, {"capacity": 451, "impossibleCargos": [0, 1, 2, 4, 5, 6, 8, 9, 10, 11, 12, 13, 14], "neighbors": [19, 21, 6, 1, 34, 33, 0, 28, 3, 32, 5, 24, 8, 7, 16, 39, 13, 17, 36, 35, 31, 37, 30, 26, 15, 14, 23, 9, 4, 20, 25, 22]}, {"capacity": 257, "impossibleCargos": [0, 4, 5, 6, 10, 11, 12], "neighbors": [14, 34, 32, 36, 6, 5, 1, 37, 13, 2, 28, 20, 8, 18, 10, 12, 17, 24, 25, 7, 23, 11, 38, 35, 16, 26, 22, 31, 33, 21, 27]}, {"capacity": 326, "impossibleCargos": [1, 3, 4, 5, 6, 7, 8, 9, 11, 13, 14], "neighbors": [22, 32, 26, 24, 34, 9, 31, 6, 25, 5, 0, 21, 37, 12, 36, 8, 17, 23, 14, 29, 10, 28, 15, 2, 18]}, {"capacity": 260, "impossibleCargos": [0, 1, 2, 4, 5, 6, 7, 9, 10, 11], "neighbors": [29, 27, 22, 20, 3, 1, 11, 34, 2, 10, 39, 4, 0, 36, 21, 33, 15, 19, 25, 24, 38, 7, 30, 26, 28, 17, 13, 9, 8]}, {"capacity": 206, "impossibleCargos": [0, 2, 5, 7, 8, 9, 10, 11, 12], "neighbors": [2, 37, 36, 14, 28, 38, 8, 3, 4, 15, 16, 27, 32, 19, 24, 9, 10, 12, 17, 39, 34, 20, 31, 13, 7, 11, 30, 1]}, {"capacity": 340, "impossibleCargos": [1, 2, 5, 6, 7, 8, 9, 11, 12, 14], "neighbors": [0, 8, 37, 35, 38, 11, 21, 12, 31, 30, 1, 16, 2, 39, 29, 9, 25, 28, 5, 17, 3, 18, 24, 15, 6, 22, 10, 32, 33, 20]}, {"capacity": 587, "impossibleCargos": [0, 1, 2, 3, 5, 7, 9, 11, 12, 13, 14], "neighbors": [7, 30, 34, 6, 25, 10, 9, 13, 22, 32, 23, 2, 3, 17, 16, 12, 15, 14, 37, 27, 33, 1, 36, 31, 4, 21, 18, 0, 24, 20, 29, 38, 5, 26]}, {"capacity": 412, "impossibleCargos": [0, 1, 2, 3, 8, 10, 11, 12, 14], "neighbors": [22, 27, 4, 24, 8, 29, 28, 30, 37, 32, 14, 25, 17, 15, 10, 7, 6, 21, 39, 12, 18, 36, 1, 2, 16, 31, 13, 5, 20]}, {"capacity": 751, "impossibleCargos": [0, 1, 2, 3, 4, 5, 7, 8, 9, 13, 14], "neighbors": [29, 33, 24, 14, 8, 12, 32, 11, 28, 16, 18, 5, 34, 31, 3, 9, 37, 6, 1, 15, 39, 21, 4, 30, 35, 7, 19, 38, 25, 0, 13]}, {"capacity": 612, "impossibleCargos": [1, 4, 5, 6, 7, 8, 9, 12, 14], "neighbors": [29, 32, 17, 21, 25, 7, 13, 5, 26, 15, 10, 18, 22, 20, 36, 39, 31, 23, 1, 37, 3, 6, 27, 16, 24, 28]}, {"capacity": 477, "impossibleCargos": [0, 2, 3, 5, 6, 7, 8, 9, 11, 12, 14], "neighbors": [39, 27, 19, 18, 15, 16, 30, 10, 7, 20, 25, 23, 37, 35, 8, 1, 4, 31, 28, 3, 29, 6, 33, 9, 17, 13, 0, 21, 32, 24]}, {"capacity": 388, "impossibleCargos": [0, 1, 2, 4, 5, 6, 7, 9, 10, 11, 12, 14], "neighbors": [36, 31, 39, 0, 11, 28, 8, 15, 3, 27, 29, 2, 1, 21, 18, 33, 34, 38, 26, 35, 14, 6, 30, 12, 22, 17, 9, 25, 5, 10]}, {"capacity": 527, "impossibleCargos": [0, 1, 3, 4, 5, 7, 8, 9, 10, 11, 13], "neighbors": [20, 3, 34, 6, 10, 19, 25, 23, 35, 0, 39, 9, 16, 8, 1, 17, 26, 30, 15, 27, 29, 4, 13, 28, 2, 18, 38, 22, 21]}, {"capacity": 831, "impossibleCargos": [1, 2, 4, 6, 7, 8, 9, 10, 11, 12, 13, 14], "neighbors": [20, 32, 26, 12, 37, 13, 6, 11, 25, 33, 19, 17, 9, 5, 16, 22, 8, 18, 0, 31, 2, 29, 10, 36, 14, 7, 27, 35, 4, 1]}, {"capacity": 489, "impossibleCargos": [0, 1, 2, 3, 4, 6, 7, 8, 9, 10, 13], "neighbors": [20, 18, 17, 22, 1, 29, 12, 37, 33, 39, 10, 6, 14, 8, 7, 15, 2, 23, 0, 21, 3, 11, 25, 31, 9, 27, 30, 26]}, {"capacity": 830, "impossibleCargos": [1, 3, 4, 6, 7, 9, 11, 12, 13, 14], "neighbors": [28, 16, 27, 11, 23, 29, 36, 8, 15, 9, 2, 14, 30, 34, 3, 4, 6, 7, 32, 35, 20, 24, 38, 37, 12, 31, 5, 33, 18, 13]}, {"capacity": 321, "impossibleCargos": [0, 2, 3, 4, 6, 8, 11, 12, 13, 14], "neighbors": [16, 33, 23, 12, 27, 22, 38, 24, 1, 37, 39, 11, 10, 32, 3, 34, 15, 30, 36, 31, 13, 8, 7, 19, 25, 9, 14, 29, 28, 26, 17, 20, 35, 4]}, {"capacity": 798, "impossibleCargos": [4, 5, 6, 9, 11, 12, 14], "neighbors": [2, 31, 12, 26, 14, 36, 37, 0, 27, 1, 15, 6, 5, 28, 24, 29, 34, 38, 33, 30, 18, 10, 32, 21]}, {"capacity": 324, "impossibleCargos": [1, 3, 4, 6, 7, 8, 9, 10, 11, 12, 13, 14], "neighbors": [14, 16, 15, 23, 5, 22, 24, 12, 3, 35, 30, 37, 11, 25, 36, 33, 26, 21, 28, 6, 17, 8, 2, 18, 7, 9]}, {"capacity": 451, "impossibleCargos": [0, 1, 2, 6, 9, 10, 11, 12, 13, 14], "neighbors": [2, 35, 11, 29, 7, 33, 34, 4, 5, 39, 37, 27, 22, 23, 20, 1, 13, 26, 9, 36, 8, 0, 25, 32, 10, 16, 38, 28, 14, 3, 12, 19]}, {"capacity": 788, "impossibleCargos": [1, 2, 4, 8, 9, 10, 12, 13, 14], "neighbors": [4, 9, 5, 37, 29, 16, 0, 18, 20, 8, 28, 11, 23, 39, 38, 15, 21, 32, 26, 31, 34, 36, 14, 7, 3, 25, 13, 2]}, {"capacity": 975, "impossibleCargos": [1, 2, 3, 6, 7, 8, 10, 11, 13, 14], "neighbors": [20, 18, 33, 27, 17, 26, 14, 35, 8, 22, 37, 12, 36, 11, 21, 4, 16, 3, 30, 25, 24, 38, 2, 32, 29, 39]}, {"capacity": 814, "impossibleCargos": [0, 1, 2, 4, 6, 7, 8, 9, 10, 11, 12, 13, 14], "neighbors": [10, 38, 31, 26, 25, 4, 28, 9, 18, 20, 2, 1, 6, 32, 19, 5, 3, 37, 29, 23, 7, 39, 8, 17, 11, 0, 12]}, {"capacity": 355, "impossibleCargos": [1, 3, 4, 5, 6, 9, 10, 12, 13, 14], "neighbors": [32, 37, 24, 11, 8, 39, 14, 28, 4, 12, 35, 38, 9, 15, 1, 34, 20, 29, 5, 7, 26, 3, 21, 23, 18, 16, 27, 22, 33, 0, 2, 13, 10]}, {"capacity": 422, "impossibleCargos": [1, 4, 5, 6, 7, 8], "neighbors": [32, 1, 30, 39, 4, 24, 19, 15, 34, 11, 23, 25, 35, 20, 14, 2, 21, 28, 22, 13, 5, 3, 18, 33, 38, 37, 0, 16, 8]}, {"capacity": 638, "impossibleCargos": [0, 3, 4, 7, 9, 13], "neighbors": [32, 5, 9, 12, 17, 33, 23, 18, 28, 39, 19, 6, 38, 13, 8, 21, 36, 14, 1, 30, 15, 0, 11, 37, 31, 25, 16, 29, 3, 35]}, {"capacity": 354, "impossibleCargos": [1, 2, 3, 4, 5, 7, 9, 10, 11, 13], "neighbors": [17, 1, 2, 24, 6, 35, 13, 27, 38, 25, 22, 9, 3, 10, 36, 30, 19, 7, 0, 12, 20, 26, 31, 29, 5, 14, 4, 21, 32, 18, 37, 11]}, {"capacity": 782, "impossibleCargos": [0, 5, 6, 8, 10, 12, 14], "neighbors": [5, 10, 11, 0, 22, 16, 21, 9, 17, 37, 25, 7, 1, 13, 19, 12, 15, 24, 35, 28, 31, 34, 14, 4, 18, 8, 39, 32, 27, 23, 33]}, {"capacity": 683, "impossibleCargos": [0, 1, 3, 5, 7, 9, 12, 13, 14], "neighbors": [26, 35, 8, 12, 33, 1, 20, 9, 7, 34, 28, 18, 17, 2, 0, 14, 5, 23, 19, 38, 27, 10, 13, 32, 37, 6, 16, 31]}, {"capacity": 775, "impossibleCargos": [2, 3, 4, 6, 7, 8, 10, 11, 13, 14], "neighbors": [19, 13, 24, 38, 1, 4, 7, 32, 35, 10, 11, 12, 8, 2, 15, 18, 28, 22, 29, 37, 6, 39, 16, 17, 27, 9, 3, 30]}, {"capacity": 649, "impossibleCargos": [4, 7, 8, 9, 10, 12, 13, 14], "neighbors": [26, 27, 25, 4, 11, 3, 15, 39, 10, 8, 2, 31, 6, 9, 18, 34, 24, 1, 17, 22, 37, 21, 0, 36, 28, 29, 7, 30, 19, 33, 23, 12]}, {"capacity": 250, "impossibleCargos": [0, 1, 3, 4, 7, 8, 9, 10, 11, 12, 13, 14], "neighbors": [10, 18, 2, 23, 27, 38, 30, 16, 21, 15, 5, 37, 20, 8, 0, 12, 35, 13, 36, 19, 34, 1, 26, 17, 32, 25, 7, 3, 29]}, {"capacity": 942, "impossibleCargos": [0, 1, 4, 5, 7, 8, 9, 10, 11, 12, 14], "neighbors": [3, 14, 2, 39, 4, 8, 36, 5, 26, 1, 21, 10, 25, 32, 18, 38, 30, 35, 19, 17, 13, 6, 33, 22, 29, 0]}, {"capacity": 782, "impossibleCargos": [1, 3, 4, 5, 7, 9, 12, 13], "neighbors": [39, 21, 30, 7, 28, 38, 37, 23, 14, 20, 25, 1, 12, 31, 34, 26, 0, 2, 36, 33, 29, 13, 15, 17, 3, 10, 18, 27]}, {"capacity": 232, "impossibleCargos": [0, 1, 2, 3, 4, 5, 6, 7, 10, 11, 13, 14], "neighbors": [13, 3, 6, 19, 34, 0, 17, 11, 5, 28, 23, 20, 2, 4, 27, 8, 18, 35, 21, 37, 15, 33, 32, 9, 38, 22, 1]}, {"capacity": 986, "impossibleCargos": [0, 1, 3, 4, 5, 6, 7, 8, 11, 12, 13, 14], "neighbors": [6, 7, 25, 22, 19, 15, 3, 35, 16, 18, 29, 23, 9, 20, 12, 4, 21, 38, 8, 10, 33, 0, 2, 24, 11, 36, 32, 31, 17, 27, 30, 28, 26]}, {"capacity": 974, "impossibleCargos": [0, 1, 2, 3, 4, 5, 6, 7, 9, 12, 14], "neighbors": [39, 24, 7, 31, 6, 35, 33, 1, 18, 28, 25, 27, 34, 22, 37, 5, 19, 13, 30, 3, 23, 36, 14, 21, 17, 26, 10, 8]}, {"capacity": 223, "impossibleCargos": [0, 1, 2, 3, 5, 6, 10, 12, 13], "neighbors": [35, 38, 26, 12, 34, 13, 32, 25, 27, 16, 18, 14, 5, 0, 22, 11, 21, 7, 2, 6, 10, 9, 24, 29, 31, 23]}]}