{"volumes": [2127, 2696, 283, 1680, 1253, 330, 427, 365, 433, 918, 1835, 2316, 1661, 274, 962], "conflicts": [], "tanks": [{"capacity": 988, "impossibleCargos": [0, 1, 2, 3, 4, 5, 7, 9, 11, 13, 14], "neighbors": [29, 7, 31, 17, 16, 3, 34, 21, 28, 13, 12, 11, 2, 26, 35, 19, 25, 38, 1, 39, 22, 24, 30, 33, 18, 15, 36, 14, 9, 10, 27]}, {"capacity": 622, "impossibleCargos": [0, 2, 3, 4, 5, 6, 8, 9, 10, 12, 13, 14], "neighbors": [10, 38, 28, 16, 30, 13, 24, 20, 32, 19, 37, 6, 2, 27, 21, 0, 18, 39, 25, 33, 9, 17, 15, 35, 8, 29, 5, 36]}, {"capacity": 806, "impossibleCargos": [1, 6, 7, 9, 10, 12], "neighbors": [13, 27, 12, 17, 7, 35, 11, 34, 32, 28, 9, 29, 30, 0, 36, 1, 8, 10, 23, 6, 37, 25, 24, 18, 22, 38, 5, 21, 14, 16, 31, 3, 15]}, {"capacity": 402, "impossibleCargos": [0, 1, 3, 4, 5, 6, 7, 8, 11, 12, 13], "neighbors": [26, 39, 22, 18, 19, 0, 24, 29, 32, 9, 11, 36, 12, 10, 14, 33, 15, 8, 21, 6, 35, 28, 5, 31, 27, 34, 2, 17, 7]}, {"capacity": 863, "impossibleCargos": [0, 2, 4, 5, 6, 7, 9, 10, 13, 14], "neighbors": [24, 8, 34, 32, 21, 5, 7, 19, 28, 16, 9, 15, 12, 36, 6, 18, 27, 10, 31, 11, 35, 20, 26, 14]}, {"capacity": 431, "impossibleCargos": [0, 1, 2, 4, 5, 6, 8, 9, 12, 13, 14], "neighbors": [19, 11, 14, 16, 17, 4, 39, 26, 33, 8, 27, 15, 25, 13, 30, 21, 34, 29, 3, 2, 38, 37, 9, 6, 36, 1, 35, 12, 10]}, {"capacity": 539, "impossibleCargos": [0, 1, 2, 3, 4, 5, 6, 7, 8, 9, 11, 12, 14], "neighbors": [17, 31, 13, 7, 38, 34, 36, 29, 1, 27, 20, 11, 2, 39, 23, 4, 32, 3, 37, 28, 16, 22, 25, 5, 9, 30, 21, 10]}, {"capacity": 755, "impossibleCargos": [3, 4, 5, 6, 7, 8, 10, 11, 12, 13, 14], "neighbors": [36, 32, 28, 26, 24, 0, 20, 2, 6, 16, 35, 4, 15, 38, 13, 29, 19, 22, 37, 31, 18, 11, 21, 34, 30, 33, 14, 25, 39, 3, 23]}, {"capacity": 670, "impossibleCargos": [0, 3, 5, 6, 8, 9, 12, 13, 14], "neighbors": [4, 29, 13, 28, 25, 30, 22, 37, 38, 5, 36, 31, 21, 2, 24, 32, 33, 3, 16, 34, 10, 11, 27, 23, 14, 26, 9, 1, 17]}, {"capacity": 670, "impossibleCargos": [0, 1, 2, 3, 4, 5, 6, 7, 8, 12, 13, 14], "neighbors": [16, 35, 39, 25, 2, 3, 11, 4, 23, 20, 37, 28, 19, 38, 1, 18, 10, 13, 36, 15, 8, 5, 0, 33, 22, 30, 6, 27, 32, 21]}, {"capacity": 682, "impossibleCargos": [2, 4, 8, 9, 10, 11, 13, 14], "neighbors": [1, 13, 21, 29, 18, 34, 12, 15, 32, 25, 17, 11, 39, 30, 14, 2, 36, 3, 35, 22, 19, 23, 8, 9, 4, 27, 0, 20, 6, 5]}, {"capacity": 557, "impossibleCargos": [0, 1, 2, 4, 7, 8, 9, 10, 11, 12, 13, 14], "neighbors": [25, 5, 33, 19, 16, 2, 28, 20, 10, 3, 0, 31, 30, 6, 9, 37, 15, 13, 7, 14, 8, 17, 12, 4, 38, 18, 27, 23, 36, 39, 26]}, {"capacity": 752, "impossibleCargos": [0, 2, 4, 5, 8, 10, 11, 12, 13, 14], "neighbors": [15, 2, 27, 10, 31, 13, 36, 29, 0, 24, 39, 20, 21, 3, 19, 35, 4, 17, 25, 16, 28, 38, 11, 32, 37, 22, 33, 14, 5]}, {"capacity": 422, "impossibleCargos": [0, 1, 2, 3, 4, 5, 6, 8, 10, 11, 12, 13], "neighbors": [10, 38, 2, 18, 6, 27, 8, 1, 17, 12, 32, 0, 28, 7, 5, 34, 35, 25, 16, 11, 33, 36, 29, 26, 30, 37, 9, 14, 21, 23, 24, 22, 20]}, {"capacity": 722, "impossibleCargos": [0, 1, 2, 4, 5, 7, 8, 9, 10, 12, 13, 14], "neighbors": [28, 5, 25, 35, 36, 20, 10, 22, 3, 27, 37, 16, 33, 11, 8, 30, 13, 0, 19, 17, 7, 2, 34, 38, 23, 4, 12, 15, 26]}, {"capacity": 835, "impossibleCargos": [1, 2, 3, 4, 6, 7, 8, 10, 11, 13], "neighbors": [12, 10, 19, 35, 37, 38, 7, 30, 22, 5, 23, 28, 33, 27, 39, 24, 36, 11, 4, 26, 3, 0, 1, 29, 9, 34, 25, 32, 17, 14, 2]}, {"capacity": 305, "impossibleCargos": [0, 2, 4, 5, 6, 7, 8, 9, 11, 12, 13, 14], "neighbors": [9, 39, 34, 5, 0, 17, 31, 1, 11, 7, 18, 19, 29, 4, 13, 33, 23, 22, 21, 12, 8, 14, 28, 26, 6, 30, 2, 24, 35, 36]}, {"capacity": 336, "impossibleCargos": [0, 2, 3, 4, 5, 7, 8, 10, 11, 12, 13], "neighbors": [6, 34, 24, 0, 2, 32, 20, 16, 33, 5, 23, 25, 13, 27, 18, 10, 26, 12, 1, 22, 30, 11, 19, 39, 14, 21, 35, 15, 31, 37, 3, 36, 8]}, {"capacity": 552, "impossibleCargos": [0, 1, 2, 3, 4, 5, 6, 7, 9, 10, 12, 14], "neighbors": [13, 10, 37, 25, 3, 20, 31, 17, 38, 16, 35, 22, 1, 36, 30, 34, 2, 7, 32, 4, 21, 0, 9, 33, 26, 39, 11, 19]}, {"capacity": 242, "impossibleCargos": [0, 1, 2, 3, 4, 5, 6, 8, 10, 11, 13, 14], "neighbors": [5, 11, 3, 21, 22, 38, 15, 25, 1, 16, 34, 7, 4, 0, 12, 20, 10, 9, 37, 30, 26, 28, 17, 14, 29, 33, 32, 36, 18]}, {"capacity": 395, "impossibleCargos": [1, 2, 4, 5, 7, 9, 10, 13, 14], "neighbors": [21, 17, 7, 18, 31, 1, 29, 25, 28, 11, 39, 34, 14, 12, 6, 9, 19, 30, 35, 33, 37, 36, 23, 4, 38, 13, 24, 10, 26]}, {"capacity": 547, "impossibleCargos": [0, 1, 2, 3, 4, 9, 11, 12, 13, 14], "neighbors": [20, 10, 29, 4, 19, 30, 31, 0, 25, 26, 24, 8, 27, 12, 5, 32, 1, 36, 28, 16, 18, 3, 7, 38, 37, 23, 2, 13, 17, 33, 6, 34, 9]}, {"capacity": 272, "impossibleCargos": [1, 5, 6, 7, 8, 10, 12, 14], "neighbors": [36, 3, 19, 37, 8, 28, 31, 15, 7, 33, 14, 18, 32, 39, 16, 0, 10, 17, 26, 27, 2, 35, 12, 6, 29, 9, 34, 24, 13]}, {"capacity": 276, "impossibleCargos": [0, 2, 3, 4, 6, 8, 12], "neighbors": [29, 17, 36, 15, 32, 38, 2, 9, 16, 6, 10, 30, 20, 21, 8, 37, 28, 26, 13, 11, 14, 7]}, {"capacity": 324, "impossibleCargos": [1, 2, 4, 7, 8, 9, 10, 12], "neighbors": [4, 7, 17, 32, 29, 1, 3, 12, 25, 21, 8, 15, 34, 35, 0, 2, 26, 31, 36, 27, 33, 13, 16, 22, 20]}, {"capacity": 754, "impossibleCargos": [0, 1, 2, 4, 5, 6, 7, 8, 10, 11, 12, 13, 14], "neighbors": [11, 14, 18, 30, 36, 17, 8, 9, 20, 10, 19, 35, 21, 24, 5, 0, 32, 13, 27, 29, 2, 12, 1, 38, 15, 6, 7, 28, 39]}, {"capacity": 766, "impossibleCargos": [0, 1, 2, 5, 6, 8, 9, 10, 11, 12, 13, 14], "neighbors": [3, 7, 32, 38, 37, 5, 31, 35, 39, 0, 17, 21, 36, 15, 34, 30, 24, 19, 22, 13, 16, 23, 8, 18, 4, 20, 33, 11, 27, 14]}, {"capacity": 312, "impossibleCargos": [1, 2, 3, 4, 5, 6, 7, 10, 11, 13], "neighbors": [2, 12, 36, 32, 13, 17, 28, 5, 38, 6, 21, 35, 1, 15, 37, 14, 25, 4, 29, 39, 22, 8, 10, 24, 3, 11, 9, 0, 26]}, {"capacity": 772, "impossibleCargos": [0, 2, 5, 6, 8, 10, 13, 14], "neighbors": [7, 1, 14, 29, 32, 8, 0, 2, 11, 20, 22, 27, 13, 15, 37, 4, 21, 9, 12, 16, 19, 31, 3, 6, 23, 36, 33, 35, 25, 34]}, {"capacity": 247, "impossibleCargos": [0, 2, 3, 4, 5, 6, 7, 8, 9, 10, 11, 12, 14], "neighbors": [0, 10, 21, 28, 8, 23, 24, 35, 20, 3, 39, 37, 2, 32, 12, 6, 7, 16, 34, 25, 38, 33, 27, 13, 5, 15, 22, 1, 19]}, {"capacity": 888, "impossibleCargos": [0, 1, 2, 5, 6, 7, 12, 13], "neighbors": [37, 25, 21, 1, 8, 38, 15, 2, 10, 32, 5, 11, 18, 0, 20, 34, 26, 19, 35, 23, 17, 13, 14, 7, 16, 31, 9, 6]}, {"capacity": 868, "impossibleCargos": [0, 2, 4, 5, 6, 7, 8, 9, 10, 11, 12, 13, 14], "neighbors": [32, 6, 0, 16, 12, 21, 20, 18, 37, 39, 22, 26, 35, 11, 8, 34, 38, 7, 28, 24, 4, 3, 30, 17, 2]}, {"capacity": 949, "impossibleCargos": [0, 1, 2, 3, 4, 5, 7, 8, 9, 10, 14], "neighbors": [7, 31, 26, 35, 4, 17, 24, 28, 27, 10, 2, 13, 34, 1, 29, 3, 33, 23, 30, 25, 22, 8, 21, 38, 18, 6, 12, 37, 15, 19, 9, 39]}, {"capacity": 777, "impossibleCargos": [0, 1, 2, 3, 4, 6, 7, 8, 9, 14], "neighbors": [11, 17, 34, 5, 32, 22, 15, 3, 8, 38, 16, 13, 0, 1, 14, 20, 29, 18, 35, 24, 28, 7, 9, 39, 19, 21, 12, 26]}, {"capacity": 975, "impossibleCargos": [0, 2, 3, 4, 6, 7, 8, 9, 10, 11, 12, 13, 14], "neighbors": [17, 4, 16, 10, 33, 0, 2, 32, 20, 6, 19, 38, 31, 13, 29, 24, 18, 26, 30, 8, 7, 5, 35, 15, 14, 3, 22, 28, 21]}, {"capacity": 355, "impossibleCargos": [0, 1, 4, 5, 6, 7, 8, 9, 12, 13, 14], "neighbors": [32, 9, 2, 29, 7, 14, 15, 36, 26, 25, 31, 37, 18, 0, 27, 13, 10, 12, 24, 20, 30, 3, 34, 22, 33, 1, 4, 17, 28, 16, 5]}, {"capacity": 607, "impossibleCargos": [0, 1, 2, 3, 4, 5, 7, 8, 9, 11, 13], "neighbors": [22, 7, 27, 25, 38, 12, 35, 37, 14, 23, 8, 6, 2, 3, 26, 10, 15, 21, 18, 39, 4, 13, 20, 9, 28, 24, 0, 5, 16, 19, 11, 1, 17]}, {"capacity": 425, "impossibleCargos": [0, 4, 5, 7, 9, 10, 11, 12, 13, 14], "neighbors": [30, 18, 26, 22, 15, 36, 31, 29, 8, 35, 1, 28, 27, 7, 2, 11, 9, 39, 14, 19, 20, 21, 13, 6, 23, 32, 12, 5, 17, 38]}, {"capacity": 728, "impossibleCargos": [0, 1, 3, 4, 5, 7, 8, 9, 10, 11, 13, 14], "neighbors": [13, 1, 26, 19, 6, 36, 15, 30, 18, 7, 8, 27, 34, 23, 32, 33, 31, 0, 29, 9, 21, 25, 2, 12, 5, 11, 14, 20, 37]}, {"capacity": 574, "impossibleCargos": [0, 3, 4, 6, 8, 10, 11, 13], "neighbors": [16, 3, 5, 9, 29, 31, 20, 10, 26, 12, 22, 15, 6, 36, 0, 37, 1, 27, 17, 33, 18, 7, 11, 25, 32]}]}