{"volumes": [1075, 746, 654, 727, 1130, 0, 0, 231, 958, 528, 1036, 226, 1496, 525, 207], "conflicts": [[0, 5], [1, 5], [1, 6], [1, 7], [2, 5], [3, 5], [3, 7], [5, 11], [5, 12], [5, 13], [5, 14], [6, 7], [6, 8], [6, 10], [6, 11], [7, 11], [7, 14], [9, 11], [9, 13], [9, 14], [11, 14]], "tanks": [{"capacity": 259, "impossibleCargos": [0, 1, 3, 10], "neighbors": [28, 15, 6, 32, 35, 33, 34, 22, 14, 38, 13]}, {"capacity": 283, "impossibleCargos": [1, 3, 6, 8, 11, 13], "neighbors": [33, 26, 24, 17, 30, 18, 32, 19]}, {"capacity": 240, "impossibleCargos": [7, 11, 13, 14], "neighbors": [4, 22, 25, 23, 33, 11, 13]}, {"capacity": 290, "impossibleCargos": [0, 4], "neighbors": [20, 33, 10, 9, 17, 22, 34, 11]}, {"capacity": 270, "impossibleCargos": [2, 13], "neighbors": [2, 32, 23, 39, 28, 38, 17, 27, 21, 12, 16, 6]}, {"capacity": 232, "impossibleCargos": [2, 7, 10], "neighbors": [11, 16, 18, 15, 8, 34, 32, 17, 12, 39, 22, 31]}, {"capacity": 293, "impossibleCargos": [2, 8, 11, 14], "neighbors": [8, 27, 0, 16, 13, 22, 17, 35, 14, 28, 15, 4]}, {"capacity": 291, "impossibleCargos": [3, 7, 13], "neighbors": [8, 18, 19, 17, 10, 16, 39]}, {"capacity": 268, "impossibleCargos": [4, 6, 7, 8, 11], "neighbors": [32, 6, 7, 25, 36, 29, 35, 5, 28]}, {"capacity": 260, "impossibleCargos": [1, 3, 11, 12], "neighbors": [14, 25, 33, 3, 26, 27, 16, 10]}, {"capacity": 282, "impossibleCargos": [0, 3, 13], "neighbors": [33, 19, 29, 32, 14, 3, 12, 7, 37, 9]}, {"capacity": 276, "impossibleCargos": [9, 14], "neighbors": [5, 39, 23, 31, 35, 33, 2, 3]}, {"capacity": 281, "impossibleCargos": [1, 5, 6, 7, 11], "neighbors": [10, 4, 5]}, {"capacity": 265, "impossibleCargos": [1, 3, 5, 8, 10], "neighbors": [15, 32, 6, 35, 34, 27, 23, 37, 2, 20, 21, 0]}, {"capacity": 230, "impossibleCargos": [0, 1, 4, 7, 11, 14], "neighbors": [31, 9, 37, 15, 10, 28, 38, 36, 0, 6, 34, 35, 20, 17, 25]}, {"capacity": 249, "impossibleCargos": [6, 13], "neighbors": [21, 0, 13, 24, 5, 14, 39, 28, 29, 38, 34, 6]}, {"capacity": 258, "impossibleCargos": [1, 2, 11, 13, 14], "neighbors": [23, 31, 25, 5, 6, 32, 7, 28, 4, 9]}, {"capacity": 244, "impossibleCargos": [4, 7, 14], "neighbors": [27, 1, 7, 4, 3, 6, 26, 5, 23, 38, 14, 24]}, {"capacity": 247, "impossibleCargos": [], "neighbors": [38, 7, 5, 29, 1, 37]}, {"capacity": 278, "impossibleCargos": [6, 8, 13], "neighbors": [22, 7, 10, 23, 36, 1, 31, 27]}, {"capacity": 292, "impossibleCargos": [3, 11, 14], "neighbors": [23, 3, 28, 36, 38, 25, 13, 14]}, {"capacity": 268, "impossibleCargos": [2, 5, 8, 11, 13], "neighbors": [15, 36, 28, 4, 38, 13, 39, 24]}, {"capacity": 232, "impossibleCargos": [3, 10, 11], "neighbors": [2, 19, 6, 0, 34, 3, 5]}, {"capacity": 218, "impossibleCargos": [0, 1, 2, 7, 10, 13], "neighbors": [16, 20, 36, 4, 11, 19, 2, 27, 39, 13, 38, 28, 17, 24]}, {"capacity": 278, "impossibleCargos": [3, 9, 12], "neighbors": [1, 15, 31, 36, 21, 23, 17, 39]}, {"capacity": 217, "impossibleCargos": [0, 3, 4, 5, 6, 7, 9, 10], "neighbors": [9, 16, 8, 35, 2, 27, 20, 28, 26, 14]}, {"capacity": 230, "impossibleCargos": [3, 5, 9, 12, 13], "neighbors": [1, 31, 34, 9, 17, 25, 36]}, {"capacity": 292, "impossibleCargos": [9, 12, 13, 14], "neighbors": [6, 17, 25, 13, 23, 35, 4, 9, 19, 33]}, {"capacity": 242, "impossibleCargos": [1, 4, 5, 14], "neighbors": [0, 34, 20, 33, 4, 14, 21, 31, 23, 25, 6, 15, 16, 8, 29]}, {"capacity": 262, "impossibleCargos": [2, 3, 6, 8], "neighbors": [10, 18, 30, 8, 38, 15, 28]}, {"capacity": 281, "impossibleCargos": [7, 9, 12, 14], "neighbors": [36, 29, 35, 32, 1, 39, 34]}, {"capacity": 285, "impossibleCargos": [3, 5, 7, 8, 10, 12, 14], "neighbors": [33, 16, 14, 26, 24, 11, 19, 32, 28, 5]}, {"capacity": 258, "impossibleCargos": [2, 5, 7, 9], "neighbors": [8, 35, 4, 34, 0, 10, 13, 16, 30, 1, 31, 5]}, {"capacity": 226, "impossibleCargos": [0, 5, 7, 8, 9, 12, 13, 14], "neighbors": [1, 31, 39, 38, 10, 3, 0, 9, 28, 11, 2, 27]}, {"capacity": 247, "impossibleCargos": [0, 1, 9, 12, 13], "neighbors": [28, 32, 26, 13, 0, 5, 22, 14, 3, 15, 30, 38]}, {"capacity": 207, "impossibleCargos": [4, 8, 10, 13], "neighbors": [32, 36, 25, 0, 30, 13, 11, 8, 27, 6, 14]}, {"capacity": 203, "impossibleCargos": [3, 5, 9, 12, 13], "neighbors": [30, 35, 39, 21, 23, 8, 20, 24, 37, 19, 14, 26]}, {"capacity": 285, "impossibleCargos": [2, 4, 5, 6, 11], "neighbors": [14, 36, 18, 13, 10]}, {"capacity": 272, "impossibleCargos": [2, 3, 9], "neighbors": [18, 33, 4, 20, 14, 23, 21, 29, 0, 17, 15, 39, 34]}, {"capacity": 267, "impossibleCargos": [5, 8, 9, 10, 11, 12], "neighbors": [36, 33, 4, 11, 23, 15, 30, 5, 21, 7, 38, 24]}]}