{"volumes": [672, 1130, 273, 281, 550, 554, 281, 268, 488, 677, 1047, 709, 451, 1436, 677], "conflicts": [[1, 3], [1, 4], [1, 6], [2, 3], [2, 4], [2, 6], [2, 11], [3, 4], [3, 5], [3, 6], [3, 14], [4, 6], [4, 9], [6, 9], [7, 13]], "tanks": [{"capacity": 298, "impossibleCargos": [1, 2, 11], "neighbors": [31, 7, 39, 5, 30, 4, 38, 26, 22, 34]}, {"capacity": 219, "impossibleCargos": [4, 9], "neighbors": [32, 9, 6, 3, 11, 29, 12, 17, 2, 28, 31, 30]}, {"capacity": 274, "impossibleCargos": [1, 6, 7], "neighbors": [35, 3, 20, 1, 9, 4, 17, 13, 15, 25, 32]}, {"capacity": 276, "impossibleCargos": [0, 3, 10], "neighbors": [22, 11, 20, 33, 1, 21, 2, 8, 24]}, {"capacity": 210, "impossibleCargos": [4], "neighbors": [24, 16, 17, 23, 0, 10, 35, 2, 36, 6]}, {"capacity": 213, "impossibleCargos": [0, 3, 5, 9, 10, 14], "neighbors": [23, 16, 17, 8, 25, 0, 11, 38, 37, 18, 24]}, {"capacity": 295, "impossibleCargos": [3], "neighbors": [1, 39, 38, 33, 11, 14, 18, 4]}, {"capacity": 286, "impossibleCargos": [0, 2, 5], "neighbors": [0, 26, 25, 12, 33, 8]}, {"capacity": 209, "impossibleCargos": [4, 5, 8, 11], "neighbors": [5, 17, 11, 14, 35, 3, 7, 37, 31, 32]}, {"capacity": 217, "impossibleCargos": [0, 1, 2, 10, 13], "neighbors": [1, 23, 32, 19, 2, 16, 33, 14, 39]}, {"capacity": 221, "impossibleCargos": [0, 3, 4, 14], "neighbors": [13, 30, 4, 14]}, {"capacity": 287, "impossibleCargos": [3, 6], "neighbors": [3, 22, 1, 5, 6, 8, 29, 19, 18, 28, 20, 35, 32]}, {"capacity": 263, "impossibleCargos": [2, 6, 7, 9, 11, 13], "neighbors": [1, 13, 7, 34, 27]}, {"capacity": 215, "impossibleCargos": [0, 5, 8, 11], "neighbors": [26, 10, 25, 37, 12, 33, 16, 24, 2, 15, 32, 30, 31]}, {"capacity": 269, "impossibleCargos": [0, 2, 4, 5, 8, 10, 12], "neighbors": [24, 32, 19, 8, 10, 6, 29, 9, 20, 30]}, {"capacity": 245, "impossibleCargos": [1, 2, 10], "neighbors": [20, 21, 35, 24, 26, 13, 33, 2]}, {"capacity": 291, "impossibleCargos": [10], "neighbors": [5, 4, 31, 18, 29, 9, 13, 23]}, {"capacity": 274, "impossibleCargos": [7, 14], "neighbors": [29, 5, 33, 8, 4, 20, 36, 1, 35, 2, 32]}, {"capacity": 265, "impossibleCargos": [0, 2, 11], "neighbors": [29, 16, 28, 23, 5, 6, 11, 32]}, {"capacity": 204, "impossibleCargos": [2, 3, 5, 13], "neighbors": [24, 14, 9, 11, 26, 32, 33]}, {"capacity": 256, "impossibleCargos": [6, 8, 9, 12], "neighbors": [15, 38, 3, 32, 17, 24, 35, 2, 14, 11]}, {"capacity": 225, "impossibleCargos": [11, 13], "neighbors": [36, 25, 30, 15, 34, 29, 3, 32, 31, 22, 27, 28, 38]}, {"capacity": 293, "impossibleCargos": [0, 1, 4, 8, 14], "neighbors": [3, 11, 27, 32, 28, 21, 0, 39, 36, 29, 30, 23, 31]}, {"capacity": 247, "impossibleCargos": [1, 4, 6, 7, 12], "neighbors": [5, 9, 35, 38, 4, 29, 34, 18, 33, 16, 22]}, {"capacity": 226, "impossibleCargos": [2, 3, 11], "neighbors": [4, 14, 26, 36, 19, 29, 20, 34, 15, 28, 13, 33, 3, 31, 5]}, {"capacity": 287, "impossibleCargos": [6, 9, 12], "neighbors": [21, 13, 5, 32, 26, 7, 2]}, {"capacity": 252, "impossibleCargos": [5], "neighbors": [13, 24, 39, 38, 25, 7, 34, 33, 0, 29, 19, 15]}, {"capacity": 233, "impossibleCargos": [0, 2, 4, 7, 12, 14], "neighbors": [22, 28, 21, 12]}, {"capacity": 288, "impossibleCargos": [2, 7, 8, 11], "neighbors": [18, 22, 27, 36, 24, 1, 21, 11]}, {"capacity": 287, "impossibleCargos": [5, 7, 9, 10, 12, 14], "neighbors": [17, 18, 36, 1, 24, 21, 23, 11, 16, 38, 26, 31, 14, 22, 34]}, {"capacity": 226, "impossibleCargos": [5, 7, 8, 12, 13], "neighbors": [21, 10, 37, 39, 0, 36, 22, 14, 13, 1]}, {"capacity": 260, "impossibleCargos": [3, 5, 7, 8, 12], "neighbors": [0, 16, 21, 29, 34, 1, 8, 22, 13, 24]}, {"capacity": 295, "impossibleCargos": [2, 3, 4, 11], "neighbors": [20, 1, 14, 22, 25, 9, 21, 19, 33, 8, 18, 17, 13, 2, 11]}, {"capacity": 212, "impossibleCargos": [0, 4, 9, 13, 14], "neighbors": [3, 17, 35, 6, 13, 26, 23, 9, 7, 19, 24, 32, 15, 34]}, {"capacity": 299, "impossibleCargos": [2, 3, 5, 10, 14], "neighbors": [21, 39, 24, 23, 36, 26, 38, 0, 12, 29, 31, 33]}, {"capacity": 216, "impossibleCargos": [4, 5, 6, 8], "neighbors": [2, 23, 15, 33, 20, 4, 17, 8, 11]}, {"capacity": 241, "impossibleCargos": [2, 6, 9, 10, 12], "neighbors": [21, 24, 29, 17, 34, 28, 22, 30, 4]}, {"capacity": 247, "impossibleCargos": [1, 6, 7, 10], "neighbors": [30, 13, 5, 8]}, {"capacity": 283, "impossibleCargos": [3, 4, 6, 7, 11, 14], "neighbors": [20, 23, 6, 26, 5, 34, 0, 29, 21]}, {"capacity": 292, "impossibleCargos": [5, 11], "neighbors": [26, 34, 0, 6, 30, 22, 9]}]}