{"volumes": [0, 440, 768, 690, 1057, 490, 418, 473, 0, 797, 970, 293, 1418, 1089, 486], "conflicts": [[0, 1], [0, 2], [0, 3], [0, 4], [0, 5], [0, 6], [0, 7], [0, 10], [0, 11], [0, 12], [0, 13], [0, 14], [1, 5], [1, 8], [1, 14], [2, 8], [3, 8], [4, 8], [5, 8], [5, 10], [5, 11], [6, 8], [6, 9], [6, 14], [7, 8], [7, 11], [8, 10], [8, 11], [8, 13], [8, 14]], "tanks": [{"capacity": 226, "impossibleCargos": [0, 7, 8], "neighbors": [36, 22, 21, 39, 27, 35]}, {"capacity": 216, "impossibleCargos": [2, 9, 10, 11, 12], "neighbors": [15, 21, 34, 13, 27, 16, 19, 20, 17, 8, 3, 36]}, {"capacity": 264, "impossibleCargos": [1, 4, 12], "neighbors": [26, 25, 30, 17, 3, 35, 10, 15, 8, 31]}, {"capacity": 259, "impossibleCargos": [0, 3, 4, 5, 11], "neighbors": [16, 33, 2, 35, 38, 4, 31, 27, 22, 1, 23, 36, 14, 11]}, {"capacity": 268, "impossibleCargos": [13, 14], "neighbors": [21, 3, 19, 12, 8, 29, 39]}, {"capacity": 279, "impossibleCargos": [11, 13], "neighbors": [29, 32, 26, 8, 15, 33, 13, 21, 17]}, {"capacity": 200, "impossibleCargos": [1, 3, 4, 6, 9, 11], "neighbors": [25, 31, 17, 28, 29, 26, 34, 11, 30, 39, 32, 27]}, {"capacity": 250, "impossibleCargos": [5, 12, 14], "neighbors": [32, 24, 15, 16, 22]}, {"capacity": 296, "impossibleCargos": [10], "neighbors": [11, 33, 30, 24, 5, 10, 1, 2, 4, 38]}, {"capacity": 257, "impossibleCargos": [1, 2, 3, 9], "neighbors": [33, 12, 27, 16, 26, 22, 29]}, {"capacity": 259, "impossibleCargos": [0, 5, 8, 10, 13], "neighbors": [24, 15, 18, 2, 8, 17, 38, 34, 12]}, {"capacity": 245, "impossibleCargos": [2, 13], "neighbors": [33, 15, 8, 20, 17, 32, 13, 36, 21, 28, 6, 31, 3]}, {"capacity": 250, "impossibleCargos": [10], "neighbors": [13, 25, 26, 9, 19, 35, 37, 31, 21, 22, 23, 4, 36, 27, 10]}, {"capacity": 201, "impossibleCargos": [2, 3, 7, 9], "neighbors": [12, 23, 36, 19, 1, 11, 29, 5]}, {"capacity": 280, "impossibleCargos": [0, 11, 12], "neighbors": [17, 27, 35, 28, 23, 3, 30, 37, 16]}, {"capacity": 221, "impossibleCargos": [2, 3, 6, 7, 10], "neighbors": [11, 18, 1, 32, 19, 34, 10, 27, 2, 5, 7, 35]}, {"capacity": 256, "impossibleCargos": [3, 5], "neighbors": [3, 20, 39, 1, 9, 24, 21, 36, 7, 19, 31, 14, 17]}, {"capacity": 268, "impossibleCargos": [7, 13, 14], "neighbors": [6, 14, 11, 2, 1, 10, 23, 21, 22, 16, 5]}, {"capacity": 235, "impossibleCargos": [0, 4, 7], "neighbors": [15, 10, 38, 28, 30, 34]}, {"capacity": 274, "impossibleCargos": [0, 1, 10, 11], "neighbors": [13, 12, 15, 4, 33, 1, 37, 16, 25]}, {"capacity": 257, "impossibleCargos": [1, 2, 3, 8], "neighbors": [25, 11, 16, 33, 35, 1, 22, 39, 26, 34]}, {"capacity": 223, "impossibleCargos": [0, 2, 5, 10, 13, 14], "neighbors": [1, 4, 35, 24, 12, 0, 11, 16, 33, 34, 26, 17, 5]}, {"capacity": 211, "impossibleCargos": [0, 8, 9], "neighbors": [29, 27, 0, 31, 12, 20, 9, 3, 34, 17, 7]}, {"capacity": 276, "impossibleCargos": [0, 1, 3, 4], "neighbors": [13, 35, 30, 34, 12, 14, 17, 3]}, {"capacity": 273, "impossibleCargos": [0, 2, 6, 8, 11], "neighbors": [21, 10, 8, 16, 37, 7]}, {"capacity": 282, "impossibleCargos": [], "neighbors": [20, 6, 2, 12, 35, 32, 36, 37, 34, 39, 19, 30]}, {"capacity": 295, "impossibleCargos": [6, 7, 13], "neighbors": [2, 29, 12, 37, 6, 5, 9, 21, 33, 20]}, {"capacity": 218, "impossibleCargos": [4, 5, 6, 11], "neighbors": [22, 37, 14, 9, 1, 15, 28, 0, 3, 12, 6]}, {"capacity": 293, "impossibleCargos": [4, 10], "neighbors": [6, 39, 18, 11, 14, 27, 35]}, {"capacity": 295, "impossibleCargos": [9, 12, 14], "neighbors": [5, 22, 26, 34, 35, 6, 13, 9, 4]}, {"capacity": 254, "impossibleCargos": [4, 7], "neighbors": [2, 23, 8, 18, 38, 6, 14, 25]}, {"capacity": 255, "impossibleCargos": [8, 11, 13], "neighbors": [6, 22, 12, 3, 34, 2, 16, 11]}, {"capacity": 260, "impossibleCargos": [9], "neighbors": [7, 15, 37, 11, 5, 25, 6]}, {"capacity": 267, "impossibleCargos": [1, 9, 13], "neighbors": [11, 9, 3, 8, 20, 19, 21, 5, 26]}, {"capacity": 280, "impossibleCargos": [1, 2, 3, 7, 10], "neighbors": [29, 1, 38, 6, 15, 35, 23, 18, 21, 31, 25, 10, 22, 20, 37]}, {"capacity": 218, "impossibleCargos": [2, 3, 7], "neighbors": [38, 21, 29, 12, 25, 3, 23, 2, 14, 34, 20, 28, 15, 0]}, {"capacity": 220, "impossibleCargos": [2, 3, 8, 9, 13, 14], "neighbors": [0, 13, 11, 25, 16, 38, 12, 3, 1]}, {"capacity": 224, "impossibleCargos": [6, 7, 9], "neighbors": [27, 26, 32, 12, 38, 24, 25, 19, 14, 34]}, {"capacity": 210, "impossibleCargos": [9, 11, 13], "neighbors": [35, 34, 37, 3, 18, 36, 10, 30, 8]}, {"capacity": 278, "impossibleCargos": [3, 14], "neighbors": [16, 0, 28, 20, 25, 6, 4]}]}