{"volumes": [226, 811, 1261, 511, 508, 1281, 1410, 717, 394, 534, 196, 271, 235, 212, 814], "conflicts": [[0, 4], [0, 7], [0, 8], [0, 12], [1, 8], [2, 10], [3, 4], [3, 11], [7, 10], [7, 11], [8, 11], [8, 14], [9, 13], [12, 13], [13, 14]], "tanks": [{"capacity": 234, "impossibleCargos": [3, 4, 6, 9, 11, 12, 13, 14], "neighbors": [13, 16, 4, 7, 24, 27, 18, 25, 23]}, {"capacity": 294, "impossibleCargos": [2, 7, 8, 10, 13, 14], "neighbors": [10, 18, 15, 23, 21, 36, 27, 22]}, {"capacity": 282, "impossibleCargos": [3, 6, 8, 9, 10], "neighbors": [39, 8, 16, 21, 26]}, {"capacity": 232, "impossibleCargos": [3, 4, 6, 8, 10, 11], "neighbors": [15, 31, 19, 20, 38, 29, 6, 36, 22, 9, 21, 27, 8, 13, 32]}, {"capacity": 229, "impossibleCargos": [1, 2, 3, 7, 8, 9, 11, 14], "neighbors": [21, 0, 7, 37, 32, 26, 23, 36, 29]}, {"capacity": 215, "impossibleCargos": [0, 1, 3, 4, 6, 7, 9, 11, 12, 13, 14], "neighbors": [38, 39, 9, 15, 25, 18, 6, 16, 8]}, {"capacity": 292, "impossibleCargos": [4, 5, 6, 7, 9], "neighbors": [8, 26, 37, 35, 3, 5, 15]}, {"capacity": 206, "impossibleCargos": [2, 4, 8, 10, 11], "neighbors": [33, 4, 0, 11, 31, 37, 16, 38, 10]}, {"capacity": 218, "impossibleCargos": [0, 1, 4, 5, 10, 12], "neighbors": [21, 6, 32, 2, 26, 24, 3, 9, 34, 39, 5]}, {"capacity": 253, "impossibleCargos": [0, 1, 3, 4, 7, 12, 13], "neighbors": [5, 35, 38, 3, 8, 31, 22]}, {"capacity": 283, "impossibleCargos": [0, 2, 3, 6, 7, 10, 11, 13, 14], "neighbors": [1, 31, 29, 18, 37, 16, 17, 21, 11, 22, 7]}, {"capacity": 274, "impossibleCargos": [0, 10, 11, 14], "neighbors": [20, 21, 7, 35, 10, 25]}, {"capacity": 200, "impossibleCargos": [0, 9, 13], "neighbors": [28, 13, 39, 29, 38, 24, 33]}, {"capacity": 218, "impossibleCargos": [0, 1, 7, 10, 11, 13], "neighbors": [0, 25, 28, 12, 34, 29, 16, 22, 37, 3, 27, 33]}, {"capacity": 225, "impossibleCargos": [1, 2, 3, 4, 9], "neighbors": [39, 22, 28, 17, 25, 15, 26]}, {"capacity": 206, "impossibleCargos": [0, 1, 2, 5, 7, 8, 9, 11, 12, 14], "neighbors": [34, 3, 1, 5, 19, 14, 39, 35, 6]}, {"capacity": 251, "impossibleCargos": [0, 1, 3, 4, 5, 6, 10, 11, 13], "neighbors": [38, 0, 23, 33, 13, 19, 2, 10, 31, 37, 7, 36, 5, 34]}, {"capacity": 241, "impossibleCargos": [0, 2, 3, 6, 7, 8, 10, 12], "neighbors": [28, 20, 36, 23, 14, 25, 10, 33, 34]}, {"capacity": 246, "impossibleCargos": [4, 6, 8, 9, 12], "neighbors": [24, 1, 34, 10, 33, 5, 0, 37]}, {"capacity": 292, "impossibleCargos": [2, 3, 8, 9, 12, 13], "neighbors": [31, 3, 23, 15, 16, 35]}, {"capacity": 291, "impossibleCargos": [1, 3, 5, 8, 9, 10, 11, 12, 13, 14], "neighbors": [17, 21, 3, 11, 27, 23, 30]}, {"capacity": 211, "impossibleCargos": [0, 1, 4, 6, 9, 11, 12, 13, 14], "neighbors": [8, 20, 4, 35, 11, 24, 2, 3, 1, 37, 38, 39, 10, 22]}, {"capacity": 201, "impossibleCargos": [3, 6, 9, 12], "neighbors": [26, 36, 35, 14, 3, 29, 13, 39, 21, 10, 9, 1]}, {"capacity": 210, "impossibleCargos": [1, 3, 10, 14], "neighbors": [1, 31, 19, 16, 4, 37, 17, 24, 26, 20, 0]}, {"capacity": 286, "impossibleCargos": [1, 2, 3, 8, 14], "neighbors": [34, 18, 29, 28, 0, 8, 21, 12, 23, 30, 35]}, {"capacity": 300, "impossibleCargos": [3, 4, 9, 11, 14], "neighbors": [13, 5, 38, 17, 14, 27, 37, 11, 0]}, {"capacity": 246, "impossibleCargos": [0, 4, 9, 10, 13], "neighbors": [22, 38, 30, 6, 4, 8, 28, 32, 39, 23, 2, 14]}, {"capacity": 295, "impossibleCargos": [0, 2, 5, 8, 11], "neighbors": [29, 37, 0, 3, 25, 20, 1, 30, 28, 13, 34]}, {"capacity": 232, "impossibleCargos": [3, 6, 7, 8, 9, 12, 13, 14], "neighbors": [17, 13, 12, 38, 14, 37, 24, 26, 29, 27]}, {"capacity": 296, "impossibleCargos": [4, 9, 10, 11, 12, 13, 14], "neighbors": [27, 36, 12, 35, 3, 10, 24, 13, 4, 32, 22, 28, 38]}, {"capacity": 283, "impossibleCargos": [1, 2, 3, 4, 7, 8, 9, 14], "neighbors": [31, 26, 36, 38, 34, 27, 24, 39, 20]}, {"capacity": 261, "impossibleCargos": [2, 9, 14], "neighbors": [30, 19, 3, 23, 10, 7, 16, 37, 9]}, {"capacity": 245, "impossibleCargos": [0, 10, 13, 14], "neighbors": [8, 35, 4, 29, 33, 26, 3]}, {"capacity": 206, "impossibleCargos": [1, 2, 3, 6, 9, 10, 12], "neighbors": [7, 37, 18, 16, 32, 17, 13, 12]}, {"capacity": 270, "impossibleCargos": [1, 4, 7, 8, 11, 12, 14], "neighbors": [24, 15, 18, 13, 38, 30, 8, 27, 17, 16]}, {"capacity": 299, "impossibleCargos": [0, 1, 2, 3, 5, 6, 7, 11, 12, 13], "neighbors": [36, 21, 22, 38, 32, 29, 6, 9, 11, 15, 19, 24]}, {"capacity": 282, "impossibleCargos": [0, 1, 3, 5, 8, 10, 13, 14], "neighbors": [35, 22, 29, 17, 30, 3, 4, 1, 16]}, {"capacity": 278, "impossibleCargos": [0, 1, 6, 8, 10], "neighbors": [33, 4, 6, 28, 10, 23, 27, 21, 7, 18, 25, 31, 16, 13]}, {"capacity": 266, "impossibleCargos": [0, 2, 6, 7, 10, 12, 13, 14], "neighbors": [5, 16, 26, 3, 35, 28, 12, 34, 9, 25, 30, 29, 21, 7]}, {"capacity": 258, "impossibleCargos": [3, 4, 5, 7, 8, 10, 11, 12, 14], "neighbors": [2, 5, 12, 14, 15, 26, 21, 22, 8, 30]}]}