{"volumes": [941, 774, 226, 486, 264, 760, 257, 491, 934, 719, 454, 990, 240, 1235, 779], "conflicts": [[0, 12], [1, 12], [2, 4], [2, 6], [2, 10], [2, 11], [2, 12], [2, 14], [3, 5], [3, 12], [4, 5], [4, 6], [4, 7], [4, 9], [4, 11], [5, 6], [6, 9], [6, 12], [6, 14], [7, 8], [7, 12], [8, 12], [9, 12]], "tanks": [{"capacity": 239, "impossibleCargos": [1, 3, 4, 5, 6, 7, 8, 9, 11, 12, 13, 14], "neighbors": [36, 12, 2, 17, 32, 27, 15, 25, 9, 20, 28, 33]}, {"capacity": 284, "impossibleCargos": [0, 3, 4, 5, 8, 9, 10, 12, 13], "neighbors": [22, 23, 30, 4, 31, 32]}, {"capacity": 231, "impossibleCargos": [3, 4, 5, 6, 8, 9, 11, 12, 13, 14], "neighbors": [0, 32, 28, 25, 17, 26, 8, 36, 33, 21, 23, 15, 20]}, {"capacity": 267, "impossibleCargos": [0, 1, 2, 3, 4, 5, 6, 7, 8, 9, 10, 13], "neighbors": [15, 36, 11, 9, 6, 12, 13]}, {"capacity": 239, "impossibleCargos": [0, 1, 2, 3, 4, 5, 6, 7, 10, 12, 13, 14], "neighbors": [16, 28, 34, 32, 22, 14, 19, 1, 7, 17]}, {"capacity": 269, "impossibleCargos": [0, 1, 3, 4, 5, 8, 9, 10, 11, 12, 14], "neighbors": [21, 12, 26, 17, 19, 37, 33, 22, 18]}, {"capacity": 246, "impossibleCargos": [1, 2, 3, 4, 5, 6, 7, 8, 11, 13, 14], "neighbors": [34, 18, 12, 16, 37, 3, 21, 27]}, {"capacity": 238, "impossibleCargos": [0, 1, 3, 4, 5, 6, 7, 8, 9, 10, 12, 14], "neighbors": [39, 23, 37, 17, 30, 21, 24, 26, 32, 12, 31, 4]}, {"capacity": 218, "impossibleCargos": [0, 3, 4, 5, 6, 7, 10, 11, 12, 13], "neighbors": [11, 29, 23, 37, 30, 17, 2, 31]}, {"capacity": 276, "impossibleCargos": [0, 3, 7, 8, 9, 10, 11, 12, 13], "neighbors": [21, 20, 0, 19, 3, 37, 22, 29, 12]}, {"capacity": 235, "impossibleCargos": [0, 2, 3, 4, 5, 9, 11, 12, 13, 14], "neighbors": [36, 32, 29, 15, 28]}, {"capacity": 289, "impossibleCargos": [0, 2, 5, 6, 7, 8, 9, 10, 12, 13, 14], "neighbors": [8, 25, 35, 15, 3, 33]}, {"capacity": 213, "impossibleCargos": [0, 1, 2, 3, 4, 7, 8, 10, 11, 12, 14], "neighbors": [0, 5, 6, 32, 7, 22, 3, 9, 23]}, {"capacity": 251, "impossibleCargos": [0, 1, 2, 3, 4, 5, 7, 9, 10, 12, 13, 14], "neighbors": [17, 14, 30, 34, 36, 3, 32, 24, 33]}, {"capacity": 286, "impossibleCargos": [0, 1, 2, 3, 4, 7, 8, 9, 10, 12, 13, 14], "neighbors": [16, 13, 37, 34, 25, 4, 32]}, {"capacity": 264, "impossibleCargos": [0, 1, 2, 3, 4, 5, 7, 8, 10, 11, 14], "neighbors": [3, 28, 38, 0, 11, 29, 20, 31, 26, 2, 10, 37, 17]}, {"capacity": 250, "impossibleCargos": [0, 1, 2, 6, 7, 11, 12, 13], "neighbors": [14, 6, 4, 31, 29, 39]}, {"capacity": 277, "impossibleCargos": [1, 4, 5, 6, 9, 11, 13, 14], "neighbors": [31, 0, 34, 7, 13, 5, 8, 2, 35, 29, 21, 15, 4, 22]}, {"capacity": 273, "impossibleCargos": [1, 2, 4, 5, 9, 10, 11, 12, 13, 14], "neighbors": [20, 34, 6, 25, 22, 5, 30, 24]}, {"capacity": 288, "impossibleCargos": [0, 3, 5, 6, 8, 9, 10, 12, 14], "neighbors": [26, 31, 22, 20, 5, 34, 9, 4, 35, 30]}, {"capacity": 213, "impossibleCargos": [0, 1, 4, 5, 9, 10, 12, 13], "neighbors": [18, 19, 9, 34, 15, 22, 30, 25, 31, 36, 0, 2]}, {"capacity": 269, "impossibleCargos": [2, 4, 5, 6, 7, 8, 10, 11, 12, 13, 14], "neighbors": [5, 37, 7, 30, 9, 22, 39, 29, 32, 2, 17, 6]}, {"capacity": 201, "impossibleCargos": [1, 2, 3, 4, 5, 6, 7, 8, 11, 12, 13, 14], "neighbors": [25, 1, 19, 37, 21, 28, 18, 20, 32, 5, 4, 9, 12, 17]}, {"capacity": 292, "impossibleCargos": [3, 4, 5, 7, 8, 10, 11, 12, 13, 14], "neighbors": [7, 28, 24, 8, 32, 1, 38, 26, 2, 12]}, {"capacity": 256, "impossibleCargos": [0, 2, 3, 4, 5, 6, 7, 8, 10, 11, 12, 14], "neighbors": [23, 31, 7, 38, 35, 28, 39, 13, 18]}, {"capacity": 248, "impossibleCargos": [0, 2, 4, 6, 9, 10, 12, 13], "neighbors": [22, 11, 39, 2, 0, 18, 14, 20, 32, 35]}, {"capacity": 241, "impossibleCargos": [0, 2, 3, 4, 6, 9, 10, 11, 12, 14], "neighbors": [19, 5, 7, 36, 2, 28, 23, 15, 34]}, {"capacity": 207, "impossibleCargos": [0, 1, 2, 3, 4, 5, 6, 10, 14], "neighbors": [0, 37, 33, 39, 6]}, {"capacity": 270, "impossibleCargos": [0, 1, 2, 4, 6, 7, 8, 10, 11, 12, 13, 14], "neighbors": [2, 23, 30, 15, 4, 22, 26, 24, 0, 10]}, {"capacity": 292, "impossibleCargos": [0, 1, 3, 6, 8, 9, 10, 11, 12, 13, 14], "neighbors": [8, 34, 37, 32, 15, 16, 10, 21, 17, 9]}, {"capacity": 253, "impossibleCargos": [0, 1, 2, 4, 5, 6, 7, 8, 9, 10, 11, 12], "neighbors": [28, 7, 21, 8, 13, 35, 20, 36, 1, 19, 18]}, {"capacity": 280, "impossibleCargos": [0, 2, 3, 4, 5, 6, 7, 10, 11, 13, 14], "neighbors": [19, 17, 37, 24, 33, 16, 7, 15, 20, 8, 1]}, {"capacity": 268, "impossibleCargos": [0, 1, 3, 4, 5, 6, 9, 11, 12, 13, 14], "neighbors": [33, 2, 0, 10, 23, 12, 29, 7, 34, 4, 22, 21, 25, 13, 37, 14, 1]}, {"capacity": 243, "impossibleCargos": [2, 3, 4, 5, 6, 7, 8, 10, 11, 12, 14], "neighbors": [32, 34, 37, 31, 27, 5, 2, 11, 0, 13]}, {"capacity": 250, "impossibleCargos": [0, 1, 2, 3, 4, 5, 6, 8, 9, 10, 11, 12, 14], "neighbors": [33, 17, 18, 29, 6, 14, 19, 4, 20, 32, 13, 37, 26, 35]}, {"capacity": 271, "impossibleCargos": [0, 1, 2, 3, 5, 6, 7, 10, 11, 12, 14], "neighbors": [11, 30, 17, 24, 19, 39, 34, 25]}, {"capacity": 241, "impossibleCargos": [0, 1, 2, 3, 5, 6, 7, 9, 10, 11, 12, 14], "neighbors": [0, 10, 3, 26, 2, 30, 20, 13, 38]}, {"capacity": 216, "impossibleCargos": [0, 1, 2, 4, 5, 6, 7, 8, 9, 10, 11, 12, 13, 14], "neighbors": [38, 21, 7, 31, 22, 33, 8, 27, 14, 29, 5, 6, 9, 34, 15, 32]}, {"capacity": 282, "impossibleCargos": [0, 2, 3, 4, 6, 7, 8, 9, 10, 14], "neighbors": [37, 15, 23, 24, 36]}, {"capacity": 232, "impossibleCargos": [0, 1, 5, 7, 8, 9, 10, 12, 13, 14], "neighbors": [7, 25, 21, 24, 35, 27, 16]}]}