{"volumes": [269, 503, 514, 414, 689, 950, 1030, 1277, 190, 1033, 495, 744, 271, 201, 912], "conflicts": [[4, 8], [8, 13]], "tanks": [{"capacity": 286, "impossibleCargos": [3, 8], "neighbors": [29, 16, 6, 32, 10, 1, 4, 33, 22, 24, 28, 31, 30, 11, 8, 34]}, {"capacity": 272, "impossibleCargos": [8, 11, 12], "neighbors": [27, 38, 19, 14, 30, 12, 37, 35, 10, 0, 4, 3, 33, 31, 9, 22, 7, 28, 29, 21, 2, 6]}, {"capacity": 272, "impossibleCargos": [4, 11], "neighbors": [14, 27, 4, 24, 25, 9, 28, 15, 12, 21, 26, 20, 35, 39, 7, 31, 8, 1, 36]}, {"capacity": 281, "impossibleCargos": [5], "neighbors": [22, 30, 15, 24, 20, 9, 26, 1, 23, 14, 27, 17, 21, 31, 10, 6, 34]}, {"capacity": 296, "impossibleCargos": [0, 7, 8, 13], "neighbors": [23, 18, 35, 25, 2, 10, 34, 0, 1, 32, 15, 24, 11, 13, 36, 8, 28, 12, 6, 39, 9, 14]}, {"capacity": 264, "impossibleCargos": [1, 6, 9, 14], "neighbors": [28, 10, 16, 25, 24, 32, 35, 7, 38, 29, 15, 17]}, {"capacity": 203, "impossibleCargos": [0, 3, 4, 8], "neighbors": [28, 25, 33, 30, 0, 7, 18, 9, 38, 12, 29, 20, 37, 35, 15, 16, 24, 19, 34, 23, 4, 22, 1, 3]}, {"capacity": 207, "impossibleCargos": [1, 3, 5, 9, 10], "neighbors": [29, 17, 24, 27, 6, 10, 37, 30, 34, 39, 16, 11, 36, 5, 1, 20, 12, 31, 23, 28, 2, 15, 38, 22]}, {"capacity": 205, "impossibleCargos": [1, 2, 3, 12, 13], "neighbors": [22, 34, 36, 33, 29, 15, 38, 11, 23, 4, 2, 28, 37, 27, 13, 0, 26]}, {"capacity": 258, "impossibleCargos": [5, 9, 10], "neighbors": [39, 11, 36, 3, 2, 6, 37, 18, 20, 26, 19, 34, 1, 15, 12, 16, 21, 4]}, {"capacity": 244, "impossibleCargos": [2, 7, 8, 10, 11, 12], "neighbors": [26, 12, 33, 23, 11, 5, 7, 24, 36, 4, 19, 15, 1, 0, 22, 17, 18, 25, 32, 29, 27, 28, 3]}, {"capacity": 276, "impossibleCargos": [2, 3, 8, 9, 14], "neighbors": [32, 20, 23, 14, 9, 30, 10, 34, 37, 33, 19, 7, 4, 27, 39, 8, 0, 22, 36, 15, 12]}, {"capacity": 255, "impossibleCargos": [2, 7, 9, 11], "neighbors": [14, 10, 6, 38, 1, 30, 2, 23, 36, 21, 32, 7, 9, 4, 19, 13, 11, 18]}, {"capacity": 283, "impossibleCargos": [4, 11, 12, 13, 14], "neighbors": [27, 24, 30, 39, 20, 35, 33, 25, 31, 23, 38, 4, 34, 17, 29, 28, 12, 19, 8]}, {"capacity": 300, "impossibleCargos": [0, 7, 12], "neighbors": [2, 32, 12, 24, 11, 37, 1, 15, 30, 38, 22, 23, 21, 17, 3, 18, 27, 39, 25, 28, 36, 20, 4]}, {"capacity": 247, "impossibleCargos": [0, 8, 9, 11, 13], "neighbors": [32, 18, 24, 3, 27, 14, 39, 2, 10, 37, 6, 4, 8, 9, 22, 7, 23, 26, 11, 5, 19]}, {"capacity": 294, "impossibleCargos": [0, 4, 10, 12, 13], "neighbors": [38, 0, 5, 26, 30, 7, 28, 35, 6, 29, 18, 33, 22, 9]}, {"capacity": 257, "impossibleCargos": [7], "neighbors": [7, 30, 21, 36, 10, 14, 33, 3, 39, 38, 13, 19, 35, 37, 5]}, {"capacity": 283, "impossibleCargos": [2, 7, 10], "neighbors": [4, 15, 39, 6, 19, 9, 32, 22, 38, 35, 30, 16, 26, 14, 10, 37, 24, 21, 20, 12, 36]}, {"capacity": 203, "impossibleCargos": [2, 3, 5, 6, 8, 9, 12], "neighbors": [25, 38, 1, 24, 18, 10, 11, 9, 30, 39, 6, 36, 33, 35, 12, 13, 26, 17, 28, 15]}, {"capacity": 296, "impossibleCargos": [9, 11, 14], "neighbors": [11, 13, 3, 33, 9, 6, 36, 2, 21, 7, 32, 30, 34, 14, 18, 22, 31]}, {"capacity": 264, "impossibleCargos": [7], "neighbors": [26, 39, 37, 30, 23, 2, 17, 14, 12, 38, 25, 20, 3, 22, 24, 1, 18, 9, 35]}, {"capacity": 210, "impossibleCargos": [0, 6], "neighbors": [27, 3, 28, 8, 30, 35, 32, 18, 14, 10, 0, 1, 36, 31, 34, 21, 38, 15, 25, 11, 6, 7, 16, 33, 20]}, {"capacity": 262, "impossibleCargos": [1, 10], "neighbors": [4, 10, 11, 34, 21, 38, 27, 26, 30, 13, 14, 25, 12, 35, 3, 7, 8, 32, 6, 15, 33, 28]}, {"capacity": 261, "impossibleCargos": [1, 3, 4, 6, 9, 10, 11, 14], "neighbors": [37, 36, 13, 7, 14, 33, 2, 15, 3, 19, 29, 30, 10, 38, 5, 25, 0, 4, 6, 26, 21, 18, 32]}, {"capacity": 271, "impossibleCargos": [5, 10, 14], "neighbors": [6, 31, 4, 19, 2, 27, 13, 5, 23, 33, 24, 21, 32, 39, 22, 10, 14]}, {"capacity": 212, "impossibleCargos": [0, 5, 6, 9], "neighbors": [10, 36, 21, 9, 23, 16, 2, 3, 18, 29, 24, 15, 38, 19, 35, 37, 8]}, {"capacity": 200, "impossibleCargos": [11, 12, 14], "neighbors": [22, 2, 13, 1, 7, 15, 34, 23, 37, 25, 35, 36, 3, 29, 11, 14, 10, 8, 39]}, {"capacity": 269, "impossibleCargos": [5, 10, 13], "neighbors": [6, 22, 5, 34, 2, 39, 33, 16, 37, 31, 38, 0, 1, 7, 35, 4, 14, 8, 13, 10, 23, 19]}, {"capacity": 242, "impossibleCargos": [4, 11], "neighbors": [0, 7, 24, 6, 8, 37, 16, 27, 26, 1, 31, 10, 13, 5, 35]}, {"capacity": 297, "impossibleCargos": [12], "neighbors": [3, 6, 13, 17, 21, 22, 11, 1, 24, 7, 14, 12, 23, 39, 16, 37, 19, 18, 31, 0, 20, 34, 32]}, {"capacity": 286, "impossibleCargos": [0, 11, 13], "neighbors": [38, 25, 34, 39, 13, 28, 1, 22, 7, 0, 30, 2, 29, 3, 20]}, {"capacity": 299, "impossibleCargos": [6], "neighbors": [11, 14, 15, 37, 22, 0, 18, 35, 36, 5, 4, 38, 12, 25, 20, 10, 23, 30, 24]}, {"capacity": 216, "impossibleCargos": [9, 12], "neighbors": [10, 6, 24, 38, 20, 13, 8, 28, 11, 25, 0, 1, 17, 16, 19, 35, 23, 22]}, {"capacity": 223, "impossibleCargos": [0, 3, 6, 7], "neighbors": [38, 31, 23, 28, 8, 27, 35, 11, 7, 4, 9, 22, 13, 30, 6, 20, 0, 3]}, {"capacity": 285, "impossibleCargos": [2, 5, 6, 14], "neighbors": [4, 22, 34, 13, 32, 27, 18, 1, 6, 16, 23, 5, 2, 28, 33, 19, 17, 26, 29, 21, 36]}, {"capacity": 242, "impossibleCargos": [1], "neighbors": [26, 24, 38, 9, 37, 10, 20, 27, 8, 32, 17, 12, 7, 22, 4, 19, 11, 14, 2, 35, 18]}, {"capacity": 297, "impossibleCargos": [4, 6, 11, 13, 14], "neighbors": [24, 32, 21, 39, 14, 9, 7, 1, 6, 27, 36, 11, 30, 15, 28, 29, 18, 8, 17, 26]}, {"capacity": 255, "impossibleCargos": [3, 4, 5, 12], "neighbors": [16, 31, 34, 36, 1, 19, 33, 6, 39, 23, 12, 18, 24, 14, 21, 32, 13, 28, 8, 17, 22, 7, 5, 26]}, {"capacity": 223, "impossibleCargos": [10, 12], "neighbors": [9, 21, 31, 18, 13, 37, 38, 15, 7, 30, 28, 25, 19, 11, 17, 2, 14, 4, 27]}]}