{"volumes": [710, 518, 436, 446, 968, 441, 502, 935, 618, 997, 778, 504, 0, 983, 533], "conflicts": [[2, 3], [5, 12], [8, 12], [10, 12], [12, 13]], "tanks": [{"capacity": 217, "impossibleCargos": [8, 9, 12], "neighbors": [30, 7, 27, 24, 39, 11, 22, 18, 12, 29, 5, 38, 26, 8, 16, 33, 6, 35, 23, 37]}, {"capacity": 264, "impossibleCargos": [1, 8, 12, 13], "neighbors": [15, 24, 21, 31, 20, 8, 11, 4, 39, 27, 18, 13, 25, 9, 19, 22, 33, 37, 38, 36]}, {"capacity": 251, "impossibleCargos": [3, 11, 13], "neighbors": [23, 5, 14, 21, 8, 3, 26, 17, 38, 12, 39, 37, 34, 20, 7, 31, 35, 9]}, {"capacity": 223, "impossibleCargos": [0, 11, 12, 14], "neighbors": [6, 32, 10, 8, 19, 7, 17, 20, 2, 37, 4, 36, 15, 25, 13, 22, 11, 34, 28, 12, 26]}, {"capacity": 200, "impossibleCargos": [4, 5, 10, 14], "neighbors": [16, 36, 34, 11, 5, 14, 17, 8, 26, 1, 15, 7, 3, 33, 12, 20, 25, 9, 31, 18, 19, 38]}, {"capacity": 256, "impossibleCargos": [1, 3, 11], "neighbors": [17, 4, 31, 2, 29, 14, 15, 11, 27, 7, 37, 38, 6, 8, 0, 16, 18, 30, 36, 26, 10]}, {"capacity": 297, "impossibleCargos": [0, 4, 7, 13], "neighbors": [3, 15, 28, 25, 19, 32, 12, 30, 5, 13, 10, 16, 0, 37, 31, 9, 39, 8, 23]}, {"capacity": 209, "impossibleCargos": [1, 3, 11], "neighbors": [13, 17, 0, 28, 35, 3, 9, 31, 5, 23, 36, 27, 4, 33, 11, 18, 19, 38, 10, 8, 21, 29, 12, 2, 22, 14]}, {"capacity": 300, "impossibleCargos": [1, 13, 14], "neighbors": [26, 10, 36, 3, 1, 4, 29, 2, 18, 31, 15, 5, 22, 13, 30, 38, 25, 0, 7, 24, 6, 12]}, {"capacity": 291, "impossibleCargos": [8, 11, 12, 14], "neighbors": [33, 14, 7, 24, 1, 32, 4, 10, 18, 31, 21, 6, 23, 2, 16]}, {"capacity": 299, "impossibleCargos": [0, 8], "neighbors": [16, 3, 29, 8, 24, 23, 15, 37, 6, 33, 17, 20, 36, 9, 7, 5, 38, 12]}, {"capacity": 299, "impossibleCargos": [3, 9], "neighbors": [15, 4, 12, 39, 5, 1, 0, 24, 7, 36, 38, 21, 18, 17, 13, 3, 26, 16, 33, 25, 20]}, {"capacity": 245, "impossibleCargos": [1, 2, 8], "neighbors": [11, 38, 35, 19, 6, 0, 32, 24, 4, 29, 2, 23, 34, 39, 13, 7, 20, 18, 30, 3, 10, 8]}, {"capacity": 228, "impossibleCargos": [], "neighbors": [7, 29, 26, 39, 23, 34, 1, 6, 8, 19, 27, 30, 31, 11, 12, 17, 3, 32, 15, 38]}, {"capacity": 215, "impossibleCargos": [5, 14], "neighbors": [16, 27, 4, 2, 9, 5, 33, 34, 35, 31, 26, 36, 20, 21, 7, 19]}, {"capacity": 281, "impossibleCargos": [1, 4, 9, 11], "neighbors": [11, 1, 6, 17, 27, 28, 5, 4, 10, 8, 3, 19, 26, 20, 23, 29, 13, 16, 34, 32, 39]}, {"capacity": 228, "impossibleCargos": [0, 1, 3, 7, 8, 12, 13, 14], "neighbors": [14, 10, 4, 32, 27, 34, 24, 21, 25, 36, 17, 5, 0, 6, 20, 22, 33, 31, 15, 39, 11, 19, 38, 9]}, {"capacity": 225, "impossibleCargos": [0, 3, 7, 10, 14], "neighbors": [31, 5, 7, 15, 4, 3, 37, 38, 26, 39, 20, 25, 10, 2, 28, 16, 11, 13, 27]}, {"capacity": 246, "impossibleCargos": [3, 7, 8, 9, 14], "neighbors": [8, 0, 1, 7, 37, 23, 36, 25, 31, 26, 33, 39, 34, 11, 4, 9, 5, 24, 12, 22]}, {"capacity": 249, "impossibleCargos": [1, 6, 7, 9, 14], "neighbors": [34, 27, 31, 3, 6, 12, 20, 7, 38, 13, 1, 15, 22, 4, 14, 16, 29]}, {"capacity": 274, "impossibleCargos": [3, 4, 6, 8, 12, 14], "neighbors": [1, 32, 3, 19, 26, 17, 10, 4, 15, 22, 16, 37, 2, 14, 23, 38, 12, 31, 11]}, {"capacity": 279, "impossibleCargos": [7, 8], "neighbors": [1, 27, 2, 16, 24, 25, 11, 35, 9, 7, 33, 14, 26, 30, 34, 36, 38]}, {"capacity": 204, "impossibleCargos": [5, 14], "neighbors": [35, 39, 0, 33, 25, 8, 1, 20, 26, 19, 16, 3, 7, 23, 30, 18]}, {"capacity": 290, "impossibleCargos": [0, 3, 5, 10, 11], "neighbors": [29, 2, 30, 35, 38, 25, 34, 13, 7, 10, 39, 18, 37, 12, 24, 26, 15, 20, 9, 0, 32, 22, 6]}, {"capacity": 248, "impossibleCargos": [7, 12], "neighbors": [31, 33, 1, 16, 10, 21, 0, 11, 9, 12, 35, 23, 18, 25, 8, 32]}, {"capacity": 297, "impossibleCargos": [0, 5, 8, 10, 11, 12], "neighbors": [28, 26, 27, 6, 23, 16, 22, 1, 18, 21, 17, 8, 4, 37, 3, 32, 38, 24, 11]}, {"capacity": 263, "impossibleCargos": [6, 8, 9], "neighbors": [8, 25, 13, 4, 38, 27, 17, 2, 31, 20, 18, 15, 0, 22, 23, 14, 21, 5, 33, 11, 28, 3]}, {"capacity": 202, "impossibleCargos": [4, 9, 10, 12], "neighbors": [36, 14, 25, 15, 16, 19, 21, 0, 5, 1, 7, 38, 28, 32, 26, 13, 39, 17, 30]}, {"capacity": 229, "impossibleCargos": [2, 4, 6, 13, 14], "neighbors": [25, 6, 15, 7, 38, 27, 30, 17, 29, 26, 3]}, {"capacity": 206, "impossibleCargos": [0, 1, 9, 11], "neighbors": [23, 13, 10, 5, 33, 8, 36, 31, 32, 39, 12, 0, 37, 30, 7, 15, 28, 19]}, {"capacity": 263, "impossibleCargos": [4, 8, 9, 11, 14], "neighbors": [0, 23, 33, 6, 32, 34, 31, 28, 8, 13, 37, 5, 29, 27, 22, 12, 21, 38]}, {"capacity": 259, "impossibleCargos": [2, 11, 13], "neighbors": [17, 24, 5, 1, 19, 7, 8, 29, 26, 30, 37, 18, 13, 14, 4, 9, 34, 6, 16, 2, 38, 35, 20, 33]}, {"capacity": 212, "impossibleCargos": [0, 3, 7, 9], "neighbors": [3, 38, 16, 6, 35, 36, 20, 30, 27, 39, 12, 29, 9, 25, 13, 23, 15, 24]}, {"capacity": 237, "impossibleCargos": [3, 6, 7, 10], "neighbors": [24, 9, 30, 29, 35, 7, 22, 38, 14, 10, 4, 18, 0, 21, 16, 1, 26, 11, 31]}, {"capacity": 221, "impossibleCargos": [], "neighbors": [19, 4, 16, 35, 23, 36, 13, 30, 37, 14, 38, 18, 12, 2, 31, 15, 3, 21]}, {"capacity": 298, "impossibleCargos": [1, 9, 11], "neighbors": [38, 23, 22, 7, 34, 12, 33, 32, 14, 21, 24, 2, 0, 31, 37]}, {"capacity": 289, "impossibleCargos": [7, 10, 13, 14], "neighbors": [27, 4, 8, 34, 32, 7, 29, 39, 16, 18, 37, 11, 10, 3, 14, 5, 1, 21]}, {"capacity": 292, "impossibleCargos": [2, 6, 12, 13, 14], "neighbors": [39, 17, 5, 18, 3, 10, 34, 31, 38, 23, 36, 25, 29, 30, 2, 20, 6, 1, 35, 0]}, {"capacity": 250, "impossibleCargos": [7, 9], "neighbors": [32, 35, 23, 12, 28, 26, 5, 17, 27, 33, 39, 37, 11, 8, 19, 7, 2, 34, 0, 25, 20, 13, 31, 1, 10, 4, 16, 30, 21]}, {"capacity": 291, "impossibleCargos": [4, 13, 14], "neighbors": [37, 13, 11, 22, 0, 1, 32, 17, 38, 23, 36, 29, 18, 2, 12, 27, 6, 16, 15]}]}