{"volumes": [211, 224, 0, 612, 1268, 658, 201, 761, 1135, 676, 389, 1136, 219, 639, 461], "conflicts": [[0, 12], [1, 10], [2, 4], [2, 5], [2, 6], [2, 7], [2, 10], [2, 11], [3, 12]], "tanks": [{"capacity": 237, "impossibleCargos": [0, 3, 4, 6, 12], "neighbors": [19, 33, 37, 35, 9, 20, 26, 11, 34, 8, 14, 16, 2, 22, 18, 3, 38, 15]}, {"capacity": 260, "impossibleCargos": [0, 6, 10, 14], "neighbors": [38, 12, 7, 22, 2, 28, 26, 3, 14, 39, 16, 21, 31, 6, 9, 29, 19, 20, 37, 27, 36]}, {"capacity": 218, "impossibleCargos": [8, 12], "neighbors": [3, 15, 1, 10, 38, 9, 17, 24, 11, 4, 30, 37, 27, 16, 31, 32, 23, 0, 14, 33, 6]}, {"capacity": 223, "impossibleCargos": [0, 6, 14], "neighbors": [2, 38, 35, 21, 12, 31, 14, 37, 1, 9, 39, 26, 23, 13, 10, 20, 27, 32, 36, 24, 6, 0, 28]}, {"capacity": 293, "impossibleCargos": [2, 4, 8], "neighbors": [37, 5, 30, 23, 20, 16, 13, 2, 17, 11, 36, 39, 29, 32, 15, 14]}, {"capacity": 208, "impossibleCargos": [3, 4, 9, 14], "neighbors": [8, 4, 31, 11, 9, 38, 37, 12, 18, 27, 14, 21, 35, 13, 20, 25, 28, 10]}, {"capacity": 300, "impossibleCargos": [4, 13, 14], "neighbors": [14, 22, 9, 27, 39, 32, 30, 15, 1, 13, 19, 34, 35, 18, 3, 2, 29, 17]}, {"capacity": 203, "impossibleCargos": [0, 4, 5, 12, 14], "neighbors": [23, 28, 11, 1, 34, 35, 18, 27, 37, 22, 15, 39, 10, 29, 32, 30, 16, 38, 26, 25, 24]}, {"capacity": 202, "impossibleCargos": [3, 6, 7, 9, 11, 12], "neighbors": [5, 22, 36, 38, 26, 18, 37, 11, 0, 27, 10, 20, 23, 39, 25, 16, 17, 19]}, {"capacity": 206, "impossibleCargos": [13], "neighbors": [21, 30, 18, 38, 34, 6, 5, 25, 2, 3, 27, 20, 0, 24, 23, 1, 32, 31, 13, 26, 36]}, {"capacity": 201, "impossibleCargos": [1, 5, 7, 8, 14], "neighbors": [20, 27, 39, 26, 35, 17, 2, 22, 19, 38, 12, 13, 23, 3, 34, 7, 8, 15, 25, 14, 37, 5]}, {"capacity": 223, "impossibleCargos": [6, 7], "neighbors": [19, 33, 28, 5, 7, 16, 2, 8, 4, 29, 0, 18, 31, 37, 36, 24]}, {"capacity": 244, "impossibleCargos": [1, 5, 6, 7, 13], "neighbors": [1, 17, 3, 26, 31, 36, 30, 24, 5, 10, 22, 18, 14, 28, 19, 33]}, {"capacity": 223, "impossibleCargos": [13], "neighbors": [29, 27, 19, 38, 4, 30, 10, 3, 6, 32, 23, 24, 17, 5, 9, 15, 22]}, {"capacity": 227, "impossibleCargos": [5, 6, 7, 8, 9, 13], "neighbors": [24, 39, 35, 6, 3, 18, 1, 36, 33, 25, 12, 5, 0, 38, 32, 10, 27, 2, 4, 29]}, {"capacity": 204, "impossibleCargos": [3, 6, 8, 9, 11], "neighbors": [2, 21, 25, 34, 33, 23, 6, 24, 19, 36, 7, 29, 16, 10, 38, 18, 4, 13, 39, 0]}, {"capacity": 224, "impossibleCargos": [1, 10], "neighbors": [22, 30, 20, 32, 4, 17, 11, 1, 24, 38, 37, 2, 18, 25, 36, 0, 15, 23, 29, 7, 8, 33]}, {"capacity": 235, "impossibleCargos": [0, 1, 9, 13], "neighbors": [12, 39, 10, 22, 27, 16, 2, 20, 28, 4, 34, 30, 13, 25, 23, 8, 35, 31, 6]}, {"capacity": 216, "impossibleCargos": [9, 14], "neighbors": [9, 26, 39, 37, 14, 25, 8, 34, 31, 24, 21, 7, 5, 12, 30, 16, 11, 15, 6, 0, 33]}, {"capacity": 243, "impossibleCargos": [13], "neighbors": [11, 0, 31, 13, 32, 10, 21, 25, 39, 15, 29, 20, 6, 38, 1, 12, 8]}, {"capacity": 238, "impossibleCargos": [4, 7, 9], "neighbors": [10, 28, 33, 16, 4, 26, 17, 39, 9, 0, 19, 3, 36, 21, 34, 31, 27, 1, 8, 25, 5]}, {"capacity": 294, "impossibleCargos": [5], "neighbors": [9, 34, 15, 23, 30, 3, 33, 24, 19, 1, 36, 18, 28, 5, 20, 39, 35]}, {"capacity": 209, "impossibleCargos": [4, 7, 13], "neighbors": [8, 1, 34, 16, 6, 17, 27, 10, 37, 24, 12, 31, 35, 7, 25, 39, 0, 13]}, {"capacity": 255, "impossibleCargos": [4, 9], "neighbors": [7, 25, 21, 4, 15, 33, 31, 35, 27, 10, 3, 36, 9, 38, 13, 28, 34, 2, 8, 26, 16, 17]}, {"capacity": 283, "impossibleCargos": [5, 9], "neighbors": [14, 32, 30, 12, 31, 2, 21, 18, 15, 22, 35, 29, 16, 38, 9, 33, 37, 13, 34, 3, 11, 26, 7]}, {"capacity": 258, "impossibleCargos": [2], "neighbors": [23, 33, 15, 9, 39, 18, 34, 30, 19, 28, 32, 36, 14, 22, 38, 16, 17, 26, 20, 10, 8, 5, 7]}, {"capacity": 239, "impossibleCargos": [1, 5, 12], "neighbors": [18, 10, 34, 12, 1, 8, 20, 33, 3, 0, 28, 36, 27, 25, 23, 39, 9, 7, 24]}, {"capacity": 202, "impossibleCargos": [1, 5, 6, 7], "neighbors": [10, 29, 13, 6, 22, 17, 39, 30, 35, 9, 23, 28, 2, 7, 5, 3, 26, 8, 20, 38, 14, 1]}, {"capacity": 283, "impossibleCargos": [3], "neighbors": [7, 11, 20, 1, 17, 25, 21, 35, 27, 26, 12, 23, 31, 5, 3]}, {"capacity": 205, "impossibleCargos": [6, 9], "neighbors": [33, 13, 27, 30, 24, 37, 11, 19, 1, 4, 15, 7, 16, 14, 38, 6]}, {"capacity": 201, "impossibleCargos": [6, 13, 14], "neighbors": [32, 9, 21, 4, 16, 29, 12, 27, 24, 25, 34, 6, 2, 13, 18, 31, 17, 33, 35, 7]}, {"capacity": 290, "impossibleCargos": [5, 13], "neighbors": [33, 34, 5, 3, 19, 12, 36, 24, 18, 1, 23, 35, 22, 30, 2, 11, 20, 28, 37, 9, 32, 39, 17]}, {"capacity": 204, "impossibleCargos": [1, 4, 5, 11], "neighbors": [30, 24, 16, 19, 34, 6, 25, 38, 13, 2, 3, 9, 14, 4, 7, 31, 36]}, {"capacity": 204, "impossibleCargos": [0, 1, 12], "neighbors": [31, 29, 11, 20, 25, 38, 34, 0, 15, 21, 23, 36, 26, 14, 24, 30, 18, 2, 12, 16]}, {"capacity": 202, "impossibleCargos": [0, 1, 6, 7, 10, 14], "neighbors": [31, 21, 9, 37, 26, 22, 15, 33, 7, 25, 18, 32, 30, 10, 39, 0, 20, 17, 23, 6, 24]}, {"capacity": 293, "impossibleCargos": [0, 2, 3, 6, 7, 9], "neighbors": [39, 3, 14, 10, 37, 0, 27, 7, 24, 23, 28, 31, 22, 5, 6, 30, 21, 17]}, {"capacity": 227, "impossibleCargos": [4, 8], "neighbors": [8, 37, 12, 14, 31, 33, 21, 4, 25, 23, 15, 20, 26, 16, 3, 11, 1, 9, 32]}, {"capacity": 204, "impossibleCargos": [6, 10, 14], "neighbors": [4, 34, 36, 18, 35, 0, 3, 8, 5, 22, 29, 16, 2, 7, 24, 11, 10, 1, 31]}, {"capacity": 224, "impossibleCargos": [11, 12], "neighbors": [1, 9, 3, 8, 33, 2, 13, 5, 10, 16, 24, 32, 23, 19, 25, 14, 15, 27, 7, 29, 0]}, {"capacity": 235, "impossibleCargos": [6], "neighbors": [35, 10, 18, 14, 17, 25, 27, 1, 20, 6, 19, 3, 34, 4, 22, 21, 7, 26, 8, 31, 15]}]}