{"volumes": [805, 726, 0, 217, 1112, 273, 415, 277, 1149, 246, 494, 1201, 200, 892, 1234], "conflicts": [[0, 2], [0, 3], [1, 2], [2, 3], [2, 6], [2, 8], [2, 9], [2, 10], [2, 11], [2, 12], [2, 13], [2, 14], [3, 5], [3, 9], [7, 9], [8, 9]], "tanks": [{"capacity": 273, "impossibleCargos": [0, 2, 6, 10, 11, 13, 14], "neighbors": [3, 20, 18, 31, 36, 6, 35, 30, 15, 28, 2, 26, 38, 23, 27, 24, 16, 8]}, {"capacity": 264, "impossibleCargos": [2, 5, 7], "neighbors": [39, 17, 23, 19, 8, 32, 13, 18, 35, 12, 25, 20, 9, 30, 27]}, {"capacity": 216, "impossibleCargos": [2, 3, 4, 6], "neighbors": [28, 6, 36, 22, 27, 8, 24, 25, 23, 39, 0, 29, 21, 3, 15, 37]}, {"capacity": 284, "impossibleCargos": [11, 14], "neighbors": [6, 38, 29, 0, 25, 21, 27, 22, 26, 5, 23, 34, 20, 7, 15, 4, 30, 2, 14, 39]}, {"capacity": 265, "impossibleCargos": [2, 6, 8, 10, 12], "neighbors": [8, 30, 11, 32, 17, 15, 27, 38, 37, 12, 23, 28, 22, 3, 13]}, {"capacity": 218, "impossibleCargos": [2, 3, 6, 13], "neighbors": [25, 22, 15, 33, 39, 34, 27, 28, 18, 14, 24, 16, 13, 12, 9, 37, 8, 21, 10, 3, 31, 7, 32, 38]}, {"capacity": 297, "impossibleCargos": [4], "neighbors": [3, 15, 29, 36, 2, 30, 26, 0, 24, 11, 17, 37, 27, 8, 32, 39, 16, 13]}, {"capacity": 208, "impossibleCargos": [1, 3, 7, 10], "neighbors": [37, 18, 16, 15, 20, 30, 29, 10, 21, 31, 36, 38, 3, 12, 39, 9, 5, 35]}, {"capacity": 228, "impossibleCargos": [1, 8, 12, 14], "neighbors": [4, 9, 37, 39, 1, 2, 11, 5, 29, 24, 28, 26, 6, 36, 38, 14, 0, 15, 16]}, {"capacity": 241, "impossibleCargos": [3, 5, 13], "neighbors": [11, 8, 39, 26, 15, 5, 16, 38, 18, 28, 20, 19, 35, 21, 25, 31, 22, 1, 7, 37, 36, 23, 12, 17]}, {"capacity": 286, "impossibleCargos": [11], "neighbors": [30, 21, 20, 26, 25, 22, 15, 17, 7, 35, 36, 5, 11, 23, 16, 19, 27, 24, 39]}, {"capacity": 243, "impossibleCargos": [0, 2, 5, 9], "neighbors": [9, 15, 4, 35, 33, 13, 8, 10, 17, 14, 25, 6, 29, 28, 12, 37, 32, 21, 24]}, {"capacity": 256, "impossibleCargos": [6, 7], "neighbors": [25, 5, 39, 20, 16, 23, 33, 36, 4, 31, 38, 1, 18, 7, 11, 14, 27, 9, 26, 22]}, {"capacity": 283, "impossibleCargos": [1, 6], "neighbors": [26, 23, 18, 29, 19, 22, 5, 30, 38, 11, 1, 14, 36, 27, 17, 37, 16, 25, 4, 20, 39, 6]}, {"capacity": 261, "impossibleCargos": [0, 6, 11, 13], "neighbors": [16, 15, 35, 21, 28, 5, 39, 13, 11, 19, 33, 22, 18, 20, 38, 36, 12, 8, 25, 29, 3]}, {"capacity": 202, "impossibleCargos": [4, 6, 7], "neighbors": [6, 36, 5, 11, 14, 9, 23, 7, 38, 4, 10, 29, 37, 34, 22, 0, 32, 3, 27, 8, 35, 39, 2]}, {"capacity": 263, "impossibleCargos": [7, 12], "neighbors": [14, 33, 31, 7, 20, 5, 17, 12, 35, 38, 19, 9, 37, 36, 13, 39, 25, 30, 10, 24, 0, 6, 29, 8]}, {"capacity": 275, "impossibleCargos": [8], "neighbors": [23, 1, 27, 4, 16, 10, 22, 11, 13, 6, 26, 31, 36, 9]}, {"capacity": 276, "impossibleCargos": [12], "neighbors": [7, 13, 5, 0, 33, 28, 38, 1, 9, 30, 25, 29, 14, 12, 37, 27, 36, 31, 19, 39]}, {"capacity": 234, "impossibleCargos": [4, 12], "neighbors": [21, 13, 36, 37, 1, 16, 24, 32, 33, 9, 14, 23, 10, 30, 28, 18, 27, 31]}, {"capacity": 266, "impossibleCargos": [3, 8, 9, 11], "neighbors": [23, 37, 16, 10, 26, 22, 34, 12, 0, 7, 9, 3, 39, 1, 27, 14, 13, 38, 36]}, {"capacity": 286, "impossibleCargos": [5, 9], "neighbors": [28, 19, 33, 14, 10, 26, 31, 3, 22, 32, 7, 5, 9, 27, 37, 2, 29, 30, 11]}, {"capacity": 246, "impossibleCargos": [0, 4, 6, 11, 12, 14], "neighbors": [5, 24, 13, 20, 2, 23, 37, 10, 21, 3, 39, 32, 17, 15, 9, 14, 4, 27, 33, 36, 12]}, {"capacity": 283, "impossibleCargos": [2, 4, 5, 8, 10, 11], "neighbors": [17, 37, 13, 20, 31, 32, 36, 33, 15, 28, 1, 22, 30, 12, 26, 4, 27, 3, 34, 10, 19, 2, 0, 39, 35, 9]}, {"capacity": 278, "impossibleCargos": [0, 9, 10, 11], "neighbors": [22, 31, 5, 30, 39, 29, 6, 19, 33, 2, 37, 8, 16, 0, 10, 11]}, {"capacity": 221, "impossibleCargos": [5], "neighbors": [26, 5, 12, 38, 37, 10, 3, 18, 9, 2, 11, 1, 16, 35, 13, 30, 14, 39]}, {"capacity": 230, "impossibleCargos": [1, 2, 4, 5, 8, 13], "neighbors": [13, 25, 9, 20, 21, 28, 10, 36, 6, 23, 3, 31, 17, 8, 0, 32, 29, 12]}, {"capacity": 256, "impossibleCargos": [1, 5, 11, 14], "neighbors": [31, 5, 17, 28, 3, 2, 4, 13, 23, 36, 33, 20, 22, 18, 21, 6, 0, 30, 15, 10, 19, 32, 1, 12]}, {"capacity": 210, "impossibleCargos": [0, 5, 7, 10, 13], "neighbors": [21, 2, 5, 14, 26, 23, 35, 27, 29, 18, 36, 9, 8, 4, 39, 38, 0, 11, 19, 33]}, {"capacity": 292, "impossibleCargos": [4, 10, 13], "neighbors": [38, 3, 37, 13, 6, 28, 7, 24, 15, 8, 18, 11, 31, 32, 2, 26, 39, 21, 16, 14]}, {"capacity": 223, "impossibleCargos": [0, 4, 5, 7], "neighbors": [4, 10, 6, 24, 32, 13, 23, 7, 0, 18, 39, 16, 3, 19, 34, 1, 25, 27, 21]}, {"capacity": 208, "impossibleCargos": [5, 7, 11], "neighbors": [27, 24, 16, 23, 21, 0, 34, 7, 26, 37, 9, 12, 5, 17, 29, 18, 36, 19]}, {"capacity": 209, "impossibleCargos": [7, 10], "neighbors": [23, 4, 30, 36, 1, 21, 38, 22, 19, 34, 15, 29, 39, 26, 6, 27, 11, 5]}, {"capacity": 230, "impossibleCargos": [0, 1, 13], "neighbors": [5, 21, 16, 23, 11, 37, 18, 12, 24, 19, 14, 27, 28, 34, 22]}, {"capacity": 230, "impossibleCargos": [0, 1, 6, 9, 12, 14], "neighbors": [37, 5, 20, 31, 15, 35, 32, 3, 36, 23, 39, 30, 33]}, {"capacity": 284, "impossibleCargos": [8, 10, 11, 12], "neighbors": [14, 11, 28, 0, 16, 10, 34, 1, 9, 25, 39, 7, 23, 15]}, {"capacity": 222, "impossibleCargos": [0, 3, 5, 7, 8, 10], "neighbors": [15, 6, 2, 23, 26, 19, 32, 0, 10, 28, 12, 13, 7, 16, 34, 27, 14, 17, 18, 20, 8, 31, 22, 9]}, {"capacity": 255, "impossibleCargos": [0, 3, 5], "neighbors": [7, 23, 29, 34, 8, 20, 25, 22, 33, 19, 15, 5, 4, 24, 39, 16, 31, 13, 18, 6, 9, 21, 11, 2]}, {"capacity": 258, "impossibleCargos": [7, 8, 13], "neighbors": [29, 39, 3, 25, 13, 15, 16, 18, 32, 4, 9, 12, 7, 28, 14, 0, 20, 8, 5]}, {"capacity": 272, "impossibleCargos": [1, 2, 3, 8, 11, 12], "neighbors": [1, 38, 9, 5, 8, 14, 12, 24, 22, 37, 30, 28, 20, 7, 16, 2, 34, 35, 32, 6, 29, 23, 18, 10, 13, 15, 25, 3]}]}