{"volumes": [1142, 447, 1032, 947, 684, 0, 472, 1170, 444, 518, 696, 711, 0, 1014, 0], "conflicts": [[0, 5], [0, 12], [0, 14], [1, 5], [2, 12], [3, 5], [3, 12], [3, 14], [4, 12], [4, 14], [5, 8], [5, 10], [5, 11], [5, 12], [5, 13], [6, 14], [7, 12], [7, 14], [8, 14], [9, 12], [11, 12], [11, 14], [12, 14], [13, 14]], "tanks": [{"capacity": 279, "impossibleCargos": [2, 6, 8, 10, 14], "neighbors": [9, 20, 5, 22, 6, 3, 19, 23, 31, 34, 32, 12, 33, 25, 30, 11, 21, 29]}, {"capacity": 241, "impossibleCargos": [1, 2, 3, 4, 5, 6, 7, 8, 9, 10, 12, 13, 14], "neighbors": [36, 21, 37, 20, 13, 38, 8, 31, 39, 14, 29, 22, 12, 32, 10, 28, 4, 30, 33, 17, 27]}, {"capacity": 211, "impossibleCargos": [3, 5, 6, 8, 10, 12, 13], "neighbors": [30, 28, 29, 37, 36, 4, 22, 15, 27, 38, 12, 14, 24]}, {"capacity": 202, "impossibleCargos": [0, 1, 2, 5, 6, 14], "neighbors": [34, 32, 27, 16, 33, 25, 29, 19, 23, 12, 17, 0, 13, 36, 5, 24, 39, 38, 15, 14, 8]}, {"capacity": 232, "impossibleCargos": [0, 3, 5, 6, 8, 10, 11, 12, 13, 14], "neighbors": [31, 15, 20, 25, 35, 11, 2, 16, 23, 33, 12, 1, 34, 30, 9, 29, 7, 38, 36]}, {"capacity": 293, "impossibleCargos": [0, 1, 4, 5, 9, 10, 11], "neighbors": [16, 23, 32, 34, 15, 25, 0, 6, 31, 35, 37, 36, 3, 28, 12, 27, 39, 30, 11]}, {"capacity": 215, "impossibleCargos": [0, 2, 5, 10, 13, 14], "neighbors": [21, 20, 9, 33, 16, 5, 31, 14, 7, 38, 0, 10, 13, 8, 19, 29, 18]}, {"capacity": 242, "impossibleCargos": [1, 8, 9, 10, 11, 12, 13], "neighbors": [18, 17, 20, 21, 13, 39, 36, 25, 19, 37, 6, 23, 11, 32, 9, 14, 28, 8, 26, 4]}, {"capacity": 287, "impossibleCargos": [0, 3, 5, 6, 9, 10, 11, 12, 14], "neighbors": [23, 36, 25, 11, 33, 16, 26, 29, 1, 28, 18, 39, 14, 12, 38, 7, 6, 22, 37, 34, 3, 30, 31]}, {"capacity": 237, "impossibleCargos": [3, 4, 6, 8, 9, 12, 14], "neighbors": [0, 6, 33, 36, 28, 13, 7, 18, 17, 4, 10, 35, 15, 22]}, {"capacity": 243, "impossibleCargos": [1, 2, 3, 4, 7, 8, 11, 14], "neighbors": [33, 22, 29, 39, 18, 30, 11, 27, 21, 35, 1, 6, 24, 36, 26, 9, 20, 31, 28, 17]}, {"capacity": 203, "impossibleCargos": [7, 8, 12], "neighbors": [8, 32, 13, 24, 4, 14, 29, 26, 28, 31, 7, 23, 10, 16, 20, 27, 5, 30, 0, 37]}, {"capacity": 267, "impossibleCargos": [2, 3, 4, 12, 14], "neighbors": [21, 30, 16, 36, 3, 26, 19, 33, 20, 1, 4, 8, 35, 14, 31, 0, 5, 2, 39]}, {"capacity": 239, "impossibleCargos": [0, 1, 2, 4, 9, 10, 12, 14], "neighbors": [22, 14, 18, 39, 11, 7, 1, 24, 36, 19, 9, 3, 33, 38, 6, 31, 23]}, {"capacity": 207, "impossibleCargos": [0, 3, 5, 10, 12], "neighbors": [26, 37, 13, 15, 31, 22, 11, 6, 1, 35, 32, 38, 18, 8, 7, 12, 27, 24, 33, 2, 34, 3, 25]}, {"capacity": 231, "impossibleCargos": [0, 1, 3, 4, 5, 11, 13], "neighbors": [14, 4, 27, 19, 18, 5, 39, 26, 23, 17, 36, 24, 2, 29, 35, 3, 37, 9]}, {"capacity": 286, "impossibleCargos": [1, 2, 3, 6, 8, 10, 13, 14], "neighbors": [31, 5, 28, 34, 3, 12, 26, 8, 23, 6, 32, 27, 20, 4, 36, 11, 21, 37, 18]}, {"capacity": 257, "impossibleCargos": [1, 3, 5, 6, 7, 8, 12, 13, 14], "neighbors": [7, 25, 19, 31, 33, 24, 3, 30, 15, 35, 34, 22, 9, 29, 1, 10]}, {"capacity": 206, "impossibleCargos": [1, 2, 3, 12], "neighbors": [7, 13, 15, 35, 33, 39, 37, 10, 26, 8, 14, 20, 9, 22, 21, 30, 29, 23, 16, 6, 31]}, {"capacity": 224, "impossibleCargos": [5, 8, 9, 13, 14], "neighbors": [33, 36, 31, 15, 34, 17, 3, 7, 12, 13, 26, 0, 30, 25, 20, 38, 6, 27, 37, 32]}, {"capacity": 224, "impossibleCargos": [0, 1, 9, 11, 13], "neighbors": [4, 6, 36, 31, 7, 1, 0, 16, 12, 25, 18, 29, 11, 23, 19, 24, 22, 10]}, {"capacity": 210, "impossibleCargos": [0, 3, 5], "neighbors": [6, 26, 30, 12, 1, 28, 7, 29, 39, 24, 33, 18, 10, 31, 16, 35, 27, 0]}, {"capacity": 235, "impossibleCargos": [0, 1, 3, 6, 8, 9, 12, 13], "neighbors": [13, 23, 32, 10, 39, 36, 26, 14, 27, 1, 0, 2, 35, 29, 18, 31, 20, 17, 8, 24, 9]}, {"capacity": 230, "impossibleCargos": [3, 5, 6, 13], "neighbors": [8, 22, 5, 16, 3, 38, 15, 31, 25, 26, 7, 32, 4, 11, 27, 0, 36, 20, 30, 18, 13]}, {"capacity": 238, "impossibleCargos": [0, 5, 10, 11, 14], "neighbors": [30, 29, 37, 34, 11, 21, 17, 15, 13, 33, 20, 10, 3, 25, 14, 26, 2, 38, 22]}, {"capacity": 205, "impossibleCargos": [2, 3, 4, 5, 6, 11, 12], "neighbors": [37, 8, 4, 17, 29, 35, 3, 5, 31, 7, 33, 23, 26, 39, 20, 19, 24, 0, 34, 14]}, {"capacity": 279, "impossibleCargos": [0, 1, 3, 6, 8, 13], "neighbors": [14, 21, 16, 8, 37, 15, 38, 22, 11, 12, 36, 18, 25, 23, 19, 30, 10, 24, 7]}, {"capacity": 292, "impossibleCargos": [0, 4, 9, 10, 12, 13], "neighbors": [37, 15, 3, 31, 16, 39, 33, 22, 29, 23, 10, 2, 36, 35, 11, 14, 19, 5, 21, 1]}, {"capacity": 292, "impossibleCargos": [0, 4, 5, 8, 11, 12], "neighbors": [2, 16, 32, 21, 35, 39, 8, 11, 9, 31, 33, 7, 1, 5, 10]}, {"capacity": 277, "impossibleCargos": [0, 1, 4, 5, 6, 7, 9, 11, 13, 14], "neighbors": [24, 37, 25, 21, 2, 36, 10, 3, 8, 11, 27, 1, 39, 30, 20, 22, 18, 15, 4, 17, 6, 0]}, {"capacity": 212, "impossibleCargos": [0, 1, 3, 5, 13], "neighbors": [24, 2, 35, 21, 12, 17, 10, 29, 26, 19, 23, 18, 1, 4, 5, 0, 11, 8, 38, 31]}, {"capacity": 300, "impossibleCargos": [1, 4, 6, 11, 12], "neighbors": [16, 4, 19, 14, 20, 34, 27, 32, 17, 25, 5, 6, 1, 23, 11, 28, 38, 22, 21, 0, 12, 13, 39, 8, 10, 30, 18]}, {"capacity": 268, "impossibleCargos": [2, 4, 6, 8, 10, 11], "neighbors": [3, 5, 28, 11, 22, 31, 16, 14, 23, 7, 33, 1, 37, 0, 19, 34, 35]}, {"capacity": 261, "impossibleCargos": [0, 1, 6, 10, 11, 13], "neighbors": [10, 19, 35, 6, 37, 3, 8, 9, 36, 18, 17, 25, 27, 12, 24, 4, 32, 13, 21, 28, 34, 0, 14, 1]}, {"capacity": 288, "impossibleCargos": [3, 7, 8, 10, 11, 12], "neighbors": [3, 19, 16, 5, 31, 24, 38, 39, 35, 17, 33, 0, 36, 4, 8, 25, 14, 32]}, {"capacity": 285, "impossibleCargos": [0, 6, 7, 10, 13, 14], "neighbors": [33, 30, 25, 18, 28, 38, 4, 14, 5, 34, 17, 22, 12, 10, 27, 36, 15, 9, 32, 21]}, {"capacity": 297, "impossibleCargos": [0, 5, 6, 7, 8, 9, 11, 12], "neighbors": [19, 1, 8, 20, 38, 9, 12, 29, 33, 7, 22, 2, 26, 15, 16, 13, 23, 3, 5, 39, 27, 35, 34, 10, 4]}, {"capacity": 290, "impossibleCargos": [1, 4, 13], "neighbors": [14, 25, 27, 24, 29, 33, 1, 26, 2, 18, 7, 5, 39, 32, 38, 19, 8, 16, 15, 11]}, {"capacity": 235, "impossibleCargos": [0, 3, 4, 6, 7, 10, 11, 13, 14], "neighbors": [36, 35, 26, 1, 23, 34, 14, 6, 31, 8, 2, 13, 37, 19, 3, 24, 4, 30]}, {"capacity": 230, "impossibleCargos": [1, 3, 6, 12], "neighbors": [13, 21, 15, 22, 7, 28, 18, 10, 27, 1, 34, 25, 29, 37, 8, 36, 3, 31, 5, 12]}]}