{"volumes": [675, 188, 463, 875, 266, 476, 511, 466, 475, 242, 616, 536, 1142, 1479, 658], "conflicts": [[1, 3]], "tanks": [{"capacity": 251, "impossibleCargos": [0, 1, 3, 4, 5, 7, 8, 9, 10, 11, 12], "neighbors": [14, 20, 22, 24, 3, 35, 16, 34, 38, 1, 11, 28, 13, 39, 15, 19, 6, 4, 29, 23, 36, 8]}, {"capacity": 258, "impossibleCargos": [1, 2, 4, 6, 7, 11, 12, 13], "neighbors": [12, 5, 7, 9, 4, 16, 20, 11, 8, 13, 35, 28, 30, 0, 32, 36, 39, 33, 24, 14]}, {"capacity": 256, "impossibleCargos": [0, 3, 4, 6, 8, 9, 10, 11, 12], "neighbors": [18, 38, 19, 20, 12, 10, 15, 28, 24, 11, 14, 16, 29, 13, 36, 4, 9, 5, 3]}, {"capacity": 216, "impossibleCargos": [0, 1, 3, 4, 5, 7, 8, 10, 11, 13, 14], "neighbors": [27, 32, 35, 39, 15, 8, 7, 0, 21, 34, 18, 11, 9, 37, 20, 17, 6, 33, 2]}, {"capacity": 225, "impossibleCargos": [0, 1, 2, 3, 4, 5, 7, 8, 9, 12], "neighbors": [30, 25, 15, 33, 5, 6, 9, 1, 17, 22, 14, 18, 10, 34, 28, 13, 11, 2, 0, 27, 37, 31]}, {"capacity": 281, "impossibleCargos": [0, 1, 2, 3, 5, 6, 9, 10, 11, 14], "neighbors": [17, 27, 4, 1, 38, 32, 19, 9, 26, 12, 22, 31, 37, 39, 15, 35, 16, 6, 2, 10]}, {"capacity": 261, "impossibleCargos": [0, 4, 5, 7, 8, 9, 11, 13, 14], "neighbors": [37, 31, 4, 14, 10, 23, 35, 21, 36, 24, 11, 28, 26, 32, 25, 16, 33, 38, 5, 19, 3, 0, 15, 30, 39, 29, 22]}, {"capacity": 229, "impossibleCargos": [1, 2, 3, 4, 6, 8, 9, 11, 12, 13, 14], "neighbors": [37, 27, 38, 13, 1, 17, 3, 10, 28, 26, 12, 21, 20, 9, 31, 32, 25, 29, 39, 18, 14]}, {"capacity": 241, "impossibleCargos": [0, 1, 2, 4, 6, 7, 9, 10, 11, 14], "neighbors": [38, 11, 13, 3, 27, 23, 18, 39, 14, 1, 20, 9, 34, 15, 21, 0, 36]}, {"capacity": 281, "impossibleCargos": [1, 2, 4, 5, 6, 8, 10, 13], "neighbors": [21, 39, 25, 4, 1, 32, 38, 24, 5, 37, 35, 27, 29, 28, 3, 23, 19, 8, 7, 18, 33, 34, 17, 16, 2]}, {"capacity": 259, "impossibleCargos": [1, 3, 4, 7, 8, 9, 12, 13, 14], "neighbors": [6, 25, 2, 17, 32, 23, 30, 7, 4, 21, 11, 36, 18, 29, 16, 20, 24, 5]}, {"capacity": 204, "impossibleCargos": [1, 3, 4, 5, 6, 7, 8, 11, 14], "neighbors": [8, 27, 18, 1, 2, 6, 35, 22, 3, 0, 10, 4, 12, 37, 31, 26, 17, 14]}, {"capacity": 286, "impossibleCargos": [2, 4, 5, 6, 7, 9, 10, 11, 12, 13], "neighbors": [1, 29, 2, 13, 27, 37, 5, 32, 18, 16, 7, 11, 39, 28, 34]}, {"capacity": 275, "impossibleCargos": [3, 4, 5, 6, 7, 12, 13, 14], "neighbors": [33, 30, 16, 7, 8, 25, 12, 35, 21, 1, 26, 31, 34, 2, 23, 4, 0, 38]}, {"capacity": 238, "impossibleCargos": [0, 1, 2, 3, 4, 6, 7, 8, 9, 10, 12, 14], "neighbors": [39, 0, 36, 19, 22, 6, 8, 20, 33, 2, 26, 23, 4, 25, 35, 17, 24, 18, 29, 21, 7, 11, 1]}, {"capacity": 200, "impossibleCargos": [0, 2, 3, 4, 5, 6, 8, 10, 11, 12, 13], "neighbors": [34, 35, 29, 4, 3, 2, 23, 25, 20, 19, 38, 22, 5, 24, 8, 0, 6]}, {"capacity": 258, "impossibleCargos": [0, 1, 4, 5, 6, 7, 8, 10, 12, 14], "neighbors": [35, 13, 37, 36, 17, 1, 29, 0, 32, 38, 2, 39, 12, 6, 21, 5, 33, 10, 9, 28]}, {"capacity": 204, "impossibleCargos": [2, 4, 6, 7, 8, 9, 10, 11, 12, 13, 14], "neighbors": [38, 20, 32, 5, 36, 4, 16, 10, 7, 19, 21, 14, 27, 3, 9, 35, 11]}, {"capacity": 220, "impossibleCargos": [1, 2, 3, 4, 5, 7, 10, 11, 12, 13, 14], "neighbors": [2, 20, 11, 8, 29, 30, 3, 21, 4, 24, 39, 12, 37, 9, 10, 25, 14, 32, 26, 38, 7, 28, 36, 34]}, {"capacity": 289, "impossibleCargos": [0, 1, 2, 3, 4, 5, 7, 8, 9, 11, 12, 14], "neighbors": [36, 24, 2, 14, 5, 17, 25, 9, 28, 33, 15, 31, 38, 6, 30, 39, 0, 23, 32, 34]}, {"capacity": 281, "impossibleCargos": [0, 1, 2, 4, 5, 7, 8, 9, 12, 14], "neighbors": [37, 0, 17, 2, 32, 18, 26, 21, 1, 30, 14, 8, 33, 22, 7, 15, 25, 3, 28, 34, 10]}, {"capacity": 277, "impossibleCargos": [1, 3, 4, 5, 7, 9, 10, 11, 12], "neighbors": [25, 9, 20, 35, 17, 13, 37, 6, 3, 18, 23, 10, 27, 7, 16, 34, 8, 14, 24, 22, 38]}, {"capacity": 234, "impossibleCargos": [0, 1, 2, 3, 5, 6, 8, 9, 10, 12, 13], "neighbors": [0, 14, 28, 39, 4, 30, 5, 11, 27, 20, 33, 15, 6, 21]}, {"capacity": 219, "impossibleCargos": [2, 3, 4, 7, 8, 11, 12, 13, 14], "neighbors": [25, 37, 33, 6, 8, 28, 15, 10, 14, 34, 21, 27, 9, 13, 19, 0]}, {"capacity": 252, "impossibleCargos": [3, 4, 5, 6, 8, 10, 12, 13, 14], "neighbors": [19, 27, 0, 36, 2, 9, 6, 18, 29, 34, 14, 35, 15, 10, 21, 1]}, {"capacity": 221, "impossibleCargos": [0, 1, 2, 4, 5, 6, 7, 9, 10, 11, 14], "neighbors": [21, 23, 4, 30, 9, 10, 13, 26, 36, 38, 19, 14, 15, 37, 6, 20, 18, 29, 31, 7, 28, 33]}, {"capacity": 208, "impossibleCargos": [4, 5, 6, 7, 8, 9, 10, 11, 14], "neighbors": [28, 35, 20, 25, 36, 38, 5, 13, 14, 6, 7, 27, 11, 18]}, {"capacity": 269, "impossibleCargos": [1, 2, 3, 4, 5, 6, 7, 10, 12, 14], "neighbors": [37, 3, 34, 7, 33, 24, 5, 11, 8, 12, 9, 23, 22, 21, 26, 17, 4, 38]}, {"capacity": 203, "impossibleCargos": [0, 1, 2, 4, 6, 7, 8, 9, 10, 12, 13], "neighbors": [26, 30, 22, 2, 23, 6, 1, 9, 39, 7, 19, 0, 4, 32, 20, 12, 38, 16, 25, 18]}, {"capacity": 238, "impossibleCargos": [0, 1, 2, 3, 5, 7, 8, 10, 13, 14], "neighbors": [15, 38, 12, 39, 18, 16, 9, 36, 33, 34, 24, 2, 25, 10, 14, 7, 31, 0, 37, 6]}, {"capacity": 208, "impossibleCargos": [1, 2, 3, 4, 5, 6, 7, 8, 9, 11, 12, 13], "neighbors": [4, 13, 35, 28, 25, 33, 37, 34, 22, 20, 18, 10, 1, 31, 19, 38, 6]}, {"capacity": 242, "impossibleCargos": [0, 1, 2, 4, 5, 6, 7, 11, 12, 14], "neighbors": [6, 38, 37, 13, 30, 19, 5, 7, 11, 25, 29, 4]}, {"capacity": 244, "impossibleCargos": [0, 1, 2, 3, 5, 7, 8, 9, 11, 12, 14], "neighbors": [3, 17, 20, 5, 10, 9, 12, 16, 6, 1, 28, 37, 18, 7, 19, 34]}, {"capacity": 261, "impossibleCargos": [0, 1, 2, 5, 6, 9, 10, 12, 13, 14], "neighbors": [13, 27, 23, 4, 30, 35, 14, 20, 29, 38, 19, 22, 9, 6, 37, 16, 36, 39, 1, 34, 3, 25]}, {"capacity": 288, "impossibleCargos": [0, 1, 3, 4, 5, 9, 10, 12, 13, 14], "neighbors": [15, 27, 37, 30, 39, 36, 3, 0, 23, 4, 29, 13, 24, 21, 8, 38, 9, 20, 33, 12, 32, 19, 18]}, {"capacity": 260, "impossibleCargos": [1, 2, 4, 5, 6, 7, 10, 11, 12, 13], "neighbors": [15, 16, 30, 3, 26, 6, 39, 13, 21, 33, 0, 9, 11, 1, 14, 37, 5, 24, 17]}, {"capacity": 211, "impossibleCargos": [0, 1, 2, 3, 5, 6, 7, 8, 9, 12, 13], "neighbors": [19, 14, 16, 17, 24, 26, 25, 38, 34, 6, 29, 10, 1, 2, 33, 0, 18, 8]}, {"capacity": 201, "impossibleCargos": [0, 1, 2, 6, 7, 8, 9, 10, 11, 12, 14], "neighbors": [27, 20, 7, 6, 23, 16, 34, 30, 39, 21, 12, 31, 9, 25, 35, 3, 38, 18, 32, 5, 33, 11, 4, 29]}, {"capacity": 289, "impossibleCargos": [1, 2, 3, 4, 6, 7, 10, 12, 13], "neighbors": [17, 8, 2, 29, 7, 31, 5, 26, 36, 9, 25, 16, 0, 33, 37, 15, 6, 34, 19, 30, 18, 28, 13, 27, 21]}, {"capacity": 264, "impossibleCargos": [0, 1, 2, 4, 5, 7, 8, 9, 10, 11, 12, 13], "neighbors": [14, 9, 3, 29, 37, 22, 8, 35, 34, 16, 28, 18, 5, 1, 0, 12, 19, 7, 33, 6]}]}