{"volumes": [694, 632, 0, 560, 502, 663, 218, 1145, 1146, 428, 668, 522, 956, 232, 774], "conflicts": [[0, 2], [2, 7], [2, 10], [2, 11], [2, 12], [2, 13], [3, 6], [3, 11], [5, 6], [6, 13]], "tanks": [{"capacity": 261, "impossibleCargos": [0, 3, 4, 5, 7, 8, 9, 10, 12, 14], "neighbors": [26, 37, 3, 12, 15, 32, 11, 35, 39, 24, 20, 22, 34, 33, 31, 25, 5]}, {"capacity": 294, "impossibleCargos": [0, 1, 2, 3, 5, 6, 7, 8, 9, 10, 13, 14], "neighbors": [7, 37, 6, 29, 11, 8, 22, 26, 9, 32, 19, 15, 38, 13, 35, 31]}, {"capacity": 292, "impossibleCargos": [0, 1, 2, 5, 6, 7, 8, 11, 13, 14], "neighbors": [15, 31, 11, 28, 33, 20, 38, 37, 35, 26, 34, 24]}, {"capacity": 211, "impossibleCargos": [2, 3, 4, 5, 6, 7, 8, 10, 11, 12, 13, 14], "neighbors": [0, 31, 19, 20, 35, 4, 21, 38, 16, 18, 37, 15, 12, 33, 29, 13, 26, 5, 8, 28, 30, 32, 27, 24, 34]}, {"capacity": 255, "impossibleCargos": [0, 2, 4, 5, 6, 7, 8, 10, 12, 13, 14], "neighbors": [39, 36, 34, 12, 27, 25, 3, 11, 19, 15, 13, 29, 23, 6, 30, 22, 5, 17, 37, 16, 9]}, {"capacity": 287, "impossibleCargos": [0, 1, 2, 3, 4, 5, 6, 7, 8, 9, 10, 11, 13], "neighbors": [27, 26, 17, 33, 21, 10, 29, 19, 32, 20, 6, 3, 9, 12, 34, 4, 13, 0, 11, 35]}, {"capacity": 252, "impossibleCargos": [1, 3, 5, 6, 8, 10, 11, 13, 14], "neighbors": [21, 34, 22, 12, 27, 33, 1, 16, 37, 39, 10, 5, 31, 11, 24, 4, 20, 15, 38]}, {"capacity": 249, "impossibleCargos": [0, 1, 2, 3, 5, 6, 7, 8, 9, 12, 13], "neighbors": [37, 9, 17, 25, 1, 18, 14, 15, 10, 19, 31, 35, 11, 38, 16, 33, 22, 26, 24, 20, 27]}, {"capacity": 232, "impossibleCargos": [0, 1, 3, 5, 7, 8, 9, 10, 12, 13, 14], "neighbors": [18, 29, 32, 36, 1, 11, 20, 28, 15, 13, 3, 25, 31, 22, 37]}, {"capacity": 254, "impossibleCargos": [3, 5, 6, 7, 8, 9, 11, 13, 14], "neighbors": [7, 28, 17, 14, 16, 33, 22, 11, 39, 18, 24, 30, 26, 34, 1, 32, 5, 27, 38, 20, 4]}, {"capacity": 250, "impossibleCargos": [0, 2, 4, 5, 7, 9, 10], "neighbors": [39, 5, 35, 21, 7, 13, 6, 22, 27, 38, 30, 26, 17, 36, 12, 33]}, {"capacity": 200, "impossibleCargos": [2, 4, 5, 6, 7, 8, 9, 11, 12, 13, 14], "neighbors": [31, 13, 30, 0, 27, 14, 9, 2, 1, 8, 4, 39, 25, 6, 7, 23, 35, 32, 16, 12, 24, 5, 17]}, {"capacity": 257, "impossibleCargos": [0, 1, 3, 4, 5, 6, 7, 8, 9, 11, 12, 14], "neighbors": [34, 0, 4, 6, 23, 28, 3, 20, 36, 17, 39, 38, 33, 14, 5, 11, 21, 10, 16]}, {"capacity": 292, "impossibleCargos": [0, 1, 3, 4, 5, 6, 7, 8, 10, 13], "neighbors": [11, 24, 21, 30, 10, 17, 35, 32, 39, 3, 26, 8, 15, 28, 4, 27, 37, 1, 5, 20]}, {"capacity": 268, "impossibleCargos": [1, 2, 3, 5, 6, 7, 9, 10, 11, 12, 13, 14], "neighbors": [18, 17, 27, 9, 7, 11, 35, 37, 25, 29, 12, 33, 39, 15, 30, 36, 19]}, {"capacity": 267, "impossibleCargos": [0, 1, 2, 3, 4, 5, 6, 8, 9, 10, 11, 13], "neighbors": [2, 38, 31, 0, 39, 17, 20, 7, 23, 3, 37, 8, 36, 18, 4, 30, 13, 28, 34, 22, 1, 29, 6, 27, 26, 14]}, {"capacity": 269, "impossibleCargos": [0, 2, 3, 4, 6, 7, 10, 11, 13], "neighbors": [9, 3, 23, 6, 24, 32, 25, 7, 11, 29, 12, 27, 4, 37, 36, 33]}, {"capacity": 287, "impossibleCargos": [0, 1, 3, 4, 5, 7, 9, 10, 12, 14], "neighbors": [14, 28, 5, 7, 24, 9, 15, 33, 31, 34, 32, 13, 35, 12, 39, 38, 18, 10, 36, 30, 4, 19, 26, 37, 11]}, {"capacity": 231, "impossibleCargos": [0, 1, 2, 3, 5, 7, 8, 9, 13, 14], "neighbors": [14, 8, 7, 26, 39, 32, 9, 3, 20, 36, 15, 34, 24, 17, 19, 21, 35]}, {"capacity": 201, "impossibleCargos": [0, 1, 2, 3, 8, 9, 11, 12, 13], "neighbors": [33, 32, 25, 3, 37, 36, 21, 5, 7, 22, 24, 29, 4, 30, 27, 31, 23, 1, 39, 18, 26, 17, 14]}, {"capacity": 204, "impossibleCargos": [0, 1, 2, 3, 4, 5, 6, 8, 9, 10, 11, 12, 13, 14], "neighbors": [21, 24, 22, 39, 37, 15, 3, 36, 8, 5, 0, 12, 2, 18, 34, 30, 28, 25, 6, 9, 26, 7, 13]}, {"capacity": 222, "impossibleCargos": [0, 2, 3, 4, 6, 7, 8, 10, 11, 12, 13, 14], "neighbors": [6, 20, 13, 38, 5, 19, 3, 10, 22, 34, 24, 35, 12, 26, 18, 28, 27]}, {"capacity": 226, "impossibleCargos": [0, 1, 3, 4, 5, 6, 7, 8, 9, 11, 12, 13, 14], "neighbors": [20, 6, 28, 9, 1, 21, 19, 23, 10, 0, 15, 7, 30, 39, 8, 4, 34]}, {"capacity": 241, "impossibleCargos": [0, 1, 2, 3, 4, 5, 6, 10, 11, 12, 13], "neighbors": [36, 39, 15, 38, 16, 26, 12, 29, 22, 33, 11, 19, 24, 4, 35, 32, 28]}, {"capacity": 232, "impossibleCargos": [0, 1, 3, 4, 7, 8, 9, 10, 11, 13, 14], "neighbors": [13, 29, 20, 17, 34, 16, 9, 0, 19, 21, 18, 23, 27, 6, 39, 7, 38, 2, 11, 3]}, {"capacity": 200, "impossibleCargos": [0, 1, 4, 5, 6, 7, 8, 10, 11, 12, 13, 14], "neighbors": [19, 7, 26, 4, 30, 16, 11, 36, 14, 31, 8, 0, 20, 32, 39]}, {"capacity": 244, "impossibleCargos": [1, 4, 5, 6, 8, 10, 11, 12, 13, 14], "neighbors": [0, 31, 5, 37, 25, 18, 23, 39, 30, 1, 13, 9, 3, 10, 7, 36, 21, 2, 15, 19, 17, 20, 27]}, {"capacity": 294, "impossibleCargos": [0, 1, 2, 7, 9, 10, 12], "neighbors": [36, 5, 14, 32, 4, 6, 38, 11, 37, 31, 33, 10, 19, 24, 9, 13, 39, 15, 28, 16, 3, 21, 34, 7, 26]}, {"capacity": 300, "impossibleCargos": [5, 6, 9, 10, 11], "neighbors": [17, 39, 9, 22, 37, 2, 31, 12, 29, 8, 38, 3, 15, 13, 20, 35, 27, 21, 23]}, {"capacity": 214, "impossibleCargos": [0, 1, 3, 4, 5, 6, 7, 8, 9, 14], "neighbors": [24, 8, 5, 36, 1, 35, 23, 28, 3, 19, 32, 14, 16, 4, 30, 15]}, {"capacity": 221, "impossibleCargos": [0, 2, 3, 6, 7, 9, 10, 11, 12, 13, 14], "neighbors": [33, 11, 13, 25, 9, 36, 26, 32, 19, 15, 10, 20, 29, 22, 3, 4, 17, 14, 39]}, {"capacity": 224, "impossibleCargos": [0, 2, 3, 4, 5, 7, 11, 12, 14], "neighbors": [11, 2, 26, 3, 15, 33, 17, 28, 39, 27, 7, 6, 19, 25, 8, 0, 36, 1]}, {"capacity": 274, "impossibleCargos": [0, 3, 4, 5, 6, 9, 10, 12, 13, 14], "neighbors": [19, 27, 8, 0, 18, 17, 39, 5, 13, 16, 34, 30, 29, 11, 9, 1, 25, 3, 23]}, {"capacity": 290, "impossibleCargos": [1, 2, 3, 4, 5, 6, 8, 9, 10, 11, 12, 14], "neighbors": [19, 5, 30, 17, 31, 6, 9, 2, 3, 27, 23, 12, 0, 7, 14, 39, 35, 10, 16]}, {"capacity": 277, "impossibleCargos": [0, 1, 2, 3, 4, 5, 6, 7, 8, 10, 11, 13], "neighbors": [12, 4, 6, 24, 37, 17, 21, 32, 9, 0, 18, 20, 15, 5, 22, 2, 27, 3]}, {"capacity": 233, "impossibleCargos": [0, 3, 4, 5, 6, 7, 9, 11, 12, 14], "neighbors": [3, 0, 10, 14, 29, 36, 13, 17, 7, 11, 2, 23, 21, 33, 28, 39, 1, 18, 5]}, {"capacity": 201, "impossibleCargos": [0, 1, 2, 3, 5, 6, 8, 9, 13, 14], "neighbors": [27, 4, 19, 23, 8, 29, 20, 35, 12, 30, 15, 25, 18, 31, 38, 17, 10, 26, 37, 16, 14]}, {"capacity": 236, "impossibleCargos": [0, 1, 3, 4, 5, 7, 8, 9, 10, 11, 13, 14], "neighbors": [0, 7, 26, 20, 19, 28, 1, 34, 3, 39, 27, 6, 15, 14, 2, 8, 13, 36, 4, 17, 16]}, {"capacity": 235, "impossibleCargos": [1, 3, 4, 5, 10, 12, 13, 14], "neighbors": [15, 21, 27, 3, 23, 39, 28, 2, 12, 7, 10, 17, 1, 36, 24, 9, 6]}, {"capacity": 212, "impossibleCargos": [0, 2, 3, 4, 5, 6, 8, 9, 11, 12], "neighbors": [4, 10, 20, 28, 15, 18, 23, 9, 0, 37, 26, 32, 31, 38, 6, 13, 11, 17, 12, 22, 27, 19, 24, 33, 14, 35, 25, 30]}]}