{"volumes": [887, 389, 1145, 267, 244, 1585, 625, 929, 0, 682, 194, 687, 746, 0, 737], "conflicts": [[0, 8], [0, 13], [1, 8], [1, 13], [2, 8], [2, 13], [3, 6], [3, 10], [3, 13], [4, 6], [4, 8], [4, 9], [4, 12], [4, 13], [4, 14], [5, 8], [6, 13], [8, 9], [8, 12], [8, 13], [8, 14], [9, 13], [11, 13], [12, 13], [13, 14]], "tanks": [{"capacity": 287, "impossibleCargos": [0, 3, 4, 6, 7, 9, 11, 12, 13], "neighbors": [30, 27, 26, 37, 24, 1, 11, 29, 19, 5, 8, 12, 16, 20, 34, 6, 3, 39, 15, 28, 38]}, {"capacity": 288, "impossibleCargos": [0, 1, 2, 3, 4, 5, 7, 8, 9, 10, 13, 14], "neighbors": [3, 28, 9, 5, 37, 18, 29, 2, 0, 11, 38, 34, 7, 25, 15, 17]}, {"capacity": 277, "impossibleCargos": [0, 2, 3, 5, 6, 8, 9, 10, 11, 12, 13, 14], "neighbors": [28, 13, 10, 3, 34, 26, 12, 18, 1, 8, 9, 23, 36, 19, 6, 38, 24, 16, 11, 31]}, {"capacity": 212, "impossibleCargos": [0, 2, 4, 8, 9, 10, 11, 12, 13, 14], "neighbors": [7, 1, 26, 2, 8, 14, 6, 16, 13, 10, 11, 33, 5, 32, 37, 29, 24, 0, 34, 35, 19, 25, 36]}, {"capacity": 243, "impossibleCargos": [0, 2, 3, 4, 7, 9, 11, 12, 13], "neighbors": [22, 16, 35, 25, 14, 9, 39, 15, 37, 18, 33, 17, 23, 5, 24, 29, 27, 36, 38, 11, 10]}, {"capacity": 267, "impossibleCargos": [1, 2, 3, 4, 6, 7, 8, 9, 10, 11, 12, 13], "neighbors": [25, 38, 12, 34, 28, 1, 10, 18, 3, 7, 4, 39, 0, 35, 14, 37, 11, 36, 19, 29]}, {"capacity": 243, "impossibleCargos": [0, 2, 3, 4, 5, 6, 7, 8, 9, 10], "neighbors": [38, 3, 33, 36, 14, 26, 15, 18, 28, 35, 22, 29, 2, 0, 9]}, {"capacity": 272, "impossibleCargos": [0, 1, 2, 3, 4, 6, 7, 8, 9, 11, 12, 13, 14], "neighbors": [28, 3, 12, 27, 10, 39, 26, 15, 18, 11, 36, 5, 1, 16, 33, 25, 22, 23, 31]}, {"capacity": 259, "impossibleCargos": [1, 2, 4, 5, 7, 8, 9, 10, 11, 13, 14], "neighbors": [36, 21, 13, 3, 9, 15, 25, 38, 19, 11, 26, 27, 2, 0, 10, 29, 23, 22]}, {"capacity": 250, "impossibleCargos": [1, 3, 4, 6, 7, 8, 9, 10, 11, 12, 13], "neighbors": [8, 14, 4, 23, 1, 27, 36, 37, 38, 2, 21, 28, 39, 17, 6, 12, 29]}, {"capacity": 299, "impossibleCargos": [1, 2, 4, 6, 7, 8, 9, 11, 13, 14], "neighbors": [36, 15, 2, 32, 7, 23, 28, 5, 3, 22, 21, 26, 8, 35, 25, 29, 33, 37, 27, 31, 20, 34, 4]}, {"capacity": 285, "impossibleCargos": [0, 1, 4, 5, 7, 8, 9, 10, 11, 12, 13, 14], "neighbors": [27, 18, 32, 30, 33, 36, 21, 8, 13, 3, 7, 31, 1, 37, 0, 25, 14, 5, 38, 29, 4, 26, 24, 28, 2]}, {"capacity": 228, "impossibleCargos": [0, 4, 5, 6, 8, 9, 10, 12, 13, 14], "neighbors": [29, 5, 20, 7, 15, 26, 37, 13, 36, 24, 2, 19, 35, 30, 25, 17, 22, 18, 0, 38, 9, 32, 33]}, {"capacity": 207, "impossibleCargos": [0, 3, 7, 8, 9, 10, 11, 12, 13, 14], "neighbors": [18, 8, 2, 12, 3, 27, 11, 35, 20, 38]}, {"capacity": 277, "impossibleCargos": [2, 4, 5, 6, 7, 8, 9, 10, 11, 12, 13, 14], "neighbors": [23, 36, 4, 9, 3, 35, 32, 15, 34, 38, 37, 17, 28, 6, 31, 24, 19, 21, 30, 27, 18, 5, 39, 11]}, {"capacity": 210, "impossibleCargos": [0, 3, 4, 6, 8, 11, 12, 13, 14], "neighbors": [34, 10, 19, 36, 12, 16, 8, 14, 4, 7, 38, 35, 32, 6, 22, 37, 18, 23, 39, 30, 1, 0, 26]}, {"capacity": 220, "impossibleCargos": [1, 2, 3, 4, 5, 6, 7, 8, 9, 10, 12, 13, 14], "neighbors": [4, 19, 15, 29, 3, 39, 35, 23, 30, 7, 26, 0, 31, 2]}, {"capacity": 212, "impossibleCargos": [0, 1, 4, 7, 9, 10, 12, 14], "neighbors": [19, 30, 14, 24, 23, 22, 4, 12, 37, 21, 1, 9, 39]}, {"capacity": 219, "impossibleCargos": [2, 3, 4, 5, 8, 9, 11, 12, 14], "neighbors": [35, 13, 11, 5, 34, 32, 25, 2, 1, 7, 6, 4, 37, 26, 22, 23, 28, 27, 12, 14, 15, 19, 20, 36, 38, 24, 39]}, {"capacity": 203, "impossibleCargos": [0, 1, 2, 3, 5, 6, 7, 8, 9, 11, 12, 13, 14], "neighbors": [15, 16, 36, 23, 31, 17, 8, 20, 14, 12, 22, 0, 18, 2, 5, 29, 3]}, {"capacity": 250, "impossibleCargos": [0, 1, 2, 3, 4, 5, 6, 7, 8, 9, 10, 11, 13, 14], "neighbors": [12, 22, 19, 35, 23, 30, 13, 36, 18, 27, 0, 29, 10, 28]}, {"capacity": 251, "impossibleCargos": [0, 1, 2, 3, 4, 5, 6, 7, 8, 14], "neighbors": [8, 28, 39, 11, 32, 14, 36, 10, 35, 9, 26, 17, 25, 30, 31, 34, 38]}, {"capacity": 230, "impossibleCargos": [0, 1, 2, 3, 4, 8, 10, 11, 12, 13], "neighbors": [4, 37, 20, 25, 26, 23, 15, 17, 19, 10, 29, 18, 30, 38, 6, 12, 27, 7, 8, 32]}, {"capacity": 209, "impossibleCargos": [2, 3, 4, 5, 6, 7, 8, 9, 10, 11, 12, 13, 14], "neighbors": [14, 31, 33, 19, 26, 24, 9, 34, 35, 10, 38, 20, 22, 16, 39, 17, 27, 4, 18, 15, 2, 8, 7, 28, 29]}, {"capacity": 234, "impossibleCargos": [0, 1, 3, 5, 6, 8, 10, 11, 12, 13], "neighbors": [28, 23, 12, 34, 17, 25, 14, 0, 35, 4, 38, 36, 39, 3, 11, 18, 2]}, {"capacity": 237, "impossibleCargos": [1, 2, 3, 7, 8, 9, 10, 11, 12, 13], "neighbors": [5, 4, 8, 22, 39, 18, 24, 32, 12, 27, 36, 10, 11, 31, 7, 38, 1, 21, 34, 3, 26]}, {"capacity": 206, "impossibleCargos": [0, 3, 4, 6, 7, 8, 12, 13, 14], "neighbors": [3, 12, 23, 2, 31, 22, 38, 7, 34, 8, 0, 6, 33, 18, 10, 21, 16, 32, 11, 29, 15, 25]}, {"capacity": 271, "impossibleCargos": [0, 1, 3, 4, 6, 7, 11, 12, 13, 14], "neighbors": [11, 7, 9, 0, 13, 14, 8, 23, 25, 18, 35, 22, 4, 20, 10, 32, 33]}, {"capacity": 267, "impossibleCargos": [0, 1, 4, 6, 7, 8, 9, 10, 11, 12, 13, 14], "neighbors": [7, 2, 24, 1, 5, 21, 10, 14, 34, 6, 18, 9, 35, 20, 11, 23, 33, 0]}, {"capacity": 271, "impossibleCargos": [1, 2, 4, 6, 7, 8, 9, 10, 12, 13], "neighbors": [36, 12, 39, 31, 16, 1, 35, 33, 22, 0, 6, 8, 4, 10, 32, 11, 3, 20, 34, 19, 26, 30, 5, 9, 23]}, {"capacity": 273, "impossibleCargos": [0, 1, 2, 3, 4, 6, 8, 9, 10, 11, 13, 14], "neighbors": [38, 0, 37, 11, 17, 35, 39, 14, 12, 22, 20, 32, 16, 15, 21, 36, 29]}, {"capacity": 270, "impossibleCargos": [0, 1, 3, 5, 8, 9, 10, 11, 13, 14], "neighbors": [23, 19, 29, 26, 14, 34, 11, 25, 39, 10, 21, 16, 7, 2]}, {"capacity": 289, "impossibleCargos": [0, 1, 2, 3, 4, 6, 7, 8, 9, 10, 11, 14], "neighbors": [34, 11, 10, 14, 21, 18, 15, 25, 3, 30, 29, 39, 36, 26, 38, 22, 12, 27]}, {"capacity": 272, "impossibleCargos": [0, 1, 2, 3, 5, 6, 7, 9, 11, 12], "neighbors": [23, 11, 6, 3, 4, 26, 29, 7, 10, 28, 12, 27]}, {"capacity": 281, "impossibleCargos": [0, 1, 2, 6, 7, 8, 9, 10, 11, 12, 13], "neighbors": [37, 15, 32, 5, 39, 2, 23, 38, 24, 18, 26, 14, 28, 31, 1, 36, 0, 29, 25, 3, 21, 10]}, {"capacity": 228, "impossibleCargos": [0, 1, 4, 5, 6, 7, 8, 9, 10, 11, 12], "neighbors": [18, 4, 23, 14, 16, 15, 30, 20, 36, 29, 12, 13, 21, 6, 24, 38, 27, 10, 5, 28, 3, 39]}, {"capacity": 233, "impossibleCargos": [0, 1, 2, 7, 9, 13, 14], "neighbors": [29, 10, 8, 15, 19, 14, 12, 11, 6, 35, 9, 21, 7, 25, 24, 2, 20, 37, 18, 4, 5, 34, 32, 30, 3]}, {"capacity": 248, "impossibleCargos": [0, 1, 4, 5, 7, 8, 10, 14], "neighbors": [39, 34, 30, 22, 12, 1, 14, 4, 0, 15, 18, 9, 11, 17, 5, 3, 36, 10]}, {"capacity": 274, "impossibleCargos": [0, 3, 4, 5, 6, 7, 8, 11, 12, 13, 14], "neighbors": [5, 6, 30, 8, 34, 26, 23, 15, 14, 1, 39, 22, 9, 35, 24, 11, 12, 25, 4, 18, 2, 32, 13, 21, 0]}, {"capacity": 279, "impossibleCargos": [3, 4, 6, 8, 9, 10, 11, 12, 13], "neighbors": [37, 29, 34, 4, 21, 7, 16, 25, 23, 30, 38, 5, 15, 31, 14, 24, 32, 9, 0, 17, 18, 35]}]}