{"volumes": [432, 632, 1052, 537, 524, 758, 531, 485, 213, 1114, 1231, 1018, 418, 283, 208], "conflicts": [[0, 8], [8, 13]], "tanks": [{"capacity": 210, "impossibleCargos": [3, 4, 8, 10, 11, 12, 13, 14], "neighbors": [26, 22, 29, 5, 25, 19, 24, 8, 16, 12, 37, 33, 32, 4, 21, 7, 3, 18, 11, 27, 17, 9, 20, 34, 10, 6, 2, 30, 31, 15, 35]}, {"capacity": 276, "impossibleCargos": [0, 1, 5, 6, 7, 9, 10, 13, 14], "neighbors": [35, 38, 16, 9, 18, 34, 33, 10, 2, 3, 8, 21, 26, 17, 36, 5, 4, 13, 37, 15, 27, 20, 6, 25, 22, 28, 19]}, {"capacity": 220, "impossibleCargos": [1, 2, 5, 6, 8, 9, 11], "neighbors": [10, 7, 34, 28, 31, 16, 1, 3, 14, 8, 27, 22, 23, 11, 35, 17, 25, 21, 38, 37, 29, 0, 36, 32, 26, 12, 4, 30, 19]}, {"capacity": 234, "impossibleCargos": [0, 2, 3, 5, 6, 7, 11, 12, 13], "neighbors": [16, 21, 7, 27, 1, 2, 38, 25, 31, 0, 26, 39, 4, 36, 12, 13, 30, 24, 20, 11, 6, 10, 37, 28]}, {"capacity": 300, "impossibleCargos": [2, 3, 4, 6, 9, 13, 14], "neighbors": [21, 19, 32, 14, 39, 5, 24, 0, 33, 23, 29, 1, 3, 13, 26, 25, 17, 18, 35, 15, 16, 31, 34, 22, 6, 2, 11, 36, 12]}, {"capacity": 292, "impossibleCargos": [3, 5, 8, 10, 11, 12, 13, 14], "neighbors": [23, 33, 16, 37, 24, 13, 36, 0, 38, 8, 11, 4, 20, 27, 32, 1, 22, 12, 39, 26, 21, 35, 17, 25, 34, 15]}, {"capacity": 219, "impossibleCargos": [0, 3, 4, 7, 8, 9, 12, 13, 14], "neighbors": [37, 8, 35, 36, 30, 39, 18, 38, 9, 12, 14, 20, 22, 7, 0, 1, 34, 27, 13, 15, 4, 3, 25, 32, 19, 26]}, {"capacity": 273, "impossibleCargos": [0, 4, 6, 8, 10, 12, 14], "neighbors": [2, 3, 37, 39, 24, 8, 19, 25, 30, 10, 0, 9, 28, 13, 31, 33, 16, 22, 29, 18, 21, 6, 38, 23, 35, 20, 15, 11]}, {"capacity": 237, "impossibleCargos": [6, 12], "neighbors": [26, 32, 25, 10, 6, 36, 22, 28, 1, 5, 9, 7, 33, 2, 0, 14, 27, 37, 13, 20, 30, 23, 18, 15, 16, 21, 11, 19, 34, 31, 29]}, {"capacity": 212, "impossibleCargos": [4, 5, 7, 10, 11, 12], "neighbors": [29, 30, 21, 1, 25, 14, 10, 27, 8, 31, 16, 11, 32, 7, 20, 33, 39, 6, 23, 0, 36, 15, 17, 28, 35, 22, 24, 13, 12, 34]}, {"capacity": 255, "impossibleCargos": [7, 11, 14], "neighbors": [33, 23, 2, 17, 8, 1, 9, 38, 28, 19, 22, 35, 7, 21, 24, 0, 29, 31, 37, 13, 11, 30, 25, 3, 27, 39, 15]}, {"capacity": 275, "impossibleCargos": [0, 2, 6, 7, 13, 14], "neighbors": [29, 18, 5, 21, 35, 9, 13, 2, 27, 19, 0, 36, 16, 39, 37, 23, 22, 34, 20, 15, 30, 8, 10, 3, 25, 26, 17, 4, 7, 14, 24]}, {"capacity": 238, "impossibleCargos": [0, 4, 9, 11, 12, 13], "neighbors": [27, 29, 23, 22, 16, 36, 37, 32, 0, 24, 17, 5, 14, 19, 21, 3, 6, 15, 34, 20, 26, 31, 38, 28, 2, 33, 30, 18, 39, 4, 9]}, {"capacity": 231, "impossibleCargos": [3, 4, 5, 6, 8, 9, 10, 12], "neighbors": [5, 32, 29, 26, 11, 27, 30, 14, 16, 1, 4, 7, 21, 22, 39, 8, 33, 35, 3, 10, 6, 24, 17, 23, 34, 28, 36, 9, 25]}, {"capacity": 277, "impossibleCargos": [1, 4, 6, 9, 10, 12, 13], "neighbors": [4, 9, 2, 20, 18, 8, 17, 12, 34, 13, 30, 39, 24, 6, 16, 29, 28, 38, 23, 27, 36, 21, 15, 11, 32, 37]}, {"capacity": 278, "impossibleCargos": [3, 4, 5, 9, 10], "neighbors": [36, 23, 28, 32, 27, 31, 29, 1, 12, 24, 21, 8, 4, 18, 37, 33, 16, 11, 9, 17, 6, 35, 25, 10, 14, 0, 7, 5]}, {"capacity": 299, "impossibleCargos": [1, 3, 4, 5, 8, 12, 14], "neighbors": [24, 3, 1, 5, 20, 2, 12, 27, 9, 0, 28, 29, 35, 37, 21, 13, 39, 31, 11, 36, 14, 7, 8, 15, 4, 26, 30, 22, 23, 38, 17, 19]}, {"capacity": 256, "impossibleCargos": [0, 1, 5, 11, 12], "neighbors": [26, 23, 10, 20, 33, 30, 36, 1, 39, 25, 2, 37, 32, 12, 14, 35, 29, 19, 28, 22, 0, 18, 4, 38, 15, 13, 9, 5, 11, 16, 34]}, {"capacity": 295, "impossibleCargos": [0, 1, 2, 4, 6, 7, 8, 11, 12, 14], "neighbors": [37, 39, 1, 11, 22, 25, 33, 26, 14, 28, 27, 35, 0, 6, 19, 20, 23, 21, 17, 8, 4, 34, 15, 7, 38, 32, 36, 29, 24, 12]}, {"capacity": 290, "impossibleCargos": [0, 1, 7, 8, 9, 10, 11], "neighbors": [23, 4, 34, 0, 10, 27, 7, 21, 31, 24, 39, 20, 28, 11, 36, 12, 17, 18, 33, 26, 37, 22, 32, 8, 38, 6, 2, 1, 16, 35]}, {"capacity": 297, "impossibleCargos": [2, 3, 5, 6, 12, 13], "neighbors": [31, 17, 16, 14, 26, 5, 33, 19, 29, 9, 35, 30, 34, 18, 8, 0, 12, 22, 6, 32, 23, 1, 11, 3, 27, 7, 24, 39, 38]}, {"capacity": 285, "impossibleCargos": [5, 7, 11, 13, 14], "neighbors": [37, 4, 30, 9, 3, 31, 11, 1, 19, 33, 25, 27, 0, 16, 12, 10, 22, 38, 13, 28, 18, 5, 2, 15, 7, 8, 24, 14, 34, 32, 29]}, {"capacity": 224, "impossibleCargos": [1, 2, 3, 5, 7, 8, 11, 14], "neighbors": [38, 27, 0, 18, 12, 8, 10, 2, 32, 33, 5, 37, 35, 21, 17, 24, 13, 26, 11, 7, 20, 19, 6, 31, 23, 4, 16, 1, 9, 30, 39]}, {"capacity": 246, "impossibleCargos": [3, 4, 5, 6, 7, 8, 9, 13, 14], "neighbors": [32, 19, 5, 15, 17, 10, 27, 12, 28, 31, 24, 2, 30, 4, 18, 11, 9, 39, 8, 37, 20, 38, 22, 14, 13, 7, 35, 16, 33, 26, 34]}, {"capacity": 250, "impossibleCargos": [0, 1, 5, 6, 7, 8, 11, 13], "neighbors": [16, 29, 39, 5, 33, 7, 0, 23, 19, 36, 4, 35, 12, 14, 10, 22, 15, 26, 27, 31, 3, 32, 13, 21, 37, 9, 18, 20, 34, 11]}, {"capacity": 217, "impossibleCargos": [3, 4, 6, 7, 9, 10, 11, 12], "neighbors": [8, 9, 18, 0, 39, 29, 7, 21, 17, 27, 3, 33, 2, 36, 28, 4, 32, 34, 26, 1, 30, 10, 35, 5, 15, 6, 11, 38, 13]}, {"capacity": 258, "impossibleCargos": [0, 1, 3, 5, 7, 8, 10, 11, 12, 14], "neighbors": [17, 28, 0, 8, 33, 39, 27, 20, 35, 13, 18, 1, 30, 3, 4, 5, 24, 22, 19, 12, 25, 16, 31, 38, 2, 32, 11, 23, 6]}, {"capacity": 248, "impossibleCargos": [3, 6, 7, 9, 10, 13], "neighbors": [12, 22, 3, 23, 35, 26, 9, 16, 34, 36, 19, 2, 15, 5, 21, 18, 25, 13, 11, 8, 0, 1, 28, 24, 38, 6, 14, 20, 39, 10, 32, 37, 33, 31]}, {"capacity": 290, "impossibleCargos": [1, 3, 4, 5, 6, 7, 8, 11, 13, 14], "neighbors": [26, 2, 31, 23, 15, 8, 10, 18, 37, 36, 16, 19, 38, 17, 7, 33, 21, 25, 27, 14, 32, 34, 39, 9, 12, 35, 13, 1, 3]}, {"capacity": 265, "impossibleCargos": [0, 1, 4, 8, 11, 13, 14], "neighbors": [9, 38, 24, 12, 11, 32, 0, 13, 25, 16, 20, 30, 34, 4, 17, 15, 14, 7, 10, 2, 33, 18, 39, 8, 21]}, {"capacity": 207, "impossibleCargos": [0, 1, 2, 3, 4, 8, 10, 11, 12, 13], "neighbors": [9, 21, 17, 34, 26, 32, 36, 23, 7, 37, 13, 6, 29, 14, 20, 38, 8, 3, 11, 16, 0, 10, 25, 31, 35, 22, 12, 2]}, {"capacity": 276, "impossibleCargos": [0, 2, 4, 6, 7, 9, 12, 14], "neighbors": [20, 21, 2, 28, 23, 9, 35, 19, 37, 33, 3, 15, 34, 16, 7, 24, 10, 22, 4, 26, 12, 0, 30, 32, 8, 27, 39, 36]}, {"capacity": 268, "impossibleCargos": [0, 2, 5, 6, 10, 12, 13, 14], "neighbors": [23, 8, 4, 29, 15, 13, 12, 39, 37, 5, 30, 22, 9, 0, 17, 33, 36, 34, 25, 20, 28, 24, 18, 19, 2, 31, 26, 21, 27, 6, 14]}, {"capacity": 233, "impossibleCargos": [0, 2, 6, 8, 13], "neighbors": [10, 5, 26, 24, 17, 1, 18, 8, 20, 21, 0, 38, 31, 36, 4, 22, 39, 25, 37, 9, 32, 28, 19, 7, 13, 15, 29, 23, 12, 27]}, {"capacity": 268, "impossibleCargos": [0, 3, 4, 6, 9, 10, 13], "neighbors": [2, 19, 1, 27, 30, 14, 29, 31, 35, 20, 12, 32, 18, 0, 25, 11, 28, 6, 4, 37, 39, 8, 5, 13, 21, 24, 23, 17, 9]}, {"capacity": 294, "impossibleCargos": [2, 4, 5, 7, 14], "neighbors": [39, 1, 6, 27, 38, 31, 26, 11, 10, 24, 2, 18, 16, 20, 17, 34, 37, 22, 36, 4, 13, 7, 30, 9, 5, 23, 25, 28, 15, 0, 19]}, {"capacity": 267, "impossibleCargos": [0, 4, 5, 7, 10, 11, 12], "neighbors": [15, 5, 8, 6, 12, 27, 17, 28, 24, 1, 30, 33, 19, 39, 25, 11, 3, 35, 32, 16, 9, 37, 2, 18, 38, 14, 13, 4, 31]}, {"capacity": 221, "impossibleCargos": [0, 1, 4, 9, 11, 13], "neighbors": [18, 6, 21, 5, 7, 12, 28, 32, 0, 31, 17, 30, 16, 33, 22, 35, 1, 8, 11, 23, 19, 36, 15, 2, 10, 34, 24, 3, 27, 38, 14]}, {"capacity": 203, "impossibleCargos": [0, 2, 3, 4, 5, 7, 14], "neighbors": [1, 29, 22, 10, 5, 35, 3, 33, 28, 30, 39, 6, 21, 2, 23, 14, 27, 17, 7, 18, 19, 26, 36, 12, 16, 25, 37, 20]}, {"capacity": 220, "impossibleCargos": [0, 1, 2, 3, 5, 10, 11], "neighbors": [35, 18, 24, 26, 7, 4, 25, 17, 32, 19, 33, 36, 6, 3, 14, 5, 9, 38, 16, 11, 13, 23, 28, 27, 34, 10, 29, 22, 20, 12, 31]}]}