{"volumes": [751, 510, 976, 216, 643, 969, 522, 661, 433, 825, 455, 912, 783, 258, 523], "conflicts": [], "tanks": [{"capacity": 209, "impossibleCargos": [1, 5, 6, 7, 12, 13], "neighbors": [6, 20, 23, 28, 25, 7, 26, 12, 17, 34, 14, 33, 13, 2, 32, 3, 18, 30, 27, 11, 4, 22, 24, 8, 5, 9, 1, 38, 29, 10, 39]}, {"capacity": 235, "impossibleCargos": [2, 7, 12, 13], "neighbors": [36, 37, 11, 15, 16, 13, 21, 5, 20, 32, 29, 33, 7, 4, 18, 3, 25, 10, 19, 22, 9, 2, 23, 30, 35, 28, 6, 38, 8, 0]}, {"capacity": 260, "impossibleCargos": [1, 3, 4, 6, 10, 11, 12, 14], "neighbors": [12, 32, 29, 13, 22, 25, 36, 6, 28, 35, 19, 9, 31, 0, 37, 30, 27, 1, 15, 3, 34, 11, 26, 17, 23, 21, 5, 8, 20, 33, 10, 4, 39]}, {"capacity": 251, "impossibleCargos": [1, 2, 3, 8, 11], "neighbors": [30, 31, 10, 7, 19, 6, 23, 34, 8, 37, 27, 39, 1, 17, 5, 0, 36, 2, 24, 26, 29, 16, 21, 38, 35, 18]}, {"capacity": 220, "impossibleCargos": [0, 1, 2, 4, 5, 7, 10, 13, 14], "neighbors": [7, 28, 10, 6, 34, 19, 11, 16, 18, 24, 35, 1, 26, 14, 15, 33, 23, 30, 27, 0, 21, 13, 22, 5, 12, 2, 37, 25]}, {"capacity": 225, "impossibleCargos": [1, 3, 5, 9, 11, 13, 14], "neighbors": [11, 18, 38, 17, 23, 1, 26, 33, 37, 13, 9, 19, 28, 24, 3, 29, 30, 14, 27, 16, 21, 31, 0, 2, 34, 7, 4, 25]}, {"capacity": 278, "impossibleCargos": [0, 1, 2, 3, 4, 7, 10, 12, 13], "neighbors": [10, 23, 34, 4, 37, 0, 16, 7, 39, 9, 27, 3, 2, 32, 38, 31, 21, 19, 35, 18, 17, 28, 1, 8, 25, 11, 20, 13, 14, 30, 22]}, {"capacity": 215, "impossibleCargos": [1, 2, 3, 6, 12], "neighbors": [4, 17, 28, 23, 33, 3, 6, 0, 26, 1, 36, 37, 35, 24, 30, 31, 25, 14, 39, 38, 19, 5, 29, 11, 20, 10, 15, 27, 16]}, {"capacity": 236, "impossibleCargos": [3, 4, 6, 7, 8, 12, 13], "neighbors": [30, 21, 22, 13, 11, 39, 33, 23, 16, 3, 12, 31, 28, 18, 26, 17, 10, 20, 15, 29, 6, 24, 0, 25, 14, 2, 1, 38, 36, 9]}, {"capacity": 277, "impossibleCargos": [0, 1, 6, 7, 9, 10, 11, 14], "neighbors": [24, 15, 13, 22, 29, 17, 6, 27, 12, 5, 39, 2, 30, 19, 38, 1, 16, 18, 35, 31, 23, 0, 33, 36, 21, 14, 28, 8]}, {"capacity": 258, "impossibleCargos": [0, 1, 2, 4, 6, 8, 9, 10, 12], "neighbors": [30, 33, 20, 6, 24, 4, 3, 31, 21, 36, 32, 29, 18, 1, 14, 8, 38, 19, 23, 25, 27, 13, 17, 39, 12, 7, 2, 26, 15, 0, 34]}, {"capacity": 273, "impossibleCargos": [1, 2, 3, 6, 8, 9, 14], "neighbors": [5, 30, 1, 32, 31, 17, 4, 8, 27, 39, 35, 21, 13, 28, 23, 19, 24, 12, 22, 34, 26, 0, 25, 2, 20, 6, 38, 7, 18]}, {"capacity": 279, "impossibleCargos": [0, 1, 3, 4, 10, 11, 12, 13], "neighbors": [29, 2, 31, 32, 36, 20, 37, 0, 9, 30, 8, 17, 14, 35, 33, 16, 39, 11, 26, 19, 13, 22, 23, 10, 38, 4, 25, 21, 28]}, {"capacity": 270, "impossibleCargos": [1, 2, 3, 7, 8, 10, 11, 12], "neighbors": [34, 37, 29, 21, 9, 1, 32, 2, 15, 33, 39, 8, 38, 30, 0, 16, 5, 27, 14, 11, 20, 12, 4, 10, 31, 6, 19, 24, 36, 35]}, {"capacity": 245, "impossibleCargos": [1, 4, 7, 9, 12, 13, 14], "neighbors": [24, 17, 27, 0, 28, 33, 13, 4, 31, 12, 38, 32, 20, 10, 21, 5, 35, 37, 7, 34, 30, 23, 19, 8, 6, 39, 9, 22]}, {"capacity": 203, "impossibleCargos": [0, 2, 6, 9, 11, 14], "neighbors": [26, 37, 1, 25, 29, 9, 27, 36, 13, 30, 19, 32, 31, 34, 21, 22, 16, 33, 4, 17, 39, 2, 23, 8, 35, 38, 24, 18, 28, 10, 7]}, {"capacity": 291, "impossibleCargos": [1, 2, 5, 8, 12, 13, 14], "neighbors": [39, 33, 1, 21, 6, 32, 4, 34, 27, 20, 31, 13, 8, 22, 15, 29, 12, 19, 36, 25, 9, 5, 23, 37, 3, 30, 24, 7, 17]}, {"capacity": 292, "impossibleCargos": [3, 4, 6, 7, 11, 12], "neighbors": [7, 27, 34, 5, 11, 21, 9, 39, 19, 14, 0, 12, 3, 22, 15, 8, 26, 6, 29, 25, 20, 30, 2, 38, 33, 10, 24, 36, 23, 18, 16]}, {"capacity": 247, "impossibleCargos": [4, 12, 13, 14], "neighbors": [23, 5, 39, 36, 4, 32, 1, 30, 38, 35, 22, 10, 25, 27, 8, 6, 0, 21, 9, 19, 37, 15, 11, 17, 3]}, {"capacity": 251, "impossibleCargos": [0, 3, 5, 6, 8, 9, 10, 12, 13, 14], "neighbors": [4, 15, 3, 17, 30, 29, 5, 2, 34, 39, 9, 11, 16, 37, 1, 6, 10, 21, 38, 12, 35, 18, 7, 14, 26, 33, 13, 24, 32, 25, 22]}, {"capacity": 277, "impossibleCargos": [1, 2, 3, 6, 9, 12], "neighbors": [10, 33, 0, 1, 12, 25, 16, 30, 27, 28, 23, 38, 24, 14, 26, 34, 8, 13, 29, 37, 17, 11, 35, 6, 2, 7, 32]}, {"capacity": 300, "impossibleCargos": [3, 4, 7, 8, 12], "neighbors": [23, 30, 13, 31, 8, 32, 1, 16, 17, 10, 27, 24, 15, 11, 6, 35, 36, 14, 38, 22, 18, 19, 5, 4, 2, 26, 28, 33, 3, 12, 9, 25, 37, 29]}, {"capacity": 245, "impossibleCargos": [1, 2, 5, 10], "neighbors": [26, 9, 2, 8, 25, 38, 32, 16, 15, 18, 33, 17, 11, 27, 1, 23, 21, 0, 12, 36, 4, 28, 39, 35, 31, 6, 14, 19]}, {"capacity": 283, "impossibleCargos": [3, 4, 7, 8, 10, 13, 14], "neighbors": [18, 28, 21, 38, 6, 26, 7, 5, 0, 30, 31, 39, 8, 3, 29, 27, 34, 20, 11, 4, 22, 1, 15, 10, 14, 32, 9, 36, 2, 35, 12, 16, 17]}, {"capacity": 259, "impossibleCargos": [4, 5, 7, 8, 9, 11, 12], "neighbors": [9, 10, 25, 14, 4, 21, 7, 30, 5, 26, 11, 20, 31, 8, 38, 27, 0, 15, 3, 29, 19, 28, 13, 17, 39, 37, 16]}, {"capacity": 295, "impossibleCargos": [4, 8, 9, 11, 14], "neighbors": [15, 24, 2, 28, 0, 20, 22, 33, 18, 7, 1, 16, 31, 39, 35, 26, 10, 11, 17, 6, 32, 8, 5, 12, 19, 21, 4]}, {"capacity": 246, "impossibleCargos": [2, 7, 8, 9, 13, 14], "neighbors": [36, 15, 27, 22, 23, 5, 30, 0, 7, 4, 32, 24, 8, 20, 11, 25, 17, 12, 35, 33, 39, 28, 38, 2, 19, 21, 3, 10, 29, 34]}, {"capacity": 230, "impossibleCargos": [0, 1, 5, 7, 9, 12], "neighbors": [39, 26, 15, 17, 30, 29, 33, 32, 6, 9, 16, 21, 14, 11, 38, 13, 20, 34, 23, 35, 3, 18, 31, 22, 2, 28, 5, 0, 4, 24, 10, 7]}, {"capacity": 239, "impossibleCargos": [1, 5, 6, 9], "neighbors": [23, 4, 7, 25, 0, 37, 30, 29, 2, 14, 5, 11, 20, 32, 8, 27, 36, 6, 35, 1, 26, 34, 22, 21, 24, 15, 12, 9]}, {"capacity": 229, "impossibleCargos": [0, 3, 5, 6, 7, 8, 10, 13, 14], "neighbors": [36, 13, 12, 15, 2, 27, 9, 1, 28, 19, 23, 35, 30, 10, 16, 5, 34, 31, 8, 17, 38, 20, 37, 24, 7, 3, 0, 26, 21]}, {"capacity": 244, "impossibleCargos": [0, 1, 2, 3, 4, 10, 11], "neighbors": [8, 10, 37, 21, 11, 3, 27, 15, 36, 26, 23, 28, 19, 12, 13, 20, 35, 18, 34, 29, 24, 9, 7, 39, 2, 5, 4, 0, 1, 14, 17, 6, 16, 33]}, {"capacity": 203, "impossibleCargos": [1, 2, 4, 5, 7, 12], "neighbors": [21, 3, 12, 11, 37, 10, 23, 15, 39, 32, 16, 8, 6, 14, 2, 7, 38, 27, 24, 25, 29, 34, 5, 9, 13, 22]}, {"capacity": 228, "impossibleCargos": [5, 7, 11, 12, 13, 14], "neighbors": [2, 13, 11, 33, 21, 12, 16, 1, 27, 15, 18, 31, 10, 6, 22, 35, 26, 28, 0, 14, 23, 25, 38, 37, 19, 20]}, {"capacity": 272, "impossibleCargos": [0, 1, 3, 4, 6, 9, 10, 11, 12, 14], "neighbors": [10, 20, 16, 38, 32, 36, 7, 27, 13, 5, 1, 8, 0, 25, 14, 15, 22, 12, 4, 37, 34, 26, 17, 19, 2, 21, 9, 35, 39, 30]}, {"capacity": 246, "impossibleCargos": [1, 2, 3, 8, 12, 14], "neighbors": [13, 6, 17, 4, 16, 0, 37, 36, 39, 15, 3, 30, 27, 19, 23, 33, 20, 29, 11, 14, 31, 2, 28, 5, 10, 26]}, {"capacity": 273, "impossibleCargos": [0, 2, 4, 9, 10, 13], "neighbors": [4, 30, 2, 18, 27, 11, 29, 7, 37, 12, 32, 38, 21, 6, 14, 25, 36, 1, 28, 26, 9, 15, 19, 20, 23, 39, 22, 33, 3, 13]}, {"capacity": 281, "impossibleCargos": [1, 2, 3, 4, 6, 7, 10, 11], "neighbors": [38, 26, 29, 1, 37, 15, 18, 33, 30, 12, 2, 7, 39, 34, 10, 16, 21, 3, 28, 35, 22, 23, 9, 13, 17, 8]}, {"capacity": 293, "impossibleCargos": [0, 1, 4, 7, 9, 11, 13, 14], "neighbors": [30, 13, 36, 1, 15, 6, 31, 12, 5, 28, 34, 39, 7, 3, 35, 2, 19, 33, 14, 20, 29, 32, 18, 16, 21, 24, 4]}, {"capacity": 299, "impossibleCargos": [0, 3, 5, 6, 9, 10, 12, 13, 14], "neighbors": [36, 23, 5, 33, 13, 22, 27, 18, 6, 35, 9, 31, 20, 14, 21, 10, 19, 29, 7, 24, 15, 26, 17, 39, 1, 32, 11, 12, 0, 3, 8]}, {"capacity": 294, "impossibleCargos": [1, 2, 4, 5, 6, 7, 9, 11, 13], "neighbors": [16, 27, 18, 13, 17, 6, 8, 36, 31, 23, 37, 34, 11, 9, 19, 3, 12, 30, 25, 15, 7, 26, 38, 22, 10, 35, 14, 24, 33, 2, 0]}]}