{"volumes": [511, 199, 256, 741, 1334, 892, 453, 222, 975, 637, 712, 723, 404, 512, 711], "conflicts": [[1, 5]], "tanks": [{"capacity": 225, "impossibleCargos": [0, 2, 4, 7, 8, 10, 13], "neighbors": [9, 28, 13, 34, 30, 23, 7, 31, 6, 14, 10, 17, 38, 2, 32, 15, 11, 29, 1, 5, 18, 25, 21, 20, 19, 37, 12, 27]}, {"capacity": 291, "impossibleCargos": [0, 4, 10], "neighbors": [17, 33, 15, 34, 32, 25, 6, 22, 8, 27, 4, 5, 16, 14, 2, 26, 20, 23, 30, 7, 28, 38, 12, 13, 35, 3, 0, 10, 37, 29, 31, 18]}, {"capacity": 267, "impossibleCargos": [1, 2, 9, 10, 13], "neighbors": [4, 7, 13, 31, 36, 22, 8, 1, 29, 24, 33, 9, 38, 5, 35, 19, 14, 0, 11, 30, 10, 23, 18, 37, 6, 27, 34, 26, 39, 3, 32, 25, 20]}, {"capacity": 276, "impossibleCargos": [0, 1, 3, 4, 5, 6, 9], "neighbors": [11, 31, 8, 23, 15, 16, 35, 18, 12, 33, 25, 14, 37, 32, 5, 21, 28, 10, 38, 1, 4, 36, 24, 9, 7, 22, 20, 2, 6]}, {"capacity": 270, "impossibleCargos": [1, 8, 9, 11, 14], "neighbors": [33, 2, 19, 32, 36, 37, 17, 8, 38, 1, 18, 24, 39, 29, 21, 10, 34, 15, 27, 13, 16, 28, 25, 3, 22, 31, 14, 35, 7, 20, 12, 5]}, {"capacity": 300, "impossibleCargos": [1, 2, 3, 4, 11, 12, 14], "neighbors": [9, 12, 36, 21, 16, 1, 6, 24, 18, 2, 22, 35, 3, 20, 27, 10, 32, 17, 34, 0, 7, 15, 29, 37, 11, 23, 14, 30, 13, 4]}, {"capacity": 300, "impossibleCargos": [0, 1, 3, 6, 7, 13, 14], "neighbors": [34, 1, 9, 21, 5, 27, 0, 29, 25, 31, 18, 22, 38, 14, 7, 36, 33, 19, 20, 35, 8, 15, 12, 30, 39, 2, 16, 26, 10, 3, 17]}, {"capacity": 283, "impossibleCargos": [0, 2, 4, 5, 6, 7, 8, 11, 12, 13], "neighbors": [2, 26, 11, 0, 37, 16, 14, 6, 1, 21, 24, 32, 36, 8, 38, 22, 20, 12, 15, 5, 3, 25, 29, 17, 33, 31, 30, 28, 4, 19, 23]}, {"capacity": 252, "impossibleCargos": [0, 1, 2, 3, 4, 5, 6, 7, 10, 11, 12, 13, 14], "neighbors": [21, 19, 37, 3, 4, 1, 24, 15, 22, 2, 17, 13, 32, 12, 9, 39, 26, 11, 33, 18, 30, 36, 20, 7, 25, 6, 28, 31, 16, 29, 34, 23]}, {"capacity": 261, "impossibleCargos": [1, 5, 6, 12, 13, 14], "neighbors": [0, 5, 21, 27, 22, 37, 12, 6, 11, 33, 29, 38, 2, 32, 8, 24, 23, 19, 10, 25, 34, 30, 39, 14, 3, 17, 13, 18, 31]}, {"capacity": 254, "impossibleCargos": [5, 7, 9, 10, 11], "neighbors": [22, 25, 16, 24, 26, 30, 31, 0, 32, 4, 12, 9, 5, 2, 3, 36, 38, 29, 1, 15, 11, 18, 19, 21, 6, 13, 39]}, {"capacity": 203, "impossibleCargos": [3, 9, 10, 12, 13, 14], "neighbors": [39, 30, 3, 22, 24, 23, 7, 12, 9, 38, 37, 21, 8, 29, 19, 2, 0, 35, 15, 17, 31, 10, 25, 34, 5, 14]}, {"capacity": 249, "impossibleCargos": [2, 3, 4, 6, 7, 8, 9, 10], "neighbors": [15, 5, 37, 9, 22, 11, 3, 24, 16, 8, 36, 23, 13, 38, 14, 18, 17, 19, 31, 10, 26, 1, 21, 20, 6, 7, 33, 29, 32, 0, 4]}, {"capacity": 262, "impossibleCargos": [1, 3, 4, 5, 6, 9, 10, 11, 13, 14], "neighbors": [2, 33, 0, 35, 32, 27, 39, 8, 12, 30, 14, 26, 38, 1, 23, 19, 4, 24, 31, 22, 9, 25, 10, 5]}, {"capacity": 258, "impossibleCargos": [1, 3, 4, 7, 10, 11, 14], "neighbors": [33, 15, 34, 28, 29, 1, 37, 32, 18, 19, 23, 31, 0, 7, 38, 21, 12, 6, 13, 25, 2, 3, 24, 30, 16, 26, 39, 4, 9, 35, 5, 20, 36, 11]}, {"capacity": 202, "impossibleCargos": [1, 2, 4, 5, 6, 7, 14], "neighbors": [12, 14, 26, 1, 17, 16, 28, 22, 21, 8, 3, 39, 25, 36, 30, 35, 4, 27, 0, 31, 29, 6, 38, 11, 20, 7, 10, 5, 37, 33]}, {"capacity": 226, "impossibleCargos": [0, 1, 2, 3, 7, 8, 9, 12, 13], "neighbors": [35, 32, 10, 27, 15, 5, 38, 31, 1, 3, 7, 12, 29, 24, 23, 20, 26, 33, 36, 4, 14, 18, 17, 30, 37, 6, 8, 34]}, {"capacity": 295, "impossibleCargos": [0, 1, 3, 7, 9, 10, 12], "neighbors": [18, 1, 15, 4, 36, 39, 8, 34, 30, 29, 38, 24, 35, 12, 0, 37, 25, 5, 20, 16, 31, 19, 11, 22, 7, 9, 27, 21, 6]}, {"capacity": 227, "impossibleCargos": [0, 1, 5, 6, 7], "neighbors": [17, 30, 35, 29, 20, 31, 39, 26, 4, 3, 14, 34, 5, 21, 6, 12, 8, 32, 28, 16, 0, 2, 33, 22, 38, 10, 1, 25, 9, 27]}, {"capacity": 253, "impossibleCargos": [1, 2, 3, 4, 5, 6, 7, 8, 9, 10, 11, 12, 13], "neighbors": [35, 22, 4, 28, 25, 8, 38, 21, 26, 23, 32, 14, 27, 36, 2, 30, 12, 29, 11, 9, 20, 6, 13, 34, 37, 17, 0, 10, 39, 7]}, {"capacity": 243, "impossibleCargos": [1, 2, 4, 5, 11, 13], "neighbors": [29, 18, 25, 1, 16, 19, 5, 32, 8, 17, 39, 24, 6, 28, 7, 36, 12, 15, 38, 34, 35, 0, 30, 3, 27, 14, 2, 4, 22]}, {"capacity": 249, "impossibleCargos": [6, 7, 9, 10, 11, 13], "neighbors": [9, 8, 5, 24, 15, 26, 6, 36, 37, 27, 28, 11, 19, 35, 39, 18, 14, 4, 33, 23, 7, 3, 38, 12, 0, 30, 22, 32, 29, 10, 17]}, {"capacity": 268, "impossibleCargos": [0, 2, 11], "neighbors": [10, 11, 19, 27, 9, 33, 12, 31, 1, 15, 24, 32, 2, 8, 37, 30, 38, 6, 34, 5, 36, 29, 4, 18, 7, 17, 3, 23, 21, 13, 20, 35]}, {"capacity": 294, "impossibleCargos": [1, 2, 7, 9, 13, 14], "neighbors": [39, 11, 26, 36, 0, 3, 25, 28, 19, 14, 12, 35, 1, 38, 9, 16, 21, 24, 27, 13, 2, 37, 32, 22, 30, 5, 7, 8]}, {"capacity": 205, "impossibleCargos": [0, 2, 4, 8, 13, 14], "neighbors": [29, 11, 34, 27, 10, 33, 21, 8, 22, 5, 4, 2, 12, 17, 9, 16, 31, 32, 14, 38, 25, 23, 7, 37, 13, 20, 3, 36]}, {"capacity": 286, "impossibleCargos": [0, 1, 2, 3, 7, 8, 9, 10, 11, 13], "neighbors": [10, 31, 1, 19, 23, 28, 27, 15, 20, 32, 33, 34, 29, 6, 3, 14, 38, 30, 24, 17, 9, 8, 4, 35, 0, 11, 7, 18, 2, 13, 37]}, {"capacity": 285, "impossibleCargos": [1, 3, 5, 6, 7, 9, 10, 11, 13, 14], "neighbors": [39, 15, 37, 7, 10, 23, 21, 18, 19, 34, 1, 27, 29, 8, 13, 16, 12, 14, 28, 33, 36, 2, 30, 6, 32]}, {"capacity": 246, "impossibleCargos": [0, 1, 2, 5, 9, 12, 13, 14], "neighbors": [9, 22, 35, 28, 24, 16, 33, 1, 38, 21, 25, 13, 6, 26, 19, 39, 4, 15, 23, 5, 2, 20, 34, 17, 18, 36, 0]}, {"capacity": 212, "impossibleCargos": [2, 7, 8, 9, 10, 11, 14], "neighbors": [36, 37, 27, 19, 0, 14, 15, 25, 23, 21, 31, 34, 29, 1, 39, 3, 4, 18, 26, 8, 20, 32, 35, 7]}, {"capacity": 224, "impossibleCargos": [0, 2, 3, 8, 14], "neighbors": [36, 24, 20, 18, 14, 39, 9, 2, 17, 26, 6, 25, 16, 11, 28, 4, 19, 0, 30, 15, 22, 35, 10, 34, 1, 7, 5, 12, 21, 8, 33]}, {"capacity": 267, "impossibleCargos": [0, 1, 4, 5, 11, 13, 14], "neighbors": [11, 18, 0, 32, 22, 17, 10, 13, 1, 15, 19, 25, 8, 14, 2, 31, 29, 9, 34, 16, 6, 21, 39, 20, 23, 26, 38, 5, 7, 37]}, {"capacity": 230, "impossibleCargos": [0, 1, 2, 6, 7, 8, 11], "neighbors": [25, 3, 22, 2, 33, 18, 16, 28, 0, 14, 10, 38, 6, 34, 24, 12, 32, 15, 30, 17, 4, 13, 11, 1, 7, 8, 9]}, {"capacity": 276, "impossibleCargos": [0, 1, 3, 8, 10, 11], "neighbors": [39, 16, 4, 1, 22, 13, 34, 30, 14, 25, 19, 8, 9, 36, 10, 24, 0, 33, 3, 18, 20, 35, 7, 5, 31, 28, 23, 21, 2, 12, 26]}, {"capacity": 228, "impossibleCargos": [2, 3, 7, 11, 12], "neighbors": [14, 4, 1, 22, 24, 13, 36, 27, 31, 39, 9, 2, 3, 25, 8, 21, 32, 16, 6, 26, 18, 12, 35, 7, 29, 38, 15]}, {"capacity": 205, "impossibleCargos": [0, 2, 4, 5, 7, 13], "neighbors": [1, 14, 24, 6, 0, 36, 32, 26, 17, 18, 39, 25, 28, 31, 22, 4, 35, 38, 5, 19, 9, 30, 29, 20, 2, 11, 27, 8, 16]}, {"capacity": 290, "impossibleCargos": [2, 3, 8, 10, 11, 13, 14], "neighbors": [19, 16, 18, 27, 13, 21, 3, 2, 23, 17, 5, 36, 39, 15, 32, 11, 34, 38, 1, 6, 29, 25, 14, 20, 28, 33, 4, 37, 22]}, {"capacity": 266, "impossibleCargos": [0, 1, 2, 3, 5, 8, 9, 12, 14], "neighbors": [29, 28, 5, 4, 2, 23, 33, 17, 34, 21, 37, 15, 32, 12, 19, 6, 35, 22, 16, 8, 7, 10, 3, 26, 20, 38, 24, 14, 27]}, {"capacity": 213, "impossibleCargos": [0, 1, 2, 3, 5, 7, 14], "neighbors": [28, 9, 12, 26, 8, 4, 21, 7, 36, 11, 22, 14, 3, 24, 39, 17, 19, 2, 1, 23, 5, 16, 0, 35, 25, 15, 30]}, {"capacity": 240, "impossibleCargos": [0, 1, 2, 4, 8, 9, 11], "neighbors": [39, 16, 4, 19, 11, 27, 9, 2, 17, 31, 14, 22, 12, 6, 23, 25, 0, 1, 24, 13, 35, 34, 3, 21, 7, 15, 10, 20, 18, 36, 30, 33]}, {"capacity": 229, "impossibleCargos": [4, 6, 8, 14], "neighbors": [11, 32, 26, 38, 23, 33, 18, 29, 15, 17, 34, 13, 8, 21, 4, 27, 28, 35, 37, 20, 9, 14, 6, 30, 2, 19, 10]}]}