{"volumes": [420, 0, 702, 677, 0, 908, 553, 1227, 475, 694, 745, 1029, 1021, 213, 829], "conflicts": [[0, 4], [1, 2], [1, 3], [1, 4], [1, 7], [1, 8], [1, 9], [1, 10], [1, 11], [1, 12], [1, 13], [1, 14], [2, 4], [3, 4], [4, 6], [4, 7], [4, 8], [4, 10], [4, 11], [4, 12], [4, 13]], "tanks": [{"capacity": 283, "impossibleCargos": [0, 3, 5, 6, 9, 10, 12], "neighbors": [22, 20, 2, 19, 13, 25, 35, 8, 15, 9, 31, 24, 23, 29, 16, 18, 6, 33, 39, 10, 34, 26, 4, 1, 37, 27, 5, 30, 38, 32, 28, 14]}, {"capacity": 263, "impossibleCargos": [1, 4, 8, 9, 10, 12], "neighbors": [15, 13, 21, 9, 32, 20, 25, 39, 4, 18, 8, 30, 34, 37, 26, 0, 22, 17, 33, 10, 16, 12, 28, 27, 29, 5, 36]}, {"capacity": 265, "impossibleCargos": [1, 4, 5, 8, 12, 14], "neighbors": [0, 18, 21, 8, 37, 10, 12, 14, 23, 31, 34, 17, 7, 15, 19, 35, 29, 33, 27, 16, 39, 36, 24, 9, 5, 30, 6]}, {"capacity": 247, "impossibleCargos": [1, 3, 4, 7, 8, 10, 12], "neighbors": [23, 12, 24, 6, 16, 5, 14, 15, 21, 8, 30, 13, 36, 28, 38, 39, 18, 20, 26, 25, 31, 34, 29, 7, 17, 4, 35, 33, 19]}, {"capacity": 287, "impossibleCargos": [5, 6, 9, 12], "neighbors": [20, 36, 18, 10, 25, 12, 5, 29, 34, 8, 26, 11, 1, 17, 14, 39, 0, 37, 19, 32, 16, 33, 3, 15, 9, 6, 31, 24, 28]}, {"capacity": 274, "impossibleCargos": [5, 6, 7, 10], "neighbors": [30, 37, 3, 34, 22, 28, 4, 6, 14, 24, 17, 35, 25, 27, 9, 38, 29, 31, 0, 20, 32, 2, 1, 33, 26, 11, 8, 10, 12, 18, 7]}, {"capacity": 292, "impossibleCargos": [0, 3, 7, 9, 10, 13], "neighbors": [3, 7, 35, 19, 18, 12, 20, 5, 30, 17, 22, 31, 27, 0, 13, 21, 9, 24, 32, 25, 4, 28, 26, 36, 8, 38, 34, 2, 15, 14]}, {"capacity": 232, "impossibleCargos": [0, 2, 4, 5, 6, 8, 11, 12, 13, 14], "neighbors": [39, 25, 24, 6, 32, 20, 29, 9, 12, 11, 19, 2, 13, 21, 34, 28, 37, 33, 3, 30, 16, 14, 15, 10, 5]}, {"capacity": 297, "impossibleCargos": [2, 3, 4, 5, 8, 9, 13, 14], "neighbors": [28, 34, 36, 11, 0, 2, 17, 37, 33, 3, 4, 20, 30, 16, 25, 15, 23, 1, 32, 24, 19, 29, 13, 22, 26, 18, 6, 31, 5, 21]}, {"capacity": 229, "impossibleCargos": [0, 6, 7, 9, 11, 13, 14], "neighbors": [12, 24, 31, 18, 29, 13, 0, 1, 7, 19, 36, 11, 33, 23, 6, 34, 5, 27, 35, 32, 2, 26, 22, 4, 17, 30, 14, 38, 15, 20, 16, 10, 21]}, {"capacity": 289, "impossibleCargos": [4, 7, 8, 9, 12, 13], "neighbors": [31, 28, 26, 34, 29, 22, 2, 4, 21, 38, 16, 11, 12, 19, 20, 13, 36, 0, 18, 1, 27, 23, 30, 24, 17, 25, 33, 14, 5, 9, 7]}, {"capacity": 220, "impossibleCargos": [0, 1, 3, 4, 5, 7, 8, 10, 14], "neighbors": [26, 28, 8, 27, 23, 7, 15, 35, 10, 9, 4, 19, 31, 17, 16, 22, 13, 20, 34, 37, 32, 5, 29, 18, 21]}, {"capacity": 217, "impossibleCargos": [1, 2, 4, 6, 7, 8, 9, 14], "neighbors": [31, 9, 14, 3, 26, 25, 15, 2, 6, 34, 4, 19, 7, 28, 10, 33, 18, 17, 13, 32, 38, 1, 21, 36, 5, 35, 39]}, {"capacity": 300, "impossibleCargos": [0, 1, 5, 7, 8, 9, 14], "neighbors": [37, 17, 0, 1, 22, 39, 9, 3, 35, 26, 21, 10, 7, 6, 30, 18, 14, 24, 16, 31, 11, 12, 8, 20, 36, 23, 19, 33]}, {"capacity": 249, "impossibleCargos": [2, 4, 6, 9, 10, 14], "neighbors": [12, 3, 2, 39, 5, 24, 35, 30, 21, 17, 29, 15, 13, 20, 31, 23, 4, 37, 36, 33, 18, 34, 7, 16, 28, 9, 10, 32, 0, 6, 26]}, {"capacity": 288, "impossibleCargos": [0, 3, 5, 6, 9, 11, 12], "neighbors": [32, 1, 20, 31, 23, 0, 12, 3, 19, 11, 2, 27, 8, 28, 39, 14, 18, 16, 29, 17, 24, 4, 26, 35, 7, 25, 21, 37, 9, 22, 30, 6]}, {"capacity": 289, "impossibleCargos": [1, 3, 7, 9, 10, 11], "neighbors": [20, 3, 30, 22, 28, 0, 10, 8, 11, 2, 34, 24, 39, 13, 15, 23, 1, 7, 4, 25, 35, 38, 29, 17, 36, 14, 32, 31, 9, 26, 33]}, {"capacity": 264, "impossibleCargos": [2, 6, 8, 11], "neighbors": [31, 13, 37, 34, 8, 29, 2, 6, 25, 11, 5, 14, 38, 4, 20, 24, 30, 12, 33, 1, 3, 15, 21, 27, 39, 16, 10, 35, 28, 9, 32, 26]}, {"capacity": 222, "impossibleCargos": [2, 4, 5, 6, 8, 9, 12, 13, 14], "neighbors": [29, 39, 35, 2, 19, 9, 36, 4, 32, 6, 33, 24, 30, 23, 0, 3, 13, 10, 1, 12, 15, 21, 34, 20, 14, 27, 31, 8, 11, 26, 5, 22]}, {"capacity": 281, "impossibleCargos": [1, 4, 7, 9, 10, 11, 13], "neighbors": [31, 23, 0, 18, 24, 27, 38, 6, 35, 15, 28, 12, 9, 7, 37, 36, 11, 10, 2, 32, 34, 29, 8, 4, 25, 3, 26, 22, 13]}, {"capacity": 290, "impossibleCargos": [0, 1, 5, 6, 8, 9, 13, 14], "neighbors": [4, 16, 0, 15, 22, 7, 31, 6, 33, 8, 24, 1, 28, 10, 3, 14, 17, 11, 18, 5, 27, 39, 13, 21, 9, 29, 32, 35, 25]}, {"capacity": 218, "impossibleCargos": [0, 5, 6, 7, 10, 11, 12], "neighbors": [26, 35, 24, 2, 1, 3, 10, 27, 32, 37, 33, 28, 13, 14, 6, 7, 31, 18, 34, 39, 17, 20, 36, 12, 29, 15, 38, 8, 11, 23, 9, 22]}, {"capacity": 258, "impossibleCargos": [2, 4, 5, 6, 8, 10, 11], "neighbors": [0, 20, 10, 23, 13, 38, 32, 39, 5, 16, 33, 6, 36, 28, 11, 35, 26, 24, 1, 8, 34, 9, 15, 27, 19, 29, 18, 21]}, {"capacity": 216, "impossibleCargos": [1, 2, 5, 7, 8, 11, 13], "neighbors": [3, 39, 19, 22, 15, 2, 11, 34, 0, 26, 18, 27, 35, 9, 8, 33, 14, 37, 32, 16, 10, 36, 28, 29, 13, 25, 30, 21]}, {"capacity": 246, "impossibleCargos": [2, 3, 9, 10, 13], "neighbors": [9, 21, 3, 7, 19, 0, 18, 25, 20, 5, 37, 14, 36, 35, 38, 28, 16, 13, 17, 8, 6, 22, 2, 33, 15, 34, 10, 32, 29, 4]}, {"capacity": 275, "impossibleCargos": [1, 3, 4, 5, 8, 9, 10, 11, 14], "neighbors": [37, 7, 12, 29, 0, 31, 4, 39, 24, 33, 17, 8, 28, 1, 27, 30, 35, 3, 38, 5, 26, 32, 6, 19, 16, 10, 15, 34, 23, 20]}, {"capacity": 212, "impossibleCargos": [3, 5, 6, 7, 9, 11, 12, 13], "neighbors": [21, 30, 12, 10, 11, 38, 34, 23, 33, 13, 4, 3, 29, 0, 32, 25, 22, 1, 28, 39, 8, 9, 35, 31, 15, 5, 6, 27, 18, 19, 16, 14, 17]}, {"capacity": 285, "impossibleCargos": [3, 4, 6, 7, 8, 9, 11, 12, 13], "neighbors": [34, 30, 11, 28, 39, 19, 21, 23, 6, 15, 25, 2, 5, 9, 0, 35, 18, 1, 17, 20, 10, 32, 29, 22, 26]}, {"capacity": 278, "impossibleCargos": [2, 4, 12, 13, 14], "neighbors": [8, 10, 11, 27, 35, 31, 5, 16, 30, 19, 12, 3, 20, 25, 21, 22, 15, 24, 7, 26, 1, 29, 17, 33, 6, 14, 23, 37, 0, 4]}, {"capacity": 205, "impossibleCargos": [6, 7, 9, 10, 13], "neighbors": [30, 18, 25, 10, 9, 7, 31, 4, 0, 17, 14, 26, 2, 34, 19, 38, 33, 5, 3, 8, 15, 28, 16, 1, 23, 21, 11, 27, 39, 20, 24, 37, 22]}, {"capacity": 248, "impossibleCargos": [1, 2, 5, 6, 7, 8, 14], "neighbors": [29, 26, 5, 34, 27, 39, 16, 28, 3, 18, 6, 31, 8, 14, 13, 25, 1, 35, 17, 37, 33, 7, 0, 10, 9, 32, 2, 23, 15]}, {"capacity": 212, "impossibleCargos": [4, 7, 8, 11], "neighbors": [12, 19, 10, 17, 36, 9, 15, 20, 25, 28, 0, 29, 2, 30, 37, 6, 11, 38, 32, 39, 21, 14, 3, 13, 35, 18, 5, 26, 33, 8, 16, 4]}, {"capacity": 243, "impossibleCargos": [3, 5, 6, 7, 12, 13, 14], "neighbors": [15, 7, 37, 22, 18, 21, 1, 36, 19, 33, 31, 35, 26, 8, 23, 12, 9, 6, 4, 25, 5, 27, 11, 30, 0, 24, 16, 14, 20, 17]}, {"capacity": 270, "impossibleCargos": [0, 4, 8, 10, 11, 14], "neighbors": [36, 18, 8, 26, 20, 25, 21, 22, 9, 32, 0, 2, 12, 23, 29, 30, 14, 17, 1, 7, 4, 24, 34, 28, 5, 31, 3, 10, 38, 16, 13]}, {"capacity": 277, "impossibleCargos": [3, 6, 8, 11], "neighbors": [27, 8, 30, 10, 5, 17, 12, 23, 26, 4, 2, 38, 29, 16, 0, 19, 7, 9, 39, 1, 21, 3, 18, 35, 14, 11, 24, 22, 33, 36, 25, 6]}, {"capacity": 206, "impossibleCargos": [8, 9, 11, 12, 13], "neighbors": [21, 18, 6, 0, 28, 19, 11, 37, 13, 23, 14, 2, 5, 36, 24, 25, 22, 32, 30, 34, 9, 27, 31, 16, 26, 3, 17, 15, 38, 20, 12]}, {"capacity": 259, "impossibleCargos": [2, 4, 5, 6, 8, 9, 10, 13], "neighbors": [4, 31, 37, 8, 18, 33, 39, 9, 32, 3, 24, 19, 22, 35, 10, 2, 14, 34, 16, 23, 21, 6, 13, 12, 1]}, {"capacity": 257, "impossibleCargos": [1, 2, 3, 5, 6, 9, 13], "neighbors": [36, 25, 5, 13, 32, 17, 2, 8, 35, 21, 31, 24, 19, 14, 23, 39, 1, 30, 0, 7, 4, 11, 28, 15, 29]}, {"capacity": 262, "impossibleCargos": [0, 4, 5, 6, 7, 8, 10, 11, 12, 13, 14], "neighbors": [22, 19, 26, 10, 3, 31, 17, 34, 24, 25, 5, 29, 12, 16, 0, 6, 9, 21, 35, 33]}, {"capacity": 235, "impossibleCargos": [4, 7], "neighbors": [18, 7, 23, 30, 27, 13, 22, 25, 14, 36, 3, 1, 31, 0, 15, 16, 34, 2, 37, 4, 21, 26, 20, 17, 29, 12]}]}