{"volumes": [225, 1246, 1302, 384, 0, 228, 722, 674, 414, 1179, 753, 0, 214, 1653, 216], "conflicts": [[0, 4], [0, 8], [0, 11], [0, 12], [1, 4], [1, 11], [2, 4], [4, 5], [4, 6], [4, 8], [4, 9], [4, 10], [4, 11], [4, 12], [4, 14], [5, 11], [6, 11], [8, 11], [9, 11], [10, 11], [11, 12], [11, 14], [12, 14]], "tanks": [{"capacity": 220, "impossibleCargos": [0, 2, 5, 6, 8, 9, 11, 12], "neighbors": [14, 11, 34, 2, 15, 27, 26, 1, 20, 8, 37, 12, 25, 6, 35, 23, 30, 4, 17, 33, 29, 7, 3, 13, 22, 5, 38, 24, 18]}, {"capacity": 261, "impossibleCargos": [0, 3, 4, 6, 7, 9, 10, 11, 12, 13, 14], "neighbors": [7, 15, 10, 20, 2, 12, 0, 37, 14, 4, 5, 32, 33, 24, 35, 36, 21, 22, 39, 8, 17, 23, 11, 9, 38, 25, 34, 27]}, {"capacity": 223, "impossibleCargos": [1, 3, 5, 7, 9, 10, 11, 13], "neighbors": [18, 39, 32, 0, 10, 1, 36, 19, 3, 23, 9, 15, 12, 6, 11, 4, 28, 20, 13, 37, 14, 17, 5, 27, 24, 34, 33, 16, 7]}, {"capacity": 221, "impossibleCargos": [0, 1, 4, 6, 8, 11, 13, 14], "neighbors": [35, 32, 7, 39, 26, 30, 23, 2, 6, 15, 5, 21, 16, 12, 24, 19, 37, 29, 31, 27, 22, 20, 0, 17, 38, 9, 14, 36, 10, 8]}, {"capacity": 278, "impossibleCargos": [0, 1, 4, 5, 7, 8, 11, 12, 13, 14], "neighbors": [12, 20, 11, 36, 18, 27, 1, 9, 7, 31, 16, 5, 21, 2, 13, 17, 25, 0, 24, 32, 8, 22, 39, 23, 26, 35, 15, 28, 37, 33, 6, 14, 19]}, {"capacity": 292, "impossibleCargos": [0, 1, 2, 4, 6, 7, 8, 13, 14], "neighbors": [27, 31, 29, 18, 1, 13, 3, 23, 4, 36, 25, 10, 8, 28, 17, 2, 19, 6, 22, 9, 38, 33, 34, 32, 35, 0, 12, 20, 16, 7]}, {"capacity": 275, "impossibleCargos": [1, 3, 4, 6, 7, 8, 9, 14], "neighbors": [24, 16, 3, 22, 37, 21, 26, 20, 0, 2, 36, 23, 15, 33, 8, 32, 30, 11, 5, 39, 19, 25, 7, 34, 10, 4, 14, 27, 17]}, {"capacity": 280, "impossibleCargos": [4, 5, 10, 11, 12, 14], "neighbors": [11, 1, 14, 22, 3, 17, 16, 33, 24, 20, 28, 15, 30, 37, 35, 4, 31, 21, 27, 34, 0, 38, 32, 8, 6, 29, 18, 13, 2, 26, 12, 9, 23, 5]}, {"capacity": 277, "impossibleCargos": [0, 1, 4, 5, 7, 10, 12], "neighbors": [26, 11, 17, 16, 37, 0, 22, 13, 31, 5, 23, 27, 32, 10, 28, 18, 15, 6, 39, 1, 4, 30, 12, 36, 21, 7, 24, 34, 14, 3]}, {"capacity": 294, "impossibleCargos": [0, 4, 7, 10, 11, 12, 14], "neighbors": [10, 11, 36, 38, 12, 34, 2, 22, 4, 13, 20, 32, 33, 15, 21, 28, 27, 26, 17, 19, 1, 30, 35, 31, 5, 3, 39, 7, 37]}, {"capacity": 219, "impossibleCargos": [0, 1, 2, 11, 12, 13], "neighbors": [23, 9, 1, 29, 16, 2, 20, 38, 13, 30, 28, 14, 24, 25, 5, 33, 36, 8, 31, 21, 12, 17, 6, 34, 3, 26, 18, 11]}, {"capacity": 235, "impossibleCargos": [0, 3, 5, 6, 7, 10, 11, 13, 14], "neighbors": [7, 0, 28, 9, 8, 17, 4, 31, 18, 23, 29, 39, 13, 2, 16, 25, 38, 33, 26, 12, 15, 19, 6, 1, 24, 36, 22, 10, 34]}, {"capacity": 241, "impossibleCargos": [2, 4, 9, 10, 12, 13], "neighbors": [37, 4, 9, 38, 27, 30, 17, 39, 1, 2, 24, 0, 22, 14, 25, 35, 3, 36, 33, 19, 11, 31, 29, 26, 10, 8, 20, 21, 28, 16, 5, 7, 23]}, {"capacity": 204, "impossibleCargos": [0, 1, 2, 3, 6, 9, 10, 11, 12], "neighbors": [14, 31, 25, 19, 22, 24, 18, 26, 10, 11, 8, 9, 5, 37, 36, 4, 27, 2, 39, 28, 20, 21, 15, 23, 0, 33, 34, 29, 7, 35, 17, 16, 38]}, {"capacity": 278, "impossibleCargos": [1, 2, 3, 6, 7, 11, 12, 14], "neighbors": [0, 7, 24, 27, 13, 1, 29, 12, 10, 16, 33, 35, 32, 34, 36, 23, 2, 18, 19, 17, 22, 20, 3, 8, 4, 6, 25]}, {"capacity": 280, "impossibleCargos": [1, 4, 7, 9, 10, 11, 12, 13, 14], "neighbors": [32, 27, 1, 35, 0, 16, 2, 3, 7, 39, 38, 33, 31, 20, 6, 30, 19, 8, 21, 22, 9, 11, 13, 36, 17, 4, 25, 28, 29, 37, 23]}, {"capacity": 275, "impossibleCargos": [0, 1, 2, 4, 5, 7, 11, 13], "neighbors": [10, 20, 37, 6, 15, 7, 8, 34, 29, 24, 30, 11, 4, 28, 14, 3, 26, 31, 36, 17, 32, 22, 35, 23, 39, 12, 38, 2, 25, 13, 19, 5]}, {"capacity": 229, "impossibleCargos": [0, 2, 3, 4, 7, 9, 10, 13], "neighbors": [29, 11, 8, 12, 7, 22, 23, 25, 36, 35, 33, 4, 0, 31, 16, 5, 2, 39, 14, 1, 24, 20, 3, 10, 15, 34, 9, 38, 19, 13, 6]}, {"capacity": 267, "impossibleCargos": [0, 1, 4, 6, 9, 11, 14], "neighbors": [2, 25, 34, 33, 5, 37, 28, 4, 11, 13, 22, 36, 20, 29, 38, 26, 24, 21, 30, 39, 8, 14, 35, 32, 7, 0, 10]}, {"capacity": 204, "impossibleCargos": [0, 1, 3, 5, 12], "neighbors": [34, 29, 20, 13, 24, 2, 21, 38, 25, 35, 27, 3, 12, 15, 11, 14, 5, 9, 23, 6, 33, 30, 17, 16, 4, 32]}, {"capacity": 213, "impossibleCargos": [0, 2, 4, 5, 8, 9, 10, 13, 14], "neighbors": [16, 19, 4, 10, 1, 21, 0, 25, 7, 30, 18, 6, 23, 15, 9, 26, 2, 27, 13, 3, 34, 17, 28, 12, 36, 14, 38, 5, 32, 29]}, {"capacity": 261, "impossibleCargos": [0, 3, 5, 6, 8, 11, 12, 13, 14], "neighbors": [22, 37, 20, 33, 19, 32, 6, 39, 3, 4, 7, 18, 27, 1, 15, 13, 30, 10, 9, 34, 12, 36, 8, 25, 35, 26, 24]}, {"capacity": 253, "impossibleCargos": [3, 5, 10, 13, 14], "neighbors": [21, 7, 31, 34, 13, 37, 27, 6, 18, 17, 8, 9, 35, 12, 24, 29, 28, 16, 1, 15, 14, 26, 4, 3, 32, 5, 36, 38, 0, 23, 11, 25]}, {"capacity": 235, "impossibleCargos": [3, 5, 8, 10, 12, 13, 14], "neighbors": [26, 29, 27, 10, 33, 3, 11, 2, 17, 20, 34, 5, 39, 0, 25, 6, 8, 14, 30, 16, 13, 1, 4, 19, 24, 37, 22, 32, 7, 12, 15, 35]}, {"capacity": 200, "impossibleCargos": [0, 1, 2, 4, 5, 6, 8, 10, 14], "neighbors": [14, 32, 27, 6, 37, 19, 13, 7, 12, 38, 22, 1, 16, 18, 10, 34, 3, 4, 30, 25, 28, 17, 35, 2, 11, 23, 39, 8, 0, 21]}, {"capacity": 223, "impossibleCargos": [0, 5, 6, 7, 8, 10, 11, 13], "neighbors": [27, 18, 13, 26, 20, 17, 0, 32, 35, 12, 23, 5, 11, 19, 10, 4, 33, 38, 24, 39, 36, 37, 15, 29, 21, 6, 34, 1, 16, 22, 14]}, {"capacity": 218, "impossibleCargos": [1, 3, 5, 8, 9, 14], "neighbors": [23, 8, 0, 3, 25, 13, 6, 38, 35, 36, 18, 20, 16, 33, 28, 31, 11, 29, 22, 12, 4, 9, 39, 10, 7, 21]}, {"capacity": 206, "impossibleCargos": [0, 1, 2, 4, 5, 6, 9, 10, 11], "neighbors": [23, 25, 5, 15, 24, 39, 14, 38, 12, 0, 4, 22, 33, 13, 19, 7, 8, 21, 20, 37, 30, 3, 36, 2, 9, 35, 34, 6, 1]}, {"capacity": 280, "impossibleCargos": [0, 2, 4, 5, 6], "neighbors": [11, 29, 39, 18, 35, 7, 10, 30, 16, 2, 22, 8, 26, 37, 5, 24, 13, 38, 36, 31, 33, 20, 9, 15, 12, 4]}, {"capacity": 246, "impossibleCargos": [0, 1, 2, 3, 4, 6, 9, 10, 11, 14], "neighbors": [23, 36, 28, 17, 10, 19, 5, 33, 11, 18, 14, 16, 39, 35, 22, 34, 37, 3, 26, 0, 12, 15, 25, 13, 30, 7, 32, 20]}, {"capacity": 279, "impossibleCargos": [3, 4, 5, 7, 10, 11], "neighbors": [12, 3, 37, 20, 39, 7, 38, 10, 35, 28, 16, 36, 0, 18, 15, 24, 23, 6, 21, 27, 8, 34, 9, 29, 19]}, {"capacity": 265, "impossibleCargos": [2, 7, 8, 11, 12, 13, 14], "neighbors": [5, 13, 22, 11, 7, 4, 15, 8, 35, 26, 16, 17, 12, 10, 3, 39, 28, 9, 34, 33, 36]}, {"capacity": 252, "impossibleCargos": [2, 3, 4, 6, 7, 9, 10, 14], "neighbors": [15, 24, 2, 3, 35, 39, 21, 1, 25, 37, 9, 14, 8, 33, 16, 4, 6, 22, 7, 5, 18, 29, 23, 20, 19]}, {"capacity": 296, "impossibleCargos": [1, 2, 3, 5, 7, 11, 12, 14], "neighbors": [34, 18, 21, 29, 36, 23, 7, 39, 1, 15, 14, 27, 17, 10, 26, 11, 25, 12, 32, 9, 0, 6, 28, 38, 13, 31, 37, 2, 19, 5, 4]}, {"capacity": 243, "impossibleCargos": [1, 4, 5, 9, 12, 13], "neighbors": [0, 19, 33, 18, 9, 22, 16, 23, 38, 37, 29, 24, 14, 7, 36, 20, 30, 39, 21, 17, 13, 2, 31, 35, 5, 25, 6, 10, 8, 1, 27, 11]}, {"capacity": 287, "impossibleCargos": [0, 3, 5, 7, 8, 14], "neighbors": [3, 32, 15, 28, 22, 30, 7, 25, 31, 26, 0, 17, 12, 19, 1, 29, 14, 36, 16, 24, 4, 18, 9, 34, 5, 21, 13, 27, 37, 23]}, {"capacity": 242, "impossibleCargos": [4, 5, 6, 7], "neighbors": [29, 9, 4, 37, 33, 2, 38, 18, 6, 26, 17, 5, 30, 13, 12, 39, 1, 10, 35, 14, 16, 34, 28, 25, 22, 27, 8, 15, 20, 21, 31, 3, 11]}, {"capacity": 226, "impossibleCargos": [1, 2, 5, 7, 9, 10, 11, 12, 13, 14], "neighbors": [12, 21, 16, 24, 18, 36, 22, 8, 1, 30, 6, 0, 7, 13, 34, 38, 32, 2, 28, 29, 3, 27, 25, 33, 4, 23, 15, 35, 9]}, {"capacity": 210, "impossibleCargos": [0, 2, 3, 4, 5, 6, 7, 8, 9, 11, 12], "neighbors": [27, 9, 12, 10, 36, 24, 30, 19, 34, 18, 15, 26, 37, 11, 25, 28, 7, 33, 3, 22, 17, 5, 1, 16, 20, 0, 13]}, {"capacity": 234, "impossibleCargos": [4, 5, 6, 14], "neighbors": [2, 28, 27, 12, 3, 33, 32, 15, 30, 11, 21, 23, 29, 36, 18, 13, 25, 31, 8, 1, 17, 4, 34, 6, 16, 26, 24, 9]}]}