{"volumes": [509, 491, 487, 219, 379, 755, 872, 383, 777, 129, 171, 468, 370, 245, 1267], "conflicts": [[0, 1], [0, 2], [0, 9], [1, 3], [1, 9], [1, 12], [2, 4], [2, 9], [2, 10], [2, 13], [3, 6], [3, 9], [4, 10], [4, 13], [6, 13], [7, 9], [7, 10], [7, 13], [9, 10], [9, 11], [9, 13], [10, 11]], "tanks": [{"capacity": 277, "impossibleCargos": [5, 8, 9], "neighbors": [28, 29, 25, 20, 30, 37, 22, 34, 32, 39, 35, 10]}, {"capacity": 214, "impossibleCargos": [13], "neighbors": [30, 26, 13, 36, 6, 24, 19]}, {"capacity": 261, "impossibleCargos": [1, 6, 12], "neighbors": [21, 7, 11, 34, 22, 36, 18, 26, 28, 16, 33, 31, 10]}, {"capacity": 204, "impossibleCargos": [0, 4, 8, 10, 11], "neighbors": [38, 20, 23, 29, 32, 18, 24, 4]}, {"capacity": 231, "impossibleCargos": [0, 1, 5, 13], "neighbors": [29, 6, 26, 21, 9, 27, 3, 18, 15]}, {"capacity": 251, "impossibleCargos": [2, 4, 5, 10, 11, 14], "neighbors": [25, 10, 29, 22, 17, 7, 12, 16, 34]}, {"capacity": 226, "impossibleCargos": [1, 9, 13, 14], "neighbors": [23, 32, 14, 1, 30, 4, 25, 37, 39, 33]}, {"capacity": 220, "impossibleCargos": [0, 5, 7, 14], "neighbors": [16, 2, 5, 10, 8, 15, 39, 31, 34]}, {"capacity": 201, "impossibleCargos": [3, 7, 8, 10], "neighbors": [20, 14, 30, 26, 37, 24, 22, 25, 7]}, {"capacity": 268, "impossibleCargos": [0, 7], "neighbors": [14, 23, 39, 27, 4, 22, 18]}, {"capacity": 229, "impossibleCargos": [1, 5, 7, 13], "neighbors": [23, 24, 5, 22, 7, 0, 2]}, {"capacity": 243, "impossibleCargos": [4, 5, 8, 11], "neighbors": [2, 16, 25, 37, 14, 27]}, {"capacity": 248, "impossibleCargos": [0, 11, 12], "neighbors": [34, 25, 39, 13, 22, 5, 17, 18, 35, 31, 33]}, {"capacity": 255, "impossibleCargos": [1, 10, 11], "neighbors": [37, 24, 1, 18, 12, 34, 22, 27, 14, 28, 16]}, {"capacity": 219, "impossibleCargos": [0, 3, 5, 6, 13, 14], "neighbors": [9, 8, 6, 20, 31, 27, 13, 37, 11, 25, 23]}, {"capacity": 241, "impossibleCargos": [1, 2, 3, 6], "neighbors": [18, 21, 35, 27, 31, 7, 4, 30]}, {"capacity": 235, "impossibleCargos": [10], "neighbors": [22, 37, 36, 7, 11, 28, 18, 21, 31, 2, 5, 13]}, {"capacity": 222, "impossibleCargos": [12], "neighbors": [29, 34, 25, 5, 32, 22, 12, 20]}, {"capacity": 236, "impossibleCargos": [0], "neighbors": [39, 34, 15, 35, 13, 30, 16, 2, 3, 36, 12, 9, 4]}, {"capacity": 230, "impossibleCargos": [7, 10], "neighbors": [21, 31, 1]}, {"capacity": 279, "impossibleCargos": [0, 4, 8, 9, 10, 11], "neighbors": [8, 3, 29, 14, 0, 30, 33, 17, 25]}, {"capacity": 260, "impossibleCargos": [3, 9, 13], "neighbors": [19, 2, 26, 38, 39, 15, 24, 16, 36, 4]}, {"capacity": 233, "impossibleCargos": [2, 13], "neighbors": [16, 5, 10, 0, 2, 12, 17, 13, 8, 25, 9]}, {"capacity": 278, "impossibleCargos": [5, 7, 12, 13], "neighbors": [10, 6, 9, 31, 3, 30, 34, 37, 14]}, {"capacity": 239, "impossibleCargos": [0, 1, 4, 7, 9], "neighbors": [10, 13, 33, 28, 38, 25, 8, 21, 1, 31, 3]}, {"capacity": 288, "impossibleCargos": [10], "neighbors": [5, 17, 12, 37, 0, 11, 24, 38, 32, 26, 6, 8, 22, 20, 14]}, {"capacity": 225, "impossibleCargos": [1, 11], "neighbors": [1, 8, 35, 21, 2, 25, 37, 4, 29]}, {"capacity": 245, "impossibleCargos": [0, 2, 3, 6, 8], "neighbors": [35, 30, 37, 9, 14, 13, 15, 4, 29, 11]}, {"capacity": 295, "impossibleCargos": [0, 2, 4, 7, 13], "neighbors": [0, 24, 29, 16, 2, 13, 31]}, {"capacity": 220, "impossibleCargos": [3, 6, 7, 12], "neighbors": [17, 5, 34, 0, 20, 28, 3, 4, 36, 33, 27, 35, 26]}, {"capacity": 232, "impossibleCargos": [4, 10, 13, 14], "neighbors": [38, 1, 27, 8, 0, 23, 18, 6, 20, 37, 15]}, {"capacity": 297, "impossibleCargos": [0, 9, 12], "neighbors": [23, 19, 14, 32, 38, 16, 24, 39, 15, 2, 28, 7, 12]}, {"capacity": 277, "impossibleCargos": [10], "neighbors": [6, 17, 0, 31, 3, 25, 34]}, {"capacity": 241, "impossibleCargos": [4, 8, 11], "neighbors": [24, 37, 39, 36, 29, 2, 6, 20, 12]}, {"capacity": 236, "impossibleCargos": [3, 10, 12, 13, 14], "neighbors": [18, 17, 12, 29, 2, 36, 0, 13, 32, 23, 37, 5, 7]}, {"capacity": 225, "impossibleCargos": [8, 10, 12, 14], "neighbors": [18, 27, 36, 39, 26, 15, 0, 38, 29, 12]}, {"capacity": 230, "impossibleCargos": [1, 3, 12], "neighbors": [16, 35, 34, 1, 2, 33, 29, 21, 18]}, {"capacity": 292, "impossibleCargos": [2, 6, 8, 10, 12], "neighbors": [16, 13, 27, 33, 25, 0, 8, 11, 6, 26, 23, 14, 30, 34]}, {"capacity": 266, "impossibleCargos": [3, 7, 8, 10, 11], "neighbors": [30, 3, 21, 24, 25, 31, 35]}, {"capacity": 254, "impossibleCargos": [0, 1, 3, 4, 6], "neighbors": [18, 9, 35, 12, 21, 0, 33, 31, 6, 7]}]}