{"volumes": [569, 374, 536, 581, 514, 182, 952, 1156, 0, 683, 592, 314, 375, 435, 0], "conflicts": [[0, 8], [0, 14], [1, 5], [1, 11], [1, 14], [2, 8], [2, 11], [3, 8], [3, 14], [4, 5], [4, 8], [4, 11], [5, 8], [5, 11], [5, 12], [5, 13], [5, 14], [6, 8], [7, 8], [7, 14], [8, 9], [8, 11], [8, 12], [8, 13], [8, 14], [9, 12], [9, 14], [10, 12], [12, 14], [13, 14]], "tanks": [{"capacity": 264, "impossibleCargos": [3, 8, 14], "neighbors": [14, 37, 24, 31, 29, 2, 18, 22, 28, 21, 38]}, {"capacity": 203, "impossibleCargos": [1, 6, 7, 11], "neighbors": [4, 9, 24, 32, 5, 27, 36, 3, 12, 25, 10, 26]}, {"capacity": 243, "impossibleCargos": [3, 10, 11], "neighbors": [7, 12, 16, 19, 0, 13, 39, 5, 31]}, {"capacity": 243, "impossibleCargos": [1, 2, 3, 8, 11], "neighbors": [7, 37, 38, 4, 35, 10, 28, 8, 1, 36]}, {"capacity": 243, "impossibleCargos": [3, 9, 13, 14], "neighbors": [6, 39, 18, 1, 37, 24, 7, 30, 16, 36, 38, 3, 20, 27, 19, 26]}, {"capacity": 263, "impossibleCargos": [1, 2, 8], "neighbors": [16, 28, 13, 1, 7, 9, 35, 29, 2, 12]}, {"capacity": 248, "impossibleCargos": [3, 5, 8, 11, 12], "neighbors": [4, 37, 28, 31, 12, 23]}, {"capacity": 293, "impossibleCargos": [5, 12, 13], "neighbors": [3, 2, 28, 31, 39, 20, 10, 23, 5, 4, 21, 33, 29, 15]}, {"capacity": 241, "impossibleCargos": [11, 13], "neighbors": [19, 15, 16, 28, 3, 14, 23]}, {"capacity": 215, "impossibleCargos": [10, 12], "neighbors": [22, 26, 1, 34, 15, 25, 16, 5, 31, 27]}, {"capacity": 214, "impossibleCargos": [2, 3, 9], "neighbors": [19, 7, 25, 14, 34, 26, 3, 17, 36, 39, 1, 21, 20]}, {"capacity": 201, "impossibleCargos": [2, 3, 5], "neighbors": [37, 31, 27, 39, 28, 22, 21, 34]}, {"capacity": 231, "impossibleCargos": [3, 7, 9, 12, 13], "neighbors": [27, 2, 22, 38, 23, 29, 6, 1, 37, 35, 5, 17]}, {"capacity": 212, "impossibleCargos": [0, 4, 5, 8, 9], "neighbors": [24, 29, 36, 31, 5, 20, 26, 2, 38]}, {"capacity": 239, "impossibleCargos": [1], "neighbors": [0, 39, 36, 26, 35, 10, 22, 16, 8]}, {"capacity": 212, "impossibleCargos": [8, 9, 12], "neighbors": [21, 16, 9, 25, 29, 8, 31, 7, 23, 26]}, {"capacity": 236, "impossibleCargos": [1, 5], "neighbors": [19, 15, 5, 27, 2, 9, 4, 38, 8, 30, 14, 36, 35, 29, 23]}, {"capacity": 278, "impossibleCargos": [7, 9, 10, 11], "neighbors": [33, 20, 10, 38, 25, 32, 12]}, {"capacity": 244, "impossibleCargos": [6, 10, 11], "neighbors": [28, 27, 4, 37, 0, 20, 29]}, {"capacity": 221, "impossibleCargos": [1, 2, 9, 10, 12, 14], "neighbors": [39, 10, 16, 8, 2, 32, 4, 23]}, {"capacity": 210, "impossibleCargos": [], "neighbors": [39, 34, 26, 7, 17, 13, 21, 4, 28, 18, 10]}, {"capacity": 294, "impossibleCargos": [5, 8, 9, 11, 13], "neighbors": [34, 39, 15, 29, 20, 7, 25, 11, 38, 0, 10]}, {"capacity": 237, "impossibleCargos": [0, 9, 13], "neighbors": [9, 38, 12, 29, 14, 11, 0, 24]}, {"capacity": 211, "impossibleCargos": [11, 12], "neighbors": [7, 24, 12, 26, 6, 15, 19, 16, 8, 28]}, {"capacity": 209, "impossibleCargos": [12], "neighbors": [13, 0, 1, 4, 23, 39, 22]}, {"capacity": 292, "impossibleCargos": [1, 3, 4, 10, 11], "neighbors": [34, 15, 9, 10, 21, 28, 1, 17]}, {"capacity": 251, "impossibleCargos": [2, 11, 13], "neighbors": [9, 20, 14, 13, 10, 30, 23, 34, 4, 15, 1]}, {"capacity": 296, "impossibleCargos": [0, 1, 3, 4, 5, 9, 13], "neighbors": [12, 11, 18, 32, 16, 35, 1, 4, 9]}, {"capacity": 269, "impossibleCargos": [2, 5], "neighbors": [36, 18, 7, 6, 33, 5, 30, 11, 25, 8, 3, 0, 20, 23]}, {"capacity": 229, "impossibleCargos": [4, 6, 11, 12, 13], "neighbors": [32, 13, 15, 21, 22, 12, 7, 5, 0, 16, 18]}, {"capacity": 270, "impossibleCargos": [5, 6, 13], "neighbors": [36, 31, 28, 4, 16, 26]}, {"capacity": 205, "impossibleCargos": [0, 2, 12], "neighbors": [11, 7, 6, 30, 13, 35, 0, 15, 9, 2]}, {"capacity": 208, "impossibleCargos": [6, 11, 13, 14], "neighbors": [27, 29, 1, 35, 19, 17]}, {"capacity": 211, "impossibleCargos": [1, 14], "neighbors": [17, 28, 7]}, {"capacity": 236, "impossibleCargos": [1, 4, 8, 9, 14], "neighbors": [21, 20, 35, 9, 25, 10, 38, 39, 26, 11]}, {"capacity": 266, "impossibleCargos": [2], "neighbors": [34, 27, 14, 32, 36, 31, 5, 3, 16, 12]}, {"capacity": 292, "impossibleCargos": [6, 8, 13, 14], "neighbors": [28, 30, 14, 13, 39, 1, 35, 4, 16, 10, 3]}, {"capacity": 285, "impossibleCargos": [1, 4], "neighbors": [11, 3, 0, 6, 4, 18, 12]}, {"capacity": 247, "impossibleCargos": [2, 3, 10, 12], "neighbors": [22, 3, 12, 39, 4, 16, 34, 17, 13, 21, 0]}, {"capacity": 232, "impossibleCargos": [0, 1, 4, 5, 6, 13], "neighbors": [19, 20, 14, 21, 4, 7, 36, 38, 11, 2, 24, 10, 34]}]}