{"volumes": [202, 278, 823, 295, 694, 902, 0, 745, 265, 560, 155, 116, 759, 338, 717], "conflicts": [[0, 1], [0, 3], [0, 4], [0, 6], [0, 10], [0, 11], [0, 12], [0, 14], [1, 2], [1, 6], [1, 7], [1, 8], [1, 11], [2, 6], [2, 11], [3, 4], [3, 6], [3, 10], [4, 6], [4, 10], [5, 6], [5, 11], [6, 9], [6, 11], [6, 12], [6, 13], [6, 14], [8, 10], [8, 11], [9, 10], [10, 14]], "tanks": [{"capacity": 210, "impossibleCargos": [0, 1, 6, 9, 10, 11, 13, 14], "neighbors": [9, 16, 36, 23, 12, 34, 25, 11, 28, 4, 29, 24]}, {"capacity": 217, "impossibleCargos": [5, 6, 7, 10, 11, 13, 14], "neighbors": [19, 23, 26, 28, 11, 9, 27, 15, 37]}, {"capacity": 214, "impossibleCargos": [1, 3, 4, 6, 11, 12], "neighbors": [28, 19, 12, 13, 26, 4, 6, 21, 5]}, {"capacity": 231, "impossibleCargos": [0, 2, 4, 5, 8, 10, 13, 14], "neighbors": [33, 11, 39, 37, 17, 23, 38]}, {"capacity": 249, "impossibleCargos": [0, 4, 6, 7, 10, 11, 12, 13], "neighbors": [22, 5, 31, 19, 17, 2, 38, 30, 37, 0, 6, 11]}, {"capacity": 289, "impossibleCargos": [0, 1, 2, 3, 5, 6, 9, 10, 13, 14], "neighbors": [24, 14, 4, 29, 31, 16, 35, 2, 10, 33]}, {"capacity": 282, "impossibleCargos": [6, 7, 10, 11, 12], "neighbors": [18, 20, 28, 8, 13, 2, 25, 35, 24, 29, 4, 17]}, {"capacity": 239, "impossibleCargos": [1, 5, 7, 9, 10, 11, 13], "neighbors": [28, 9, 39, 15, 38, 24, 22, 34, 25, 13]}, {"capacity": 257, "impossibleCargos": [0, 4, 6, 7, 11, 12, 13, 14], "neighbors": [39, 6, 37, 25, 27, 30, 35, 11]}, {"capacity": 221, "impossibleCargos": [0, 1, 2, 3, 6, 11, 13, 14], "neighbors": [7, 0, 19, 12, 22, 33, 34, 1, 18, 10]}, {"capacity": 200, "impossibleCargos": [1, 2, 4, 5, 7, 8, 9, 10, 13], "neighbors": [19, 36, 24, 38, 11, 35, 27, 5, 28, 9]}, {"capacity": 300, "impossibleCargos": [0, 1, 2, 4, 5, 8, 13], "neighbors": [36, 32, 10, 30, 12, 0, 17, 3, 1, 13, 8, 4]}, {"capacity": 220, "impossibleCargos": [0, 2, 3, 6, 8, 9, 10, 12, 13], "neighbors": [17, 2, 39, 9, 0, 11, 32, 38, 14]}, {"capacity": 246, "impossibleCargos": [1, 4, 5, 7, 9, 12], "neighbors": [2, 6, 22, 32, 35, 7, 11]}, {"capacity": 226, "impossibleCargos": [3, 4, 5, 10, 13, 14], "neighbors": [5, 25, 22, 12]}, {"capacity": 243, "impossibleCargos": [1, 3, 6, 7, 9, 10, 13, 14], "neighbors": [36, 7, 19, 23, 17, 1, 34]}, {"capacity": 291, "impossibleCargos": [1, 2, 3, 7, 8, 10, 11, 13], "neighbors": [20, 0, 18, 36, 5, 23, 38, 22, 24]}, {"capacity": 251, "impossibleCargos": [0, 1, 3, 5, 9, 10, 11, 13], "neighbors": [20, 28, 19, 12, 35, 38, 4, 31, 33, 11, 3, 15, 32, 6]}, {"capacity": 260, "impossibleCargos": [0, 1, 2, 4, 11], "neighbors": [31, 25, 16, 19, 6, 21, 32, 35, 26, 9, 23, 29]}, {"capacity": 255, "impossibleCargos": [0, 1, 2, 4, 6, 9, 14], "neighbors": [10, 1, 17, 9, 18, 2, 21, 28, 34, 4, 15, 30]}, {"capacity": 219, "impossibleCargos": [0, 2, 5, 11, 12, 13, 14], "neighbors": [16, 25, 17, 6, 30, 34]}, {"capacity": 229, "impossibleCargos": [0, 1, 2, 3, 6, 7, 9, 12, 13, 14], "neighbors": [18, 19, 2]}, {"capacity": 263, "impossibleCargos": [2, 3, 8, 10, 11, 12, 13], "neighbors": [23, 4, 38, 36, 27, 13, 7, 9, 24, 14, 26, 25, 16, 32]}, {"capacity": 279, "impossibleCargos": [3, 4, 11, 12], "neighbors": [22, 32, 34, 25, 1, 0, 27, 16, 15, 3, 18]}, {"capacity": 237, "impossibleCargos": [1, 4, 6, 7, 8, 11, 12, 13], "neighbors": [5, 33, 7, 10, 28, 26, 22, 6, 25, 16, 0]}, {"capacity": 203, "impossibleCargos": [0, 2, 3, 4, 9], "neighbors": [20, 39, 18, 32, 23, 30, 14, 8, 0, 6, 7, 24, 22, 33]}, {"capacity": 263, "impossibleCargos": [1, 3, 4, 9, 12, 14], "neighbors": [36, 2, 24, 1, 22, 18, 38, 34]}, {"capacity": 265, "impossibleCargos": [1, 2, 3, 5, 8, 9, 10, 13], "neighbors": [30, 22, 23, 29, 10, 8, 33, 28, 1]}, {"capacity": 225, "impossibleCargos": [1, 4, 6, 11, 13, 14], "neighbors": [7, 2, 17, 6, 19, 24, 38, 1, 0, 31, 37, 27, 10]}, {"capacity": 264, "impossibleCargos": [1, 2, 3, 5, 7, 8, 11], "neighbors": [33, 5, 32, 27, 31, 6, 0, 39, 18]}, {"capacity": 299, "impossibleCargos": [3, 5, 12, 13, 14], "neighbors": [27, 20, 25, 11, 31, 4, 8, 19]}, {"capacity": 262, "impossibleCargos": [3, 4, 8, 9, 10, 11, 13, 14], "neighbors": [33, 18, 4, 35, 38, 17, 30, 5, 29, 28]}, {"capacity": 225, "impossibleCargos": [0, 1, 3, 4, 10, 12, 14], "neighbors": [23, 38, 25, 11, 29, 18, 13, 12, 17, 22]}, {"capacity": 278, "impossibleCargos": [0, 1, 2, 6, 10, 12], "neighbors": [29, 3, 24, 31, 9, 17, 27, 35, 25, 5]}, {"capacity": 273, "impossibleCargos": [2, 4, 6, 7, 9, 11, 12, 14], "neighbors": [23, 20, 19, 37, 7, 9, 0, 26, 15]}, {"capacity": 215, "impossibleCargos": [0, 3, 4, 7, 8, 9, 13, 14], "neighbors": [37, 17, 31, 10, 38, 18, 6, 13, 36, 5, 8, 33]}, {"capacity": 220, "impossibleCargos": [1, 2, 8, 10, 11], "neighbors": [11, 15, 10, 22, 26, 0, 16, 35, 39]}, {"capacity": 271, "impossibleCargos": [2, 5, 7, 8, 12, 14], "neighbors": [35, 38, 34, 8, 3, 4, 28, 1]}, {"capacity": 268, "impossibleCargos": [1, 3, 5, 6, 7, 10, 13], "neighbors": [7, 22, 32, 37, 10, 17, 31, 35, 28, 4, 16, 26, 3, 12]}, {"capacity": 250, "impossibleCargos": [1, 2, 5, 8, 9, 14], "neighbors": [7, 8, 25, 12, 3, 36, 29]}]}