{"volumes": [184, 733, 651, 0, 840, 475, 262, 311, 730, 208, 1406, 341, 195, 323, 565], "conflicts": [[0, 3], [0, 5], [0, 7], [0, 9], [0, 11], [0, 13], [1, 3], [1, 6], [1, 13], [2, 3], [2, 5], [2, 9], [3, 5], [3, 6], [3, 7], [3, 10], [3, 11], [3, 12], [3, 13], [4, 5], [5, 7], [5, 12], [5, 13], [6, 7], [6, 14], [7, 11], [9, 11], [9, 12], [9, 13], [12, 14]], "tanks": [{"capacity": 277, "impossibleCargos": [0, 2, 4, 6, 7, 9, 10, 12, 14], "neighbors": [10, 19, 31, 1, 13, 25, 8, 39, 32, 34, 27, 28]}, {"capacity": 219, "impossibleCargos": [1, 2, 3, 8, 10, 11, 12, 13, 14], "neighbors": [35, 37, 20, 31, 12, 32, 17, 16, 13, 27, 0, 21, 2, 34, 29]}, {"capacity": 258, "impossibleCargos": [1, 2, 6, 9, 10, 11, 13], "neighbors": [25, 29, 23, 9, 38, 1, 28, 37]}, {"capacity": 289, "impossibleCargos": [0, 2, 3, 14], "neighbors": [24, 12, 28, 33, 29, 39, 19, 30, 31, 25]}, {"capacity": 245, "impossibleCargos": [2, 3, 6, 7, 9, 10, 11, 12, 13], "neighbors": [26, 35, 13, 8, 20, 28, 33]}, {"capacity": 283, "impossibleCargos": [1, 5, 7, 8, 9, 10], "neighbors": [23, 26, 19, 28, 35, 25, 33, 13, 16]}, {"capacity": 217, "impossibleCargos": [4, 5, 7, 10, 12], "neighbors": [18, 28, 34, 21, 25, 14, 39, 26]}, {"capacity": 219, "impossibleCargos": [3, 6, 9, 10, 11, 12, 13, 14], "neighbors": [15, 24, 20, 35, 26]}, {"capacity": 211, "impossibleCargos": [1, 2, 4, 8, 13], "neighbors": [37, 4, 30, 34, 0]}, {"capacity": 284, "impossibleCargos": [0, 1, 5, 8, 9, 10, 11, 12, 14], "neighbors": [2, 15, 28, 17, 14, 32, 22, 13]}, {"capacity": 256, "impossibleCargos": [1, 2, 3, 5, 7, 8, 9, 10, 12, 13, 14], "neighbors": [18, 0, 12, 24, 34, 20, 25, 31, 26, 35, 36]}, {"capacity": 215, "impossibleCargos": [0, 6, 7, 8, 11, 12, 13], "neighbors": [17, 24, 37, 35, 34, 21, 28]}, {"capacity": 230, "impossibleCargos": [0, 1, 2, 7, 10, 11, 13], "neighbors": [3, 10, 1, 37, 25, 16, 22, 30]}, {"capacity": 200, "impossibleCargos": [0, 1, 4, 5, 7, 9, 10, 12, 14], "neighbors": [16, 14, 28, 4, 1, 30, 0, 37, 38, 9, 5]}, {"capacity": 283, "impossibleCargos": [1, 5, 6, 7, 11, 12], "neighbors": [30, 13, 26, 33, 27, 37, 9, 6, 24, 34, 18]}, {"capacity": 267, "impossibleCargos": [0, 6, 8, 9, 11, 12, 13, 14], "neighbors": [35, 9, 25, 17, 7, 30]}, {"capacity": 249, "impossibleCargos": [0, 2, 3, 6, 7, 8, 9, 10, 13], "neighbors": [13, 26, 1, 17, 21, 39, 20, 22, 25, 12, 34, 5]}, {"capacity": 274, "impossibleCargos": [2, 6, 8, 9, 10, 11, 12], "neighbors": [19, 11, 1, 15, 25, 9, 16, 24, 30, 35]}, {"capacity": 291, "impossibleCargos": [1, 4, 5, 6, 7, 8, 9, 11, 13, 14], "neighbors": [10, 6, 26, 38, 28, 39, 33, 14]}, {"capacity": 256, "impossibleCargos": [0, 2, 3, 6, 9, 12, 14], "neighbors": [36, 17, 39, 0, 5, 34, 33, 3, 21]}, {"capacity": 300, "impossibleCargos": [2, 3, 4, 8], "neighbors": [23, 1, 33, 30, 7, 10, 4, 36, 16, 26, 38, 34]}, {"capacity": 203, "impossibleCargos": [1, 3, 7, 14], "neighbors": [29, 6, 26, 16, 32, 1, 25, 24, 19, 11, 31]}, {"capacity": 270, "impossibleCargos": [3, 4, 7, 13, 14], "neighbors": [25, 16, 12, 9, 27, 30]}, {"capacity": 233, "impossibleCargos": [0, 3, 5, 9, 10, 11], "neighbors": [20, 5, 39, 2, 30, 31, 34, 28, 35]}, {"capacity": 299, "impossibleCargos": [0, 1, 3, 6, 7, 9, 10], "neighbors": [3, 34, 11, 10, 7, 14, 21, 28, 31, 17]}, {"capacity": 225, "impossibleCargos": [0, 1, 3, 4, 5, 6, 7, 8, 9, 11, 14], "neighbors": [2, 22, 29, 15, 17, 33, 39, 6, 10, 12, 37, 21, 16, 0, 36, 5, 3]}, {"capacity": 201, "impossibleCargos": [3, 7, 9, 10, 11, 12, 13, 14], "neighbors": [4, 16, 14, 39, 5, 33, 18, 21, 20, 32, 6, 10, 7]}, {"capacity": 268, "impossibleCargos": [1, 3, 4, 5, 6, 8, 10, 13], "neighbors": [14, 39, 1, 33, 36, 22, 31, 34, 0]}, {"capacity": 207, "impossibleCargos": [0, 4, 5, 8, 10, 12], "neighbors": [6, 13, 3, 9, 5, 18, 23, 24, 4, 2, 11, 0]}, {"capacity": 292, "impossibleCargos": [0, 3, 6, 9, 11, 14], "neighbors": [21, 2, 35, 25, 3, 38, 32, 1]}, {"capacity": 290, "impossibleCargos": [0, 1, 3, 4, 13], "neighbors": [14, 23, 38, 20, 13, 15, 8, 3, 17, 32, 22, 12]}, {"capacity": 281, "impossibleCargos": [0, 2, 10, 11, 13, 14], "neighbors": [1, 0, 23, 39, 10, 37, 24, 27, 21, 3]}, {"capacity": 234, "impossibleCargos": [1, 2, 4, 5, 7, 9, 10, 11, 12], "neighbors": [1, 21, 9, 26, 30, 29, 0]}, {"capacity": 275, "impossibleCargos": [1, 5, 6, 7, 8, 9, 11, 13, 14], "neighbors": [14, 20, 3, 26, 25, 27, 19, 18, 4, 5]}, {"capacity": 228, "impossibleCargos": [0, 1, 4, 8, 9, 11], "neighbors": [24, 6, 10, 19, 23, 14, 1, 8, 11, 20, 16, 27, 38, 0]}, {"capacity": 214, "impossibleCargos": [0, 4, 5, 7, 8, 10, 11, 12], "neighbors": [15, 1, 4, 29, 37, 5, 7, 11, 23, 38, 10, 17]}, {"capacity": 259, "impossibleCargos": [1, 2, 4, 5, 7, 10, 12, 13], "neighbors": [19, 37, 20, 27, 25, 10, 39]}, {"capacity": 234, "impossibleCargos": [0, 1, 2, 3, 5, 6, 7, 9, 12, 14], "neighbors": [8, 1, 11, 36, 12, 14, 35, 25, 31, 13, 2]}, {"capacity": 267, "impossibleCargos": [0, 4, 10, 11, 14], "neighbors": [30, 2, 18, 13, 29, 20, 35, 34]}, {"capacity": 231, "impossibleCargos": [3, 4, 6, 8, 9, 10, 11], "neighbors": [23, 19, 26, 27, 25, 3, 6, 31, 16, 18, 0, 36]}]}