{"volumes": [720, 498, 465, 664, 605, 629, 415, 204, 929, 171, 632, 408, 192, 606, 121], "conflicts": [[1, 9], [2, 9], [2, 12], [3, 7], [3, 9], [4, 11], [5, 7], [6, 11], [6, 14], [7, 9], [7, 13], [11, 12], [11, 14]], "tanks": [{"capacity": 214, "impossibleCargos": [0, 1, 4, 5, 7, 8, 9, 10, 11, 13, 14], "neighbors": [6, 21, 22, 1, 19, 8, 24]}, {"capacity": 300, "impossibleCargos": [0, 1, 2, 3, 4, 6, 7, 8, 13], "neighbors": [19, 27, 0, 32, 14, 5, 24, 10, 26, 16]}, {"capacity": 275, "impossibleCargos": [1, 2, 3, 4, 8, 9, 12], "neighbors": [28, 30, 9, 38, 37, 29, 18, 15, 20]}, {"capacity": 238, "impossibleCargos": [0, 2, 3, 4, 5, 6, 8, 9, 12, 13], "neighbors": [23, 6, 37, 4, 7, 5]}, {"capacity": 207, "impossibleCargos": [0, 1, 3, 5, 6, 8, 10, 11, 12, 13, 14], "neighbors": [27, 31, 3, 12, 20, 17, 29, 13, 26, 19]}, {"capacity": 295, "impossibleCargos": [1, 3, 4, 5, 6, 7, 10], "neighbors": [6, 12, 30, 11, 1, 3, 28]}, {"capacity": 232, "impossibleCargos": [1, 2, 3, 4, 5, 6, 7, 9, 10, 11, 12, 13, 14], "neighbors": [5, 8, 0, 22, 3, 14, 37, 30]}, {"capacity": 212, "impossibleCargos": [0, 1, 3, 5, 6, 7, 8, 9, 10, 11, 13], "neighbors": [35, 38, 25, 24, 12, 21, 39, 20, 3, 22]}, {"capacity": 231, "impossibleCargos": [0, 1, 2, 3, 4, 5, 10, 11, 14], "neighbors": [32, 6, 16, 33, 24, 11, 13, 23, 0, 31]}, {"capacity": 299, "impossibleCargos": [0, 1, 2, 3, 5, 9, 10, 11, 12, 13, 14], "neighbors": [34, 38, 2, 30, 33, 32, 22, 19, 17, 20, 37, 29, 26]}, {"capacity": 210, "impossibleCargos": [0, 1, 3, 5, 6, 7, 8, 10, 12, 14], "neighbors": [11, 21, 28, 1, 17, 32, 22]}, {"capacity": 210, "impossibleCargos": [0, 1, 2, 4, 6, 7, 8, 9, 10, 13, 14], "neighbors": [14, 10, 22, 8, 32, 29, 26, 5, 23, 19, 28, 30, 18]}, {"capacity": 245, "impossibleCargos": [1, 2, 3, 4, 5, 6, 10, 13, 14], "neighbors": [29, 17, 21, 5, 4, 20, 7, 15, 14, 13, 39]}, {"capacity": 205, "impossibleCargos": [0, 1, 2, 4, 5, 6, 7, 9, 10, 11, 13, 14], "neighbors": [21, 38, 8, 35, 18, 12, 4, 37]}, {"capacity": 274, "impossibleCargos": [1, 2, 3, 5, 6, 8, 10, 11, 12, 13, 14], "neighbors": [11, 32, 34, 24, 33, 6, 12, 1, 15]}, {"capacity": 256, "impossibleCargos": [0, 4, 5, 7, 8, 10, 11, 12, 14], "neighbors": [26, 38, 29, 12, 2, 32, 14, 22]}, {"capacity": 270, "impossibleCargos": [1, 3, 4, 5, 6, 7, 9, 10, 12, 14], "neighbors": [8, 36, 29, 24, 1, 19]}, {"capacity": 204, "impossibleCargos": [0, 4, 5, 9, 10, 11, 12, 13, 14], "neighbors": [22, 12, 38, 9, 29, 26, 31, 4, 35, 10]}, {"capacity": 278, "impossibleCargos": [0, 1, 4, 7, 9, 11, 12, 13, 14], "neighbors": [27, 39, 29, 25, 13, 32, 21, 2, 30, 20, 11]}, {"capacity": 214, "impossibleCargos": [0, 1, 3, 4, 8, 9, 10, 11, 12, 14], "neighbors": [1, 39, 31, 22, 28, 9, 26, 27, 0, 11, 16, 4]}, {"capacity": 205, "impossibleCargos": [0, 2, 4, 5, 6, 7, 8, 9, 11, 12, 13, 14], "neighbors": [37, 31, 27, 21, 9, 12, 4, 25, 7, 2, 18, 28]}, {"capacity": 254, "impossibleCargos": [3, 4, 5, 6, 7, 9, 11, 13], "neighbors": [13, 27, 12, 32, 29, 0, 20, 10, 7, 33, 18, 31]}, {"capacity": 264, "impossibleCargos": [1, 2, 3, 4, 5, 7, 8, 9, 11, 12, 14], "neighbors": [17, 11, 6, 19, 9, 37, 0, 34, 23, 7, 15, 10]}, {"capacity": 245, "impossibleCargos": [0, 1, 2, 3, 4, 6, 7, 8, 9, 10, 12, 13, 14], "neighbors": [32, 3, 31, 25, 8, 11, 22]}, {"capacity": 240, "impossibleCargos": [0, 1, 2, 3, 5, 7, 9, 11, 12, 14], "neighbors": [8, 7, 14, 29, 16, 1, 32, 34, 27, 0]}, {"capacity": 298, "impossibleCargos": [1, 4, 5, 9, 12], "neighbors": [7, 28, 18, 23, 27, 26, 20]}, {"capacity": 264, "impossibleCargos": [0, 1, 5, 8, 10, 11, 12, 13], "neighbors": [15, 28, 29, 39, 31, 33, 11, 34, 17, 19, 25, 32, 35, 1, 4, 27, 9]}, {"capacity": 225, "impossibleCargos": [0, 1, 2, 4, 5, 6, 7, 9, 10, 11, 13, 14], "neighbors": [18, 4, 21, 20, 30, 1, 25, 19, 24, 26]}, {"capacity": 202, "impossibleCargos": [2, 3, 4, 6, 7, 8, 9, 10, 11, 12, 13, 14], "neighbors": [2, 37, 31, 26, 33, 38, 19, 25, 10, 39, 11, 5, 20]}, {"capacity": 204, "impossibleCargos": [0, 3, 4, 5, 7, 8, 9, 11, 13, 14], "neighbors": [12, 21, 26, 18, 15, 16, 17, 11, 24, 2, 4, 30, 9, 32, 39]}, {"capacity": 266, "impossibleCargos": [0, 1, 2, 3, 4, 5, 7, 9, 10, 11, 12, 14], "neighbors": [2, 9, 27, 5, 29, 33, 11, 18, 36, 6]}, {"capacity": 270, "impossibleCargos": [1, 2, 4, 7, 8, 9, 10, 12, 13], "neighbors": [20, 28, 19, 4, 23, 26, 17, 35, 21, 8]}, {"capacity": 248, "impossibleCargos": [0, 1, 3, 4, 7, 9, 10, 11, 13, 14], "neighbors": [8, 23, 21, 14, 9, 33, 11, 26, 1, 18, 24, 39, 35, 15, 29, 10]}, {"capacity": 245, "impossibleCargos": [1, 2, 3, 4, 7, 8, 9, 10, 11, 13, 14], "neighbors": [8, 9, 38, 28, 32, 26, 14, 34, 21, 30]}, {"capacity": 300, "impossibleCargos": [0, 1, 2, 5, 6, 8, 10, 11, 12, 13, 14], "neighbors": [9, 14, 37, 26, 33, 22, 24]}, {"capacity": 230, "impossibleCargos": [4, 6, 7, 8, 9, 10, 11, 12, 13, 14], "neighbors": [7, 13, 36, 31, 26, 32, 17]}, {"capacity": 257, "impossibleCargos": [0, 2, 5, 6, 7, 9, 10, 11, 12, 13, 14], "neighbors": [16, 35, 30]}, {"capacity": 202, "impossibleCargos": [0, 1, 2, 4, 6, 8, 9, 10, 11, 13, 14], "neighbors": [20, 28, 2, 3, 34, 22, 38, 9, 6, 13]}, {"capacity": 225, "impossibleCargos": [0, 1, 2, 3, 5, 6, 7, 9, 13], "neighbors": [7, 9, 15, 17, 13, 2, 33, 28, 37]}, {"capacity": 203, "impossibleCargos": [0, 2, 4, 5, 6, 7, 9, 10, 11, 12, 14], "neighbors": [18, 26, 19, 7, 28, 12, 32, 29]}]}