{"volumes": [1238, 287, 941, 888, 209, 142, 232, 353, 960, 628, 400, 293, 512, 472, 259], "conflicts": [[3, 14], [4, 5], [5, 9], [5, 10]], "tanks": [{"capacity": 288, "impossibleCargos": [0, 1, 2, 3, 4, 5, 6, 7, 8, 10, 12, 13], "neighbors": [14, 10, 30, 25, 26, 11, 7, 38, 35, 4, 5, 32]}, {"capacity": 251, "impossibleCargos": [0, 2, 5, 6, 7, 8, 9, 10, 11, 12, 13, 14], "neighbors": [30, 28, 16, 20, 29, 36, 18, 6, 4, 31]}, {"capacity": 290, "impossibleCargos": [1, 3, 4, 5, 6, 7, 8, 9, 10, 11, 12, 13, 14], "neighbors": [18, 26, 27, 12, 6, 8, 9, 15]}, {"capacity": 294, "impossibleCargos": [0, 1, 2, 3, 4, 5, 7, 8, 9, 12], "neighbors": [39, 7, 19, 5, 30, 12, 13, 31, 8, 11]}, {"capacity": 243, "impossibleCargos": [0, 1, 2, 3, 4, 5, 7, 8, 11, 12, 13, 14], "neighbors": [19, 16, 21, 8, 20, 31, 9, 0, 1, 6]}, {"capacity": 201, "impossibleCargos": [1, 2, 4, 5, 6, 8, 10, 11, 12, 13, 14], "neighbors": [13, 30, 3, 15, 14, 9, 28, 18, 8, 0, 20]}, {"capacity": 266, "impossibleCargos": [3, 4, 5, 6, 7, 8, 9, 10, 11, 13], "neighbors": [28, 31, 2, 1, 35, 19, 15, 4]}, {"capacity": 258, "impossibleCargos": [0, 1, 2, 4, 5, 8, 9, 10, 11, 12, 13], "neighbors": [3, 21, 17, 0, 30, 11, 29, 25, 13]}, {"capacity": 286, "impossibleCargos": [0, 1, 4, 5, 6, 7, 8, 11, 13, 14], "neighbors": [29, 9, 31, 19, 11, 4, 21, 3, 2, 30, 5]}, {"capacity": 231, "impossibleCargos": [0, 1, 3, 4, 5, 8, 9, 11, 12, 13, 14], "neighbors": [8, 35, 4, 28, 5, 29, 11, 38, 2]}, {"capacity": 226, "impossibleCargos": [0, 2, 3, 4, 5, 6, 7, 8, 9, 10, 12, 14], "neighbors": [12, 24, 33, 0, 27, 36, 18, 34, 15, 35]}, {"capacity": 236, "impossibleCargos": [1, 2, 4, 7, 8, 9, 10, 11, 12, 13, 14], "neighbors": [29, 22, 18, 14, 8, 0, 7, 32, 15, 35, 9, 3, 13]}, {"capacity": 214, "impossibleCargos": [1, 2, 3, 4, 5, 7, 8, 9, 10, 14], "neighbors": [10, 15, 33, 39, 24, 37, 3, 30, 35, 20, 2, 21, 17, 14]}, {"capacity": 273, "impossibleCargos": [1, 2, 3, 4, 5, 6, 7, 9, 11, 12, 14], "neighbors": [21, 5, 26, 28, 31, 3, 7, 39, 22, 11]}, {"capacity": 209, "impossibleCargos": [2, 3, 4, 5, 7, 10, 11, 12, 13], "neighbors": [34, 32, 39, 27, 0, 15, 11, 23, 5, 33, 16, 12, 35, 18, 36]}, {"capacity": 282, "impossibleCargos": [0, 1, 3, 4, 6, 7, 10, 11, 12, 13, 14], "neighbors": [12, 14, 5, 36, 11, 32, 34, 10, 25, 2, 6]}, {"capacity": 212, "impossibleCargos": [0, 1, 2, 4, 5, 6, 8, 9, 11, 12, 13, 14], "neighbors": [17, 30, 4, 1, 18, 29, 35, 14, 26, 28]}, {"capacity": 246, "impossibleCargos": [0, 1, 2, 3, 4, 5, 6, 8, 11, 12, 13], "neighbors": [16, 23, 7, 30, 28, 34, 38, 12]}, {"capacity": 230, "impossibleCargos": [1, 2, 3, 4, 5, 6, 8, 10, 11, 12], "neighbors": [2, 11, 37, 34, 10, 25, 23, 16, 36, 30, 1, 38, 24, 14, 5, 29, 26]}, {"capacity": 262, "impossibleCargos": [0, 1, 2, 4, 6, 7, 8, 10, 11, 14], "neighbors": [22, 4, 3, 20, 38, 8, 35, 23, 6]}, {"capacity": 245, "impossibleCargos": [1, 2, 3, 6, 7, 9, 11, 12, 13, 14], "neighbors": [25, 19, 12, 36, 1, 33, 4, 27, 31, 28, 5]}, {"capacity": 242, "impossibleCargos": [0, 1, 2, 3, 5, 6, 7, 9, 10, 11, 12, 13, 14], "neighbors": [13, 30, 7, 4, 8, 12]}, {"capacity": 273, "impossibleCargos": [0, 1, 3, 4, 5, 6, 8, 9, 10, 13, 14], "neighbors": [19, 11, 33, 13]}, {"capacity": 215, "impossibleCargos": [0, 1, 3, 4, 5, 6, 9, 11, 13, 14], "neighbors": [17, 14, 18, 35, 24, 19, 29]}, {"capacity": 215, "impossibleCargos": [0, 1, 2, 4, 5, 6, 7, 10, 11, 12, 13, 14], "neighbors": [37, 10, 12, 33, 23, 18]}, {"capacity": 289, "impossibleCargos": [2, 4, 5, 6, 7, 8, 9, 10, 11, 12, 13, 14], "neighbors": [20, 36, 18, 0, 7, 31, 15]}, {"capacity": 254, "impossibleCargos": [1, 2, 3, 5, 6, 7, 8, 10, 11, 12, 13, 14], "neighbors": [28, 2, 32, 13, 38, 0, 29, 16, 18]}, {"capacity": 290, "impossibleCargos": [1, 2, 3, 5, 6, 7, 8, 11, 13, 14], "neighbors": [14, 39, 10, 2, 20]}, {"capacity": 290, "impossibleCargos": [0, 1, 2, 4, 7, 9, 10, 11, 12, 13, 14], "neighbors": [26, 1, 6, 31, 17, 13, 33, 9, 5, 20, 16]}, {"capacity": 283, "impossibleCargos": [3, 4, 5, 7, 8, 9, 10, 11, 12, 13, 14], "neighbors": [8, 11, 31, 16, 35, 1, 7, 26, 9, 23, 18, 39]}, {"capacity": 279, "impossibleCargos": [0, 1, 3, 5, 7, 8, 9, 11, 12, 14], "neighbors": [1, 16, 37, 0, 5, 3, 21, 12, 17, 7, 18, 8]}, {"capacity": 220, "impossibleCargos": [4, 5, 6, 8, 10, 11, 13, 14], "neighbors": [39, 38, 29, 8, 28, 6, 13, 4, 3, 36, 25, 1, 20, 34]}, {"capacity": 225, "impossibleCargos": [0, 1, 3, 4, 5, 6, 7, 8, 10, 14], "neighbors": [14, 37, 26, 11, 15, 0]}, {"capacity": 260, "impossibleCargos": [0, 1, 3, 4, 5, 10, 12, 13, 14], "neighbors": [12, 38, 10, 22, 24, 20, 28, 14, 39]}, {"capacity": 223, "impossibleCargos": [0, 1, 2, 4, 5, 6, 7, 9, 10, 11, 12, 13, 14], "neighbors": [39, 14, 18, 37, 10, 17, 15, 36, 31]}, {"capacity": 241, "impossibleCargos": [0, 1, 3, 6, 7, 9, 10, 11, 12, 14], "neighbors": [12, 29, 9, 23, 19, 16, 0, 6, 14, 11, 10]}, {"capacity": 272, "impossibleCargos": [0, 1, 2, 3, 5, 6, 7, 8, 9, 10, 13, 14], "neighbors": [39, 25, 10, 20, 18, 1, 15, 38, 31, 14, 34]}, {"capacity": 236, "impossibleCargos": [0, 2, 3, 4, 5, 6, 8, 10, 11, 12], "neighbors": [24, 30, 18, 32, 12, 34]}, {"capacity": 271, "impossibleCargos": [0, 1, 3, 4, 6, 7, 8, 10, 13, 14], "neighbors": [31, 33, 19, 26, 0, 17, 36, 18, 9]}, {"capacity": 278, "impossibleCargos": [0, 1, 2, 3, 6, 8, 9, 10, 13], "neighbors": [34, 31, 36, 14, 3, 12, 27, 13, 33, 29]}]}