{"volumes": [848, 593, 479, 790, 253, 626, 367, 481, 583, 762, 429, 462, 397, 418, 154], "conflicts": [[2, 6], [2, 10], [2, 14], [4, 12], [4, 14], [6, 14], [7, 14], [8, 14], [11, 14], [12, 14]], "tanks": [{"capacity": 230, "impossibleCargos": [2, 3, 6, 9, 10], "neighbors": [32, 14, 8, 17, 26, 24, 23, 38, 9, 19, 10, 31, 20, 7, 2]}, {"capacity": 247, "impossibleCargos": [3, 7, 13, 14], "neighbors": [6, 12, 26, 18, 11, 20, 24, 3, 39, 5, 16, 19, 23, 8, 29, 2, 10, 17, 28, 22, 21]}, {"capacity": 249, "impossibleCargos": [2, 5, 12], "neighbors": [27, 8, 31, 24, 19, 20, 37, 22, 34, 21, 26, 12, 36, 23, 39, 32, 1, 0, 30, 16]}, {"capacity": 251, "impossibleCargos": [1, 8, 14], "neighbors": [39, 7, 5, 13, 33, 27, 15, 20, 24, 38, 21, 1, 9, 17, 12, 11, 37, 31]}, {"capacity": 259, "impossibleCargos": [2, 7, 8, 9], "neighbors": [33, 29, 26, 15, 11, 8, 18, 37, 28, 31, 24, 39]}, {"capacity": 234, "impossibleCargos": [2, 4, 9, 11, 12], "neighbors": [10, 18, 20, 3, 24, 12, 31, 38, 19, 29, 22, 37, 34, 11, 1, 26, 36, 8, 6, 16, 15, 17, 9]}, {"capacity": 202, "impossibleCargos": [4, 6, 7, 8, 9, 14], "neighbors": [36, 24, 17, 1, 32, 15, 34, 27, 10, 31, 11, 9, 12, 21, 18, 5, 37, 20]}, {"capacity": 214, "impossibleCargos": [11, 13], "neighbors": [15, 10, 29, 36, 3, 35, 17, 30, 28, 12, 16, 14, 24, 21, 23, 25, 34, 9, 22, 0]}, {"capacity": 233, "impossibleCargos": [2, 5, 7, 11, 12], "neighbors": [23, 4, 13, 2, 30, 18, 0, 27, 19, 37, 35, 5, 32, 1, 33, 34, 21, 28, 31]}, {"capacity": 256, "impossibleCargos": [3, 5, 8], "neighbors": [34, 10, 36, 37, 33, 29, 17, 30, 21, 3, 32, 39, 26, 0, 6, 20, 18, 22, 7, 27, 5]}, {"capacity": 209, "impossibleCargos": [1, 2, 3], "neighbors": [31, 7, 20, 9, 5, 39, 34, 17, 15, 23, 36, 32, 16, 37, 13, 18, 6, 30, 11, 33, 0, 35, 29, 1, 12, 28]}, {"capacity": 286, "impossibleCargos": [1, 8, 10, 11, 14], "neighbors": [35, 29, 4, 20, 13, 33, 1, 21, 36, 18, 5, 28, 6, 24, 10, 32, 3, 23, 16, 15, 38, 25]}, {"capacity": 236, "impossibleCargos": [0, 6, 8, 9, 11, 12, 14], "neighbors": [15, 33, 35, 1, 16, 5, 38, 34, 36, 21, 7, 31, 2, 6, 3, 24, 18, 37, 10, 17, 29]}, {"capacity": 295, "impossibleCargos": [2, 9, 12, 13], "neighbors": [33, 8, 3, 35, 11, 29, 14, 34, 31, 10, 22, 15, 16, 24, 21, 23, 39, 19, 32]}, {"capacity": 218, "impossibleCargos": [7, 11], "neighbors": [20, 28, 30, 16, 22, 35, 18, 13, 0, 21, 7, 39, 17]}, {"capacity": 285, "impossibleCargos": [8, 9, 14], "neighbors": [7, 4, 12, 37, 32, 33, 28, 23, 35, 10, 18, 6, 25, 3, 22, 13, 39, 19, 30, 24, 11, 34, 5, 16, 38, 29]}, {"capacity": 227, "impossibleCargos": [7, 8], "neighbors": [22, 14, 12, 37, 24, 10, 29, 27, 19, 7, 13, 1, 17, 28, 18, 11, 26, 5, 20, 15, 36, 2]}, {"capacity": 274, "impossibleCargos": [0, 5, 9], "neighbors": [6, 21, 10, 33, 7, 22, 26, 0, 38, 34, 9, 25, 3, 16, 31, 1, 35, 5, 12, 14]}, {"capacity": 261, "impossibleCargos": [0, 3, 5, 9, 10, 12, 14], "neighbors": [5, 28, 1, 8, 29, 15, 14, 4, 33, 10, 11, 32, 36, 37, 19, 16, 12, 6, 9, 30, 38]}, {"capacity": 277, "impossibleCargos": [0, 1, 14], "neighbors": [37, 21, 34, 2, 32, 5, 39, 8, 16, 29, 0, 1, 18, 15, 36, 35, 24, 13, 27, 23]}, {"capacity": 293, "impossibleCargos": [2, 5, 7, 8, 9, 10, 12, 14], "neighbors": [14, 10, 11, 29, 5, 22, 2, 1, 21, 38, 3, 28, 9, 37, 0, 6, 30, 16]}, {"capacity": 226, "impossibleCargos": [1, 2], "neighbors": [32, 17, 25, 19, 35, 11, 20, 12, 38, 3, 2, 9, 37, 14, 7, 6, 13, 8, 29, 33, 36, 39, 1]}, {"capacity": 217, "impossibleCargos": [0, 11, 14], "neighbors": [16, 28, 14, 30, 20, 38, 17, 27, 36, 31, 2, 5, 13, 35, 15, 9, 7, 1, 26]}, {"capacity": 250, "impossibleCargos": [0, 3, 4, 5, 8, 12, 13], "neighbors": [34, 8, 15, 10, 28, 36, 0, 24, 7, 1, 11, 37, 2, 39, 13, 26, 19]}, {"capacity": 231, "impossibleCargos": [], "neighbors": [6, 39, 5, 16, 2, 1, 0, 35, 26, 3, 38, 23, 34, 7, 11, 36, 13, 12, 4, 15, 19, 30]}, {"capacity": 297, "impossibleCargos": [2, 4, 12], "neighbors": [21, 38, 15, 30, 17, 29, 27, 26, 28, 7, 31, 11, 37]}, {"capacity": 235, "impossibleCargos": [5, 6, 7], "neighbors": [4, 27, 1, 29, 39, 17, 0, 24, 9, 5, 2, 25, 31, 16, 23, 30, 22]}, {"capacity": 282, "impossibleCargos": [1, 6, 11], "neighbors": [28, 2, 26, 34, 22, 8, 3, 16, 6, 30, 38, 25, 36, 31, 9, 19]}, {"capacity": 294, "impossibleCargos": [0, 5], "neighbors": [33, 31, 14, 27, 32, 22, 18, 15, 37, 23, 34, 7, 4, 11, 20, 39, 25, 16, 38, 1, 8, 10]}, {"capacity": 286, "impossibleCargos": [3, 4, 5], "neighbors": [7, 4, 11, 20, 26, 13, 18, 16, 9, 31, 5, 19, 25, 1, 33, 21, 10, 15, 30, 12]}, {"capacity": 281, "impossibleCargos": [2, 9], "neighbors": [14, 22, 8, 32, 36, 25, 7, 9, 10, 27, 34, 15, 18, 38, 20, 2, 24, 26, 29]}, {"capacity": 243, "impossibleCargos": [6, 7], "neighbors": [10, 39, 28, 2, 5, 13, 22, 29, 32, 35, 6, 12, 17, 4, 3, 0, 26, 27, 36, 25, 8]}, {"capacity": 285, "impossibleCargos": [2, 6, 12, 13], "neighbors": [21, 28, 0, 15, 33, 6, 10, 30, 19, 18, 31, 9, 11, 8, 36, 34, 2, 13]}, {"capacity": 219, "impossibleCargos": [1, 5, 6, 10, 11, 14], "neighbors": [4, 28, 12, 13, 15, 32, 3, 17, 11, 9, 18, 10, 35, 8, 34, 29, 21, 37]}, {"capacity": 269, "impossibleCargos": [2, 5, 7, 8], "neighbors": [9, 23, 10, 19, 12, 27, 13, 28, 6, 17, 5, 37, 2, 24, 30, 33, 38, 7, 8, 15, 32]}, {"capacity": 263, "impossibleCargos": [2, 3, 4, 7, 9, 13], "neighbors": [11, 12, 21, 13, 7, 15, 14, 24, 22, 8, 31, 37, 33, 10, 36, 19, 17]}, {"capacity": 292, "impossibleCargos": [3, 4, 14], "neighbors": [6, 7, 9, 10, 12, 22, 30, 23, 11, 38, 5, 18, 24, 2, 37, 35, 32, 19, 27, 21, 39, 31, 16]}, {"capacity": 246, "impossibleCargos": [2, 3, 4, 8, 10, 14], "neighbors": [19, 15, 16, 28, 39, 9, 10, 2, 4, 5, 34, 8, 21, 35, 18, 3, 20, 36, 23, 6, 12, 33, 25]}, {"capacity": 299, "impossibleCargos": [7], "neighbors": [22, 12, 25, 5, 17, 20, 21, 24, 36, 3, 0, 27, 34, 28, 30, 11, 15, 18]}, {"capacity": 289, "impossibleCargos": [5, 9, 11, 14], "neighbors": [31, 10, 3, 24, 26, 37, 19, 9, 1, 28, 15, 14, 4, 23, 2, 36, 13, 21]}]}