{"volumes": [862, 1079, 380, 652, 0, 353, 321, 330, 537, 179, 379, 742, 166, 381, 954], "conflicts": [[0, 4], [2, 4], [4, 5], [4, 10], [4, 11], [4, 13], [4, 14], [5, 12], [7, 9], [9, 12]], "tanks": [{"capacity": 293, "impossibleCargos": [0, 1, 3, 10, 11, 14], "neighbors": [8, 32, 21, 31, 17, 24, 30, 9, 36, 12, 20, 35, 22, 19, 39, 29, 6, 5]}, {"capacity": 207, "impossibleCargos": [1, 2, 3, 5, 7, 9, 12, 13, 14], "neighbors": [16, 14, 9, 35, 24, 25, 18, 7, 32, 21, 30, 22, 17, 10, 36]}, {"capacity": 285, "impossibleCargos": [0, 2, 7, 9, 13, 14], "neighbors": [31, 4, 38, 9, 28, 19, 21, 7, 13, 10, 6, 27, 3, 11, 30, 14, 37]}, {"capacity": 207, "impossibleCargos": [0, 1, 4, 6, 8, 9, 10], "neighbors": [36, 14, 23, 13, 16, 34, 2, 24, 15, 25, 12, 27, 21, 4, 29, 5, 37, 20, 7]}, {"capacity": 239, "impossibleCargos": [9, 10, 11, 13], "neighbors": [2, 29, 12, 10, 9, 19, 24, 11, 34, 35, 25, 26, 38, 13, 23, 18, 5, 14, 22, 33, 3, 17, 37]}, {"capacity": 241, "impossibleCargos": [6, 8, 9, 10, 11], "neighbors": [38, 29, 25, 39, 7, 13, 34, 15, 28, 31, 16, 24, 4, 20, 3, 27, 10, 0]}, {"capacity": 247, "impossibleCargos": [3, 6, 7, 10, 11, 12, 13], "neighbors": [36, 23, 15, 27, 7, 12, 24, 26, 30, 25, 2, 19, 13, 20, 9, 0, 34]}, {"capacity": 246, "impossibleCargos": [2, 3, 6, 9, 14], "neighbors": [19, 32, 23, 8, 22, 6, 37, 5, 9, 28, 31, 1, 2, 14, 13, 15, 36, 27, 16, 26, 12, 3, 10]}, {"capacity": 256, "impossibleCargos": [0, 1, 2, 6, 10, 13], "neighbors": [0, 7, 24, 15, 32, 13, 29, 23, 21, 11, 30, 9, 26, 27, 17]}, {"capacity": 229, "impossibleCargos": [1, 4, 7, 9, 10, 12, 14], "neighbors": [33, 2, 15, 1, 4, 21, 7, 27, 38, 0, 25, 39, 8, 31, 37, 11, 6, 19, 26, 13]}, {"capacity": 265, "impossibleCargos": [0, 3, 4, 7, 8, 10, 11, 12], "neighbors": [4, 36, 35, 27, 13, 20, 21, 2, 17, 29, 18, 33, 16, 1, 19, 31, 37, 5, 32, 15, 7]}, {"capacity": 300, "impossibleCargos": [1, 5, 6, 10, 13, 14], "neighbors": [25, 22, 33, 20, 35, 16, 18, 4, 39, 13, 26, 8, 17, 2, 19, 9, 37, 15, 23, 30]}, {"capacity": 233, "impossibleCargos": [0, 1, 3, 7, 9, 11, 12, 14], "neighbors": [4, 26, 6, 38, 31, 18, 16, 23, 0, 33, 3, 39, 27, 15, 37, 7, 36, 13]}, {"capacity": 254, "impossibleCargos": [1, 2, 3, 4, 8, 11, 12, 13, 14], "neighbors": [31, 17, 38, 10, 27, 5, 3, 7, 2, 21, 15, 11, 8, 6, 39, 4, 19, 20, 18, 22, 32, 9, 12, 34, 14]}, {"capacity": 295, "impossibleCargos": [1, 9, 11], "neighbors": [37, 1, 3, 19, 21, 7, 20, 36, 35, 4, 30, 2, 26, 13, 27]}, {"capacity": 251, "impossibleCargos": [0, 1, 3, 4, 5, 6, 7, 9, 11, 12, 13, 14], "neighbors": [6, 28, 9, 16, 32, 8, 34, 22, 31, 5, 13, 39, 7, 18, 3, 36, 35, 12, 30, 24, 21, 11, 10]}, {"capacity": 279, "impossibleCargos": [4, 5, 9, 11], "neighbors": [1, 15, 11, 20, 3, 36, 33, 19, 18, 12, 38, 29, 5, 32, 7, 10, 22, 24, 23]}, {"capacity": 232, "impossibleCargos": [1, 2, 6, 7, 8, 9, 10], "neighbors": [13, 22, 31, 19, 34, 39, 28, 0, 29, 18, 10, 1, 36, 11, 37, 25, 8, 4, 32]}, {"capacity": 216, "impossibleCargos": [0, 1, 4, 5, 10, 11, 13], "neighbors": [39, 22, 34, 11, 1, 31, 17, 16, 32, 12, 10, 38, 15, 28, 29, 26, 4, 27, 13, 36, 37, 35, 21]}, {"capacity": 299, "impossibleCargos": [0, 1, 2, 5, 6, 8, 9, 10, 11, 12], "neighbors": [37, 24, 7, 38, 4, 17, 2, 14, 27, 16, 6, 36, 32, 13, 11, 10, 0, 23, 34, 9, 29, 25]}, {"capacity": 262, "impossibleCargos": [0, 2, 4, 5, 6, 7, 9, 10, 11], "neighbors": [34, 11, 29, 10, 16, 22, 33, 36, 26, 14, 21, 30, 0, 27, 37, 5, 13, 24, 23, 6, 38, 3]}, {"capacity": 291, "impossibleCargos": [2, 4, 5, 6, 8, 10, 14], "neighbors": [0, 30, 28, 35, 9, 14, 2, 24, 10, 1, 13, 20, 8, 3, 39, 15, 18, 26, 29]}, {"capacity": 277, "impossibleCargos": [0, 3, 5, 7, 8, 10, 12], "neighbors": [11, 17, 18, 7, 30, 39, 15, 24, 20, 32, 1, 26, 28, 4, 16, 0, 13, 33, 29, 27]}, {"capacity": 216, "impossibleCargos": [1, 2, 4, 6, 7, 12, 14], "neighbors": [6, 39, 7, 33, 28, 3, 32, 12, 8, 4, 31, 34, 27, 20, 19, 26, 37, 11, 16, 30]}, {"capacity": 206, "impossibleCargos": [0, 1, 2, 3, 6, 8, 11, 12, 13, 14], "neighbors": [19, 27, 8, 4, 6, 1, 22, 21, 0, 30, 3, 5, 20, 15, 16, 36, 38]}, {"capacity": 205, "impossibleCargos": [0, 1, 4, 6, 9, 11, 12, 13], "neighbors": [11, 36, 5, 29, 1, 6, 4, 9, 3, 38, 35, 31, 17, 19]}, {"capacity": 294, "impossibleCargos": [0, 1, 6, 14], "neighbors": [12, 39, 34, 38, 31, 6, 20, 4, 29, 22, 18, 11, 28, 37, 7, 8, 23, 9, 14, 21, 36]}, {"capacity": 216, "impossibleCargos": [2, 3, 4, 6, 9], "neighbors": [24, 6, 34, 10, 19, 13, 9, 30, 28, 2, 20, 36, 7, 3, 23, 18, 12, 33, 5, 8, 31, 22, 14]}, {"capacity": 211, "impossibleCargos": [0, 1, 5, 6, 8, 9, 10, 14], "neighbors": [21, 15, 23, 2, 30, 17, 7, 5, 31, 27, 18, 26, 22, 29]}, {"capacity": 220, "impossibleCargos": [2, 3, 7, 12, 13, 14], "neighbors": [4, 5, 20, 33, 30, 35, 25, 17, 10, 26, 8, 16, 37, 31, 18, 32, 28, 3, 0, 22, 19, 21]}, {"capacity": 260, "impossibleCargos": [0, 1, 3, 5, 7, 8, 10, 11, 14], "neighbors": [21, 38, 29, 28, 22, 6, 0, 24, 32, 27, 1, 20, 34, 37, 36, 8, 2, 15, 14, 35, 11, 23]}, {"capacity": 277, "impossibleCargos": [0, 3, 4, 5, 7, 8, 10, 12, 13], "neighbors": [13, 2, 35, 17, 0, 7, 38, 15, 26, 18, 34, 12, 28, 32, 39, 29, 5, 23, 25, 9, 10, 33, 27, 37]}, {"capacity": 211, "impossibleCargos": [2, 5, 7, 10, 11, 13], "neighbors": [0, 7, 15, 33, 1, 8, 22, 18, 30, 31, 23, 38, 19, 39, 16, 29, 13, 36, 10, 17]}, {"capacity": 290, "impossibleCargos": [3, 5, 6, 8, 10, 14], "neighbors": [37, 9, 11, 23, 29, 32, 20, 16, 38, 10, 12, 4, 34, 27, 22, 31]}, {"capacity": 261, "impossibleCargos": [0, 1, 2, 3, 4, 5, 8, 10], "neighbors": [20, 36, 27, 17, 18, 26, 15, 5, 4, 31, 3, 30, 23, 33, 19, 13, 6]}, {"capacity": 293, "impossibleCargos": [1, 6, 7, 9, 11, 12, 14], "neighbors": [31, 10, 1, 11, 21, 39, 29, 4, 14, 25, 15, 0, 30, 18]}, {"capacity": 222, "impossibleCargos": [0, 10, 11, 12, 13, 14], "neighbors": [6, 25, 34, 10, 3, 16, 20, 0, 14, 19, 7, 17, 30, 27, 15, 18, 39, 24, 38, 1, 32, 12, 37, 26]}, {"capacity": 300, "impossibleCargos": [0, 1, 2, 3, 4, 5, 6, 8, 10, 11], "neighbors": [38, 19, 33, 14, 7, 39, 29, 30, 20, 9, 17, 26, 12, 18, 11, 23, 10, 2, 3, 36, 4, 31]}, {"capacity": 279, "impossibleCargos": [1, 5, 10, 11, 13], "neighbors": [37, 2, 5, 30, 13, 19, 39, 12, 31, 26, 9, 4, 16, 18, 32, 33, 25, 24, 36, 20]}, {"capacity": 231, "impossibleCargos": [0, 1, 2, 3], "neighbors": [23, 18, 5, 38, 35, 17, 26, 11, 22, 37, 15, 13, 31, 9, 32, 12, 0, 21, 36]}]}