{"volumes": [1241, 709, 532, 983, 216, 460, 653, 351, 355, 633, 402, 170, 0, 546, 398], "conflicts": [[6, 12], [7, 12], [12, 14]], "tanks": [{"capacity": 296, "impossibleCargos": [], "neighbors": [26, 2, 7, 27, 16, 29, 21, 25, 37, 23, 33, 8, 14, 38, 32, 3, 24, 31, 17, 5, 28, 35, 15, 9, 39, 12, 18, 30, 4, 11, 34, 20]}, {"capacity": 235, "impossibleCargos": [1, 14], "neighbors": [23, 22, 13, 5, 8, 32, 29, 25, 24, 7, 38, 30, 17, 19, 11, 27, 3, 20, 36, 31, 35, 37, 14, 28, 4, 10, 34, 9, 15]}, {"capacity": 204, "impossibleCargos": [5, 8, 10, 12, 14], "neighbors": [21, 19, 0, 5, 3, 8, 12, 29, 38, 35, 31, 27, 20, 26, 30, 6, 23, 25, 18, 17, 15, 22, 4, 32, 36, 11, 28, 14, 16, 10, 37]}, {"capacity": 245, "impossibleCargos": [1, 11], "neighbors": [30, 2, 9, 39, 15, 33, 5, 0, 21, 25, 37, 6, 4, 7, 27, 34, 1, 31, 22, 28, 19, 36, 23, 26, 38, 12, 32, 18]}, {"capacity": 275, "impossibleCargos": [4, 5, 7, 10, 11, 12, 14], "neighbors": [36, 5, 6, 33, 8, 13, 32, 22, 27, 9, 30, 18, 37, 31, 3, 28, 20, 39, 35, 14, 11, 1, 2, 21, 19, 0, 25, 34]}, {"capacity": 234, "impossibleCargos": [1, 3, 5, 8, 9, 11], "neighbors": [4, 34, 12, 9, 33, 1, 2, 22, 3, 37, 13, 11, 15, 36, 17, 25, 26, 21, 0, 32, 14, 19, 38, 39, 16, 28, 23, 27, 30, 18, 29]}, {"capacity": 289, "impossibleCargos": [9, 12, 13], "neighbors": [36, 23, 16, 10, 4, 28, 30, 39, 2, 13, 38, 34, 3, 27, 7, 35, 18, 33, 9, 12, 22, 19]}, {"capacity": 249, "impossibleCargos": [0, 2, 8], "neighbors": [27, 28, 9, 8, 37, 0, 16, 21, 10, 35, 12, 34, 20, 13, 38, 29, 1, 30, 15, 19, 23, 6, 3, 31, 18, 26, 22, 32, 39, 33]}, {"capacity": 246, "impossibleCargos": [1, 4, 9, 11, 14], "neighbors": [10, 31, 9, 33, 37, 35, 22, 21, 7, 30, 2, 14, 1, 4, 16, 12, 0, 20, 25, 32, 34, 24, 36, 27, 13, 38, 11, 28, 29]}, {"capacity": 289, "impossibleCargos": [5, 11, 14], "neighbors": [12, 18, 7, 8, 29, 5, 10, 22, 31, 3, 17, 30, 4, 33, 32, 27, 35, 11, 23, 34, 0, 20, 6, 14, 13, 39, 21, 1, 16, 28, 37, 15]}, {"capacity": 283, "impossibleCargos": [4], "neighbors": [8, 37, 9, 6, 12, 26, 13, 31, 39, 7, 30, 29, 11, 24, 22, 18, 27, 25, 23, 1, 21, 14, 16, 2, 33]}, {"capacity": 246, "impossibleCargos": [5, 6, 9, 14], "neighbors": [32, 37, 28, 12, 30, 18, 5, 10, 17, 14, 38, 25, 1, 9, 20, 26, 35, 33, 4, 34, 8, 39, 23, 22, 2, 13, 0, 29, 16]}, {"capacity": 240, "impossibleCargos": [0, 1, 2, 7, 8], "neighbors": [9, 30, 26, 5, 11, 13, 2, 10, 8, 36, 32, 29, 38, 19, 22, 7, 20, 39, 23, 14, 28, 31, 17, 16, 0, 6, 18, 37, 34, 3, 24, 27, 15, 25]}, {"capacity": 296, "impossibleCargos": [1, 4, 6, 8, 12, 13, 14], "neighbors": [18, 15, 12, 35, 1, 26, 32, 16, 30, 4, 10, 5, 27, 7, 14, 6, 25, 28, 8, 36, 17, 19, 23, 22, 39, 9, 11, 21, 31]}, {"capacity": 214, "impossibleCargos": [0, 1, 4, 9, 13, 14], "neighbors": [37, 15, 39, 17, 35, 8, 0, 23, 18, 13, 11, 33, 26, 24, 12, 32, 38, 25, 5, 1, 4, 28, 34, 9, 16, 30, 31, 10, 2, 20]}, {"capacity": 202, "impossibleCargos": [0, 6, 12], "neighbors": [24, 14, 13, 19, 36, 35, 3, 29, 32, 33, 23, 16, 5, 27, 7, 34, 21, 0, 22, 2, 30, 26, 25, 1, 12, 9]}, {"capacity": 292, "impossibleCargos": [5, 7, 10, 11], "neighbors": [18, 6, 23, 29, 30, 32, 0, 13, 19, 7, 35, 24, 26, 8, 15, 25, 39, 36, 33, 17, 12, 31, 5, 14, 2, 28, 10, 22, 9, 11]}, {"capacity": 260, "impossibleCargos": [2, 3, 7, 13], "neighbors": [18, 20, 14, 28, 22, 23, 37, 9, 39, 33, 11, 35, 5, 26, 0, 1, 36, 12, 2, 16, 29, 32, 13, 25, 38, 30, 34]}, {"capacity": 300, "impossibleCargos": [3, 5, 6, 9], "neighbors": [39, 28, 13, 9, 17, 16, 24, 29, 11, 35, 14, 33, 36, 4, 21, 38, 23, 30, 2, 31, 20, 6, 10, 19, 37, 0, 27, 7, 12, 25, 34, 5, 22, 3]}, {"capacity": 241, "impossibleCargos": [0, 6, 7, 8], "neighbors": [38, 34, 15, 2, 27, 16, 28, 23, 36, 12, 32, 25, 39, 22, 7, 1, 37, 18, 35, 5, 3, 29, 20, 13, 33, 24, 4, 6, 26]}, {"capacity": 290, "impossibleCargos": [0, 8, 9, 12, 13], "neighbors": [17, 23, 31, 29, 35, 8, 2, 7, 12, 30, 38, 37, 21, 36, 11, 18, 1, 4, 19, 9, 28, 0, 14]}, {"capacity": 237, "impossibleCargos": [0, 2, 12], "neighbors": [2, 8, 33, 39, 25, 0, 7, 30, 24, 3, 23, 28, 38, 18, 29, 20, 5, 15, 35, 34, 4, 10, 9, 37, 31, 22, 13]}, {"capacity": 201, "impossibleCargos": [2], "neighbors": [36, 39, 8, 1, 9, 29, 17, 5, 33, 24, 4, 12, 19, 26, 10, 3, 15, 30, 2, 27, 32, 6, 13, 7, 11, 35, 21, 16, 18, 31, 34]}, {"capacity": 294, "impossibleCargos": [2, 7, 8, 10], "neighbors": [6, 24, 1, 16, 20, 33, 19, 17, 27, 0, 31, 15, 14, 21, 32, 2, 39, 18, 38, 12, 7, 9, 34, 29, 37, 35, 10, 3, 13, 11, 28, 5]}, {"capacity": 255, "impossibleCargos": [1, 10], "neighbors": [15, 23, 34, 27, 33, 30, 18, 32, 22, 16, 21, 28, 0, 35, 10, 37, 1, 38, 8, 14, 36, 19, 26, 12]}, {"capacity": 285, "impossibleCargos": [1, 7, 9], "neighbors": [39, 33, 26, 21, 0, 29, 34, 8, 3, 19, 16, 1, 36, 13, 5, 2, 11, 27, 14, 10, 18, 38, 4, 17, 15, 12, 32]}, {"capacity": 260, "impossibleCargos": [4, 5, 11, 14], "neighbors": [0, 12, 27, 13, 25, 10, 16, 33, 39, 2, 34, 30, 17, 29, 32, 14, 5, 31, 22, 11, 35, 7, 3, 19, 15, 24]}, {"capacity": 284, "impossibleCargos": [1, 4, 6, 12], "neighbors": [7, 31, 26, 24, 0, 19, 32, 23, 4, 33, 2, 13, 29, 39, 15, 9, 6, 36, 25, 3, 1, 10, 8, 38, 18, 22, 28, 30, 5, 12]}, {"capacity": 286, "impossibleCargos": [7], "neighbors": [7, 18, 11, 17, 6, 33, 19, 39, 37, 30, 21, 24, 38, 4, 0, 12, 13, 3, 1, 14, 29, 8, 32, 5, 34, 27, 23, 35, 20, 31, 2, 16, 9]}, {"capacity": 266, "impossibleCargos": [13], "neighbors": [9, 38, 22, 16, 0, 2, 32, 18, 15, 25, 12, 20, 27, 1, 10, 7, 26, 39, 21, 30, 36, 23, 17, 19, 28, 37, 35, 34, 33, 11, 5, 8]}, {"capacity": 291, "impossibleCargos": [1, 3, 4, 5, 12], "neighbors": [3, 12, 8, 16, 6, 34, 24, 11, 13, 21, 9, 10, 4, 28, 2, 20, 36, 26, 7, 1, 18, 33, 37, 29, 22, 0, 15, 14, 27, 5, 17]}, {"capacity": 262, "impossibleCargos": [3, 6, 13, 14], "neighbors": [8, 27, 32, 35, 9, 20, 10, 36, 2, 23, 0, 4, 37, 26, 18, 7, 34, 38, 1, 33, 3, 12, 16, 39, 14, 28, 21, 13, 22]}, {"capacity": 284, "impossibleCargos": [4, 9], "neighbors": [11, 31, 36, 16, 13, 29, 24, 27, 4, 12, 15, 33, 0, 1, 19, 35, 23, 9, 8, 26, 34, 14, 5, 17, 22, 28, 2, 3, 7, 25]}, {"capacity": 243, "impossibleCargos": [0, 1, 4, 8, 11], "neighbors": [8, 5, 25, 4, 24, 23, 28, 21, 22, 35, 0, 3, 15, 32, 27, 26, 17, 9, 18, 14, 36, 30, 39, 31, 16, 6, 11, 19, 29, 10, 7]}, {"capacity": 298, "impossibleCargos": [2, 3, 12, 13, 14], "neighbors": [5, 19, 24, 30, 39, 36, 25, 35, 7, 26, 6, 38, 8, 32, 3, 31, 15, 9, 21, 23, 11, 14, 37, 28, 1, 12, 29, 0, 18, 4, 17, 22]}, {"capacity": 241, "impossibleCargos": [2, 5, 10, 14], "neighbors": [8, 13, 14, 31, 37, 16, 15, 33, 18, 2, 20, 34, 7, 17, 32, 24, 9, 6, 11, 0, 1, 21, 26, 4, 19, 23, 36, 28, 22, 29, 38]}, {"capacity": 258, "impossibleCargos": [4, 12, 13], "neighbors": [4, 6, 22, 32, 15, 39, 19, 12, 31, 34, 18, 5, 30, 25, 33, 37, 20, 27, 8, 24, 1, 16, 17, 13, 29, 3, 2, 35, 38]}, {"capacity": 278, "impossibleCargos": [13], "neighbors": [14, 10, 11, 8, 7, 35, 17, 0, 5, 28, 3, 4, 20, 24, 36, 31, 38, 39, 19, 30, 1, 18, 23, 34, 12, 29, 21, 2, 9]}, {"capacity": 230, "impossibleCargos": [4, 9, 12], "neighbors": [19, 29, 2, 12, 0, 21, 7, 28, 20, 6, 18, 1, 24, 34, 23, 11, 37, 14, 31, 27, 8, 5, 39, 25, 3, 36, 35, 17]}, {"capacity": 237, "impossibleCargos": [0, 6, 12, 13], "neighbors": [18, 22, 14, 25, 21, 3, 28, 36, 34, 17, 10, 26, 6, 27, 19, 12, 29, 23, 16, 37, 33, 4, 0, 5, 11, 38, 13, 9, 31, 7]}]}