{"volumes": [0, 0, 826, 942, 584, 436, 376, 620, 858, 554, 492, 979, 200, 187, 604], "conflicts": [[0, 1], [0, 2], [0, 5], [0, 6], [0, 7], [0, 11], [0, 12], [0, 13], [1, 2], [1, 4], [1, 5], [1, 6], [1, 7], [1, 8], [1, 10], [1, 12], [1, 14]], "tanks": [{"capacity": 219, "impossibleCargos": [3, 8], "neighbors": [25, 8, 19, 2, 18, 4, 38, 7, 11, 21, 27, 28, 22, 17, 12, 14, 16, 9, 30, 37, 3, 5, 24, 31, 1, 39, 36]}, {"capacity": 257, "impossibleCargos": [1, 3, 5, 10, 14], "neighbors": [38, 29, 4, 27, 34, 16, 8, 21, 22, 19, 9, 33, 2, 11, 10, 24, 31, 32, 36, 18, 37, 15, 20, 7, 28, 25, 35, 0, 39, 3, 12]}, {"capacity": 247, "impossibleCargos": [0, 4, 13], "neighbors": [0, 29, 7, 21, 11, 14, 17, 20, 19, 38, 39, 10, 1, 18, 31, 26, 15, 27, 22, 37, 3, 5, 32, 13, 9, 4, 28]}, {"capacity": 240, "impossibleCargos": [3, 5, 7, 10, 13], "neighbors": [15, 37, 35, 38, 4, 29, 18, 20, 32, 9, 28, 5, 10, 26, 34, 27, 12, 0, 22, 2, 8, 13, 19, 6, 17, 25, 31, 1, 7, 16]}, {"capacity": 216, "impossibleCargos": [2, 10, 11, 12], "neighbors": [7, 21, 12, 1, 0, 11, 3, 20, 23, 10, 14, 35, 29, 8, 36, 19, 26, 16, 18, 9, 38, 27, 13, 17, 15, 33, 6, 2, 39, 5]}, {"capacity": 205, "impossibleCargos": [13], "neighbors": [30, 26, 17, 25, 12, 36, 18, 9, 20, 14, 31, 8, 23, 6, 11, 39, 35, 32, 34, 15, 3, 7, 0, 13, 24, 29, 2, 22, 33, 37, 4]}, {"capacity": 215, "impossibleCargos": [3, 6, 7, 8, 11, 14], "neighbors": [11, 15, 33, 21, 22, 20, 35, 28, 5, 36, 39, 25, 19, 23, 9, 13, 27, 7, 16, 3, 32, 24, 17, 8, 4, 18]}, {"capacity": 284, "impossibleCargos": [0, 2, 13], "neighbors": [12, 4, 13, 21, 2, 25, 31, 14, 30, 0, 15, 28, 39, 36, 20, 17, 18, 5, 35, 32, 38, 11, 1, 6, 9, 19, 10, 27, 22, 3]}, {"capacity": 218, "impossibleCargos": [0, 2, 5, 7, 10], "neighbors": [12, 0, 26, 18, 15, 17, 30, 1, 16, 39, 22, 25, 5, 31, 4, 28, 27, 23, 13, 37, 21, 34, 11, 20, 3, 36, 32, 35, 24, 6, 33]}, {"capacity": 215, "impossibleCargos": [], "neighbors": [24, 39, 28, 33, 16, 19, 21, 35, 5, 38, 20, 12, 25, 1, 34, 11, 3, 13, 15, 4, 0, 18, 10, 6, 31, 7, 37, 14, 2, 17, 23]}, {"capacity": 208, "impossibleCargos": [0, 3, 4, 9, 10, 13], "neighbors": [26, 31, 34, 33, 15, 16, 35, 37, 24, 4, 38, 21, 14, 2, 25, 30, 28, 19, 3, 1, 9, 20, 18, 17, 12, 27, 36, 7]}, {"capacity": 260, "impossibleCargos": [3, 14], "neighbors": [6, 37, 25, 26, 4, 27, 2, 13, 0, 16, 35, 23, 15, 24, 30, 5, 39, 9, 12, 1, 22, 19, 31, 8, 7, 38, 18, 17, 21, 32, 20, 33]}, {"capacity": 269, "impossibleCargos": [4, 9], "neighbors": [7, 29, 8, 4, 35, 16, 30, 28, 34, 5, 39, 27, 33, 9, 20, 37, 19, 0, 11, 31, 3, 32, 38, 26, 10, 14, 18, 17, 1, 36]}, {"capacity": 270, "impossibleCargos": [0, 1, 5, 8], "neighbors": [24, 7, 35, 17, 31, 20, 15, 22, 11, 38, 19, 37, 33, 30, 34, 23, 21, 16, 36, 9, 18, 8, 28, 26, 29, 6, 5, 4, 14, 25, 3, 27, 2]}, {"capacity": 265, "impossibleCargos": [0, 1, 2, 4, 5, 12], "neighbors": [25, 7, 34, 33, 2, 29, 4, 23, 10, 5, 30, 35, 19, 0, 38, 18, 31, 37, 17, 13, 12, 16, 20, 9, 22, 39, 32, 24, 28]}, {"capacity": 268, "impossibleCargos": [0, 2, 9], "neighbors": [20, 17, 6, 3, 25, 10, 13, 7, 8, 36, 35, 29, 31, 26, 21, 22, 19, 11, 18, 2, 9, 5, 37, 32, 23, 1, 4, 28]}, {"capacity": 234, "impossibleCargos": [1, 2], "neighbors": [22, 26, 18, 9, 10, 36, 12, 1, 39, 27, 25, 8, 34, 11, 37, 38, 30, 4, 13, 0, 32, 20, 17, 6, 14, 29, 33, 3]}, {"capacity": 242, "impossibleCargos": [3, 4, 5, 11, 12], "neighbors": [15, 13, 5, 18, 8, 2, 19, 28, 31, 39, 37, 0, 20, 23, 7, 14, 29, 30, 10, 4, 16, 11, 3, 6, 12, 9]}, {"capacity": 258, "impossibleCargos": [13], "neighbors": [33, 0, 16, 29, 28, 22, 8, 3, 26, 17, 32, 31, 5, 39, 15, 2, 27, 34, 25, 7, 4, 21, 14, 13, 9, 30, 10, 1, 12, 11, 36, 20, 24, 19, 6]}, {"capacity": 211, "impossibleCargos": [2, 11, 14], "neighbors": [0, 29, 9, 38, 17, 2, 13, 35, 39, 15, 34, 1, 24, 14, 4, 30, 12, 22, 27, 11, 10, 6, 31, 20, 26, 37, 3, 7, 21, 28, 23, 18]}, {"capacity": 300, "impossibleCargos": [0, 8, 12, 13], "neighbors": [15, 36, 13, 31, 34, 2, 3, 4, 5, 7, 29, 9, 6, 22, 12, 33, 17, 23, 32, 27, 35, 10, 24, 8, 19, 16, 1, 37, 14, 30, 18, 21, 11, 28, 39]}, {"capacity": 200, "impossibleCargos": [0, 1, 2, 3, 7, 10], "neighbors": [4, 30, 35, 33, 7, 6, 2, 9, 0, 36, 15, 1, 10, 25, 26, 23, 31, 13, 18, 38, 8, 37, 22, 34, 32, 24, 19, 20, 11]}, {"capacity": 228, "impossibleCargos": [0, 5, 13, 14], "neighbors": [37, 23, 16, 33, 18, 13, 6, 8, 1, 15, 24, 20, 28, 0, 19, 31, 11, 2, 38, 21, 3, 34, 30, 5, 14, 25, 27, 7]}, {"capacity": 229, "impossibleCargos": [5, 10, 11, 13, 14], "neighbors": [31, 22, 33, 36, 32, 37, 38, 4, 14, 11, 30, 5, 13, 21, 17, 8, 20, 15, 6, 26, 34, 35, 27, 19, 9, 25]}, {"capacity": 289, "impossibleCargos": [0, 3], "neighbors": [13, 9, 37, 25, 34, 10, 22, 11, 19, 36, 35, 27, 38, 1, 28, 31, 20, 33, 0, 5, 39, 21, 18, 6, 29, 8, 14]}, {"capacity": 201, "impossibleCargos": [9, 10, 14], "neighbors": [14, 0, 11, 15, 33, 7, 36, 37, 39, 5, 24, 16, 30, 35, 27, 21, 8, 9, 28, 18, 10, 6, 38, 32, 29, 13, 31, 26, 3, 1, 22, 23]}, {"capacity": 289, "impossibleCargos": [1, 2, 7, 14], "neighbors": [37, 10, 11, 16, 31, 34, 5, 8, 28, 18, 39, 27, 15, 33, 32, 21, 38, 4, 2, 30, 13, 3, 23, 12, 19, 25, 29, 35]}, {"capacity": 292, "impossibleCargos": [], "neighbors": [38, 1, 11, 29, 16, 26, 0, 12, 25, 31, 32, 35, 18, 8, 37, 24, 19, 2, 20, 30, 3, 4, 10, 6, 23, 13, 28, 7, 22]}, {"capacity": 210, "impossibleCargos": [8], "neighbors": [9, 18, 35, 26, 12, 7, 17, 32, 0, 6, 30, 29, 25, 22, 34, 8, 38, 3, 10, 13, 37, 24, 36, 27, 19, 15, 1, 2, 20, 14]}, {"capacity": 254, "impossibleCargos": [1, 3, 8, 12], "neighbors": [36, 12, 1, 2, 18, 3, 19, 32, 27, 15, 14, 31, 20, 38, 34, 4, 28, 37, 25, 13, 17, 5, 16, 26, 24]}, {"capacity": 268, "impossibleCargos": [2, 3, 5, 11], "neighbors": [21, 5, 34, 39, 12, 7, 37, 8, 25, 16, 13, 23, 14, 11, 28, 19, 10, 26, 0, 18, 27, 17, 32, 38, 22, 20]}, {"capacity": 247, "impossibleCargos": [1, 4, 9, 10, 11, 12, 13], "neighbors": [23, 13, 10, 20, 26, 7, 33, 15, 18, 37, 17, 29, 27, 5, 32, 8, 21, 2, 22, 14, 12, 11, 24, 1, 19, 35, 9, 25, 0, 3]}, {"capacity": 217, "impossibleCargos": [3], "neighbors": [35, 37, 36, 23, 29, 18, 28, 26, 3, 27, 31, 33, 5, 25, 20, 16, 1, 15, 30, 12, 7, 34, 21, 8, 6, 39, 2, 11, 14]}, {"capacity": 220, "impossibleCargos": [3, 4, 5, 6, 11, 12], "neighbors": [18, 9, 22, 21, 23, 10, 6, 25, 14, 39, 31, 12, 13, 26, 32, 1, 37, 20, 35, 36, 24, 5, 4, 16, 11, 8]}, {"capacity": 266, "impossibleCargos": [0, 1, 6, 7, 8, 12, 14], "neighbors": [35, 30, 38, 10, 26, 1, 20, 14, 12, 24, 16, 29, 13, 19, 9, 37, 18, 28, 5, 3, 8, 32, 21, 23, 22, 39, 36]}, {"capacity": 293, "impossibleCargos": [0, 2, 5, 7, 10, 12], "neighbors": [32, 39, 21, 13, 34, 3, 38, 12, 28, 10, 9, 15, 11, 19, 25, 27, 4, 6, 14, 5, 24, 33, 36, 37, 7, 20, 31, 23, 8, 1, 26]}, {"capacity": 245, "impossibleCargos": [0, 6, 10], "neighbors": [29, 20, 16, 23, 25, 32, 15, 21, 5, 7, 39, 24, 6, 4, 13, 35, 28, 1, 33, 10, 8, 18, 37, 38, 12, 34, 0]}, {"capacity": 232, "impossibleCargos": [2, 5, 7], "neighbors": [22, 26, 24, 3, 32, 11, 39, 25, 30, 23, 10, 31, 13, 16, 33, 34, 17, 38, 12, 27, 29, 8, 35, 14, 28, 15, 0, 21, 2, 1, 19, 9, 20, 5, 36]}, {"capacity": 227, "impossibleCargos": [10, 12], "neighbors": [1, 35, 34, 3, 27, 0, 19, 23, 13, 2, 10, 16, 9, 29, 26, 37, 28, 14, 21, 25, 22, 24, 4, 12, 30, 7, 11, 36]}, {"capacity": 225, "impossibleCargos": [1, 10, 12, 14], "neighbors": [9, 35, 30, 37, 33, 25, 16, 26, 12, 7, 8, 18, 2, 19, 36, 17, 6, 5, 11, 34, 24, 32, 14, 4, 1, 0, 20]}]}