{"volumes": [0, 798, 1272, 586, 504, 883, 0, 450, 323, 355, 377, 333, 392, 446, 514], "conflicts": [[0, 1], [0, 2], [0, 4], [0, 5], [0, 6], [0, 7], [0, 8], [0, 10], [0, 11], [0, 12], [0, 13], [0, 14], [1, 6], [2, 6], [4, 6], [5, 6], [6, 8], [6, 9], [6, 10], [6, 11], [6, 12], [6, 13], [6, 14]], "tanks": [{"capacity": 298, "impossibleCargos": [3, 4, 7, 12], "neighbors": [24, 38, 11, 22, 29, 27, 9, 33, 8, 20, 6, 26, 34, 39, 10, 15, 1, 16, 13, 37, 25, 36, 18, 31, 17, 32, 14, 2, 28, 30]}, {"capacity": 295, "impossibleCargos": [3, 5, 7, 8], "neighbors": [37, 9, 6, 28, 27, 11, 5, 2, 30, 36, 16, 7, 23, 29, 8, 13, 31, 33, 0, 4, 32, 15, 35, 26, 24, 17, 20, 10, 18]}, {"capacity": 278, "impossibleCargos": [0, 3, 4, 6, 11, 13], "neighbors": [35, 11, 24, 1, 21, 10, 15, 17, 7, 9, 33, 34, 28, 8, 37, 20, 22, 26, 16, 25, 18, 29, 30, 13, 3, 27, 39, 0]}, {"capacity": 275, "impossibleCargos": [1, 2, 5, 11, 12, 13], "neighbors": [20, 24, 6, 36, 37, 22, 31, 4, 18, 17, 19, 39, 14, 23, 5, 27, 30, 35, 15, 29, 7, 13, 38, 26, 28, 12, 2, 11, 9, 25, 34]}, {"capacity": 206, "impossibleCargos": [9], "neighbors": [12, 18, 23, 3, 13, 31, 8, 28, 37, 30, 1, 20, 5, 35, 15, 6, 36, 26, 24, 14, 33, 25, 22, 17, 21, 9, 38, 27]}, {"capacity": 273, "impossibleCargos": [3], "neighbors": [27, 18, 36, 39, 29, 1, 32, 9, 22, 34, 16, 3, 15, 4, 19, 13, 12, 23, 10, 14, 37, 33, 28]}, {"capacity": 272, "impossibleCargos": [6, 7, 8, 11, 13], "neighbors": [3, 10, 11, 37, 1, 23, 28, 32, 13, 0, 39, 17, 25, 31, 36, 16, 18, 38, 29, 15, 4, 19, 33, 7, 22, 21, 34, 8, 26, 30]}, {"capacity": 285, "impossibleCargos": [2, 5, 8, 13], "neighbors": [14, 27, 1, 30, 13, 2, 21, 31, 9, 28, 33, 3, 15, 29, 38, 10, 36, 22, 6, 11, 19, 18, 17]}, {"capacity": 288, "impossibleCargos": [12, 13], "neighbors": [12, 26, 10, 33, 0, 14, 30, 16, 9, 29, 31, 1, 4, 36, 34, 2, 37, 32, 39, 13, 15, 21, 11, 19, 24, 27, 35, 6, 22, 28]}, {"capacity": 279, "impossibleCargos": [], "neighbors": [12, 1, 18, 10, 0, 25, 32, 38, 20, 8, 26, 5, 19, 2, 35, 7, 21, 17, 22, 28, 11, 13, 16, 27, 33, 29, 3, 37, 4, 24]}, {"capacity": 261, "impossibleCargos": [1, 4, 5, 7, 11, 12, 13], "neighbors": [6, 9, 31, 8, 27, 2, 38, 39, 21, 0, 34, 28, 25, 24, 12, 13, 7, 32, 14, 29, 5, 17, 15, 33, 1, 23, 37]}, {"capacity": 279, "impossibleCargos": [0, 2, 7, 12], "neighbors": [15, 0, 38, 24, 14, 30, 6, 2, 18, 17, 1, 13, 22, 27, 28, 39, 16, 33, 34, 25, 20, 29, 36, 32, 26, 31, 9, 7, 8, 12, 3]}, {"capacity": 235, "impossibleCargos": [4, 12, 14], "neighbors": [9, 24, 8, 4, 34, 20, 15, 30, 14, 27, 28, 37, 29, 36, 10, 16, 5, 39, 17, 35, 31, 3, 21, 33, 11, 25, 23]}, {"capacity": 237, "impossibleCargos": [2, 3, 4, 5, 6, 10], "neighbors": [23, 32, 39, 28, 26, 35, 6, 11, 24, 4, 29, 37, 36, 7, 1, 0, 17, 3, 34, 10, 5, 19, 20, 30, 8, 2, 9, 27, 14, 15, 31, 16, 33]}, {"capacity": 209, "impossibleCargos": [0, 8, 11], "neighbors": [11, 7, 17, 26, 8, 12, 30, 22, 24, 23, 3, 29, 28, 38, 19, 35, 39, 10, 33, 16, 27, 15, 32, 18, 5, 0, 13, 4, 20, 36]}, {"capacity": 298, "impossibleCargos": [], "neighbors": [11, 18, 12, 26, 20, 2, 30, 0, 5, 23, 3, 25, 37, 1, 7, 27, 28, 29, 6, 4, 31, 14, 8, 39, 13, 33, 22, 10, 32, 21]}, {"capacity": 243, "impossibleCargos": [2, 5, 12, 14], "neighbors": [24, 20, 32, 8, 1, 17, 19, 11, 5, 37, 6, 25, 0, 23, 12, 2, 36, 14, 39, 27, 26, 9, 35, 29, 18, 13, 34, 31]}, {"capacity": 293, "impossibleCargos": [7], "neighbors": [36, 20, 19, 24, 14, 11, 3, 33, 16, 29, 26, 2, 6, 31, 35, 13, 18, 12, 9, 30, 1, 0, 37, 10, 22, 23, 7, 4, 32, 38, 34]}, {"capacity": 234, "impossibleCargos": [1], "neighbors": [5, 28, 15, 4, 9, 30, 35, 11, 20, 3, 24, 37, 26, 31, 6, 32, 17, 0, 39, 21, 2, 22, 14, 33, 34, 7, 16, 1, 29]}, {"capacity": 204, "impossibleCargos": [5, 7, 10], "neighbors": [25, 33, 17, 38, 37, 3, 26, 32, 16, 9, 30, 31, 5, 13, 14, 39, 22, 6, 27, 29, 23, 24, 8, 7, 34, 28, 20]}, {"capacity": 236, "impossibleCargos": [7, 12], "neighbors": [3, 17, 12, 29, 15, 22, 27, 25, 16, 0, 18, 9, 37, 11, 4, 23, 39, 21, 2, 33, 30, 13, 26, 1, 35, 14, 31, 24, 19, 36]}, {"capacity": 234, "impossibleCargos": [2, 9, 12, 14], "neighbors": [22, 31, 2, 29, 26, 39, 10, 37, 7, 20, 27, 9, 28, 23, 25, 36, 18, 34, 12, 6, 8, 35, 4, 15]}, {"capacity": 223, "impossibleCargos": [6, 12], "neighbors": [21, 31, 0, 38, 27, 3, 20, 11, 39, 14, 5, 34, 30, 2, 9, 19, 18, 7, 32, 6, 17, 15, 8, 4, 35, 26]}, {"capacity": 262, "impossibleCargos": [2, 7, 12], "neighbors": [39, 32, 4, 13, 30, 6, 33, 28, 1, 14, 3, 15, 20, 38, 25, 16, 34, 27, 5, 21, 24, 19, 17, 12, 10]}, {"capacity": 298, "impossibleCargos": [0, 6, 8, 14], "neighbors": [0, 12, 3, 28, 11, 17, 25, 33, 16, 2, 13, 34, 29, 31, 14, 18, 35, 10, 38, 27, 37, 1, 23, 30, 19, 4, 8, 20, 9, 32]}, {"capacity": 298, "impossibleCargos": [6, 14], "neighbors": [19, 24, 9, 20, 39, 31, 11, 6, 30, 38, 16, 10, 15, 35, 23, 0, 26, 2, 21, 37, 27, 32, 4, 12, 3]}, {"capacity": 259, "impossibleCargos": [0, 9, 10, 11, 13, 14], "neighbors": [38, 28, 35, 8, 15, 14, 13, 36, 0, 9, 19, 33, 17, 21, 34, 18, 30, 39, 2, 25, 20, 1, 3, 11, 31, 16, 4, 29, 6, 22]}, {"capacity": 277, "impossibleCargos": [1, 8, 11, 12, 14], "neighbors": [5, 35, 0, 30, 32, 22, 7, 36, 20, 1, 12, 10, 11, 29, 3, 21, 28, 34, 15, 33, 23, 24, 14, 38, 16, 37, 19, 25, 13, 2, 9, 8, 31, 4]}, {"capacity": 295, "impossibleCargos": [1, 6, 7, 8, 14], "neighbors": [26, 18, 24, 13, 1, 6, 32, 23, 12, 11, 29, 33, 4, 10, 2, 7, 14, 27, 36, 38, 15, 21, 34, 9, 3, 39, 8, 19, 0, 5, 31, 30]}, {"capacity": 233, "impossibleCargos": [1, 2, 6, 7, 11, 13, 14], "neighbors": [0, 33, 20, 5, 8, 24, 13, 21, 17, 28, 34, 30, 27, 1, 11, 31, 12, 14, 37, 3, 36, 7, 32, 38, 15, 6, 10, 2, 19, 26, 16, 9, 18, 35]}, {"capacity": 219, "impossibleCargos": [0, 3, 7, 9, 11, 14], "neighbors": [18, 11, 27, 23, 12, 8, 1, 15, 36, 14, 34, 29, 7, 22, 25, 3, 4, 19, 31, 26, 20, 37, 13, 17, 35, 2, 24, 33, 39, 6, 28, 0]}, {"capacity": 236, "impossibleCargos": [2], "neighbors": [39, 22, 21, 10, 3, 25, 8, 4, 24, 17, 1, 6, 29, 38, 18, 19, 7, 36, 30, 32, 15, 35, 11, 12, 0, 26, 27, 20, 13, 33, 34, 37, 28, 16]}, {"capacity": 214, "impossibleCargos": [3, 5, 6, 7, 8, 12], "neighbors": [23, 36, 13, 27, 34, 6, 9, 28, 16, 5, 19, 37, 1, 31, 18, 29, 8, 11, 38, 10, 14, 0, 22, 25, 39, 15, 17, 33, 24]}, {"capacity": 224, "impossibleCargos": [4, 12, 13], "neighbors": [19, 29, 24, 8, 0, 36, 23, 35, 26, 17, 11, 28, 1, 2, 7, 20, 37, 27, 38, 14, 6, 18, 12, 9, 15, 4, 34, 5, 10, 31, 30, 32, 13, 39]}, {"capacity": 263, "impossibleCargos": [8, 10], "neighbors": [12, 37, 32, 24, 0, 30, 29, 26, 5, 11, 10, 22, 8, 2, 27, 13, 23, 36, 35, 38, 28, 39, 21, 6, 18, 33, 19, 31, 16, 3, 17]}, {"capacity": 214, "impossibleCargos": [0, 4, 8, 10, 11], "neighbors": [26, 27, 2, 18, 13, 33, 17, 3, 9, 24, 25, 4, 14, 1, 34, 31, 39, 12, 30, 38, 20, 16, 21, 8, 37, 22, 36, 29]}, {"capacity": 268, "impossibleCargos": [0, 8, 11, 12], "neighbors": [17, 37, 3, 5, 32, 27, 26, 33, 1, 39, 30, 13, 8, 38, 6, 31, 11, 29, 12, 28, 16, 34, 0, 21, 7, 4, 14, 35, 20]}, {"capacity": 297, "impossibleCargos": [0, 5, 7, 8], "neighbors": [36, 1, 6, 3, 34, 19, 13, 12, 20, 38, 21, 18, 4, 16, 29, 32, 2, 0, 15, 8, 33, 30, 25, 24, 27, 17, 5, 35, 9, 31, 10]}, {"capacity": 270, "impossibleCargos": [5, 13], "neighbors": [26, 0, 11, 22, 19, 9, 10, 37, 36, 31, 25, 6, 23, 39, 28, 14, 7, 32, 29, 33, 24, 3, 34, 27, 35, 4, 17]}, {"capacity": 233, "impossibleCargos": [3, 11, 13, 14], "neighbors": [31, 23, 5, 13, 25, 22, 6, 11, 36, 3, 21, 10, 0, 20, 38, 26, 8, 14, 12, 19, 18, 35, 16, 34, 15, 28, 2, 32, 30, 33]}]}