{"volumes": [421, 729, 821, 761, 544, 624, 466, 429, 302, 311, 0, 0, 724, 878, 345], "conflicts": [[1, 10], [3, 10], [5, 10], [5, 11], [7, 11], [8, 11], [10, 11], [10, 12], [10, 13], [11, 12], [11, 13]], "tanks": [{"capacity": 205, "impossibleCargos": [0, 1, 2, 3, 6, 7, 8, 10, 11, 12, 14], "neighbors": [12, 35, 9, 39, 21, 24, 1, 23, 37, 8, 27, 16, 18, 11, 34, 31, 25, 30, 22, 4, 10, 13, 20, 17, 32, 7, 5, 19, 38, 26]}, {"capacity": 264, "impossibleCargos": [1, 3, 7, 8, 9, 10, 11, 12, 14], "neighbors": [39, 22, 23, 35, 26, 24, 34, 0, 18, 6, 32, 9, 13, 30, 38, 27, 31, 12, 15, 11, 21, 33, 4, 10, 28, 8]}, {"capacity": 267, "impossibleCargos": [0, 1, 2, 4, 6, 8, 9, 11, 14], "neighbors": [29, 38, 16, 21, 24, 7, 3, 19, 11, 8, 31, 17, 22, 35, 10, 37, 14, 12, 30, 18, 26, 33, 27, 4, 6, 15, 28, 34, 32, 9, 23, 20]}, {"capacity": 246, "impossibleCargos": [0, 1, 2, 3, 8, 9, 10, 12], "neighbors": [28, 20, 21, 2, 26, 36, 10, 15, 24, 14, 19, 35, 13, 34, 30, 4, 39, 23, 11, 33, 9, 6, 18, 16, 22, 29]}, {"capacity": 285, "impossibleCargos": [0, 3, 5, 7, 8, 9, 10, 11, 12, 13, 14], "neighbors": [30, 34, 32, 6, 5, 28, 14, 17, 12, 22, 18, 13, 31, 29, 39, 3, 11, 16, 27, 8, 2, 36, 33, 10, 15, 19, 24, 38, 0, 1, 35, 20, 25, 37]}, {"capacity": 209, "impossibleCargos": [0, 2, 5, 7, 8, 9, 10, 11, 12], "neighbors": [10, 17, 37, 39, 4, 38, 11, 8, 24, 13, 27, 6, 25, 14, 34, 36, 16, 20, 30, 26, 15, 33, 21, 9, 32, 19, 0]}, {"capacity": 286, "impossibleCargos": [1, 3, 4, 5, 6, 7, 9, 10, 11, 12, 13, 14], "neighbors": [32, 21, 4, 35, 1, 5, 30, 24, 14, 8, 33, 36, 19, 22, 31, 17, 3, 29, 2, 20, 9, 26, 27, 34, 12, 7, 38]}, {"capacity": 202, "impossibleCargos": [2, 4, 6, 7, 8, 9, 10, 11, 12, 13, 14], "neighbors": [34, 2, 26, 10, 27, 37, 30, 15, 21, 19, 38, 9, 35, 13, 18, 25, 16, 17, 32, 6, 0, 20, 31, 23, 28]}, {"capacity": 284, "impossibleCargos": [0, 1, 3, 5, 6, 7, 9, 10, 13, 14], "neighbors": [9, 23, 33, 26, 12, 2, 5, 0, 16, 10, 6, 11, 27, 20, 22, 4, 39, 25, 31, 32, 38, 28, 15, 24, 30, 1, 36]}, {"capacity": 266, "impossibleCargos": [1, 6, 7, 8, 9, 10, 11, 12, 14], "neighbors": [8, 34, 19, 25, 0, 33, 27, 1, 11, 28, 30, 7, 3, 21, 16, 20, 22, 6, 5, 31, 37, 26, 18, 2, 29, 17, 15, 14]}, {"capacity": 230, "impossibleCargos": [0, 1, 3, 7, 8, 9, 10, 13, 14], "neighbors": [5, 38, 33, 27, 26, 32, 35, 34, 3, 7, 16, 36, 21, 8, 29, 24, 17, 11, 31, 2, 25, 4, 20, 18, 0, 1, 12, 19, 15]}, {"capacity": 252, "impossibleCargos": [0, 1, 2, 3, 4, 6, 8, 9, 10, 11, 12, 14], "neighbors": [20, 31, 2, 22, 5, 37, 28, 33, 36, 39, 30, 27, 29, 0, 8, 25, 10, 9, 35, 18, 4, 3, 21, 17, 1, 16, 32, 15]}, {"capacity": 244, "impossibleCargos": [0, 2, 4, 5, 6, 7, 8, 13, 14], "neighbors": [0, 23, 17, 39, 8, 4, 36, 18, 27, 13, 20, 21, 2, 38, 24, 29, 37, 1, 26, 30, 25, 10, 6, 34]}, {"capacity": 286, "impossibleCargos": [0, 1, 3, 4, 7, 8, 9, 10, 11, 13, 14], "neighbors": [24, 33, 31, 32, 21, 15, 39, 5, 12, 19, 4, 37, 1, 3, 23, 36, 30, 29, 7, 38, 20, 17, 22, 26, 35, 0, 25, 14, 34, 18]}, {"capacity": 209, "impossibleCargos": [0, 1, 3, 4, 5, 7, 8, 10, 11, 12, 13, 14], "neighbors": [39, 32, 38, 4, 24, 28, 30, 3, 5, 6, 2, 27, 34, 26, 19, 18, 33, 35, 17, 29, 13, 15, 23, 36, 21, 37, 9, 31]}, {"capacity": 263, "impossibleCargos": [2, 3, 4, 5, 8, 9, 10, 11, 12, 13, 14], "neighbors": [39, 19, 32, 22, 13, 24, 3, 28, 21, 38, 25, 7, 37, 30, 35, 17, 18, 26, 27, 5, 2, 4, 8, 1, 23, 14, 11, 33, 10, 9]}, {"capacity": 285, "impossibleCargos": [0, 2, 3, 4, 5, 6, 8, 9, 10, 11, 12, 13, 14], "neighbors": [23, 2, 17, 10, 8, 0, 19, 37, 5, 24, 4, 38, 9, 22, 30, 34, 27, 7, 3, 11, 25, 18, 20, 33, 31]}, {"capacity": 253, "impossibleCargos": [0, 2, 3, 4, 5, 6, 9, 10, 12, 14], "neighbors": [5, 26, 12, 29, 36, 19, 34, 32, 4, 25, 24, 18, 16, 2, 21, 10, 15, 11, 6, 30, 23, 38, 22, 13, 20, 14, 7, 0, 39, 27, 33, 28, 37, 9]}, {"capacity": 283, "impossibleCargos": [2, 4, 7, 8, 10, 13, 14], "neighbors": [38, 20, 12, 1, 17, 23, 24, 4, 19, 0, 32, 11, 2, 37, 35, 15, 14, 7, 10, 39, 27, 31, 3, 28, 34, 9, 22, 26, 16, 13]}, {"capacity": 300, "impossibleCargos": [2, 4, 5, 6, 7, 8, 10, 11, 13], "neighbors": [22, 15, 9, 17, 20, 29, 2, 30, 35, 3, 13, 18, 34, 16, 24, 6, 7, 37, 14, 28, 4, 36, 33, 26, 10, 5, 39, 0, 38]}, {"capacity": 252, "impossibleCargos": [3, 4, 6, 7, 8, 10, 11, 12, 14], "neighbors": [11, 3, 34, 18, 35, 19, 26, 24, 32, 22, 31, 12, 33, 23, 30, 5, 25, 8, 9, 6, 13, 10, 17, 37, 36, 4, 0, 21, 29, 2, 7, 16, 28]}, {"capacity": 223, "impossibleCargos": [0, 1, 3, 5, 6, 7, 8, 10, 12, 14], "neighbors": [3, 6, 36, 23, 13, 0, 2, 26, 37, 17, 15, 10, 12, 39, 7, 32, 11, 28, 9, 1, 5, 22, 20, 25, 14, 31]}, {"capacity": 250, "impossibleCargos": [0, 3, 5, 7, 8, 9, 11, 13, 14], "neighbors": [19, 31, 1, 32, 23, 15, 29, 33, 37, 11, 24, 34, 4, 38, 20, 28, 2, 30, 6, 8, 16, 0, 17, 9, 13, 21, 18, 25, 3, 39]}, {"capacity": 212, "impossibleCargos": [1, 4, 7, 10, 12, 13, 14], "neighbors": [26, 8, 28, 38, 16, 12, 21, 1, 22, 29, 35, 36, 18, 0, 33, 31, 27, 13, 30, 25, 24, 3, 20, 37, 17, 34, 15, 32, 14, 2, 7]}, {"capacity": 270, "impossibleCargos": [2, 3, 4, 5, 6, 9, 11, 13, 14], "neighbors": [13, 37, 29, 2, 1, 14, 15, 0, 17, 22, 5, 3, 20, 18, 35, 32, 33, 6, 10, 28, 19, 23, 16, 25, 12, 34, 4, 8, 30, 36, 26, 31, 39]}, {"capacity": 287, "impossibleCargos": [0, 3, 5, 6, 7, 8, 9, 11, 12, 13], "neighbors": [9, 28, 17, 35, 33, 26, 38, 5, 32, 34, 15, 29, 11, 39, 23, 0, 27, 24, 20, 8, 10, 7, 30, 4, 12, 13, 16, 22, 31, 21]}, {"capacity": 282, "impossibleCargos": [2, 3, 4, 5, 8, 9, 10, 11, 13, 14], "neighbors": [23, 32, 10, 17, 36, 8, 29, 21, 1, 3, 20, 7, 25, 39, 35, 2, 14, 15, 27, 5, 34, 12, 6, 13, 31, 9, 24, 19, 18, 0]}, {"capacity": 221, "impossibleCargos": [0, 2, 4, 5, 6, 7, 8, 9, 10, 11, 12, 13, 14], "neighbors": [32, 35, 10, 31, 12, 0, 7, 9, 5, 28, 30, 11, 1, 23, 29, 8, 14, 25, 2, 4, 37, 26, 15, 34, 6, 18, 16, 17, 33]}, {"capacity": 233, "impossibleCargos": [0, 1, 2, 4, 5, 6, 7, 11, 12, 14], "neighbors": [3, 34, 23, 29, 4, 25, 30, 14, 11, 15, 27, 22, 24, 9, 19, 21, 32, 39, 35, 38, 2, 31, 8, 37, 33, 18, 1, 20, 17, 7]}, {"capacity": 280, "impossibleCargos": [0, 1, 2, 3, 5, 6, 7, 8, 9, 10, 11, 12, 14], "neighbors": [2, 36, 28, 39, 17, 37, 24, 23, 22, 19, 26, 30, 31, 10, 11, 33, 25, 4, 27, 38, 32, 13, 6, 12, 14, 20, 3, 9, 34]}, {"capacity": 218, "impossibleCargos": [0, 1, 4, 5, 6, 8, 10, 11, 13, 14], "neighbors": [4, 35, 28, 38, 32, 29, 19, 14, 6, 27, 11, 1, 7, 22, 23, 3, 15, 9, 39, 2, 20, 13, 5, 17, 0, 16, 25, 34, 24, 8, 12, 33, 36]}, {"capacity": 251, "impossibleCargos": [1, 2, 4, 5, 6, 7, 8, 9, 10, 11, 12, 13, 14], "neighbors": [22, 13, 11, 27, 35, 29, 2, 38, 23, 20, 4, 1, 34, 10, 0, 6, 8, 28, 33, 36, 18, 9, 26, 25, 32, 7, 37, 24, 21, 16, 14]}, {"capacity": 235, "impossibleCargos": [0, 1, 5, 6, 8, 9, 10, 11, 12, 13, 14], "neighbors": [26, 27, 6, 10, 15, 13, 14, 4, 22, 35, 17, 30, 38, 24, 20, 1, 25, 18, 37, 29, 21, 33, 28, 8, 34, 2, 11, 23, 7, 5, 0, 31, 39]}, {"capacity": 273, "impossibleCargos": [1, 3, 7, 8, 9, 10, 11, 12, 14], "neighbors": [13, 10, 8, 9, 22, 25, 35, 11, 23, 24, 39, 29, 6, 38, 36, 20, 2, 32, 3, 4, 14, 31, 5, 19, 28, 1, 37, 30, 17, 15, 16, 27]}, {"capacity": 295, "impossibleCargos": [0, 1, 2, 4, 5, 8, 9, 10, 11, 13], "neighbors": [9, 20, 28, 4, 7, 10, 17, 1, 22, 38, 35, 5, 19, 25, 31, 0, 3, 14, 24, 27, 26, 16, 23, 32, 6, 30, 2, 18, 13, 12, 29]}, {"capacity": 214, "impossibleCargos": [0, 1, 2, 3, 4, 5, 8, 9, 10, 11, 12, 14], "neighbors": [0, 27, 10, 20, 32, 23, 1, 30, 31, 25, 33, 6, 37, 24, 19, 3, 34, 26, 2, 11, 15, 7, 18, 38, 28, 14, 39, 4, 13]}, {"capacity": 279, "impossibleCargos": [0, 2, 4, 9, 10, 12, 13, 14], "neighbors": [29, 39, 26, 21, 17, 3, 12, 38, 23, 11, 10, 6, 33, 5, 13, 4, 37, 31, 19, 20, 24, 14, 8, 30]}, {"capacity": 224, "impossibleCargos": [1, 2, 4, 8, 9, 11, 12, 13, 14], "neighbors": [24, 5, 29, 21, 22, 11, 35, 0, 13, 7, 16, 15, 32, 2, 19, 18, 23, 27, 12, 36, 20, 28, 39, 9, 4, 33, 14, 17, 31]}, {"capacity": 274, "impossibleCargos": [1, 3, 4, 5, 6, 7, 8, 10, 12, 13], "neighbors": [2, 10, 23, 18, 14, 30, 5, 36, 25, 32, 31, 34, 22, 15, 39, 1, 33, 7, 29, 12, 16, 35, 17, 28, 8, 13, 4, 6, 0, 19]}, {"capacity": 260, "impossibleCargos": [0, 1, 3, 4, 5, 6, 7, 9, 10, 11, 12, 13, 14], "neighbors": [36, 15, 1, 14, 5, 29, 0, 12, 13, 26, 11, 33, 38, 21, 25, 4, 3, 30, 28, 8, 35, 18, 37, 17, 19, 22, 32, 24]}]}