{"volumes": [442, 445, 683, 0, 148, 907, 323, 350, 544, 593, 636, 315, 499, 714, 645], "conflicts": [[1, 3], [3, 4], [3, 5], [3, 6], [3, 7], [3, 8], [3, 9], [3, 10], [3, 11], [3, 12], [3, 13]], "tanks": [{"capacity": 283, "impossibleCargos": [1, 3, 4, 5, 7, 8, 11, 12, 13, 14], "neighbors": [6, 19, 5, 37, 12, 35, 11, 30, 38, 31, 34, 2, 21, 23, 8, 7, 20, 32, 15, 1, 22, 25, 29, 27, 14, 36, 17, 24, 13]}, {"capacity": 282, "impossibleCargos": [0, 1, 5, 6, 8, 9, 10, 11, 12], "neighbors": [33, 37, 32, 35, 36, 29, 17, 14, 22, 19, 6, 39, 31, 21, 23, 24, 28, 16, 15, 0, 7, 11, 2, 10, 25, 8, 5, 34, 12, 9, 27, 3, 38]}, {"capacity": 233, "impossibleCargos": [0, 1, 4, 5, 6, 9, 10, 11, 12, 13, 14], "neighbors": [38, 15, 5, 16, 33, 35, 29, 17, 12, 14, 34, 22, 32, 7, 0, 9, 25, 19, 4, 27, 39, 1, 24, 26, 18, 6, 3, 36, 23]}, {"capacity": 206, "impossibleCargos": [0, 1, 2, 3, 5, 6, 7, 8, 9, 11, 12, 13, 14], "neighbors": [37, 28, 35, 27, 7, 36, 25, 8, 12, 21, 23, 30, 6, 24, 19, 33, 29, 9, 11, 38, 34, 18, 17, 32, 2, 22, 16, 1, 26, 31, 10]}, {"capacity": 266, "impossibleCargos": [5, 6, 7, 8, 9, 10, 12, 13], "neighbors": [20, 14, 37, 7, 15, 16, 21, 17, 25, 34, 6, 38, 2, 9, 33, 28, 27, 26, 10, 29, 12, 23]}, {"capacity": 254, "impossibleCargos": [0, 1, 3, 4, 5, 6, 7, 8, 10, 11, 13, 14], "neighbors": [14, 2, 25, 8, 0, 9, 17, 22, 37, 26, 6, 21, 11, 39, 34, 12, 29, 35, 20, 36, 32, 15, 31, 1, 18, 30, 19, 10, 28, 33]}, {"capacity": 234, "impossibleCargos": [3, 4, 5, 9, 12, 13, 14], "neighbors": [0, 36, 10, 8, 17, 37, 1, 13, 39, 12, 5, 14, 32, 25, 4, 34, 23, 3, 35, 28, 19, 20, 30, 38, 24, 2, 31, 7, 26]}, {"capacity": 290, "impossibleCargos": [1, 3, 4, 8, 9, 10, 12, 13, 14], "neighbors": [33, 13, 11, 4, 21, 20, 24, 16, 3, 35, 17, 27, 19, 29, 36, 37, 14, 32, 2, 30, 0, 1, 10, 25, 31, 38, 18, 34, 6, 8]}, {"capacity": 263, "impossibleCargos": [2, 3, 5, 7, 10, 11, 13, 14], "neighbors": [19, 22, 21, 5, 6, 37, 16, 10, 25, 35, 27, 11, 32, 31, 3, 28, 0, 33, 13, 30, 23, 9, 1, 34, 18, 14, 12, 15, 7, 20, 29]}, {"capacity": 262, "impossibleCargos": [0, 1, 5, 6, 7, 11, 12, 13, 14], "neighbors": [26, 27, 14, 25, 33, 17, 5, 22, 15, 21, 28, 29, 12, 31, 39, 23, 16, 2, 37, 4, 20, 13, 3, 19, 10, 8, 1, 24, 34, 30]}, {"capacity": 231, "impossibleCargos": [1, 2, 4, 5, 6, 9, 10, 11, 12, 13, 14], "neighbors": [14, 13, 6, 24, 36, 38, 33, 35, 8, 34, 28, 30, 23, 12, 27, 20, 32, 25, 37, 26, 9, 4, 16, 1, 7, 19, 5, 29, 3]}, {"capacity": 245, "impossibleCargos": [0, 4, 5, 6, 7, 8, 9, 11, 12, 14], "neighbors": [39, 24, 7, 20, 31, 13, 33, 0, 8, 38, 28, 16, 5, 26, 32, 25, 30, 3, 37, 17, 1, 29, 35, 12, 23, 19]}, {"capacity": 287, "impossibleCargos": [0, 2, 6, 8, 9, 10, 13], "neighbors": [20, 31, 14, 0, 15, 2, 24, 39, 10, 9, 37, 35, 38, 3, 25, 6, 23, 32, 30, 5, 21, 22, 29, 13, 4, 27, 11, 1, 36, 34, 19, 18, 8, 28]}, {"capacity": 292, "impossibleCargos": [1, 2, 3, 4, 5, 6, 7, 8, 10, 12, 13], "neighbors": [7, 10, 39, 11, 15, 36, 35, 6, 34, 32, 33, 29, 38, 8, 18, 9, 12, 30, 24, 25, 27, 21, 31, 0, 14]}, {"capacity": 236, "impossibleCargos": [0, 1, 2, 5, 6, 8, 9, 10, 11, 12, 13, 14], "neighbors": [17, 10, 37, 5, 28, 32, 4, 15, 19, 9, 18, 30, 24, 12, 34, 1, 38, 2, 25, 7, 26, 6, 36, 27, 20, 29, 0, 8, 13, 31, 39]}, {"capacity": 287, "impossibleCargos": [0, 3, 4, 5, 7, 8, 9, 10, 11, 13], "neighbors": [2, 38, 24, 14, 27, 22, 32, 4, 9, 12, 13, 20, 28, 26, 33, 31, 1, 16, 0, 19, 5, 21, 29, 18, 8, 35]}, {"capacity": 227, "impossibleCargos": [0, 1, 2, 3, 5, 6, 8, 9, 11, 12, 13, 14], "neighbors": [34, 22, 29, 26, 35, 2, 7, 8, 28, 30, 38, 4, 9, 11, 25, 31, 1, 15, 10, 20, 3, 39, 33, 24, 37, 27]}, {"capacity": 234, "impossibleCargos": [0, 5, 8, 9, 11, 12, 14], "neighbors": [14, 27, 24, 2, 25, 9, 39, 18, 5, 7, 6, 1, 26, 19, 20, 35, 4, 23, 21, 31, 30, 28, 37, 38, 33, 11, 32, 3, 22, 0]}, {"capacity": 248, "impossibleCargos": [0, 1, 6, 8, 9, 10, 11, 12, 13, 14], "neighbors": [22, 34, 14, 24, 17, 25, 32, 26, 33, 28, 31, 21, 35, 13, 27, 3, 20, 7, 2, 5, 36, 8, 37, 23, 30, 15, 12, 39]}, {"capacity": 257, "impossibleCargos": [0, 1, 2, 3, 6, 7, 9, 11, 13, 14], "neighbors": [8, 22, 21, 0, 14, 32, 34, 29, 27, 37, 1, 7, 17, 2, 3, 9, 31, 15, 6, 35, 10, 38, 25, 5, 33, 26, 12, 11, 24, 36, 20]}, {"capacity": 299, "impossibleCargos": [1, 2, 4, 5, 6, 7, 8, 9, 11, 12, 14], "neighbors": [4, 12, 27, 11, 7, 38, 32, 22, 15, 17, 10, 37, 24, 34, 39, 9, 0, 5, 33, 6, 31, 18, 16, 14, 30, 21, 36, 8, 19]}, {"capacity": 252, "impossibleCargos": [1, 2, 4, 7, 9, 11, 12], "neighbors": [8, 30, 19, 23, 36, 7, 9, 24, 4, 37, 3, 0, 5, 17, 32, 1, 18, 33, 12, 39, 38, 29, 15, 22, 13, 31, 20, 35]}, {"capacity": 215, "impossibleCargos": [0, 1, 2, 3, 5, 7, 10, 11, 12, 14], "neighbors": [16, 18, 27, 19, 8, 30, 15, 38, 35, 9, 5, 20, 1, 26, 23, 2, 28, 25, 31, 12, 39, 24, 0, 29, 17, 3, 21, 37, 33]}, {"capacity": 290, "impossibleCargos": [0, 2, 3, 4, 5, 6, 8, 10, 11, 13], "neighbors": [36, 21, 38, 39, 10, 34, 9, 22, 12, 17, 0, 24, 1, 3, 6, 33, 8, 30, 28, 32, 11, 18, 31, 2, 29, 4]}, {"capacity": 299, "impossibleCargos": [0, 1, 2, 3, 4, 5, 6, 7, 11, 13], "neighbors": [11, 15, 26, 10, 7, 17, 18, 14, 25, 12, 21, 33, 36, 20, 23, 27, 1, 39, 3, 37, 38, 28, 22, 32, 30, 13, 2, 6, 9, 0, 19, 16]}, {"capacity": 280, "impossibleCargos": [0, 1, 2, 4, 5, 6, 7, 9, 10, 14], "neighbors": [9, 5, 17, 18, 24, 8, 3, 14, 36, 12, 33, 27, 32, 2, 4, 6, 26, 16, 10, 22, 29, 11, 0, 7, 1, 13, 31, 19, 28]}, {"capacity": 239, "impossibleCargos": [0, 1, 2, 3, 4, 5, 7, 8, 9, 10, 13, 14], "neighbors": [9, 32, 16, 24, 35, 18, 17, 5, 15, 22, 14, 30, 31, 37, 25, 11, 4, 10, 2, 34, 36, 6, 19, 3, 39, 38]}, {"capacity": 290, "impossibleCargos": [1, 2, 3, 4, 5, 6, 7, 8, 9, 14], "neighbors": [9, 17, 35, 22, 20, 15, 32, 3, 19, 7, 10, 8, 25, 24, 36, 34, 37, 4, 28, 18, 2, 14, 0, 29, 12, 1, 13, 39, 31, 16]}, {"capacity": 224, "impossibleCargos": [0, 1, 2, 5, 6, 7, 8, 9, 13, 14], "neighbors": [14, 34, 3, 29, 37, 9, 10, 16, 35, 33, 15, 18, 8, 38, 11, 22, 1, 4, 17, 24, 27, 6, 23, 32, 25, 31, 5, 12, 30]}, {"capacity": 284, "impossibleCargos": [0, 3, 4, 5, 6, 7, 9, 10, 11, 12, 13, 14], "neighbors": [28, 16, 2, 19, 1, 9, 7, 34, 38, 35, 13, 25, 12, 31, 3, 5, 11, 21, 22, 4, 0, 14, 27, 15, 30, 10, 23, 8]}, {"capacity": 214, "impossibleCargos": [0, 3, 5, 6, 7, 8, 11, 13, 14], "neighbors": [31, 21, 22, 14, 36, 38, 10, 0, 37, 16, 26, 7, 17, 32, 3, 34, 12, 11, 8, 24, 33, 13, 6, 20, 5, 23, 29, 18, 9, 28]}, {"capacity": 259, "impossibleCargos": [0, 1, 3, 6, 8, 10, 11, 13, 14], "neighbors": [30, 37, 11, 12, 0, 9, 38, 8, 39, 26, 1, 18, 16, 17, 22, 29, 15, 19, 20, 5, 35, 33, 7, 25, 6, 36, 23, 28, 34, 13, 21, 27, 14, 3]}, {"capacity": 294, "impossibleCargos": [0, 1, 3, 5, 6, 7, 9, 10, 11, 14], "neighbors": [14, 26, 19, 27, 15, 20, 1, 18, 36, 8, 10, 2, 7, 37, 13, 25, 6, 21, 30, 12, 34, 11, 0, 24, 17, 3, 5, 28, 23, 39, 38, 35]}, {"capacity": 258, "impossibleCargos": [0, 2, 3, 4, 6, 7, 8, 9, 11, 14], "neighbors": [7, 2, 9, 1, 38, 10, 11, 18, 24, 35, 28, 25, 15, 13, 21, 8, 4, 3, 20, 17, 30, 23, 31, 19, 22, 16, 5, 34]}, {"capacity": 272, "impossibleCargos": [0, 1, 2, 3, 4, 5, 6, 7, 8, 12, 14], "neighbors": [28, 16, 37, 18, 19, 14, 39, 10, 35, 23, 0, 2, 13, 29, 4, 20, 5, 6, 30, 32, 27, 3, 26, 36, 38, 1, 8, 7, 31, 12, 9, 33]}, {"capacity": 272, "impossibleCargos": [0, 4, 5, 6, 8, 9, 10, 11, 13], "neighbors": [27, 16, 3, 2, 37, 26, 22, 7, 1, 0, 10, 8, 28, 13, 34, 33, 39, 38, 17, 12, 29, 18, 6, 5, 31, 19, 36, 11, 21, 32, 15]}, {"capacity": 252, "impossibleCargos": [0, 1, 2, 4, 7, 8, 9, 10, 11, 12, 13], "neighbors": [6, 23, 21, 10, 1, 30, 13, 3, 32, 7, 24, 25, 27, 14, 37, 5, 34, 35, 31, 26, 0, 18, 12, 38, 19, 20, 2]}, {"capacity": 281, "impossibleCargos": [0, 2, 3, 5, 7, 8, 9, 11, 12, 13], "neighbors": [14, 31, 3, 34, 4, 28, 8, 35, 0, 1, 5, 19, 6, 30, 7, 12, 20, 21, 32, 39, 26, 9, 38, 24, 27, 10, 17, 11, 36, 18, 22, 16]}, {"capacity": 259, "impossibleCargos": [1, 4, 5, 6, 7, 9, 10, 12, 13, 14], "neighbors": [2, 39, 15, 23, 22, 33, 20, 10, 30, 14, 0, 31, 35, 16, 11, 12, 29, 28, 4, 13, 37, 24, 3, 17, 21, 6, 19, 7, 34, 32, 36, 26, 1]}, {"capacity": 251, "impossibleCargos": [0, 1, 2, 3, 6, 8, 11, 14], "neighbors": [38, 11, 13, 17, 34, 23, 12, 9, 35, 6, 31, 1, 37, 5, 20, 24, 22, 21, 2, 16, 32, 27, 18, 26, 14]}]}