{"volumes": [594, 0, 778, 1836, 0, 524, 257, 0, 0, 808, 1214, 0, 0, 273, 0, 2401, 598, 845, 1404, 0, 1054, 0, 0, 1019, 1132], "conflicts": [[0, 1], [0, 3], [0, 8], [0, 10], [0, 11], [0, 12], [0, 13], [0, 14], [0, 21], [1, 2], [1, 3], [1, 8], [1, 9], [1, 10], [1, 11], [1, 14], [1, 17], [1, 20], [1, 21], [1, 22], [1, 23], [2, 3], [2, 4], [2, 14], [2, 16], [2, 17], [3, 4], [3, 5], [3, 8], [3, 10], [3, 12], [3, 13], [3, 14], [3, 19], [3, 21], [4, 6], [4, 7], [4, 9], [4, 10], [4, 11], [4, 12], [4, 15], [4, 17], [4, 18], [4, 21], [4, 22], [4, 23], [5, 6], [5, 8], [5, 9], [5, 10], [5, 14], [5, 17], [5, 21], [6, 7], [6, 12], [6, 13], [6, 23], [7, 9], [7, 10], [7, 11], [7, 12], [7, 13], [7, 14], [7, 15], [7, 19], [7, 21], [7, 22], [8, 9], [8, 10], [8, 11], [8, 15], [8, 16], [8, 19], [9, 11], [9, 13], [9, 14], [9, 19], [10, 17], [10, 22], [11, 12], [11, 14], [11, 16], [11, 17], [11, 18], [11, 19], [11, 20], [12, 14], [12, 15], [12, 16], [12, 17], [12, 18], [12, 20], [12, 22], [12, 23], [13, 14], [13, 15], [13, 16], [13, 17], [13, 21], [14, 16], [14, 17], [14, 18], [14, 20], [14, 24], [15, 19], [15, 21], [16, 17], [16, 20], [16, 22], [17, 20], [17, 21], [17, 24], [18, 19], [18, 22], [19, 20], [19, 23], [20, 21], [20, 22], [21, 22], [22, 23], [22, 24]], "tanks": [{"capacity": 647, "impossibleCargos": [0, 2, 3, 4, 5, 6, 8, 9, 10, 11, 13, 16, 17, 19, 20, 22], "neighbors": [5, 18, 3, 2, 6]}, {"capacity": 826, "impossibleCargos": [1, 3, 5, 7, 8, 10, 12, 13, 14, 17, 18, 19, 20, 21, 23, 24], "neighbors": [13, 3, 10, 20, 23]}, {"capacity": 283, "impossibleCargos": [0, 2, 3, 7, 11, 17, 18, 19, 20, 22, 23], "neighbors": [20, 4, 24, 22, 0]}, {"capacity": 911, "impossibleCargos": [1, 2, 4, 6, 7, 8, 10, 11, 12, 13, 15, 16, 17, 18, 19, 23, 24], "neighbors": [19, 1, 6, 0, 7]}, {"capacity": 645, "impossibleCargos": [1, 2, 4, 6, 7, 8, 15, 16, 18, 19, 20, 21, 23, 24], "neighbors": [17, 2, 18, 20, 16]}, {"capacity": 331, "impossibleCargos": [0, 3, 5, 6, 7, 8, 11, 14, 15, 16, 18, 19, 21, 24], "neighbors": [0, 17, 12, 6]}, {"capacity": 656, "impossibleCargos": [1, 2, 3, 6, 7, 8, 9, 10, 13, 17, 18, 22, 23, 24], "neighbors": [11, 21, 3, 22, 5, 18, 10, 17, 12, 0]}, {"capacity": 950, "impossibleCargos": [0, 4, 7, 8, 10, 11, 13, 15, 16, 17, 18, 20, 21, 23, 24], "neighbors": [18, 15, 8, 12, 3]}, {"capacity": 909, "impossibleCargos": [1, 2, 5, 9, 10, 11, 14, 20, 23, 24], "neighbors": [15, 18, 24, 7]}, {"capacity": 282, "impossibleCargos": [7, 8, 10, 11, 12, 14, 18, 22], "neighbors": [17, 13, 14, 22, 21, 12, 10]}, {"capacity": 600, "impossibleCargos": [0, 2, 3, 4, 5, 6, 7, 8, 9, 12, 13, 17, 20], "neighbors": [24, 6, 1, 16, 9]}, {"capacity": 571, "impossibleCargos": [3, 6, 7, 8, 10, 11, 12, 14, 19, 20, 21, 22, 23, 24], "neighbors": [6, 23, 17, 21, 16, 15]}, {"capacity": 842, "impossibleCargos": [1, 9, 10, 11, 13, 15, 17, 21, 23], "neighbors": [5, 14, 22, 9, 21, 6, 7]}, {"capacity": 526, "impossibleCargos": [5, 6, 10, 11, 13, 14, 17, 19, 21, 22, 24], "neighbors": [19, 1, 22, 9, 16, 20]}, {"capacity": 390, "impossibleCargos": [0, 9, 11, 13, 14, 17, 18, 21], "neighbors": [24, 19, 12, 9, 18]}, {"capacity": 935, "impossibleCargos": [0, 1, 2, 6, 8, 11, 12, 13, 14, 17, 21, 22], "neighbors": [8, 21, 11, 7, 20, 24]}, {"capacity": 593, "impossibleCargos": [0, 3, 4, 5, 8, 10, 11, 15, 17, 21, 24], "neighbors": [22, 17, 24, 11, 13, 10, 21, 4]}, {"capacity": 604, "impossibleCargos": [2, 5, 6, 8, 9, 10, 11, 13, 17, 19, 21, 23, 24], "neighbors": [16, 4, 9, 5, 11, 24, 20, 6, 21, 22]}, {"capacity": 302, "impossibleCargos": [0, 2, 7, 8, 11, 13, 14, 16, 19, 21, 22], "neighbors": [20, 8, 0, 4, 6, 7, 14]}, {"capacity": 751, "impossibleCargos": [1, 6, 8, 9, 10, 13, 14, 15, 16, 17, 20, 21, 24], "neighbors": [13, 3, 14]}, {"capacity": 782, "impossibleCargos": [0, 1, 4, 7, 9, 10, 16, 17, 18, 19, 22, 24], "neighbors": [18, 2, 24, 17, 13, 15, 1, 4]}, {"capacity": 800, "impossibleCargos": [0, 2, 5, 6, 9, 11, 12, 14, 17, 19, 23], "neighbors": [6, 15, 11, 9, 16, 12, 17]}, {"capacity": 711, "impossibleCargos": [1, 2, 3, 4, 6, 8, 11, 13, 14, 15, 17, 18, 20, 22, 24], "neighbors": [16, 6, 13, 9, 12, 2, 17]}, {"capacity": 689, "impossibleCargos": [2, 4, 5, 6, 7, 11, 12, 16, 17, 19, 21], "neighbors": [11, 1]}, {"capacity": 884, "impossibleCargos": [1, 3, 6, 8, 9, 10, 11, 12, 13, 14, 17, 19, 21, 24], "neighbors": [10, 20, 8, 14, 17, 16, 2, 15]}]}