{"volumes": [978, 437, 0, 351, 793, 1392, 0, 0, 656, 0, 356, 1365, 0, 532, 0, 0, 227, 637, 922, 857, 0, 1455, 489, 1090, 824], "conflicts": [[0, 2], [0, 5], [0, 7], [0, 9], [0, 15], [0, 20], [0, 22], [0, 24], [1, 4], [1, 7], [1, 9], [1, 10], [1, 15], [1, 16], [1, 18], [1, 20], [1, 24], [2, 6], [2, 8], [2, 9], [2, 11], [2, 13], [2, 14], [2, 16], [2, 21], [2, 23], [3, 5], [3, 12], [3, 14], [3, 15], [3, 16], [3, 17], [3, 19], [3, 20], [3, 22], [3, 24], [4, 10], [4, 11], [4, 12], [4, 13], [4, 14], [4, 17], [4, 20], [5, 7], [5, 9], [5, 10], [5, 11], [5, 12], [5, 14], [5, 15], [5, 16], [5, 20], [5, 22], [5, 24], [6, 9], [6, 10], [6, 11], [6, 13], [6, 14], [6, 15], [6, 16], [6, 19], [6, 22], [7, 8], [7, 10], [7, 13], [7, 14], [7, 15], [7, 18], [7, 21], [7, 22], [7, 23], [8, 13], [8, 15], [8, 16], [8, 18], [8, 20], [8, 21], [9, 15], [9, 16], [9, 17], [9, 18], [9, 20], [9, 21], [9, 22], [10, 12], [10, 15], [10, 16], [10, 24], [11, 12], [11, 14], [11, 18], [11, 19], [11, 20], [11, 24], [12, 13], [12, 17], [12, 18], [12, 19], [12, 20], [12, 21], [12, 23], [13, 15], [13, 16], [13, 17], [13, 18], [13, 20], [13, 23], [14, 15], [14, 17], [14, 19], [14, 20], [14, 21], [14, 23], [15, 17], [15, 18], [15, 19], [15, 20], [15, 24], [17, 23], [17, 24], [18, 19], [19, 20], [19, 24], [20, 21], [20, 22], [20, 23], [20, 24], [21, 22], [23, 24]], "tanks": [{"capacity": 205, "impossibleCargos": [2, 3, 6, 7, 9, 11, 12, 13, 15, 19, 21, 22, 23], "neighbors": [3, 9, 17, 10, 12, 13, 7, 2]}, {"capacity": 652, "impossibleCargos": [0, 1, 2, 3, 6, 8, 11, 14, 18, 19, 23, 24], "neighbors": [5, 23, 13, 10, 3, 24, 8, 15]}, {"capacity": 877, "impossibleCargos": [1, 3, 4, 5, 9, 10, 11, 12, 13, 19, 24], "neighbors": [11, 6, 19, 12, 0]}, {"capacity": 388, "impossibleCargos": [1, 2, 7, 8, 10, 13, 15, 16, 17, 18, 21], "neighbors": [16, 15, 0, 4, 1, 5]}, {"capacity": 820, "impossibleCargos": [3, 5, 7, 8, 10, 11, 13, 15, 16, 19, 21, 23], "neighbors": [21, 8, 3]}, {"capacity": 955, "impossibleCargos": [2, 6, 8, 9, 11, 12, 13, 14, 17, 21, 23, 24], "neighbors": [1, 20, 11, 7, 18, 3, 24, 8, 10]}, {"capacity": 903, "impossibleCargos": [0, 1, 3, 5, 7, 9, 12, 13, 14, 15, 17, 18, 21, 22, 24], "neighbors": [16, 2, 14, 20]}, {"capacity": 610, "impossibleCargos": [5, 7, 10, 11, 16, 17, 18, 19, 20, 22, 23], "neighbors": [13, 17, 16, 5, 12, 10, 0]}, {"capacity": 829, "impossibleCargos": [0, 1, 2, 3, 6, 7, 8, 15, 16, 17, 18, 19, 20, 21, 22, 24], "neighbors": [13, 4, 1, 5]}, {"capacity": 392, "impossibleCargos": [0, 2, 4, 8, 12, 14, 15, 16, 17, 19, 20, 21, 23], "neighbors": [11, 20, 13, 0, 15, 23]}, {"capacity": 673, "impossibleCargos": [0, 1, 3, 6, 8, 10, 11, 12, 14, 15, 16, 17, 18, 19, 22, 24], "neighbors": [1, 17, 11, 0, 7, 5, 21]}, {"capacity": 285, "impossibleCargos": [5, 11, 12, 14, 15, 16, 20, 21, 22, 23, 24], "neighbors": [2, 9, 5, 10, 20, 14, 23]}, {"capacity": 573, "impossibleCargos": [0, 3, 6, 7, 8, 11, 14, 16, 17, 18, 21, 24], "neighbors": [14, 15, 2, 7, 0, 22, 17]}, {"capacity": 782, "impossibleCargos": [3, 4, 5, 8, 10, 11, 13, 16, 21, 22, 24], "neighbors": [7, 8, 24, 9, 19, 1, 0]}, {"capacity": 442, "impossibleCargos": [2, 3, 5, 6, 9, 10, 11, 12, 16, 21, 24], "neighbors": [12, 22, 17, 6, 11, 20]}, {"capacity": 238, "impossibleCargos": [2, 3, 5, 7, 11, 14, 15, 16, 17, 18, 20, 23, 24], "neighbors": [17, 12, 3, 22, 9, 1, 19]}, {"capacity": 238, "impossibleCargos": [2, 3, 5, 6, 10, 11, 13, 14, 15, 17, 22, 23, 24], "neighbors": [3, 6, 22, 7, 20, 21]}, {"capacity": 359, "impossibleCargos": [0, 2, 4, 5, 6, 9, 12, 13, 15, 16, 17, 22, 23], "neighbors": [7, 15, 22, 10, 14, 0, 12]}, {"capacity": 889, "impossibleCargos": [4, 6, 7, 8, 9, 10, 11, 13, 15, 17, 19, 21, 22, 23], "neighbors": [20, 5]}, {"capacity": 942, "impossibleCargos": [0, 1, 2, 4, 5, 9, 12, 13, 14, 17, 20, 24], "neighbors": [24, 2, 13, 20, 15, 23]}, {"capacity": 523, "impossibleCargos": [1, 2, 5, 6, 7, 9, 10, 12, 13, 15, 17, 18, 24], "neighbors": [24, 9, 5, 16, 18, 6, 11, 14, 19]}, {"capacity": 739, "impossibleCargos": [0, 6, 7, 10, 11, 13, 15, 17, 18, 20, 21, 22, 24], "neighbors": [4, 22, 16, 10]}, {"capacity": 477, "impossibleCargos": [0, 1, 3, 8, 10, 13, 15, 17, 20, 22], "neighbors": [16, 17, 15, 14, 21, 12]}, {"capacity": 668, "impossibleCargos": [1, 2, 3, 4, 10, 15, 17, 20, 23, 24], "neighbors": [1, 9, 11, 19]}, {"capacity": 382, "impossibleCargos": [0, 4, 9, 11, 12, 19, 20, 22], "neighbors": [19, 20, 13, 1, 5]}]}