{"volumes": [406, 677, 822, 1024, 0, 0, 853, 984, 0, 799, 2086, 908, 0, 427, 0, 962, 1393, 596, 0, 0, 893, 538, 0, 609, 284], "conflicts": [[0, 4], [0, 5], [0, 8], [0, 11], [0, 12], [0, 13], [0, 14], [0, 18], [0, 19], [0, 21], [0, 22], [0, 23], [0, 24], [1, 2], [1, 3], [1, 4], [1, 7], [1, 8], [1, 10], [1, 14], [1, 15], [1, 18], [1, 19], [1, 22], [1, 23], [1, 24], [2, 5], [2, 7], [2, 8], [2, 9], [2, 10], [2, 14], [2, 15], [2, 18], [2, 20], [2, 22], [3, 4], [3, 5], [3, 6], [3, 7], [3, 9], [3, 12], [3, 16], [3, 18], [3, 19], [3, 21], [3, 22], [4, 5], [4, 6], [4, 7], [4, 8], [4, 9], [4, 10], [4, 11], [4, 12], [4, 13], [4, 15], [4, 16], [4, 18], [4, 19], [4, 22], [4, 24], [5, 6], [5, 8], [5, 9], [5, 10], [5, 12], [5, 13], [5, 16], [5, 17], [5, 19], [5, 20], [5, 21], [5, 24], [6, 8], [6, 12], [6, 14], [6, 16], [6, 18], [6, 21], [6, 24], [7, 8], [7, 9], [7, 11], [7, 12], [7, 13], [7, 14], [7, 15], [7, 16], [7, 18], [7, 19], [7, 22], [7, 23], [7, 24], [8, 9], [8, 10], [8, 11], [8, 12], [8, 13], [8, 14], [8, 15], [8, 17], [8, 19], [8, 20], [8, 21], [8, 22], [8, 23], [8, 24], [9, 11], [9, 12], [9, 14], [9, 16], [9, 18], [9, 19], [9, 21], [9, 22], [10, 12], [10, 13], [10, 19], [10, 21], [10, 22], [10, 23], [11, 13], [11, 14], [11, 16], [11, 18], [11, 19], [11, 22], [11, 24], [12, 14], [12, 15], [12, 17], [12, 18], [12, 22], [12, 23], [13, 15], [13, 17], [13, 19], [13, 20], [13, 23], [14, 15], [14, 16], [14, 17], [14, 18], [14, 19], [14, 20], [14, 21], [14, 23], [15, 16], [15, 18], [15, 19], [15, 21], [15, 22], [15, 23], [16, 18], [16, 19], [16, 22], [17, 19], [17, 22], [18, 21], [18, 24], [19, 21], [19, 24], [20, 21], [20, 22], [20, 24], [21, 22], [21, 23], [22, 23], [22, 24], [23, 24]], "tanks": [{"capacity": 619, "impossibleCargos": [0, 2, 5, 7, 10, 13, 14, 18, 19, 21, 23], "neighbors": [12, 7, 20]}, {"capacity": 725, "impossibleCargos": [1, 2, 3, 4, 8, 10, 12, 14, 16, 18, 19, 20, 23, 24], "neighbors": [17, 12]}, {"capacity": 884, "impossibleCargos": [0, 5, 7, 11, 13, 14, 15, 17], "neighbors": [8, 9, 19, 5, 4, 16]}, {"capacity": 474, "impossibleCargos": [1, 3, 6, 7, 8, 9, 11, 15, 19, 20, 22], "neighbors": [7, 24, 22, 18, 23, 11, 21]}, {"capacity": 551, "impossibleCargos": [1, 3, 6, 7, 10, 11, 12, 13, 14, 15, 16, 17, 20, 22, 23], "neighbors": [8, 5, 6, 2, 7]}, {"capacity": 224, "impossibleCargos": [0, 1, 2, 6, 7, 10, 13, 14, 15, 16, 17, 20, 21, 22, 23, 24], "neighbors": [11, 4, 21, 2, 20, 16, 18]}, {"capacity": 998, "impossibleCargos": [0, 2, 3, 6, 8, 10, 13, 14, 16, 17, 19, 21, 23, 24], "neighbors": [9, 4, 21, 12, 10, 15]}, {"capacity": 850, "impossibleCargos": [0, 1, 2, 3, 6, 10, 11, 12, 13, 20, 21, 23, 24], "neighbors": [3, 0, 11, 8, 4]}, {"capacity": 378, "impossibleCargos": [0, 4, 5, 6, 8, 9, 10, 12, 14, 15, 16, 19, 21, 24], "neighbors": [2, 4, 23, 9, 16, 7]}, {"capacity": 444, "impossibleCargos": [1, 3, 5, 6, 9, 10, 12, 16, 17, 21], "neighbors": [12, 19, 6, 2, 13, 17, 8, 10]}, {"capacity": 224, "impossibleCargos": [5, 7, 8, 15, 18, 22], "neighbors": [21, 23, 12, 13, 6, 9]}, {"capacity": 724, "impossibleCargos": [0, 2, 3, 4, 5, 7, 8, 12, 17, 18, 19, 20, 21, 23, 24], "neighbors": [5, 21, 7, 12, 23, 3]}, {"capacity": 896, "impossibleCargos": [2, 4, 5, 6, 7, 9, 10, 13, 14, 16, 17, 19, 21], "neighbors": [14, 9, 13, 22, 18, 6, 1, 10, 15, 0, 16, 11]}, {"capacity": 803, "impossibleCargos": [7, 11, 12, 13, 15, 17, 18, 20, 24], "neighbors": [12, 9, 10, 17, 24]}, {"capacity": 258, "impossibleCargos": [0, 2, 3, 6, 7, 9, 10, 12, 13, 14, 19, 22, 24], "neighbors": [12, 20]}, {"capacity": 674, "impossibleCargos": [4, 6, 11, 12, 13, 16, 17, 19, 21], "neighbors": [18, 24, 12, 6, 22]}, {"capacity": 629, "impossibleCargos": [0, 5, 6, 7, 8, 11, 21, 22], "neighbors": [21, 5, 18, 8, 12, 2]}, {"capacity": 963, "impossibleCargos": [1, 3, 7, 11, 12, 17, 19, 21], "neighbors": [23, 1, 21, 18, 9, 19, 13, 22]}, {"capacity": 759, "impossibleCargos": [1, 4, 5, 6, 8, 9, 12, 13, 14, 16, 17, 18, 20, 21, 22, 24], "neighbors": [15, 12, 17, 3, 16, 5]}, {"capacity": 342, "impossibleCargos": [0, 5, 7, 10, 14, 15, 16, 18, 19, 20, 21, 23, 24], "neighbors": [9, 2, 17]}, {"capacity": 663, "impossibleCargos": [1, 3, 4, 7, 9, 13, 14, 16, 18, 20, 21, 22, 23, 24], "neighbors": [21, 5, 22, 14, 23, 0]}, {"capacity": 708, "impossibleCargos": [0, 2, 10, 11, 12, 13, 18, 19, 23, 24], "neighbors": [10, 20, 17, 5, 6, 16, 23, 11, 3]}, {"capacity": 500, "impossibleCargos": [0, 2, 3, 6, 8, 9, 11, 16, 17, 19, 21, 23, 24], "neighbors": [12, 24, 3, 20, 23, 15, 17]}, {"capacity": 809, "impossibleCargos": [0, 1, 2, 6, 13, 15, 19, 20, 23, 24], "neighbors": [17, 8, 10, 24, 21, 20, 22, 3, 11]}, {"capacity": 295, "impossibleCargos": [0, 1, 2, 3, 5, 6, 9, 10, 11, 14, 15, 18, 22, 23], "neighbors": [22, 3, 15, 23, 13]}]}