{"volumes": [780, 0, 0, 971, 195, 2546, 794, 0, 1555, 0, 0, 325, 0, 809, 852, 257, 1526, 0, 1391, 619, 0, 0, 0, 751, 500], "conflicts": [[0, 7], [0, 9], [0, 10], [0, 19], [0, 24], [1, 7], [1, 10], [1, 15], [1, 16], [1, 17], [1, 18], [1, 20], [1, 23], [2, 4], [2, 16], [2, 17], [2, 20], [2, 22], [3, 4], [3, 7], [3, 13], [3, 22], [4, 6], [4, 14], [4, 18], [4, 21], [6, 7], [6, 9], [6, 11], [6, 12], [6, 17], [6, 18], [6, 19], [6, 20], [6, 22], [7, 11], [7, 17], [7, 19], [7, 21], [8, 9], [8, 12], [8, 15], [8, 22], [8, 23], [9, 13], [9, 18], [9, 20], [9, 21], [10, 14], [10, 19], [10, 21], [10, 24], [11, 12], [11, 13], [11, 19], [11, 20], [11, 22], [11, 23], [12, 13], [12, 16], [12, 17], [12, 18], [12, 24], [13, 15], [13, 20], [13, 21], [14, 15], [14, 19], [15, 23], [16, 20], [16, 21], [17, 22], [17, 23], [18, 20], [18, 24], [19, 21]], "tanks": [{"capacity": 311, "impossibleCargos": [0, 1, 2, 3, 4, 5, 6, 7, 8, 10, 11, 12, 14, 16, 17, 20, 21, 22, 23, 24], "neighbors": [20, 11, 23, 18, 13, 7]}, {"capacity": 350, "impossibleCargos": [0, 3, 4, 7, 8, 13, 14, 17, 18, 19, 20, 21, 22, 23], "neighbors": [15, 13, 21, 24, 6, 3, 12]}, {"capacity": 653, "impossibleCargos": [0, 1, 2, 3, 4, 5, 6, 7, 8, 9, 10, 13, 14, 16, 17, 18, 20, 21, 22, 23, 24], "neighbors": [22, 16, 10, 5, 8, 4, 3]}, {"capacity": 367, "impossibleCargos": [0, 1, 2, 4, 5, 6, 7, 8, 9, 12, 13, 17, 18, 19, 20, 21, 24], "neighbors": [7, 14, 16, 19, 15, 12, 9, 22, 23, 2, 1, 17]}, {"capacity": 366, "impossibleCargos": [0, 1, 3, 4, 5, 6, 7, 8, 9, 10, 11, 12, 13, 14, 15, 16, 17, 20, 22, 24], "neighbors": [10, 11, 2]}, {"capacity": 273, "impossibleCargos": [0, 2, 3, 4, 5, 8, 10, 11, 14, 16, 19, 20, 21, 23, 24], "neighbors": [22, 2, 8, 9]}, {"capacity": 514, "impossibleCargos": [0, 2, 4, 5, 7, 8, 9, 10, 11, 12, 13, 14, 16, 17, 18, 19, 20, 22, 23], "neighbors": [19, 18, 13, 14, 15, 1]}, {"capacity": 818, "impossibleCargos": [1, 2, 3, 4, 5, 6, 7, 10, 11, 12, 13, 14, 16, 17, 19, 20, 21, 23, 24], "neighbors": [21, 3, 13, 11, 18, 0, 8]}, {"capacity": 343, "impossibleCargos": [0, 1, 2, 3, 6, 7, 8, 9, 10, 11, 14, 15, 17, 18, 19, 20, 21, 22, 23], "neighbors": [21, 5, 2, 24, 11, 7, 10]}, {"capacity": 832, "impossibleCargos": [0, 1, 4, 5, 8, 9, 10, 11, 12, 13, 15, 16, 17, 18, 19, 20, 22], "neighbors": [15, 3, 14, 5, 12]}, {"capacity": 729, "impossibleCargos": [0, 1, 3, 4, 6, 7, 8, 9, 10, 11, 12, 17, 19, 20, 21, 22, 23], "neighbors": [4, 2, 16, 8]}, {"capacity": 258, "impossibleCargos": [0, 2, 3, 4, 6, 9, 11, 12, 14, 15, 16, 17, 19, 20, 21, 23, 24], "neighbors": [0, 19, 12, 7, 4, 13, 8, 22]}, {"capacity": 475, "impossibleCargos": [0, 1, 3, 4, 6, 9, 10, 11, 12, 13, 14, 15, 17, 18, 21, 23, 24], "neighbors": [16, 11, 3, 22, 20, 18, 9, 1]}, {"capacity": 636, "impossibleCargos": [0, 1, 2, 3, 4, 6, 7, 8, 9, 10, 11, 12, 14, 15, 16, 17, 18, 19, 20, 22, 23, 24], "neighbors": [1, 7, 24, 6, 23, 0, 11]}, {"capacity": 812, "impossibleCargos": [0, 1, 2, 3, 4, 5, 6, 7, 10, 11, 13, 14, 15, 17, 18, 20, 22, 23, 24], "neighbors": [3, 17, 23, 6, 9, 19]}, {"capacity": 875, "impossibleCargos": [0, 1, 2, 4, 6, 7, 8, 9, 10, 11, 13, 15, 16, 17, 19, 20, 21, 23, 24], "neighbors": [1, 3, 9, 6, 19, 17, 16]}, {"capacity": 749, "impossibleCargos": [0, 1, 2, 4, 5, 6, 9, 11, 12, 13, 14, 15, 17, 18, 19, 22, 23], "neighbors": [2, 22, 12, 3, 10, 15, 24]}, {"capacity": 929, "impossibleCargos": [0, 3, 6, 7, 9, 11, 13, 15, 17, 18, 19, 20, 21, 22, 23], "neighbors": [14, 15, 3]}, {"capacity": 531, "impossibleCargos": [2, 3, 4, 5, 7, 8, 9, 11, 12, 14, 15, 16, 17, 18, 19, 20, 21, 23, 24], "neighbors": [6, 22, 24, 0, 7, 12]}, {"capacity": 693, "impossibleCargos": [0, 1, 2, 4, 6, 7, 8, 9, 11, 15, 17, 18, 19, 22, 23, 24], "neighbors": [20, 11, 6, 3, 15, 14]}, {"capacity": 998, "impossibleCargos": [1, 2, 3, 4, 6, 7, 9, 10, 12, 13, 15, 16, 17, 18, 20, 21, 23, 24], "neighbors": [0, 19, 12]}, {"capacity": 527, "impossibleCargos": [0, 1, 2, 3, 4, 5, 7, 8, 9, 10, 11, 12, 13, 14, 15, 16, 17, 21, 23, 24], "neighbors": [7, 8, 23, 1]}, {"capacity": 892, "impossibleCargos": [0, 3, 5, 6, 7, 8, 9, 10, 11, 12, 14, 15, 16, 17, 19, 21, 22, 23], "neighbors": [2, 16, 5, 18, 12, 3, 11]}, {"capacity": 768, "impossibleCargos": [0, 4, 7, 8, 9, 11, 12, 13, 14, 15, 16, 17, 19, 21, 22, 24], "neighbors": [0, 21, 14, 13, 3]}, {"capacity": 206, "impossibleCargos": [0, 1, 3, 5, 6, 7, 8, 9, 10, 11, 12, 13, 14, 15, 16, 17, 18, 22, 23, 24], "neighbors": [13, 18, 1, 8, 16]}]}