{"volumes": [0, 251, 0, 0, 0, 2127, 975, 0, 1046, 482, 0, 0, 970, 0, 0, 555, 534, 0, 868, 1922, 295, 1263, 242, 1999, 0], "conflicts": [[0, 2], [0, 3], [0, 5], [0, 8], [0, 9], [0, 12], [0, 13], [0, 14], [0, 15], [0, 16], [0, 17], [0, 18], [0, 20], [0, 23], [1, 4], [1, 6], [1, 7], [1, 14], [1, 16], [1, 17], [1, 18], [1, 20], [1, 24], [2, 4], [2, 5], [2, 7], [2, 8], [2, 9], [2, 10], [2, 11], [2, 12], [2, 14], [2, 16], [2, 17], [2, 18], [2, 20], [2, 23], [2, 24], [3, 4], [3, 7], [3, 9], [3, 11], [3, 12], [3, 13], [3, 14], [3, 16], [3, 19], [3, 21], [3, 22], [3, 23], [3, 24], [4, 5], [4, 6], [4, 8], [4, 9], [4, 10], [4, 11], [4, 12], [4, 13], [4, 15], [4, 18], [4, 19], [4, 20], [4, 21], [4, 22], [4, 23], [4, 24], [5, 6], [5, 7], [5, 9], [5, 12], [5, 17], [5, 22], [6, 10], [6, 11], [6, 14], [6, 21], [6, 22], [6, 24], [7, 9], [7, 10], [7, 12], [7, 13], [7, 14], [7, 15], [7, 16], [7, 18], [7, 19], [7, 21], [7, 24], [8, 10], [8, 14], [8, 15], [8, 20], [9, 11], [9, 15], [9, 16], [9, 20], [9, 22], [9, 24], [10, 11], [10, 13], [10, 15], [10, 17], [10, 18], [10, 21], [11, 12], [11, 13], [11, 15], [11, 19], [11, 20], [11, 21], [11, 22], [11, 23], [12, 13], [12, 15], [12, 18], [12, 22], [13, 14], [13, 15], [13, 16], [13, 17], [13, 18], [13, 19], [13, 20], [13, 21], [13, 22], [13, 23], [13, 24], [14, 16], [14, 17], [14, 18], [14, 21], [14, 22], [14, 23], [15, 16], [15, 18], [15, 20], [15, 22], [15, 23], [15, 24], [16, 17], [16, 18], [16, 22], [16, 24], [17, 19], [17, 23], [18, 23], [18, 24], [20, 22], [21, 24], [23, 24]], "tanks": [{"capacity": 569, "impossibleCargos": [0, 1, 2, 3, 6, 7, 8, 9, 10, 11, 12, 13, 15, 16, 17, 19, 20, 22, 24], "neighbors": [10, 14, 8]}, {"capacity": 268, "impossibleCargos": [0, 1, 2, 3, 4, 5, 6, 8, 9, 10, 12, 13, 14, 16, 18, 20, 21, 22, 23, 24], "neighbors": [12, 16, 19, 9, 3, 17]}, {"capacity": 910, "impossibleCargos": [0, 1, 2, 3, 4, 6, 8, 9, 10, 11, 12, 14, 15, 16, 17, 18, 20, 21, 22, 23], "neighbors": [24, 17, 18, 7, 21]}, {"capacity": 700, "impossibleCargos": [0, 1, 2, 3, 4, 6, 7, 8, 9, 11, 12, 13, 14, 15, 16, 17, 18, 19, 20, 22, 24], "neighbors": [9, 11, 14, 1, 21]}, {"capacity": 656, "impossibleCargos": [1, 3, 4, 6, 7, 8, 9, 10, 11, 12, 13, 14, 15, 16, 17, 18, 19, 23, 24], "neighbors": [7, 17, 18, 10]}, {"capacity": 461, "impossibleCargos": [0, 1, 3, 4, 7, 9, 11, 12, 13, 15, 16, 18, 19, 20, 21, 22, 23, 24], "neighbors": [21, 12]}, {"capacity": 377, "impossibleCargos": [0, 3, 5, 6, 7, 9, 11, 12, 13, 14, 16, 17, 18, 19, 20, 21, 22, 23, 24], "neighbors": [10, 17, 20, 15, 14, 24]}, {"capacity": 534, "impossibleCargos": [0, 2, 3, 4, 6, 8, 10, 11, 13, 14, 15, 16, 19, 20, 21, 22, 23], "neighbors": [4, 19, 24, 18, 21, 17, 2, 8]}, {"capacity": 863, "impossibleCargos": [0, 2, 4, 5, 7, 8, 9, 10, 11, 12, 13, 18, 19, 20, 24], "neighbors": [13, 10, 16, 22, 0, 24, 7]}, {"capacity": 580, "impossibleCargos": [0, 1, 2, 3, 4, 6, 8, 9, 10, 12, 13, 16, 18, 20, 23, 24], "neighbors": [3, 24, 20, 13, 1]}, {"capacity": 265, "impossibleCargos": [0, 1, 2, 4, 5, 6, 7, 8, 9, 10, 11, 12, 13, 15, 17, 18, 19, 20, 23, 24], "neighbors": [0, 6, 12, 17, 4, 11, 8, 24]}, {"capacity": 263, "impossibleCargos": [0, 1, 2, 3, 4, 5, 6, 7, 10, 12, 13, 14, 15, 16, 17, 18, 20, 22, 24], "neighbors": [12, 14, 10, 3, 16]}, {"capacity": 724, "impossibleCargos": [0, 1, 2, 3, 5, 7, 9, 10, 11, 13, 15, 16, 18, 19, 20, 21, 22], "neighbors": [11, 10, 1, 19, 21, 5, 13]}, {"capacity": 719, "impossibleCargos": [0, 2, 3, 4, 6, 7, 8, 9, 10, 11, 12, 13, 14, 15, 17, 18, 20, 21, 22, 23, 24], "neighbors": [8, 18, 12, 9, 21]}, {"capacity": 577, "impossibleCargos": [0, 2, 3, 4, 5, 6, 7, 8, 9, 10, 11, 13, 15, 18, 20, 21, 22, 23, 24], "neighbors": [22, 0, 23, 11, 6, 17, 20, 19, 3]}, {"capacity": 395, "impossibleCargos": [0, 1, 2, 4, 7, 9, 12, 13, 14, 15, 18, 19, 20, 23, 24], "neighbors": [16, 20, 6, 22]}, {"capacity": 317, "impossibleCargos": [0, 1, 2, 3, 4, 6, 7, 9, 10, 11, 12, 13, 14, 17, 18, 21, 22, 23, 24], "neighbors": [15, 1, 8, 18, 11]}, {"capacity": 372, "impossibleCargos": [1, 2, 3, 4, 5, 6, 7, 8, 9, 10, 11, 12, 14, 16, 17, 19, 20, 22, 23], "neighbors": [6, 4, 2, 10, 14, 20, 7, 1]}, {"capacity": 907, "impossibleCargos": [0, 1, 3, 4, 6, 7, 8, 9, 10, 11, 12, 13, 14, 15, 16, 17, 19, 20, 21, 23, 24], "neighbors": [4, 13, 2, 7, 21, 16, 19]}, {"capacity": 990, "impossibleCargos": [0, 1, 2, 3, 5, 7, 8, 9, 10, 11, 12, 13, 14, 15, 16, 17, 18, 21, 23], "neighbors": [7, 12, 20, 14, 23, 22, 1, 18]}, {"capacity": 882, "impossibleCargos": [0, 1, 2, 3, 4, 5, 6, 7, 8, 9, 10, 11, 13, 14, 16, 21, 22, 24], "neighbors": [15, 6, 14, 19, 17, 9]}, {"capacity": 447, "impossibleCargos": [0, 1, 2, 4, 5, 6, 7, 8, 9, 10, 11, 12, 13, 15, 17, 19, 20, 21, 22, 23], "neighbors": [5, 23, 7, 12, 18, 22, 2, 24, 13, 3]}, {"capacity": 722, "impossibleCargos": [0, 2, 3, 4, 5, 9, 10, 11, 12, 13, 14, 15, 16, 17, 18, 19, 20, 21, 22, 23], "neighbors": [14, 8, 15, 19, 21]}, {"capacity": 983, "impossibleCargos": [3, 4, 5, 6, 7, 8, 9, 10, 11, 13, 14, 16, 19, 20, 21, 22, 23, 24], "neighbors": [14, 21, 24, 19]}, {"capacity": 269, "impossibleCargos": [0, 3, 4, 5, 6, 7, 8, 9, 10, 11, 15, 17, 19, 21, 23, 24], "neighbors": [2, 7, 23, 10, 9, 6, 8, 21]}]}