{"volumes": [0, 1569, 900, 747, 950, 0, 0, 390, 770, 373, 618, 0, 764, 2004, 0, 416, 1511, 444, 0, 0, 747, 0, 734, 0, 1642], "conflicts": [[0, 2], [0, 4], [0, 8], [0, 10], [0, 11], [0, 12], [0, 13], [0, 15], [0, 17], [0, 19], [0, 20], [0, 21], [0, 22], [0, 23], [1, 2], [1, 4], [1, 5], [1, 11], [1, 12], [1, 14], [1, 17], [1, 19], [1, 21], [2, 14], [2, 18], [2, 21], [2, 23], [3, 6], [3, 8], [3, 10], [3, 11], [3, 12], [3, 19], [3, 23], [4, 17], [4, 21], [5, 6], [5, 7], [5, 8], [5, 9], [5, 11], [5, 12], [5, 14], [5, 17], [5, 18], [5, 22], [6, 7], [6, 9], [6, 11], [6, 16], [6, 17], [6, 19], [6, 22], [7, 8], [7, 11], [7, 18], [7, 19], [8, 11], [8, 12], [8, 18], [8, 19], [8, 20], [8, 21], [8, 22], [8, 23], [9, 10], [9, 12], [9, 20], [9, 22], [9, 23], [10, 11], [10, 14], [10, 20], [10, 21], [10, 23], [11, 12], [11, 14], [11, 16], [11, 18], [11, 19], [11, 22], [11, 23], [11, 24], [12, 14], [12, 18], [12, 21], [12, 24], [13, 18], [14, 19], [14, 20], [14, 23], [15, 19], [15, 22], [15, 23], [16, 18], [16, 19], [17, 18], [17, 19], [17, 23], [18, 21], [18, 23], [18, 24], [19, 21], [19, 24], [21, 22], [21, 23], [21, 24]], "tanks": [{"capacity": 422, "impossibleCargos": [1, 2, 6, 11, 13, 17, 20, 21, 23], "neighbors": [10, 23, 14, 21, 20, 1, 3, 7, 24, 2, 22, 19, 11]}, {"capacity": 871, "impossibleCargos": [0, 14, 22], "neighbors": [12, 21, 10, 23, 0, 17, 11, 6, 20]}, {"capacity": 406, "impossibleCargos": [2, 4, 7, 8, 14, 18, 24], "neighbors": [10, 20, 11, 5, 19, 16, 7, 8, 23, 18, 9, 13, 21, 0]}, {"capacity": 775, "impossibleCargos": [4, 6, 13, 17], "neighbors": [20, 9, 12, 19, 0, 6, 24, 17, 7, 13, 15]}, {"capacity": 827, "impossibleCargos": [0, 3, 7, 11, 15, 16], "neighbors": [21, 7, 10, 22, 13, 24, 9, 5, 20]}, {"capacity": 562, "impossibleCargos": [1, 7, 9, 16, 20, 22], "neighbors": [16, 12, 22, 2, 17, 10, 20, 19, 4, 9]}, {"capacity": 722, "impossibleCargos": [2, 7, 10, 15, 18, 24], "neighbors": [19, 23, 22, 8, 3, 12, 21, 14, 1, 16]}, {"capacity": 778, "impossibleCargos": [0, 2, 3, 5, 13, 24], "neighbors": [19, 4, 11, 22, 2, 16, 14, 0, 9, 3]}, {"capacity": 248, "impossibleCargos": [0, 4, 6, 7, 8, 9, 17, 19, 21], "neighbors": [18, 11, 19, 20, 12, 2, 9, 14, 6, 17, 23]}, {"capacity": 311, "impossibleCargos": [0, 11, 15, 18, 22], "neighbors": [16, 19, 15, 10, 14, 11, 3, 18, 8, 20, 2, 24, 4, 7, 5, 22]}, {"capacity": 925, "impossibleCargos": [4, 6, 15, 18, 20, 21, 22], "neighbors": [2, 24, 0, 12, 9, 17, 16, 4, 18, 1, 19, 5, 15, 22]}, {"capacity": 839, "impossibleCargos": [0, 3, 7, 14, 15, 16, 17, 18], "neighbors": [2, 15, 20, 8, 19, 9, 7, 1, 14, 18, 0, 23]}, {"capacity": 829, "impossibleCargos": [0, 5, 9, 16, 17, 19], "neighbors": [1, 15, 5, 23, 10, 24, 8, 3, 6, 20]}, {"capacity": 550, "impossibleCargos": [12, 13, 15, 17, 18, 19, 21, 23], "neighbors": [15, 20, 21, 4, 19, 2, 3, 22]}, {"capacity": 722, "impossibleCargos": [0, 2, 12, 17, 20, 24], "neighbors": [22, 17, 23, 0, 9, 21, 8, 7, 15, 18, 20, 11, 6]}, {"capacity": 743, "impossibleCargos": [2, 6, 7, 13, 16, 17, 19, 23], "neighbors": [24, 12, 22, 11, 9, 13, 17, 14, 21, 10, 3]}, {"capacity": 810, "impossibleCargos": [1, 2, 5, 8, 9, 10, 11, 16, 17], "neighbors": [9, 5, 24, 10, 2, 7, 23, 18, 21, 20, 17, 6, 19]}, {"capacity": 459, "impossibleCargos": [4, 6, 12, 16, 24], "neighbors": [19, 14, 20, 10, 15, 18, 5, 1, 3, 8, 16]}, {"capacity": 878, "impossibleCargos": [0, 2, 4, 13, 16, 17, 20, 22], "neighbors": [22, 23, 21, 8, 20, 19, 10, 9, 17, 2, 14, 16, 11]}, {"capacity": 397, "impossibleCargos": [1, 3, 8, 14, 16, 17, 18, 22, 24], "neighbors": [7, 6, 17, 9, 8, 11, 18, 23, 2, 3, 13, 10, 5, 0, 16]}, {"capacity": 411, "impossibleCargos": [0, 2, 4, 6, 7, 11, 23], "neighbors": [3, 2, 23, 11, 17, 8, 18, 21, 0, 13, 9, 24, 5, 14, 16, 4, 1, 12]}, {"capacity": 852, "impossibleCargos": [0, 8, 9, 19], "neighbors": [4, 18, 0, 1, 20, 14, 13, 6, 16, 15, 2]}, {"capacity": 638, "impossibleCargos": [0, 1, 8, 11, 13, 22], "neighbors": [14, 18, 15, 5, 24, 7, 4, 6, 0, 13, 23, 10, 9]}, {"capacity": 480, "impossibleCargos": [0, 4, 6, 12, 15, 18, 19, 24], "neighbors": [24, 18, 20, 12, 14, 0, 19, 1, 6, 16, 2, 22, 8, 11]}, {"capacity": 258, "impossibleCargos": [1, 7, 11, 12, 15, 16], "neighbors": [15, 23, 10, 16, 12, 22, 20, 9, 3, 0, 4]}]}