{"volumes": [681, 0, 878, 489, 0, 1889, 0, 1121, 0, 0, 208, 1441, 212, 0, 0, 790, 1586, 553, 474, 1850, 0, 800, 522, 209, 0], "conflicts": [[0, 3], [0, 4], [0, 6], [0, 8], [0, 9], [0, 14], [0, 20], [0, 21], [0, 23], [1, 2], [1, 3], [1, 4], [1, 5], [1, 6], [1, 7], [1, 8], [1, 9], [1, 10], [1, 11], [1, 12], [1, 14], [1, 18], [1, 20], [1, 21], [1, 24], [2, 4], [2, 8], [2, 9], [2, 13], [2, 14], [2, 20], [2, 21], [3, 4], [3, 6], [3, 8], [3, 9], [3, 13], [3, 14], [3, 15], [3, 20], [3, 21], [3, 23], [4, 5], [4, 6], [4, 7], [4, 9], [4, 10], [4, 12], [4, 13], [4, 14], [4, 15], [4, 18], [4, 20], [4, 21], [4, 23], [5, 6], [5, 8], [5, 9], [5, 13], [5, 14], [5, 20], [6, 7], [6, 8], [6, 9], [6, 10], [6, 11], [6, 12], [6, 13], [6, 14], [6, 15], [6, 16], [6, 18], [6, 19], [6, 21], [6, 24], [7, 8], [7, 10], [7, 13], [7, 14], [7, 20], [7, 21], [7, 24], [8, 9], [8, 10], [8, 11], [8, 12], [8, 13], [8, 14], [8, 15], [8, 16], [8, 17], [8, 18], [8, 19], [8, 21], [8, 22], [8, 24], [9, 10], [9, 11], [9, 12], [9, 13], [9, 14], [9, 16], [9, 19], [9, 20], [9, 21], [9, 22], [9, 23], [9, 24], [10, 13], [10, 17], [10, 19], [10, 20], [10, 21], [10, 24], [11, 13], [11, 14], [11, 20], [11, 21], [11, 24], [12, 13], [12, 14], [12, 15], [12, 17], [12, 18], [12, 24], [13, 14], [13, 15], [13, 16], [13, 18], [13, 19], [13, 20], [13, 21], [13, 22], [13, 23], [13, 24], [14, 17], [14, 18], [14, 19], [14, 20], [14, 21], [14, 22], [15, 20], [15, 22], [15, 24], [16, 18], [16, 20], [16, 24], [17, 21], [17, 22], [17, 24], [18, 19], [18, 20], [18, 21], [18, 22], [18, 23], [18, 24], [19, 20], [19, 24], [20, 21], [20, 23], [21, 22], [21, 24], [22, 23]], "tanks": [{"capacity": 322, "impossibleCargos": [0, 1, 4, 7, 9, 19, 24], "neighbors": [8, 21, 20, 6, 14, 24, 16, 4, 9, 22, 1, 11, 13, 15, 5]}, {"capacity": 844, "impossibleCargos": [0, 2, 3, 4, 11, 19], "neighbors": [19, 24, 20, 11, 21, 0, 5, 4, 16, 22, 15, 13]}, {"capacity": 638, "impossibleCargos": [1, 6, 8, 10, 13, 14, 15, 23], "neighbors": [22, 14, 5, 20, 9, 19, 21, 13]}, {"capacity": 924, "impossibleCargos": [16, 23], "neighbors": [11, 8, 16, 4, 6, 17, 15, 23, 14, 21, 20, 18]}, {"capacity": 589, "impossibleCargos": [0, 7, 9, 11, 19, 21], "neighbors": [9, 21, 5, 13, 10, 3, 17, 19, 0, 6, 24, 22, 1, 16]}, {"capacity": 630, "impossibleCargos": [0, 4, 8, 14, 18, 19, 24], "neighbors": [4, 2, 13, 15, 22, 24, 16, 1, 7, 20, 14, 0]}, {"capacity": 226, "impossibleCargos": [2, 5, 15, 19], "neighbors": [7, 15, 20, 0, 22, 3, 4, 23, 18, 11, 10, 12]}, {"capacity": 219, "impossibleCargos": [2, 9, 14, 20], "neighbors": [6, 16, 9, 8, 5, 24, 20, 23]}, {"capacity": 203, "impossibleCargos": [3, 5, 7, 10, 15, 18, 20, 22, 24], "neighbors": [18, 0, 20, 3, 14, 7, 11, 16, 21, 15, 13, 17, 23]}, {"capacity": 493, "impossibleCargos": [0, 4, 5, 7, 14, 15, 18, 19, 20, 21, 22, 23, 24], "neighbors": [4, 24, 16, 17, 2, 7, 0, 22, 23]}, {"capacity": 825, "impossibleCargos": [4, 7, 12], "neighbors": [12, 23, 18, 16, 14, 4, 15, 20, 17, 6, 22]}, {"capacity": 594, "impossibleCargos": [8, 10, 13, 16, 22], "neighbors": [3, 1, 19, 8, 13, 0, 12, 14, 6, 17, 16, 22]}, {"capacity": 880, "impossibleCargos": [12, 24], "neighbors": [10, 13, 11, 18, 20, 6]}, {"capacity": 997, "impossibleCargos": [1, 5, 14, 15, 16, 17], "neighbors": [5, 4, 12, 19, 2, 11, 16, 14, 0, 23, 20, 8, 1, 18]}, {"capacity": 557, "impossibleCargos": [0, 4, 8, 13, 18, 21], "neighbors": [2, 19, 10, 22, 0, 16, 8, 15, 17, 3, 11, 13, 23, 5]}, {"capacity": 569, "impossibleCargos": [0, 3, 8, 9, 11, 18, 21], "neighbors": [20, 24, 18, 6, 5, 17, 10, 19, 14, 3, 23, 8, 0, 1, 16]}, {"capacity": 846, "impossibleCargos": [3, 6, 9, 11, 12, 13, 14, 18], "neighbors": [18, 10, 9, 20, 7, 3, 14, 0, 5, 8, 21, 13, 19, 23, 1, 11, 15, 4]}, {"capacity": 425, "impossibleCargos": [0, 3, 4, 5, 7, 10, 15, 16], "neighbors": [9, 15, 23, 4, 3, 10, 14, 24, 11, 8, 20]}, {"capacity": 233, "impossibleCargos": [1, 2, 6, 9, 13, 14, 22], "neighbors": [8, 16, 10, 15, 23, 6, 12, 3, 20, 21, 13]}, {"capacity": 485, "impossibleCargos": [2, 10, 15, 16, 21, 23], "neighbors": [1, 14, 2, 15, 4, 11, 13, 16, 24]}, {"capacity": 658, "impossibleCargos": [1, 3, 5, 8, 9, 11, 13, 19, 21, 22, 24], "neighbors": [15, 1, 0, 8, 2, 16, 6, 10, 21, 3, 12, 13, 5, 18, 17, 7]}, {"capacity": 682, "impossibleCargos": [2, 5, 8, 9, 18], "neighbors": [0, 4, 2, 1, 22, 24, 16, 8, 20, 3, 23, 18]}, {"capacity": 901, "impossibleCargos": [3, 4, 6, 10, 15, 18, 21, 22, 24], "neighbors": [23, 2, 14, 5, 6, 21, 0, 9, 4, 11, 1, 10]}, {"capacity": 919, "impossibleCargos": [2, 4, 11, 12, 16, 21, 24], "neighbors": [22, 10, 18, 17, 6, 3, 9, 16, 13, 21, 14, 15, 8, 7]}, {"capacity": 518, "impossibleCargos": [9, 10, 12, 14, 24], "neighbors": [1, 15, 9, 0, 5, 21, 4, 17, 7, 19]}]}