{"volumes": [1153, 505, 888, 0, 1403, 596, 0, 0, 1439, 1373, 265, 0, 730, 385, 0, 512, 199, 0, 1497, 838, 0, 0, 0, 856, 1151], "conflicts": [[0, 3], [0, 6], [0, 19], [1, 6], [1, 10], [1, 14], [1, 16], [1, 20], [2, 4], [2, 5], [2, 7], [2, 17], [2, 19], [2, 22], [3, 6], [3, 10], [3, 20], [5, 8], [5, 9], [5, 10], [5, 18], [5, 22], [6, 13], [6, 14], [6, 15], [6, 18], [6, 20], [6, 24], [7, 10], [7, 12], [7, 13], [7, 17], [7, 18], [7, 19], [7, 21], [7, 22], [7, 23], [8, 17], [8, 22], [9, 11], [9, 14], [9, 16], [9, 17], [9, 21], [10, 12], [10, 21], [10, 22], [11, 13], [11, 24], [13, 17], [14, 19], [14, 23], [14, 24], [15, 22], [16, 20], [17, 24], [18, 20], [19, 22], [21, 24]], "tanks": [{"capacity": 639, "impossibleCargos": [2, 3, 4, 8, 12, 13, 16, 21], "neighbors": [22, 12, 13, 11, 20, 18, 2, 19, 24, 21, 8, 3, 7]}, {"capacity": 426, "impossibleCargos": [0, 4, 5, 9, 17, 19, 20, 21, 22], "neighbors": [13, 19, 9, 20, 17, 5, 14, 6, 8, 10, 7, 16]}, {"capacity": 907, "impossibleCargos": [4, 6, 7, 9, 10, 11, 15, 16, 18, 19], "neighbors": [5, 11, 18, 3, 0, 19, 6, 17, 15, 22]}, {"capacity": 758, "impossibleCargos": [2, 5, 6, 11, 12, 13, 14, 21, 24], "neighbors": [6, 20, 16, 22, 17, 15, 24, 5, 2, 19, 9, 8, 10, 0, 14]}, {"capacity": 557, "impossibleCargos": [0, 2, 3, 4, 5, 7, 9, 13, 18, 21], "neighbors": [20, 8, 10, 14, 12, 9, 24, 22, 23, 17, 13]}, {"capacity": 559, "impossibleCargos": [2, 5, 6, 8, 10, 11, 13, 14, 16, 17, 18, 19], "neighbors": [2, 23, 12, 1, 7, 18, 19, 16, 3, 21, 8, 11, 15, 22, 20]}, {"capacity": 836, "impossibleCargos": [2, 4, 5, 8, 10, 12, 14, 16, 18, 19, 20, 21, 24], "neighbors": [3, 24, 7, 18, 1, 9, 14, 12, 2, 13]}, {"capacity": 582, "impossibleCargos": [2, 4, 5, 6, 7, 12, 15, 18, 19, 20, 21, 22, 24], "neighbors": [9, 6, 5, 21, 8, 14, 16, 15, 1, 10, 22, 20, 0, 13]}, {"capacity": 723, "impossibleCargos": [1, 2, 7, 9, 11, 12, 15, 18, 21], "neighbors": [4, 22, 17, 14, 7, 1, 5, 18, 19, 3, 10, 21, 0]}, {"capacity": 282, "impossibleCargos": [0, 5, 8, 9, 11, 13, 14, 16, 18, 21, 23, 24], "neighbors": [7, 1, 15, 24, 4, 6, 14, 20, 3, 22, 23]}, {"capacity": 202, "impossibleCargos": [0, 3, 4, 6, 8, 10, 12, 15, 17, 18, 21, 23, 24], "neighbors": [13, 17, 4, 21, 22, 12, 24, 16, 1, 20, 15, 18, 11, 8, 7, 3]}, {"capacity": 946, "impossibleCargos": [1, 4, 9, 10, 11, 12, 13, 16, 18, 19, 21, 24], "neighbors": [20, 2, 21, 0, 23, 12, 5, 10]}, {"capacity": 578, "impossibleCargos": [2, 4, 6, 11, 12, 14, 15, 17, 18, 20, 21, 23], "neighbors": [23, 18, 5, 10, 0, 24, 4, 11, 21, 20, 6, 22, 16]}, {"capacity": 278, "impossibleCargos": [2, 4, 6, 7, 8, 9, 10, 13, 16, 18, 19, 20, 21, 22, 23, 24], "neighbors": [1, 22, 10, 24, 23, 0, 18, 21, 6, 16, 4, 7]}, {"capacity": 761, "impossibleCargos": [0, 1, 4, 5, 7, 10, 11, 12, 13, 18, 20], "neighbors": [16, 4, 17, 8, 1, 7, 9, 6, 3]}, {"capacity": 480, "impossibleCargos": [0, 1, 2, 3, 4, 6, 7, 9, 11, 15, 17, 19, 20, 21, 22], "neighbors": [9, 24, 3, 10, 7, 5, 18, 16, 2, 20]}, {"capacity": 610, "impossibleCargos": [0, 2, 4, 5, 7, 9, 10, 11, 12, 14, 15, 16, 17, 23], "neighbors": [14, 3, 21, 10, 5, 18, 7, 23, 1, 15, 13, 20, 19, 12]}, {"capacity": 661, "impossibleCargos": [0, 2, 9, 10, 12, 13, 14, 16, 23, 24], "neighbors": [10, 1, 3, 14, 8, 21, 22, 20, 2, 24, 4]}, {"capacity": 909, "impossibleCargos": [1, 2, 3, 4, 5, 6, 7, 9, 10, 15, 16, 17, 18, 19, 21, 22, 24], "neighbors": [12, 2, 6, 5, 13, 0, 16, 8, 10, 15]}, {"capacity": 664, "impossibleCargos": [3, 4, 5, 8, 10, 11, 12, 14, 15, 17, 21, 23], "neighbors": [1, 20, 21, 5, 22, 3, 2, 0, 8, 16]}, {"capacity": 320, "impossibleCargos": [2, 3, 4, 6, 7, 8, 9, 10, 11, 14, 15, 16, 17, 22, 24], "neighbors": [11, 3, 4, 1, 19, 23, 0, 10, 17, 9, 12, 16, 7, 15, 5]}, {"capacity": 509, "impossibleCargos": [0, 2, 3, 4, 5, 6, 8, 9, 10, 13, 14, 19, 23], "neighbors": [24, 11, 16, 10, 19, 7, 17, 5, 13, 12, 22, 8, 0]}, {"capacity": 621, "impossibleCargos": [2, 4, 6, 9, 11, 12, 14, 20, 21, 23], "neighbors": [13, 0, 8, 3, 10, 19, 17, 21, 5, 9, 4, 7, 12, 2]}, {"capacity": 387, "impossibleCargos": [0, 3, 4, 5, 6, 10, 11, 15, 16, 17, 19, 20, 22, 23, 24], "neighbors": [12, 5, 13, 20, 11, 16, 24, 4, 9]}, {"capacity": 850, "impossibleCargos": [0, 2, 9, 11, 12, 13, 14, 17, 18], "neighbors": [21, 6, 13, 15, 9, 10, 12, 3, 4, 0, 17, 23]}]}