{"volumes": [780, 0, 1328, 0, 685, 816, 1411, 0, 0, 0, 233, 2297, 852, 1035, 0, 1416, 904, 0, 1302, 0, 607, 0, 334, 463, 210], "conflicts": [[0, 3], [0, 17], [0, 22], [0, 24], [1, 2], [1, 3], [1, 4], [1, 6], [1, 7], [1, 8], [1, 10], [1, 14], [1, 15], [1, 16], [1, 17], [1, 18], [1, 21], [2, 14], [2, 19], [2, 21], [3, 4], [3, 6], [3, 7], [3, 9], [3, 10], [3, 17], [3, 18], [3, 21], [3, 22], [3, 23], [3, 24], [4, 7], [4, 9], [4, 14], [4, 21], [4, 24], [5, 7], [5, 8], [5, 10], [5, 12], [5, 13], [5, 21], [5, 22], [6, 8], [6, 9], [6, 17], [7, 8], [7, 11], [7, 12], [7, 13], [7, 20], [7, 23], [8, 9], [8, 11], [8, 12], [8, 14], [8, 15], [8, 19], [8, 24], [9, 13], [9, 15], [9, 16], [9, 17], [9, 20], [9, 21], [9, 23], [9, 24], [10, 12], [10, 14], [10, 15], [10, 17], [10, 19], [10, 20], [10, 21], [10, 23], [11, 12], [11, 16], [11, 17], [11, 19], [11, 21], [12, 16], [12, 18], [12, 19], [12, 20], [12, 22], [12, 23], [12, 24], [13, 19], [14, 17], [14, 18], [14, 20], [15, 21], [16, 19], [16, 20], [16, 21], [17, 18], [17, 19], [17, 20], [17, 21], [17, 23], [17, 24], [18, 19], [19, 20], [19, 21], [20, 21], [20, 22], [20, 23], [20, 24], [21, 22], [22, 24]], "tanks": [{"capacity": 631, "impossibleCargos": [6, 13, 14, 18, 19, 23], "neighbors": [21, 17, 10, 11, 1, 22, 3, 13, 7, 12, 24, 6, 5, 23]}, {"capacity": 626, "impossibleCargos": [0, 4, 5, 7, 9, 11, 12, 13, 14, 15, 16, 19, 20, 21, 22, 24], "neighbors": [4, 23, 2, 21, 0, 15, 8, 9, 13, 24, 22, 19, 6, 5, 7, 14]}, {"capacity": 756, "impossibleCargos": [5, 6, 8, 9, 11, 12, 14, 16, 17, 18, 21, 23], "neighbors": [1, 22, 20, 15, 18, 14, 23, 17, 24, 9, 3, 12]}, {"capacity": 283, "impossibleCargos": [0, 1, 2, 5, 7, 11, 16, 18, 19, 21, 23], "neighbors": [5, 0, 10, 21, 9, 24, 19, 18, 6, 14, 2, 8]}, {"capacity": 259, "impossibleCargos": [3, 6, 7, 11, 12, 15, 18, 19, 20, 21], "neighbors": [1, 10, 22, 19, 16, 6, 24, 15, 23, 17, 8]}, {"capacity": 875, "impossibleCargos": [0, 2, 3, 4, 8, 9, 10, 11, 12, 13, 16, 17, 18, 22], "neighbors": [3, 24, 17, 9, 20, 7, 15, 1, 0, 16]}, {"capacity": 343, "impossibleCargos": [1, 2, 5, 6, 9, 11, 12, 17, 18, 20, 23, 24], "neighbors": [12, 8, 22, 24, 23, 4, 1, 17, 19, 0, 3]}, {"capacity": 894, "impossibleCargos": [0, 1, 6, 7, 9, 12, 13, 15, 17, 20], "neighbors": [0, 20, 22, 15, 19, 18, 5, 14, 16, 24, 21, 1]}, {"capacity": 312, "impossibleCargos": [1, 6, 7, 9, 10, 11, 13, 19, 21, 22, 24], "neighbors": [6, 21, 10, 1, 22, 9, 4, 17, 20, 3]}, {"capacity": 493, "impossibleCargos": [3, 4, 6, 7, 9, 13, 16, 20, 22], "neighbors": [24, 10, 16, 1, 22, 5, 12, 21, 3, 14, 23, 15, 8, 2, 13]}, {"capacity": 781, "impossibleCargos": [0, 2, 5, 9, 14, 15, 21], "neighbors": [13, 0, 4, 21, 20, 9, 16, 22, 8, 3, 11, 12]}, {"capacity": 908, "impossibleCargos": [0, 3, 4, 5, 6, 7, 8, 11, 13, 14, 15, 16, 18, 19, 20, 21], "neighbors": [0, 10, 24, 17]}, {"capacity": 753, "impossibleCargos": [1, 3, 5, 6, 7, 8, 9, 12, 13, 16, 19, 20, 22, 23], "neighbors": [6, 15, 21, 19, 16, 0, 10, 20, 9, 18, 24, 13, 2]}, {"capacity": 713, "impossibleCargos": [0, 3, 7, 9, 10, 15, 18, 19, 22], "neighbors": [10, 22, 16, 0, 1, 17, 24, 18, 19, 12, 9]}, {"capacity": 576, "impossibleCargos": [0, 1, 3, 4, 5, 8, 13, 17, 19, 20, 21, 22, 24], "neighbors": [19, 21, 16, 24, 17, 7, 2, 23, 9, 22, 20, 3, 1]}, {"capacity": 824, "impossibleCargos": [1, 4, 5, 7, 8, 9, 11, 12, 14, 15, 16, 17, 18, 19, 20, 22, 23], "neighbors": [24, 12, 20, 1, 22, 7, 2, 23, 17, 5, 21, 4, 9]}, {"capacity": 230, "impossibleCargos": [0, 1, 2, 3, 4, 5, 6, 7, 8, 10, 11, 12, 13, 14, 15, 17, 19, 20, 21, 23], "neighbors": [13, 10, 21, 9, 17, 14, 12, 4, 23, 7, 5]}, {"capacity": 923, "impossibleCargos": [0, 1, 5, 7, 10, 11, 12, 13, 15, 16, 18, 20, 21, 22], "neighbors": [0, 23, 16, 13, 5, 15, 14, 22, 11, 6, 2, 4, 8]}, {"capacity": 416, "impossibleCargos": [0, 1, 2, 12, 13, 18, 20, 22, 23, 24], "neighbors": [20, 19, 7, 13, 12, 2, 23, 3]}, {"capacity": 666, "impossibleCargos": [2, 4, 5, 6, 7, 9, 10, 12, 13, 14, 15, 17, 20], "neighbors": [14, 20, 18, 12, 4, 21, 7, 13, 1, 3, 6]}, {"capacity": 654, "impossibleCargos": [0, 1, 4, 6, 8, 9, 15, 18, 19, 23], "neighbors": [10, 19, 15, 2, 18, 7, 12, 5, 24, 14, 8]}, {"capacity": 989, "impossibleCargos": [0, 2, 3, 4, 5, 6, 8, 10, 14, 16, 18, 20, 22, 23], "neighbors": [24, 0, 14, 10, 1, 8, 16, 12, 19, 9, 3, 15, 7]}, {"capacity": 918, "impossibleCargos": [0, 1, 4, 5, 6, 7, 8, 9, 10, 11, 12, 14, 15, 18, 24], "neighbors": [23, 13, 0, 6, 10, 4, 2, 9, 15, 7, 8, 17, 1, 14, 24]}, {"capacity": 712, "impossibleCargos": [2, 6, 12, 15, 19, 20, 21, 22, 23, 24], "neighbors": [1, 17, 22, 15, 6, 16, 14, 2, 9, 18, 4, 0]}, {"capacity": 687, "impossibleCargos": [1, 7, 8, 9, 12, 15, 16, 18, 22, 23], "neighbors": [21, 9, 5, 15, 1, 11, 6, 14, 13, 0, 4, 12, 3, 7, 20, 2, 22]}]}