{"volumes": [1530, 705, 418, 0, 682, 1279, 0, 673, 352, 0, 1056, 529, 401, 309, 707, 676, 0, 0, 0, 0, 0, 1194, 1331, 836, 1531], "conflicts": [[0, 3], [0, 6], [0, 8], [0, 14], [0, 16], [0, 19], [1, 6], [1, 9], [1, 12], [1, 16], [1, 17], [1, 18], [2, 3], [2, 4], [2, 5], [2, 6], [2, 8], [2, 9], [2, 11], [2, 14], [2, 17], [3, 4], [3, 5], [3, 6], [3, 7], [3, 9], [3, 11], [3, 13], [3, 14], [3, 15], [3, 17], [3, 19], [3, 20], [3, 21], [3, 22], [3, 23], [3, 24], [4, 5], [4, 7], [4, 14], [4, 16], [4, 18], [4, 19], [4, 20], [5, 17], [6, 12], [6, 17], [6, 22], [6, 24], [7, 11], [7, 14], [7, 16], [7, 18], [7, 19], [7, 20], [8, 17], [8, 20], [9, 11], [9, 12], [9, 13], [9, 18], [9, 19], [9, 20], [9, 21], [10, 16], [10, 17], [10, 18], [11, 17], [11, 18], [11, 19], [11, 20], [12, 15], [12, 16], [12, 17], [13, 17], [13, 18], [13, 20], [13, 21], [13, 22], [14, 16], [14, 17], [14, 19], [15, 19], [15, 24], [16, 17], [16, 20], [16, 22], [17, 23], [17, 24], [18, 24], [19, 20], [19, 22], [19, 23], [20, 21], [20, 24]], "tanks": [{"capacity": 456, "impossibleCargos": [1, 3, 6, 7, 8, 9, 10, 12, 16, 18, 20, 22], "neighbors": [19, 16, 21, 1, 5, 15, 10, 3, 18, 2, 7]}, {"capacity": 907, "impossibleCargos": [2, 4, 8, 9, 10, 11, 12, 17, 21, 23, 24], "neighbors": [9, 5, 4, 0, 7, 17, 13, 19, 23, 2]}, {"capacity": 211, "impossibleCargos": [0, 1, 2, 3, 4, 7, 8, 12, 13, 14, 15, 20, 21, 23], "neighbors": [15, 21, 19, 20, 17, 12, 11, 23, 0, 3, 16, 24, 22, 1]}, {"capacity": 998, "impossibleCargos": [1, 2, 3, 5, 6, 7, 10, 11, 14, 16, 19, 24], "neighbors": [8, 18, 11, 7, 20, 5, 0, 14, 2, 10, 9]}, {"capacity": 926, "impossibleCargos": [0, 1, 2, 3, 5, 6, 8, 9, 10, 12, 13, 14, 15, 18, 19, 20, 22, 24], "neighbors": [1, 12, 13, 24, 5, 23, 20]}, {"capacity": 734, "impossibleCargos": [0, 2, 9, 11, 14, 15, 16, 17, 18, 23, 24], "neighbors": [1, 12, 23, 0, 3, 9, 14, 24, 21, 17, 4, 7]}, {"capacity": 540, "impossibleCargos": [6, 7, 8, 9, 11, 12, 16, 19, 20, 22, 23], "neighbors": [19, 18, 17, 21, 13]}, {"capacity": 712, "impossibleCargos": [0, 3, 6, 9, 10, 13, 14, 17, 18, 20, 23, 24], "neighbors": [13, 14, 12, 23, 3, 1, 8, 5, 20, 0, 24]}, {"capacity": 758, "impossibleCargos": [0, 1, 3, 5, 6, 8, 9, 12, 15, 16, 18, 20, 21, 24], "neighbors": [14, 3, 16, 17, 13, 7, 21, 9, 19, 22, 15]}, {"capacity": 776, "impossibleCargos": [3, 4, 5, 8, 10, 13, 14, 16, 17, 19, 20, 22], "neighbors": [24, 1, 19, 5, 18, 11, 13, 17, 8, 10, 3, 21, 15, 22]}, {"capacity": 448, "impossibleCargos": [1, 2, 3, 5, 6, 7, 16, 18, 19, 21], "neighbors": [21, 24, 15, 20, 17, 11, 0, 13, 12, 3, 9]}, {"capacity": 583, "impossibleCargos": [2, 3, 5, 8, 9, 12, 13, 17, 18, 20, 21], "neighbors": [3, 14, 20, 2, 10, 13, 9, 23, 12, 21]}, {"capacity": 733, "impossibleCargos": [1, 3, 4, 7, 11, 12, 14, 15, 16, 19, 20], "neighbors": [5, 16, 4, 7, 22, 18, 2, 10, 17, 11]}, {"capacity": 547, "impossibleCargos": [0, 1, 2, 3, 4, 6, 8, 9, 17, 18, 20, 22], "neighbors": [21, 7, 24, 16, 8, 19, 11, 4, 10, 9, 1, 20, 23, 6, 14]}, {"capacity": 472, "impossibleCargos": [0, 1, 2, 3, 5, 6, 8, 11, 13, 15, 16, 17, 18, 19, 20, 22], "neighbors": [8, 17, 7, 11, 19, 5, 16, 3, 21, 13, 15, 23, 18, 24]}, {"capacity": 300, "impossibleCargos": [0, 3, 4, 6, 7, 8, 11, 12, 16], "neighbors": [16, 2, 24, 22, 21, 10, 20, 0, 17, 14, 9, 8]}, {"capacity": 769, "impossibleCargos": [2, 3, 6, 10, 13, 15, 16, 19, 21], "neighbors": [15, 8, 0, 12, 18, 13, 17, 24, 14, 23, 2]}, {"capacity": 899, "impossibleCargos": [0, 2, 3, 5, 6, 7, 9, 10, 11, 14, 15, 17, 19, 20, 21, 24], "neighbors": [23, 14, 8, 19, 2, 16, 1, 10, 15, 6, 24, 9, 12, 5, 21]}, {"capacity": 797, "impossibleCargos": [0, 1, 2, 4, 5, 9, 11, 12, 13, 14, 16, 18, 22, 23], "neighbors": [22, 3, 21, 16, 12, 9, 0, 6, 23, 14, 24, 20]}, {"capacity": 335, "impossibleCargos": [0, 9, 10, 14, 15, 17, 18, 23, 24], "neighbors": [6, 22, 9, 0, 23, 2, 17, 14, 13, 21, 20, 1, 24, 8]}, {"capacity": 735, "impossibleCargos": [0, 2, 4, 5, 7, 11, 15, 16, 18, 21, 23, 24], "neighbors": [24, 2, 3, 15, 10, 11, 21, 19, 13, 7, 23, 4, 18]}, {"capacity": 424, "impossibleCargos": [3, 5, 6, 9, 10, 11, 14, 15, 16, 17, 18, 20, 21, 22, 23], "neighbors": [13, 10, 2, 15, 0, 18, 22, 24, 20, 19, 8, 5, 6, 14, 9, 11, 17]}, {"capacity": 430, "impossibleCargos": [0, 1, 5, 8, 9, 11, 12, 16, 20, 22, 23], "neighbors": [19, 18, 15, 12, 21, 24, 2, 8, 9]}, {"capacity": 825, "impossibleCargos": [0, 3, 7, 9, 11, 12, 14, 18, 19, 22, 23, 24], "neighbors": [17, 19, 5, 7, 24, 16, 2, 13, 1, 11, 4, 14, 20, 18]}, {"capacity": 377, "impossibleCargos": [7, 9, 10, 11, 13, 14, 19, 20, 21, 23], "neighbors": [9, 15, 10, 20, 13, 23, 21, 22, 16, 5, 4, 17, 19, 2, 7, 18, 14]}]}