{"volumes": [0, 234, 0, 1215, 2995, 696, 0, 2128, 710, 1138, 0, 0, 1792, 0, 239, 0, 0, 864, 1409, 0, 680, 0, 0, 1093, 401], "conflicts": [[0, 3], [0, 5], [0, 6], [0, 7], [0, 8], [0, 9], [0, 10], [0, 12], [0, 13], [0, 14], [0, 15], [0, 16], [0, 17], [0, 18], [0, 20], [0, 21], [0, 23], [0, 24], [1, 6], [1, 8], [1, 12], [1, 13], [1, 14], [1, 15], [1, 16], [1, 17], [1, 19], [1, 21], [1, 24], [2, 3], [2, 5], [2, 6], [2, 8], [2, 9], [2, 10], [2, 12], [2, 13], [2, 14], [2, 15], [2, 16], [2, 17], [2, 18], [2, 19], [2, 20], [2, 22], [3, 6], [3, 10], [3, 13], [3, 15], [3, 17], [3, 19], [3, 21], [4, 6], [4, 10], [4, 11], [4, 13], [4, 15], [4, 16], [4, 21], [4, 22], [5, 10], [5, 13], [5, 16], [5, 17], [5, 20], [5, 21], [5, 22], [6, 7], [6, 10], [6, 11], [6, 12], [6, 14], [6, 16], [6, 17], [6, 19], [6, 20], [6, 21], [6, 23], [7, 10], [7, 11], [7, 16], [7, 19], [7, 21], [7, 22], [8, 10], [8, 11], [8, 15], [8, 16], [8, 17], [8, 19], [8, 20], [8, 21], [8, 22], [8, 24], [9, 10], [9, 11], [9, 15], [9, 16], [9, 19], [9, 22], [10, 11], [10, 12], [10, 13], [10, 14], [10, 15], [10, 16], [10, 17], [10, 18], [10, 19], [10, 20], [10, 21], [10, 22], [10, 24], [11, 12], [11, 15], [11, 16], [11, 17], [11, 18], [11, 19], [11, 20], [11, 21], [11, 22], [11, 24], [12, 15], [12, 16], [12, 19], [12, 21], [12, 22], [13, 14], [13, 15], [13, 16], [13, 17], [13, 18], [13, 19], [13, 20], [13, 21], [13, 22], [13, 23], [13, 24], [14, 15], [14, 16], [14, 17], [14, 18], [14, 19], [14, 22], [14, 24], [15, 16], [15, 17], [15, 18], [15, 19], [15, 20], [15, 21], [15, 22], [15, 23], [15, 24], [16, 17], [16, 18], [16, 19], [16, 21], [16, 22], [16, 24], [17, 19], [17, 21], [17, 22], [17, 24], [18, 19], [18, 21], [18, 22], [19, 20], [19, 21], [19, 22], [19, 23], [19, 24], [20, 21], [20, 22], [20, 23], [20, 24], [21, 22], [21, 24], [22, 23]], "tanks": [{"capacity": 781, "impossibleCargos": [0, 1, 3, 4, 6, 7, 9, 10, 11, 12, 13, 14, 16, 17, 18, 19, 20, 22, 23, 24], "neighbors": [3, 19, 18, 7, 15, 16, 10, 22, 6, 11, 5, 1, 4]}, {"capacity": 483, "impossibleCargos": [1, 3, 5, 6, 7, 8, 9, 10, 12, 13, 16, 17, 18, 19, 20, 21, 22, 24], "neighbors": [13, 12, 19, 14, 24, 17, 18, 4, 15, 7, 0, 21]}, {"capacity": 767, "impossibleCargos": [0, 1, 2, 3, 6, 7, 9, 10, 11, 12, 14, 15, 16, 17, 18, 19, 20, 21, 22, 23, 24], "neighbors": [12, 8, 23, 15, 21, 18, 13, 20, 24, 11, 7, 6, 3]}, {"capacity": 740, "impossibleCargos": [0, 1, 2, 3, 4, 7, 9, 12, 13, 14, 16, 17, 18, 19, 20, 21, 22, 24], "neighbors": [6, 0, 22, 20, 5, 21, 10, 13, 16, 12, 2, 8, 7, 23, 9]}, {"capacity": 618, "impossibleCargos": [0, 1, 2, 3, 5, 6, 7, 8, 10, 11, 14, 15, 17, 18, 19, 20, 21, 22], "neighbors": [14, 11, 1, 18, 20, 12, 23, 8, 24, 17, 7, 0, 16]}, {"capacity": 248, "impossibleCargos": [3, 4, 5, 6, 9, 10, 15, 16, 17, 18, 19, 20, 21, 22, 24], "neighbors": [21, 6, 3, 9, 24, 16, 8, 7, 23, 0, 12, 22]}, {"capacity": 894, "impossibleCargos": [0, 2, 6, 7, 10, 11, 12, 14, 16, 17, 18, 19, 20, 22, 23], "neighbors": [3, 5, 24, 0, 23, 9, 10, 11, 2, 21, 20]}, {"capacity": 765, "impossibleCargos": [0, 1, 2, 3, 4, 7, 8, 15, 17, 20, 21, 22, 24], "neighbors": [23, 15, 22, 10, 0, 20, 16, 5, 1, 18, 2, 12, 4, 3]}, {"capacity": 846, "impossibleCargos": [1, 2, 3, 4, 5, 6, 8, 10, 12, 13, 14, 15, 16, 17, 18, 19, 21, 22, 23, 24], "neighbors": [2, 17, 12, 5, 23, 14, 19, 13, 4, 20, 22, 11, 16, 3, 18]}, {"capacity": 962, "impossibleCargos": [0, 1, 2, 3, 5, 6, 7, 8, 9, 11, 12, 13, 14, 15, 16, 17, 19, 21, 22, 23, 24], "neighbors": [21, 22, 5, 19, 18, 20, 23, 6, 16, 3]}, {"capacity": 598, "impossibleCargos": [1, 2, 3, 4, 5, 6, 8, 10, 11, 12, 13, 15, 17, 18, 19, 20, 21, 22, 23, 24], "neighbors": [22, 7, 17, 23, 0, 3, 6, 19, 13]}, {"capacity": 624, "impossibleCargos": [0, 2, 3, 4, 5, 6, 7, 9, 10, 11, 12, 13, 14, 15, 16, 17, 19, 21, 22, 23, 24], "neighbors": [4, 23, 22, 14, 12, 0, 2, 19, 6, 17, 8, 15]}, {"capacity": 405, "impossibleCargos": [0, 1, 2, 3, 4, 5, 6, 7, 8, 9, 12, 13, 16, 18, 19, 20, 21, 22, 24], "neighbors": [2, 17, 1, 20, 19, 8, 13, 4, 14, 15, 11, 7, 3, 5]}, {"capacity": 243, "impossibleCargos": [0, 2, 3, 5, 7, 9, 10, 11, 12, 13, 14, 15, 16, 17, 19, 20, 22, 23], "neighbors": [18, 1, 12, 2, 21, 8, 15, 3, 10]}, {"capacity": 404, "impossibleCargos": [0, 2, 3, 5, 6, 7, 9, 10, 11, 12, 13, 14, 15, 17, 18, 20, 22, 23], "neighbors": [23, 4, 1, 11, 8, 12, 21]}, {"capacity": 862, "impossibleCargos": [0, 1, 2, 3, 5, 8, 9, 10, 11, 13, 14, 15, 17, 19, 21, 22, 23, 24], "neighbors": [23, 7, 2, 18, 0, 17, 24, 1, 13, 12, 11]}, {"capacity": 574, "impossibleCargos": [0, 1, 2, 6, 9, 11, 13, 14, 15, 16, 17, 18, 19, 22, 23], "neighbors": [0, 7, 5, 19, 9, 3, 8, 4, 22]}, {"capacity": 915, "impossibleCargos": [0, 2, 3, 4, 5, 6, 7, 8, 9, 10, 12, 13, 15, 16, 18, 19, 20, 21, 22, 23, 24], "neighbors": [12, 23, 10, 8, 15, 1, 20, 24, 11, 4]}, {"capacity": 661, "impossibleCargos": [0, 1, 2, 3, 4, 5, 6, 7, 8, 9, 11, 12, 16, 17, 18, 19, 20, 21, 22, 23, 24], "neighbors": [13, 21, 0, 15, 9, 2, 1, 4, 7, 19, 22, 23, 8]}, {"capacity": 924, "impossibleCargos": [0, 1, 4, 6, 7, 8, 9, 11, 14, 16, 17, 23], "neighbors": [0, 12, 1, 22, 9, 23, 8, 21, 16, 18, 11, 10]}, {"capacity": 818, "impossibleCargos": [0, 1, 2, 5, 9, 10, 11, 13, 15, 16, 17, 19, 20, 21, 22, 24], "neighbors": [24, 12, 3, 22, 7, 2, 9, 17, 4, 8, 6]}, {"capacity": 637, "impossibleCargos": [0, 4, 6, 7, 9, 10, 11, 12, 14, 17, 18, 19, 20, 22, 23, 24], "neighbors": [5, 9, 18, 23, 3, 2, 13, 22, 19, 6, 1, 14]}, {"capacity": 682, "impossibleCargos": [0, 2, 5, 7, 8, 9, 10, 11, 12, 13, 15, 17, 18, 19, 20, 21, 23, 24], "neighbors": [3, 7, 10, 9, 20, 19, 0, 11, 21, 23, 8, 5, 18, 16, 24]}, {"capacity": 971, "impossibleCargos": [1, 3, 4, 5, 6, 8, 10, 13, 14, 18, 20, 22, 23, 24], "neighbors": [7, 14, 15, 21, 17, 2, 10, 11, 6, 19, 8, 9, 5, 22, 4, 24, 3, 18]}, {"capacity": 753, "impossibleCargos": [0, 1, 3, 6, 8, 9, 11, 12, 13, 15, 16, 17, 19, 21, 22], "neighbors": [20, 5, 6, 1, 2, 15, 17, 4, 23, 22]}]}