{"volumes": [875, 0, 0, 0, 0, 798, 437, 0, 884, 1271, 546, 0, 0, 0, 2100, 1287, 1793, 1096, 264, 0, 733, 714, 353, 1398, 0], "conflicts": [[0, 6], [1, 2], [1, 14], [1, 15], [1, 16], [1, 18], [1, 23], [2, 4], [2, 5], [2, 10], [2, 18], [2, 20], [2, 21], [2, 22], [3, 6], [3, 9], [3, 10], [3, 18], [3, 22], [4, 8], [4, 9], [4, 21], [5, 7], [5, 12], [6, 11], [6, 18], [7, 15], [7, 21], [9, 24], [10, 13], [10, 24], [11, 13], [11, 16], [12, 15], [12, 16], [12, 17], [12, 21], [12, 24], [13, 22], [13, 23], [13, 24], [19, 23], [19, 24]], "tanks": [{"capacity": 873, "impossibleCargos": [3, 4, 8, 12, 13, 15, 18, 20, 21], "neighbors": [9, 7, 10, 24, 3, 17, 13, 6, 1, 5, 20, 18, 4, 2, 19, 21, 16, 12, 23, 8, 15]}, {"capacity": 720, "impossibleCargos": [1, 7, 12, 16], "neighbors": [4, 10, 2, 19, 17, 3, 8, 23, 0, 20, 9, 12, 11, 21, 7, 13, 15, 14, 6, 18]}, {"capacity": 327, "impossibleCargos": [21], "neighbors": [14, 18, 9, 16, 24, 11, 19, 1, 17, 3, 23, 0, 5, 7]}, {"capacity": 818, "impossibleCargos": [5, 14, 17, 18], "neighbors": [6, 23, 19, 9, 10, 11, 1, 0, 4, 2, 17, 24, 22, 13, 20, 16, 7, 18]}, {"capacity": 438, "impossibleCargos": [0, 11, 14], "neighbors": [1, 13, 12, 14, 9, 3, 18, 19, 22, 5, 17, 10, 24, 8, 0, 15]}, {"capacity": 983, "impossibleCargos": [8, 9, 12, 13, 14, 19, 22], "neighbors": [19, 11, 23, 20, 13, 12, 21, 9, 16, 0, 10, 22, 4, 17, 2, 14, 7]}, {"capacity": 652, "impossibleCargos": [1, 4, 6, 7, 9, 10, 12, 18, 19, 24], "neighbors": [3, 17, 8, 24, 16, 15, 18, 22, 21, 0, 13, 7, 12, 10, 23, 14, 1]}, {"capacity": 227, "impossibleCargos": [0, 1, 14, 21], "neighbors": [12, 14, 18, 0, 10, 9, 11, 15, 6, 20, 19, 8, 23, 16, 13, 3, 1, 22, 21, 5, 2]}, {"capacity": 264, "impossibleCargos": [4, 12, 23], "neighbors": [6, 12, 20, 1, 21, 16, 23, 7, 13, 4, 9, 18, 24, 14, 19, 11, 0, 10]}, {"capacity": 318, "impossibleCargos": [1, 5, 7, 15, 20], "neighbors": [0, 16, 2, 3, 10, 4, 7, 24, 21, 5, 1, 13, 15, 8, 22, 20, 17]}, {"capacity": 943, "impossibleCargos": [1, 4, 13, 14, 15, 20, 23], "neighbors": [1, 0, 23, 14, 24, 20, 7, 9, 3, 21, 12, 16, 5, 19, 15, 22, 4, 6, 17, 11, 8]}, {"capacity": 751, "impossibleCargos": [6, 10, 21], "neighbors": [22, 5, 14, 2, 23, 3, 7, 13, 21, 1, 10, 8, 15]}, {"capacity": 721, "impossibleCargos": [4, 6, 15, 16], "neighbors": [7, 20, 13, 8, 4, 5, 10, 18, 17, 15, 6, 1, 21, 24, 23, 16, 0, 19]}, {"capacity": 565, "impossibleCargos": [0, 2, 11, 12, 15, 19], "neighbors": [22, 21, 14, 23, 12, 18, 4, 19, 5, 11, 0, 20, 6, 3, 17, 8, 9, 7, 24, 1, 16, 15]}, {"capacity": 707, "impossibleCargos": [6, 12, 19, 21, 24], "neighbors": [2, 18, 7, 13, 11, 17, 10, 4, 15, 23, 16, 24, 22, 6, 5, 8, 1, 20]}, {"capacity": 543, "impossibleCargos": [5, 6, 9, 11, 14, 17, 18, 23], "neighbors": [20, 6, 16, 23, 21, 19, 14, 7, 12, 10, 18, 9, 24, 1, 4, 13, 11, 0]}, {"capacity": 956, "impossibleCargos": [1, 8, 15, 23, 24], "neighbors": [6, 9, 2, 15, 24, 5, 8, 10, 21, 17, 14, 7, 3, 0, 12, 18, 13, 23]}, {"capacity": 240, "impossibleCargos": [5, 11, 12, 16, 19, 23], "neighbors": [6, 24, 14, 21, 1, 2, 0, 20, 3, 12, 16, 4, 23, 22, 13, 5, 18, 10, 9]}, {"capacity": 678, "impossibleCargos": [0, 4, 7, 12, 13, 16, 19, 24], "neighbors": [14, 7, 2, 13, 6, 4, 12, 19, 0, 15, 8, 23, 17, 16, 3, 1, 20]}, {"capacity": 648, "impossibleCargos": [4, 7, 16, 17, 19, 21], "neighbors": [20, 5, 3, 13, 23, 2, 15, 1, 21, 4, 18, 10, 7, 0, 8, 12]}, {"capacity": 761, "impossibleCargos": [1, 7, 10, 24], "neighbors": [19, 15, 12, 5, 10, 8, 21, 17, 23, 13, 0, 7, 1, 3, 9, 24, 14, 18]}, {"capacity": 282, "impossibleCargos": [4, 6, 11, 12, 14, 20, 21], "neighbors": [13, 15, 17, 19, 10, 24, 20, 22, 9, 5, 8, 6, 16, 23, 11, 12, 1, 0, 7]}, {"capacity": 866, "impossibleCargos": [0, 6, 21, 24], "neighbors": [13, 23, 11, 21, 6, 4, 5, 10, 3, 17, 14, 9, 7, 24]}, {"capacity": 384, "impossibleCargos": [0, 1, 5, 7, 10, 12, 14, 15, 17, 18, 19, 20, 21, 23, 24], "neighbors": [22, 13, 3, 19, 5, 10, 15, 24, 11, 20, 1, 14, 8, 21, 17, 2, 7, 12, 6, 18, 16, 0]}, {"capacity": 877, "impossibleCargos": [13, 17, 18], "neighbors": [17, 6, 2, 0, 16, 23, 10, 21, 9, 3, 14, 4, 12, 8, 13, 15, 22, 20]}]}