{"volumes": [0, 0, 187, 0, 0, 768, 0, 0, 1727, 0, 1513, 1819, 1188, 1151, 1330, 0, 948, 293, 0, 250, 0, 323, 3366, 854, 0], "conflicts": [[0, 1], [0, 3], [0, 6], [0, 7], [0, 8], [0, 11], [0, 13], [0, 14], [0, 16], [0, 20], [0, 21], [0, 22], [1, 4], [1, 6], [1, 8], [1, 10], [1, 15], [1, 16], [1, 18], [1, 21], [2, 6], [2, 7], [2, 17], [3, 12], [3, 13], [3, 17], [3, 18], [3, 20], [3, 22], [4, 5], [4, 6], [4, 7], [4, 9], [4, 10], [4, 13], [4, 14], [4, 21], [4, 23], [5, 9], [5, 15], [5, 18], [5, 20], [6, 7], [6, 9], [6, 10], [6, 12], [6, 13], [6, 14], [6, 16], [6, 21], [6, 22], [6, 23], [7, 9], [7, 10], [7, 11], [7, 15], [7, 17], [7, 22], [7, 24], [8, 15], [8, 18], [8, 20], [8, 24], [9, 10], [9, 12], [9, 16], [9, 17], [9, 20], [9, 22], [9, 23], [9, 24], [10, 18], [10, 20], [11, 20], [13, 15], [13, 20], [13, 24], [14, 18], [14, 20], [15, 16], [15, 21], [16, 18], [16, 24], [17, 18], [17, 19], [17, 23], [17, 24], [19, 24], [20, 21], [20, 23], [21, 24], [22, 24]], "tanks": [{"capacity": 771, "impossibleCargos": [1, 6, 8, 19, 23, 24], "neighbors": [3, 7, 15, 9, 10, 12, 5, 17, 19, 20, 1, 2, 14, 6, 23, 18, 11]}, {"capacity": 860, "impossibleCargos": [2, 8, 9, 12, 13, 14, 17, 21, 23], "neighbors": [11, 16, 17, 20, 15, 6, 4, 3, 5, 22, 2, 0, 9, 12, 7, 8, 21, 10, 18]}, {"capacity": 895, "impossibleCargos": [7, 9, 12, 13, 14, 16, 18, 22], "neighbors": [18, 8, 16, 22, 19, 20, 7, 13, 1, 12, 5, 6, 21, 0, 9, 23, 24, 15, 17]}, {"capacity": 519, "impossibleCargos": [3, 4, 6, 9, 14, 19, 24], "neighbors": [7, 0, 4, 24, 16, 12, 11, 6, 8, 22, 1, 9, 15, 10, 17]}, {"capacity": 569, "impossibleCargos": [2, 8, 16, 18, 20], "neighbors": [3, 6, 21, 5, 23, 15, 1, 11, 16, 19, 7, 24, 8, 18]}, {"capacity": 293, "impossibleCargos": [12, 13, 17, 20], "neighbors": [4, 13, 0, 20, 8, 1, 9, 22, 24, 17, 15, 2, 16, 7, 10, 11, 6, 12]}, {"capacity": 521, "impossibleCargos": [0, 2, 3, 7, 8, 9, 11, 19, 23], "neighbors": [8, 4, 7, 3, 14, 17, 1, 22, 12, 18, 15, 2, 19, 16, 13, 5, 21, 0, 23, 10]}, {"capacity": 790, "impossibleCargos": [0, 2, 4, 10], "neighbors": [3, 0, 21, 23, 6, 14, 24, 12, 19, 2, 16, 10, 4, 18, 20, 11, 1, 5, 15, 8]}, {"capacity": 970, "impossibleCargos": [2, 5, 6, 11, 14, 15, 16, 18, 19, 20, 23], "neighbors": [6, 2, 13, 23, 5, 3, 14, 16, 21, 10, 20, 19, 1, 17, 7, 24, 9, 4, 22]}, {"capacity": 206, "impossibleCargos": [13, 24], "neighbors": [12, 10, 14, 0, 23, 16, 22, 5, 1, 21, 3, 19, 24, 18, 2, 13, 8]}, {"capacity": 349, "impossibleCargos": [1, 5, 11, 13, 17, 18], "neighbors": [13, 14, 9, 18, 16, 0, 11, 7, 15, 17, 8, 21, 20, 22, 5, 3, 1, 12, 6]}, {"capacity": 299, "impossibleCargos": [3, 8, 10], "neighbors": [1, 22, 3, 21, 18, 12, 20, 10, 4, 19, 24, 7, 17, 13, 15, 5, 0, 16]}, {"capacity": 544, "impossibleCargos": [3, 8, 10, 15, 19, 21], "neighbors": [9, 3, 23, 11, 7, 0, 17, 21, 13, 14, 24, 2, 1, 6, 18, 22, 5, 20, 10]}, {"capacity": 814, "impossibleCargos": [6, 7, 8, 11, 13, 19, 21], "neighbors": [10, 23, 24, 8, 21, 5, 17, 12, 2, 16, 20, 18, 11, 9, 6, 19]}, {"capacity": 274, "impossibleCargos": [2, 3, 5, 6, 13, 16, 21, 24], "neighbors": [10, 15, 9, 7, 24, 6, 8, 17, 12, 23, 20, 16, 18, 22, 0, 19]}, {"capacity": 901, "impossibleCargos": [2, 3, 5, 6, 12, 14, 18, 20], "neighbors": [23, 22, 0, 14, 20, 18, 1, 4, 10, 5, 24, 6, 3, 7, 11, 17, 2]}, {"capacity": 732, "impossibleCargos": [0, 1, 2, 4, 5, 6, 7, 13, 17, 23], "neighbors": [3, 2, 1, 10, 24, 22, 17, 9, 7, 8, 4, 21, 13, 23, 18, 14, 5, 6, 20, 19, 11]}, {"capacity": 970, "impossibleCargos": [0, 3, 4, 6, 7, 11, 13, 15, 20, 22, 23], "neighbors": [1, 18, 13, 12, 6, 24, 14, 23, 16, 0, 20, 22, 19, 10, 5, 11, 21, 8, 15, 3, 2]}, {"capacity": 958, "impossibleCargos": [0, 5, 19, 20, 23], "neighbors": [2, 24, 20, 10, 15, 11, 17, 23, 19, 22, 7, 6, 16, 13, 21, 14, 12, 9, 1, 0, 4]}, {"capacity": 951, "impossibleCargos": [2, 4, 7, 12], "neighbors": [2, 7, 0, 11, 18, 17, 4, 21, 22, 8, 9, 6, 13, 16, 14]}, {"capacity": 822, "impossibleCargos": [1, 6, 11, 16, 17, 19], "neighbors": [18, 21, 15, 2, 1, 11, 5, 17, 0, 8, 7, 10, 14, 13, 22, 23, 16, 12]}, {"capacity": 954, "impossibleCargos": [1, 3, 8, 9, 13, 14, 20], "neighbors": [7, 13, 4, 11, 24, 20, 23, 22, 12, 8, 16, 19, 10, 9, 18, 2, 17, 1, 6]}, {"capacity": 833, "impossibleCargos": [1, 3, 7, 14, 17], "neighbors": [15, 11, 2, 21, 16, 6, 3, 17, 1, 9, 5, 18, 19, 20, 10, 12, 14, 23, 8]}, {"capacity": 859, "impossibleCargos": [4, 8, 17, 18, 20, 22], "neighbors": [13, 15, 12, 7, 8, 18, 21, 4, 17, 9, 14, 16, 2, 22, 20, 6, 0]}, {"capacity": 692, "impossibleCargos": [0, 1, 3, 9, 14], "neighbors": [3, 13, 18, 21, 7, 16, 14, 17, 11, 12, 5, 15, 4, 9, 8, 2]}]}