{"volumes": [1645, 821, 0, 884, 1797, 485, 570, 0, 0, 0, 0, 1783, 532, 0, 807, 0, 0, 530, 1250, 0, 287, 1120, 633, 0, 1423], "conflicts": [[0, 2], [0, 8], [0, 10], [0, 15], [0, 16], [0, 19], [0, 23], [1, 7], [1, 8], [1, 9], [1, 10], [1, 15], [1, 16], [1, 19], [2, 3], [2, 4], [2, 5], [2, 6], [2, 7], [2, 9], [2, 11], [2, 12], [2, 13], [2, 15], [2, 16], [2, 18], [2, 19], [2, 20], [2, 22], [2, 23], [2, 24], [3, 7], [3, 8], [3, 9], [3, 13], [3, 16], [3, 17], [3, 19], [3, 23], [3, 24], [4, 7], [4, 8], [4, 9], [4, 10], [4, 13], [4, 16], [4, 19], [4, 23], [5, 9], [5, 10], [5, 13], [5, 15], [5, 19], [5, 23], [6, 7], [6, 8], [6, 10], [6, 13], [6, 15], [6, 16], [6, 24], [7, 8], [7, 9], [7, 10], [7, 12], [7, 13], [7, 15], [7, 16], [7, 17], [7, 18], [7, 19], [7, 20], [7, 23], [7, 24], [8, 9], [8, 12], [8, 14], [8, 15], [8, 17], [8, 18], [8, 19], [8, 20], [8, 22], [8, 23], [8, 24], [9, 10], [9, 11], [9, 13], [9, 14], [9, 15], [9, 16], [9, 18], [9, 19], [9, 22], [9, 23], [9, 24], [10, 11], [10, 12], [10, 14], [10, 15], [10, 16], [10, 17], [10, 18], [10, 19], [10, 21], [10, 22], [10, 23], [11, 13], [11, 15], [11, 16], [12, 13], [12, 15], [12, 19], [13, 14], [13, 15], [13, 17], [13, 19], [13, 20], [13, 21], [13, 23], [13, 24], [14, 16], [14, 23], [15, 16], [15, 17], [15, 18], [15, 20], [15, 21], [15, 22], [15, 24], [16, 18], [16, 19], [16, 20], [16, 21], [16, 22], [16, 23], [16, 24], [17, 19], [17, 22], [18, 19], [19, 20], [19, 21], [19, 22], [19, 23], [19, 24], [20, 23], [21, 22], [21, 23], [22, 23], [23, 24]], "tanks": [{"capacity": 700, "impossibleCargos": [0, 3, 18], "neighbors": [14, 20, 15, 9, 22, 6, 16, 4, 1, 10, 7, 3, 18, 11, 12, 5, 21, 2, 13]}, {"capacity": 885, "impossibleCargos": [3, 6, 8, 9, 10, 13, 15, 16, 18], "neighbors": [14, 2, 22, 17, 6, 7, 3, 0, 4, 23, 21, 12, 18, 5, 15, 13, 19]}, {"capacity": 441, "impossibleCargos": [0, 9, 18, 19, 23], "neighbors": [13, 19, 1, 10, 21, 23, 7, 5, 17, 20, 12, 4, 6, 3, 24, 0, 22, 9, 18]}, {"capacity": 793, "impossibleCargos": [2, 6, 8, 10, 11, 12, 20], "neighbors": [14, 9, 7, 11, 13, 19, 24, 1, 17, 5, 0, 12, 18, 10, 8, 2, 21, 6]}, {"capacity": 569, "impossibleCargos": [0, 2, 15, 18], "neighbors": [13, 9, 19, 23, 18, 12, 21, 7, 17, 5, 22, 0, 8, 10, 1, 20, 2, 11]}, {"capacity": 767, "impossibleCargos": [0, 1, 5, 6, 7, 10, 11, 17, 20], "neighbors": [11, 8, 16, 13, 2, 4, 3, 6, 24, 0, 19, 9, 7, 20, 18, 1, 21, 22, 12, 14]}, {"capacity": 907, "impossibleCargos": [0, 15, 17, 19, 21, 24], "neighbors": [23, 13, 17, 24, 16, 1, 22, 20, 0, 15, 9, 5, 10, 2, 21, 12, 3, 7]}, {"capacity": 219, "impossibleCargos": [6, 10, 12, 14, 24], "neighbors": [19, 12, 3, 13, 16, 2, 4, 23, 1, 14, 0, 24, 11, 18, 9, 20, 5, 17, 10, 6]}, {"capacity": 711, "impossibleCargos": [0, 3, 9, 12, 14, 15, 19, 23], "neighbors": [14, 5, 15, 11, 22, 13, 12, 17, 4, 19, 3, 10]}, {"capacity": 391, "impossibleCargos": [3, 7, 12, 14, 20], "neighbors": [15, 22, 4, 3, 14, 13, 12, 11, 0, 20, 21, 6, 7, 17, 5, 2, 16, 24, 10]}, {"capacity": 889, "impossibleCargos": [1, 2, 13, 16, 17, 19, 23, 24], "neighbors": [19, 21, 13, 23, 2, 18, 20, 17, 0, 4, 16, 15, 6, 3, 12, 11, 7, 8, 24, 9]}, {"capacity": 914, "impossibleCargos": [4, 7, 12, 13, 19, 20], "neighbors": [5, 24, 16, 8, 3, 9, 17, 13, 20, 15, 7, 0, 19, 10, 22, 4, 14]}, {"capacity": 311, "impossibleCargos": [4, 7, 8, 16, 18, 22, 23], "neighbors": [23, 19, 22, 7, 13, 9, 4, 24, 18, 8, 17, 3, 0, 2, 6, 20, 15, 10, 1, 14, 5]}, {"capacity": 446, "impossibleCargos": [8, 10, 11, 14, 16, 17], "neighbors": [22, 4, 2, 6, 18, 15, 24, 10, 12, 7, 9, 3, 5, 8, 11, 23, 0, 1, 14, 21]}, {"capacity": 904, "impossibleCargos": [0, 3, 8, 9, 10, 13], "neighbors": [8, 1, 3, 0, 16, 9, 19, 18, 23, 17, 15, 7, 21, 12, 13, 5, 11]}, {"capacity": 695, "impossibleCargos": [0, 8, 12, 14, 15, 16, 19], "neighbors": [22, 9, 13, 8, 0, 19, 18, 6, 11, 14, 10, 24, 17, 21, 12, 1]}, {"capacity": 967, "impossibleCargos": [1, 15, 18], "neighbors": [23, 19, 11, 14, 5, 24, 6, 7, 17, 0, 18, 20, 10, 21, 9, 22]}, {"capacity": 301, "impossibleCargos": [4, 9, 16, 17, 21, 22], "neighbors": [18, 6, 1, 16, 11, 2, 4, 12, 14, 20, 8, 10, 3, 22, 24, 15, 9, 21, 7, 23, 19]}, {"capacity": 579, "impossibleCargos": [7, 8, 10, 11, 14, 16, 17, 19, 22], "neighbors": [17, 13, 4, 20, 23, 15, 22, 12, 10, 14, 16, 0, 3, 7, 21, 19, 5, 1, 2]}, {"capacity": 489, "impossibleCargos": [3, 4, 6, 10, 16, 19, 23], "neighbors": [20, 7, 16, 12, 2, 10, 4, 14, 3, 15, 24, 8, 5, 22, 11, 21, 18, 1, 17]}, {"capacity": 609, "impossibleCargos": [5, 10, 24], "neighbors": [19, 21, 0, 18, 9, 6, 2, 17, 11, 10, 16, 24, 4, 7, 12, 5]}, {"capacity": 841, "impossibleCargos": [3, 4, 13, 14, 17, 24], "neighbors": [10, 23, 20, 2, 4, 9, 1, 6, 17, 15, 0, 22, 18, 19, 3, 16, 14, 5, 13]}, {"capacity": 583, "impossibleCargos": [0, 1, 3, 4, 8, 14, 15], "neighbors": [15, 13, 9, 23, 12, 1, 8, 6, 18, 0, 4, 17, 21, 19, 2, 11, 16, 5]}, {"capacity": 495, "impossibleCargos": [4, 9, 22], "neighbors": [6, 16, 12, 22, 21, 10, 4, 2, 18, 7, 14, 1, 13, 24, 17]}, {"capacity": 606, "impossibleCargos": [15], "neighbors": [11, 13, 6, 16, 12, 3, 19, 7, 17, 20, 15, 5, 23, 2, 9, 10]}]}