{"volumes": [0, 0, 0, 436, 347, 0, 0, 688, 0, 1496, 0, 1614, 824, 0, 470, 2597, 0, 0, 1260, 258, 0, 915, 754, 1942, 0], "conflicts": [[0, 6], [0, 8], [0, 10], [0, 12], [0, 14], [0, 18], [0, 21], [1, 10], [1, 13], [1, 16], [1, 17], [1, 18], [1, 21], [1, 24], [2, 5], [2, 9], [2, 10], [2, 15], [2, 19], [2, 20], [2, 21], [3, 6], [3, 10], [3, 13], [3, 24], [4, 10], [4, 16], [4, 17], [4, 20], [5, 13], [5, 23], [6, 13], [6, 16], [6, 20], [6, 21], [7, 8], [7, 24], [8, 12], [8, 14], [8, 15], [10, 13], [10, 15], [11, 17], [12, 16], [12, 17], [12, 24], [13, 16], [13, 19], [13, 21], [14, 16], [15, 16], [16, 17], [16, 19], [16, 22], [17, 20], [18, 20], [22, 24], [23, 24]], "tanks": [{"capacity": 721, "impossibleCargos": [1, 2, 4, 5, 7, 9, 10, 12, 14, 16, 17, 19, 20, 21, 22, 24], "neighbors": [7, 11, 17, 9, 16, 20, 21, 18, 8, 2, 22, 24, 23, 6, 3]}, {"capacity": 719, "impossibleCargos": [0, 1, 2, 3, 4, 7, 10, 11, 13, 14, 15, 17, 19, 20, 21, 22, 23, 24], "neighbors": [11, 16, 6, 18, 20, 7, 17, 5, 12, 21, 9, 24, 2, 4, 14, 8, 15, 10, 22]}, {"capacity": 959, "impossibleCargos": [1, 3, 4, 6, 8, 9, 12, 14, 15, 16, 19, 21, 22, 23, 24], "neighbors": [21, 19, 11, 6, 13, 24, 8, 7, 1, 14, 23, 3, 9, 0, 16, 4, 5]}, {"capacity": 349, "impossibleCargos": [1, 2, 3, 5, 6, 9, 10, 11, 12, 14, 15, 16, 17, 18, 20, 21, 22, 23, 24], "neighbors": [8, 21, 11, 13, 6, 23, 18, 16, 5, 15, 4, 14, 17, 22, 19, 2, 9, 10, 20, 0, 24]}, {"capacity": 505, "impossibleCargos": [1, 3, 4, 6, 8, 9, 10, 11, 12, 13, 15, 16, 21, 22, 23, 24], "neighbors": [17, 19, 6, 12, 3, 8, 9, 5, 23, 13, 20, 1, 24, 22, 11, 2, 18, 21]}, {"capacity": 694, "impossibleCargos": [0, 2, 4, 5, 6, 7, 8, 9, 12, 13, 15, 16, 18, 19, 20, 21, 22, 24], "neighbors": [11, 16, 23, 21, 20, 7, 3, 1, 24, 18, 12, 4, 15, 8, 22, 10, 2]}, {"capacity": 271, "impossibleCargos": [0, 2, 3, 4, 5, 6, 8, 10, 11, 13, 14, 15, 17, 18, 19, 20, 22, 23, 24], "neighbors": [1, 16, 18, 2, 3, 14, 4, 20, 17, 8, 11, 0, 9, 19, 13, 24]}, {"capacity": 437, "impossibleCargos": [0, 1, 4, 6, 7, 9, 13, 14, 15, 16, 17, 18, 19, 20, 21, 22, 24], "neighbors": [0, 5, 20, 16, 1, 15, 22, 2, 9, 17, 21, 23, 13, 24, 8, 12, 18, 19, 10]}, {"capacity": 839, "impossibleCargos": [0, 2, 4, 5, 6, 7, 10, 11, 16, 19, 20, 21, 23, 24], "neighbors": [3, 10, 18, 23, 15, 13, 21, 6, 2, 4, 24, 11, 0, 12, 1, 22, 20, 7, 19, 5, 16, 17]}, {"capacity": 888, "impossibleCargos": [0, 1, 2, 3, 6, 7, 8, 9, 12, 14, 16, 18, 19, 20, 22, 23, 24], "neighbors": [0, 23, 1, 12, 4, 11, 7, 24, 13, 2, 15, 20, 21, 22, 6, 3]}, {"capacity": 873, "impossibleCargos": [0, 1, 2, 3, 4, 5, 6, 7, 9, 10, 11, 12, 17, 19, 20, 21, 23], "neighbors": [24, 8, 14, 22, 18, 20, 19, 21, 16, 12, 1, 3, 5, 23, 7, 17]}, {"capacity": 239, "impossibleCargos": [0, 1, 2, 3, 4, 5, 6, 7, 8, 10, 11, 12, 13, 14, 16, 17, 18, 19, 20, 21, 22, 24], "neighbors": [5, 1, 12, 2, 3, 0, 19, 13, 18, 20, 23, 9, 8, 6, 15, 4, 22]}, {"capacity": 419, "impossibleCargos": [0, 1, 2, 5, 6, 7, 8, 9, 10, 11, 13, 14, 15, 16, 17, 18, 19, 20, 22, 24], "neighbors": [13, 11, 15, 21, 14, 1, 4, 18, 23, 9, 5, 22, 8, 10, 7]}, {"capacity": 697, "impossibleCargos": [0, 1, 2, 4, 5, 7, 9, 10, 12, 13, 14, 15, 16, 17, 18, 19, 20, 23, 24], "neighbors": [17, 12, 3, 21, 8, 11, 20, 2, 24, 15, 14, 4, 9, 23, 7, 18, 16, 19, 6, 22]}, {"capacity": 680, "impossibleCargos": [0, 1, 2, 3, 4, 5, 6, 7, 8, 10, 12, 13, 14, 15, 16, 17, 20, 22, 23, 24], "neighbors": [23, 24, 10, 15, 21, 6, 12, 16, 3, 2, 13, 18, 1]}, {"capacity": 832, "impossibleCargos": [0, 2, 4, 5, 6, 7, 8, 9, 10, 11, 13, 16, 17, 19, 20, 21, 23], "neighbors": [14, 12, 8, 7, 3, 17, 23, 13, 20, 5, 19, 21, 9, 1, 11, 18]}, {"capacity": 671, "impossibleCargos": [1, 2, 3, 4, 7, 10, 12, 13, 14, 15, 16, 18, 19, 20, 21, 22, 23], "neighbors": [1, 6, 5, 21, 7, 3, 0, 17, 14, 24, 19, 18, 10, 2, 13, 8, 22]}, {"capacity": 279, "impossibleCargos": [0, 1, 2, 4, 6, 7, 8, 10, 12, 13, 15, 17, 18, 20, 22, 24], "neighbors": [13, 4, 22, 18, 0, 24, 21, 1, 6, 16, 15, 3, 19, 7, 23, 8, 10, 20]}, {"capacity": 670, "impossibleCargos": [0, 1, 3, 6, 7, 8, 9, 10, 13, 14, 15, 16, 19, 20, 21, 22, 24], "neighbors": [8, 21, 1, 17, 10, 6, 19, 3, 11, 12, 5, 24, 20, 22, 0, 16, 14, 13, 15, 7, 4]}, {"capacity": 714, "impossibleCargos": [0, 1, 2, 4, 5, 6, 9, 10, 12, 13, 14, 16, 17, 18, 19, 20, 21, 24], "neighbors": [23, 2, 4, 11, 18, 21, 22, 10, 3, 17, 16, 15, 24, 8, 6, 13, 20, 7]}, {"capacity": 970, "impossibleCargos": [1, 2, 3, 4, 5, 7, 8, 10, 11, 12, 13, 14, 16, 17, 19, 20, 21, 22], "neighbors": [1, 5, 7, 13, 6, 10, 11, 18, 0, 15, 4, 8, 9, 22, 24, 19, 3, 17]}, {"capacity": 488, "impossibleCargos": [0, 2, 3, 5, 6, 7, 8, 9, 10, 13, 16, 17, 19, 20, 21, 22, 23, 24], "neighbors": [2, 3, 18, 12, 16, 5, 13, 19, 14, 17, 8, 23, 1, 24, 10, 0, 22, 7, 15, 9, 4]}, {"capacity": 430, "impossibleCargos": [0, 1, 2, 3, 5, 6, 7, 8, 9, 10, 11, 12, 13, 14, 15, 16, 17, 18, 20, 21, 23, 24], "neighbors": [17, 10, 24, 7, 23, 19, 3, 18, 12, 21, 8, 4, 0, 9, 20, 5, 1, 11, 13, 16]}, {"capacity": 208, "impossibleCargos": [0, 1, 4, 5, 6, 8, 10, 11, 12, 14, 17, 19, 20, 22, 24], "neighbors": [14, 19, 8, 5, 3, 9, 21, 22, 12, 15, 11, 2, 4, 17, 13, 7, 0, 24, 10]}, {"capacity": 351, "impossibleCargos": [0, 1, 2, 3, 4, 5, 6, 7, 8, 9, 12, 13, 14, 15, 16, 18, 19, 20, 21, 23, 24], "neighbors": [10, 14, 22, 17, 2, 5, 21, 16, 1, 18, 13, 8, 9, 4, 7, 19, 0, 23, 20, 6, 3]}]}