{"volumes": [456, 2176, 1650, 0, 665, 0, 606, 0, 0, 0, 875, 0, 0, 891, 0, 1472, 991, 615, 0, 910, 0, 0, 1483, 919, 0], "conflicts": [[0, 20], [0, 21], [1, 3], [1, 9], [1, 11], [1, 14], [2, 5], [2, 7], [2, 12], [3, 4], [3, 6], [3, 8], [3, 9], [3, 14], [3, 15], [3, 22], [3, 24], [4, 9], [4, 24], [5, 7], [5, 19], [5, 20], [6, 8], [6, 11], [6, 19], [6, 20], [7, 12], [7, 17], [7, 22], [7, 23], [7, 24], [8, 9], [8, 10], [8, 12], [8, 24], [9, 11], [9, 13], [9, 18], [9, 22], [9, 23], [9, 24], [10, 24], [11, 13], [11, 16], [11, 17], [11, 19], [11, 20], [11, 24], [12, 19], [12, 20], [12, 23], [12, 24], [13, 21], [13, 24], [14, 16], [14, 18], [15, 20], [15, 21], [18, 19], [18, 20]], "tanks": [{"capacity": 428, "impossibleCargos": [0, 2, 3, 4, 5, 7, 8, 9, 10, 11, 12, 13, 14, 16, 20, 21, 22, 23, 24], "neighbors": [24, 16, 21, 2, 11, 22, 8, 7, 20, 5, 18, 1, 4, 12, 14, 10, 3]}, {"capacity": 630, "impossibleCargos": [0, 1, 3, 5, 7, 8, 9, 11, 12, 15, 17, 18, 21, 23, 24], "neighbors": [18, 9, 16, 3, 14, 6, 11, 22, 2, 12, 0, 7, 13, 21]}, {"capacity": 994, "impossibleCargos": [0, 2, 3, 4, 5, 6, 7, 8, 9, 10, 11, 12, 13, 14, 16, 17, 18, 19, 20, 21, 23, 24], "neighbors": [6, 4, 24, 0, 13, 22, 7, 16, 21, 1, 17, 14, 19, 12, 10, 23, 8, 15, 11]}, {"capacity": 767, "impossibleCargos": [1, 2, 3, 5, 6, 7, 8, 9, 10, 11, 12, 13, 14, 16, 20, 21, 22, 23, 24], "neighbors": [16, 11, 24, 17, 18, 1, 15, 4, 12, 23, 5, 22, 9, 8, 20, 7, 0, 13, 19]}, {"capacity": 558, "impossibleCargos": [0, 2, 3, 4, 5, 6, 8, 9, 10, 11, 12, 13, 14, 15, 16, 17, 18, 19, 21, 22, 23, 24], "neighbors": [23, 2, 17, 3, 16, 5, 21, 11, 18, 13, 24, 8, 10, 20, 0, 15, 7, 6, 14]}, {"capacity": 853, "impossibleCargos": [0, 1, 3, 4, 5, 6, 7, 8, 9, 10, 11, 13, 14, 16, 17, 20, 21, 23, 24], "neighbors": [23, 8, 18, 7, 14, 21, 6, 20, 13, 24, 15, 4, 0, 3, 12, 16]}, {"capacity": 348, "impossibleCargos": [1, 2, 4, 6, 8, 9, 10, 11, 13, 14, 15, 16, 17, 19, 20, 21, 22], "neighbors": [2, 23, 14, 7, 16, 5, 12, 22, 19, 1, 20, 17, 9, 4, 11, 21]}, {"capacity": 888, "impossibleCargos": [0, 1, 2, 3, 4, 5, 11, 12, 13, 16, 17, 18, 19, 20, 21, 22, 23, 24], "neighbors": [5, 6, 20, 2, 13, 14, 21, 11, 15, 8, 0, 12, 24, 23, 3, 16, 4, 1, 17, 10, 18]}, {"capacity": 490, "impossibleCargos": [1, 2, 3, 4, 5, 7, 9, 10, 11, 14, 15, 16, 17, 18, 19, 20, 21, 22, 24], "neighbors": [14, 5, 18, 21, 23, 12, 7, 0, 11, 22, 4, 17, 24, 10, 19, 3, 20, 9, 2, 15, 13]}, {"capacity": 657, "impossibleCargos": [0, 2, 3, 4, 7, 8, 10, 12, 14, 16, 18, 20, 21, 22, 23, 24], "neighbors": [19, 20, 1, 13, 12, 23, 14, 18, 22, 3, 11, 15, 6, 8, 24, 17, 10]}, {"capacity": 415, "impossibleCargos": [0, 1, 2, 5, 6, 7, 8, 10, 11, 12, 13, 15, 16, 17, 18, 20, 22, 23], "neighbors": [20, 22, 13, 23, 11, 18, 16, 14, 24, 19, 12, 4, 8, 2, 0, 7, 17, 9]}, {"capacity": 461, "impossibleCargos": [0, 1, 2, 3, 4, 6, 7, 8, 9, 10, 11, 12, 14, 15, 16, 18, 19, 24], "neighbors": [22, 3, 16, 0, 18, 10, 19, 15, 7, 23, 1, 4, 8, 21, 12, 9, 17, 20, 6, 13, 2]}, {"capacity": 638, "impossibleCargos": [1, 2, 4, 5, 6, 8, 9, 10, 11, 12, 13, 14, 17, 19, 21, 22, 24], "neighbors": [21, 23, 6, 18, 9, 16, 22, 8, 3, 7, 10, 11, 1, 2, 24, 13, 5, 0, 19, 17]}, {"capacity": 851, "impossibleCargos": [0, 3, 4, 5, 6, 7, 8, 10, 12, 13, 14, 15, 16, 17, 19, 20, 21, 22, 24], "neighbors": [21, 10, 9, 2, 5, 22, 7, 4, 20, 12, 19, 15, 1, 8, 3, 11]}, {"capacity": 859, "impossibleCargos": [1, 3, 4, 5, 6, 7, 8, 10, 11, 13, 14, 15, 16, 17, 18, 19, 21, 22, 23], "neighbors": [17, 8, 6, 21, 5, 15, 23, 1, 7, 10, 19, 9, 16, 2, 22, 0, 24, 18, 4]}, {"capacity": 426, "impossibleCargos": [0, 1, 2, 3, 4, 5, 6, 7, 8, 9, 10, 12, 13, 14, 15, 17, 18, 20, 21, 22, 24], "neighbors": [22, 23, 14, 19, 11, 21, 3, 7, 17, 5, 24, 16, 9, 4, 18, 13, 8, 2]}, {"capacity": 294, "impossibleCargos": [3, 5, 6, 8, 9, 10, 11, 14, 16, 17, 19, 20, 21, 22, 23], "neighbors": [0, 3, 11, 1, 6, 24, 19, 22, 2, 10, 12, 4, 14, 17, 15, 5, 7]}, {"capacity": 425, "impossibleCargos": [2, 3, 4, 5, 6, 7, 8, 9, 10, 11, 12, 14, 15, 16, 17, 18, 19, 20, 21, 22, 23, 24], "neighbors": [18, 14, 20, 3, 4, 15, 24, 23, 6, 2, 16, 8, 7, 11, 10, 9, 12, 22]}, {"capacity": 649, "impossibleCargos": [0, 1, 3, 4, 5, 7, 8, 9, 10, 12, 14, 15, 16, 17, 18, 19, 20, 21, 22, 24], "neighbors": [17, 1, 5, 3, 11, 8, 12, 10, 21, 24, 9, 4, 0, 23, 22, 15, 14, 7]}, {"capacity": 960, "impossibleCargos": [0, 1, 2, 3, 4, 5, 6, 7, 9, 10, 12, 13, 15, 16, 17, 18, 20, 21, 22, 23, 24], "neighbors": [9, 21, 15, 11, 16, 6, 22, 23, 14, 10, 2, 8, 12, 13, 3]}, {"capacity": 674, "impossibleCargos": [0, 1, 2, 3, 4, 5, 7, 8, 9, 10, 11, 12, 15, 16, 17, 18, 19, 20, 21, 22, 23, 24], "neighbors": [10, 9, 17, 7, 5, 23, 22, 6, 0, 13, 4, 3, 8, 11, 24]}, {"capacity": 391, "impossibleCargos": [0, 1, 2, 3, 7, 9, 10, 12, 13, 16, 17, 19, 21, 22, 24], "neighbors": [0, 13, 19, 12, 14, 5, 15, 24, 8, 7, 18, 2, 4, 11, 22, 1, 6]}, {"capacity": 503, "impossibleCargos": [0, 3, 4, 5, 8, 9, 10, 12, 14, 15, 16, 18, 19, 20, 22, 23], "neighbors": [11, 15, 10, 13, 2, 6, 0, 16, 19, 12, 20, 1, 8, 9, 3, 14, 18, 21, 24, 23, 17]}, {"capacity": 751, "impossibleCargos": [0, 4, 6, 7, 8, 10, 11, 14, 15, 16, 17, 18, 20, 21, 23, 24], "neighbors": [4, 5, 15, 6, 12, 10, 14, 20, 19, 8, 24, 11, 9, 17, 3, 7, 18, 22, 2]}, {"capacity": 255, "impossibleCargos": [1, 2, 6, 7, 8, 10, 11, 13, 15, 16, 17, 18, 19, 20, 23, 24], "neighbors": [0, 3, 2, 16, 21, 5, 23, 10, 18, 17, 15, 7, 4, 8, 12, 22, 9, 14, 20]}]}