{"volumes": [0, 0, 0, 847, 0, 543, 0, 0, 1266, 2177, 0, 0, 682, 601, 702, 0, 0, 261, 1101, 879, 1964, 0, 611, 1281, 0], "conflicts": [[0, 1], [0, 2], [0, 3], [0, 4], [0, 5], [0, 7], [0, 9], [0, 12], [0, 14], [0, 18], [0, 22], [0, 24], [1, 2], [1, 4], [1, 5], [1, 7], [1, 10], [1, 13], [1, 14], [1, 15], [1, 16], [1, 18], [1, 20], [1, 21], [1, 22], [1, 23], [1, 24], [2, 4], [2, 7], [2, 9], [2, 13], [2, 14], [2, 16], [2, 17], [2, 18], [2, 20], [2, 21], [2, 22], [2, 24], [3, 7], [3, 10], [3, 21], [3, 24], [4, 6], [4, 7], [4, 8], [4, 10], [4, 12], [4, 13], [4, 15], [4, 16], [4, 18], [4, 20], [4, 21], [4, 22], [4, 24], [5, 24], [6, 7], [6, 8], [6, 9], [6, 10], [6, 11], [6, 13], [6, 14], [6, 15], [6, 19], [6, 21], [6, 24], [7, 8], [7, 12], [7, 13], [7, 14], [7, 15], [7, 17], [7, 19], [7, 20], [7, 21], [7, 22], [7, 23], [7, 24], [8, 10], [8, 11], [8, 21], [8, 24], [9, 10], [9, 16], [10, 14], [10, 15], [10, 16], [10, 22], [11, 12], [11, 13], [11, 14], [11, 15], [11, 22], [11, 23], [12, 15], [12, 16], [12, 17], [12, 21], [12, 24], [13, 24], [14, 21], [14, 24], [15, 16], [15, 18], [15, 19], [15, 20], [15, 21], [15, 22], [15, 23], [15, 24], [16, 19], [16, 20], [16, 23], [16, 24], [17, 19], [17, 21], [17, 24], [18, 21], [18, 24], [21, 23], [22, 24]], "tanks": [{"capacity": 249, "impossibleCargos": [1, 4, 6, 7, 10, 11, 12, 14, 16, 17, 19, 20, 21, 22, 23, 24], "neighbors": [22, 8, 23, 1, 17, 3, 19, 24, 6, 13, 9, 10, 16, 21, 18, 5, 4, 14, 7, 11]}, {"capacity": 431, "impossibleCargos": [0, 2, 3, 4, 5, 9, 10, 16, 17, 19, 20, 21, 22, 23, 24], "neighbors": [22, 23, 6, 3, 9, 0, 11, 2, 13, 19, 12, 4, 5, 16, 20, 8, 7]}, {"capacity": 953, "impossibleCargos": [0, 2, 3, 4, 5, 6, 7, 10, 11, 12, 13, 14, 15, 16, 18, 19, 20, 21, 23, 24], "neighbors": [4, 5, 19, 17, 13, 18, 15, 1, 12, 8, 24, 21, 20, 6, 11, 7, 3, 16]}, {"capacity": 260, "impossibleCargos": [0, 1, 2, 3, 4, 5, 6, 7, 9, 10, 11, 12, 14, 15, 19, 20, 21, 23, 24], "neighbors": [23, 6, 1, 20, 9, 0, 17, 18, 8, 19, 5, 21, 16, 15, 24, 7, 2, 4, 22]}, {"capacity": 212, "impossibleCargos": [0, 1, 2, 3, 4, 5, 7, 8, 9, 10, 11, 12, 13, 14, 16, 17, 18, 19, 21, 23, 24], "neighbors": [12, 17, 2, 6, 19, 24, 14, 15, 8, 9, 23, 20, 1, 16, 18, 10, 0, 11, 3, 22, 5, 21]}, {"capacity": 881, "impossibleCargos": [0, 1, 2, 3, 4, 6, 7, 8, 9, 10, 11, 12, 13, 15, 16, 17, 18, 22, 23, 24], "neighbors": [17, 20, 2, 13, 7, 18, 12, 23, 21, 3, 9, 8, 19, 1, 15, 11, 0, 14, 4]}, {"capacity": 288, "impossibleCargos": [0, 1, 3, 7, 9, 10, 13, 15, 16, 18, 20, 22, 23, 24], "neighbors": [3, 1, 4, 10, 22, 13, 0, 8, 18, 23, 16, 2, 17, 14, 24, 20, 7]}, {"capacity": 371, "impossibleCargos": [1, 2, 3, 4, 5, 6, 7, 10, 11, 12, 14, 15, 17, 18, 21, 22, 23], "neighbors": [23, 5, 24, 18, 19, 21, 17, 10, 20, 15, 3, 13, 2, 14, 9, 0, 1, 6]}, {"capacity": 836, "impossibleCargos": [0, 1, 4, 6, 7, 8, 9, 10, 11, 12, 13, 14, 15, 16, 18, 19, 20, 24], "neighbors": [0, 10, 22, 13, 4, 21, 6, 3, 9, 2, 24, 11, 5, 16, 18, 1, 14]}, {"capacity": 778, "impossibleCargos": [0, 3, 4, 8, 9, 10, 12, 13, 15, 16, 17, 18, 19, 20, 21, 22, 24], "neighbors": [3, 1, 13, 16, 4, 19, 17, 0, 18, 24, 23, 8, 10, 22, 5, 14, 12, 7, 20]}, {"capacity": 581, "impossibleCargos": [1, 2, 3, 4, 6, 7, 8, 9, 10, 11, 12, 15, 16, 17, 18, 19, 20, 23], "neighbors": [8, 22, 13, 6, 23, 17, 12, 0, 7, 9, 24, 4, 14, 11, 15, 20]}, {"capacity": 212, "impossibleCargos": [0, 1, 2, 4, 5, 6, 7, 8, 9, 10, 11, 12, 15, 16, 17, 18, 19, 20, 21, 22, 23], "neighbors": [14, 17, 1, 15, 23, 19, 8, 12, 2, 18, 5, 4, 10, 21, 13, 0]}, {"capacity": 688, "impossibleCargos": [0, 1, 2, 3, 4, 5, 7, 8, 10, 11, 13, 14, 15, 16, 17, 18, 19, 21, 22, 23, 24], "neighbors": [17, 4, 23, 5, 15, 13, 20, 2, 10, 21, 1, 11, 9, 16, 19, 14]}, {"capacity": 379, "impossibleCargos": [1, 4, 5, 6, 7, 8, 9, 11, 12, 13, 14, 16, 17, 18, 19, 20, 21, 23, 24], "neighbors": [20, 24, 10, 18, 5, 9, 8, 6, 22, 2, 0, 12, 1, 14, 21, 7, 15, 23, 16, 11]}, {"capacity": 773, "impossibleCargos": [0, 1, 3, 4, 5, 6, 7, 8, 9, 10, 11, 12, 13, 14, 15, 16, 17, 19, 21, 22, 23, 24], "neighbors": [22, 4, 11, 20, 18, 15, 13, 17, 9, 16, 10, 7, 6, 23, 24, 5, 0, 12, 21, 8]}, {"capacity": 991, "impossibleCargos": [0, 1, 3, 5, 8, 10, 11, 12, 13, 14, 16, 17, 19, 23, 24], "neighbors": [22, 19, 4, 11, 23, 12, 16, 2, 14, 18, 17, 3, 7, 20, 5, 13, 10]}, {"capacity": 664, "impossibleCargos": [1, 2, 5, 7, 8, 9, 10, 11, 13, 17, 18, 19, 22, 24], "neighbors": [23, 22, 9, 15, 21, 17, 19, 0, 3, 24, 18, 6, 12, 4, 14, 1, 8, 13, 2]}, {"capacity": 989, "impossibleCargos": [2, 4, 5, 8, 10, 11, 12, 16, 17, 18, 19, 20, 21, 22, 24], "neighbors": [12, 4, 5, 11, 0, 2, 3, 9, 16, 7, 22, 19, 10, 23, 24, 14, 15, 6]}, {"capacity": 785, "impossibleCargos": [0, 1, 2, 3, 4, 6, 7, 8, 10, 12, 13, 14, 17, 18, 19, 20, 21, 22, 24], "neighbors": [13, 5, 14, 7, 3, 6, 2, 9, 15, 19, 16, 0, 22, 4, 11, 8]}, {"capacity": 332, "impossibleCargos": [0, 1, 2, 3, 4, 6, 7, 8, 10, 11, 12, 13, 14, 15, 16, 17, 19, 21, 22, 23], "neighbors": [15, 24, 4, 2, 0, 7, 9, 17, 3, 1, 16, 11, 18, 5, 20, 21, 12]}, {"capacity": 742, "impossibleCargos": [1, 2, 4, 5, 6, 7, 9, 10, 11, 12, 13, 14, 15, 17, 18, 19, 21, 22, 24], "neighbors": [13, 3, 5, 21, 14, 22, 12, 23, 4, 2, 7, 19, 15, 6, 1, 9, 10]}, {"capacity": 507, "impossibleCargos": [0, 2, 3, 4, 5, 7, 9, 10, 11, 12, 13, 15, 16, 17, 19, 20, 24], "neighbors": [22, 20, 8, 16, 7, 2, 5, 12, 23, 3, 0, 13, 19, 11, 14, 24, 4]}, {"capacity": 787, "impossibleCargos": [0, 1, 2, 4, 6, 7, 8, 10, 11, 13, 14, 16, 19, 20, 21, 23, 24], "neighbors": [1, 0, 21, 15, 10, 8, 14, 16, 6, 13, 20, 17, 9, 18, 24, 23, 4, 3]}, {"capacity": 372, "impossibleCargos": [0, 1, 2, 3, 7, 8, 9, 11, 12, 14, 15, 16, 20, 21], "neighbors": [16, 3, 0, 1, 7, 12, 24, 15, 10, 6, 4, 9, 5, 20, 17, 11, 21, 22, 14, 13]}, {"capacity": 356, "impossibleCargos": [3, 4, 5, 6, 7, 8, 9, 10, 11, 13, 14, 15, 16, 17, 18, 21, 22, 23, 24], "neighbors": [13, 19, 4, 7, 23, 0, 9, 8, 2, 17, 16, 10, 3, 22, 6, 14, 21]}]}