{"volumes": [404, 806, 243, 0, 0, 234, 2380, 1524, 440, 0, 594, 598, 945, 1105, 359, 0, 0, 857, 627, 1176, 0, 808, 0, 448, 0], "conflicts": [[0, 2], [0, 3], [0, 16], [0, 21], [0, 22], [0, 23], [0, 24], [1, 2], [1, 3], [1, 4], [1, 9], [1, 13], [1, 15], [1, 16], [1, 20], [1, 22], [1, 24], [2, 4], [2, 5], [2, 8], [2, 9], [2, 15], [2, 16], [2, 20], [2, 22], [2, 23], [2, 24], [3, 4], [3, 5], [3, 10], [3, 11], [3, 12], [3, 13], [3, 14], [3, 17], [3, 18], [3, 19], [3, 20], [3, 21], [3, 22], [3, 24], [4, 6], [4, 7], [4, 8], [4, 9], [4, 10], [4, 11], [4, 12], [4, 13], [4, 14], [4, 16], [4, 17], [4, 18], [4, 19], [4, 20], [4, 21], [4, 22], [4, 23], [4, 24], [5, 9], [5, 16], [5, 24], [6, 16], [6, 20], [6, 22], [7, 9], [7, 16], [7, 20], [7, 22], [7, 24], [8, 9], [8, 15], [8, 16], [8, 19], [8, 20], [8, 22], [9, 10], [9, 11], [9, 12], [9, 14], [9, 15], [9, 16], [9, 18], [9, 19], [9, 21], [9, 22], [9, 23], [9, 24], [10, 15], [10, 16], [10, 20], [10, 22], [10, 24], [11, 15], [11, 16], [11, 20], [11, 21], [11, 22], [11, 24], [12, 15], [12, 16], [12, 20], [12, 24], [13, 15], [13, 16], [13, 20], [13, 22], [13, 24], [14, 15], [14, 18], [14, 20], [14, 24], [15, 16], [15, 17], [15, 18], [15, 19], [15, 20], [15, 21], [15, 22], [15, 23], [15, 24], [16, 17], [16, 19], [16, 21], [16, 22], [16, 23], [16, 24], [17, 20], [17, 22], [17, 24], [18, 22], [18, 24], [19, 20], [19, 22], [19, 23], [19, 24], [20, 21], [20, 24], [21, 24], [22, 23], [22, 24]], "tanks": [{"capacity": 646, "impossibleCargos": [0, 1, 2, 3, 4, 6, 8, 9, 12, 13, 14, 15, 16, 17, 18, 21, 22, 24], "neighbors": [17, 7, 6, 9, 5, 11, 10, 12, 24, 23, 14, 13, 19, 1, 22]}, {"capacity": 415, "impossibleCargos": [1, 2, 6, 7, 8, 9, 11, 12, 13, 15, 16, 17, 19, 20, 22, 23, 24], "neighbors": [12, 15, 5, 16, 22, 23, 3, 21, 7, 19, 14, 18, 9, 20, 8, 0, 24]}, {"capacity": 812, "impossibleCargos": [0, 1, 2, 3, 4, 5, 6, 7, 8, 9, 10, 11, 13, 14, 16, 17, 18, 19, 20, 22, 23, 24], "neighbors": [7, 11, 20, 16, 19, 9, 17, 21, 10, 6, 23, 3, 24, 4, 8, 14, 12, 15, 22]}, {"capacity": 368, "impossibleCargos": [3, 4, 5, 8, 9, 10, 11, 12, 13, 15, 17, 18, 19, 20, 21, 22, 23, 24], "neighbors": [20, 22, 23, 9, 19, 8, 11, 5, 24, 21, 4, 12, 6, 1, 17, 2, 14, 10, 7, 16]}, {"capacity": 902, "impossibleCargos": [0, 1, 2, 3, 4, 5, 7, 8, 9, 11, 12, 13, 14, 17, 18, 20, 21, 22, 24], "neighbors": [12, 5, 24, 6, 3, 20, 13, 2, 8, 16, 21, 11, 22, 18]}, {"capacity": 791, "impossibleCargos": [0, 2, 3, 5, 7, 8, 10, 11, 12, 13, 14, 18, 19, 20, 21, 22, 23, 24], "neighbors": [22, 13, 4, 19, 9, 17, 0, 6, 3, 1, 8, 10, 24, 12, 15, 20, 23, 16, 11, 21, 7]}, {"capacity": 527, "impossibleCargos": [0, 1, 2, 3, 5, 6, 7, 8, 9, 10, 13, 14, 15, 16, 17, 18, 19, 20, 21, 23, 24], "neighbors": [21, 23, 0, 16, 5, 4, 15, 7, 8, 3, 19, 20, 2, 9, 14, 22, 18, 24, 10]}, {"capacity": 479, "impossibleCargos": [0, 1, 2, 4, 5, 6, 9, 10, 11, 12, 14, 16, 18, 19, 20, 21, 22, 23], "neighbors": [2, 0, 22, 8, 9, 21, 14, 17, 6, 15, 20, 24, 19, 1, 18, 3, 23, 13, 5]}, {"capacity": 625, "impossibleCargos": [0, 1, 2, 3, 4, 5, 6, 8, 10, 12, 15, 17, 18, 20, 21, 23, 24], "neighbors": [13, 21, 14, 24, 7, 3, 12, 5, 6, 9, 11, 15, 23, 10, 18, 2, 4, 17, 16, 1]}, {"capacity": 246, "impossibleCargos": [1, 2, 3, 4, 6, 8, 9, 10, 11, 14, 15, 16, 17, 18, 19, 20, 21, 22, 23], "neighbors": [3, 0, 5, 21, 12, 7, 20, 23, 15, 2, 8, 6, 24, 10, 19, 1, 16, 14, 18, 22]}, {"capacity": 587, "impossibleCargos": [1, 2, 3, 4, 5, 6, 8, 9, 11, 12, 16, 17, 18, 19, 21, 23, 24], "neighbors": [13, 19, 23, 21, 5, 20, 24, 2, 8, 3, 18, 0, 14, 9, 15, 17, 6, 22]}, {"capacity": 244, "impossibleCargos": [1, 4, 5, 6, 7, 8, 11, 13, 14, 15, 16, 18, 19, 20, 21, 22, 23, 24], "neighbors": [16, 18, 13, 12, 2, 3, 24, 8, 0, 21, 5, 4, 14]}, {"capacity": 207, "impossibleCargos": [1, 2, 3, 6, 7, 8, 9, 10, 11, 12, 13, 15, 18, 19, 20, 21, 22, 23, 24], "neighbors": [4, 11, 1, 9, 8, 22, 3, 5, 17, 18, 0, 20, 15, 2, 14, 24, 16, 19]}, {"capacity": 451, "impossibleCargos": [1, 2, 3, 5, 6, 7, 8, 9, 10, 12, 13, 14, 16, 18, 19, 20, 21, 22, 24], "neighbors": [8, 24, 11, 10, 5, 22, 17, 4, 15, 23, 19, 14, 0, 7]}, {"capacity": 994, "impossibleCargos": [0, 1, 2, 3, 4, 5, 6, 8, 9, 10, 11, 13, 14, 15, 17, 18, 19, 21, 22, 23, 24], "neighbors": [8, 20, 24, 7, 3, 15, 17, 10, 2, 1, 21, 6, 12, 9, 13, 18, 0, 22, 11, 16]}, {"capacity": 696, "impossibleCargos": [0, 3, 4, 5, 6, 7, 8, 9, 11, 12, 13, 14, 15, 16, 17, 19, 20, 21, 22, 23], "neighbors": [16, 1, 17, 23, 9, 6, 5, 7, 8, 24, 22, 19, 21, 14, 13, 12, 2, 10]}, {"capacity": 389, "impossibleCargos": [0, 1, 2, 3, 4, 5, 7, 9, 10, 11, 12, 14, 15, 16, 18, 20, 21, 22, 23, 24], "neighbors": [15, 11, 19, 2, 6, 21, 1, 22, 23, 18, 20, 4, 9, 8, 3, 12, 5, 14]}, {"capacity": 449, "impossibleCargos": [1, 2, 3, 4, 5, 7, 10, 11, 13, 14, 15, 16, 17, 18, 19, 21, 22, 24], "neighbors": [20, 18, 0, 15, 5, 7, 2, 12, 13, 3, 19, 14, 22, 8, 23, 21, 10]}, {"capacity": 970, "impossibleCargos": [0, 2, 3, 4, 9, 10, 11, 13, 14, 15, 16, 17, 18, 19, 20, 21, 23, 24], "neighbors": [11, 17, 22, 19, 12, 24, 10, 8, 1, 7, 16, 23, 6, 14, 9, 4]}, {"capacity": 810, "impossibleCargos": [2, 3, 4, 5, 6, 7, 8, 10, 11, 12, 13, 14, 16, 18, 19, 20, 23, 24], "neighbors": [23, 5, 16, 3, 10, 2, 18, 6, 15, 7, 17, 1, 9, 13, 0, 21, 12]}, {"capacity": 745, "impossibleCargos": [0, 1, 2, 3, 4, 5, 8, 9, 10, 11, 12, 13, 16, 18, 20, 22, 23, 24], "neighbors": [17, 3, 14, 9, 2, 4, 23, 10, 7, 6, 22, 5, 24, 12, 16, 1, 21]}, {"capacity": 632, "impossibleCargos": [0, 1, 3, 4, 5, 7, 8, 9, 11, 13, 14, 15, 16, 17, 18, 19, 21, 22, 23], "neighbors": [8, 6, 9, 7, 3, 10, 16, 23, 2, 15, 24, 1, 14, 20, 11, 4, 17, 5, 19, 22]}, {"capacity": 527, "impossibleCargos": [2, 3, 4, 5, 6, 8, 9, 10, 12, 14, 15, 17, 18, 21, 22], "neighbors": [3, 5, 18, 7, 13, 12, 1, 16, 15, 20, 17, 6, 14, 23, 21, 9, 0, 4, 10, 2]}, {"capacity": 243, "impossibleCargos": [0, 2, 3, 4, 5, 8, 9, 10, 11, 12, 13, 14, 15, 16, 18, 19, 20, 21, 22, 23, 24], "neighbors": [3, 6, 19, 9, 10, 15, 20, 21, 1, 8, 2, 16, 5, 7, 13, 0, 18, 24, 17, 22]}, {"capacity": 961, "impossibleCargos": [0, 2, 3, 4, 5, 6, 7, 8, 9, 10, 11, 13, 15, 16, 19, 20, 21, 22, 23, 24], "neighbors": [13, 8, 4, 14, 3, 11, 5, 7, 10, 15, 18, 21, 20, 9, 2, 0, 12, 23, 6, 1]}]}