{"volumes": [734, 0, 0, 332, 211, 1313, 0, 1048, 696, 293, 0, 0, 0, 1414, 1173, 318, 509, 0, 235, 0, 698, 604, 395, 0, 337], "conflicts": [[0, 3], [0, 5], [1, 2], [1, 5], [1, 7], [1, 8], [1, 13], [1, 16], [1, 24], [2, 4], [2, 20], [2, 24], [3, 5], [3, 6], [3, 16], [3, 17], [4, 11], [4, 16], [4, 20], [4, 22], [5, 12], [5, 22], [6, 13], [6, 15], [6, 20], [6, 22], [7, 14], [7, 15], [7, 17], [7, 23], [8, 16], [8, 17], [8, 19], [8, 22], [9, 19], [9, 21], [10, 14], [10, 20], [11, 13], [11, 22], [12, 13], [12, 18], [12, 19], [12, 21], [13, 18], [14, 16], [14, 17], [14, 21], [14, 23], [15, 18], [15, 19], [15, 21], [16, 23], [17, 24], [18, 22], [19, 21], [21, 22], [21, 23], [22, 23]], "tanks": [{"capacity": 531, "impossibleCargos": [1, 11, 18, 23], "neighbors": [21, 12]}, {"capacity": 520, "impossibleCargos": [5, 16, 18, 20, 21], "neighbors": [10, 17, 2, 11, 12, 16, 7, 18, 4]}, {"capacity": 715, "impossibleCargos": [2, 5, 9, 10, 13, 20, 22, 24], "neighbors": [12, 1, 7]}, {"capacity": 406, "impossibleCargos": [4, 11, 16, 20], "neighbors": [13, 24, 19, 22, 16, 9]}, {"capacity": 538, "impossibleCargos": [0, 2, 4, 6, 8, 9, 10, 11, 24], "neighbors": [22, 15, 24, 19, 12, 14, 1, 16]}, {"capacity": 846, "impossibleCargos": [9, 13, 15, 18], "neighbors": [19, 11, 24, 10, 14, 13]}, {"capacity": 565, "impossibleCargos": [6, 20], "neighbors": [23, 7, 11, 13]}, {"capacity": 568, "impossibleCargos": [1, 2, 3, 4, 5, 7, 15, 21, 22], "neighbors": [6, 15, 2, 19, 1, 20]}, {"capacity": 403, "impossibleCargos": [1, 6, 8, 16, 22, 24], "neighbors": [17, 22, 16, 9, 19]}, {"capacity": 431, "impossibleCargos": [9, 10, 11, 15, 20, 24], "neighbors": [13, 14, 19, 23, 8, 3]}, {"capacity": 470, "impossibleCargos": [5, 7, 10, 14, 16, 17, 24], "neighbors": [1, 12, 5, 23]}, {"capacity": 436, "impossibleCargos": [5, 18, 22, 24], "neighbors": [5, 6, 23, 1, 14, 18]}, {"capacity": 804, "impossibleCargos": [2, 6, 11], "neighbors": [13, 2, 14, 1, 10, 20, 0, 4]}, {"capacity": 816, "impossibleCargos": [1, 2, 3, 4, 15, 18, 21], "neighbors": [9, 12, 16, 3, 6, 18, 20, 24, 5]}, {"capacity": 604, "impossibleCargos": [2, 5, 8, 14, 15, 18, 19], "neighbors": [23, 9, 16, 12, 11, 18, 5, 4]}, {"capacity": 543, "impossibleCargos": [4, 8, 10, 13, 15], "neighbors": [17, 7, 4, 20, 24, 22]}, {"capacity": 215, "impossibleCargos": [5, 6, 11, 12, 14, 16, 18, 22], "neighbors": [20, 19, 13, 24, 14, 22, 1, 17, 8, 21, 3, 4]}, {"capacity": 866, "impossibleCargos": [1, 6, 7, 9, 12, 14, 15, 18], "neighbors": [15, 1, 8, 18, 16]}, {"capacity": 950, "impossibleCargos": [2, 3, 6, 15, 22], "neighbors": [17, 14, 13, 1, 11]}, {"capacity": 285, "impossibleCargos": [7, 8, 10, 13, 15], "neighbors": [5, 16, 9, 7, 3, 4, 8]}, {"capacity": 351, "impossibleCargos": [3, 4, 5, 6, 8, 9, 11, 14, 21, 22], "neighbors": [16, 22, 15, 12, 7, 13]}, {"capacity": 378, "impossibleCargos": [4, 5, 14, 17, 19, 21], "neighbors": [0, 16]}, {"capacity": 850, "impossibleCargos": [4, 7, 12, 17, 18, 21, 24], "neighbors": [20, 4, 16, 8, 3, 15]}, {"capacity": 447, "impossibleCargos": [2, 4, 9, 16, 19], "neighbors": [14, 6, 11, 9, 10]}, {"capacity": 540, "impossibleCargos": [6, 7, 8, 15, 19], "neighbors": [16, 5, 3, 4, 15, 13]}]}