{"volumes": [522, 0, 998, 360, 0, 0, 0, 1419, 0, 1790, 1201, 0, 583, 255, 211, 0, 0, 1609, 1403, 216, 152, 308, 154, 0, 0], "conflicts": [[0, 4], [0, 5], [0, 8], [0, 9], [0, 11], [0, 15], [0, 24], [1, 2], [1, 3], [1, 4], [1, 5], [1, 6], [1, 8], [1, 10], [1, 11], [1, 12], [1, 13], [1, 14], [1, 15], [1, 16], [1, 23], [1, 24], [2, 5], [2, 8], [2, 10], [2, 13], [2, 14], [2, 19], [2, 21], [2, 24], [3, 5], [3, 6], [3, 10], [3, 11], [3, 17], [3, 19], [3, 24], [4, 6], [4, 10], [4, 16], [4, 21], [4, 22], [4, 23], [5, 9], [5, 11], [5, 12], [5, 15], [5, 17], [5, 18], [5, 22], [5, 23], [5, 24], [6, 7], [6, 9], [6, 12], [6, 14], [6, 18], [6, 20], [6, 22], [6, 23], [7, 8], [7, 11], [7, 14], [7, 15], [7, 20], [7, 24], [8, 9], [8, 10], [8, 12], [8, 14], [8, 18], [8, 19], [8, 20], [8, 24], [9, 23], [9, 24], [10, 11], [10, 14], [10, 15], [10, 23], [10, 24], [11, 12], [11, 13], [11, 16], [11, 17], [11, 18], [11, 19], [11, 20], [11, 22], [11, 24], [12, 14], [12, 15], [12, 16], [12, 19], [12, 21], [12, 22], [12, 23], [12, 24], [13, 16], [13, 17], [13, 18], [13, 19], [13, 20], [13, 23], [14, 19], [14, 21], [15, 17], [15, 19], [15, 21], [15, 24], [16, 18], [16, 20], [16, 21], [16, 22], [16, 24], [17, 18], [17, 23], [18, 21], [18, 24], [19, 23], [19, 24], [20, 24], [21, 22], [21, 24], [23, 24]], "tanks": [{"capacity": 690, "impossibleCargos": [0, 3, 5, 6, 9, 11, 14, 20, 23], "neighbors": [20, 5, 4, 13, 7]}, {"capacity": 251, "impossibleCargos": [2, 3, 5, 7, 8, 9, 10, 12, 13, 16, 17, 18, 19, 21, 22], "neighbors": [11, 4, 10, 16, 13, 14]}, {"capacity": 387, "impossibleCargos": [0, 6, 7, 8, 9, 16, 18, 20, 21, 23, 24], "neighbors": [14, 10, 6, 7, 13]}, {"capacity": 912, "impossibleCargos": [0, 1, 3, 6, 10, 11, 12, 13, 14, 15, 16, 18, 20, 22, 24], "neighbors": [20, 9, 22, 24, 14, 16]}, {"capacity": 973, "impossibleCargos": [1, 2, 4, 5, 7, 10, 11, 12, 14, 15, 18, 20, 21, 23, 24], "neighbors": [1, 11, 0, 10, 14, 5, 7, 21, 12]}, {"capacity": 417, "impossibleCargos": [0, 1, 2, 5, 6, 8, 11, 13, 14, 15, 16, 17, 19, 22, 23], "neighbors": [23, 12, 20, 0, 7, 24, 18, 17, 4]}, {"capacity": 827, "impossibleCargos": [0, 2, 3, 4, 5, 6, 10, 11, 14, 16, 19, 21, 22], "neighbors": [20, 2]}, {"capacity": 373, "impossibleCargos": [1, 2, 3, 5, 8, 10, 13, 14, 17, 18, 19, 21, 22, 23], "neighbors": [11, 23, 12, 5, 9, 17, 0, 21, 4, 10, 2]}, {"capacity": 696, "impossibleCargos": [0, 1, 6, 9, 11, 12, 13, 16, 20, 22, 23, 24], "neighbors": [21, 22]}, {"capacity": 588, "impossibleCargos": [0, 3, 6, 8, 9, 10, 11, 14, 19, 20, 22, 23, 24], "neighbors": [16, 7, 3, 21, 20, 13]}, {"capacity": 221, "impossibleCargos": [2, 3, 5, 6, 7, 8, 9, 12, 13, 15, 17, 18, 20, 23, 24], "neighbors": [13, 22, 1, 4, 12, 2, 17, 7]}, {"capacity": 354, "impossibleCargos": [2, 3, 4, 7, 8, 11, 12, 13, 24], "neighbors": [7, 1, 4, 23, 12]}, {"capacity": 975, "impossibleCargos": [0, 3, 9, 13, 16, 17, 18, 19, 21, 22, 23], "neighbors": [5, 7, 21, 10, 18, 11, 4]}, {"capacity": 759, "impossibleCargos": [0, 1, 2, 4, 6, 9, 11, 12, 14, 15, 16, 18, 21, 22, 23], "neighbors": [24, 10, 18, 16, 0, 15, 1, 14, 9, 2]}, {"capacity": 754, "impossibleCargos": [1, 3, 5, 6, 7, 11, 13, 14, 15, 17, 18, 19, 22, 23, 24], "neighbors": [22, 19, 2, 4, 3, 13, 16, 1]}, {"capacity": 311, "impossibleCargos": [3, 5, 7, 9, 11, 12, 13, 17, 18, 19, 21, 24], "neighbors": [22, 17, 13]}, {"capacity": 924, "impossibleCargos": [0, 1, 2, 7, 8, 10, 11, 12, 16, 19, 20, 21], "neighbors": [18, 9, 22, 13, 1, 14, 3]}, {"capacity": 829, "impossibleCargos": [0, 1, 4, 8, 9, 11, 12, 13, 19, 20, 23, 24], "neighbors": [15, 7, 20, 10, 5, 21]}, {"capacity": 587, "impossibleCargos": [0, 1, 2, 8, 11, 12, 13, 14, 15, 18, 19, 20, 23, 24], "neighbors": [16, 13, 5, 19, 12]}, {"capacity": 786, "impossibleCargos": [2, 7, 9, 10, 11, 12, 13, 14, 15, 20, 21, 23], "neighbors": [14, 18]}, {"capacity": 404, "impossibleCargos": [0, 1, 2, 4, 5, 6, 7, 10, 11, 12, 13, 14, 15, 16, 17, 18, 20, 21], "neighbors": [0, 5, 6, 3, 17, 9, 22]}, {"capacity": 473, "impossibleCargos": [0, 4, 5, 6, 7, 8, 10, 11, 12, 16, 20, 21, 22, 23], "neighbors": [8, 12, 24, 9, 7, 17, 4]}, {"capacity": 510, "impossibleCargos": [0, 1, 4, 8, 9, 11, 12, 14, 17, 20, 21, 22, 23], "neighbors": [15, 14, 10, 16, 8, 3, 20]}, {"capacity": 398, "impossibleCargos": [0, 9, 11, 12, 14, 17, 18, 19, 20, 21, 23], "neighbors": [5, 7, 11]}, {"capacity": 523, "impossibleCargos": [0, 1, 3, 4, 12, 13, 17, 19, 20, 22, 24], "neighbors": [13, 5, 21, 3]}]}