{"volumes": [0, 1268, 0, 337, 520, 530, 0, 1273, 274, 857, 0, 0, 926, 585, 251, 0, 555, 463, 1269, 0, 753, 0, 0, 0, 271], "conflicts": [[0, 2], [0, 5], [0, 6], [0, 7], [0, 8], [0, 9], [0, 10], [0, 12], [0, 13], [0, 14], [0, 15], [0, 16], [0, 17], [0, 19], [0, 21], [0, 22], [0, 23], [1, 2], [1, 6], [1, 8], [1, 11], [1, 14], [1, 15], [1, 17], [1, 19], [1, 21], [1, 22], [2, 3], [2, 4], [2, 5], [2, 7], [2, 9], [2, 11], [2, 12], [2, 13], [2, 14], [2, 15], [2, 16], [2, 19], [2, 20], [2, 21], [2, 22], [2, 23], [2, 24], [3, 4], [3, 6], [3, 8], [3, 9], [3, 10], [3, 11], [3, 14], [3, 15], [3, 17], [3, 19], [3, 21], [3, 23], [3, 24], [4, 6], [4, 8], [4, 10], [4, 11], [4, 14], [4, 15], [4, 16], [4, 19], [4, 21], [4, 22], [4, 24], [5, 6], [5, 8], [5, 9], [5, 10], [5, 11], [5, 13], [5, 14], [5, 15], [5, 19], [5, 22], [5, 23], [6, 7], [6, 8], [6, 9], [6, 11], [6, 12], [6, 13], [6, 14], [6, 15], [6, 16], [6, 17], [6, 18], [6, 21], [6, 22], [6, 23], [6, 24], [7, 8], [7, 10], [7, 11], [7, 14], [7, 15], [7, 16], [7, 19], [7, 21], [7, 22], [7, 24], [8, 9], [8, 10], [8, 11], [8, 12], [8, 13], [8, 14], [8, 15], [8, 16], [8, 17], [8, 18], [8, 19], [8, 21], [8, 22], [8, 23], [8, 24], [9, 11], [9, 13], [9, 17], [9, 19], [9, 21], [9, 22], [9, 24], [10, 11], [10, 13], [10, 15], [10, 17], [10, 18], [10, 19], [10, 21], [10, 24], [11, 12], [11, 15], [11, 16], [11, 17], [11, 18], [11, 19], [11, 20], [11, 21], [11, 22], [11, 23], [11, 24], [12, 13], [12, 14], [12, 15], [12, 16], [12, 19], [12, 20], [12, 22], [12, 23], [13, 14], [13, 15], [13, 19], [13, 21], [13, 22], [13, 23], [14, 15], [14, 17], [14, 18], [14, 19], [14, 20], [14, 21], [14, 22], [14, 23], [15, 16], [15, 17], [15, 18], [15, 19], [15, 21], [15, 22], [15, 23], [15, 24], [16, 17], [16, 18], [16, 19], [16, 21], [16, 22], [16, 23], [17, 19], [17, 22], [17, 23], [18, 21], [19, 21], [19, 23], [19, 24], [20, 21], [20, 22], [21, 22], [21, 23], [21, 24], [22, 23], [22, 24]], "tanks": [{"capacity": 491, "impossibleCargos": [2, 5, 7, 9, 11, 12, 13, 15, 17, 18, 21], "neighbors": [6, 24, 9, 8, 7, 4, 20, 5, 13, 3, 19]}, {"capacity": 872, "impossibleCargos": [0, 7, 9, 10, 11, 12, 13, 16, 19, 21, 22], "neighbors": [24, 10, 20, 8, 14, 15]}, {"capacity": 432, "impossibleCargos": [1, 3, 4, 5, 6, 7, 8, 10, 13, 14, 17, 19, 22, 23, 24], "neighbors": [8, 7, 20]}, {"capacity": 363, "impossibleCargos": [0, 3, 4, 6, 7, 8, 10, 12, 14, 17, 19, 20, 21, 23, 24], "neighbors": [5, 18, 0]}, {"capacity": 338, "impossibleCargos": [6, 7, 12, 13, 15, 16, 17, 19, 23], "neighbors": [22, 19, 0]}, {"capacity": 492, "impossibleCargos": [0, 2, 5, 7, 9, 10, 13, 14, 17, 18, 19, 20, 22, 23], "neighbors": [22, 21, 13, 3, 15, 0]}, {"capacity": 752, "impossibleCargos": [2, 4, 6, 8, 10, 14, 15, 16, 18, 22, 23], "neighbors": [14, 10, 8, 0, 9, 24, 23]}, {"capacity": 960, "impossibleCargos": [1, 3, 5, 7, 8, 9, 11, 14, 18, 19, 20, 21], "neighbors": [12, 2, 0, 20]}, {"capacity": 678, "impossibleCargos": [0, 1, 4, 5, 11, 15, 18, 19, 20, 21, 22, 23], "neighbors": [2, 20, 6, 12, 0, 11, 1, 17, 21, 19]}, {"capacity": 606, "impossibleCargos": [0, 1, 2, 5, 6, 7, 8, 9, 11, 12, 13, 14, 17, 23, 24], "neighbors": [0, 10, 6, 23, 21, 24, 12, 17]}, {"capacity": 263, "impossibleCargos": [0, 1, 2, 3, 6, 9, 10, 11, 16, 19, 20, 21, 22, 24], "neighbors": [17, 13, 6, 24, 9, 20, 1]}, {"capacity": 569, "impossibleCargos": [0, 1, 2, 3, 5, 6, 11, 13, 14, 16, 17, 18, 20, 21, 23], "neighbors": [20, 8, 15, 23]}, {"capacity": 652, "impossibleCargos": [1, 2, 3, 5, 6, 7, 9, 10, 13, 14, 20, 21, 23, 24], "neighbors": [7, 14, 8, 22, 9]}, {"capacity": 640, "impossibleCargos": [0, 1, 7, 11, 16, 18, 19, 23], "neighbors": [10, 21, 23, 18, 5, 24, 22, 15, 0]}, {"capacity": 541, "impossibleCargos": [1, 5, 9, 11, 14, 15, 16, 18, 19, 20, 21, 23, 24], "neighbors": [6, 12, 23, 22, 17, 1]}, {"capacity": 500, "impossibleCargos": [0, 1, 2, 3, 4, 6, 7, 10, 13, 14, 15, 18, 20, 23, 24], "neighbors": [20, 11, 1, 5, 19, 13]}, {"capacity": 293, "impossibleCargos": [2, 4, 7, 9, 12, 15, 16, 19, 21, 22, 24], "neighbors": []}, {"capacity": 613, "impossibleCargos": [0, 8, 9, 10, 12, 14, 15, 17, 18, 19], "neighbors": [10, 8, 14, 9]}, {"capacity": 928, "impossibleCargos": [1, 2, 3, 5, 6, 9, 11, 12, 14, 15, 17, 21, 23, 24], "neighbors": [20, 13, 3]}, {"capacity": 587, "impossibleCargos": [1, 2, 6, 7, 9, 13, 15, 18, 21, 23, 24], "neighbors": [4, 21, 8, 22, 24, 15, 0]}, {"capacity": 557, "impossibleCargos": [3, 5, 6, 8, 9, 14, 19, 23, 24], "neighbors": [11, 8, 18, 23, 10, 2, 15, 1, 0, 7]}, {"capacity": 372, "impossibleCargos": [0, 1, 2, 7, 9, 10, 13, 20, 21], "neighbors": [24, 13, 5, 19, 8, 23, 9]}, {"capacity": 953, "impossibleCargos": [0, 1, 2, 7, 8, 10, 14, 15, 17, 19, 21, 22], "neighbors": [4, 5, 12, 14, 19, 13]}, {"capacity": 301, "impossibleCargos": [0, 2, 3, 4, 5, 6, 7, 11, 13, 15, 16, 19, 21, 22, 24], "neighbors": [14, 20, 13, 21, 11, 9, 6]}, {"capacity": 701, "impossibleCargos": [3, 4, 7, 10, 11, 12, 14, 15, 18, 19], "neighbors": [21, 1, 0, 10, 13, 6, 19, 9]}]}