{"volumes": [0, 580, 709, 592, 862, 1778, 0, 1606, 0, 0, 953, 0, 1038, 0, 126, 0, 0, 307, 0, 757, 135, 0, 0, 0, 915], "conflicts": [[0, 2], [0, 8], [0, 12], [0, 16], [0, 20], [0, 22], [0, 24], [1, 6], [1, 11], [1, 13], [1, 24], [2, 4], [2, 14], [2, 20], [2, 23], [3, 7], [3, 8], [3, 9], [3, 13], [3, 16], [3, 18], [3, 22], [3, 23], [4, 8], [4, 9], [4, 13], [5, 11], [5, 13], [5, 20], [6, 12], [6, 13], [6, 14], [6, 18], [6, 19], [6, 21], [6, 23], [7, 21], [7, 24], [8, 11], [8, 20], [9, 11], [9, 15], [9, 17], [9, 24], [10, 11], [10, 15], [10, 21], [11, 24], [12, 17], [12, 19], [13, 15], [13, 20], [13, 21], [14, 21], [14, 22], [15, 19], [15, 22], [17, 20], [17, 24], [18, 21], [20, 21], [22, 23]], "tanks": [{"capacity": 460, "impossibleCargos": [1, 2, 3, 4, 5, 6, 8, 11, 12, 13, 15, 16, 17, 18, 19, 20, 21, 22], "neighbors": [20, 1, 19, 23, 9]}, {"capacity": 694, "impossibleCargos": [2, 3, 5, 6, 7, 8, 9, 10, 12, 14, 15, 16, 17, 18, 19, 21, 22, 23], "neighbors": [9, 15, 0, 23, 21, 3, 17, 22]}, {"capacity": 225, "impossibleCargos": [0, 1, 2, 3, 4, 7, 9, 10, 11, 12, 13, 15, 16, 17, 18, 19, 20, 21, 23, 24], "neighbors": [15, 10, 24, 4, 12]}, {"capacity": 726, "impossibleCargos": [0, 2, 4, 5, 7, 8, 9, 10, 11, 12, 13, 14, 15, 17, 18, 20, 21, 22, 23], "neighbors": [11, 8, 4, 1, 24, 16, 17]}, {"capacity": 390, "impossibleCargos": [0, 1, 2, 3, 5, 7, 8, 9, 11, 12, 13, 14, 15, 16, 17, 18, 19, 20, 21, 24], "neighbors": [21, 3, 9, 15, 2, 5]}, {"capacity": 376, "impossibleCargos": [0, 1, 3, 4, 5, 7, 8, 9, 11, 12, 13, 15, 16, 18, 19, 20, 21, 22, 23], "neighbors": [12, 7, 15, 4]}, {"capacity": 861, "impossibleCargos": [0, 1, 3, 4, 5, 6, 8, 9, 10, 11, 12, 13, 14, 15, 16, 17, 18, 19, 20, 21, 24], "neighbors": [8, 10, 21, 11]}, {"capacity": 555, "impossibleCargos": [1, 2, 3, 5, 6, 7, 8, 9, 10, 13, 14, 15, 16, 17, 18, 19, 20, 21, 22, 23, 24], "neighbors": [9, 24, 23, 5]}, {"capacity": 815, "impossibleCargos": [1, 2, 3, 4, 5, 7, 9, 10, 11, 12, 14, 15, 16, 17, 18, 20, 22, 24], "neighbors": [3, 6, 20, 16, 13, 12, 18]}, {"capacity": 948, "impossibleCargos": [0, 1, 2, 3, 4, 5, 6, 7, 8, 9, 10, 11, 14, 15, 16, 17, 21, 23, 24], "neighbors": [7, 1, 13, 11, 21, 16, 4, 15, 14, 0]}, {"capacity": 398, "impossibleCargos": [2, 3, 5, 6, 7, 8, 9, 10, 12, 13, 14, 15, 16, 17, 18, 20, 21, 22, 23, 24], "neighbors": [20, 2, 6, 11]}, {"capacity": 955, "impossibleCargos": [1, 3, 4, 7, 8, 10, 12, 13, 14, 16, 17, 19, 21, 22, 23, 24], "neighbors": [3, 12, 9, 20, 6, 21, 10]}, {"capacity": 734, "impossibleCargos": [0, 3, 4, 5, 6, 7, 8, 9, 10, 11, 12, 13, 16, 17, 18, 20, 21, 23, 24], "neighbors": [22, 11, 19, 20, 5, 8, 15, 2]}, {"capacity": 610, "impossibleCargos": [2, 3, 4, 5, 9, 10, 11, 12, 13, 14, 16, 17, 18, 20, 21, 22, 23], "neighbors": [18, 9, 22, 20, 8, 17, 23]}, {"capacity": 412, "impossibleCargos": [0, 1, 2, 3, 4, 5, 6, 7, 9, 10, 11, 13, 16, 17, 19, 22, 23], "neighbors": [24, 17, 9, 22]}, {"capacity": 650, "impossibleCargos": [0, 1, 2, 4, 6, 7, 8, 9, 11, 13, 15, 16, 17, 18, 20, 22, 24], "neighbors": [1, 16, 2, 9, 12, 24, 4, 5]}, {"capacity": 592, "impossibleCargos": [1, 3, 4, 6, 7, 8, 9, 11, 13, 14, 15, 16, 17, 18, 19, 20, 21, 22, 23, 24], "neighbors": [15, 8, 9, 21, 3, 22]}, {"capacity": 763, "impossibleCargos": [1, 2, 3, 4, 6, 7, 8, 9, 10, 11, 14, 15, 16, 17, 18, 19, 20, 21, 22, 23, 24], "neighbors": [14, 13, 18, 3, 1]}, {"capacity": 329, "impossibleCargos": [0, 1, 3, 5, 6, 7, 8, 9, 10, 11, 12, 13, 15, 16, 17, 18, 19, 20, 21, 24], "neighbors": [13, 24, 17, 20, 8]}, {"capacity": 370, "impossibleCargos": [0, 2, 3, 8, 9, 10, 11, 12, 13, 14, 15, 16, 18, 20, 21, 22, 23, 24], "neighbors": [12, 0]}, {"capacity": 427, "impossibleCargos": [1, 2, 3, 4, 5, 6, 7, 8, 9, 10, 11, 13, 14, 15, 16, 18, 19, 20, 21, 23, 24], "neighbors": [0, 8, 13, 22, 11, 10, 12, 18]}, {"capacity": 682, "impossibleCargos": [0, 2, 3, 4, 7, 8, 10, 11, 12, 13, 14, 17, 18, 19, 20, 21, 24], "neighbors": [4, 9, 16, 1, 6, 11]}, {"capacity": 942, "impossibleCargos": [2, 4, 5, 6, 7, 9, 11, 12, 13, 14, 15, 16, 17, 20, 22, 23], "neighbors": [12, 13, 20, 23, 16, 14, 24, 1]}, {"capacity": 207, "impossibleCargos": [1, 2, 3, 5, 6, 7, 8, 9, 11, 12, 14, 15, 16, 18, 19, 21, 23, 24], "neighbors": [22, 1, 7, 13, 0]}, {"capacity": 445, "impossibleCargos": [1, 2, 3, 4, 5, 6, 7, 8, 9, 10, 11, 12, 13, 16, 17, 19, 21, 22, 23], "neighbors": [7, 14, 18, 15, 2, 3, 22]}]}