{"volumes": [268, 456, 0, 1096, 463, 0, 0, 0, 547, 0, 592, 447, 1631, 0, 1040, 825, 0, 236, 0, 2124, 943, 0, 0, 0, 459], "conflicts": [[0, 2], [0, 4], [0, 5], [0, 6], [0, 7], [0, 8], [0, 9], [0, 10], [0, 11], [0, 13], [0, 16], [0, 18], [0, 21], [0, 22], [0, 23], [1, 2], [1, 6], [1, 7], [1, 8], [1, 9], [1, 10], [1, 13], [1, 15], [1, 16], [1, 18], [1, 21], [1, 23], [1, 24], [2, 3], [2, 4], [2, 5], [2, 6], [2, 7], [2, 8], [2, 11], [2, 12], [2, 13], [2, 14], [2, 15], [2, 16], [2, 17], [2, 18], [2, 20], [2, 21], [2, 22], [2, 23], [2, 24], [3, 5], [3, 7], [3, 9], [3, 10], [3, 11], [3, 16], [3, 22], [3, 23], [4, 5], [4, 6], [4, 9], [4, 13], [4, 16], [4, 17], [4, 18], [4, 22], [4, 23], [5, 8], [5, 9], [5, 11], [5, 13], [5, 14], [5, 15], [5, 16], [5, 18], [5, 19], [5, 20], [5, 21], [5, 22], [5, 23], [5, 24], [6, 7], [6, 8], [6, 9], [6, 10], [6, 11], [6, 12], [6, 13], [6, 14], [6, 15], [6, 16], [6, 17], [6, 18], [6, 19], [6, 20], [6, 23], [6, 24], [7, 8], [7, 9], [7, 10], [7, 11], [7, 12], [7, 13], [7, 15], [7, 16], [7, 17], [7, 18], [7, 19], [7, 22], [7, 23], [8, 9], [8, 13], [8, 16], [8, 18], [8, 22], [8, 23], [8, 24], [9, 10], [9, 11], [9, 12], [9, 13], [9, 14], [9, 16], [9, 17], [9, 18], [9, 19], [9, 20], [9, 21], [9, 22], [9, 23], [9, 24], [10, 16], [10, 18], [10, 21], [10, 23], [11, 13], [11, 17], [11, 18], [11, 21], [11, 22], [11, 23], [12, 13], [12, 16], [12, 18], [12, 21], [12, 22], [12, 24], [13, 14], [13, 17], [13, 18], [13, 19], [13, 20], [13, 21], [13, 22], [14, 16], [14, 22], [14, 23], [15, 18], [15, 22], [15, 23], [15, 24], [16, 17], [16, 18], [16, 19], [16, 21], [17, 18], [17, 21], [17, 23], [18, 19], [18, 20], [18, 21], [18, 22], [18, 23], [18, 24], [19, 21], [19, 23], [20, 21], [20, 22], [20, 24], [21, 22], [21, 23], [21, 24], [22, 23], [23, 24]], "tanks": [{"capacity": 469, "impossibleCargos": [2, 4, 16, 19, 23], "neighbors": [21, 11, 3, 5, 4, 24, 19, 15]}, {"capacity": 882, "impossibleCargos": [1, 9, 14, 15, 16, 17, 20], "neighbors": [20, 23, 5, 21, 6, 16, 17, 22, 3, 13, 12, 2]}, {"capacity": 650, "impossibleCargos": [2, 6, 8, 10, 18, 19, 22], "neighbors": [6, 20, 3, 21, 7, 19, 13, 18, 11, 17, 1, 8, 16]}, {"capacity": 250, "impossibleCargos": [1, 3, 6, 7, 9, 10, 11, 12, 15, 24], "neighbors": [14, 19, 2, 15, 16, 17, 12, 18, 0, 6, 1, 22, 8, 4, 9]}, {"capacity": 470, "impossibleCargos": [2, 5, 6, 14, 16, 20], "neighbors": [15, 6, 9, 10, 0, 19, 14, 7, 5, 3, 23, 18, 22]}, {"capacity": 683, "impossibleCargos": [1, 3, 8, 17, 19], "neighbors": [1, 6, 11, 10, 0, 12, 14, 18, 4, 16]}, {"capacity": 294, "impossibleCargos": [7, 9, 21], "neighbors": [2, 4, 1, 5, 16, 23, 14, 3, 10, 24, 22, 19, 18, 12, 8]}, {"capacity": 548, "impossibleCargos": [5, 6, 7, 8, 10, 15, 19, 20], "neighbors": [20, 14, 11, 19, 2, 4, 24, 13, 12, 15, 8, 17, 16, 9]}, {"capacity": 474, "impossibleCargos": [0, 2, 3, 4, 5, 8, 11, 14, 16], "neighbors": [20, 19, 24, 17, 3, 11, 7, 23, 12, 18, 2, 6, 22]}, {"capacity": 277, "impossibleCargos": [2, 4, 8, 12, 14, 17, 19, 22], "neighbors": [23, 4, 19, 16, 24, 18, 7, 12, 3]}, {"capacity": 483, "impossibleCargos": [4, 6, 7, 19, 21, 22], "neighbors": [22, 11, 21, 5, 4, 6, 18, 19, 13]}, {"capacity": 702, "impossibleCargos": [2, 4, 5, 12, 13, 17, 21, 22], "neighbors": [23, 10, 13, 0, 5, 7, 21, 20, 24, 8, 2, 15]}, {"capacity": 862, "impossibleCargos": [4, 8, 11, 15, 17, 24], "neighbors": [18, 19, 3, 15, 24, 23, 20, 5, 14, 17, 7, 22, 1, 8, 9, 6]}, {"capacity": 966, "impossibleCargos": [2, 4, 5, 12, 14, 16, 18, 21], "neighbors": [22, 16, 11, 23, 21, 24, 2, 7, 1, 18, 10, 15]}, {"capacity": 283, "impossibleCargos": [5, 7, 8, 10, 12, 17], "neighbors": [23, 3, 7, 19, 6, 24, 18, 12, 20, 4, 5, 16]}, {"capacity": 849, "impossibleCargos": [1, 2, 4, 6, 17, 19], "neighbors": [4, 23, 20, 3, 24, 12, 7, 13, 11, 0]}, {"capacity": 490, "impossibleCargos": [5, 6, 7, 11, 19, 22], "neighbors": [23, 21, 13, 3, 9, 1, 6, 20, 7, 14, 2, 5]}, {"capacity": 567, "impossibleCargos": [0, 1, 4, 5, 6, 9, 11, 12, 17, 20, 21], "neighbors": [18, 23, 3, 1, 22, 8, 12, 7, 2]}, {"capacity": 557, "impossibleCargos": [0, 3, 4, 9, 12, 13, 19, 21], "neighbors": [17, 12, 3, 21, 9, 14, 10, 13, 19, 5, 2, 20, 22, 4, 8, 6]}, {"capacity": 913, "impossibleCargos": [2, 4, 5, 9, 11, 12, 13, 17], "neighbors": [3, 21, 9, 12, 8, 7, 14, 2, 10, 4, 18, 6, 0]}, {"capacity": 936, "impossibleCargos": [5, 6, 14, 15, 22, 23], "neighbors": [1, 2, 22, 8, 7, 15, 16, 11, 12, 14, 18]}, {"capacity": 551, "impossibleCargos": [8, 9, 10, 23], "neighbors": [16, 0, 19, 1, 10, 23, 13, 18, 2, 11]}, {"capacity": 878, "impossibleCargos": [1, 5, 13, 14, 18, 20, 21, 22], "neighbors": [10, 20, 13, 17, 1, 23, 3, 6, 12, 18, 4, 8]}, {"capacity": 398, "impossibleCargos": [2, 4, 7], "neighbors": [9, 1, 14, 16, 11, 15, 13, 17, 21, 6, 12, 22, 8, 4]}, {"capacity": 540, "impossibleCargos": [7, 12, 23], "neighbors": [15, 12, 8, 9, 13, 14, 11, 6, 0, 7]}]}