{"volumes": [183, 0, 699, 375, 1088, 1190, 0, 0, 926, 441, 194, 476, 374, 0, 703, 339, 524, 1321, 707, 626, 404, 0, 0, 0, 797], "conflicts": [[0, 22], [1, 2], [1, 4], [1, 6], [1, 8], [1, 13], [1, 17], [2, 6], [2, 20], [2, 22], [3, 6], [3, 11], [3, 13], [3, 15], [3, 22], [4, 21], [5, 21], [6, 13], [6, 18], [6, 19], [6, 24], [7, 12], [7, 19], [7, 21], [8, 9], [8, 10], [8, 14], [8, 16], [8, 19], [9, 12], [9, 21], [9, 22], [10, 15], [11, 20], [11, 21], [12, 13], [12, 22], [12, 23], [13, 21], [14, 19], [16, 19], [18, 21], [19, 22], [20, 21], [20, 22]], "tanks": [{"capacity": 577, "impossibleCargos": [1, 2, 3, 6, 8, 9, 10, 12, 13, 17, 18, 19, 20], "neighbors": [11, 4, 16, 18, 19, 17]}, {"capacity": 829, "impossibleCargos": [0, 3, 6, 8, 9, 10, 15, 17, 18, 19, 20, 24], "neighbors": [23, 2, 4, 22, 12, 8, 11, 3, 20, 10, 16]}, {"capacity": 891, "impossibleCargos": [0, 3, 4, 5, 6, 9, 10, 18, 19, 20, 22], "neighbors": [6, 24, 22, 1, 16, 18, 13, 21, 14, 20, 8, 9, 19, 5, 3, 15]}, {"capacity": 465, "impossibleCargos": [0, 1, 3, 4, 6, 8, 9, 11, 12, 18, 20, 23, 24], "neighbors": [4, 9, 15, 22, 7, 17, 12, 24, 1, 21, 13, 6, 16, 10, 2, 18]}, {"capacity": 309, "impossibleCargos": [0, 1, 2, 3, 5, 10, 15, 16, 20, 22], "neighbors": [3, 9, 1, 21, 24, 17, 0, 20, 23, 11, 14, 22, 7, 16, 19, 18]}, {"capacity": 630, "impossibleCargos": [2, 3, 4, 5, 6, 7, 9, 10, 12, 15, 17, 20, 21, 23], "neighbors": [18, 17, 15, 6, 16, 24, 10, 8, 7, 20, 23, 2]}, {"capacity": 897, "impossibleCargos": [0, 2, 4, 5, 6, 8, 10, 12, 14, 15, 16, 19, 20, 21, 23, 24], "neighbors": [2, 18, 5, 16, 24, 17, 15, 12, 23, 3]}, {"capacity": 343, "impossibleCargos": [0, 7, 10, 11, 12, 14, 17, 18, 20, 23, 24], "neighbors": [3, 24, 11, 14, 8, 22, 5, 18, 4]}, {"capacity": 382, "impossibleCargos": [1, 2, 4, 5, 10, 11, 12, 13, 19, 20, 21, 22], "neighbors": [19, 22, 1, 10, 15, 7, 5, 21, 18, 2, 24, 11]}, {"capacity": 967, "impossibleCargos": [4, 5, 6, 9, 10, 17, 19, 20, 22, 23, 24], "neighbors": [4, 3, 17, 21, 12, 22, 2, 16]}, {"capacity": 790, "impossibleCargos": [0, 1, 3, 7, 12, 16, 18, 19, 21, 22], "neighbors": [23, 20, 21, 19, 5, 13, 8, 14, 3, 15, 1]}, {"capacity": 557, "impossibleCargos": [1, 2, 3, 4, 5, 6, 11, 14, 15, 16, 17, 18, 19, 22], "neighbors": [17, 0, 23, 1, 7, 4, 13, 14, 18, 21, 8]}, {"capacity": 830, "impossibleCargos": [0, 1, 3, 6, 8, 10, 11, 15, 16, 18, 19, 21, 23, 24], "neighbors": [19, 1, 21, 17, 3, 6, 9, 20]}, {"capacity": 486, "impossibleCargos": [2, 3, 6, 7, 13, 14, 16, 17, 18, 20, 21], "neighbors": [14, 22, 2, 10, 16, 20, 11, 3, 21]}, {"capacity": 882, "impossibleCargos": [2, 5, 6, 7, 8, 9, 10, 18, 19, 22, 23], "neighbors": [13, 24, 22, 7, 2, 16, 11, 10, 4, 18]}, {"capacity": 263, "impossibleCargos": [1, 2, 3, 4, 5, 8, 9, 13, 14, 15, 16, 17, 18, 19, 20, 22, 23, 24], "neighbors": [22, 21, 16, 3, 5, 6, 20, 8, 24, 10, 17, 19, 2]}, {"capacity": 642, "impossibleCargos": [0, 2, 3, 5, 6, 7, 11, 14, 16, 20, 21, 23, 24], "neighbors": [15, 19, 2, 6, 5, 13, 0, 20, 14, 3, 24, 17, 9, 4, 1]}, {"capacity": 271, "impossibleCargos": [1, 2, 6, 8, 9, 10, 11, 12, 13, 19, 20], "neighbors": [11, 18, 5, 3, 9, 24, 12, 4, 6, 22, 16, 15, 21, 0]}, {"capacity": 626, "impossibleCargos": [2, 5, 8, 11, 12, 13, 14, 15, 16, 17, 20, 22, 23, 24], "neighbors": [17, 5, 6, 2, 22, 8, 7, 0, 14, 24, 23, 11, 3, 4]}, {"capacity": 593, "impossibleCargos": [2, 7, 8, 13, 14, 15, 16, 19, 20, 21, 24], "neighbors": [16, 12, 22, 8, 10, 20, 0, 2, 4, 15, 21]}, {"capacity": 886, "impossibleCargos": [0, 1, 3, 4, 5, 6, 9, 10, 11, 13, 17, 18, 19, 20, 21, 22, 24], "neighbors": [10, 4, 15, 16, 13, 12, 19, 2, 5, 23, 1, 21, 24]}, {"capacity": 952, "impossibleCargos": [3, 6, 8, 9, 10, 15, 16, 22], "neighbors": [15, 4, 10, 9, 12, 24, 2, 22, 8, 3, 13, 11, 17, 20, 19]}, {"capacity": 656, "impossibleCargos": [1, 3, 7, 9, 14, 16, 17, 21, 23, 24], "neighbors": [15, 2, 19, 13, 1, 3, 8, 24, 18, 14, 17, 21, 7, 9, 4, 23]}, {"capacity": 327, "impossibleCargos": [1, 2, 5, 7, 8, 9, 11, 23], "neighbors": [10, 1, 11, 4, 6, 18, 22, 20, 5]}, {"capacity": 395, "impossibleCargos": [3, 5, 6, 10, 11, 14, 16, 18, 19, 20, 23, 24], "neighbors": [2, 4, 17, 5, 22, 7, 6, 14, 21, 3, 8, 18, 15, 16, 20]}]}