{"volumes": [0, 0, 607, 466, 0, 555, 260, 0, 411, 183, 993, 419, 0, 0, 334, 0, 0, 0, 1921, 290, 511, 0, 428, 870, 1779], "conflicts": [[0, 3], [0, 12], [0, 13], [0, 14], [1, 3], [1, 19], [1, 20], [1, 21], [1, 24], [2, 6], [2, 9], [2, 17], [3, 4], [3, 9], [3, 13], [3, 14], [3, 21], [4, 7], [4, 9], [4, 10], [4, 12], [4, 13], [4, 15], [4, 24], [5, 6], [5, 16], [5, 17], [6, 11], [6, 12], [7, 19], [8, 16], [9, 10], [9, 12], [11, 13], [11, 15], [11, 17], [12, 21], [14, 15], [14, 19], [16, 20], [16, 24], [17, 20], [17, 22], [17, 24], [19, 21]], "tanks": [{"capacity": 359, "impossibleCargos": [1, 3, 4, 7, 8, 9, 15, 17, 18, 19], "neighbors": [9, 8, 21, 6, 16, 18, 15, 19, 24]}, {"capacity": 684, "impossibleCargos": [5, 7, 8, 9, 10, 13, 15, 17, 19, 21, 22, 23, 24], "neighbors": [19, 4, 7, 20, 17, 21, 24, 5, 16, 8, 18]}, {"capacity": 374, "impossibleCargos": [1, 5, 6, 9, 12, 13, 14, 15, 21, 23], "neighbors": [21, 6, 24, 3, 10, 15, 4, 8, 18, 20, 5, 19]}, {"capacity": 946, "impossibleCargos": [3, 4, 6, 9, 11, 12, 15, 18, 19, 23], "neighbors": [4, 6, 15, 2, 10, 18, 7, 12, 17, 9, 24, 20]}, {"capacity": 574, "impossibleCargos": [0, 1, 2, 4, 5, 7, 8, 10, 14, 15, 17, 22], "neighbors": [3, 18, 13, 19, 10, 1, 5, 6, 2, 22, 14]}, {"capacity": 752, "impossibleCargos": [0, 1, 2, 9, 10, 13, 14, 15, 16, 17, 19, 21, 23], "neighbors": [9, 19, 4, 6, 16, 18, 24, 8, 1, 14, 12, 2, 17, 10, 7, 22]}, {"capacity": 687, "impossibleCargos": [3, 4, 6, 7, 8, 9, 11, 14, 16, 21, 23, 24], "neighbors": [14, 3, 2, 18, 5, 9, 4, 24, 12, 16, 0, 8, 10, 19, 17]}, {"capacity": 408, "impossibleCargos": [5, 6, 7, 8, 9, 10, 11, 13, 21, 24], "neighbors": [13, 11, 21, 8, 1, 24, 14, 3, 9, 16, 10, 22, 5, 20]}, {"capacity": 220, "impossibleCargos": [0, 1, 2, 3, 5, 6, 8, 10, 11, 12, 13, 14, 15, 16, 18, 21, 24], "neighbors": [23, 19, 9, 21, 0, 7, 13, 6, 2, 10, 5, 20, 17, 15, 1]}, {"capacity": 711, "impossibleCargos": [0, 1, 2, 3, 6, 7, 9, 10, 12, 14, 15, 17, 19, 22, 24], "neighbors": [5, 0, 8, 6, 21, 7, 3, 19, 15, 24, 16, 12]}, {"capacity": 990, "impossibleCargos": [0, 3, 5, 6, 7, 9, 18, 19, 20, 21, 24], "neighbors": [17, 4, 11, 2, 3, 19, 15, 12, 8, 6, 7, 16, 13, 14, 5, 24]}, {"capacity": 526, "impossibleCargos": [3, 7, 8, 15, 21, 22, 23], "neighbors": [7, 18, 10, 21, 15, 13, 16]}, {"capacity": 475, "impossibleCargos": [1, 3, 5, 6, 7, 11, 15, 18, 19, 20, 21, 22, 24], "neighbors": [18, 23, 6, 17, 3, 10, 5, 19, 20, 13, 9]}, {"capacity": 501, "impossibleCargos": [0, 2, 3, 4, 5, 6, 10, 11, 12, 14, 18, 20], "neighbors": [16, 15, 7, 4, 17, 11, 8, 23, 21, 10, 24, 12]}, {"capacity": 281, "impossibleCargos": [4, 6, 10, 12, 14, 15, 16, 20, 21, 24], "neighbors": [6, 15, 7, 19, 5, 4, 23, 10]}, {"capacity": 930, "impossibleCargos": [0, 6, 8, 10, 14, 16, 17, 19, 20, 21, 23], "neighbors": [13, 24, 3, 14, 23, 11, 2, 20, 10, 16, 9, 0, 17, 8]}, {"capacity": 582, "impossibleCargos": [0, 1, 5, 6, 7, 8, 9, 10, 13, 15, 20, 21], "neighbors": [13, 22, 5, 6, 19, 23, 0, 7, 11, 15, 10, 24, 1, 9]}, {"capacity": 651, "impossibleCargos": [0, 1, 2, 4, 5, 7, 8, 11, 12, 15, 20, 21, 22, 23], "neighbors": [10, 13, 1, 12, 20, 3, 21, 8, 5, 15, 6, 22]}, {"capacity": 733, "impossibleCargos": [6, 7, 12, 16, 17, 20, 22, 23, 24], "neighbors": [4, 11, 6, 24, 12, 5, 3, 0, 21, 2, 1]}, {"capacity": 644, "impossibleCargos": [1, 2, 4, 6, 7, 10, 11, 13, 14, 15, 17, 19, 20, 21, 24], "neighbors": [23, 4, 8, 1, 5, 10, 16, 14, 9, 22, 12, 0, 6, 2]}, {"capacity": 317, "impossibleCargos": [1, 4, 5, 6, 7, 12, 13, 14, 21, 23], "neighbors": [21, 24, 1, 17, 15, 8, 2, 3, 12, 7]}, {"capacity": 823, "impossibleCargos": [2, 3, 4, 5, 8, 10, 11, 12, 13, 14, 15, 16, 19, 21, 23, 24], "neighbors": [20, 2, 7, 8, 11, 24, 0, 1, 23, 9, 17, 18, 13]}, {"capacity": 409, "impossibleCargos": [1, 2, 3, 4, 10, 15, 16, 17, 19, 23], "neighbors": [16, 4, 19, 7, 5, 17]}, {"capacity": 365, "impossibleCargos": [2, 3, 8, 10, 13, 14, 16, 17, 20, 22, 23, 24], "neighbors": [19, 8, 12, 24, 15, 21, 16, 13, 14]}, {"capacity": 556, "impossibleCargos": [1, 2, 6, 7, 8, 10, 16, 19, 21, 24], "neighbors": [15, 18, 20, 21, 2, 23, 6, 7, 1, 5, 3, 16, 9, 13, 10, 0]}]}