{"volumes": [0, 0, 239, 669, 154, 0, 327, 0, 0, 886, 0, 173, 572, 0, 1088, 1931, 1209, 676, 0, 855, 485, 293, 993, 0, 0], "conflicts": [[0, 8], [0, 11], [0, 12], [0, 13], [0, 14], [0, 15], [0, 17], [0, 18], [0, 20], [0, 23], [1, 4], [1, 8], [1, 11], [1, 18], [1, 22], [2, 7], [2, 12], [2, 24], [3, 6], [3, 23], [4, 5], [4, 10], [4, 14], [4, 17], [5, 6], [5, 8], [5, 14], [5, 19], [6, 18], [6, 24], [7, 8], [7, 11], [7, 12], [7, 15], [7, 16], [7, 18], [8, 11], [8, 23], [8, 24], [9, 10], [9, 13], [9, 18], [9, 24], [10, 14], [10, 24], [11, 16], [11, 17], [11, 18], [11, 21], [11, 23], [12, 18], [12, 23], [13, 16], [14, 18], [14, 23], [14, 24], [15, 18], [16, 23], [16, 24], [17, 18], [19, 21], [19, 23], [19, 24], [21, 24]], "tanks": [{"capacity": 979, "impossibleCargos": [0, 2, 5, 7, 8, 9, 10, 11, 12, 13, 14, 15, 18, 19, 20, 23, 24], "neighbors": [7, 13, 23, 22, 3, 11, 5, 24, 9, 14, 2]}, {"capacity": 532, "impossibleCargos": [1, 3, 5, 6, 7, 8, 9, 11, 12, 13, 14, 15, 16, 17, 18, 21, 24], "neighbors": [5, 11, 9, 23, 22, 8, 15, 13, 4, 14, 16, 20]}, {"capacity": 602, "impossibleCargos": [1, 2, 3, 4, 5, 6, 8, 9, 10, 11, 12, 13, 14, 15, 17, 18, 19, 21, 23, 24], "neighbors": [23, 16, 9, 13, 10, 22, 24, 0, 21, 5]}, {"capacity": 724, "impossibleCargos": [0, 1, 2, 5, 6, 9, 10, 11, 12, 13, 15, 16, 18, 19, 21, 22, 23, 24], "neighbors": [17, 10, 13, 14, 20, 24, 7, 9, 0, 23, 21, 6, 15]}, {"capacity": 407, "impossibleCargos": [0, 1, 2, 3, 4, 5, 6, 7, 8, 10, 11, 12, 13, 14, 15, 16, 22, 23, 24], "neighbors": [6, 7, 23, 11, 5, 17, 22, 1, 21, 18]}, {"capacity": 815, "impossibleCargos": [0, 1, 2, 3, 4, 7, 8, 10, 11, 14, 15, 16, 17, 19, 20, 21, 24], "neighbors": [1, 24, 7, 13, 9, 23, 4, 8, 12, 20, 18, 0, 14, 22, 19, 21, 16, 2]}, {"capacity": 465, "impossibleCargos": [0, 1, 2, 5, 6, 8, 9, 11, 12, 13, 14, 15, 16, 18, 22], "neighbors": [4, 24, 9, 15, 16, 23, 20, 8, 13, 21, 7, 11, 3]}, {"capacity": 863, "impossibleCargos": [0, 1, 3, 4, 5, 6, 7, 8, 10, 11, 12, 13, 14, 15, 16, 19, 20], "neighbors": [22, 0, 5, 4, 16, 9, 3, 24, 17, 23, 6, 12, 10, 19, 18]}, {"capacity": 483, "impossibleCargos": [1, 3, 4, 5, 6, 7, 9, 10, 11, 12, 14, 15, 16, 17, 18, 21, 22, 23], "neighbors": [16, 1, 5, 6, 15, 21, 13, 22, 12, 18]}, {"capacity": 596, "impossibleCargos": [0, 1, 2, 3, 4, 5, 6, 7, 8, 10, 11, 13, 14, 16, 17, 18, 19, 20, 21, 22, 23, 24], "neighbors": [1, 13, 6, 5, 10, 7, 3, 12, 2, 16, 11, 0, 22, 15]}, {"capacity": 747, "impossibleCargos": [0, 1, 3, 4, 5, 6, 10, 11, 12, 13, 15, 16, 17, 18, 19, 21, 23], "neighbors": [3, 9, 11, 20, 15, 23, 14, 2, 17, 12, 16, 7, 21]}, {"capacity": 690, "impossibleCargos": [0, 1, 2, 3, 4, 5, 6, 7, 8, 9, 10, 11, 15, 16, 18, 21, 22, 24], "neighbors": [12, 1, 4, 22, 10, 0, 20, 9, 6, 23, 13]}, {"capacity": 604, "impossibleCargos": [0, 1, 2, 3, 4, 6, 7, 8, 10, 11, 13, 14, 15, 17, 21, 24], "neighbors": [11, 20, 9, 5, 21, 24, 10, 7, 8]}, {"capacity": 770, "impossibleCargos": [0, 1, 2, 4, 5, 6, 8, 9, 10, 11, 12, 16, 17, 18, 19, 20, 21, 22, 24], "neighbors": [5, 3, 9, 15, 0, 22, 2, 6, 1, 24, 8, 19, 14, 11, 18, 21]}, {"capacity": 438, "impossibleCargos": [0, 1, 2, 3, 4, 5, 6, 7, 8, 9, 11, 12, 13, 14, 15, 17, 19, 20, 23, 24], "neighbors": [22, 3, 19, 24, 10, 5, 23, 0, 17, 1, 13]}, {"capacity": 634, "impossibleCargos": [1, 2, 4, 5, 6, 7, 8, 10, 11, 13, 14, 15, 17, 18, 19, 20, 23, 24], "neighbors": [19, 6, 13, 10, 1, 8, 21, 18, 9, 20, 3]}, {"capacity": 499, "impossibleCargos": [0, 1, 2, 3, 4, 5, 6, 7, 8, 9, 10, 11, 12, 13, 14, 17, 21, 22, 23, 24], "neighbors": [7, 8, 2, 6, 9, 10, 18, 5, 1, 23]}, {"capacity": 755, "impossibleCargos": [1, 2, 4, 5, 6, 7, 9, 11, 12, 14, 17, 18, 19, 20, 21, 22, 23], "neighbors": [3, 21, 19, 4, 7, 10, 14, 22]}, {"capacity": 203, "impossibleCargos": [1, 2, 5, 6, 7, 8, 9, 12, 14, 15, 16, 17, 18, 20, 23, 24], "neighbors": [19, 5, 16, 15, 4, 13, 7, 8, 23]}, {"capacity": 923, "impossibleCargos": [0, 1, 2, 3, 4, 5, 7, 8, 9, 10, 11, 12, 13, 14, 17, 19, 20, 21, 23, 24], "neighbors": [15, 14, 17, 18, 5, 22, 24, 20, 13, 7]}, {"capacity": 231, "impossibleCargos": [0, 1, 2, 3, 4, 6, 7, 8, 12, 13, 15, 16, 17, 19, 20, 21, 22, 23], "neighbors": [12, 3, 10, 6, 5, 11, 21, 23, 19, 15, 1]}, {"capacity": 249, "impossibleCargos": [1, 2, 4, 5, 6, 7, 8, 9, 10, 12, 13, 16, 17, 18, 20, 21, 22, 23, 24], "neighbors": [17, 12, 20, 8, 6, 23, 4, 22, 15, 5, 3, 2, 10, 13]}, {"capacity": 502, "impossibleCargos": [2, 3, 4, 8, 9, 10, 12, 14, 15, 17, 20, 21, 22, 24], "neighbors": [7, 14, 1, 11, 0, 13, 4, 21, 5, 19, 2, 9, 8, 17]}, {"capacity": 570, "impossibleCargos": [0, 2, 3, 4, 5, 6, 7, 8, 9, 10, 14, 15, 17, 21, 22, 23, 24], "neighbors": [2, 4, 1, 5, 6, 0, 10, 3, 24, 7, 21, 20, 11, 14, 16, 18]}, {"capacity": 368, "impossibleCargos": [0, 1, 3, 4, 7, 9, 10, 11, 12, 13, 14, 15, 16, 18, 20, 21, 22, 23], "neighbors": [6, 5, 3, 7, 14, 12, 23, 13, 0, 19, 2]}]}