{"volumes": [917, 1210, 0, 762, 218, 0, 934, 0, 1186, 0, 0, 0, 0, 1083, 273, 645, 311, 1007, 336, 576, 244, 1042, 351, 0, 0], "conflicts": [[0, 2], [0, 7], [0, 10], [0, 12], [0, 16], [0, 23], [0, 24], [1, 4], [1, 5], [1, 7], [1, 11], [1, 23], [1, 24], [2, 3], [2, 5], [2, 7], [2, 11], [2, 12], [2, 14], [2, 15], [2, 17], [2, 18], [2, 21], [2, 22], [2, 23], [3, 5], [3, 7], [3, 9], [3, 11], [3, 12], [3, 15], [3, 19], [3, 20], [3, 21], [3, 24], [4, 5], [4, 9], [4, 11], [4, 12], [4, 23], [4, 24], [5, 8], [5, 9], [5, 10], [5, 11], [5, 12], [5, 14], [5, 16], [5, 17], [5, 18], [5, 19], [5, 24], [6, 9], [6, 11], [6, 23], [6, 24], [7, 9], [7, 10], [7, 12], [7, 13], [7, 14], [7, 16], [7, 17], [7, 19], [7, 20], [7, 22], [8, 9], [8, 12], [8, 22], [8, 24], [9, 10], [9, 11], [9, 13], [9, 14], [9, 15], [9, 17], [9, 21], [9, 24], [10, 11], [10, 15], [10, 16], [10, 17], [10, 18], [10, 19], [10, 20], [10, 21], [10, 23], [10, 24], [11, 12], [11, 13], [11, 14], [11, 18], [11, 19], [11, 20], [11, 21], [11, 23], [12, 13], [12, 14], [12, 15], [12, 16], [12, 21], [12, 23], [12, 24], [13, 19], [13, 23], [13, 24], [14, 18], [14, 22], [14, 24], [16, 21], [16, 23], [16, 24], [17, 23], [18, 23], [19, 20], [21, 24], [22, 24]], "tanks": [{"capacity": 591, "impossibleCargos": [1, 3, 4, 5, 6, 7, 10, 11, 12, 13, 14, 15, 16, 17, 18, 19, 21, 22, 23, 24], "neighbors": [4, 14, 3, 8, 9, 6, 7, 24, 17, 18, 22]}, {"capacity": 335, "impossibleCargos": [0, 1, 2, 5, 7, 8, 9, 10, 11, 12, 14, 15, 16, 17, 19, 22], "neighbors": [9, 11, 4, 2, 18, 6, 17, 13, 23, 3, 22, 19, 21, 16, 7]}, {"capacity": 737, "impossibleCargos": [0, 1, 2, 4, 5, 7, 8, 10, 11, 12, 13, 14, 15, 16, 17, 18, 20, 21, 22, 23], "neighbors": [3, 1, 24, 4, 11, 20, 5, 10, 16, 7]}, {"capacity": 903, "impossibleCargos": [1, 2, 4, 7, 9, 10, 11, 12, 13, 14, 15, 16, 17, 18, 19, 21, 22, 23, 24], "neighbors": [8, 14, 2, 10, 9, 0, 23, 1, 21, 20, 24, 19]}, {"capacity": 753, "impossibleCargos": [0, 1, 2, 3, 4, 5, 7, 8, 9, 10, 12, 13, 15, 16, 17, 19, 20, 22, 23, 24], "neighbors": [1, 0, 14, 2, 11, 6, 17, 22, 12, 19, 7]}, {"capacity": 947, "impossibleCargos": [0, 1, 2, 4, 5, 6, 7, 8, 9, 12, 13, 14, 15, 16, 17, 18, 20, 21, 22, 23], "neighbors": [23, 6, 18, 20, 24, 2, 19]}, {"capacity": 588, "impossibleCargos": [0, 1, 2, 3, 5, 7, 8, 9, 10, 11, 12, 13, 14, 15, 16, 17, 18, 19, 22, 23, 24], "neighbors": [19, 18, 8, 17, 7, 1, 5, 13, 10, 15, 0, 9, 24, 22, 4, 14]}, {"capacity": 578, "impossibleCargos": [2, 3, 4, 5, 6, 7, 8, 9, 10, 11, 12, 13, 14, 15, 16, 17, 18, 19, 20, 21, 22, 23], "neighbors": [23, 19, 18, 6, 0, 15, 1, 11, 12, 4, 2]}, {"capacity": 927, "impossibleCargos": [0, 3, 7, 8, 9, 10, 13, 14, 15, 16, 18, 19, 20, 21, 22, 24], "neighbors": [9, 3, 6, 10, 15, 20, 0, 23, 16, 17, 24]}, {"capacity": 365, "impossibleCargos": [0, 1, 2, 3, 5, 8, 9, 12, 13, 14, 15, 16, 18, 19, 20, 24], "neighbors": [23, 8, 1, 3, 10, 24, 22, 17, 0, 6, 11, 21, 15]}, {"capacity": 385, "impossibleCargos": [1, 2, 3, 4, 7, 9, 10, 11, 12, 15, 16, 17, 18, 19, 22, 23, 24], "neighbors": [3, 9, 17, 12, 8, 11, 6, 19, 15, 14, 13, 2, 20, 21]}, {"capacity": 684, "impossibleCargos": [1, 2, 3, 5, 7, 9, 10, 11, 12, 13, 15, 17, 19, 20, 24], "neighbors": [1, 13, 15, 10, 9, 4, 17, 2, 20, 7, 16, 12]}, {"capacity": 432, "impossibleCargos": [0, 1, 2, 3, 4, 5, 7, 8, 9, 10, 14, 16, 17, 18, 19, 21], "neighbors": [18, 17, 15, 10, 21, 16, 4, 7, 11, 20, 22, 24]}, {"capacity": 425, "impossibleCargos": [0, 1, 2, 3, 4, 5, 6, 7, 10, 11, 12, 13, 15, 17, 19, 22, 23, 24], "neighbors": [20, 11, 22, 6, 1, 23, 10]}, {"capacity": 290, "impossibleCargos": [0, 1, 2, 3, 4, 5, 7, 10, 12, 13, 15, 16, 17, 19, 22, 23, 24], "neighbors": [3, 15, 17, 0, 24, 20, 4, 22, 10, 16, 18, 6]}, {"capacity": 932, "impossibleCargos": [1, 2, 3, 4, 5, 6, 7, 8, 9, 10, 13, 14, 15, 16, 17, 18, 19, 21, 22, 23, 24], "neighbors": [14, 19, 22, 12, 11, 8, 6, 10, 7, 23, 9, 16]}, {"capacity": 956, "impossibleCargos": [2, 3, 4, 5, 7, 9, 11, 15, 16, 17, 18, 20, 22, 23, 24], "neighbors": [19, 24, 8, 12, 17, 21, 1, 14, 22, 11, 20, 15, 2, 18]}, {"capacity": 743, "impossibleCargos": [0, 2, 3, 4, 6, 7, 9, 10, 11, 13, 14, 15, 16, 18, 19, 20, 21, 22, 24], "neighbors": [24, 21, 14, 10, 12, 6, 1, 9, 23, 18, 16, 11, 4, 8, 0]}, {"capacity": 756, "impossibleCargos": [0, 1, 3, 4, 5, 8, 9, 11, 12, 13, 14, 15, 16, 18, 19, 20, 21, 23, 24], "neighbors": [12, 6, 20, 7, 1, 5, 17, 21, 14, 0, 16]}, {"capacity": 378, "impossibleCargos": [0, 1, 2, 6, 8, 9, 10, 11, 12, 13, 14, 15, 17, 18, 19, 20, 21, 23, 24], "neighbors": [23, 6, 16, 15, 7, 10, 1, 4, 5, 3, 21]}, {"capacity": 737, "impossibleCargos": [0, 2, 3, 4, 5, 7, 8, 9, 10, 11, 12, 14, 15, 16, 17, 18, 19, 20, 21, 22, 23, 24], "neighbors": [21, 13, 18, 8, 14, 3, 5, 11, 2, 10, 16, 12, 22]}, {"capacity": 592, "impossibleCargos": [0, 3, 4, 7, 8, 9, 10, 11, 12, 14, 15, 17, 20, 21, 24], "neighbors": [20, 17, 24, 12, 3, 18, 1, 9, 16, 19, 22, 10]}, {"capacity": 701, "impossibleCargos": [1, 4, 5, 7, 8, 9, 10, 11, 12, 17, 19, 20, 22, 23], "neighbors": [15, 9, 13, 14, 1, 6, 23, 24, 4, 16, 21, 12, 20, 0]}, {"capacity": 488, "impossibleCargos": [0, 1, 2, 3, 6, 8, 10, 11, 16, 17, 19, 20, 24], "neighbors": [19, 9, 5, 7, 3, 1, 8, 17, 22, 13, 15]}, {"capacity": 701, "impossibleCargos": [0, 1, 2, 3, 4, 5, 6, 7, 9, 10, 11, 12, 13, 14, 15, 17, 19, 20, 21, 22, 23, 24], "neighbors": [17, 16, 9, 14, 2, 21, 6, 22, 0, 5, 3, 8, 12]}]}