{"volumes": [0, 1184, 1528, 292, 896, 853, 433, 449, 768, 826, 359, 0, 538, 0, 0, 0, 760, 1156, 0, 213, 341, 0, 0, 341, 569], "conflicts": [[0, 5], [0, 6], [0, 16], [1, 11], [3, 13], [3, 20], [3, 21], [4, 15], [4, 18], [5, 14], [5, 15], [5, 18], [5, 22], [6, 18], [7, 13], [7, 14], [7, 15], [7, 19], [8, 21], [8, 23], [9, 15], [9, 18], [10, 12], [10, 13], [10, 14], [10, 16], [11, 12], [11, 17], [11, 18], [13, 19], [14, 20], [14, 22], [15, 16], [15, 19], [15, 20], [15, 23], [15, 24], [16, 18], [16, 22], [18, 22], [21, 22], [22, 24], [23, 24]], "tanks": [{"capacity": 977, "impossibleCargos": [2, 3, 5, 7, 8, 11, 12, 13, 14, 15, 18, 19, 20, 22, 23, 24], "neighbors": [20, 19, 17, 16, 12, 11, 10, 24, 21, 4, 2, 9, 6, 15, 13, 3, 14, 1, 22, 18]}, {"capacity": 653, "impossibleCargos": [0, 2, 4, 5, 7, 9, 10, 12, 19, 24], "neighbors": [10, 22, 21, 8, 18, 2, 9, 19, 24, 6, 16, 4, 3, 12, 23, 0, 11, 5]}, {"capacity": 796, "impossibleCargos": [1, 3, 4, 6, 10, 11, 12, 14, 15, 16, 17, 18, 19, 20, 22, 23], "neighbors": [16, 8, 20, 9, 23, 19, 1, 22, 13, 0, 11, 12, 3, 14, 7, 5, 6]}, {"capacity": 375, "impossibleCargos": [1, 2, 4, 6, 7, 10, 13, 14, 17, 18, 19, 20, 23], "neighbors": [15, 8, 16, 17, 4, 6, 13, 12, 21, 1, 5, 18, 9, 22, 2, 0, 23, 24, 20]}, {"capacity": 831, "impossibleCargos": [3, 4, 6, 9, 10, 12, 14, 18, 23], "neighbors": [19, 6, 18, 5, 16, 24, 3, 0, 8, 1, 23, 12, 20, 13, 17]}, {"capacity": 767, "impossibleCargos": [0, 3, 5, 6, 11, 14, 15, 17, 18, 21, 22, 23, 24], "neighbors": [4, 11, 10, 17, 19, 7, 16, 9, 12, 20, 18, 3, 14, 8, 15, 22, 2, 21, 1]}, {"capacity": 263, "impossibleCargos": [0, 2, 3, 4, 6, 7, 8, 11, 15, 18, 19, 21, 22, 23, 24], "neighbors": [9, 4, 18, 23, 19, 12, 3, 20, 7, 17, 14, 1, 21, 0, 22, 11, 2]}, {"capacity": 315, "impossibleCargos": [1, 5, 6, 7, 8, 11, 13, 14, 17, 18, 21, 22, 23], "neighbors": [23, 9, 24, 5, 18, 8, 6, 21, 13, 17, 11, 15, 16, 10, 19, 2]}, {"capacity": 860, "impossibleCargos": [0, 1, 2, 3, 5, 6, 9, 11, 13, 14, 16, 18, 19, 21, 22], "neighbors": [13, 2, 3, 23, 1, 22, 16, 7, 4, 11, 12, 5, 14, 10, 17, 18, 24, 21]}, {"capacity": 821, "impossibleCargos": [0, 1, 3, 4, 5, 6, 7, 9, 10, 12, 14, 15, 17, 18, 19, 20, 21, 23, 24], "neighbors": [6, 14, 19, 16, 2, 7, 21, 1, 5, 17, 11, 0, 3, 20, 24, 23, 18, 10]}, {"capacity": 688, "impossibleCargos": [0, 3, 4, 5, 6, 7, 8, 10, 11, 14, 15, 16, 17], "neighbors": [1, 17, 23, 5, 19, 0, 18, 13, 7, 14, 24, 15, 21, 8, 12, 9, 20]}, {"capacity": 676, "impossibleCargos": [0, 1, 2, 4, 9, 10, 11, 13, 14, 15, 23], "neighbors": [18, 5, 15, 14, 0, 23, 22, 9, 19, 16, 2, 8, 7, 20, 12, 24, 6, 1, 13]}, {"capacity": 558, "impossibleCargos": [0, 8, 10, 12, 15, 16, 17, 22, 23, 24], "neighbors": [0, 24, 22, 6, 5, 3, 8, 2, 1, 23, 11, 4, 20, 10, 13, 15, 16, 19, 17]}, {"capacity": 547, "impossibleCargos": [0, 3, 5, 6, 7, 13, 16, 24], "neighbors": [17, 8, 19, 2, 7, 3, 10, 0, 20, 14, 22, 23, 21, 12, 18, 4, 11]}, {"capacity": 356, "impossibleCargos": [0, 1, 2, 3, 4, 5, 6, 7, 10, 12, 15, 19, 23, 24], "neighbors": [15, 18, 9, 11, 21, 6, 23, 13, 5, 10, 16, 2, 8, 0]}, {"capacity": 616, "impossibleCargos": [4, 6, 7, 10, 12, 13, 15, 16, 17, 20, 24], "neighbors": [14, 23, 3, 11, 16, 24, 0, 7, 17, 22, 10, 5, 21, 12, 19]}, {"capacity": 737, "impossibleCargos": [0, 1, 4, 8, 9, 10, 12, 14, 15, 16, 19, 24], "neighbors": [2, 4, 0, 9, 17, 3, 20, 5, 15, 8, 24, 11, 1, 7, 22, 21, 14, 19, 18, 12, 23]}, {"capacity": 226, "impossibleCargos": [3, 4, 7, 8, 10, 14, 15, 16, 17, 18, 20, 21, 22], "neighbors": [10, 13, 0, 16, 18, 5, 3, 19, 21, 9, 6, 7, 23, 15, 20, 22, 8, 24, 12, 4]}, {"capacity": 482, "impossibleCargos": [1, 2, 4, 6, 12, 13, 16, 18, 19, 23], "neighbors": [11, 4, 19, 14, 6, 17, 1, 10, 7, 24, 5, 3, 21, 20, 16, 8, 9, 13, 0]}, {"capacity": 839, "impossibleCargos": [0, 1, 2, 4, 5, 7, 10, 13, 16, 19, 20, 21, 22, 23, 24], "neighbors": [4, 18, 0, 9, 10, 6, 5, 17, 22, 2, 13, 1, 23, 11, 21, 7, 16, 15, 12, 20]}, {"capacity": 915, "impossibleCargos": [0, 1, 3, 4, 8, 11, 14, 15, 16, 18, 23], "neighbors": [0, 2, 16, 21, 6, 5, 22, 24, 11, 13, 18, 17, 9, 12, 4, 3, 19, 10]}, {"capacity": 734, "impossibleCargos": [0, 1, 2, 3, 5, 6, 8, 12, 13, 14, 16, 17, 19, 21, 24], "neighbors": [22, 1, 20, 9, 17, 14, 23, 0, 7, 24, 3, 6, 18, 19, 16, 13, 10, 15, 5, 8]}, {"capacity": 807, "impossibleCargos": [0, 1, 2, 7, 8, 9, 11, 12, 14, 16, 17, 18, 19, 22, 23], "neighbors": [1, 21, 24, 19, 12, 8, 2, 11, 20, 16, 13, 6, 3, 15, 17, 5, 0]}, {"capacity": 468, "impossibleCargos": [2, 8, 9, 10, 11, 12, 15, 18, 19], "neighbors": [10, 15, 6, 7, 8, 2, 11, 21, 24, 19, 14, 17, 4, 12, 1, 13, 9, 3, 16]}, {"capacity": 856, "impossibleCargos": [0, 3, 7, 10, 13, 16, 23], "neighbors": [4, 12, 22, 7, 15, 16, 0, 23, 1, 18, 20, 21, 11, 10, 9, 8, 3, 17]}]}