{"volumes": [223, 264, 636, 0, 755, 257, 334, 0, 248, 644, 608, 0, 1503, 0, 1221, 0, 0, 990, 471, 322, 0, 810, 720, 403, 1661], "conflicts": [[0, 8], [0, 20], [1, 11], [2, 9], [3, 7], [3, 8], [3, 11], [3, 14], [3, 17], [3, 20], [4, 15], [5, 11], [5, 15], [7, 9], [7, 10], [7, 16], [7, 18], [7, 19], [8, 13], [9, 16], [9, 20], [10, 13], [10, 18], [10, 20], [11, 16], [11, 17], [12, 13], [12, 16], [13, 21], [13, 23], [15, 16], [15, 17], [15, 21], [16, 18], [16, 22], [19, 20], [19, 23]], "tanks": [{"capacity": 526, "impossibleCargos": [0, 1, 3, 4, 5, 6, 7, 9, 10, 12, 13, 15, 21, 24], "neighbors": [4, 16, 12, 21, 1, 24, 5, 22, 13, 23, 17, 7, 20, 9, 8, 3, 14, 2]}, {"capacity": 383, "impossibleCargos": [2, 11, 13, 14, 17, 20, 23, 24], "neighbors": [4, 2, 5, 12, 21, 8, 3, 17, 0, 7, 9, 16, 10, 22, 13, 11, 23, 19, 6]}, {"capacity": 784, "impossibleCargos": [0, 2, 3, 5, 6, 8, 9, 10, 13, 14, 20, 22, 23], "neighbors": [23, 1, 24, 8, 9, 13, 5, 16, 11, 15, 19, 12, 3, 18, 17, 7, 0, 14]}, {"capacity": 789, "impossibleCargos": [0, 1, 2, 3, 7, 8, 13, 15, 16, 17, 19, 20, 22], "neighbors": [17, 22, 1, 5, 8, 13, 16, 12, 7, 14, 24, 2, 20, 10, 15, 23, 21, 0, 11, 6]}, {"capacity": 298, "impossibleCargos": [0, 4, 6, 7, 8, 11, 12, 13, 15, 16, 18, 20, 21, 24], "neighbors": [7, 1, 14, 13, 10, 24, 0, 5, 11, 9, 16, 15, 20, 6, 8, 23, 18, 21]}, {"capacity": 608, "impossibleCargos": [1, 4, 5, 7, 8, 9, 10, 11, 12, 14, 16, 17, 18, 19, 23, 24], "neighbors": [11, 1, 23, 4, 7, 22, 18, 3, 14, 2, 19, 20, 12, 0, 9, 24, 21, 10, 16]}, {"capacity": 879, "impossibleCargos": [0, 3, 11, 13, 15, 16, 17, 18, 19, 24], "neighbors": [9, 22, 7, 21, 18, 11, 13, 20, 16, 14, 24, 10, 8, 15, 4, 23, 12, 1, 3]}, {"capacity": 299, "impossibleCargos": [1, 2, 3, 4, 6, 8, 9, 12, 14, 15, 17, 19, 20, 22, 24], "neighbors": [4, 19, 5, 1, 6, 16, 24, 3, 22, 21, 17, 0, 14, 2, 20, 12, 23, 10]}, {"capacity": 492, "impossibleCargos": [2, 4, 5, 9, 10, 12, 15, 16, 17, 18, 19, 20, 21, 22, 24], "neighbors": [13, 20, 22, 1, 24, 11, 3, 2, 16, 9, 18, 6, 4, 0, 15, 10]}, {"capacity": 728, "impossibleCargos": [2, 3, 4, 9, 12, 15, 18, 20, 21], "neighbors": [6, 22, 12, 16, 11, 14, 2, 20, 21, 1, 4, 5, 8, 19, 17, 0]}, {"capacity": 895, "impossibleCargos": [2, 6, 13, 15, 19, 20], "neighbors": [4, 15, 20, 11, 14, 1, 24, 16, 3, 21, 6, 5, 13, 8, 17, 7]}, {"capacity": 691, "impossibleCargos": [2, 3, 4, 7, 9, 11, 13, 15, 16, 20, 21], "neighbors": [5, 13, 23, 8, 14, 9, 10, 17, 6, 2, 4, 16, 19, 21, 22, 1, 3, 12]}, {"capacity": 839, "impossibleCargos": [0, 1, 2, 5, 7, 8, 9, 11, 14, 16, 19, 20, 22], "neighbors": [1, 18, 23, 9, 13, 0, 3, 22, 5, 20, 2, 15, 17, 6, 14, 24, 7, 11]}, {"capacity": 881, "impossibleCargos": [0, 3, 6, 8, 9, 11, 15, 17, 18, 21, 22], "neighbors": [8, 4, 19, 11, 23, 14, 12, 18, 3, 2, 6, 20, 17, 0, 1, 21, 10, 16]}, {"capacity": 372, "impossibleCargos": [2, 3, 6, 7, 8, 12, 13, 15, 16, 17, 19, 21, 24], "neighbors": [21, 4, 23, 17, 13, 18, 19, 11, 5, 9, 15, 20, 10, 3, 24, 6, 22, 7, 12, 0, 2]}, {"capacity": 297, "impossibleCargos": [2, 3, 5, 12, 22, 23], "neighbors": [10, 14, 23, 19, 2, 20, 16, 21, 22, 18, 4, 12, 17, 3, 6, 24, 8]}, {"capacity": 765, "impossibleCargos": [1, 2, 3, 6, 8, 10, 11, 12, 13, 14, 17, 18, 19, 22, 23, 24], "neighbors": [9, 0, 3, 22, 7, 2, 1, 15, 8, 11, 6, 18, 4, 10, 21, 5, 13, 24]}, {"capacity": 771, "impossibleCargos": [0, 4, 7, 10, 11, 12, 13, 14, 15, 17, 18, 19, 21, 22, 23], "neighbors": [3, 23, 18, 14, 24, 22, 1, 20, 11, 19, 7, 13, 0, 15, 12, 2, 9, 10]}, {"capacity": 389, "impossibleCargos": [0, 3, 4, 5, 6, 7, 9, 17, 18, 22, 23], "neighbors": [12, 17, 5, 14, 13, 20, 22, 6, 15, 16, 19, 8, 2, 23, 4, 24]}, {"capacity": 773, "impossibleCargos": [1, 2, 4, 8, 9, 11, 15, 17, 18, 23, 24], "neighbors": [20, 13, 7, 14, 15, 5, 17, 2, 24, 23, 11, 18, 9, 21, 22, 1]}, {"capacity": 861, "impossibleCargos": [1, 3, 5, 6, 9, 10, 13, 14, 19, 22, 23, 24], "neighbors": [19, 8, 17, 10, 21, 14, 9, 18, 13, 5, 15, 12, 22, 6, 24, 3, 4, 0, 7]}, {"capacity": 953, "impossibleCargos": [2, 3, 4, 5, 7, 8, 11, 12, 14, 16, 19, 22, 23], "neighbors": [23, 14, 1, 24, 0, 20, 6, 9, 7, 22, 15, 5, 11, 16, 10, 19, 13, 3, 4]}, {"capacity": 746, "impossibleCargos": [4, 5, 6, 10, 11, 13, 14, 15, 16, 17, 18, 22], "neighbors": [6, 9, 3, 5, 8, 17, 16, 12, 7, 18, 20, 21, 0, 1, 15, 11, 14, 19]}, {"capacity": 350, "impossibleCargos": [0, 1, 2, 4, 6, 8, 9, 11, 13, 14, 16, 17, 18, 20, 21, 22, 24], "neighbors": [2, 24, 21, 17, 14, 5, 12, 13, 11, 15, 0, 19, 1, 3, 18, 4, 6, 7]}, {"capacity": 819, "impossibleCargos": [3, 8, 12, 13, 14, 17, 20, 21], "neighbors": [23, 4, 17, 21, 8, 2, 7, 0, 3, 14, 10, 19, 5, 6, 20, 15, 12, 18, 16]}]}