{"volumes": [0, 0, 454, 1336, 1078, 621, 787, 186, 0, 183, 0, 316, 0, 255, 353, 240, 1199, 163, 924, 0, 0, 0, 243, 496, 1134], "conflicts": [[0, 1], [0, 3], [0, 5], [0, 7], [0, 8], [0, 10], [0, 11], [0, 12], [0, 13], [0, 14], [0, 16], [0, 19], [0, 21], [1, 3], [1, 6], [1, 9], [1, 13], [1, 15], [1, 19], [2, 8], [2, 10], [2, 11], [2, 12], [2, 19], [2, 20], [2, 21], [3, 8], [3, 10], [3, 15], [3, 20], [3, 21], [4, 12], [4, 19], [4, 20], [4, 21], [5, 8], [5, 11], [5, 12], [5, 19], [5, 20], [5, 21], [5, 23], [6, 10], [6, 12], [6, 20], [6, 21], [7, 12], [7, 17], [7, 20], [7, 23], [8, 9], [8, 15], [8, 16], [8, 17], [8, 18], [8, 19], [8, 20], [8, 22], [8, 24], [9, 14], [9, 19], [9, 20], [10, 12], [10, 15], [10, 16], [10, 17], [10, 18], [10, 22], [10, 23], [10, 24], [11, 21], [12, 16], [12, 17], [12, 18], [12, 23], [13, 19], [14, 20], [14, 21], [15, 19], [16, 20], [16, 21], [17, 18], [17, 21], [18, 20], [18, 21], [19, 21], [19, 24], [21, 22], [21, 24]], "tanks": [{"capacity": 212, "impossibleCargos": [0, 3, 4, 5, 6, 12, 14, 15, 16, 18, 20, 21, 22, 24], "neighbors": [24, 12, 19, 21, 14, 4, 16, 17, 5, 23, 10, 22, 18, 8, 9, 7, 3, 11, 20]}, {"capacity": 942, "impossibleCargos": [1, 3, 5, 9, 13, 15, 19, 20, 23, 24], "neighbors": [20, 8, 2, 7, 24, 5, 22, 10, 23, 14, 4, 16, 3, 6, 17]}, {"capacity": 956, "impossibleCargos": [0, 1, 2, 3, 4, 6, 8, 10, 13, 17, 20, 21, 24], "neighbors": [7, 1, 4, 9, 16, 3, 13, 10, 15, 24, 12, 21, 5, 22]}, {"capacity": 564, "impossibleCargos": [1, 2, 3, 6, 11, 13, 16, 17, 19, 21, 22], "neighbors": [5, 4, 21, 12, 24, 20, 11, 17, 16, 10, 22, 2, 13, 14, 19, 1, 18, 15, 0, 9]}, {"capacity": 351, "impossibleCargos": [0, 2, 6, 8, 10, 11, 15, 16, 20, 24], "neighbors": [23, 3, 0, 19, 2, 20, 18, 5, 13, 11, 15, 17, 1, 7, 8, 14, 10, 12, 6]}, {"capacity": 601, "impossibleCargos": [0, 1, 2, 6, 8, 9, 10, 12, 13, 14, 15, 17, 18, 20, 22], "neighbors": [3, 7, 6, 1, 13, 9, 17, 0, 4, 11, 12, 2, 8, 14]}, {"capacity": 265, "impossibleCargos": [2, 4, 5, 8, 9, 11, 12, 13, 14, 16, 20, 21, 22, 23], "neighbors": [10, 22, 23, 5, 11, 7, 8, 18, 17, 13, 21, 20, 16, 14, 1, 24, 9, 15, 12, 19, 4]}, {"capacity": 938, "impossibleCargos": [2, 4, 8, 9, 13, 15, 17, 18, 19, 23, 24], "neighbors": [2, 1, 5, 8, 6, 16, 23, 14, 18, 19, 4, 12, 15, 11, 0, 21]}, {"capacity": 860, "impossibleCargos": [0, 4, 5, 7, 10, 11, 12, 15, 17, 18, 19, 22, 23, 24], "neighbors": [1, 7, 6, 13, 24, 11, 17, 18, 21, 16, 12, 23, 4, 14, 22, 0, 9, 5]}, {"capacity": 450, "impossibleCargos": [0, 1, 2, 3, 4, 5, 6, 7, 10, 11, 12, 14, 15, 16, 18, 20, 21], "neighbors": [13, 11, 17, 2, 24, 5, 22, 23, 16, 10, 12, 21, 6, 0, 8, 3]}, {"capacity": 489, "impossibleCargos": [0, 1, 2, 3, 4, 5, 6, 11, 12, 15, 18, 22, 23, 24], "neighbors": [6, 19, 12, 22, 13, 11, 17, 18, 21, 1, 3, 0, 16, 2, 9, 24, 14, 23, 15, 4]}, {"capacity": 695, "impossibleCargos": [8, 13, 15, 16, 18, 20], "neighbors": [19, 9, 15, 10, 6, 23, 8, 13, 14, 3, 22, 4, 18, 16, 21, 5, 20, 7, 0]}, {"capacity": 457, "impossibleCargos": [0, 2, 3, 4, 6, 9, 11, 12, 13, 20, 21, 22], "neighbors": [16, 0, 20, 10, 3, 13, 17, 15, 18, 19, 24, 21, 23, 8, 9, 7, 2, 5, 6, 22, 4]}, {"capacity": 363, "impossibleCargos": [1, 2, 7, 11, 15, 16, 17, 18, 19, 23, 24], "neighbors": [9, 10, 24, 5, 8, 12, 16, 11, 6, 18, 17, 21, 4, 2, 3, 23, 22, 19]}, {"capacity": 963, "impossibleCargos": [0, 1, 2, 4, 5, 6, 7, 10, 13, 16, 17, 19, 20], "neighbors": [24, 0, 15, 23, 11, 21, 7, 1, 3, 22, 10, 20, 8, 6, 17, 16, 19, 4, 5]}, {"capacity": 296, "impossibleCargos": [0, 1, 4, 8, 9, 10, 11, 12, 15, 16, 17, 20, 21, 22, 23, 24], "neighbors": [11, 23, 21, 14, 24, 20, 12, 19, 4, 22, 18, 17, 16, 2, 7, 3, 6, 10]}, {"capacity": 514, "impossibleCargos": [1, 3, 5, 7, 8, 9, 10, 11, 12, 14, 15, 16, 19, 20, 21, 22, 23], "neighbors": [12, 21, 7, 0, 13, 23, 24, 2, 17, 8, 3, 9, 1, 10, 11, 6, 15, 20, 18, 14]}, {"capacity": 941, "impossibleCargos": [1, 4, 6, 10, 12, 14, 15, 18, 19, 20, 21, 22, 23], "neighbors": [18, 10, 9, 12, 19, 8, 6, 13, 0, 16, 5, 3, 20, 23, 4, 22, 24, 15, 14, 21, 1]}, {"capacity": 420, "impossibleCargos": [1, 3, 9, 10, 13, 16, 17, 19, 22, 23], "neighbors": [20, 17, 21, 10, 6, 13, 8, 4, 7, 12, 19, 11, 0, 22, 15, 3, 16]}, {"capacity": 335, "impossibleCargos": [2, 3, 4, 5, 8, 10, 11, 13, 17, 20, 21, 23], "neighbors": [11, 10, 0, 4, 17, 21, 22, 15, 12, 18, 7, 3, 23, 14, 6, 13]}, {"capacity": 887, "impossibleCargos": [0, 2, 4, 10, 13, 14, 15, 17, 18, 19, 21, 22], "neighbors": [1, 12, 18, 15, 3, 4, 17, 6, 14, 11, 16, 21, 22, 23, 0, 24]}, {"capacity": 677, "impossibleCargos": [0, 1, 2, 7, 10, 11, 12, 13, 14, 16, 19, 20, 21, 24], "neighbors": [16, 24, 0, 3, 15, 18, 19, 14, 10, 13, 6, 8, 12, 11, 17, 2, 9, 20, 22, 7]}, {"capacity": 504, "impossibleCargos": [1, 6, 12, 15, 18, 20], "neighbors": [10, 6, 1, 11, 19, 9, 3, 17, 14, 0, 15, 18, 8, 13, 2, 20, 21, 12]}, {"capacity": 828, "impossibleCargos": [0, 2, 6, 8, 9, 10, 11, 12, 13, 14, 16, 23], "neighbors": [24, 4, 6, 15, 11, 16, 14, 7, 1, 9, 0, 17, 12, 8, 10, 13, 19, 20]}, {"capacity": 273, "impossibleCargos": [4, 6, 8, 12, 13, 15, 17, 18, 19, 20, 21, 24], "neighbors": [23, 0, 21, 14, 13, 1, 8, 3, 15, 16, 9, 12, 10, 17, 2, 6, 20]}]}