{"volumes": [523, 483, 0, 259, 485, 227, 442, 0, 443, 0, 0, 195, 479, 231, 485, 0, 0, 259, 0, 191, 269, 250, 0, 219, 285], "conflicts": [[0, 10], [0, 13], [0, 19], [0, 21], [1, 5], [1, 9], [1, 22], [2, 10], [2, 11], [2, 13], [2, 16], [2, 24], [3, 5], [3, 16], [4, 11], [4, 15], [5, 9], [5, 10], [5, 17], [5, 20], [5, 24], [7, 9], [7, 12], [8, 13], [8, 15], [8, 16], [9, 16], [9, 17], [9, 21], [10, 11], [10, 13], [10, 21], [10, 23], [11, 17], [12, 15], [12, 22], [12, 23], [12, 24], [13, 17], [13, 20], [15, 18], [15, 22], [15, 24], [16, 17], [16, 24], [17, 20], [17, 23], [18, 19], [18, 23], [21, 24]], "tanks": [{"capacity": 264, "impossibleCargos": [4, 6, 10, 15, 16, 22, 23, 24], "neighbors": [2, 9, 22, 6, 1, 21, 14]}, {"capacity": 267, "impossibleCargos": [0, 11], "neighbors": [10, 12, 18, 4, 15, 0]}, {"capacity": 264, "impossibleCargos": [9, 10, 11, 12, 13, 15, 16, 20, 23], "neighbors": [0, 22, 9, 6, 24, 13]}, {"capacity": 268, "impossibleCargos": [1, 8, 10, 13, 14, 19, 23], "neighbors": [7, 16, 18, 17]}, {"capacity": 245, "impossibleCargos": [7, 10, 18, 19, 22, 23, 24], "neighbors": [1, 10, 16, 17]}, {"capacity": 275, "impossibleCargos": [0, 1, 2, 4, 9, 17, 19], "neighbors": [10, 19, 8, 9, 7]}, {"capacity": 235, "impossibleCargos": [3, 5, 8, 9, 10, 11, 24], "neighbors": [19, 21, 0, 12, 20, 14, 2, 16]}, {"capacity": 231, "impossibleCargos": [2, 11, 20, 24], "neighbors": [21, 3, 18, 11, 24, 12, 17, 5]}, {"capacity": 238, "impossibleCargos": [0, 15, 17, 22], "neighbors": [12, 14, 5, 23, 22, 18]}, {"capacity": 227, "impossibleCargos": [4, 13, 16, 23], "neighbors": [0, 5, 2, 16]}, {"capacity": 222, "impossibleCargos": [1, 3, 4, 11, 13, 14, 16, 18, 21, 24], "neighbors": [1, 19, 5, 18, 4]}, {"capacity": 248, "impossibleCargos": [2, 3, 8, 9, 12, 16, 19, 20, 22], "neighbors": [7, 18, 16, 22, 21]}, {"capacity": 276, "impossibleCargos": [4, 6, 13, 22], "neighbors": [19, 8, 24, 18, 1, 7, 6, 14]}, {"capacity": 266, "impossibleCargos": [0, 5, 8, 10, 11, 12, 13, 20], "neighbors": [18, 15, 2]}, {"capacity": 297, "impossibleCargos": [3, 7, 13, 19], "neighbors": [8, 6, 12, 18, 0, 19]}, {"capacity": 211, "impossibleCargos": [1, 2, 4, 7, 10, 11, 12, 17, 18], "neighbors": [22, 16, 17, 1, 13]}, {"capacity": 209, "impossibleCargos": [1, 4, 5, 14, 15, 16, 21], "neighbors": [3, 15, 11, 9, 18, 4, 6, 21]}, {"capacity": 278, "impossibleCargos": [5, 17, 18, 23, 24], "neighbors": [7, 15, 24, 3, 4]}, {"capacity": 299, "impossibleCargos": [1, 7, 10, 12, 19, 23], "neighbors": [13, 12, 7, 10, 1, 11, 3, 16, 20, 14, 24, 8]}, {"capacity": 222, "impossibleCargos": [2, 9, 15, 20], "neighbors": [12, 10, 6, 5, 23, 14]}, {"capacity": 257, "impossibleCargos": [0, 2, 3, 5, 10, 12], "neighbors": [23, 6, 18]}, {"capacity": 254, "impossibleCargos": [1, 3, 11, 12, 15, 18, 22], "neighbors": [7, 6, 0, 11, 16, 23]}, {"capacity": 205, "impossibleCargos": [0, 6, 22], "neighbors": [24, 0, 15, 2, 11, 23, 8]}, {"capacity": 300, "impossibleCargos": [1, 2, 5, 10, 13, 17, 22, 23], "neighbors": [24, 20, 19, 8, 22, 21]}, {"capacity": 209, "impossibleCargos": [0, 2, 8, 24], "neighbors": [12, 23, 22, 7, 17, 2, 18]}]}