{"volumes": [440, 475, 220, 288, 257, 0, 0, 233, 276, 472, 256, 274, 0, 0, 510, 0, 243, 0, 233, 286, 490, 490, 0, 445, 0], "conflicts": [[0, 2], [0, 5], [0, 6], [0, 7], [0, 12], [0, 15], [0, 17], [0, 18], [0, 19], [0, 22], [0, 24], [1, 2], [1, 3], [1, 5], [1, 6], [1, 8], [1, 10], [1, 17], [1, 18], [1, 19], [1, 22], [1, 24], [2, 6], [2, 10], [2, 11], [2, 12], [2, 14], [2, 15], [2, 16], [2, 21], [2, 22], [2, 24], [3, 4], [3, 7], [3, 10], [3, 11], [3, 12], [3, 13], [3, 15], [3, 17], [3, 19], [3, 22], [3, 23], [3, 24], [4, 5], [4, 6], [4, 7], [4, 12], [4, 13], [4, 15], [4, 16], [4, 17], [4, 18], [4, 19], [4, 22], [4, 24], [5, 6], [5, 7], [5, 8], [5, 9], [5, 10], [5, 12], [5, 13], [5, 14], [5, 15], [5, 16], [5, 17], [5, 18], [5, 19], [5, 20], [5, 22], [5, 23], [5, 24], [6, 7], [6, 8], [6, 9], [6, 11], [6, 13], [6, 15], [6, 17], [6, 18], [6, 19], [6, 23], [6, 24], [7, 8], [7, 12], [7, 13], [7, 15], [7, 16], [7, 17], [7, 19], [7, 20], [7, 23], [7, 24], [8, 11], [8, 12], [8, 13], [8, 14], [8, 15], [8, 16], [8, 19], [8, 22], [9, 12], [9, 13], [9, 15], [9, 23], [9, 24], [10, 12], [10, 13], [10, 14], [10, 15], [10, 16], [10, 17], [10, 22], [10, 24], [11, 13], [11, 18], [11, 19], [11, 22], [11, 23], [11, 24], [12, 16], [12, 17], [12, 19], [12, 21], [12, 22], [12, 23], [13, 15], [13, 16], [13, 18], [13, 19], [13, 20], [13, 21], [13, 22], [13, 23], [13, 24], [14, 16], [14, 17], [14, 19], [14, 21], [14, 22], [14, 23], [14, 24], [15, 16], [15, 17], [15, 18], [15, 19], [15, 20], [15, 21], [15, 23], [15, 24], [16, 17], [16, 18], [16, 19], [16, 22], [16, 24], [17, 20], [17, 21], [17, 22], [18, 19], [18, 21], [18, 24], [19, 20], [19, 21], [19, 22], [19, 24], [20, 21], [20, 23], [21, 22], [21, 23], [21, 24], [22, 23], [22, 24], [23, 24]], "tanks": [{"capacity": 278, "impossibleCargos": [1, 7, 9, 11, 12, 17, 24], "neighbors": [6, 14, 20, 8, 11]}, {"capacity": 281, "impossibleCargos": [0, 3, 4, 9, 10, 22, 23], "neighbors": [11, 9, 22, 14, 2, 19]}, {"capacity": 234, "impossibleCargos": [1, 9, 15, 17, 24], "neighbors": [23, 11, 8, 1, 14, 18]}, {"capacity": 241, "impossibleCargos": [1, 6, 10, 11, 14, 16], "neighbors": [23, 15, 12, 11]}, {"capacity": 296, "impossibleCargos": [1, 2, 4, 7, 9, 10, 15, 16, 17, 22, 24], "neighbors": [8, 13, 11, 19, 15, 18]}, {"capacity": 272, "impossibleCargos": [10, 15, 23], "neighbors": [9, 8, 24, 10, 19]}, {"capacity": 247, "impossibleCargos": [0, 3, 5, 7, 13, 20], "neighbors": [23, 22, 18, 0, 9, 14, 17, 20]}, {"capacity": 291, "impossibleCargos": [1, 6, 11, 12, 17, 22, 23], "neighbors": [15, 17, 12]}, {"capacity": 275, "impossibleCargos": [3, 5, 12, 14], "neighbors": [23, 4, 2, 17, 24, 16, 5, 0]}, {"capacity": 206, "impossibleCargos": [3, 4, 8, 13, 14, 16, 18, 19, 20, 24], "neighbors": [1, 11, 5, 12, 6, 19, 20]}, {"capacity": 266, "impossibleCargos": [2, 4, 6, 9, 11, 12], "neighbors": [24, 23, 17, 12, 20, 5]}, {"capacity": 242, "impossibleCargos": [2, 8, 10, 11, 15, 23], "neighbors": [15, 2, 1, 4, 9, 3, 0]}, {"capacity": 272, "impossibleCargos": [1, 6, 16, 21], "neighbors": [21, 3, 9, 24, 10, 7]}, {"capacity": 265, "impossibleCargos": [5, 9, 10, 15, 17, 23, 24], "neighbors": [4, 17, 14]}, {"capacity": 294, "impossibleCargos": [8, 11, 16, 17, 19, 24], "neighbors": [22, 18, 1, 13, 2, 0, 6]}, {"capacity": 231, "impossibleCargos": [1, 4, 10, 17, 18, 19, 24], "neighbors": [11, 3, 21, 22, 7, 4, 19, 16]}, {"capacity": 284, "impossibleCargos": [17, 20], "neighbors": [22, 21, 8, 15]}, {"capacity": 276, "impossibleCargos": [2, 3, 6, 7, 11, 16, 17, 18], "neighbors": [8, 13, 7, 24, 21, 10, 6]}, {"capacity": 234, "impossibleCargos": [1, 2, 8, 9, 10, 11, 18, 19, 22, 24], "neighbors": [6, 24, 14, 2, 4]}, {"capacity": 271, "impossibleCargos": [9, 11, 12, 18, 20, 23], "neighbors": [20, 4, 1, 15, 23, 9, 5]}, {"capacity": 241, "impossibleCargos": [6, 11, 15], "neighbors": [19, 24, 22, 0, 10, 9, 6]}, {"capacity": 278, "impossibleCargos": [16, 18, 22], "neighbors": [12, 15, 16, 17]}, {"capacity": 204, "impossibleCargos": [2, 3, 12, 17, 18, 20], "neighbors": [14, 24, 6, 1, 16, 15, 20]}, {"capacity": 211, "impossibleCargos": [0, 3, 10, 12, 17, 18], "neighbors": [6, 2, 3, 8, 10, 19]}, {"capacity": 285, "impossibleCargos": [3, 9, 10, 11, 14, 15, 17, 20, 21, 24], "neighbors": [22, 20, 8, 18, 10, 17, 12, 5]}]}