{"volumes": [475, 0, 0, 287, 0, 730, 0, 200, 0, 430, 0, 0, 244, 0, 0, 228, 268, 206, 0, 250, 219, 540, 237, 786, 786], "conflicts": [[0, 1], [0, 4], [0, 6], [0, 8], [0, 10], [0, 11], [0, 12], [0, 13], [0, 18], [0, 19], [0, 20], [0, 22], [1, 3], [1, 4], [1, 5], [1, 6], [1, 8], [1, 9], [1, 10], [1, 12], [1, 13], [1, 14], [1, 15], [1, 16], [1, 17], [1, 18], [1, 21], [1, 22], [1, 23], [2, 3], [2, 5], [2, 9], [2, 10], [2, 11], [2, 12], [2, 14], [2, 15], [2, 16], [2, 17], [2, 18], [2, 20], [2, 23], [3, 5], [3, 6], [3, 7], [3, 8], [3, 9], [3, 10], [3, 13], [3, 14], [3, 17], [3, 21], [3, 22], [4, 5], [4, 6], [4, 7], [4, 9], [4, 11], [4, 12], [4, 13], [4, 14], [4, 15], [4, 16], [4, 17], [4, 20], [4, 21], [4, 23], [4, 24], [5, 8], [5, 10], [5, 11], [5, 13], [5, 14], [5, 15], [5, 16], [6, 7], [6, 9], [6, 11], [6, 13], [6, 14], [6, 16], [6, 17], [6, 19], [6, 20], [6, 21], [6, 22], [6, 24], [7, 10], [7, 11], [7, 12], [7, 14], [7, 15], [7, 18], [7, 19], [7, 24], [8, 9], [8, 10], [8, 11], [8, 12], [8, 13], [8, 14], [8, 17], [8, 19], [8, 22], [8, 23], [9, 10], [9, 11], [9, 14], [9, 15], [9, 16], [9, 17], [9, 18], [9, 23], [10, 11], [10, 12], [10, 14], [10, 15], [10, 16], [10, 17], [10, 18], [10, 19], [10, 22], [10, 23], [11, 12], [11, 13], [11, 14], [11, 15], [11, 16], [11, 19], [11, 20], [11, 21], [11, 22], [11, 23], [11, 24], [12, 13], [12, 14], [12, 18], [12, 19], [12, 20], [12, 22], [12, 23], [12, 24], [13, 16], [13, 17], [13, 19], [13, 21], [13, 23], [13, 24], [14, 15], [14, 18], [14, 21], [14, 22], [14, 23], [15, 16], [15, 18], [15, 19], [15, 22], [16, 17], [16, 18], [16, 20], [16, 22], [17, 19], [18, 19], [18, 20], [18, 21], [18, 22], [18, 23], [20, 22], [20, 24], [22, 23], [23, 24]], "tanks": [{"capacity": 219, "impossibleCargos": [8, 10, 13, 14, 22, 24], "neighbors": [3, 4, 23, 17, 5, 9, 20, 14]}, {"capacity": 290, "impossibleCargos": [0, 3, 8, 10, 14, 16, 17], "neighbors": [9, 13, 19, 16, 18, 22, 10]}, {"capacity": 250, "impossibleCargos": [1, 3, 5, 16, 20, 24], "neighbors": [16, 10, 18, 15, 23, 6]}, {"capacity": 251, "impossibleCargos": [0, 17, 19, 20, 21, 22, 24], "neighbors": [0, 17, 11, 9, 12, 4, 18, 19]}, {"capacity": 263, "impossibleCargos": [0, 1, 13, 14, 18, 19, 20, 23], "neighbors": [20, 0, 18, 16, 10, 3]}, {"capacity": 202, "impossibleCargos": [1, 14, 21, 24], "neighbors": [0, 24]}, {"capacity": 297, "impossibleCargos": [1, 12, 15, 17, 19, 23], "neighbors": [21, 13, 2]}, {"capacity": 261, "impossibleCargos": [6, 11, 15, 19, 21], "neighbors": [15, 8, 13, 23]}, {"capacity": 282, "impossibleCargos": [13, 23], "neighbors": [9, 18, 21, 7, 16, 12]}, {"capacity": 287, "impossibleCargos": [1, 9, 10, 18, 22], "neighbors": [1, 14, 20, 8, 3, 18, 12, 0]}, {"capacity": 212, "impossibleCargos": [7, 17, 21, 24], "neighbors": [4, 2, 1, 13]}, {"capacity": 242, "impossibleCargos": [0, 4, 5, 9, 11, 13, 14, 18, 24], "neighbors": [3, 16, 13, 21, 12, 22, 20]}, {"capacity": 299, "impossibleCargos": [3, 8, 14, 17, 19, 21, 23], "neighbors": [20, 9, 21, 3, 11, 8]}, {"capacity": 266, "impossibleCargos": [2, 6, 7, 9, 10, 11, 18, 19], "neighbors": [18, 1, 15, 11, 7, 20, 6, 10]}, {"capacity": 220, "impossibleCargos": [0, 3, 17, 23], "neighbors": [21, 9, 18, 24, 0]}, {"capacity": 287, "impossibleCargos": [4, 6, 15, 20, 21, 22], "neighbors": [20, 19, 7, 17, 13, 2]}, {"capacity": 246, "impossibleCargos": [0, 10], "neighbors": [11, 1, 4, 2, 20, 8]}, {"capacity": 283, "impossibleCargos": [4, 9, 10, 11, 13, 17, 21], "neighbors": [3, 15, 0, 18]}, {"capacity": 259, "impossibleCargos": [2, 3, 4, 9, 15, 16, 18, 23], "neighbors": [13, 19, 4, 9, 8, 1, 14, 17, 2, 3, 21]}, {"capacity": 246, "impossibleCargos": [1, 9, 11, 12, 16, 18, 22, 24], "neighbors": [20, 15, 1, 18, 23, 3]}, {"capacity": 209, "impossibleCargos": [7, 12, 13, 16, 22], "neighbors": [15, 22, 12, 19, 4, 9, 16, 13, 0, 11]}, {"capacity": 299, "impossibleCargos": [1, 8, 9, 10, 13, 22, 24], "neighbors": [14, 6, 8, 12, 22, 11, 18]}, {"capacity": 215, "impossibleCargos": [6, 13, 14, 24], "neighbors": [20, 1, 24, 21, 11]}, {"capacity": 262, "impossibleCargos": [4, 5, 7, 9, 11, 12, 14, 23], "neighbors": [0, 19, 7, 2]}, {"capacity": 255, "impossibleCargos": [3, 7, 8, 10, 11, 13, 15, 17, 18, 20], "neighbors": [22, 14, 5]}]}