{"volumes": [433, 267, 0, 0, 0, 515, 0, 279, 260, 275, 204, 261, 0, 404, 267, 1008, 196, 473, 0, 0, 269, 0, 0, 471, 255], "conflicts": [[0, 4], [0, 8], [0, 14], [0, 20], [0, 21], [1, 2], [1, 3], [1, 6], [1, 9], [1, 14], [1, 17], [1, 21], [1, 22], [1, 24], [2, 4], [2, 5], [2, 6], [2, 8], [2, 9], [2, 15], [2, 16], [2, 17], [2, 20], [2, 21], [2, 23], [2, 24], [3, 4], [3, 7], [3, 9], [3, 12], [3, 15], [3, 17], [3, 19], [3, 20], [3, 22], [3, 23], [4, 6], [4, 7], [4, 13], [4, 14], [4, 18], [4, 19], [4, 22], [4, 24], [5, 8], [5, 10], [5, 12], [5, 14], [5, 19], [5, 20], [6, 7], [6, 8], [6, 10], [6, 11], [6, 12], [6, 13], [6, 14], [6, 19], [6, 21], [7, 13], [7, 14], [7, 18], [7, 21], [8, 14], [8, 15], [8, 17], [8, 18], [8, 19], [8, 20], [8, 22], [8, 24], [9, 10], [9, 17], [9, 19], [9, 20], [9, 21], [10, 11], [10, 12], [10, 13], [10, 16], [10, 17], [10, 20], [11, 12], [11, 15], [11, 16], [11, 19], [11, 21], [11, 22], [11, 24], [12, 14], [12, 17], [12, 18], [12, 19], [12, 22], [12, 23], [13, 17], [13, 18], [13, 22], [14, 15], [14, 16], [14, 21], [14, 22], [14, 23], [14, 24], [15, 21], [15, 22], [16, 17], [16, 19], [16, 21], [16, 24], [17, 19], [17, 22], [17, 23], [18, 19], [18, 21], [18, 24], [19, 20], [19, 21], [19, 22], [19, 23], [22, 23], [23, 24]], "tanks": [{"capacity": 202, "impossibleCargos": [0, 5, 6, 7, 8, 9, 10, 11, 12, 13, 14, 15, 17, 20, 21, 22, 23, 24], "neighbors": [6, 16, 24, 8, 18, 23, 4, 3]}, {"capacity": 228, "impossibleCargos": [1, 2, 3, 4, 7, 8, 10, 11, 13, 15, 18, 19, 20, 21, 23, 24], "neighbors": [18, 11, 16, 15]}, {"capacity": 284, "impossibleCargos": [1, 2, 3, 5, 6, 7, 9, 12, 13, 15, 16, 18, 19, 20, 21, 22, 23, 24], "neighbors": [6, 22, 20, 13]}, {"capacity": 258, "impossibleCargos": [0, 1, 2, 5, 6, 7, 8, 9, 10, 11, 12, 14, 16, 17, 18, 20, 21, 23, 24], "neighbors": [23, 11, 10, 15, 22, 16, 0, 18]}, {"capacity": 274, "impossibleCargos": [3, 4, 6, 7, 9, 10, 11, 12, 13, 14, 15, 16, 17, 18, 19, 20, 21, 22], "neighbors": [9, 12, 20, 14, 0]}, {"capacity": 234, "impossibleCargos": [3, 6, 7, 8, 9, 10, 11, 12, 13, 14, 15, 16, 18, 19, 21, 24], "neighbors": [9, 12, 21, 24, 16, 14, 23, 15]}, {"capacity": 296, "impossibleCargos": [2, 3, 4, 5, 6, 7, 9, 10, 11, 12, 13, 14, 16, 17, 18, 19, 21, 23], "neighbors": [0, 14, 2, 23, 18, 7]}, {"capacity": 280, "impossibleCargos": [0, 1, 2, 3, 4, 5, 6, 7, 8, 9, 10, 11, 12, 13, 14, 15, 17, 18, 19, 21, 23], "neighbors": [15, 16, 6, 22]}, {"capacity": 217, "impossibleCargos": [1, 2, 4, 5, 6, 8, 9, 11, 14, 15, 17, 18, 19, 20, 21, 22], "neighbors": [24, 0, 11, 15]}, {"capacity": 219, "impossibleCargos": [0, 1, 2, 3, 4, 5, 8, 9, 11, 12, 13, 15, 16, 18, 19, 20, 23, 24], "neighbors": [4, 5, 17, 15, 18]}, {"capacity": 219, "impossibleCargos": [1, 4, 5, 6, 7, 8, 9, 13, 14, 15, 17, 18, 19, 20, 21, 22, 23, 24], "neighbors": [13, 3, 22]}, {"capacity": 247, "impossibleCargos": [1, 2, 3, 6, 7, 8, 9, 10, 11, 12, 16, 17, 18, 19, 20, 21, 22], "neighbors": [13, 3, 1, 8, 23, 15]}, {"capacity": 278, "impossibleCargos": [0, 1, 2, 3, 4, 5, 6, 7, 8, 9, 10, 11, 12, 13, 16, 19, 20, 23, 24], "neighbors": [5, 20, 4, 18, 19, 23]}, {"capacity": 263, "impossibleCargos": [0, 1, 2, 5, 7, 8, 10, 13, 14, 15, 16, 17, 20, 21, 22, 23, 24], "neighbors": [10, 20, 11, 23, 22, 2, 19, 21]}, {"capacity": 280, "impossibleCargos": [1, 2, 4, 5, 8, 9, 10, 11, 13, 14, 15, 16, 17, 18, 20, 21, 22], "neighbors": [6, 16, 5, 4, 18, 20]}, {"capacity": 219, "impossibleCargos": [0, 1, 2, 3, 5, 6, 7, 8, 9, 10, 11, 12, 14, 16, 17, 18, 19, 20, 21, 23], "neighbors": [24, 22, 9, 3, 21, 1, 7, 8, 5, 11]}, {"capacity": 296, "impossibleCargos": [0, 1, 2, 3, 4, 6, 7, 8, 9, 10, 11, 13, 14, 15, 16, 17, 18, 19, 20, 21, 22, 24], "neighbors": [14, 5, 0, 1, 21, 22, 3, 7]}, {"capacity": 298, "impossibleCargos": [0, 2, 3, 4, 5, 6, 10, 12, 13, 16, 17, 18, 19, 20, 21, 22, 23], "neighbors": [9, 22, 24]}, {"capacity": 284, "impossibleCargos": [1, 3, 4, 5, 6, 8, 9, 10, 11, 12, 14, 15, 16, 17, 18, 21, 22, 23, 24], "neighbors": [1, 9, 12, 21, 6, 0, 14, 24, 3]}, {"capacity": 256, "impossibleCargos": [1, 2, 3, 4, 5, 6, 8, 9, 10, 11, 12, 13, 14, 15, 16, 19, 20, 21, 22], "neighbors": [13, 12]}, {"capacity": 285, "impossibleCargos": [1, 2, 3, 4, 8, 11, 13, 14, 16, 18, 19, 21, 22, 24], "neighbors": [23, 13, 12, 4, 2, 14]}, {"capacity": 269, "impossibleCargos": [0, 2, 5, 6, 7, 8, 10, 11, 12, 13, 14, 16, 17, 18, 19, 20, 22, 23, 24], "neighbors": [5, 16, 18, 15, 13]}, {"capacity": 204, "impossibleCargos": [1, 2, 3, 4, 5, 7, 8, 10, 11, 12, 14, 17, 18, 20, 21, 22, 24], "neighbors": [15, 17, 2, 13, 16, 3, 10, 7]}, {"capacity": 211, "impossibleCargos": [0, 3, 4, 5, 7, 9, 10, 11, 13, 14, 15, 16, 17, 18, 19, 20, 21, 22, 24], "neighbors": [20, 3, 5, 13, 6, 0, 11, 12]}, {"capacity": 295, "impossibleCargos": [2, 3, 4, 5, 7, 8, 9, 10, 11, 12, 13, 14, 17, 18, 19, 20, 21, 23], "neighbors": [15, 5, 17, 0, 8, 18]}]}