{"volumes": [0, 200, 0, 487, 268, 226, 0, 218, 230, 191, 184, 0, 207, 0, 248, 430, 0, 0, 390, 287, 233, 1083, 0, 0, 754], "conflicts": [[0, 1], [0, 4], [0, 8], [0, 14], [0, 15], [0, 16], [0, 17], [0, 18], [0, 19], [0, 20], [0, 21], [0, 22], [1, 2], [1, 6], [1, 7], [1, 12], [1, 15], [1, 16], [1, 24], [2, 4], [2, 5], [2, 6], [2, 11], [2, 14], [2, 18], [2, 19], [2, 20], [2, 23], [3, 4], [3, 5], [3, 9], [3, 11], [3, 16], [3, 17], [3, 18], [3, 20], [3, 22], [4, 6], [4, 9], [4, 10], [4, 11], [4, 12], [4, 13], [4, 14], [4, 15], [4, 16], [4, 19], [4, 22], [5, 6], [5, 11], [5, 13], [5, 16], [5, 18], [5, 19], [5, 20], [5, 22], [6, 9], [6, 11], [6, 12], [6, 13], [6, 14], [6, 18], [6, 24], [7, 11], [7, 14], [7, 18], [7, 21], [7, 22], [7, 24], [8, 9], [8, 10], [8, 11], [8, 12], [8, 16], [8, 22], [8, 23], [9, 13], [9, 21], [9, 23], [10, 12], [10, 14], [10, 19], [10, 20], [11, 13], [11, 14], [11, 15], [11, 16], [11, 18], [11, 20], [11, 21], [11, 24], [12, 16], [12, 17], [13, 16], [13, 17], [13, 18], [13, 20], [13, 21], [13, 22], [13, 23], [13, 24], [14, 16], [14, 17], [14, 19], [14, 20], [14, 23], [15, 16], [15, 17], [15, 22], [16, 18], [16, 24], [17, 20], [17, 22], [18, 22], [19, 22], [21, 23], [23, 24]], "tanks": [{"capacity": 290, "impossibleCargos": [0, 1, 2, 4, 5, 6, 7, 8, 9, 10, 11, 13, 15, 17, 18, 19, 20, 21, 24], "neighbors": [4, 19, 14, 3, 23, 1]}, {"capacity": 225, "impossibleCargos": [0, 1, 2, 4, 5, 6, 9, 10, 11, 12, 14, 15, 16, 17, 18, 20, 21, 22, 23, 24], "neighbors": [4, 23, 15, 10, 22, 8, 16, 5, 7, 0]}, {"capacity": 268, "impossibleCargos": [0, 1, 2, 3, 5, 6, 8, 11, 12, 13, 15, 16, 17, 18, 20, 22, 24], "neighbors": [16, 7, 23, 8, 18, 22]}, {"capacity": 225, "impossibleCargos": [0, 1, 2, 4, 6, 7, 8, 9, 10, 11, 12, 14, 15, 17, 19, 20, 21, 22], "neighbors": [0, 24, 13, 4, 18]}, {"capacity": 228, "impossibleCargos": [0, 1, 2, 3, 4, 5, 9, 10, 12, 13, 14, 15, 17, 19, 20, 21, 24], "neighbors": [0, 6, 1, 7, 3]}, {"capacity": 253, "impossibleCargos": [0, 2, 4, 5, 7, 9, 11, 13, 14, 15, 16, 18, 19, 20, 22, 23], "neighbors": [14, 9, 20, 15, 17, 1, 21]}, {"capacity": 290, "impossibleCargos": [0, 1, 2, 3, 5, 6, 8, 9, 10, 11, 12, 13, 14, 15, 19, 20, 21, 22, 23, 24], "neighbors": [4, 11]}, {"capacity": 249, "impossibleCargos": [0, 1, 2, 4, 6, 10, 12, 13, 14, 15, 16, 17, 18, 19, 20, 21, 22, 23, 24], "neighbors": [18, 19, 2, 21, 13, 22, 4, 10, 1]}, {"capacity": 277, "impossibleCargos": [0, 1, 2, 4, 5, 6, 9, 11, 12, 16, 17, 18, 19, 20, 22, 23], "neighbors": [2, 19, 1, 23]}, {"capacity": 208, "impossibleCargos": [0, 1, 4, 5, 7, 10, 11, 12, 13, 15, 17, 19, 21, 23], "neighbors": [19, 10, 24, 5, 17]}, {"capacity": 207, "impossibleCargos": [0, 1, 3, 5, 7, 8, 9, 10, 13, 14, 15, 17, 20, 21, 22, 23], "neighbors": [20, 9, 22, 1, 7, 24]}, {"capacity": 250, "impossibleCargos": [0, 1, 2, 3, 4, 5, 6, 7, 8, 9, 11, 13, 14, 15, 16, 19, 21, 22, 24], "neighbors": [24, 15, 20, 6, 19, 21]}, {"capacity": 202, "impossibleCargos": [0, 1, 3, 4, 5, 6, 7, 9, 12, 13, 14, 15, 16, 17, 18, 19, 20, 21, 22, 23, 24], "neighbors": [15, 24, 13, 19, 17]}, {"capacity": 208, "impossibleCargos": [2, 3, 4, 5, 6, 7, 8, 9, 10, 11, 12, 13, 15, 16, 17, 18, 20, 22, 23, 24], "neighbors": [20, 12, 7, 18, 3]}, {"capacity": 200, "impossibleCargos": [0, 1, 3, 4, 5, 6, 8, 10, 12, 13, 14, 16, 17, 18, 20, 21, 23, 24], "neighbors": [5, 15, 0, 18, 21, 17]}, {"capacity": 299, "impossibleCargos": [0, 1, 2, 4, 5, 6, 7, 8, 10, 14, 16, 17, 18, 19, 22, 23, 24], "neighbors": [11, 14, 12, 1, 5]}, {"capacity": 286, "impossibleCargos": [0, 1, 2, 3, 4, 5, 7, 8, 12, 13, 15, 16, 18, 22, 23, 24], "neighbors": [2, 24, 19, 1, 21]}, {"capacity": 232, "impossibleCargos": [0, 1, 2, 4, 6, 9, 10, 12, 13, 14, 17, 19, 21, 22, 23, 24], "neighbors": [9, 18, 12, 23, 5, 14]}, {"capacity": 290, "impossibleCargos": [1, 2, 3, 4, 5, 6, 7, 9, 10, 11, 12, 13, 15, 16, 17, 18, 22, 23, 24], "neighbors": [7, 14, 17, 13, 2, 3]}, {"capacity": 254, "impossibleCargos": [0, 1, 2, 3, 4, 5, 6, 7, 8, 11, 12, 13, 14, 18, 19, 20, 22, 23, 24], "neighbors": [9, 7, 16, 0, 8, 12, 11]}, {"capacity": 290, "impossibleCargos": [1, 2, 3, 4, 5, 7, 8, 9, 10, 11, 12, 13, 14, 16, 17, 18, 20, 22, 23, 24], "neighbors": [23, 10, 13, 21, 5, 11]}, {"capacity": 206, "impossibleCargos": [1, 2, 3, 4, 6, 8, 9, 10, 11, 12, 13, 14, 15, 16, 17, 19, 20, 22, 23, 24], "neighbors": [7, 24, 20, 14, 16, 23, 11, 5]}, {"capacity": 265, "impossibleCargos": [0, 1, 4, 5, 6, 8, 9, 10, 11, 13, 14, 15, 16, 18, 21, 23], "neighbors": [10, 1, 7, 2, 24]}, {"capacity": 213, "impossibleCargos": [0, 2, 3, 4, 5, 6, 7, 8, 10, 11, 14, 15, 16, 17, 20, 22, 23, 24], "neighbors": [20, 2, 1, 0, 17, 21, 8]}, {"capacity": 247, "impossibleCargos": [1, 3, 4, 5, 7, 8, 9, 10, 12, 13, 14, 16, 17, 19, 21, 22, 23], "neighbors": [11, 16, 12, 21, 9, 3, 22, 10]}]}