{"volumes": [0, 818, 254, 415, 0, 204, 0, 0, 264, 204, 282, 0, 266, 205, 398, 205, 759, 468, 0, 0, 228, 0, 438, 0, 0], "conflicts": [[0, 3], [0, 8], [0, 11], [0, 21], [1, 23], [2, 23], [3, 7], [3, 13], [3, 19], [4, 5], [4, 8], [4, 9], [4, 15], [4, 18], [5, 10], [5, 18], [5, 21], [5, 24], [6, 7], [6, 13], [6, 20], [6, 21], [6, 22], [7, 13], [7, 14], [7, 15], [7, 22], [7, 24], [8, 9], [8, 13], [8, 14], [8, 19], [8, 21], [8, 24], [9, 14], [9, 21], [9, 23], [9, 24], [10, 11], [10, 19], [10, 21], [12, 14], [12, 18], [12, 24], [13, 19], [13, 23], [13, 24], [14, 21], [15, 17], [16, 19], [17, 21], [18, 21], [19, 20], [19, 22], [19, 23], [20, 24]], "tanks": [{"capacity": 229, "impossibleCargos": [3, 5, 6, 7, 10, 15, 17], "neighbors": [20, 11, 16, 21, 14, 18, 3, 9, 13, 12, 22, 6, 23]}, {"capacity": 221, "impossibleCargos": [0, 1, 9, 11, 12, 16, 18], "neighbors": [4, 10, 18, 11, 13, 6, 16, 17, 8, 5, 19, 21, 23, 9, 24]}, {"capacity": 285, "impossibleCargos": [1, 8, 12, 14, 15, 23], "neighbors": [15, 18, 4, 7, 14, 10, 9, 13, 11, 16]}, {"capacity": 247, "impossibleCargos": [4, 5, 9, 13, 14, 19, 24], "neighbors": [23, 7, 8, 17, 0, 6, 9, 10, 14, 12]}, {"capacity": 203, "impossibleCargos": [8, 15, 16, 20, 21], "neighbors": [17, 1, 12, 2, 20, 8, 9, 11, 21, 13]}, {"capacity": 207, "impossibleCargos": [1, 4, 7, 8, 12, 18, 20, 23], "neighbors": [16, 24, 8, 17, 22, 1, 11, 19]}, {"capacity": 236, "impossibleCargos": [0, 4, 7, 12, 14, 17, 18, 20], "neighbors": [14, 9, 1, 7, 10, 16, 12, 3, 13, 8, 23, 0, 15]}, {"capacity": 241, "impossibleCargos": [7, 11, 12], "neighbors": [22, 19, 15, 3, 6, 21, 2, 8, 9, 11, 16]}, {"capacity": 294, "impossibleCargos": [], "neighbors": [15, 14, 10, 19, 5, 18, 9, 3, 20, 7, 4, 23, 1, 6, 24, 11, 22, 17]}, {"capacity": 236, "impossibleCargos": [9, 11, 12, 16, 17, 23], "neighbors": [17, 14, 6, 8, 21, 19, 10, 11, 7, 12, 3, 18, 2, 4, 0, 22, 1]}, {"capacity": 267, "impossibleCargos": [3, 5, 12, 24], "neighbors": [8, 1, 9, 21, 6, 18, 2, 17, 3]}, {"capacity": 229, "impossibleCargos": [0, 2, 5, 8, 9, 12, 14, 18, 23], "neighbors": [24, 15, 1, 0, 23, 9, 20, 14, 5, 4, 7, 2, 16, 21, 8]}, {"capacity": 224, "impossibleCargos": [0, 1, 2, 4, 7, 11, 12, 17, 18, 20, 24], "neighbors": [18, 4, 19, 6, 9, 13, 0, 21, 3]}, {"capacity": 226, "impossibleCargos": [1, 15, 24], "neighbors": [16, 18, 20, 1, 14, 21, 6, 2, 12, 0, 17, 4]}, {"capacity": 211, "impossibleCargos": [0, 2, 3, 7, 8, 9, 13, 15, 20], "neighbors": [18, 6, 8, 17, 23, 9, 21, 13, 2, 24, 0, 11, 19, 3]}, {"capacity": 294, "impossibleCargos": [2, 7, 10, 14, 18, 19, 22], "neighbors": [2, 8, 11, 7, 22, 20, 23, 6]}, {"capacity": 262, "impossibleCargos": [0, 5, 7, 11, 13, 17, 18, 20, 21, 23], "neighbors": [5, 13, 0, 18, 6, 1, 20, 22, 11, 23, 2, 17, 7]}, {"capacity": 277, "impossibleCargos": [0, 1, 10, 11, 14, 15, 17, 21], "neighbors": [9, 4, 14, 5, 3, 19, 21, 1, 10, 20, 22, 13, 16, 8]}, {"capacity": 270, "impossibleCargos": [1, 5, 7, 8, 14, 17, 23], "neighbors": [14, 12, 2, 1, 13, 8, 23, 16, 10, 0, 9, 20, 21]}, {"capacity": 208, "impossibleCargos": [1, 5, 12, 14, 19, 20, 21, 23], "neighbors": [22, 8, 7, 9, 17, 12, 14, 1, 21, 5, 24]}, {"capacity": 282, "impossibleCargos": [4, 8, 10, 14, 18, 24], "neighbors": [0, 13, 22, 8, 4, 11, 16, 15, 18, 17, 24]}, {"capacity": 217, "impossibleCargos": [19, 21, 23, 24], "neighbors": [9, 23, 7, 14, 13, 10, 0, 17, 1, 19, 18, 11, 4, 12]}, {"capacity": 211, "impossibleCargos": [2, 8, 13, 14, 19, 23], "neighbors": [19, 7, 24, 20, 5, 15, 16, 9, 17, 0, 8, 23]}, {"capacity": 213, "impossibleCargos": [8, 13, 16, 19, 23], "neighbors": [14, 3, 18, 21, 11, 8, 1, 6, 15, 16, 22, 0]}, {"capacity": 205, "impossibleCargos": [4, 7, 8, 13, 15, 18, 22], "neighbors": [11, 22, 5, 14, 8, 1, 20, 19]}]}