{"volumes": [0, 271, 246, 273, 229, 0, 268, 0, 288, 730, 500, 202, 232, 471, 0, 0, 0, 705, 475, 247, 216, 0, 198, 0, 269], "conflicts": [[0, 1], [0, 2], [0, 4], [0, 5], [0, 6], [0, 7], [0, 9], [0, 10], [0, 12], [0, 14], [0, 16], [0, 17], [0, 18], [0, 19], [0, 20], [0, 22], [0, 23], [0, 24], [1, 4], [1, 5], [1, 7], [1, 14], [1, 15], [1, 16], [1, 21], [1, 22], [1, 23], [2, 11], [2, 13], [2, 14], [2, 15], [2, 16], [2, 21], [2, 22], [2, 23], [3, 5], [3, 7], [3, 10], [3, 13], [3, 14], [3, 16], [3, 17], [3, 19], [3, 20], [3, 21], [3, 22], [3, 23], [3, 24], [4, 5], [4, 7], [4, 11], [4, 12], [4, 14], [4, 15], [4, 20], [4, 21], [4, 22], [4, 23], [4, 24], [5, 9], [5, 10], [5, 11], [5, 12], [5, 13], [5, 14], [5, 15], [5, 17], [5, 21], [5, 23], [5, 24], [6, 7], [6, 15], [6, 16], [6, 19], [6, 21], [6, 22], [6, 24], [7, 8], [7, 9], [7, 10], [7, 11], [7, 13], [7, 14], [7, 15], [7, 16], [7, 17], [7, 18], [7, 19], [7, 21], [7, 22], [7, 23], [8, 14], [8, 16], [8, 21], [8, 23], [9, 14], [9, 15], [9, 16], [9, 21], [9, 23], [10, 11], [10, 14], [10, 15], [10, 16], [10, 21], [10, 23], [11, 14], [11, 15], [11, 21], [11, 23], [11, 24], [12, 14], [12, 15], [12, 16], [12, 21], [12, 22], [12, 23], [12, 24], [13, 14], [13, 15], [13, 16], [13, 21], [13, 23], [14, 16], [14, 18], [14, 19], [14, 21], [14, 22], [14, 23], [14, 24], [15, 16], [15, 17], [15, 18], [15, 20], [15, 21], [15, 22], [15, 24], [16, 17], [16, 18], [16, 19], [16, 21], [16, 22], [16, 23], [16, 24], [17, 21], [17, 23], [18, 21], [19, 20], [19, 21], [19, 22], [19, 23], [19, 24], [20, 21], [20, 23], [21, 22], [21, 23], [23, 24]], "tanks": [{"capacity": 242, "impossibleCargos": [2, 4, 7, 9, 15, 18, 19, 22, 23], "neighbors": [17, 9, 8, 15, 21, 16, 23, 7, 4, 1, 20, 18, 19, 2, 3]}, {"capacity": 259, "impossibleCargos": [2, 3, 4, 8, 9, 10, 11, 14, 17, 18, 21, 22, 23, 24], "neighbors": [11, 3, 23, 4, 20, 22, 0, 8, 2, 17]}, {"capacity": 281, "impossibleCargos": [2, 3, 5, 6, 10, 11, 13, 14, 15, 16, 19, 21, 22, 23, 24], "neighbors": [11, 18, 10, 20, 12, 22, 9, 15, 3, 1, 0, 14, 13]}, {"capacity": 245, "impossibleCargos": [1, 3, 5, 6, 8, 9, 11, 15, 17, 21, 22, 23], "neighbors": [1, 18, 12, 7, 23, 13, 6, 2, 16, 4, 15, 0, 8]}, {"capacity": 289, "impossibleCargos": [1, 6, 7, 13, 14, 15, 16, 18, 19, 22, 23, 24], "neighbors": [1, 16, 12, 15, 13, 23, 9, 17, 0, 20, 11, 6, 3, 7]}, {"capacity": 292, "impossibleCargos": [0, 6, 7, 8, 10, 11, 12, 17, 20, 21, 22], "neighbors": [8, 6, 24, 23, 21, 20, 14, 11, 12]}, {"capacity": 206, "impossibleCargos": [0, 1, 2, 5, 6, 7, 8, 13, 14, 16, 18, 19, 20, 22], "neighbors": [14, 11, 20, 12, 22, 5, 3, 8, 4, 15, 13, 7, 17, 18, 9, 16]}, {"capacity": 292, "impossibleCargos": [0, 3, 5, 8, 9, 13, 14, 18, 20, 21, 23], "neighbors": [15, 16, 24, 17, 3, 12, 0, 11, 22, 8, 9, 6, 13, 4]}, {"capacity": 257, "impossibleCargos": [3, 5, 7, 10, 11, 13, 16, 19, 20, 23, 24], "neighbors": [5, 19, 0, 16, 13, 9, 7, 10, 6, 22, 1, 20, 3]}, {"capacity": 291, "impossibleCargos": [2, 3, 5, 10, 13, 17, 21, 22, 24], "neighbors": [0, 22, 11, 10, 18, 23, 4, 2, 8, 16, 7, 19, 14, 6]}, {"capacity": 290, "impossibleCargos": [4, 5, 7, 9, 12, 14, 16, 17, 20, 21, 22, 24], "neighbors": [12, 11, 2, 23, 20, 9, 14, 15, 8]}, {"capacity": 209, "impossibleCargos": [0, 2, 3, 5, 6, 7, 8, 9, 10, 15, 16, 19, 23, 24], "neighbors": [2, 1, 23, 6, 10, 9, 12, 15, 17, 7, 4, 14, 21, 5]}, {"capacity": 210, "impossibleCargos": [1, 2, 4, 6, 7, 8, 9, 10, 13, 16, 17, 19, 20, 22, 23, 24], "neighbors": [10, 18, 2, 3, 6, 13, 7, 11, 4, 16, 20, 17, 22, 5]}, {"capacity": 299, "impossibleCargos": [0, 2, 3, 4, 5, 6, 7, 9, 10, 11, 12, 15, 17, 18, 20, 21, 23], "neighbors": [19, 12, 4, 3, 8, 6, 16, 7, 17, 2, 21, 22]}, {"capacity": 298, "impossibleCargos": [1, 2, 4, 5, 11, 13, 16, 17, 18, 19, 20, 21, 23, 24], "neighbors": [6, 22, 10, 17, 18, 21, 11, 24, 9, 5, 20, 2]}, {"capacity": 254, "impossibleCargos": [1, 3, 5, 6, 7, 8, 11, 14, 15, 16, 20, 22, 23], "neighbors": [7, 18, 0, 10, 4, 11, 17, 2, 6, 22, 23, 3]}, {"capacity": 230, "impossibleCargos": [2, 3, 5, 6, 7, 8, 10, 11, 12, 15, 19, 21, 22, 24], "neighbors": [18, 7, 4, 0, 8, 21, 12, 9, 3, 13, 6, 23]}, {"capacity": 225, "impossibleCargos": [0, 1, 3, 7, 8, 11, 14, 15, 16, 18, 19, 21, 22, 24], "neighbors": [0, 20, 7, 18, 22, 14, 11, 15, 4, 12, 1, 6, 13, 23]}, {"capacity": 264, "impossibleCargos": [5, 6, 8, 9, 11, 12, 16, 17, 19, 20, 22, 23], "neighbors": [2, 16, 3, 12, 15, 19, 17, 9, 14, 0, 22, 23, 6]}, {"capacity": 266, "impossibleCargos": [0, 2, 3, 4, 5, 6, 7, 12, 13, 14, 15, 16, 19, 20, 22, 23], "neighbors": [8, 13, 18, 20, 0, 9]}, {"capacity": 242, "impossibleCargos": [0, 5, 6, 9, 10, 12, 14, 16, 20, 21, 22, 24], "neighbors": [17, 2, 1, 6, 10, 19, 0, 12, 4, 8, 5, 14]}, {"capacity": 219, "impossibleCargos": [0, 2, 3, 6, 7, 10, 12, 17, 19, 20], "neighbors": [0, 16, 14, 22, 5, 11, 13]}, {"capacity": 286, "impossibleCargos": [0, 4, 5, 7, 9, 11, 13, 14, 17, 19, 23, 24], "neighbors": [14, 24, 2, 9, 23, 6, 17, 1, 7, 18, 8, 21, 12, 15, 13]}, {"capacity": 297, "impossibleCargos": [5, 9, 10, 11, 12, 14, 19, 21, 23], "neighbors": [11, 1, 10, 22, 0, 3, 9, 4, 5, 18, 15, 17, 16]}, {"capacity": 202, "impossibleCargos": [0, 4, 9, 10, 13, 18, 21, 23, 24], "neighbors": [22, 7, 5, 14]}]}