{"volumes": [535, 0, 232, 725, 0, 0, 218, 233, 0, 1050, 0, 0, 193, 0, 234, 255, 200, 258, 256, 0, 251, 270, 193, 0, 766], "conflicts": [[0, 5], [0, 8], [0, 18], [0, 21], [1, 2], [1, 3], [1, 5], [1, 12], [1, 13], [1, 14], [1, 17], [1, 18], [1, 23], [1, 24], [2, 6], [2, 8], [2, 10], [2, 11], [2, 14], [2, 16], [2, 17], [2, 18], [2, 19], [2, 22], [2, 23], [3, 13], [3, 19], [3, 23], [4, 5], [4, 7], [4, 9], [4, 10], [4, 12], [4, 14], [4, 16], [4, 17], [4, 18], [4, 19], [4, 21], [4, 24], [5, 6], [5, 8], [5, 9], [5, 11], [5, 12], [5, 16], [5, 17], [5, 18], [5, 22], [6, 11], [6, 12], [6, 16], [6, 17], [6, 19], [7, 13], [7, 15], [7, 16], [7, 17], [7, 19], [7, 23], [8, 9], [8, 11], [8, 12], [8, 15], [8, 16], [8, 21], [8, 22], [8, 24], [9, 13], [9, 15], [9, 19], [10, 11], [10, 12], [10, 13], [10, 16], [10, 17], [10, 18], [10, 19], [10, 20], [10, 22], [10, 24], [11, 13], [11, 16], [11, 17], [11, 22], [11, 23], [11, 24], [12, 14], [12, 16], [12, 19], [12, 20], [13, 17], [13, 20], [13, 21], [13, 22], [13, 24], [14, 15], [14, 22], [15, 18], [15, 19], [15, 21], [15, 23], [16, 22], [17, 18], [17, 19], [17, 22], [17, 23], [18, 19], [18, 21], [19, 22], [19, 23], [20, 21], [20, 22], [20, 23], [21, 23], [23, 24]], "tanks": [{"capacity": 208, "impossibleCargos": [0, 1, 2, 3, 4, 7, 8, 10, 11, 12, 13, 14, 15, 16, 17, 18, 20, 23, 24], "neighbors": [11, 20, 13, 1, 4, 5, 21, 2, 7, 24, 23]}, {"capacity": 242, "impossibleCargos": [1, 2, 4, 5, 7, 8, 9, 10, 13, 14, 15, 16, 17, 18, 19, 20, 21, 23, 24], "neighbors": [2, 8, 6, 21, 23, 24, 16, 3, 17, 0, 7, 19, 12, 22, 4]}, {"capacity": 225, "impossibleCargos": [0, 1, 2, 3, 5, 7, 8, 11, 12, 13, 14, 15, 17, 18, 19, 20, 22, 23, 24], "neighbors": [1, 8, 16, 14, 13, 19, 10, 24, 0, 23, 7]}, {"capacity": 279, "impossibleCargos": [1, 2, 5, 6, 7, 8, 11, 12, 13, 14, 16, 17, 18, 19, 22, 23, 24], "neighbors": [11, 15, 5, 1, 16, 10, 12, 9, 18, 17]}, {"capacity": 262, "impossibleCargos": [0, 1, 2, 3, 4, 5, 8, 9, 10, 11, 13, 14, 15, 16, 18, 19, 20, 21, 22], "neighbors": [10, 9, 23, 8, 5, 18, 0, 6, 11, 14, 17, 12, 22, 24, 1]}, {"capacity": 280, "impossibleCargos": [0, 2, 3, 7, 9, 14, 15, 16, 17, 19, 22], "neighbors": [12, 17, 3, 14, 4, 0, 24, 10, 20, 21, 16, 13, 8, 19]}, {"capacity": 259, "impossibleCargos": [0, 1, 2, 4, 5, 6, 7, 8, 9, 10, 11, 12, 13, 14, 15, 16, 17, 18, 19, 20, 21, 23, 24], "neighbors": [17, 1, 7, 19, 20, 4, 10, 15, 18, 12, 9]}, {"capacity": 248, "impossibleCargos": [0, 1, 2, 5, 8, 11, 12, 16, 17, 18, 19, 20, 22], "neighbors": [16, 20, 21, 15, 17, 6, 1, 10, 9, 2, 11, 0, 19]}, {"capacity": 259, "impossibleCargos": [1, 2, 3, 6, 7, 8, 9, 11, 12, 13, 16, 17, 19, 20, 22, 23, 24], "neighbors": [1, 2, 9, 4, 17, 15, 22, 10, 5]}, {"capacity": 272, "impossibleCargos": [0, 4, 5, 6, 7, 8, 10, 11, 12, 13, 14, 15, 16, 17, 18, 19, 20, 22, 23], "neighbors": [18, 15, 16, 4, 13, 8, 10, 14, 23, 19, 17, 3, 7, 22, 6]}, {"capacity": 263, "impossibleCargos": [1, 2, 3, 5, 8, 10, 12, 13, 14, 15, 16, 17, 18, 19, 20, 21, 22], "neighbors": [4, 3, 9, 24, 5, 2, 11, 22, 15, 8, 7, 12, 6]}, {"capacity": 201, "impossibleCargos": [0, 1, 2, 3, 4, 5, 6, 7, 8, 9, 10, 11, 13, 14, 15, 17, 18, 19, 22, 23], "neighbors": [3, 0, 19, 12, 14, 17, 24, 21, 10, 4, 23, 18, 7]}, {"capacity": 284, "impossibleCargos": [0, 1, 2, 3, 4, 7, 8, 9, 10, 11, 12, 13, 14, 15, 16, 18, 19, 20, 21, 22, 23, 24], "neighbors": [20, 5, 23, 11, 21, 3, 14, 10, 22, 4, 1, 15, 6]}, {"capacity": 264, "impossibleCargos": [1, 3, 4, 5, 6, 8, 12, 13, 14, 15, 16, 17, 18, 19, 20, 21, 22, 23, 24], "neighbors": [16, 9, 22, 21, 0, 2, 18, 24, 14, 5, 15]}, {"capacity": 281, "impossibleCargos": [0, 1, 2, 3, 4, 5, 6, 7, 8, 9, 10, 11, 12, 13, 16, 18, 20, 21, 23, 24], "neighbors": [5, 2, 11, 18, 9, 23, 15, 17, 4, 12, 22, 13]}, {"capacity": 255, "impossibleCargos": [0, 1, 2, 5, 6, 8, 9, 10, 11, 12, 13, 14, 17, 19, 21, 23, 24], "neighbors": [9, 23, 21, 24, 3, 19, 7, 22, 14, 8, 10, 18, 6, 12, 13]}, {"capacity": 237, "impossibleCargos": [0, 1, 2, 3, 4, 5, 6, 7, 9, 10, 11, 12, 13, 15, 16, 17, 22, 23, 24], "neighbors": [7, 13, 9, 2, 22, 1, 3, 5]}, {"capacity": 232, "impossibleCargos": [0, 1, 2, 3, 4, 5, 7, 8, 9, 12, 13, 14, 16, 19, 20, 21, 22, 23, 24], "neighbors": [22, 5, 6, 11, 7, 8, 1, 18, 20, 21, 14, 4, 24, 9, 3]}, {"capacity": 242, "impossibleCargos": [1, 3, 4, 5, 6, 8, 9, 11, 13, 14, 17, 19, 20, 21, 22, 24], "neighbors": [9, 14, 17, 4, 13, 15, 11, 6, 3, 21]}, {"capacity": 289, "impossibleCargos": [3, 4, 5, 6, 8, 9, 11, 12, 14, 15, 16, 17, 18, 19, 20, 21, 23], "neighbors": [22, 15, 11, 6, 2, 9, 1, 5, 7]}, {"capacity": 274, "impossibleCargos": [1, 2, 3, 5, 6, 7, 10, 12, 13, 14, 15, 16, 18, 19, 22, 23, 24], "neighbors": [12, 22, 7, 24, 0, 17, 6, 5]}, {"capacity": 295, "impossibleCargos": [0, 2, 3, 4, 5, 6, 7, 8, 10, 11, 14, 15, 18, 19, 20, 23, 24], "neighbors": [23, 15, 7, 1, 13, 12, 11, 0, 17, 5, 18]}, {"capacity": 217, "impossibleCargos": [0, 1, 2, 3, 4, 5, 6, 7, 10, 11, 12, 13, 14, 17, 18, 19, 20, 21, 23, 24], "neighbors": [19, 17, 20, 13, 16, 10, 23, 15, 8, 14, 12, 4, 9, 1]}, {"capacity": 250, "impossibleCargos": [1, 2, 4, 5, 6, 7, 10, 12, 13, 16, 17, 18, 21, 22, 23, 24], "neighbors": [12, 21, 15, 24, 1, 4, 9, 14, 22, 11, 2, 0]}, {"capacity": 237, "impossibleCargos": [0, 2, 4, 5, 6, 7, 8, 11, 12, 13, 14, 15, 16, 19, 20, 21, 22, 23, 24], "neighbors": [15, 23, 20, 1, 11, 10, 5, 2, 17, 13, 4, 0]}]}