{"volumes": [195, 0, 437, 468, 474, 0, 475, 0, 256, 248, 210, 213, 535, 0, 543, 0, 209, 0, 264, 0, 259, 201, 189, 219, 232], "conflicts": [[0, 1], [0, 11], [0, 13], [0, 21], [0, 22], [0, 24], [1, 2], [1, 4], [1, 9], [1, 13], [1, 14], [1, 17], [1, 18], [1, 21], [1, 22], [1, 24], [2, 10], [2, 13], [2, 15], [2, 17], [2, 21], [2, 23], [3, 7], [3, 21], [4, 7], [4, 13], [4, 19], [4, 20], [4, 22], [5, 6], [5, 7], [5, 8], [5, 9], [5, 10], [5, 11], [5, 12], [5, 13], [5, 14], [5, 15], [5, 17], [5, 18], [5, 20], [5, 22], [5, 23], [6, 7], [6, 15], [6, 16], [6, 19], [7, 8], [7, 17], [7, 20], [7, 21], [7, 24], [8, 16], [8, 19], [8, 23], [9, 10], [9, 13], [9, 15], [9, 16], [9, 17], [9, 19], [9, 23], [9, 24], [10, 13], [10, 19], [10, 21], [10, 22], [11, 13], [11, 17], [11, 20], [11, 21], [12, 17], [12, 19], [13, 14], [13, 17], [13, 18], [13, 19], [13, 22], [13, 24], [14, 15], [15, 18], [15, 19], [15, 20], [15, 23], [16, 17], [16, 19], [16, 20], [16, 24], [17, 21], [17, 24], [18, 19], [19, 20], [19, 21], [19, 22], [20, 24], [21, 22], [21, 24]], "tanks": [{"capacity": 209, "impossibleCargos": [0, 1, 4, 6, 7, 9, 10, 12, 13, 14, 15, 16, 17, 18, 20, 22, 23], "neighbors": [10, 20, 18, 12, 16, 19, 8, 2]}, {"capacity": 247, "impossibleCargos": [0, 1, 2, 4, 5, 6, 7, 8, 9, 10, 11, 13, 14, 15, 16, 17, 19, 21, 22, 23], "neighbors": [9, 19, 14, 2, 20, 11, 15, 18, 17, 22, 13]}, {"capacity": 281, "impossibleCargos": [0, 1, 2, 3, 4, 5, 9, 12, 13, 15, 16, 17, 18, 19, 21, 24], "neighbors": [16, 6, 14, 4, 8, 9, 1, 21, 0, 23, 18, 15, 10, 5, 3]}, {"capacity": 291, "impossibleCargos": [1, 2, 3, 4, 5, 7, 8, 9, 10, 11, 13, 14, 15, 18, 19, 20, 22, 23, 24], "neighbors": [17, 20, 12, 4, 10, 22, 24, 18, 13, 14, 2, 9, 21, 19]}, {"capacity": 234, "impossibleCargos": [2, 4, 5, 8, 9, 10, 11, 12, 14, 15, 19, 21], "neighbors": [12, 2, 3, 14, 7, 22, 6, 17, 15, 13]}, {"capacity": 277, "impossibleCargos": [0, 1, 2, 4, 5, 8, 9, 10, 11, 12, 14, 16, 18, 19, 20, 23, 24], "neighbors": [10, 24, 6, 20, 2, 17, 11, 7, 23, 8]}, {"capacity": 205, "impossibleCargos": [1, 2, 3, 4, 5, 6, 7, 9, 11, 12, 13, 14, 15, 16, 18, 19, 23, 24], "neighbors": [16, 2, 18, 9, 14, 11, 13, 5, 15, 22, 4, 19, 12]}, {"capacity": 237, "impossibleCargos": [0, 2, 3, 4, 5, 6, 7, 8, 9, 10, 12, 13, 14, 17, 18, 19, 20, 21, 23], "neighbors": [14, 16, 10, 4, 5, 23]}, {"capacity": 283, "impossibleCargos": [1, 2, 3, 5, 9, 11, 12, 15, 16, 17, 19, 20, 22, 23, 24], "neighbors": [15, 11, 2, 0, 14, 22, 12, 18, 16, 5, 21]}, {"capacity": 273, "impossibleCargos": [0, 2, 4, 5, 6, 7, 8, 9, 15, 16, 22, 23, 24], "neighbors": [21, 1, 13, 24, 6, 12, 19, 2, 22, 16, 17, 20, 14, 15, 3]}, {"capacity": 251, "impossibleCargos": [0, 1, 3, 5, 6, 7, 8, 10, 12, 13, 14, 15, 16, 17, 18, 19, 20, 22, 24], "neighbors": [23, 0, 5, 16, 13, 21, 17, 3, 7, 2]}, {"capacity": 220, "impossibleCargos": [0, 1, 2, 3, 4, 5, 7, 9, 10, 11, 12, 13, 15, 16, 18, 19, 20, 21, 22, 24], "neighbors": [6, 8, 15, 17, 1, 24, 5, 22, 13, 20]}, {"capacity": 218, "impossibleCargos": [0, 3, 4, 5, 6, 7, 8, 10, 11, 12, 14, 15, 18, 19, 20, 21, 22, 24], "neighbors": [4, 14, 3, 9, 0, 15, 23, 18, 17, 21, 8, 6]}, {"capacity": 228, "impossibleCargos": [0, 1, 2, 3, 5, 9, 10, 11, 12, 14, 15, 21, 22, 23, 24], "neighbors": [9, 19, 14, 6, 10, 3, 16, 21, 20, 11, 4, 1]}, {"capacity": 230, "impossibleCargos": [0, 1, 2, 3, 4, 5, 6, 7, 8, 9, 11, 15, 16, 18, 19, 20, 22, 23], "neighbors": [22, 23, 7, 12, 2, 6, 24, 1, 13, 8, 20, 19, 15, 3, 4, 9]}, {"capacity": 270, "impossibleCargos": [0, 1, 2, 3, 4, 5, 7, 8, 9, 10, 11, 12, 14, 15, 16, 17, 20, 22, 23], "neighbors": [22, 8, 17, 12, 11, 23, 20, 18, 14, 6, 21, 16, 19, 1, 2, 4, 24, 9]}, {"capacity": 275, "impossibleCargos": [1, 3, 7, 8, 10, 12, 14, 15, 17, 18, 19, 20, 22, 24], "neighbors": [2, 6, 19, 18, 10, 0, 24, 9, 21, 23, 7, 22, 13, 15, 8]}, {"capacity": 210, "impossibleCargos": [0, 3, 4, 6, 9, 10, 11, 12, 14, 15, 17, 19, 20, 21, 23], "neighbors": [3, 15, 12, 10, 9, 22, 11, 1, 23, 5, 4]}, {"capacity": 273, "impossibleCargos": [0, 1, 3, 4, 5, 6, 7, 8, 9, 11, 14, 15, 16, 17, 18, 19, 20, 22, 23], "neighbors": [16, 0, 6, 22, 12, 24, 15, 3, 23, 2, 1, 19, 8]}, {"capacity": 282, "impossibleCargos": [1, 2, 3, 4, 5, 6, 7, 9, 10, 11, 13, 14, 15, 16, 17, 18, 19, 20, 21, 22], "neighbors": [16, 1, 13, 0, 21, 9, 24, 14, 15, 18, 6, 3, 22]}, {"capacity": 281, "impossibleCargos": [0, 1, 2, 3, 4, 5, 8, 9, 10, 11, 13, 14, 16, 17, 18, 19, 20, 21, 22, 23, 24], "neighbors": [0, 3, 15, 9, 14, 1, 5, 13, 11]}, {"capacity": 220, "impossibleCargos": [0, 1, 2, 4, 6, 7, 8, 10, 11, 13, 14, 15, 18, 20, 22, 24], "neighbors": [9, 19, 10, 16, 2, 12, 15, 13, 24, 8, 3]}, {"capacity": 213, "impossibleCargos": [0, 1, 2, 4, 6, 7, 8, 9, 10, 11, 13, 14, 15, 16, 17, 18, 20, 21, 23, 24], "neighbors": [14, 15, 18, 9, 3, 16, 24, 17, 6, 8, 4, 1, 11, 23, 19]}, {"capacity": 208, "impossibleCargos": [0, 2, 3, 4, 5, 6, 7, 9, 10, 11, 12, 13, 14, 16, 17, 18, 19, 21, 22, 24], "neighbors": [10, 14, 12, 15, 16, 2, 18, 17, 5, 22, 7]}, {"capacity": 266, "impossibleCargos": [0, 2, 3, 5, 6, 8, 9, 11, 13, 15, 16, 17, 18, 19, 22, 23], "neighbors": [9, 14, 16, 5, 18, 22, 3, 19, 11, 21, 15]}]}