{"volumes": [0, 0, 243, 707, 0, 0, 0, 0, 500, 0, 558, 235, 0, 226, 211, 0, 911, 477, 419, 263, 0, 218, 273, 203, 193], "conflicts": [[0, 1], [0, 2], [0, 3], [0, 4], [0, 5], [0, 6], [0, 7], [0, 9], [0, 10], [0, 13], [0, 14], [0, 16], [0, 17], [0, 18], [0, 19], [0, 20], [0, 21], [0, 22], [0, 23], [1, 2], [1, 7], [1, 8], [1, 10], [1, 12], [1, 13], [1, 15], [1, 16], [1, 21], [1, 22], [1, 23], [1, 24], [2, 4], [2, 6], [2, 7], [2, 9], [2, 12], [2, 14], [2, 15], [2, 19], [3, 4], [3, 5], [3, 6], [3, 12], [3, 20], [4, 5], [4, 6], [4, 8], [4, 9], [4, 10], [4, 11], [4, 12], [4, 16], [4, 17], [4, 18], [4, 19], [4, 20], [4, 24], [5, 6], [5, 7], [5, 9], [5, 10], [5, 12], [5, 13], [5, 15], [5, 16], [5, 17], [5, 18], [5, 19], [5, 20], [5, 21], [5, 22], [5, 24], [6, 7], [6, 8], [6, 10], [6, 11], [6, 12], [6, 13], [6, 16], [6, 17], [6, 18], [6, 19], [6, 21], [6, 24], [7, 9], [7, 10], [7, 11], [7, 12], [7, 15], [7, 16], [7, 18], [7, 19], [7, 23], [7, 24], [8, 9], [8, 12], [8, 15], [8, 20], [9, 10], [9, 11], [9, 13], [9, 14], [9, 19], [9, 20], [9, 21], [9, 23], [9, 24], [10, 12], [10, 20], [11, 20], [12, 13], [12, 14], [12, 16], [12, 17], [12, 18], [12, 19], [12, 20], [12, 21], [12, 22], [12, 23], [12, 24], [13, 15], [13, 20], [13, 22], [14, 15], [14, 20], [15, 16], [15, 17], [15, 18], [15, 19], [15, 21], [15, 22], [15, 23], [15, 24], [17, 20], [20, 22], [20, 24], [21, 24]], "tanks": [{"capacity": 274, "impossibleCargos": [6, 8, 9, 14, 21, 22], "neighbors": [20, 13, 18, 15, 14, 24, 1, 8, 2, 5, 7, 16, 3]}, {"capacity": 263, "impossibleCargos": [6, 7, 11, 16], "neighbors": [18, 13, 14, 9, 15, 21, 23, 24, 0, 7, 2, 4, 5, 10, 11, 22, 19, 17, 12]}, {"capacity": 252, "impossibleCargos": [5, 11, 22], "neighbors": [3, 21, 5, 9, 17, 19, 7, 20, 22, 24, 12, 11, 1, 0, 15, 23, 18, 13, 14, 4]}, {"capacity": 287, "impossibleCargos": [4, 5, 12, 15, 23], "neighbors": [24, 9, 8, 11, 2, 20, 10, 18, 23, 19, 16, 22, 12, 14, 6, 4, 5, 15, 21, 0]}, {"capacity": 244, "impossibleCargos": [3, 18, 21], "neighbors": [8, 19, 18, 10, 7, 5, 13, 24, 17, 16, 22, 12, 3, 1, 15, 21, 2]}, {"capacity": 227, "impossibleCargos": [3, 5, 6, 9, 13, 19, 22], "neighbors": [14, 16, 15, 18, 19, 4, 2, 8, 6, 17, 22, 20, 13, 12, 9, 0, 1, 3]}, {"capacity": 284, "impossibleCargos": [0, 4, 6, 12, 16, 19, 21, 23], "neighbors": [21, 10, 16, 8, 13, 5, 9, 17, 7, 23, 12, 3, 14, 18, 22]}, {"capacity": 211, "impossibleCargos": [0, 4, 10, 11, 14], "neighbors": [21, 20, 4, 12, 18, 14, 2, 17, 23, 1, 6, 16, 15, 24, 19, 0, 9, 22]}, {"capacity": 261, "impossibleCargos": [1, 7, 9, 14, 15, 20], "neighbors": [4, 3, 6, 12, 11, 17, 14, 18, 5, 0, 16, 24, 9, 19, 22]}, {"capacity": 228, "impossibleCargos": [1, 5, 9, 12, 14, 15, 22, 23, 24], "neighbors": [3, 15, 18, 20, 1, 16, 10, 13, 2, 22, 24, 12, 17, 6, 21, 5, 7, 8, 19, 23]}, {"capacity": 211, "impossibleCargos": [0, 4, 6, 9, 13, 18, 19, 22], "neighbors": [4, 11, 6, 15, 3, 13, 19, 23, 9, 22, 24, 17, 16, 20, 1, 18, 12]}, {"capacity": 287, "impossibleCargos": [1, 6, 9, 11, 14, 23], "neighbors": [3, 10, 8, 15, 12, 24, 2, 16, 1, 22, 21]}, {"capacity": 248, "impossibleCargos": [4, 7, 10, 12, 20, 23], "neighbors": [21, 16, 7, 18, 8, 19, 14, 9, 20, 11, 15, 3, 23, 2, 13, 6, 4, 5, 17, 22, 24, 10, 1]}, {"capacity": 222, "impossibleCargos": [0, 1, 3, 11], "neighbors": [1, 24, 14, 19, 0, 17, 10, 4, 9, 6, 23, 18, 21, 12, 5, 2, 16, 22]}, {"capacity": 285, "impossibleCargos": [1, 2, 7, 9, 14, 17, 18, 20, 21], "neighbors": [20, 5, 22, 13, 1, 24, 0, 12, 19, 8, 7, 17, 15, 3, 16, 6, 2]}, {"capacity": 295, "impossibleCargos": [2, 3, 5, 6, 19], "neighbors": [9, 5, 16, 23, 20, 10, 0, 1, 21, 11, 12, 14, 2, 7, 17, 4, 22, 3, 24]}, {"capacity": 229, "impossibleCargos": [0, 1, 5, 7, 8, 13, 24], "neighbors": [5, 12, 15, 6, 17, 9, 18, 19, 24, 23, 4, 8, 3, 21, 22, 7, 14, 11, 13, 10, 0]}, {"capacity": 220, "impossibleCargos": [1, 6, 8, 11, 13, 16, 21, 24], "neighbors": [22, 13, 16, 21, 18, 8, 2, 14, 20, 4, 7, 5, 9, 6, 19, 10, 12, 15, 1]}, {"capacity": 264, "impossibleCargos": [0, 2, 5, 10, 14, 17], "neighbors": [1, 24, 22, 4, 9, 20, 5, 12, 0, 19, 7, 3, 17, 16, 8, 13, 23, 2, 6, 10]}, {"capacity": 276, "impossibleCargos": [1, 4, 6, 7, 11, 15, 16, 17, 18, 23], "neighbors": [21, 4, 24, 23, 13, 5, 12, 18, 10, 14, 2, 16, 3, 17, 7, 1, 8, 9]}, {"capacity": 240, "impossibleCargos": [13, 18, 24], "neighbors": [14, 0, 7, 24, 18, 15, 9, 3, 17, 12, 2, 23, 22, 5, 21, 10]}, {"capacity": 225, "impossibleCargos": [2, 3, 10, 16], "neighbors": [19, 7, 12, 6, 2, 17, 15, 1, 22, 16, 13, 20, 9, 23, 4, 3, 11]}, {"capacity": 229, "impossibleCargos": [3, 7, 9, 10, 20], "neighbors": [17, 14, 18, 24, 9, 21, 10, 2, 5, 20, 4, 3, 23, 16, 12, 13, 1, 15, 11, 6, 8, 7]}, {"capacity": 229, "impossibleCargos": [5, 9, 10, 16, 19, 23], "neighbors": [19, 15, 1, 10, 3, 7, 16, 13, 20, 18, 12, 22, 6, 2, 21, 24, 9]}, {"capacity": 206, "impossibleCargos": [2, 7, 9, 13, 14, 17, 19, 20], "neighbors": [3, 19, 13, 18, 22, 20, 14, 0, 1, 4, 9, 16, 11, 2, 10, 8, 7, 23, 12, 15]}]}