{"volumes": [0, 698, 0, 218, 473, 0, 224, 0, 704, 397, 281, 239, 217, 485, 0, 264, 0, 0, 225, 253, 514, 0, 458, 0, 0], "conflicts": [[0, 1], [0, 2], [0, 3], [0, 4], [0, 5], [0, 6], [0, 7], [0, 8], [0, 9], [0, 10], [0, 12], [0, 15], [0, 16], [0, 18], [0, 22], [0, 23], [0, 24], [1, 2], [1, 7], [1, 14], [1, 17], [1, 23], [1, 24], [2, 3], [2, 4], [2, 5], [2, 6], [2, 7], [2, 8], [2, 10], [2, 13], [2, 14], [2, 15], [2, 17], [2, 18], [2, 19], [2, 21], [2, 22], [3, 5], [3, 7], [3, 9], [3, 14], [3, 16], [3, 17], [3, 21], [4, 5], [4, 14], [4, 16], [4, 17], [4, 21], [4, 23], [4, 24], [5, 6], [5, 9], [5, 11], [5, 12], [5, 13], [5, 14], [5, 15], [5, 16], [5, 17], [5, 18], [5, 19], [5, 20], [5, 21], [5, 22], [5, 23], [5, 24], [6, 7], [6, 12], [6, 14], [6, 16], [6, 23], [6, 24], [7, 8], [7, 9], [7, 10], [7, 11], [7, 13], [7, 14], [7, 15], [7, 16], [7, 17], [7, 18], [7, 19], [7, 20], [7, 21], [7, 22], [7, 23], [8, 14], [8, 16], [8, 21], [8, 23], [8, 24], [9, 14], [9, 17], [9, 23], [10, 14], [10, 16], [10, 18], [10, 21], [10, 23], [10, 24], [11, 15], [11, 16], [11, 17], [11, 21], [11, 23], [11, 24], [12, 13], [12, 14], [12, 17], [12, 18], [12, 21], [13, 14], [13, 16], [13, 17], [13, 21], [13, 24], [14, 15], [14, 17], [14, 18], [14, 19], [14, 20], [14, 21], [14, 22], [14, 23], [14, 24], [15, 16], [15, 23], [15, 24], [16, 17], [16, 19], [16, 20], [16, 21], [16, 22], [16, 23], [17, 18], [17, 19], [17, 21], [17, 22], [17, 24], [18, 21], [18, 23], [18, 24], [19, 21], [20, 21], [20, 23], [20, 24], [21, 22], [21, 23], [21, 24], [22, 23], [22, 24], [23, 24]], "tanks": [{"capacity": 279, "impossibleCargos": [0, 13, 21], "neighbors": [4, 16, 15, 22, 11, 10, 19, 24, 12, 7, 3, 8, 5, 20, 2, 14, 21, 6, 17, 18]}, {"capacity": 222, "impossibleCargos": [2, 3, 4, 5, 7, 10, 20, 24], "neighbors": [17, 6, 21, 3, 7, 12, 14, 22, 19, 23, 9, 13, 24]}, {"capacity": 215, "impossibleCargos": [4, 5, 7, 10, 17, 23, 24], "neighbors": [24, 23, 9, 19, 16, 22, 5, 18, 12, 15, 8, 11, 0, 21, 3, 6]}, {"capacity": 290, "impossibleCargos": [0, 8, 12, 20], "neighbors": [8, 10, 17, 20, 1, 13, 16, 12, 19, 21, 0, 18, 22, 23, 15, 7, 24, 6, 5, 2, 11]}, {"capacity": 283, "impossibleCargos": [0, 1], "neighbors": [0, 10, 5, 13, 24, 9, 15, 17, 19, 23, 12, 16, 7, 22, 6, 20, 11, 18]}, {"capacity": 257, "impossibleCargos": [2, 3, 4, 6, 17, 18, 21, 22], "neighbors": [7, 4, 17, 12, 21, 8, 11, 2, 6, 0, 10, 16, 23, 3, 22]}, {"capacity": 282, "impossibleCargos": [9, 11, 12, 14, 18, 23], "neighbors": [13, 1, 15, 8, 16, 18, 22, 23, 10, 5, 20, 17, 12, 24, 7, 3, 4, 11, 0, 14, 2]}, {"capacity": 225, "impossibleCargos": [1, 2, 6, 7, 8, 9, 16, 18, 23, 24], "neighbors": [13, 5, 19, 8, 1, 23, 0, 18, 17, 10, 22, 4, 6, 24, 3, 21, 11, 15, 9, 20]}, {"capacity": 238, "impossibleCargos": [1, 5, 11, 12, 17], "neighbors": [3, 11, 9, 7, 5, 17, 6, 15, 14, 0, 24, 13, 21, 2, 23, 22, 16, 10]}, {"capacity": 233, "impossibleCargos": [0, 5, 6, 9, 11, 12, 17, 18], "neighbors": [24, 2, 8, 4, 11, 18, 16, 12, 13, 23, 15, 22, 17, 10, 21, 1, 19, 7, 20]}, {"capacity": 267, "impossibleCargos": [0, 2, 14, 19, 22], "neighbors": [4, 20, 3, 13, 24, 12, 21, 22, 11, 0, 6, 7, 9, 5, 16, 18, 19, 8]}, {"capacity": 250, "impossibleCargos": [3, 6, 7, 10, 12, 20], "neighbors": [12, 8, 23, 19, 0, 14, 9, 5, 10, 24, 17, 2, 7, 21, 6, 4, 18, 3]}, {"capacity": 244, "impossibleCargos": [19, 21, 23], "neighbors": [11, 17, 5, 20, 1, 10, 19, 9, 23, 3, 0, 13, 4, 22, 2, 6, 15]}, {"capacity": 225, "impossibleCargos": [0, 4, 10, 15, 16, 19, 20, 22], "neighbors": [7, 10, 4, 6, 3, 9, 21, 18, 19, 12, 8, 20, 17, 16, 15, 23, 1]}, {"capacity": 244, "impossibleCargos": [4, 9, 13, 17, 18, 23], "neighbors": [24, 17, 21, 11, 1, 8, 19, 22, 20, 23, 18, 0, 16, 6]}, {"capacity": 241, "impossibleCargos": [1, 5, 9, 13, 14, 20, 24], "neighbors": [0, 21, 6, 4, 24, 19, 8, 9, 22, 3, 2, 13, 7, 17, 16, 20, 12]}, {"capacity": 203, "impossibleCargos": [9, 12, 23], "neighbors": [0, 23, 3, 6, 9, 18, 2, 4, 21, 24, 10, 5, 13, 14, 15, 8, 17, 20]}, {"capacity": 275, "impossibleCargos": [6, 10, 14], "neighbors": [1, 12, 3, 5, 19, 14, 8, 4, 9, 18, 24, 7, 6, 13, 11, 20, 22, 15, 16, 0]}, {"capacity": 231, "impossibleCargos": [3, 8, 12, 15, 19, 21], "neighbors": [21, 23, 6, 9, 16, 13, 7, 3, 22, 17, 2, 19, 10, 14, 11, 24, 4, 0]}, {"capacity": 288, "impossibleCargos": [0, 8, 19, 20, 22, 24], "neighbors": [7, 17, 2, 24, 11, 12, 0, 15, 4, 3, 13, 14, 18, 1, 23, 22, 9, 10, 21]}, {"capacity": 232, "impossibleCargos": [0, 3, 6, 7, 16, 17, 21, 22], "neighbors": [10, 3, 12, 22, 6, 13, 14, 21, 17, 0, 4, 7, 15, 16, 9]}, {"capacity": 260, "impossibleCargos": [0, 2, 10, 13, 17, 18, 20], "neighbors": [18, 1, 5, 15, 23, 10, 14, 13, 3, 8, 16, 22, 9, 24, 20, 7, 11, 19, 0, 2]}, {"capacity": 202, "impossibleCargos": [2, 7, 10, 11], "neighbors": [0, 23, 20, 10, 6, 9, 2, 18, 1, 3, 12, 15, 14, 21, 7, 19, 4, 17, 8, 5]}, {"capacity": 297, "impossibleCargos": [1, 2, 4, 6, 7, 17], "neighbors": [2, 16, 11, 22, 21, 18, 7, 12, 4, 9, 6, 3, 1, 19, 14, 5, 24, 13, 8]}, {"capacity": 238, "impossibleCargos": [1, 6, 7, 10, 13, 18, 24], "neighbors": [2, 14, 9, 4, 19, 10, 15, 0, 8, 17, 11, 16, 21, 6, 7, 3, 23, 1, 18]}]}