{"volumes": [0, 265, 245, 0, 211, 729, 0, 0, 714, 0, 0, 480, 489, 225, 275, 0, 206, 215, 189, 519, 0, 265, 243, 0, 470], "conflicts": [[0, 1], [0, 7], [0, 14], [0, 18], [0, 21], [0, 22], [1, 15], [1, 20], [2, 19], [3, 8], [3, 9], [3, 10], [4, 7], [4, 15], [4, 20], [5, 7], [5, 15], [6, 7], [6, 12], [6, 21], [7, 8], [7, 9], [7, 13], [7, 14], [7, 17], [7, 18], [7, 19], [8, 14], [8, 15], [9, 16], [9, 18], [9, 24], [10, 16], [10, 17], [10, 19], [10, 21], [11, 15], [11, 23], [12, 15], [13, 20], [14, 15], [14, 20], [15, 16], [15, 19], [16, 21], [17, 23], [19, 20], [19, 23], [20, 23]], "tanks": [{"capacity": 242, "impossibleCargos": [0, 2, 5, 6, 7, 9, 11, 12, 14, 15, 17, 18, 21, 22, 23], "neighbors": [1, 6, 24, 18, 2, 20, 7, 11, 17, 12, 15, 8, 23, 21, 22, 14, 19]}, {"capacity": 209, "impossibleCargos": [2, 7, 8, 11, 19, 21], "neighbors": [0, 16, 22, 13, 21, 5, 11, 24, 7, 19, 9, 4, 8, 6, 10, 20]}, {"capacity": 283, "impossibleCargos": [4, 6, 7, 8, 9, 12, 14, 15, 18, 19, 20, 24], "neighbors": [19, 10, 17, 0, 21, 4, 13, 18, 12, 14, 15, 3, 7, 6, 23, 11, 5, 24]}, {"capacity": 270, "impossibleCargos": [8, 10, 12, 14, 18, 20], "neighbors": [11, 24, 7, 9, 22, 18, 19, 13, 15, 17, 2, 16, 12, 8]}, {"capacity": 248, "impossibleCargos": [0, 2, 4, 8, 10, 12, 13, 14, 15, 18, 20, 21, 22], "neighbors": [9, 12, 13, 22, 14, 10, 6, 7, 2, 23, 16, 5, 19, 8, 20, 1, 17, 15, 11, 24]}, {"capacity": 208, "impossibleCargos": [2, 4, 5, 6, 9, 10, 12, 17, 19, 21, 24], "neighbors": [11, 8, 21, 18, 12, 23, 7, 1, 4, 6, 15, 20, 17, 2]}, {"capacity": 245, "impossibleCargos": [0, 2, 8, 9, 13, 19, 21, 24], "neighbors": [16, 0, 7, 4, 11, 20, 12, 5, 18, 2, 17, 22, 24, 8, 15, 1, 13, 9, 14]}, {"capacity": 270, "impossibleCargos": [3, 8, 13, 14, 15, 16, 18, 21, 22], "neighbors": [18, 8, 11, 16, 17, 6, 3, 0, 4, 5, 12, 23, 20, 1, 22, 2, 15, 9, 14, 10]}, {"capacity": 254, "impossibleCargos": [0, 2, 4, 9, 10, 11, 12, 14, 15, 18, 19, 22, 23, 24], "neighbors": [7, 17, 5, 12, 20, 24, 18, 22, 19, 4, 14, 21, 1, 11, 0, 6, 23, 3]}, {"capacity": 230, "impossibleCargos": [0, 1, 2, 5, 7, 12, 13, 15, 16, 18, 19, 21, 23], "neighbors": [4, 16, 22, 19, 21, 3, 20, 14, 1, 18, 15, 23, 24, 7, 11, 13, 6]}, {"capacity": 276, "impossibleCargos": [1, 3, 4, 5, 7, 9, 10, 11, 17, 20, 22, 23], "neighbors": [23, 22, 16, 2, 11, 4, 13, 24, 17, 14, 18, 21, 1, 7]}, {"capacity": 217, "impossibleCargos": [9, 11, 12, 14, 18, 19, 20, 21, 22, 23], "neighbors": [7, 13, 5, 17, 23, 3, 10, 24, 6, 0, 1, 14, 19, 21, 20, 8, 18, 15, 22, 4, 2, 9]}, {"capacity": 299, "impossibleCargos": [1, 3, 4, 5, 10, 11, 12, 16, 19, 20, 22, 23], "neighbors": [4, 24, 8, 5, 19, 21, 14, 7, 2, 0, 6, 18, 22, 3, 23, 13, 16, 20]}, {"capacity": 266, "impossibleCargos": [2, 3, 7, 9, 11, 12, 14, 16, 18, 23, 24], "neighbors": [11, 4, 1, 17, 16, 20, 15, 21, 2, 14, 3, 10, 22, 18, 12, 9, 6]}, {"capacity": 269, "impossibleCargos": [0, 1, 4, 6, 8, 9, 10, 11, 13, 15, 16, 17, 18, 20, 21, 24], "neighbors": [22, 15, 24, 4, 13, 12, 16, 9, 2, 11, 17, 19, 8, 10, 18, 21, 7, 0, 6]}, {"capacity": 275, "impossibleCargos": [0, 1, 2, 6, 7, 8, 9, 11, 14, 16, 21, 22, 23, 24], "neighbors": [14, 21, 16, 23, 13, 20, 2, 3, 5, 24, 0, 11, 22, 4, 9, 6, 7, 19, 17]}, {"capacity": 220, "impossibleCargos": [1, 2, 3, 6, 8, 11, 14, 15, 16, 19, 20, 21, 22, 24], "neighbors": [6, 9, 1, 10, 20, 7, 22, 15, 18, 13, 17, 4, 14, 21, 3, 24, 19, 12]}, {"capacity": 274, "impossibleCargos": [0, 2, 3, 4, 5, 6, 10, 12, 14, 16, 17, 18, 19, 22], "neighbors": [8, 20, 19, 2, 7, 11, 21, 13, 24, 23, 16, 0, 14, 18, 3, 10, 5, 6, 4, 15]}, {"capacity": 248, "impossibleCargos": [2, 6, 7, 9, 10, 15, 16, 18, 21], "neighbors": [7, 0, 5, 16, 19, 24, 3, 21, 8, 2, 12, 17, 22, 6, 13, 9, 23, 11, 10, 14]}, {"capacity": 258, "impossibleCargos": [1, 4, 5, 6, 9, 10, 13, 14, 16, 17, 18, 19, 21, 23], "neighbors": [2, 17, 18, 12, 9, 8, 3, 4, 21, 14, 1, 11, 22, 23, 16, 24, 15, 0]}, {"capacity": 213, "impossibleCargos": [0, 2, 3, 4, 5, 7, 9, 15, 18, 20, 22], "neighbors": [24, 16, 17, 0, 13, 9, 8, 6, 22, 15, 7, 5, 11, 4, 21, 12, 1]}, {"capacity": 270, "impossibleCargos": [0, 1, 4, 5, 6, 11, 12, 13, 15, 16, 17, 19, 20, 22, 23, 24], "neighbors": [5, 15, 17, 9, 12, 2, 1, 18, 13, 23, 19, 16, 11, 8, 24, 10, 14, 0, 20]}, {"capacity": 240, "impossibleCargos": [1, 2, 4, 8, 10, 13, 14, 15, 16, 17, 18, 22, 23], "neighbors": [14, 10, 1, 9, 16, 4, 3, 8, 20, 18, 13, 7, 19, 12, 15, 6, 11, 24, 0]}, {"capacity": 264, "impossibleCargos": [0, 1, 6, 7, 9, 12, 16, 17, 18, 21, 23], "neighbors": [10, 15, 11, 5, 17, 4, 21, 7, 19, 2, 18, 0, 12, 9, 24, 8]}, {"capacity": 214, "impossibleCargos": [2, 3, 5, 6, 8, 9, 11, 12, 13, 18, 20, 21, 22], "neighbors": [20, 12, 0, 18, 3, 14, 11, 17, 8, 1, 16, 10, 15, 19, 6, 9, 21, 23, 22, 4, 2]}]}