{"volumes": [0, 204, 269, 238, 0, 0, 224, 1045, 246, 427, 400, 0, 0, 260, 878, 527, 0, 0, 208, 0, 230, 209, 204, 0, 0], "conflicts": [[0, 1], [0, 2], [0, 3], [0, 4], [0, 5], [0, 6], [0, 7], [0, 8], [0, 9], [0, 12], [0, 13], [0, 14], [0, 15], [0, 16], [0, 17], [0, 18], [0, 20], [0, 22], [0, 23], [1, 4], [1, 5], [1, 11], [1, 12], [1, 16], [1, 17], [1, 19], [1, 23], [1, 24], [2, 3], [2, 4], [2, 5], [2, 16], [2, 17], [2, 18], [2, 19], [2, 20], [2, 21], [2, 23], [2, 24], [3, 4], [3, 5], [3, 6], [3, 8], [3, 11], [3, 16], [3, 19], [3, 22], [3, 24], [4, 6], [4, 7], [4, 8], [4, 9], [4, 11], [4, 12], [4, 13], [4, 14], [4, 15], [4, 16], [4, 17], [4, 18], [4, 19], [4, 20], [4, 21], [4, 23], [4, 24], [5, 6], [5, 7], [5, 8], [5, 9], [5, 10], [5, 11], [5, 12], [5, 13], [5, 14], [5, 15], [5, 18], [5, 19], [5, 22], [5, 24], [6, 11], [6, 12], [6, 17], [6, 18], [6, 23], [6, 24], [7, 12], [7, 17], [7, 19], [7, 23], [7, 24], [8, 11], [8, 17], [8, 19], [8, 23], [8, 24], [9, 12], [9, 16], [9, 17], [9, 19], [9, 24], [10, 11], [10, 16], [10, 17], [10, 19], [10, 23], [10, 24], [11, 13], [11, 14], [11, 15], [11, 18], [11, 19], [11, 20], [11, 22], [12, 14], [12, 15], [12, 16], [12, 17], [12, 18], [12, 19], [12, 20], [12, 22], [12, 24], [13, 16], [13, 17], [13, 23], [14, 16], [14, 17], [14, 23], [14, 24], [15, 16], [15, 17], [15, 19], [15, 23], [15, 24], [16, 18], [16, 19], [16, 20], [16, 21], [16, 22], [16, 23], [16, 24], [17, 18], [17, 19], [17, 20], [17, 22], [17, 23], [17, 24], [18, 19], [18, 23], [19, 20], [19, 21], [19, 22], [19, 24], [20, 24], [21, 24], [22, 23], [22, 24]], "tanks": [{"capacity": 254, "impossibleCargos": [0, 2, 4, 7, 8, 9, 10, 12, 14, 15, 19, 20, 21, 23, 24], "neighbors": [3, 8, 17, 10, 23, 11, 1, 7, 20, 4, 6, 13, 21, 18, 22, 9, 5]}, {"capacity": 217, "impossibleCargos": [0, 1, 4, 5, 7, 10, 11, 12, 13, 16, 18, 21, 22], "neighbors": [20, 23, 22, 11, 0, 19, 8, 14, 12, 15, 10, 4, 7]}, {"capacity": 278, "impossibleCargos": [1, 4, 9, 10, 14, 15, 19, 23, 24], "neighbors": [18, 13, 22, 15, 6, 9, 10, 7, 14, 19, 16, 4, 24, 20]}, {"capacity": 241, "impossibleCargos": [1, 2, 4, 8, 9, 11, 13, 17, 18, 19, 21, 23], "neighbors": [0, 11, 9, 5, 7, 21, 20, 18, 16, 8, 17, 10, 12, 14, 6, 19, 24, 23, 15]}, {"capacity": 214, "impossibleCargos": [0, 2, 6, 8, 9, 11, 14, 15, 16, 17, 18, 20, 21, 23], "neighbors": [22, 20, 10, 14, 12, 18, 19, 23, 11, 0, 9, 13, 8, 7, 6, 16, 2, 1, 17]}, {"capacity": 296, "impossibleCargos": [0, 1, 5, 6, 12, 13, 18, 20, 23, 24], "neighbors": [12, 19, 3, 16, 14, 20, 6, 18, 15, 9, 24, 22, 11, 8, 23, 0, 17, 13]}, {"capacity": 272, "impossibleCargos": [0, 1, 2, 8, 11, 13, 15, 17, 19, 21, 23, 24], "neighbors": [16, 11, 7, 5, 12, 2, 22, 15, 10, 18, 21, 17, 0, 3, 19, 4, 9, 24]}, {"capacity": 205, "impossibleCargos": [1, 2, 3, 4, 6, 7, 8, 12, 15, 18], "neighbors": [8, 9, 20, 3, 6, 18, 19, 21, 0, 13, 24, 23, 2, 15, 10, 4, 16, 17, 1, 11]}, {"capacity": 294, "impossibleCargos": [5, 9, 11, 12, 13, 14, 16, 17, 18, 19, 20, 21, 22, 23, 24], "neighbors": [7, 0, 13, 11, 15, 20, 1, 9, 3, 23, 17, 14, 4, 5, 21, 12]}, {"capacity": 265, "impossibleCargos": [2, 3, 4, 6, 7, 11, 15, 16, 17, 18, 21, 22, 24], "neighbors": [20, 7, 21, 3, 22, 24, 13, 18, 11, 14, 8, 2, 5, 10, 15, 4, 12, 17, 16, 6, 0, 19]}, {"capacity": 269, "impossibleCargos": [3, 4, 6, 7, 9, 10, 12, 15, 17, 18, 20], "neighbors": [4, 0, 11, 18, 6, 2, 17, 12, 9, 3, 14, 7, 19, 1, 24, 15, 23, 20, 21, 22, 13]}, {"capacity": 223, "impossibleCargos": [1, 2, 4, 7, 8, 9, 14, 17, 23], "neighbors": [3, 8, 6, 21, 1, 9, 0, 15, 10, 17, 4, 20, 22, 18, 14, 13, 12, 23, 5, 24, 7]}, {"capacity": 250, "impossibleCargos": [0, 2, 3, 5, 7, 9, 10, 11, 13, 14, 16, 17, 20, 22, 23, 24], "neighbors": [14, 18, 5, 4, 17, 21, 6, 24, 10, 20, 15, 3, 1, 9, 13, 11, 16, 23, 8, 22]}, {"capacity": 253, "impossibleCargos": [1, 2, 10, 13, 14, 16, 17, 18, 20, 21], "neighbors": [8, 15, 2, 9, 24, 7, 4, 22, 0, 11, 12, 14, 23, 5, 16, 17, 10]}, {"capacity": 247, "impossibleCargos": [2, 4, 6, 7, 8, 11, 14, 16, 17, 18, 24], "neighbors": [12, 22, 4, 5, 15, 9, 24, 20, 1, 8, 11, 3, 10, 16, 17, 2, 13, 19]}, {"capacity": 209, "impossibleCargos": [0, 7, 8, 11, 13, 15, 16, 18, 20, 24], "neighbors": [21, 13, 8, 16, 2, 5, 11, 14, 22, 6, 24, 7, 9, 12, 1, 18, 19, 10, 3]}, {"capacity": 222, "impossibleCargos": [0, 4, 5, 8, 9, 10, 12, 14, 15, 16, 18, 19, 21, 24], "neighbors": [22, 6, 5, 18, 15, 21, 3, 20, 14, 7, 12, 4, 2, 9, 17, 13]}, {"capacity": 256, "impossibleCargos": [0, 2, 3, 6, 8, 9, 10, 12, 13, 14, 16, 17, 19, 21, 23], "neighbors": [12, 0, 21, 22, 20, 11, 10, 3, 23, 8, 6, 14, 18, 24, 7, 9, 5, 4, 16, 13]}, {"capacity": 251, "impossibleCargos": [0, 2, 3, 5, 7, 9, 11, 13, 16, 19, 22], "neighbors": [12, 24, 2, 22, 16, 7, 21, 4, 9, 5, 3, 19, 10, 6, 23, 20, 11, 0, 17, 15]}, {"capacity": 245, "impossibleCargos": [1, 2, 7, 8, 9, 13, 14, 15, 20, 21, 22], "neighbors": [5, 20, 22, 4, 18, 1, 7, 23, 3, 2, 6, 10, 15, 14, 9]}, {"capacity": 225, "impossibleCargos": [0, 4, 9, 10, 12, 13, 18, 19, 20, 21, 22, 23], "neighbors": [1, 4, 9, 7, 19, 5, 3, 8, 17, 14, 24, 11, 16, 18, 0, 12, 21, 2, 10]}, {"capacity": 212, "impossibleCargos": [3, 5, 6, 7, 11, 13, 14, 16, 18, 20, 22, 24], "neighbors": [9, 15, 12, 11, 18, 17, 3, 23, 7, 16, 6, 22, 0, 20, 8, 10]}, {"capacity": 295, "impossibleCargos": [0, 1, 2, 7, 9, 14, 17, 18, 19, 20, 23, 24], "neighbors": [4, 16, 14, 1, 18, 19, 17, 23, 9, 2, 6, 15, 11, 13, 21, 5, 0, 24, 10, 12]}, {"capacity": 214, "impossibleCargos": [0, 1, 5, 7, 10, 15, 16, 17, 22, 23], "neighbors": [1, 22, 0, 21, 4, 18, 19, 7, 8, 17, 11, 5, 3, 12, 10, 13]}, {"capacity": 279, "impossibleCargos": [0, 2, 3, 5, 8, 10, 12, 13, 14, 15, 18, 19, 24], "neighbors": [18, 9, 13, 14, 7, 20, 12, 5, 15, 3, 17, 2, 22, 10, 11, 6]}]}