{"volumes": [695, 212, 231, 0, 221, 203, 772, 464, 199, 0, 0, 0, 210, 0, 449, 210, 209, 212, 0, 417, 0, 0, 216, 0, 438], "conflicts": [[0, 10], [0, 13], [0, 20], [0, 21], [0, 23], [1, 5], [1, 9], [1, 10], [1, 11], [1, 13], [1, 18], [1, 20], [1, 21], [1, 22], [2, 3], [2, 4], [2, 5], [2, 15], [2, 23], [3, 4], [3, 5], [3, 6], [3, 7], [3, 8], [3, 11], [3, 16], [3, 18], [3, 19], [3, 22], [4, 9], [4, 10], [4, 13], [4, 20], [4, 23], [5, 8], [6, 10], [6, 11], [6, 13], [6, 18], [6, 21], [7, 20], [7, 21], [8, 9], [8, 11], [8, 13], [8, 18], [8, 23], [9, 10], [9, 14], [9, 16], [9, 19], [9, 22], [9, 23], [10, 12], [10, 13], [10, 14], [10, 16], [10, 17], [10, 18], [10, 19], [10, 20], [10, 21], [10, 23], [11, 13], [11, 16], [11, 19], [11, 22], [11, 23], [12, 13], [12, 20], [12, 23], [13, 16], [13, 17], [13, 18], [13, 19], [13, 21], [13, 23], [13, 24], [14, 23], [15, 20], [15, 23], [16, 18], [17, 21], [18, 19], [18, 21], [20, 22], [21, 23], [22, 23]], "tanks": [{"capacity": 232, "impossibleCargos": [0, 1, 2, 3, 4, 5, 6, 7, 8, 9, 10, 11, 12, 13, 16, 17, 18, 19, 20, 21, 22, 23, 24], "neighbors": [17, 6, 22, 14, 20, 15, 8, 16, 3, 9, 11, 24, 21, 4, 19, 7, 5, 13, 12]}, {"capacity": 216, "impossibleCargos": [0, 1, 3, 5, 8, 9, 10, 11, 13, 14, 15, 16, 17, 19, 20, 21, 23], "neighbors": [20, 24, 19, 14, 9, 3, 4, 10, 22, 23, 21, 16, 6, 13, 8]}, {"capacity": 244, "impossibleCargos": [0, 1, 3, 4, 6, 9, 10, 11, 12, 13, 15, 16, 21, 22, 23], "neighbors": [4, 17, 6, 23, 14, 21, 24, 18, 22, 13, 5, 16, 10, 19, 12, 15, 11, 8, 9]}, {"capacity": 254, "impossibleCargos": [0, 1, 2, 3, 4, 5, 8, 10, 11, 12, 13, 14, 16, 18, 19, 20, 22], "neighbors": [13, 19, 5, 21, 1, 18, 17, 23, 0, 22, 16, 12, 24, 20, 9, 11, 7, 4]}, {"capacity": 234, "impossibleCargos": [0, 2, 3, 4, 5, 7, 8, 9, 10, 11, 14, 15, 16, 17, 18, 20, 22, 23], "neighbors": [16, 5, 2, 20, 23, 10, 6, 19, 18, 15, 24, 1, 17, 22, 0, 3, 14, 7, 8, 11]}, {"capacity": 260, "impossibleCargos": [1, 2, 3, 4, 5, 7, 8, 9, 10, 11, 12, 13, 15, 16, 17, 18, 19, 20, 21, 22, 23], "neighbors": [4, 7, 3, 20, 15, 11, 19, 6, 10, 2, 9, 13, 8, 17, 23, 22, 14, 0, 12]}, {"capacity": 243, "impossibleCargos": [0, 1, 3, 4, 5, 7, 8, 9, 10, 13, 15, 16, 17, 19, 20, 21, 22, 23, 24], "neighbors": [11, 0, 4, 2, 5, 17, 9, 12, 8, 14, 1, 7, 13]}, {"capacity": 275, "impossibleCargos": [0, 1, 2, 3, 4, 5, 7, 8, 9, 10, 12, 13, 15, 16, 18, 20, 21, 23, 24], "neighbors": [5, 16, 9, 10, 8, 21, 12, 20, 15, 24, 11, 17, 22, 23, 6, 0, 3, 19, 4]}, {"capacity": 260, "impossibleCargos": [2, 3, 5, 6, 8, 9, 10, 11, 12, 13, 14, 15, 16, 18, 19, 20, 21, 22, 23, 24], "neighbors": [11, 7, 22, 9, 18, 10, 0, 23, 20, 6, 15, 19, 21, 13, 5, 12, 14, 1, 24, 2, 4]}, {"capacity": 219, "impossibleCargos": [0, 1, 2, 3, 5, 7, 8, 9, 10, 11, 12, 13, 14, 15, 16, 17, 18, 19, 20, 21, 23, 24], "neighbors": [19, 7, 1, 20, 22, 21, 8, 14, 15, 6, 23, 5, 0, 3, 24, 13, 17, 2]}, {"capacity": 227, "impossibleCargos": [0, 3, 4, 5, 6, 7, 9, 10, 11, 12, 13, 15, 16, 19, 20, 21, 22, 23, 24], "neighbors": [4, 7, 17, 21, 5, 22, 1, 8, 24, 2, 12, 14, 23, 11, 18, 16, 13]}, {"capacity": 261, "impossibleCargos": [2, 3, 4, 6, 8, 9, 10, 11, 12, 17, 18, 19, 20, 21, 22, 23, 24], "neighbors": [6, 8, 5, 16, 14, 15, 7, 22, 18, 0, 19, 12, 3, 10, 23, 2, 4]}, {"capacity": 219, "impossibleCargos": [2, 4, 5, 6, 7, 9, 11, 12, 13, 14, 15, 16, 19, 20, 22, 24], "neighbors": [17, 21, 7, 23, 19, 6, 15, 10, 20, 13, 3, 2, 11, 8, 18, 16, 14, 0, 5]}, {"capacity": 228, "impossibleCargos": [1, 2, 3, 4, 5, 6, 8, 9, 11, 12, 13, 15, 16, 17, 19, 22, 23], "neighbors": [19, 3, 23, 14, 18, 15, 20, 17, 2, 5, 22, 12, 8, 16, 1, 24, 9, 6, 0, 10]}, {"capacity": 217, "impossibleCargos": [0, 1, 2, 5, 10, 11, 12, 13, 14, 15, 16, 17, 18, 19, 20, 21, 22, 24], "neighbors": [24, 1, 0, 13, 2, 22, 15, 11, 17, 9, 6, 10, 18, 16, 8, 12, 5, 4]}, {"capacity": 226, "impossibleCargos": [0, 1, 2, 3, 5, 6, 7, 9, 10, 11, 12, 13, 15, 18, 19, 20, 21, 22, 23, 24], "neighbors": [24, 19, 23, 5, 14, 4, 0, 7, 13, 11, 9, 12, 8, 18, 17, 21, 22, 2, 20]}, {"capacity": 222, "impossibleCargos": [1, 2, 3, 5, 6, 7, 8, 9, 11, 12, 13, 14, 16, 17, 18, 20, 22, 23, 24], "neighbors": [19, 4, 7, 11, 20, 0, 2, 3, 1, 14, 22, 13, 23, 12, 10]}, {"capacity": 268, "impossibleCargos": [0, 4, 7, 8, 11, 12, 13, 15, 16, 17, 19, 20, 21, 23, 24], "neighbors": [22, 0, 12, 2, 10, 3, 14, 20, 6, 7, 13, 4, 18, 15, 5, 19, 21, 9]}, {"capacity": 212, "impossibleCargos": [1, 2, 3, 5, 9, 10, 11, 13, 14, 15, 16, 17, 19, 20, 21, 22, 23, 24], "neighbors": [20, 4, 24, 3, 13, 2, 8, 23, 11, 15, 17, 14, 21, 12, 10]}, {"capacity": 221, "impossibleCargos": [0, 1, 2, 8, 9, 11, 12, 13, 15, 16, 17, 18, 19, 20, 21, 22, 24], "neighbors": [16, 13, 9, 1, 3, 15, 4, 5, 24, 21, 12, 8, 11, 2, 17, 0, 23, 22, 7, 20]}, {"capacity": 253, "impossibleCargos": [2, 4, 9, 10, 11, 12, 13, 15, 16, 17, 18, 20, 21, 22, 23, 24], "neighbors": [1, 4, 18, 5, 9, 0, 23, 7, 13, 17, 16, 8, 12, 22, 3, 24, 19, 15]}, {"capacity": 220, "impossibleCargos": [0, 1, 3, 4, 5, 6, 7, 8, 9, 10, 11, 12, 13, 14, 15, 16, 17, 20, 21, 22], "neighbors": [23, 24, 12, 3, 7, 10, 9, 2, 19, 22, 1, 8, 0, 15, 18, 17]}, {"capacity": 282, "impossibleCargos": [0, 1, 2, 3, 4, 6, 7, 9, 10, 11, 12, 13, 15, 17, 18, 19, 20, 21, 22, 24], "neighbors": [17, 0, 14, 9, 8, 10, 1, 21, 2, 7, 11, 3, 13, 4, 15, 20, 16, 24, 5, 19]}, {"capacity": 211, "impossibleCargos": [0, 2, 3, 5, 6, 7, 8, 9, 13, 15, 16, 18, 19, 21, 22, 23, 24], "neighbors": [21, 4, 2, 15, 13, 20, 12, 3, 18, 1, 8, 7, 24, 9, 10, 5, 16, 11, 19]}, {"capacity": 220, "impossibleCargos": [0, 1, 2, 6, 7, 8, 9, 10, 11, 12, 14, 15, 18, 20, 21, 23, 24], "neighbors": [15, 1, 14, 21, 18, 19, 4, 2, 7, 23, 10, 0, 3, 22, 8, 13, 9, 20]}]}