{"volumes": [0, 263, 274, 475, 268, 287, 504, 240, 212, 0, 221, 192, 188, 0, 512, 405, 199, 238, 0, 0, 0, 0, 511, 205, 547], "conflicts": [[0, 1], [0, 2], [0, 3], [0, 5], [0, 6], [0, 7], [0, 9], [0, 10], [0, 12], [0, 13], [0, 14], [0, 15], [0, 16], [0, 17], [0, 18], [0, 19], [0, 20], [0, 21], [0, 22], [0, 24], [1, 9], [1, 10], [1, 11], [1, 14], [1, 18], [1, 19], [1, 20], [1, 21], [1, 24], [2, 9], [2, 10], [2, 13], [2, 18], [2, 20], [2, 21], [3, 13], [3, 18], [3, 20], [3, 21], [4, 9], [4, 12], [4, 13], [4, 17], [4, 18], [4, 19], [4, 20], [4, 21], [4, 23], [5, 9], [5, 10], [5, 13], [5, 18], [5, 19], [5, 20], [5, 21], [5, 23], [6, 18], [6, 19], [7, 9], [7, 17], [7, 18], [7, 21], [8, 9], [8, 12], [8, 13], [8, 18], [8, 20], [8, 21], [9, 10], [9, 11], [9, 12], [9, 13], [9, 14], [9, 16], [9, 17], [9, 18], [9, 19], [9, 21], [9, 23], [9, 24], [10, 13], [10, 16], [10, 18], [10, 19], [10, 21], [11, 13], [11, 16], [11, 17], [11, 18], [11, 20], [11, 21], [12, 14], [12, 18], [12, 19], [12, 20], [12, 21], [12, 23], [13, 14], [13, 15], [13, 16], [13, 17], [13, 18], [13, 19], [13, 20], [13, 21], [13, 22], [13, 23], [14, 18], [14, 19], [14, 20], [14, 21], [15, 20], [15, 21], [16, 17], [16, 18], [16, 19], [17, 18], [17, 19], [17, 20], [17, 21], [18, 19], [18, 20], [18, 22], [18, 24], [19, 20], [19, 22], [19, 23], [19, 24], [20, 21], [20, 22], [20, 23], [20, 24], [21, 24]], "tanks": [{"capacity": 225, "impossibleCargos": [0, 1, 4, 5, 6, 8, 11, 13, 14, 15, 17, 19, 20, 21, 22], "neighbors": [23, 2, 20, 18, 13, 4, 10, 16, 6, 8, 5, 22, 11, 3, 1, 12, 14, 9, 19]}, {"capacity": 200, "impossibleCargos": [0, 1, 2, 3, 4, 5, 6, 9, 11, 13, 14, 15, 16, 18, 19, 20, 22, 23, 24], "neighbors": [21, 16, 12, 10, 9, 18, 15, 22, 8, 20, 11, 7, 14, 24, 19, 23, 0, 3]}, {"capacity": 228, "impossibleCargos": [0, 1, 3, 4, 7, 8, 10, 11, 12, 13, 14, 15, 16, 18, 19, 20, 21, 22, 24], "neighbors": [0, 21, 23, 19, 12, 18, 15, 20, 3, 9, 24, 17, 4, 22, 5, 8]}, {"capacity": 242, "impossibleCargos": [1, 2, 3, 4, 5, 8, 9, 10, 11, 13, 14, 15, 16, 17, 18, 19, 20, 21, 22, 23, 24], "neighbors": [21, 11, 20, 5, 24, 6, 7, 2, 10, 14, 23, 0, 12, 17, 18, 15, 13, 1, 9]}, {"capacity": 281, "impossibleCargos": [1, 2, 4, 5, 6, 7, 8, 9, 10, 11, 12, 16, 17, 18, 19, 20, 23, 24], "neighbors": [23, 11, 20, 0, 9, 7, 14, 18, 13, 6, 17, 2, 15, 12, 16, 22]}, {"capacity": 232, "impossibleCargos": [2, 3, 4, 5, 6, 9, 10, 11, 13, 14, 15, 16, 17, 18, 19, 21, 22, 23, 24], "neighbors": [8, 13, 21, 3, 0, 11, 19, 9, 17, 6, 15, 22, 23, 7, 2, 24]}, {"capacity": 277, "impossibleCargos": [0, 1, 3, 5, 6, 7, 8, 9, 10, 11, 12, 13, 14, 15, 16, 17, 18, 19, 20, 21, 23, 24], "neighbors": [11, 0, 14, 24, 10, 3, 18, 23, 7, 15, 5, 4, 9, 20, 8, 22]}, {"capacity": 290, "impossibleCargos": [0, 1, 2, 3, 4, 6, 7, 8, 9, 11, 13, 14, 16, 17, 18, 19, 21], "neighbors": [14, 8, 17, 10, 3, 15, 4, 1, 6, 13, 9, 21, 22, 11, 16, 5, 20, 18]}, {"capacity": 288, "impossibleCargos": [0, 1, 2, 4, 5, 8, 9, 10, 11, 12, 13, 14, 15, 16, 19, 20, 21], "neighbors": [22, 5, 14, 7, 0, 1, 10, 16, 13, 21, 19, 12, 23, 20, 18, 11, 6, 9, 2]}, {"capacity": 206, "impossibleCargos": [0, 1, 2, 3, 6, 8, 9, 10, 12, 13, 14, 15, 16, 20, 23, 24], "neighbors": [21, 20, 15, 1, 14, 4, 18, 22, 5, 2, 7, 13, 11, 12, 6, 16, 3, 0, 8, 10]}, {"capacity": 215, "impossibleCargos": [0, 1, 2, 3, 4, 6, 10, 11, 12, 13, 14, 16, 19, 21, 22, 23, 24], "neighbors": [19, 16, 21, 23, 0, 1, 6, 7, 11, 8, 12, 22, 3, 20, 15, 18, 24, 17, 9]}, {"capacity": 246, "impossibleCargos": [0, 2, 4, 7, 8, 10, 12, 13, 15, 16, 18, 19, 20, 21, 23], "neighbors": [6, 4, 3, 16, 19, 13, 12, 10, 18, 1, 5, 0, 22, 20, 17, 15, 9, 7, 8, 24, 23]}, {"capacity": 255, "impossibleCargos": [0, 1, 2, 3, 4, 5, 6, 8, 9, 11, 12, 14, 15, 16, 17, 18, 20, 21, 24], "neighbors": [20, 1, 2, 11, 10, 15, 3, 16, 0, 19, 8, 9, 24, 21, 4, 14]}, {"capacity": 280, "impossibleCargos": [1, 3, 4, 6, 7, 8, 10, 11, 12, 13, 15, 16, 17, 18, 19, 20, 21, 24], "neighbors": [0, 16, 5, 11, 19, 21, 17, 18, 4, 7, 8, 9, 3, 15, 22]}, {"capacity": 272, "impossibleCargos": [0, 1, 2, 4, 7, 8, 9, 11, 12, 13, 14, 15, 18, 19, 20, 21, 22, 23, 24], "neighbors": [17, 20, 8, 7, 6, 9, 4, 1, 22, 3, 16, 15, 18, 24, 19, 12, 21, 0]}, {"capacity": 258, "impossibleCargos": [0, 1, 2, 3, 4, 5, 8, 10, 11, 13, 14, 15, 16, 17, 18, 19, 20, 21, 22, 23, 24], "neighbors": [21, 9, 1, 2, 17, 7, 20, 12, 10, 14, 6, 11, 5, 19, 16, 3, 13, 4, 23, 18]}, {"capacity": 203, "impossibleCargos": [0, 2, 3, 4, 5, 6, 7, 8, 9, 10, 13, 14, 15, 18, 19, 20, 21, 22, 23, 24], "neighbors": [11, 1, 10, 18, 22, 0, 13, 23, 20, 8, 17, 14, 12, 15, 19, 24, 9, 4, 7]}, {"capacity": 210, "impossibleCargos": [0, 1, 2, 6, 7, 8, 10, 11, 14, 15, 17, 20, 21, 22, 23, 24], "neighbors": [14, 20, 21, 22, 7, 15, 13, 23, 24, 18, 16, 5, 3, 11, 2, 4, 10]}, {"capacity": 257, "impossibleCargos": [0, 1, 2, 4, 5, 6, 7, 9, 10, 11, 14, 15, 16, 17, 18, 19, 23, 24], "neighbors": [24, 0, 16, 1, 2, 6, 11, 19, 9, 4, 17, 13, 10, 20, 3, 23, 22, 8, 14, 21, 15, 7]}, {"capacity": 248, "impossibleCargos": [1, 2, 5, 6, 7, 8, 9, 10, 11, 12, 13, 16, 19, 22, 23, 24], "neighbors": [10, 11, 20, 2, 24, 13, 22, 18, 5, 1, 21, 15, 8, 12, 16, 14, 0]}, {"capacity": 298, "impossibleCargos": [0, 1, 2, 4, 5, 10, 13, 15, 16, 17, 18, 19, 21], "neighbors": [9, 14, 0, 4, 17, 3, 19, 12, 2, 1, 16, 22, 15, 10, 21, 11, 18, 8, 6, 23, 7]}, {"capacity": 294, "impossibleCargos": [0, 1, 3, 4, 5, 6, 7, 9, 10, 11, 13, 14, 15, 17, 18, 19, 20, 21, 22, 23, 24], "neighbors": [3, 15, 2, 1, 9, 10, 23, 17, 5, 22, 13, 24, 20, 19, 7, 8, 12, 18, 14]}, {"capacity": 200, "impossibleCargos": [0, 1, 3, 5, 6, 9, 10, 11, 12, 13, 14, 16, 18, 19, 21, 23, 24], "neighbors": [8, 16, 17, 1, 21, 19, 0, 10, 20, 9, 14, 11, 7, 18, 2, 5, 13, 4, 6]}, {"capacity": 281, "impossibleCargos": [0, 1, 2, 3, 4, 5, 6, 7, 8, 10, 11, 12, 14, 15, 16, 17, 20, 22, 23], "neighbors": [0, 4, 2, 10, 21, 16, 6, 17, 3, 1, 18, 8, 15, 20, 5, 11]}, {"capacity": 287, "impossibleCargos": [2, 4, 5, 6, 7, 10, 11, 12, 13, 14, 16, 18, 20, 21, 22, 23, 24], "neighbors": [18, 3, 6, 19, 21, 17, 1, 2, 10, 12, 16, 11, 14, 5]}]}