{"volumes": [206, 246, 0, 0, 0, 0, 270, 253, 429, 557, 238, 0, 227, 198, 512, 438, 247, 277, 0, 0, 239, 0, 0, 507, 994], "conflicts": [[0, 2], [0, 3], [0, 4], [0, 6], [0, 10], [0, 11], [0, 18], [0, 21], [0, 22], [1, 2], [1, 3], [1, 4], [1, 5], [1, 11], [1, 17], [1, 18], [1, 19], [1, 21], [2, 3], [2, 4], [2, 6], [2, 10], [2, 11], [2, 14], [2, 15], [2, 16], [2, 17], [2, 18], [2, 20], [2, 21], [2, 22], [2, 23], [2, 24], [3, 5], [3, 6], [3, 7], [3, 8], [3, 9], [3, 10], [3, 12], [3, 15], [3, 16], [3, 17], [3, 18], [3, 19], [3, 20], [3, 21], [3, 22], [3, 23], [3, 24], [4, 5], [4, 7], [4, 8], [4, 9], [4, 10], [4, 11], [4, 12], [4, 13], [4, 14], [4, 16], [4, 17], [4, 19], [4, 20], [4, 21], [4, 22], [4, 23], [4, 24], [5, 7], [5, 8], [5, 9], [5, 12], [5, 13], [5, 16], [5, 17], [5, 18], [5, 19], [5, 20], [5, 22], [5, 23], [6, 11], [6, 12], [6, 18], [6, 19], [6, 22], [7, 10], [7, 11], [7, 17], [7, 18], [7, 19], [7, 21], [7, 22], [8, 11], [8, 18], [8, 19], [8, 21], [9, 11], [9, 18], [9, 19], [9, 22], [10, 11], [10, 21], [10, 22], [11, 13], [11, 14], [11, 15], [11, 16], [11, 17], [11, 18], [11, 19], [11, 20], [11, 21], [11, 22], [11, 23], [11, 24], [12, 16], [12, 18], [12, 19], [12, 21], [12, 22], [13, 14], [13, 18], [13, 19], [13, 21], [13, 22], [14, 16], [14, 18], [14, 19], [14, 21], [15, 18], [15, 19], [15, 21], [15, 22], [16, 18], [16, 22], [17, 19], [17, 21], [17, 22], [18, 19], [18, 21], [18, 23], [18, 24], [19, 20], [19, 21], [19, 22], [19, 23], [19, 24], [20, 21], [20, 22], [21, 22], [21, 23], [21, 24], [22, 23], [22, 24]], "tanks": [{"capacity": 261, "impossibleCargos": [0, 1, 2, 3, 4, 6, 7, 10, 11, 12, 13, 15, 16, 17, 18, 19, 20, 21, 22, 23, 24], "neighbors": [6, 21, 15, 10, 13, 9, 12, 16, 14, 24, 7, 1, 19, 11, 20, 2, 3, 18]}, {"capacity": 256, "impossibleCargos": [0, 1, 2, 3, 8, 9, 10, 11, 12, 13, 14, 15, 18, 19, 20, 22, 23], "neighbors": [3, 4, 20, 24, 2, 15, 16, 13, 9, 5, 19, 7, 11, 18, 12, 14, 23, 0, 21, 8]}, {"capacity": 290, "impossibleCargos": [0, 1, 2, 3, 4, 5, 8, 11, 13, 14, 16, 17, 22], "neighbors": [24, 22, 17, 1, 23, 6, 18, 15, 13, 4, 10, 16, 5, 19, 0, 14, 3]}, {"capacity": 298, "impossibleCargos": [0, 1, 2, 4, 6, 7, 8, 10, 12, 13, 14, 15, 16, 18, 19, 22], "neighbors": [1, 4, 13, 10, 9, 5, 15, 21, 24, 20, 8, 7, 19, 14, 12, 16, 0, 22, 2]}, {"capacity": 237, "impossibleCargos": [1, 2, 3, 4, 5, 6, 8, 9, 10, 11, 13, 14, 15, 16, 17, 18, 19, 20, 22, 24], "neighbors": [6, 1, 3, 14, 17, 19, 15, 10, 9, 7, 22, 5, 24, 11, 2, 12, 20, 23]}, {"capacity": 286, "impossibleCargos": [0, 1, 2, 5, 6, 7, 8, 10, 11, 12, 14, 15, 16, 18, 19, 20, 21, 23], "neighbors": [10, 13, 23, 18, 7, 3, 4, 11, 22, 17, 1, 14, 2, 8, 19, 16, 20, 24, 12, 9]}, {"capacity": 255, "impossibleCargos": [0, 3, 4, 5, 6, 8, 10, 11, 12, 13, 14, 15, 16, 17, 18, 19, 20, 21, 23, 24], "neighbors": [18, 21, 4, 17, 0, 16, 15, 10, 2, 13, 22, 8, 14, 7, 24, 23, 11, 19]}, {"capacity": 222, "impossibleCargos": [0, 1, 3, 4, 6, 7, 9, 10, 11, 13, 14, 16, 17, 19, 20, 21, 22, 23, 24], "neighbors": [23, 13, 11, 5, 19, 4, 9, 21, 12, 1, 6, 17, 0, 3, 14, 22, 8, 15]}, {"capacity": 273, "impossibleCargos": [0, 1, 2, 4, 5, 7, 10, 11, 12, 14, 15, 19, 20, 21, 22, 23, 24], "neighbors": [10, 15, 18, 22, 21, 24, 17, 6, 9, 20, 12, 5, 16, 3, 14, 7, 1, 19]}, {"capacity": 278, "impossibleCargos": [0, 3, 4, 5, 7, 11, 12, 13, 15, 16, 19, 20, 21, 23], "neighbors": [10, 16, 24, 21, 3, 4, 23, 12, 7, 17, 1, 0, 8, 13, 14, 5]}, {"capacity": 245, "impossibleCargos": [0, 1, 3, 4, 5, 6, 7, 8, 9, 10, 11, 12, 13, 15, 16, 17, 18, 21, 22, 24], "neighbors": [9, 8, 5, 24, 4, 3, 6, 23, 13, 19, 0, 20, 18, 15, 22, 2, 11, 21, 16]}, {"capacity": 281, "impossibleCargos": [3, 4, 7, 9, 12, 13, 15, 16, 17, 18, 19, 20, 22, 24], "neighbors": [16, 17, 19, 23, 7, 21, 18, 5, 4, 13, 12, 20, 1, 10, 0, 24, 6]}, {"capacity": 257, "impossibleCargos": [0, 2, 3, 4, 6, 8, 11, 13, 14, 15, 16, 17, 18, 20, 21, 23, 24], "neighbors": [22, 16, 9, 15, 13, 7, 11, 0, 20, 8, 21, 4, 18, 1, 5, 3, 23]}, {"capacity": 237, "impossibleCargos": [0, 1, 2, 4, 5, 6, 7, 11, 12, 13, 14, 15, 17, 18, 20, 21, 22, 23, 24], "neighbors": [19, 3, 21, 5, 7, 10, 18, 6, 1, 0, 12, 11, 2, 9, 20, 24, 16, 15]}, {"capacity": 289, "impossibleCargos": [0, 1, 2, 3, 7, 8, 9, 10, 13, 14, 16, 17, 18, 20, 22, 23], "neighbors": [16, 22, 17, 4, 20, 15, 19, 24, 5, 0, 18, 23, 6, 1, 21, 7, 3, 8, 2, 9]}, {"capacity": 248, "impossibleCargos": [0, 5, 7, 9, 10, 11, 12, 13, 14, 16, 17, 18, 19, 21, 22, 23, 24], "neighbors": [8, 4, 6, 0, 1, 14, 3, 12, 10, 20, 2, 16, 21, 18, 17, 13, 7, 22]}, {"capacity": 276, "impossibleCargos": [0, 1, 2, 3, 4, 7, 10, 11, 13, 14, 15, 16, 17, 19, 24], "neighbors": [14, 11, 22, 9, 18, 12, 6, 1, 21, 17, 15, 2, 0, 8, 24, 5, 13, 3, 10, 23, 20]}, {"capacity": 241, "impossibleCargos": [0, 1, 2, 3, 5, 9, 10, 11, 12, 13, 14, 15, 16, 18, 20, 21, 22], "neighbors": [23, 11, 6, 14, 22, 4, 2, 9, 5, 8, 16, 24, 7, 15]}, {"capacity": 277, "impossibleCargos": [0, 2, 4, 5, 11, 12, 13, 14, 15, 16, 18, 19, 20, 21, 22, 23, 24], "neighbors": [19, 6, 16, 5, 8, 11, 13, 2, 10, 21, 14, 1, 12, 15, 20, 23, 0]}, {"capacity": 214, "impossibleCargos": [3, 4, 5, 6, 7, 8, 10, 11, 12, 15, 19, 20, 21, 22, 23, 24], "neighbors": [18, 20, 13, 11, 22, 4, 7, 10, 14, 1, 21, 24, 5, 2, 0, 3, 6, 8]}, {"capacity": 216, "impossibleCargos": [0, 1, 2, 3, 4, 6, 7, 9, 11, 13, 14, 16, 17, 18, 19, 20, 21, 22, 23, 24], "neighbors": [19, 22, 1, 14, 10, 15, 8, 11, 12, 3, 13, 24, 21, 5, 4, 18, 0, 16, 23]}, {"capacity": 261, "impossibleCargos": [0, 2, 4, 5, 6, 7, 8, 10, 11, 13, 14, 15, 17, 18, 19, 20, 22, 23, 24], "neighbors": [23, 6, 9, 13, 0, 11, 7, 8, 3, 16, 18, 19, 15, 12, 20, 22, 14, 10, 1]}, {"capacity": 220, "impossibleCargos": [0, 1, 2, 3, 4, 5, 7, 8, 10, 11, 12, 14, 16, 17, 18, 19, 21, 22, 23, 24], "neighbors": [12, 16, 20, 19, 2, 14, 17, 8, 4, 5, 6, 10, 21, 7, 3, 15]}, {"capacity": 267, "impossibleCargos": [0, 2, 3, 6, 8, 9, 10, 11, 12, 14, 15, 18, 19, 20, 21, 22], "neighbors": [21, 17, 11, 5, 7, 9, 2, 10, 24, 14, 1, 6, 12, 4, 18, 16, 20]}, {"capacity": 242, "impossibleCargos": [0, 1, 2, 4, 5, 6, 7, 9, 10, 11, 13, 14, 15, 16, 17, 18, 20, 22, 23], "neighbors": [2, 9, 1, 10, 4, 3, 8, 23, 14, 16, 17, 6, 13, 20, 19, 0, 5, 11]}]}