{"volumes": [517, 181, 383, 212, 153, 0, 200, 0, 0, 0, 159, 122, 198, 0, 541, 353, 0, 146, 171, 0, 169, 358, 467, 0, 0], "conflicts": [[0, 5], [0, 13], [0, 17], [0, 20], [0, 24], [1, 5], [1, 7], [1, 21], [2, 5], [2, 16], [2, 17], [3, 24], [4, 5], [4, 8], [4, 10], [4, 21], [5, 6], [5, 12], [5, 17], [5, 18], [6, 8], [6, 16], [6, 20], [6, 21], [7, 9], [7, 12], [7, 13], [7, 18], [7, 24], [8, 14], [9, 11], [9, 13], [9, 18], [10, 14], [10, 20], [10, 22], [11, 24], [12, 13], [12, 17], [12, 20], [12, 21], [13, 14], [13, 21], [14, 23], [15, 17], [15, 19], [15, 23], [16, 19], [16, 21], [16, 24], [17, 19], [19, 23], [20, 23], [21, 23], [21, 24], [22, 23]], "tanks": [{"capacity": 212, "impossibleCargos": [0, 1, 4, 6, 7, 8, 12, 14, 15, 18, 20, 22], "neighbors": [21, 1, 7, 14]}, {"capacity": 217, "impossibleCargos": [3, 4, 5, 6, 7, 9, 11, 13, 14, 17, 18, 19, 21, 24], "neighbors": [20, 7, 19, 4, 12, 0, 14]}, {"capacity": 297, "impossibleCargos": [1, 5, 7, 8, 9, 11, 14, 15, 16, 18, 19, 20, 21, 22, 23], "neighbors": [9, 19, 7, 4, 12, 18]}, {"capacity": 272, "impossibleCargos": [2, 5, 6, 7, 13, 14, 17, 20, 22, 23, 24], "neighbors": [12, 9, 11]}, {"capacity": 268, "impossibleCargos": [0, 1, 7, 8, 9, 10, 13, 17, 18, 20, 21], "neighbors": [8, 1, 11, 14, 2, 21, 7]}, {"capacity": 285, "impossibleCargos": [0, 2, 7, 9, 10, 12, 19, 23, 24], "neighbors": [11, 9, 6, 16, 10]}, {"capacity": 288, "impossibleCargos": [3, 4, 5, 6, 7, 8, 9, 12, 13, 17, 18, 20, 22, 23], "neighbors": [24, 14, 5, 7, 20]}, {"capacity": 279, "impossibleCargos": [4, 6, 7, 9, 13, 14, 16, 17, 18, 20, 22, 23], "neighbors": [15, 1, 21, 6, 20, 2, 0, 4, 14]}, {"capacity": 213, "impossibleCargos": [1, 3, 5, 6, 7, 9, 10, 11, 12, 13, 14, 15, 17, 18, 19, 22], "neighbors": [4, 15, 16, 19, 20]}, {"capacity": 223, "impossibleCargos": [3, 4, 5, 8, 9, 15, 17, 22, 24], "neighbors": [21, 17, 5, 16, 20, 2, 13, 11, 3]}, {"capacity": 243, "impossibleCargos": [1, 2, 3, 4, 5, 6, 8, 11, 12, 17, 21, 22, 23], "neighbors": [23, 17, 20, 5]}, {"capacity": 206, "impossibleCargos": [3, 4, 8, 11, 14, 16, 17, 18, 19, 20, 21, 22, 24], "neighbors": [12, 17, 5, 13, 24, 4, 9, 3, 22]}, {"capacity": 286, "impossibleCargos": [0, 1, 8, 10, 13, 15, 19, 23], "neighbors": [11, 23, 1, 18, 3, 15, 2]}, {"capacity": 260, "impossibleCargos": [3, 5, 6, 11, 14, 15, 18, 19, 24], "neighbors": [17, 11, 9, 22]}, {"capacity": 295, "impossibleCargos": [2, 5, 7, 10, 12, 14, 16, 21, 23, 24], "neighbors": [19, 21, 6, 4, 0, 18, 1, 7]}, {"capacity": 240, "impossibleCargos": [0, 1, 4, 5, 6, 8, 9, 16, 18, 23], "neighbors": [8, 7, 22, 21, 12]}, {"capacity": 201, "impossibleCargos": [0, 3, 4, 5, 7, 8, 10, 12, 21, 23], "neighbors": [9, 22, 8, 5]}, {"capacity": 241, "impossibleCargos": [3, 9, 10, 11, 13, 15, 18, 19, 20, 24], "neighbors": [11, 9, 13, 22, 23, 10, 20]}, {"capacity": 252, "impossibleCargos": [1, 3, 10, 14, 18, 19, 20, 21, 22, 23], "neighbors": [24, 12, 2, 14, 20]}, {"capacity": 227, "impossibleCargos": [0, 2, 3, 4, 6, 14, 16, 18, 19, 21], "neighbors": [14, 1, 2, 22, 8]}, {"capacity": 260, "impossibleCargos": [1, 2, 4, 8, 9, 10, 11, 13, 16, 17, 18, 21], "neighbors": [1, 9, 7, 6, 24, 8, 17, 10, 18]}, {"capacity": 269, "impossibleCargos": [1, 2, 3, 5, 6, 9, 10, 16, 19, 20, 22, 23, 24], "neighbors": [9, 14, 0, 7, 23, 15, 24, 4]}, {"capacity": 220, "impossibleCargos": [0, 1, 8, 9, 11, 13, 14, 15, 19, 20, 21, 22, 24], "neighbors": [15, 16, 17, 13, 19, 11]}, {"capacity": 278, "impossibleCargos": [1, 5, 10, 12, 13, 16, 17], "neighbors": [21, 12, 10, 17]}, {"capacity": 290, "impossibleCargos": [0, 1, 2, 4, 6, 7, 8, 9, 10, 11, 12, 14, 16, 18, 19, 21, 22], "neighbors": [6, 18, 21, 11, 20]}]}