{"volumes": [0, 0, 105, 223, 0, 375, 0, 212, 0, 0, 182, 173, 179, 176, 0, 383, 375, 0, 300, 197, 357, 252, 637, 135, 219], "conflicts": [[0, 4], [0, 6], [0, 9], [0, 10], [0, 11], [0, 14], [0, 15], [0, 17], [0, 19], [0, 22], [1, 2], [1, 3], [1, 4], [1, 8], [1, 9], [1, 12], [1, 16], [1, 21], [2, 3], [2, 4], [2, 10], [2, 13], [2, 15], [2, 16], [2, 19], [3, 4], [3, 5], [3, 8], [3, 9], [3, 12], [3, 20], [4, 5], [4, 7], [4, 10], [4, 12], [4, 15], [4, 17], [4, 19], [4, 20], [5, 8], [5, 10], [5, 13], [5, 14], [5, 19], [6, 10], [6, 11], [6, 12], [6, 13], [6, 15], [6, 16], [6, 18], [6, 19], [6, 24], [7, 11], [7, 14], [7, 23], [8, 11], [8, 12], [8, 14], [8, 18], [8, 21], [8, 24], [9, 10], [9, 12], [9, 14], [9, 16], [9, 19], [9, 21], [9, 24], [10, 13], [10, 15], [10, 18], [10, 19], [10, 21], [10, 22], [10, 23], [10, 24], [11, 13], [11, 14], [11, 17], [12, 14], [12, 17], [12, 18], [12, 21], [12, 22], [12, 24], [13, 14], [13, 18], [13, 19], [14, 18], [14, 22], [14, 24], [15, 24], [16, 23], [17, 19], [17, 21], [18, 22], [18, 23], [18, 24], [19, 21], [19, 22], [19, 24], [22, 24]], "tanks": [{"capacity": 204, "impossibleCargos": [1, 2, 6, 7, 8, 10, 12, 19, 24], "neighbors": [21, 13, 12, 19, 5, 23]}, {"capacity": 210, "impossibleCargos": [0, 3, 4, 5, 7, 12, 13, 14, 17, 19], "neighbors": [20, 8, 6]}, {"capacity": 281, "impossibleCargos": [1, 5, 9, 10, 12, 13, 15, 16, 17, 18, 22, 24], "neighbors": [7, 12, 14, 22, 21, 3, 18, 13]}, {"capacity": 280, "impossibleCargos": [0, 1, 2, 3, 4, 7, 8, 10, 12, 13, 15, 16, 18, 20, 21, 22], "neighbors": [14, 9, 10, 2, 4]}, {"capacity": 270, "impossibleCargos": [0, 1, 2, 3, 5, 7, 8, 9, 10, 15, 17, 18, 19, 22, 23], "neighbors": [7, 19, 16, 3, 23]}, {"capacity": 275, "impossibleCargos": [3, 4, 6, 7, 9, 11, 14, 15, 16, 19, 20, 21, 23], "neighbors": [21, 18, 6, 0]}, {"capacity": 292, "impossibleCargos": [0, 3, 4, 5, 6, 8, 10, 13, 18, 19, 20, 22], "neighbors": [9, 13, 24, 11, 5, 22, 7, 17, 1]}, {"capacity": 230, "impossibleCargos": [4, 5, 9, 11, 12, 13, 14, 19, 20, 22], "neighbors": [2, 8, 20, 4, 17, 16, 6, 21, 10]}, {"capacity": 258, "impossibleCargos": [2, 4, 11, 12, 13, 14, 16, 17, 18, 21, 24], "neighbors": [7, 11, 20, 1, 10]}, {"capacity": 221, "impossibleCargos": [0, 2, 3, 4, 8, 9, 10, 11, 12, 14, 15, 17, 20, 23, 24], "neighbors": [21, 13, 6, 17, 3, 10, 19, 24, 11]}, {"capacity": 242, "impossibleCargos": [3, 5, 7, 9, 11, 13, 14, 15, 17, 18, 19, 21, 22, 23, 24], "neighbors": [20, 11, 15, 9, 3, 13, 7, 8, 12]}, {"capacity": 292, "impossibleCargos": [2, 6, 7, 9, 10, 15, 16, 17, 20, 21, 23, 24], "neighbors": [12, 10, 22, 6, 8, 15, 9]}, {"capacity": 261, "impossibleCargos": [0, 1, 2, 3, 4, 5, 8, 9, 10, 11, 12, 13, 16, 17, 18, 19, 20, 21, 22], "neighbors": [11, 2, 20, 0, 14, 19, 15, 18, 10]}, {"capacity": 220, "impossibleCargos": [0, 1, 6, 16, 19, 23, 24], "neighbors": [9, 6, 0, 10, 2]}, {"capacity": 256, "impossibleCargos": [1, 4, 7, 9, 13, 14, 15, 16, 17, 19, 23, 24], "neighbors": [19, 2, 3, 12, 24]}, {"capacity": 263, "impossibleCargos": [1, 2, 3, 4, 5, 6, 11, 14, 15, 17, 18, 20, 22], "neighbors": [10, 12, 24, 11]}, {"capacity": 223, "impossibleCargos": [0, 3, 5, 6, 7, 8, 9, 11, 12, 13, 16, 17, 19, 20, 21], "neighbors": [23, 7, 24, 4]}, {"capacity": 221, "impossibleCargos": [1, 2, 3, 4, 6, 9, 13, 16, 20, 21, 22, 24], "neighbors": [23, 9, 7, 21, 6]}, {"capacity": 290, "impossibleCargos": [0, 4, 5, 7, 8, 11, 14, 15, 18, 20], "neighbors": [5, 12, 2]}, {"capacity": 295, "impossibleCargos": [2, 3, 5, 8, 10, 14, 16, 18, 19, 22, 24], "neighbors": [14, 4, 12, 0, 9]}, {"capacity": 257, "impossibleCargos": [0, 1, 2, 3, 7, 8, 9, 19], "neighbors": [10, 12, 7, 1, 22, 8, 23]}, {"capacity": 296, "impossibleCargos": [0, 3, 4, 8, 9, 12, 13, 17, 18, 19, 21, 23], "neighbors": [9, 5, 0, 23, 17, 2, 7]}, {"capacity": 249, "impossibleCargos": [0, 1, 2, 3, 4, 5, 11, 12, 14, 15, 17, 18, 21, 22, 24], "neighbors": [24, 11, 20, 6, 2]}, {"capacity": 210, "impossibleCargos": [1, 3, 4, 11, 13, 14, 15, 16, 19, 22, 23], "neighbors": [17, 16, 21, 20, 0, 4]}, {"capacity": 234, "impossibleCargos": [1, 3, 6, 7, 9, 10, 11, 14, 15, 22, 23, 24], "neighbors": [22, 6, 16, 14, 15, 9]}]}