{"volumes": [410, 336, 0, 139, 0, 0, 137, 118, 368, 439, 222, 302, 0, 0, 249, 0, 184, 205, 0, 0, 186, 556, 128, 372, 0], "conflicts": [[0, 2], [0, 3], [0, 7], [0, 8], [0, 11], [0, 16], [0, 18], [0, 20], [0, 24], [1, 2], [1, 4], [1, 11], [1, 18], [1, 19], [1, 24], [2, 3], [2, 8], [2, 11], [2, 12], [2, 16], [2, 17], [2, 20], [3, 4], [3, 6], [3, 10], [3, 13], [3, 14], [3, 15], [3, 19], [3, 20], [4, 5], [4, 8], [4, 9], [4, 10], [4, 11], [4, 12], [4, 13], [4, 14], [4, 16], [4, 19], [4, 20], [4, 22], [4, 23], [4, 24], [5, 8], [5, 9], [5, 10], [5, 11], [5, 12], [5, 13], [5, 15], [5, 16], [5, 17], [5, 18], [5, 20], [5, 21], [5, 24], [6, 8], [6, 10], [6, 13], [6, 17], [6, 18], [6, 19], [6, 24], [7, 8], [7, 10], [7, 13], [7, 20], [7, 24], [8, 12], [8, 17], [8, 18], [9, 10], [9, 13], [9, 17], [9, 20], [9, 22], [10, 11], [10, 12], [10, 15], [10, 17], [10, 18], [10, 19], [10, 22], [10, 24], [11, 13], [11, 14], [11, 18], [11, 20], [11, 22], [11, 24], [12, 15], [12, 17], [12, 19], [12, 20], [12, 21], [12, 22], [12, 24], [13, 14], [13, 17], [13, 19], [13, 21], [13, 24], [14, 16], [14, 17], [14, 18], [14, 19], [14, 21], [14, 22], [15, 16], [15, 19], [15, 21], [15, 22], [15, 23], [15, 24], [16, 18], [16, 20], [16, 21], [16, 23], [16, 24], [17, 18], [17, 19], [17, 21], [17, 22], [17, 24], [18, 19], [18, 21], [18, 23], [19, 22], [19, 23], [19, 24], [20, 22], [20, 23], [21, 24], [22, 24]], "tanks": [{"capacity": 213, "impossibleCargos": [0, 3, 4, 6, 7, 8, 12, 13, 17, 20, 22, 23], "neighbors": [5, 13, 3, 23, 4, 18, 9]}, {"capacity": 245, "impossibleCargos": [2, 3, 5, 6, 7, 9, 12, 13, 14, 21, 23], "neighbors": [9, 10, 13, 21]}, {"capacity": 243, "impossibleCargos": [0, 2, 4, 5, 7, 8, 9, 11, 12, 13, 14, 16, 17, 18, 21, 24], "neighbors": [12, 20, 5, 23, 18]}, {"capacity": 277, "impossibleCargos": [6, 9, 10, 11, 12, 13, 15, 16, 18, 19, 20, 22, 23, 24], "neighbors": [0, 15, 13]}, {"capacity": 299, "impossibleCargos": [0, 3, 4, 5, 7, 8, 9, 11, 14, 16, 18, 20, 24], "neighbors": [11, 5, 0, 16]}, {"capacity": 229, "impossibleCargos": [2, 3, 4, 8, 9, 13, 14, 15, 18, 21], "neighbors": [0, 13, 10, 23, 2, 4, 15, 16, 11]}, {"capacity": 235, "impossibleCargos": [1, 4, 6, 8, 10, 14, 17, 20, 21, 23, 24], "neighbors": [16, 12, 8, 13]}, {"capacity": 252, "impossibleCargos": [2, 4, 7, 8, 12, 13, 14, 15, 18, 23, 24], "neighbors": [18, 22]}, {"capacity": 229, "impossibleCargos": [2, 4, 7, 8, 12, 13, 14, 18, 21, 24], "neighbors": [12, 6, 23]}, {"capacity": 245, "impossibleCargos": [1, 2, 8, 11, 12, 13, 15, 16, 17, 18, 19, 23, 24], "neighbors": [20, 1, 21, 23, 17, 15, 0, 10, 22]}, {"capacity": 204, "impossibleCargos": [3, 6, 7, 8, 9, 11, 12, 14, 15, 18, 21, 23], "neighbors": [5, 16, 1, 13, 12, 9, 15]}, {"capacity": 298, "impossibleCargos": [1, 2, 3, 5, 6, 8, 10, 13, 14, 15, 17, 18, 22, 23, 24], "neighbors": [13, 4, 20, 22, 5]}, {"capacity": 247, "impossibleCargos": [2, 3, 4, 5, 10, 13, 15, 17, 18, 19, 20, 21, 22, 23], "neighbors": [8, 2, 6, 24, 15, 10]}, {"capacity": 253, "impossibleCargos": [2, 3, 8, 10, 13, 15, 17, 18, 22, 24], "neighbors": [0, 5, 11, 20, 10, 3, 1, 14, 6]}, {"capacity": 205, "impossibleCargos": [0, 3, 4, 5, 6, 8, 11, 12, 15, 18, 19, 21, 23, 24], "neighbors": [22, 18, 13, 19]}, {"capacity": 247, "impossibleCargos": [0, 1, 2, 5, 6, 8, 9, 11, 12, 13, 15, 16, 21, 23, 24], "neighbors": [5, 3, 16, 24, 12, 9, 21, 10]}, {"capacity": 278, "impossibleCargos": [4, 6, 7, 11, 12, 15, 17, 18, 20, 22], "neighbors": [23, 10, 6, 22, 15, 24, 5, 4, 19, 17]}, {"capacity": 218, "impossibleCargos": [0, 1, 4, 8, 10, 12, 19, 20, 21, 22, 23, 24], "neighbors": [18, 19, 9, 16, 24]}, {"capacity": 238, "impossibleCargos": [1, 2, 4, 5, 7, 10, 11, 12, 16, 20, 21, 22, 23], "neighbors": [17, 7, 14, 0, 20, 2]}, {"capacity": 200, "impossibleCargos": [3, 4, 5, 7, 9, 12, 13, 14, 16, 17, 19, 20, 22, 24], "neighbors": [17, 16, 21, 14]}, {"capacity": 212, "impossibleCargos": [0, 5, 6, 7, 9, 11, 12, 13, 17, 18, 19, 20, 23], "neighbors": [13, 2, 11, 9, 22, 21, 18, 24]}, {"capacity": 271, "impossibleCargos": [0, 1, 2, 3, 6, 10, 12, 15, 17, 19, 20, 22, 23], "neighbors": [9, 20, 19, 24, 1, 23, 15]}, {"capacity": 237, "impossibleCargos": [0, 1, 2, 4, 5, 7, 8, 11, 12, 14, 18, 19, 22, 24], "neighbors": [14, 23, 16, 20, 11, 7, 9]}, {"capacity": 253, "impossibleCargos": [0, 1, 2, 4, 5, 6, 9, 10, 13, 18, 19, 20, 21, 24], "neighbors": [16, 0, 5, 22, 9, 8, 2, 21]}, {"capacity": 210, "impossibleCargos": [1, 3, 5, 11, 12, 16, 18, 19, 20, 23, 24], "neighbors": [12, 16, 15, 21, 17, 20]}]}