{"volumes": [0, 543, 162, 0, 0, 0, 0, 0, 516, 354, 209, 163, 0, 0, 0, 740, 205, 222, 0, 0, 0, 218, 777, 154, 173], "conflicts": [[0, 3], [0, 4], [0, 6], [0, 12], [0, 14], [1, 16], [1, 18], [1, 20], [2, 3], [2, 10], [2, 16], [2, 18], [3, 6], [3, 10], [3, 12], [3, 18], [3, 19], [3, 22], [4, 5], [4, 10], [4, 11], [4, 16], [4, 20], [4, 24], [5, 11], [5, 14], [5, 16], [5, 17], [5, 19], [6, 7], [6, 13], [6, 20], [6, 22], [7, 10], [7, 11], [7, 12], [7, 17], [7, 24], [8, 13], [8, 18], [8, 20], [8, 24], [9, 11], [9, 12], [9, 14], [9, 18], [9, 19], [9, 21], [9, 24], [10, 12], [10, 23], [11, 12], [11, 20], [11, 21], [12, 15], [12, 23], [12, 24], [13, 14], [13, 19], [13, 21], [14, 18], [15, 23], [16, 19], [16, 22], [16, 23], [18, 19], [18, 22], [19, 20], [19, 24], [20, 23], [21, 23], [23, 24]], "tanks": [{"capacity": 204, "impossibleCargos": [0, 1, 2, 3, 5, 8, 9, 10, 11, 12, 13, 14, 15, 17, 20, 21, 22], "neighbors": [21, 5, 13, 20]}, {"capacity": 283, "impossibleCargos": [0, 3, 4, 6, 7, 8, 9, 10, 11, 12, 13, 15, 16, 17, 18, 19, 21, 22, 24], "neighbors": [23, 5, 6, 19, 7, 20]}, {"capacity": 227, "impossibleCargos": [0, 2, 3, 6, 7, 8, 9, 10, 11, 12, 13, 14, 15, 17, 19, 20, 21, 22, 23, 24], "neighbors": [21, 6, 12, 24]}, {"capacity": 267, "impossibleCargos": [0, 2, 6, 8, 10, 14, 15, 16, 17, 18, 19, 20, 21, 23, 24], "neighbors": [24, 10, 20, 16, 17, 5, 9, 23]}, {"capacity": 272, "impossibleCargos": [0, 1, 2, 3, 4, 5, 7, 9, 10, 11, 13, 14, 15, 16, 17, 18, 19, 20, 22, 23], "neighbors": [20, 13, 12]}, {"capacity": 229, "impossibleCargos": [0, 1, 2, 3, 5, 6, 7, 9, 10, 12, 14, 15, 16, 17, 18, 19, 20, 21, 22, 23, 24], "neighbors": [1, 0, 3, 10, 21, 15]}, {"capacity": 273, "impossibleCargos": [1, 2, 3, 4, 5, 6, 11, 12, 13, 14, 15, 16, 17, 18, 19, 20, 22, 23, 24], "neighbors": [16, 9, 1, 15, 24, 2]}, {"capacity": 286, "impossibleCargos": [0, 1, 2, 3, 4, 5, 6, 7, 8, 10, 12, 13, 14, 15, 16, 17, 18, 19, 20, 22, 23, 24], "neighbors": [11, 8, 21, 22, 1, 24, 23]}, {"capacity": 258, "impossibleCargos": [0, 1, 2, 3, 4, 6, 9, 11, 12, 13, 15, 17, 18, 21, 23, 24], "neighbors": [11, 17, 7, 9, 16]}, {"capacity": 278, "impossibleCargos": [2, 3, 5, 8, 12, 15, 17, 19, 20, 21, 22, 23, 24], "neighbors": [6, 10, 8, 3, 19, 15, 18]}, {"capacity": 207, "impossibleCargos": [1, 2, 4, 6, 7, 8, 9, 10, 11, 12, 13, 14, 15, 16, 17, 18, 19, 20, 21, 23, 24], "neighbors": [3, 9, 23, 19, 5, 14, 24]}, {"capacity": 252, "impossibleCargos": [0, 1, 2, 3, 4, 5, 6, 7, 10, 11, 12, 13, 14, 16, 17, 18, 19, 20, 21, 22, 23, 24], "neighbors": [16, 7, 8, 13, 19, 22, 20]}, {"capacity": 289, "impossibleCargos": [2, 3, 4, 5, 6, 7, 9, 10, 11, 12, 13, 15, 16, 17, 18, 20, 21, 23], "neighbors": [4, 14, 16, 2, 23]}, {"capacity": 253, "impossibleCargos": [1, 2, 3, 4, 7, 8, 9, 10, 12, 13, 14, 16, 17, 19, 20, 21, 22, 23], "neighbors": [4, 11, 21, 16, 14, 24, 18, 0]}, {"capacity": 238, "impossibleCargos": [0, 2, 4, 5, 6, 7, 8, 9, 12, 13, 14, 17, 18, 20, 21, 23, 24], "neighbors": [12, 19, 13, 10]}, {"capacity": 238, "impossibleCargos": [0, 1, 2, 3, 4, 5, 8, 9, 11, 12, 15, 17, 19, 21, 22, 24], "neighbors": [23, 6, 9, 5]}, {"capacity": 247, "impossibleCargos": [0, 1, 2, 5, 6, 8, 9, 10, 11, 12, 13, 14, 15, 16, 18, 19, 20, 21, 22, 23], "neighbors": [11, 6, 3, 17, 12, 13, 22, 8]}, {"capacity": 288, "impossibleCargos": [1, 2, 4, 5, 6, 7, 8, 9, 11, 12, 13, 14, 15, 16, 18, 19, 21, 24], "neighbors": [3, 16, 8, 22, 18]}, {"capacity": 253, "impossibleCargos": [0, 2, 4, 5, 6, 7, 8, 10, 11, 13, 14, 16, 19, 20, 21, 23, 24], "neighbors": [19, 20, 13, 9, 17]}, {"capacity": 208, "impossibleCargos": [1, 2, 3, 4, 6, 7, 10, 11, 12, 13, 14, 16, 18, 20, 21, 22, 23, 24], "neighbors": [18, 14, 9, 10, 1, 11, 20]}, {"capacity": 299, "impossibleCargos": [0, 1, 3, 4, 5, 6, 7, 8, 9, 10, 11, 12, 13, 14, 15, 16, 17, 18, 19, 20, 21, 22, 24], "neighbors": [4, 3, 18, 24, 21, 19, 0, 1, 11]}, {"capacity": 263, "impossibleCargos": [0, 3, 7, 9, 11, 12, 13, 15, 18, 19, 20, 21, 22, 23], "neighbors": [0, 13, 2, 7, 5, 20]}, {"capacity": 212, "impossibleCargos": [0, 1, 2, 4, 6, 7, 9, 10, 11, 12, 13, 15, 16, 17, 18, 19, 20, 21, 23, 24], "neighbors": [23, 17, 7, 16, 11]}, {"capacity": 295, "impossibleCargos": [1, 2, 4, 6, 8, 10, 11, 12, 13, 19, 20, 23], "neighbors": [1, 15, 10, 22, 3, 7, 12]}, {"capacity": 265, "impossibleCargos": [2, 3, 4, 5, 6, 7, 8, 9, 10, 11, 13, 16, 17, 18, 19, 20, 21, 22, 23, 24], "neighbors": [3, 20, 13, 6, 7, 2, 10]}]}