{"volumes": [344, 174, 620, 0, 0, 0, 227, 260, 195, 220, 201, 142, 0, 0, 208, 321, 220, 0, 0, 0, 0, 196, 0, 745, 497], "conflicts": [[0, 12], [0, 20], [1, 2], [1, 3], [1, 12], [1, 18], [2, 13], [2, 19], [3, 5], [3, 10], [3, 11], [3, 13], [3, 14], [3, 15], [3, 20], [3, 24], [4, 7], [4, 12], [4, 17], [4, 18], [4, 23], [4, 24], [5, 9], [5, 10], [5, 15], [5, 16], [5, 24], [6, 9], [6, 21], [7, 16], [7, 18], [7, 22], [8, 15], [9, 13], [9, 20], [10, 11], [10, 16], [11, 13], [11, 18], [12, 20], [12, 22], [13, 14], [13, 18], [13, 19], [14, 16], [15, 20], [17, 19], [17, 20], [17, 21], [17, 22], [17, 24], [18, 19], [18, 22], [18, 24], [19, 20], [19, 22], [19, 23], [20, 22], [20, 24], [22, 23]], "tanks": [{"capacity": 282, "impossibleCargos": [6, 9, 10, 16, 24], "neighbors": [13, 14, 11, 6, 1, 18, 10, 4, 21, 8, 7, 22, 3, 20, 12, 15]}, {"capacity": 292, "impossibleCargos": [1, 3, 4, 5, 6, 8, 11, 19, 23], "neighbors": [5, 20, 4, 18, 14, 21, 0, 11, 19, 23, 7, 17, 22, 10, 13, 6]}, {"capacity": 276, "impossibleCargos": [6, 8, 12, 16, 17], "neighbors": [20, 14, 15, 8, 13, 11, 21, 16, 9, 5, 10, 7, 6]}, {"capacity": 244, "impossibleCargos": [0, 3, 6, 9, 11, 13, 24], "neighbors": [22, 23, 18, 0, 19, 14, 9, 15, 20]}, {"capacity": 232, "impossibleCargos": [2, 3, 9, 11, 21, 23, 24], "neighbors": [15, 1, 18, 21, 19, 24, 0, 11, 5]}, {"capacity": 218, "impossibleCargos": [2, 4, 5, 10, 12, 13, 18, 22], "neighbors": [1, 13, 7, 20, 15, 10, 14, 4, 2, 11, 12, 21]}, {"capacity": 299, "impossibleCargos": [1, 6, 7, 9, 10, 14, 23], "neighbors": [7, 0, 24, 22, 20, 21, 1, 2, 10]}, {"capacity": 283, "impossibleCargos": [0, 5, 13, 19, 21], "neighbors": [19, 6, 20, 9, 13, 5, 24, 21, 17, 22, 23, 1, 0, 12, 2, 8, 11, 15]}, {"capacity": 274, "impossibleCargos": [2, 21, 22], "neighbors": [13, 11, 2, 23, 10, 0, 16, 7, 20]}, {"capacity": 267, "impossibleCargos": [1, 15, 18], "neighbors": [7, 18, 15, 10, 21, 17, 12, 2, 13, 16, 3]}, {"capacity": 251, "impossibleCargos": [0, 3, 8, 12, 13, 17, 19, 21, 22, 24], "neighbors": [24, 14, 22, 8, 9, 0, 5, 2, 21, 18, 13, 1, 6]}, {"capacity": 236, "impossibleCargos": [7, 14, 22], "neighbors": [20, 12, 8, 0, 1, 2, 21, 4, 22, 5, 7]}, {"capacity": 293, "impossibleCargos": [2, 6, 15, 19, 20, 21], "neighbors": [23, 11, 17, 19, 21, 22, 20, 9, 7, 15, 5, 0]}, {"capacity": 225, "impossibleCargos": [2, 10, 11, 14, 17, 21], "neighbors": [0, 5, 14, 19, 8, 7, 17, 2, 15, 22, 21, 9, 10, 24, 1]}, {"capacity": 291, "impossibleCargos": [0, 3, 10, 22], "neighbors": [2, 0, 13, 15, 1, 10, 18, 21, 22, 24, 5, 3]}, {"capacity": 283, "impossibleCargos": [9, 20], "neighbors": [17, 4, 19, 14, 2, 5, 13, 9, 12, 3, 7, 0]}, {"capacity": 268, "impossibleCargos": [2, 3, 4, 7, 8, 10, 17, 18, 21, 24], "neighbors": [2, 8, 17, 22, 9, 21, 23]}, {"capacity": 257, "impossibleCargos": [3, 6, 13, 15], "neighbors": [15, 13, 20, 12, 7, 9, 24, 16, 1, 21, 23, 22]}, {"capacity": 206, "impossibleCargos": [2, 7, 17, 24], "neighbors": [21, 1, 23, 14, 4, 9, 0, 3, 10, 20, 24]}, {"capacity": 214, "impossibleCargos": [1, 2, 7, 10, 19, 21, 23], "neighbors": [7, 13, 15, 12, 4, 1, 3, 21]}, {"capacity": 257, "impossibleCargos": [1, 3, 5, 11, 13, 19], "neighbors": [2, 11, 1, 7, 17, 5, 24, 12, 21, 6, 18, 0, 8, 3]}, {"capacity": 203, "impossibleCargos": [3, 12, 13, 24], "neighbors": [18, 23, 1, 7, 14, 12, 4, 9, 11, 20, 2, 0, 13, 10, 6, 19, 16, 5, 17]}, {"capacity": 260, "impossibleCargos": [5, 6, 13, 17, 20, 21], "neighbors": [3, 24, 12, 7, 10, 14, 13, 6, 0, 1, 11, 16, 17]}, {"capacity": 277, "impossibleCargos": [1, 2, 5, 9, 10, 13, 15, 17, 20, 22, 24], "neighbors": [12, 21, 18, 8, 3, 7, 1, 16, 17]}, {"capacity": 238, "impossibleCargos": [0, 6, 9, 11, 15, 18, 21, 23, 24], "neighbors": [10, 7, 22, 20, 4, 6, 14, 17, 13, 18]}]}