{"volumes": [0, 197, 428, 521, 0, 0, 0, 421, 187, 138, 0, 0, 121, 315, 0, 165, 416, 239, 0, 0, 238, 0, 0, 360, 391], "conflicts": [[0, 4], [0, 5], [0, 7], [0, 9], [0, 13], [0, 15], [0, 18], [0, 19], [0, 24], [1, 10], [1, 13], [1, 15], [1, 19], [1, 21], [1, 22], [2, 4], [2, 6], [2, 10], [2, 11], [2, 19], [2, 21], [3, 4], [3, 11], [3, 14], [3, 17], [3, 18], [3, 19], [3, 21], [4, 5], [4, 7], [4, 10], [4, 11], [4, 14], [4, 16], [4, 17], [4, 21], [4, 23], [5, 6], [5, 9], [5, 10], [5, 11], [5, 15], [5, 17], [5, 19], [5, 20], [5, 22], [6, 8], [6, 9], [6, 11], [6, 12], [6, 13], [6, 15], [6, 17], [6, 18], [6, 19], [6, 20], [6, 22], [6, 24], [7, 11], [7, 18], [7, 20], [8, 13], [8, 15], [8, 19], [8, 21], [8, 23], [9, 10], [9, 11], [9, 13], [9, 14], [9, 15], [9, 19], [9, 21], [9, 22], [10, 11], [10, 14], [10, 16], [10, 17], [10, 18], [10, 20], [10, 21], [10, 22], [10, 24], [11, 12], [11, 14], [11, 15], [11, 16], [11, 17], [11, 21], [11, 22], [11, 23], [12, 17], [12, 22], [13, 15], [13, 19], [14, 15], [14, 18], [14, 20], [14, 21], [15, 20], [15, 22], [15, 23], [16, 18], [16, 22], [17, 18], [17, 19], [17, 22], [18, 19], [18, 20], [18, 21], [18, 22], [19, 23], [20, 21], [20, 22], [21, 24], [22, 23], [22, 24]], "tanks": [{"capacity": 201, "impossibleCargos": [0, 1, 2, 3, 13, 20, 23], "neighbors": [14, 24, 8, 1, 18, 20, 2, 4, 16, 13, 10, 12]}, {"capacity": 215, "impossibleCargos": [2, 9, 15, 17, 24], "neighbors": [20, 4, 12, 8, 0, 19, 13, 14, 10, 24, 21, 2, 16]}, {"capacity": 224, "impossibleCargos": [15, 16, 19], "neighbors": [12, 22, 6, 7, 10, 20, 0, 4, 21, 3, 8, 1, 19, 18]}, {"capacity": 286, "impossibleCargos": [0, 3, 4, 9, 10, 13, 14, 15, 16, 22], "neighbors": [4, 19, 23, 15, 22, 7, 2, 16, 24, 18, 6]}, {"capacity": 260, "impossibleCargos": [3, 6, 12, 22], "neighbors": [22, 3, 16, 1, 18, 21, 13, 2, 6, 0, 20, 24, 9]}, {"capacity": 255, "impossibleCargos": [0, 1, 2, 10, 19, 20, 21], "neighbors": [23, 12, 7, 16, 13, 14]}, {"capacity": 238, "impossibleCargos": [4, 11, 14, 20], "neighbors": [20, 17, 8, 7, 2, 18, 15, 12, 9, 4, 24, 14, 10, 3]}, {"capacity": 281, "impossibleCargos": [1, 3, 10, 12, 16], "neighbors": [10, 13, 8, 23, 5, 6, 18, 2, 24, 21, 15, 3, 17, 16]}, {"capacity": 285, "impossibleCargos": [3, 8, 9, 11, 17, 21, 22, 23], "neighbors": [12, 7, 17, 0, 11, 1, 6, 9, 22, 20, 21, 2, 14, 15]}, {"capacity": 249, "impossibleCargos": [4, 5, 10, 12, 13, 17, 19, 21, 22, 23], "neighbors": [13, 12, 8, 17, 20, 16, 23, 6, 10, 15, 4]}, {"capacity": 231, "impossibleCargos": [1, 2, 3, 5, 12, 15], "neighbors": [7, 14, 15, 18, 2, 1, 21, 16, 11, 23, 9, 6, 0, 12]}, {"capacity": 288, "impossibleCargos": [3, 7, 23], "neighbors": [21, 23, 8, 16, 22, 10, 12, 20]}, {"capacity": 276, "impossibleCargos": [0, 5, 8, 10, 12, 15, 18], "neighbors": [2, 21, 8, 15, 5, 9, 1, 17, 18, 20, 6, 11, 14, 16, 0, 23, 10]}, {"capacity": 200, "impossibleCargos": [6, 12, 14, 17, 20, 23], "neighbors": [7, 9, 17, 21, 24, 1, 5, 4, 20, 0, 14]}, {"capacity": 258, "impossibleCargos": [2, 4, 15, 19], "neighbors": [10, 0, 23, 1, 19, 12, 6, 18, 13, 8, 5, 22]}, {"capacity": 241, "impossibleCargos": [0, 3, 4, 7, 11, 14, 15], "neighbors": [12, 10, 21, 6, 17, 3, 7, 16, 9, 8]}, {"capacity": 283, "impossibleCargos": [11, 17, 18], "neighbors": [18, 19, 4, 11, 23, 5, 9, 10, 24, 0, 3, 12, 15, 7, 20, 1]}, {"capacity": 226, "impossibleCargos": [6, 8, 17, 22], "neighbors": [6, 20, 8, 13, 12, 9, 15, 7, 23]}, {"capacity": 212, "impossibleCargos": [5, 7, 9, 10, 13, 19, 20, 22, 23], "neighbors": [16, 12, 0, 7, 21, 10, 6, 4, 14, 3, 24, 2]}, {"capacity": 297, "impossibleCargos": [2, 4, 8, 10, 11, 14, 16], "neighbors": [16, 3, 1, 23, 14, 22, 2]}, {"capacity": 274, "impossibleCargos": [1, 2, 11, 13, 17, 22, 24], "neighbors": [6, 17, 1, 22, 12, 9, 2, 0, 21, 8, 13, 11, 4, 16]}, {"capacity": 217, "impossibleCargos": [9, 17, 18], "neighbors": [12, 11, 23, 15, 13, 18, 4, 10, 22, 7, 20, 24, 2, 8, 1]}, {"capacity": 227, "impossibleCargos": [0, 1, 8, 15, 19, 20], "neighbors": [4, 2, 11, 20, 8, 21, 19, 3, 14]}, {"capacity": 229, "impossibleCargos": [3, 5, 7, 11, 21, 23], "neighbors": [5, 7, 11, 14, 21, 19, 16, 3, 9, 10, 24, 17, 12]}, {"capacity": 223, "impossibleCargos": [10, 14], "neighbors": [0, 7, 13, 1, 21, 16, 6, 3, 23, 18, 4]}]}