{"volumes": [0, 807, 0, 317, 0, 0, 0, 203, 0, 457, 222, 0, 246, 0, 508, 0, 536, 207, 0, 416, 0, 190, 394, 209, 0], "conflicts": [[0, 3], [0, 4], [0, 5], [0, 6], [0, 7], [0, 8], [0, 9], [0, 10], [0, 12], [0, 14], [0, 15], [0, 17], [0, 18], [0, 19], [0, 20], [0, 21], [0, 23], [0, 24], [1, 2], [1, 4], [1, 6], [1, 8], [1, 11], [1, 13], [1, 15], [1, 20], [2, 3], [2, 5], [2, 6], [2, 7], [2, 8], [2, 10], [2, 11], [2, 12], [2, 13], [2, 14], [2, 15], [2, 16], [2, 17], [2, 18], [2, 19], [2, 21], [2, 22], [2, 23], [2, 24], [3, 4], [3, 5], [3, 6], [3, 8], [3, 13], [3, 15], [3, 18], [3, 20], [4, 5], [4, 6], [4, 7], [4, 8], [4, 9], [4, 11], [4, 13], [4, 15], [4, 16], [4, 17], [4, 18], [4, 20], [4, 21], [4, 22], [4, 23], [4, 24], [5, 7], [5, 8], [5, 9], [5, 10], [5, 11], [5, 12], [5, 14], [5, 15], [5, 17], [5, 18], [5, 19], [5, 21], [5, 22], [5, 23], [6, 7], [6, 10], [6, 11], [6, 12], [6, 13], [6, 14], [6, 16], [6, 17], [6, 19], [6, 20], [6, 21], [6, 23], [6, 24], [7, 8], [7, 11], [7, 12], [7, 13], [7, 20], [7, 21], [7, 23], [7, 24], [8, 10], [8, 11], [8, 12], [8, 13], [8, 14], [8, 15], [8, 16], [8, 19], [8, 20], [8, 21], [8, 22], [9, 11], [9, 13], [9, 18], [9, 24], [10, 11], [10, 13], [10, 15], [10, 17], [10, 18], [10, 22], [10, 24], [11, 12], [11, 13], [11, 14], [11, 15], [11, 16], [11, 18], [11, 20], [11, 22], [12, 13], [12, 15], [12, 17], [12, 18], [12, 20], [12, 21], [12, 22], [12, 23], [12, 24], [13, 14], [13, 15], [13, 16], [13, 17], [13, 18], [13, 19], [13, 20], [13, 21], [13, 22], [13, 24], [14, 15], [15, 16], [15, 18], [15, 19], [15, 20], [15, 23], [15, 24], [16, 18], [16, 24], [17, 18], [17, 20], [17, 21], [17, 24], [18, 21], [18, 23], [19, 20], [19, 23], [19, 24], [20, 22], [20, 23], [20, 24], [21, 24], [23, 24]], "tanks": [{"capacity": 237, "impossibleCargos": [10, 11, 13, 17, 23], "neighbors": [10, 12, 8, 6, 18, 14, 2, 7, 15, 20, 23]}, {"capacity": 289, "impossibleCargos": [2, 5, 7, 8, 18], "neighbors": [18, 13, 2, 5, 3, 12, 21, 22, 8, 10, 16, 4, 19, 15]}, {"capacity": 267, "impossibleCargos": [0, 2, 3, 8, 9, 12, 22, 23], "neighbors": [8, 14, 22, 1, 6, 11, 0, 16, 18, 12, 15]}, {"capacity": 283, "impossibleCargos": [0, 3, 10, 14], "neighbors": [8, 7, 19, 20, 9, 1, 17, 15, 10, 21, 18, 12, 13]}, {"capacity": 208, "impossibleCargos": [1, 2, 12, 14, 18, 19, 24], "neighbors": [16, 23, 5, 12, 22, 21, 6, 9, 1]}, {"capacity": 297, "impossibleCargos": [3, 4, 8, 9, 15, 21], "neighbors": [4, 23, 11, 9, 1, 6, 18, 10, 8, 14, 22, 16]}, {"capacity": 292, "impossibleCargos": [2, 4, 5, 6, 13, 14, 16], "neighbors": [18, 10, 15, 21, 2, 0, 5, 16, 4, 22, 11, 8, 7]}, {"capacity": 207, "impossibleCargos": [0, 9, 15, 16, 18], "neighbors": [13, 14, 21, 3, 11, 0, 18, 8, 10, 23, 15, 6]}, {"capacity": 248, "impossibleCargos": [4, 6, 13, 20, 24], "neighbors": [3, 2, 24, 16, 13, 0, 21, 12, 5, 1, 7, 19, 15, 17, 6]}, {"capacity": 263, "impossibleCargos": [0, 2, 3, 15, 16, 19], "neighbors": [16, 21, 14, 15, 3, 5, 18, 11, 4, 12, 22]}, {"capacity": 257, "impossibleCargos": [0, 6, 15, 18, 21], "neighbors": [0, 6, 16, 5, 3, 1, 7, 18, 17]}, {"capacity": 236, "impossibleCargos": [7, 16, 20, 24], "neighbors": [13, 5, 16, 17, 7, 22, 19, 2, 9, 6, 12, 15]}, {"capacity": 229, "impossibleCargos": [0, 3, 6, 7, 9, 23], "neighbors": [0, 21, 19, 13, 1, 14, 4, 23, 9, 8, 2, 3, 20, 22, 11]}, {"capacity": 244, "impossibleCargos": [3, 9, 13, 18, 19, 21, 22], "neighbors": [7, 11, 1, 23, 8, 12, 22, 14, 16, 3]}, {"capacity": 210, "impossibleCargos": [16, 22, 24], "neighbors": [7, 2, 24, 9, 20, 22, 12, 0, 13, 5, 15, 21, 19]}, {"capacity": 252, "impossibleCargos": [0, 3, 5, 10, 11, 21], "neighbors": [16, 24, 6, 9, 19, 3, 18, 0, 14, 8, 2, 7, 1, 11]}, {"capacity": 281, "impossibleCargos": [1, 8, 12, 24], "neighbors": [23, 19, 9, 15, 4, 8, 11, 10, 18, 6, 13, 2, 20, 1, 5]}, {"capacity": 249, "impossibleCargos": [0, 3, 6, 13, 18, 19], "neighbors": [11, 22, 3, 19, 20, 21, 8, 10]}, {"capacity": 251, "impossibleCargos": [1, 2, 4, 8, 9, 11, 22], "neighbors": [6, 1, 16, 0, 22, 5, 9, 15, 2, 7, 3, 23, 10, 20]}, {"capacity": 249, "impossibleCargos": [0, 3, 5, 6, 8, 17, 21], "neighbors": [16, 3, 23, 20, 15, 12, 21, 11, 24, 17, 8, 22, 1, 14]}, {"capacity": 270, "impossibleCargos": [3, 14], "neighbors": [24, 3, 19, 14, 22, 23, 16, 17, 12, 0, 21, 18]}, {"capacity": 278, "impossibleCargos": [1, 5, 7, 12, 13, 18, 20, 21, 22, 24], "neighbors": [9, 7, 12, 6, 8, 19, 1, 4, 3, 17, 14, 20]}, {"capacity": 230, "impossibleCargos": [1, 5, 6, 8], "neighbors": [2, 14, 17, 20, 11, 23, 13, 4, 18, 1, 6, 5, 12, 19, 9]}, {"capacity": 214, "impossibleCargos": [1, 2, 6, 10, 12, 14, 19, 21], "neighbors": [16, 13, 4, 5, 19, 20, 22, 12, 18, 7, 0]}, {"capacity": 257, "impossibleCargos": [6, 16, 17, 18], "neighbors": [20, 8, 15, 14, 19]}]}