{"volumes": [0, 203, 175, 331, 255, 230, 238, 235, 267, 0, 0, 136, 188, 220, 0, 240, 0, 196, 0, 569, 204, 279, 201, 152, 405], "conflicts": [[0, 1], [0, 2], [0, 3], [0, 4], [0, 11], [0, 18], [0, 21], [1, 6], [1, 10], [1, 16], [1, 18], [1, 22], [2, 16], [4, 8], [4, 20], [5, 13], [6, 9], [6, 10], [6, 14], [6, 17], [7, 12], [7, 14], [8, 13], [9, 10], [9, 16], [9, 20], [9, 22], [10, 12], [10, 15], [10, 17], [10, 21], [10, 22], [10, 24], [11, 14], [11, 22], [11, 24], [12, 14], [12, 16], [12, 23], [13, 21], [14, 17], [15, 17], [16, 17], [16, 23], [18, 20]], "tanks": [{"capacity": 238, "impossibleCargos": [1, 3, 13, 19, 20, 21, 22, 23, 24], "neighbors": [10, 18, 15, 5, 19, 8, 7, 4, 21, 3]}, {"capacity": 234, "impossibleCargos": [0, 1, 4, 9, 10, 11, 12, 13, 15, 16, 17, 18, 19, 20, 21], "neighbors": [13, 3, 15, 6, 9, 10, 20, 17, 23, 21, 22, 8, 18, 12]}, {"capacity": 242, "impossibleCargos": [0, 2, 8, 9, 12, 16, 18, 19, 22, 23, 24], "neighbors": [4, 12, 22, 10, 17, 5, 9, 19, 18, 16, 6, 15]}, {"capacity": 283, "impossibleCargos": [0, 1, 7, 14, 15, 19, 21, 23, 24], "neighbors": [1, 9, 11, 18, 17, 14, 20, 4, 8, 16, 6, 0]}, {"capacity": 273, "impossibleCargos": [0, 4, 5, 8, 17, 18, 24], "neighbors": [2, 16, 21, 9, 8, 3, 12, 17, 0, 6, 15]}, {"capacity": 291, "impossibleCargos": [0, 3, 4, 6, 8, 10, 12, 13, 14, 21, 22], "neighbors": [15, 10, 16, 2, 24, 7, 0, 21, 9, 6, 18, 23]}, {"capacity": 300, "impossibleCargos": [2, 4, 5, 6, 10, 13, 15, 16, 17, 18, 23], "neighbors": [14, 9, 10, 1, 8, 19, 16, 2, 5, 21, 17, 3, 4]}, {"capacity": 223, "impossibleCargos": [4, 5, 8, 11, 12, 16, 18, 19, 20, 23], "neighbors": [11, 18, 17, 10, 5, 21, 9, 0, 13, 20, 23]}, {"capacity": 264, "impossibleCargos": [3, 4, 5, 8, 9, 10, 11, 13, 16, 19, 21, 24], "neighbors": [14, 22, 20, 21, 17, 4, 6, 3, 0, 16, 11, 13, 1, 18]}, {"capacity": 248, "impossibleCargos": [5, 8, 9, 11, 13, 14, 16, 18, 21, 22, 23], "neighbors": [3, 14, 6, 24, 20, 4, 11, 1, 10, 2, 5, 7, 19, 15, 21, 12]}, {"capacity": 207, "impossibleCargos": [0, 2, 3, 5, 7, 9, 10, 13, 14, 15, 16, 17, 22, 23], "neighbors": [13, 5, 6, 2, 0, 7, 18, 21, 16, 14, 9, 1, 15, 12]}, {"capacity": 258, "impossibleCargos": [0, 1, 2, 3, 6, 7, 9, 11, 12, 15, 17, 18, 19, 21, 22, 23, 24], "neighbors": [19, 7, 3, 12, 24, 9, 13, 22, 14, 8, 16, 15, 23, 20]}, {"capacity": 275, "impossibleCargos": [0, 3, 5, 8, 10, 11, 13, 15, 19], "neighbors": [18, 2, 17, 14, 11, 22, 23, 24, 4, 13, 9, 10, 1]}, {"capacity": 248, "impossibleCargos": [2, 3, 4, 5, 6, 8, 9, 10, 13, 14, 18, 19, 20, 21, 23], "neighbors": [1, 20, 17, 10, 11, 18, 12, 14, 8, 16, 21, 19, 7]}, {"capacity": 203, "impossibleCargos": [0, 1, 4, 6, 7, 12, 13, 16, 20, 21, 22], "neighbors": [8, 6, 9, 24, 12, 18, 3, 20, 10, 11, 13, 22]}, {"capacity": 280, "impossibleCargos": [0, 1, 5, 9, 11, 12, 13, 14, 15, 19, 20, 24], "neighbors": [5, 1, 17, 0, 22, 9, 11, 2, 10, 4]}, {"capacity": 204, "impossibleCargos": [0, 3, 4, 5, 7, 8, 10, 13, 15, 16, 19, 23], "neighbors": [4, 5, 10, 18, 6, 2, 8, 11, 3, 13]}, {"capacity": 300, "impossibleCargos": [0, 1, 2, 3, 4, 5, 6, 7, 8, 9, 10, 15, 18, 20, 23], "neighbors": [8, 13, 12, 7, 3, 15, 2, 24, 18, 1, 4, 6]}, {"capacity": 214, "impossibleCargos": [2, 5, 6, 8, 9, 11, 12, 15, 16, 17, 18, 20, 22, 23, 24], "neighbors": [12, 7, 23, 3, 14, 0, 10, 20, 17, 16, 2, 13, 24, 5, 1, 8]}, {"capacity": 204, "impossibleCargos": [0, 1, 3, 4, 5, 6, 7, 8, 12, 17, 20, 21, 22, 23, 24], "neighbors": [11, 24, 21, 2, 6, 0, 9, 23, 13]}, {"capacity": 238, "impossibleCargos": [0, 1, 3, 4, 7, 8, 14, 19, 22, 23], "neighbors": [24, 13, 8, 21, 9, 23, 18, 14, 3, 1, 11, 7]}, {"capacity": 216, "impossibleCargos": [1, 2, 6, 7, 9, 11, 12, 14, 20, 22, 23], "neighbors": [8, 23, 20, 4, 10, 19, 5, 7, 6, 1, 9, 0, 13]}, {"capacity": 277, "impossibleCargos": [3, 8, 9, 10, 14, 16, 17, 19, 20, 22, 23, 24], "neighbors": [8, 2, 12, 11, 15, 24, 1, 14]}, {"capacity": 298, "impossibleCargos": [2, 4, 7, 11, 14, 15, 16, 17, 20, 21, 22, 23, 24], "neighbors": [21, 18, 20, 12, 1, 11, 19, 7, 5]}, {"capacity": 219, "impossibleCargos": [1, 2, 6, 7, 9, 13, 15, 18, 21, 22, 23, 24], "neighbors": [20, 14, 9, 19, 11, 5, 17, 12, 18, 22]}]}