{"volumes": [197, 361, 148, 195, 264, 0, 744, 0, 183, 0, 0, 124, 194, 0, 446, 257, 163, 180, 0, 273, 0, 149, 166, 358, 192], "conflicts": [[0, 5], [0, 9], [0, 18], [0, 20], [0, 23], [1, 10], [1, 12], [1, 24], [2, 5], [2, 7], [2, 13], [2, 20], [3, 7], [3, 10], [3, 11], [4, 8], [4, 10], [4, 18], [4, 19], [4, 20], [5, 13], [5, 16], [5, 17], [5, 20], [5, 21], [5, 23], [5, 24], [6, 12], [7, 21], [8, 13], [9, 14], [9, 16], [9, 19], [9, 20], [9, 24], [11, 15], [11, 24], [12, 20], [13, 14], [13, 15], [13, 16], [13, 17], [15, 16], [15, 24], [16, 18], [16, 21], [16, 22], [17, 18], [18, 19], [18, 24], [20, 23], [22, 23], [22, 24]], "tanks": [{"capacity": 267, "impossibleCargos": [6, 8, 11, 12, 17, 18, 19, 20, 22, 23, 24], "neighbors": [23, 16, 17, 12, 13, 20, 4]}, {"capacity": 294, "impossibleCargos": [0, 3, 4, 5, 7, 9, 11, 12, 13, 15, 17, 22, 24], "neighbors": [12, 8, 18, 10, 3, 20, 15, 16, 21, 13, 19, 6, 24, 11, 9, 17, 4]}, {"capacity": 207, "impossibleCargos": [0, 1, 2, 3, 7, 10, 11, 13, 14, 15, 16, 17, 19, 20, 23], "neighbors": [3, 7, 23, 8, 11, 16, 24, 12, 20, 14, 18]}, {"capacity": 229, "impossibleCargos": [2, 3, 4, 5, 6, 7, 10, 12, 16, 17, 19, 24], "neighbors": [16, 2, 19, 1, 8, 4, 7, 9, 24, 23, 11, 6, 18, 20]}, {"capacity": 250, "impossibleCargos": [0, 5, 8, 9, 10, 11, 16, 17, 18, 19, 20, 21, 23], "neighbors": [8, 19, 7, 23, 14, 3, 6, 9, 13, 12, 21, 16, 10, 1, 0]}, {"capacity": 273, "impossibleCargos": [0, 1, 2, 3, 6, 8, 9, 10, 11, 12, 13, 15, 18, 21, 24], "neighbors": [18, 13, 19, 9, 6, 22, 15, 20, 24]}, {"capacity": 292, "impossibleCargos": [0, 1, 2, 5, 8, 10, 12, 13, 14, 16, 17, 22], "neighbors": [20, 4, 7, 5, 12, 1, 13, 9, 3, 10, 18]}, {"capacity": 276, "impossibleCargos": [0, 3, 5, 7, 10, 11, 12, 13, 17, 18, 20, 22], "neighbors": [11, 21, 2, 4, 10, 3, 6, 15, 17, 8]}, {"capacity": 235, "impossibleCargos": [4, 7, 8, 10, 11, 14, 17, 19, 20, 22, 23, 24], "neighbors": [4, 18, 1, 3, 10, 23, 19, 2, 12, 22, 11, 20, 7]}, {"capacity": 218, "impossibleCargos": [1, 4, 9, 10, 11, 13, 16, 18, 19, 20, 21, 22], "neighbors": [18, 17, 12, 21, 5, 4, 11, 3, 24, 23, 6, 13, 20, 1, 16, 19, 14, 22, 15]}, {"capacity": 296, "impossibleCargos": [3, 4, 5, 10, 11, 14, 15, 19, 20, 22], "neighbors": [19, 1, 20, 8, 16, 7, 17, 21, 12, 6, 13, 15, 4]}, {"capacity": 258, "impossibleCargos": [1, 2, 3, 7, 8, 9, 13, 14, 16, 17, 19, 21, 22, 23, 24], "neighbors": [7, 14, 23, 18, 22, 2, 9, 13, 19, 3, 8, 1]}, {"capacity": 234, "impossibleCargos": [1, 3, 6, 7, 8, 9, 12, 13, 15, 19, 22], "neighbors": [1, 9, 2, 15, 6, 8, 22, 10, 4, 13, 20, 0, 23]}, {"capacity": 207, "impossibleCargos": [5, 6, 7, 10, 11, 14, 16, 22], "neighbors": [18, 5, 15, 1, 4, 11, 6, 9, 12, 19, 10, 0]}, {"capacity": 204, "impossibleCargos": [1, 2, 3, 4, 6, 8, 10, 14, 15, 18, 19, 21], "neighbors": [16, 11, 22, 24, 4, 17, 23, 21, 9, 2]}, {"capacity": 215, "impossibleCargos": [1, 3, 4, 6, 7, 8, 9, 12, 16, 17, 18, 19, 22, 24], "neighbors": [1, 16, 13, 12, 7, 22, 17, 5, 21, 10, 9, 24]}, {"capacity": 276, "impossibleCargos": [0, 1, 2, 3, 4, 6, 7, 11, 15, 20, 22], "neighbors": [14, 3, 20, 10, 1, 15, 2, 0, 24, 9, 4, 19, 23]}, {"capacity": 226, "impossibleCargos": [0, 1, 4, 5, 6, 7, 12, 14, 18, 19, 20, 21, 22, 24], "neighbors": [24, 9, 10, 14, 20, 15, 7, 1, 0]}, {"capacity": 267, "impossibleCargos": [0, 2, 5, 6, 7, 9, 11, 12, 17, 19, 20, 24], "neighbors": [8, 9, 5, 1, 13, 11, 19, 21, 3, 2, 6]}, {"capacity": 283, "impossibleCargos": [3, 4, 9, 10, 11, 14, 18, 19, 20, 24], "neighbors": [21, 3, 10, 4, 20, 5, 8, 1, 11, 18, 9, 13, 16]}, {"capacity": 276, "impossibleCargos": [0, 3, 8, 9, 10, 11, 12, 13, 19, 20, 23], "neighbors": [10, 23, 16, 19, 1, 6, 17, 5, 12, 9, 8, 2, 3, 24, 0]}, {"capacity": 278, "impossibleCargos": [0, 3, 5, 12, 16, 18, 19], "neighbors": [19, 7, 1, 9, 14, 10, 22, 18, 15, 4]}, {"capacity": 202, "impossibleCargos": [0, 2, 5, 6, 8, 10, 11, 15, 18, 19, 22, 24], "neighbors": [24, 14, 11, 5, 15, 12, 21, 8, 9]}, {"capacity": 282, "impossibleCargos": [0, 1, 2, 3, 8, 10, 12, 14, 15, 23, 24], "neighbors": [0, 20, 2, 4, 11, 8, 14, 3, 9, 16, 12]}, {"capacity": 244, "impossibleCargos": [1, 2, 3, 7, 8, 14, 15, 16, 18, 20, 21, 22, 23], "neighbors": [22, 17, 14, 2, 3, 9, 1, 16, 5, 20, 15]}]}