{"volumes": [637, 0, 240, 0, 404, 146, 0, 110, 112, 371, 0, 213, 668, 0, 0, 0, 0, 227, 187, 185, 164, 670, 0, 213, 0], "conflicts": [[0, 10], [0, 13], [0, 14], [0, 24], [1, 3], [1, 4], [1, 5], [1, 8], [1, 10], [1, 11], [1, 12], [1, 14], [1, 15], [1, 16], [1, 19], [1, 20], [1, 21], [1, 22], [1, 23], [2, 3], [2, 7], [2, 13], [2, 14], [2, 24], [3, 5], [3, 8], [3, 9], [3, 10], [3, 11], [3, 12], [3, 13], [3, 17], [3, 18], [4, 10], [4, 11], [4, 22], [4, 24], [5, 9], [5, 10], [5, 14], [5, 16], [5, 17], [5, 20], [5, 22], [6, 9], [6, 10], [6, 13], [6, 15], [6, 16], [6, 18], [6, 20], [6, 21], [6, 22], [7, 10], [7, 11], [7, 24], [8, 9], [8, 11], [8, 13], [8, 15], [8, 16], [8, 20], [8, 24], [9, 13], [9, 14], [10, 11], [10, 12], [10, 13], [10, 14], [10, 15], [10, 16], [10, 17], [10, 18], [10, 22], [10, 23], [10, 24], [11, 16], [11, 22], [11, 23], [12, 13], [12, 14], [12, 16], [12, 22], [12, 24], [13, 15], [13, 18], [13, 21], [13, 22], [13, 24], [14, 16], [14, 18], [14, 20], [14, 22], [14, 23], [14, 24], [15, 16], [15, 17], [15, 19], [15, 20], [15, 22], [15, 23], [16, 17], [16, 19], [16, 22], [17, 20], [17, 22], [18, 22], [19, 20], [19, 24], [21, 22], [21, 24], [22, 23], [22, 24], [23, 24]], "tanks": [{"capacity": 298, "impossibleCargos": [0, 3, 6, 8, 9, 13, 14, 15, 17, 19, 20, 21, 24], "neighbors": [5, 21, 6, 19, 10, 2, 7, 12, 3, 23, 18, 8, 15, 16]}, {"capacity": 215, "impossibleCargos": [0, 1, 3, 4, 6, 7, 8, 10, 13, 14, 15, 16, 20, 21, 22], "neighbors": [17, 11, 7, 5, 20, 18, 24, 19, 15, 9, 16, 14, 12, 8]}, {"capacity": 221, "impossibleCargos": [3, 10, 11, 14, 17, 18, 19, 20, 22, 23], "neighbors": [5, 11, 21, 0, 22, 23, 6, 20, 16, 18]}, {"capacity": 272, "impossibleCargos": [0, 1, 3, 4, 6, 10, 11, 12, 13, 14, 15, 16, 19, 21, 22, 24], "neighbors": [12, 5, 15, 16, 21, 9, 7, 8, 0, 19, 11, 10, 22, 14, 18]}, {"capacity": 251, "impossibleCargos": [0, 3, 4, 6, 7, 10, 12, 16, 17, 18, 19, 20, 22, 23, 24], "neighbors": [19, 17, 10, 18, 22, 15, 9]}, {"capacity": 217, "impossibleCargos": [0, 1, 2, 3, 5, 6, 7, 8, 9, 10, 12, 13, 15, 17, 18, 20, 22, 23, 24], "neighbors": [2, 3, 16, 0, 1, 6, 15, 12, 24, 7, 18, 8, 22]}, {"capacity": 267, "impossibleCargos": [0, 1, 2, 3, 4, 6, 7, 8, 9, 10, 11, 13, 14, 17, 18, 19, 20, 22, 24], "neighbors": [11, 0, 5, 10, 20, 22, 17, 9, 2, 16, 15, 7, 24]}, {"capacity": 240, "impossibleCargos": [0, 1, 2, 3, 4, 5, 6, 7, 8, 10, 11, 12, 13, 14, 15, 18, 19, 21, 22], "neighbors": [1, 13, 14, 0, 22, 3, 23, 18, 11, 5, 6]}, {"capacity": 207, "impossibleCargos": [1, 2, 3, 4, 5, 6, 7, 8, 9, 13, 14, 16, 17, 18, 22, 23], "neighbors": [16, 17, 24, 3, 0, 20, 12, 5, 10, 1]}, {"capacity": 203, "impossibleCargos": [1, 2, 3, 6, 7, 8, 9, 10, 13, 15, 18, 20, 21, 22, 23, 24], "neighbors": [11, 14, 12, 3, 1, 6, 15, 18, 4]}, {"capacity": 214, "impossibleCargos": [0, 1, 2, 3, 4, 5, 6, 8, 9, 10, 12, 13, 15, 17, 18, 19, 20, 21, 22, 23], "neighbors": [21, 16, 0, 4, 17, 18, 6, 3, 23, 24, 8, 19]}, {"capacity": 241, "impossibleCargos": [1, 3, 5, 6, 8, 9, 10, 11, 12, 13, 18, 19, 22, 23, 24], "neighbors": [9, 2, 15, 17, 1, 6, 19, 21, 23, 13, 3, 7, 14]}, {"capacity": 209, "impossibleCargos": [0, 2, 3, 4, 5, 6, 7, 8, 9, 10, 11, 12, 13, 14, 15, 18, 20, 22, 23, 24], "neighbors": [3, 18, 9, 22, 23, 0, 13, 14, 5, 24, 15, 1, 8]}, {"capacity": 203, "impossibleCargos": [0, 2, 4, 5, 6, 9, 14, 15, 16, 17, 18, 19, 20, 21, 24], "neighbors": [24, 7, 15, 20, 21, 22, 12, 11, 23, 18, 14]}, {"capacity": 295, "impossibleCargos": [0, 1, 2, 3, 4, 5, 6, 8, 9, 12, 13, 14, 15, 19, 21, 23, 24], "neighbors": [21, 9, 7, 12, 20, 18, 17, 3, 13, 1, 11]}, {"capacity": 285, "impossibleCargos": [0, 2, 3, 6, 7, 8, 11, 12, 13, 14, 15, 17, 18, 19, 20, 21, 23, 24], "neighbors": [3, 11, 19, 13, 5, 1, 17, 12, 9, 0, 4, 6]}, {"capacity": 263, "impossibleCargos": [0, 2, 3, 4, 5, 6, 7, 8, 9, 11, 14, 15, 17, 18, 19, 20, 21, 22, 23], "neighbors": [5, 10, 8, 3, 18, 17, 22, 1, 6, 0, 2]}, {"capacity": 266, "impossibleCargos": [0, 1, 2, 3, 4, 6, 7, 8, 9, 12, 13, 14, 15, 16, 17, 18, 19, 22, 23, 24], "neighbors": [1, 11, 23, 22, 8, 4, 10, 16, 18, 6, 15, 14, 20]}, {"capacity": 289, "impossibleCargos": [1, 2, 3, 5, 8, 9, 10, 11, 12, 14, 15, 16, 18, 19, 20, 21], "neighbors": [12, 22, 23, 16, 21, 1, 24, 19, 4, 10, 7, 17, 14, 0, 13, 3, 9, 5, 2]}, {"capacity": 281, "impossibleCargos": [0, 2, 3, 4, 5, 6, 8, 9, 12, 13, 14, 15, 17, 19, 23, 24], "neighbors": [15, 20, 4, 21, 0, 11, 23, 18, 3, 1, 10]}, {"capacity": 213, "impossibleCargos": [0, 1, 3, 5, 7, 8, 10, 11, 12, 13, 18, 21, 22, 23, 24], "neighbors": [19, 13, 21, 1, 14, 6, 17, 2, 23, 8]}, {"capacity": 237, "impossibleCargos": [0, 1, 2, 3, 4, 6, 7, 8, 10, 12, 14, 15, 17, 18, 19, 21, 22, 23], "neighbors": [14, 10, 24, 0, 19, 18, 3, 2, 20, 13, 11, 23]}, {"capacity": 214, "impossibleCargos": [0, 1, 2, 4, 6, 7, 10, 11, 12, 14, 15, 16, 17, 18, 19, 22], "neighbors": [18, 17, 12, 13, 7, 2, 3, 6, 4, 16, 23, 5]}, {"capacity": 234, "impossibleCargos": [3, 4, 5, 7, 10, 14, 15, 17, 18, 20, 22, 23, 24], "neighbors": [17, 18, 12, 19, 21, 11, 7, 10, 0, 2, 13, 20, 22, 24]}, {"capacity": 291, "impossibleCargos": [0, 1, 2, 3, 4, 6, 7, 8, 9, 10, 11, 12, 13, 14, 15, 16, 19, 20, 22, 23], "neighbors": [13, 21, 8, 18, 1, 12, 5, 10, 23, 6]}]}