{"volumes": [138, 0, 150, 520, 150, 323, 235, 412, 334, 157, 113, 0, 607, 0, 0, 192, 0, 0, 0, 197, 224, 343, 0, 203, 0], "conflicts": [[0, 1], [0, 4], [0, 11], [0, 13], [0, 14], [0, 15], [0, 17], [0, 18], [0, 22], [0, 23], [0, 24], [1, 2], [1, 6], [1, 7], [1, 8], [1, 9], [1, 10], [1, 11], [1, 12], [1, 14], [1, 16], [1, 17], [1, 18], [1, 19], [1, 20], [1, 21], [1, 22], [2, 9], [2, 11], [2, 14], [2, 16], [2, 17], [2, 18], [2, 22], [2, 24], [3, 4], [3, 11], [3, 13], [3, 14], [3, 16], [3, 17], [3, 22], [3, 24], [4, 6], [4, 11], [4, 13], [4, 14], [4, 16], [4, 18], [4, 19], [4, 22], [4, 24], [5, 10], [5, 11], [5, 13], [5, 14], [5, 16], [5, 18], [5, 19], [5, 22], [5, 24], [6, 11], [6, 13], [6, 15], [6, 16], [6, 17], [6, 18], [6, 22], [6, 23], [6, 24], [7, 10], [7, 11], [7, 13], [7, 16], [7, 18], [7, 24], [8, 11], [8, 16], [8, 22], [8, 23], [8, 24], [9, 10], [9, 13], [9, 14], [9, 15], [9, 17], [9, 18], [9, 22], [9, 23], [9, 24], [10, 13], [10, 18], [10, 20], [10, 22], [10, 24], [11, 12], [11, 13], [11, 16], [11, 18], [11, 19], [11, 20], [11, 21], [11, 23], [11, 24], [12, 13], [12, 16], [12, 17], [12, 18], [12, 19], [12, 22], [12, 24], [13, 15], [13, 16], [13, 18], [13, 20], [13, 21], [13, 22], [13, 23], [13, 24], [14, 17], [14, 18], [14, 20], [14, 21], [14, 22], [14, 23], [15, 16], [15, 19], [15, 20], [15, 22], [15, 24], [16, 17], [16, 18], [16, 19], [16, 20], [16, 21], [16, 22], [16, 23], [17, 18], [17, 19], [17, 21], [17, 22], [17, 23], [17, 24], [18, 19], [18, 20], [18, 22], [18, 23], [18, 24], [19, 24], [20, 22], [21, 22], [21, 23], [21, 24], [22, 23], [22, 24], [23, 24]], "tanks": [{"capacity": 225, "impossibleCargos": [0, 1, 2, 3, 4, 5, 7, 8, 9, 10, 12, 13, 14, 16, 18, 19, 20, 21, 22, 24], "neighbors": [19, 14, 2, 23, 11, 17, 4, 6, 24, 20, 21, 15, 9]}, {"capacity": 222, "impossibleCargos": [1, 2, 5, 6, 7, 8, 10, 11, 12, 15, 16, 19, 20, 24], "neighbors": [22, 10, 12, 24, 20, 13, 8, 5, 9, 4, 11]}, {"capacity": 265, "impossibleCargos": [1, 2, 3, 5, 6, 7, 8, 9, 10, 11, 13, 16, 17, 18, 21, 22, 23], "neighbors": [12, 0, 4, 6, 13, 24, 7, 10, 21, 8, 9]}, {"capacity": 214, "impossibleCargos": [0, 1, 2, 3, 4, 5, 6, 8, 9, 12, 13, 14, 16, 17, 18, 19, 20, 22, 23, 24], "neighbors": [9, 4, 18, 12, 8, 7, 20, 22, 10, 19]}, {"capacity": 205, "impossibleCargos": [0, 2, 3, 4, 6, 7, 8, 9, 11, 12, 16, 17, 18, 19, 20, 21, 22, 23, 24], "neighbors": [18, 2, 3, 9, 12, 7, 0, 19, 6, 14, 16, 10, 21, 24, 15, 1]}, {"capacity": 280, "impossibleCargos": [0, 1, 2, 3, 4, 5, 6, 7, 10, 11, 12, 13, 14, 15, 16, 17, 18, 21, 22, 23], "neighbors": [23, 18, 11, 21, 19, 13, 8, 15, 7, 1, 6, 22]}, {"capacity": 285, "impossibleCargos": [0, 1, 4, 5, 6, 8, 10, 11, 13, 14, 15, 16, 19, 20, 21, 22, 24], "neighbors": [19, 10, 11, 18, 7, 2, 15, 8, 12, 4, 14, 16, 5, 21, 0, 22]}, {"capacity": 227, "impossibleCargos": [1, 2, 3, 4, 5, 7, 8, 13, 15, 16, 17, 18, 19, 20, 21, 22, 24], "neighbors": [13, 19, 21, 10, 6, 22, 11, 9, 4, 5, 2, 17, 8, 3, 12]}, {"capacity": 251, "impossibleCargos": [0, 1, 2, 3, 7, 8, 9, 10, 11, 12, 13, 14, 15, 16, 18, 19, 20, 21, 22, 23, 24], "neighbors": [21, 12, 18, 9, 6, 5, 11, 1, 3, 16, 10, 17, 20, 7, 22, 2]}, {"capacity": 223, "impossibleCargos": [1, 2, 3, 4, 5, 6, 9, 10, 11, 12, 13, 14, 16, 17, 18, 19, 21, 22, 23, 24], "neighbors": [3, 19, 14, 8, 4, 7, 1, 11, 2, 0]}, {"capacity": 243, "impossibleCargos": [0, 2, 3, 5, 6, 7, 9, 10, 12, 13, 14, 15, 16, 17, 19, 20, 21, 22, 23], "neighbors": [6, 1, 7, 23, 21, 13, 20, 24, 8, 4, 2, 12, 3]}, {"capacity": 223, "impossibleCargos": [0, 2, 4, 8, 10, 11, 12, 13, 14, 15, 17, 18, 20, 22, 23, 24], "neighbors": [15, 24, 13, 0, 14, 6, 5, 7, 18, 8, 12, 9, 1, 21]}, {"capacity": 276, "impossibleCargos": [0, 1, 2, 4, 5, 6, 7, 9, 10, 11, 13, 14, 15, 16, 17, 19, 21, 24], "neighbors": [19, 2, 1, 8, 4, 11, 3, 6, 23, 24, 10, 7, 14]}, {"capacity": 261, "impossibleCargos": [0, 1, 2, 3, 4, 5, 6, 8, 10, 11, 14, 15, 16, 17, 18, 19, 20, 21, 22, 23, 24], "neighbors": [18, 7, 11, 17, 2, 10, 5, 1, 24, 23, 16]}, {"capacity": 267, "impossibleCargos": [0, 1, 3, 4, 5, 6, 7, 9, 11, 12, 13, 14, 15, 16, 17, 19, 20, 21, 24], "neighbors": [23, 0, 9, 11, 4, 6, 24, 22, 12]}, {"capacity": 264, "impossibleCargos": [0, 1, 5, 7, 8, 9, 10, 11, 13, 14, 15, 16, 17, 18, 21, 22, 23, 24], "neighbors": [11, 22, 17, 6, 24, 5, 21, 23, 20, 4, 0]}, {"capacity": 279, "impossibleCargos": [2, 3, 4, 5, 6, 7, 9, 11, 13, 14, 15, 18, 19, 20, 21, 23, 24], "neighbors": [17, 20, 24, 8, 4, 6, 22, 13]}, {"capacity": 297, "impossibleCargos": [0, 1, 2, 3, 4, 5, 6, 7, 8, 9, 11, 13, 14, 16, 17, 18, 22, 23, 24], "neighbors": [24, 13, 16, 15, 0, 22, 23, 18, 7, 8]}, {"capacity": 200, "impossibleCargos": [0, 2, 4, 5, 6, 7, 8, 9, 10, 11, 13, 14, 15, 16, 17, 18, 19, 20, 21, 22, 23, 24], "neighbors": [13, 4, 5, 6, 8, 3, 11, 17, 23, 20]}, {"capacity": 213, "impossibleCargos": [1, 2, 3, 5, 7, 10, 11, 13, 14, 15, 16, 17, 19, 20, 21, 22, 23, 24], "neighbors": [6, 12, 0, 7, 9, 20, 21, 24, 5, 4, 3, 23]}, {"capacity": 218, "impossibleCargos": [0, 1, 2, 4, 6, 7, 8, 9, 11, 12, 13, 14, 15, 17, 18, 19, 20, 21, 22, 24], "neighbors": [19, 24, 16, 1, 10, 22, 0, 8, 15, 3, 18]}, {"capacity": 231, "impossibleCargos": [1, 2, 3, 4, 5, 6, 9, 10, 11, 13, 14, 16, 17, 18, 19, 20, 21, 22, 23, 24], "neighbors": [7, 8, 19, 24, 10, 5, 15, 4, 6, 0, 2, 11]}, {"capacity": 288, "impossibleCargos": [0, 1, 6, 7, 8, 9, 10, 11, 12, 13, 14, 15, 16, 17, 18, 20, 22, 24], "neighbors": [15, 1, 7, 17, 20, 5, 16, 14, 8, 3, 6]}, {"capacity": 210, "impossibleCargos": [1, 2, 6, 7, 8, 10, 11, 12, 13, 14, 15, 18, 19, 20, 22, 23], "neighbors": [14, 0, 5, 10, 17, 12, 15, 18, 13, 19]}, {"capacity": 209, "impossibleCargos": [0, 2, 5, 6, 7, 8, 9, 10, 11, 12, 13, 14, 16, 19, 20, 21, 22, 23, 24], "neighbors": [11, 17, 20, 1, 19, 21, 15, 2, 16, 10, 13, 12, 4, 0, 14]}]}