{"volumes": [0, 0, 221, 0, 339, 143, 522, 325, 229, 0, 0, 0, 209, 386, 161, 625, 239, 174, 205, 159, 184, 186, 0, 404, 0], "conflicts": [[0, 5], [0, 6], [0, 7], [0, 8], [0, 10], [0, 15], [0, 21], [1, 3], [1, 5], [1, 6], [1, 15], [2, 12], [3, 9], [3, 10], [3, 15], [3, 18], [3, 20], [4, 10], [4, 24], [5, 8], [5, 11], [6, 10], [6, 22], [7, 24], [8, 11], [8, 19], [9, 11], [9, 17], [9, 21], [10, 16], [10, 17], [10, 18], [11, 12], [11, 17], [11, 18], [11, 20], [11, 24], [14, 20], [14, 22], [15, 24], [16, 18], [17, 21], [19, 21], [21, 24]], "tanks": [{"capacity": 269, "impossibleCargos": [0, 1, 3, 4, 10, 11, 20, 22, 23], "neighbors": [7, 18, 16, 24, 21, 1, 10, 17, 23, 9, 20, 19, 14, 13, 6, 2, 12, 15, 11, 4]}, {"capacity": 272, "impossibleCargos": [10, 11, 17, 19, 21], "neighbors": [18, 6, 8, 24, 21, 0, 4, 22, 16, 13, 7, 15, 17, 2, 14, 19, 10, 20, 12, 9]}, {"capacity": 283, "impossibleCargos": [9, 10, 13, 14, 16, 17, 24], "neighbors": [9, 21, 24, 13, 12, 15, 1, 0, 19, 7, 3, 10, 17, 4, 16]}, {"capacity": 284, "impossibleCargos": [3, 6, 7, 17, 24], "neighbors": [19, 16, 24, 22, 21, 7, 14, 20, 18, 2, 15, 12, 9]}, {"capacity": 233, "impossibleCargos": [1, 5, 10, 12, 14, 17, 18, 24], "neighbors": [15, 17, 23, 24, 11, 1, 5, 12, 20, 9, 21, 16, 19, 0, 6, 14, 2, 18]}, {"capacity": 275, "impossibleCargos": [22, 23, 24], "neighbors": [21, 20, 18, 7, 4, 10, 9, 12, 6, 13, 16, 22, 15, 11, 14, 23]}, {"capacity": 270, "impossibleCargos": [0, 5, 6, 7, 8, 11, 14, 16, 22, 24], "neighbors": [1, 7, 21, 16, 11, 19, 0, 8, 17, 13, 5, 12, 4, 22, 24, 9]}, {"capacity": 299, "impossibleCargos": [1, 3, 9, 10, 11, 21, 24], "neighbors": [12, 6, 0, 20, 24, 5, 11, 23, 13, 22, 1, 15, 14, 16, 3, 10, 2, 18, 8, 19]}, {"capacity": 271, "impossibleCargos": [1, 4, 5, 6, 20], "neighbors": [19, 1, 17, 23, 24, 14, 12, 9, 6, 18, 21, 15, 13, 22, 7, 10]}, {"capacity": 240, "impossibleCargos": [0, 6, 9, 14, 19, 21], "neighbors": [2, 17, 14, 15, 20, 0, 4, 5, 21, 8, 22, 16, 23, 12, 13, 6, 1, 3, 18]}, {"capacity": 297, "impossibleCargos": [0, 7, 10, 11, 17, 20, 21], "neighbors": [17, 20, 19, 11, 0, 5, 23, 21, 12, 7, 1, 15, 2, 22, 8, 14]}, {"capacity": 224, "impossibleCargos": [2, 8, 9, 18, 23], "neighbors": [23, 7, 4, 10, 17, 6, 15, 14, 13, 0, 22, 5, 20, 19]}, {"capacity": 248, "impossibleCargos": [10, 11, 12, 20, 22], "neighbors": [7, 24, 15, 21, 2, 4, 13, 14, 10, 8, 16, 23, 5, 17, 0, 6, 22, 9, 3, 1]}, {"capacity": 259, "impossibleCargos": [1, 7], "neighbors": [24, 15, 7, 2, 1, 17, 12, 18, 0, 6, 5, 20, 11, 8, 22, 9, 16, 19]}, {"capacity": 259, "impossibleCargos": [2, 9, 11, 12, 13, 19, 21], "neighbors": [9, 17, 23, 8, 12, 0, 7, 1, 3, 11, 22, 21, 19, 16, 15, 18, 4, 5, 10]}, {"capacity": 245, "impossibleCargos": [14, 15, 16, 21], "neighbors": [4, 24, 18, 12, 9, 13, 23, 1, 21, 7, 2, 11, 19, 22, 20, 8, 16, 0, 10, 14, 3, 5]}, {"capacity": 226, "impossibleCargos": [0, 3, 6, 8, 16, 17, 18, 20, 21, 22], "neighbors": [0, 3, 19, 1, 17, 22, 6, 12, 4, 9, 7, 24, 18, 15, 20, 21, 14, 5, 23, 13, 2]}, {"capacity": 250, "impossibleCargos": [2, 3, 4, 5, 10, 11, 19], "neighbors": [9, 4, 10, 14, 21, 8, 0, 16, 13, 1, 11, 24, 18, 12, 6, 20, 19, 22, 2]}, {"capacity": 281, "impossibleCargos": [3, 10, 14, 16, 18, 19, 22, 24], "neighbors": [1, 15, 0, 5, 24, 13, 17, 8, 16, 23, 3, 7, 14, 19, 4, 9]}, {"capacity": 229, "impossibleCargos": [0, 4, 5, 8, 11, 15, 17, 18, 21, 23, 24], "neighbors": [3, 8, 16, 10, 24, 22, 0, 6, 21, 15, 1, 2, 4, 23, 14, 7, 17, 18, 13, 11]}, {"capacity": 298, "impossibleCargos": [10, 12, 13, 15, 18, 19], "neighbors": [5, 7, 10, 9, 4, 0, 24, 17, 22, 15, 13, 3, 16, 21, 1, 11]}, {"capacity": 227, "impossibleCargos": [1, 6, 7, 8, 11, 17, 18], "neighbors": [5, 2, 12, 0, 22, 1, 17, 6, 15, 10, 4, 9, 19, 3, 14, 8, 16, 23, 20, 24]}, {"capacity": 237, "impossibleCargos": [4, 5, 12, 16, 17, 18], "neighbors": [21, 1, 24, 7, 16, 19, 3, 9, 14, 15, 23, 20, 12, 8, 13, 11, 5, 17, 10, 6]}, {"capacity": 214, "impossibleCargos": [11, 12, 16, 17, 20, 23], "neighbors": [4, 11, 7, 14, 0, 8, 15, 10, 12, 9, 22, 21, 19, 18, 24, 16, 5]}, {"capacity": 255, "impossibleCargos": [6, 8, 10, 13, 19, 22], "neighbors": [15, 12, 13, 2, 4, 0, 7, 1, 18, 19, 22, 3, 8, 17, 20, 16, 23, 21, 6]}]}