{"volumes": [372, 0, 361, 0, 804, 570, 0, 387, 0, 0, 270, 236, 0, 236, 0, 215, 0, 149, 0, 610, 0, 145, 0, 0, 125], "conflicts": [[0, 1], [0, 6], [0, 12], [0, 14], [0, 18], [0, 22], [1, 2], [1, 4], [1, 5], [1, 9], [1, 10], [1, 12], [1, 14], [1, 18], [1, 19], [1, 23], [2, 12], [2, 16], [2, 18], [2, 23], [3, 4], [3, 6], [3, 9], [3, 11], [3, 13], [3, 15], [3, 19], [3, 20], [3, 22], [4, 8], [4, 14], [4, 16], [4, 18], [4, 20], [4, 22], [5, 8], [5, 9], [5, 16], [5, 18], [5, 20], [6, 11], [6, 15], [6, 17], [6, 19], [6, 21], [6, 22], [6, 23], [6, 24], [7, 8], [7, 9], [7, 14], [7, 18], [7, 20], [7, 22], [8, 11], [8, 13], [8, 14], [8, 15], [8, 16], [8, 22], [8, 23], [9, 13], [9, 14], [9, 15], [9, 16], [9, 19], [9, 23], [9, 24], [10, 12], [10, 14], [10, 16], [10, 18], [10, 20], [10, 22], [10, 23], [11, 12], [11, 16], [11, 18], [11, 23], [12, 16], [12, 20], [12, 23], [13, 14], [13, 18], [13, 22], [13, 23], [14, 20], [14, 21], [14, 22], [14, 23], [14, 24], [15, 16], [15, 18], [15, 20], [15, 22], [16, 17], [16, 19], [16, 23], [16, 24], [17, 22], [17, 23], [18, 21], [18, 23], [19, 22], [19, 23], [20, 21], [20, 22], [20, 23], [21, 23], [21, 24], [22, 23]], "tanks": [{"capacity": 218, "impossibleCargos": [0, 10], "neighbors": [23, 19, 15, 9, 20, 24, 6, 5, 1, 10, 16, 21, 2, 12, 11, 17, 18, 3]}, {"capacity": 296, "impossibleCargos": [1, 7, 9, 12, 15, 17, 18, 20], "neighbors": [3, 6, 16, 5, 17, 18, 21, 10, 23, 13, 15, 22, 4, 11, 9, 0, 14, 24, 7, 2, 20]}, {"capacity": 208, "impossibleCargos": [2, 6, 11, 18, 20, 21], "neighbors": [3, 17, 14, 19, 12, 20, 10, 22, 6, 16, 15, 18, 5, 4, 0, 1, 11, 13, 24]}, {"capacity": 261, "impossibleCargos": [2, 11, 13, 17, 21, 24], "neighbors": [1, 24, 17, 2, 18, 12, 13, 14, 15, 21, 22, 11, 23, 8, 5, 0, 4]}, {"capacity": 265, "impossibleCargos": [16, 18, 22], "neighbors": [15, 20, 23, 21, 22, 10, 5, 24, 19, 12, 6, 1, 13, 2, 3, 17]}, {"capacity": 226, "impossibleCargos": [2, 21, 22, 23, 24], "neighbors": [6, 18, 7, 16, 22, 1, 4, 8, 11, 10, 0, 2, 12, 21, 23, 20, 15, 3]}, {"capacity": 287, "impossibleCargos": [2, 4, 7, 12, 16, 19, 20, 23, 24], "neighbors": [5, 17, 10, 1, 21, 12, 16, 18, 8, 14, 7, 2, 0, 15, 9, 4, 20, 22, 23, 11, 19]}, {"capacity": 237, "impossibleCargos": [0, 1, 7], "neighbors": [5, 23, 9, 21, 6, 24, 13, 22, 11, 15, 1, 12, 18, 17]}, {"capacity": 218, "impossibleCargos": [0, 8, 11, 13, 15, 17, 21], "neighbors": [23, 11, 14, 6, 20, 5, 13, 21, 16, 10, 9, 19, 18, 17, 3, 12, 22, 24]}, {"capacity": 244, "impossibleCargos": [2, 5, 6, 8, 12, 17, 20], "neighbors": [0, 16, 7, 24, 23, 14, 22, 19, 21, 6, 8, 1, 10, 18, 17]}, {"capacity": 252, "impossibleCargos": [0, 7, 14, 16, 20], "neighbors": [6, 16, 17, 18, 4, 2, 11, 23, 5, 1, 8, 14, 13, 0, 21, 9, 22, 19, 20]}, {"capacity": 227, "impossibleCargos": [5, 24], "neighbors": [12, 18, 8, 15, 16, 10, 5, 17, 20, 24, 1, 3, 19, 7, 6, 14, 0, 2, 22, 13]}, {"capacity": 221, "impossibleCargos": [1, 6, 10, 14, 17, 21], "neighbors": [23, 11, 6, 2, 15, 3, 19, 4, 24, 16, 17, 5, 7, 0, 22, 13, 8, 18, 21]}, {"capacity": 254, "impossibleCargos": [5, 6, 7, 9, 15, 21, 24], "neighbors": [19, 14, 21, 24, 3, 8, 1, 17, 7, 10, 18, 16, 4, 22, 20, 12, 2, 11]}, {"capacity": 200, "impossibleCargos": [7, 9, 11, 23, 24], "neighbors": [18, 2, 19, 8, 13, 24, 9, 6, 3, 15, 10, 1, 11, 17, 22]}, {"capacity": 261, "impossibleCargos": [1, 5, 10, 12, 14, 19], "neighbors": [4, 0, 16, 23, 18, 12, 11, 24, 3, 14, 2, 6, 1, 21, 7, 17, 5, 20, 22]}, {"capacity": 235, "impossibleCargos": [2, 7, 11, 12, 15, 22, 24], "neighbors": [10, 15, 6, 9, 5, 1, 11, 21, 2, 17, 8, 12, 13, 19, 0]}, {"capacity": 223, "impossibleCargos": [1, 15, 17, 21], "neighbors": [6, 3, 2, 10, 24, 20, 21, 1, 11, 18, 16, 13, 12, 8, 15, 14, 7, 22, 0, 9, 4]}, {"capacity": 280, "impossibleCargos": [1, 3, 6, 23], "neighbors": [23, 5, 14, 11, 10, 15, 3, 6, 21, 1, 17, 24, 2, 13, 8, 7, 12, 0, 9, 20]}, {"capacity": 258, "impossibleCargos": [1, 3, 6, 8, 9], "neighbors": [0, 13, 20, 2, 14, 21, 12, 9, 4, 8, 16, 11, 10, 22, 6, 24]}, {"capacity": 292, "impossibleCargos": [3, 4, 5, 8, 9, 15, 23], "neighbors": [4, 19, 0, 2, 17, 8, 23, 11, 6, 24, 5, 13, 10, 1, 15, 18]}, {"capacity": 225, "impossibleCargos": [1, 4, 13, 19, 21], "neighbors": [6, 4, 7, 13, 19, 16, 17, 18, 3, 1, 9, 24, 22, 8, 15, 10, 5, 0, 23, 12]}, {"capacity": 213, "impossibleCargos": [0, 2, 8, 11, 21, 23], "neighbors": [24, 4, 5, 2, 9, 21, 1, 3, 7, 6, 10, 13, 19, 12, 11, 17, 8, 14, 15]}, {"capacity": 283, "impossibleCargos": [0, 1, 6, 10, 13, 14, 19], "neighbors": [0, 12, 18, 8, 15, 4, 7, 24, 9, 20, 10, 1, 6, 21, 5, 3]}, {"capacity": 295, "impossibleCargos": [7, 16, 20, 22], "neighbors": [3, 22, 17, 23, 9, 14, 13, 0, 15, 4, 21, 18, 11, 7, 12, 1, 20, 19, 2, 8]}]}