{"volumes": [203, 0, 0, 0, 376, 0, 314, 678, 138, 240, 382, 509, 198, 0, 284, 200, 153, 0, 375, 0, 190, 0, 0, 182, 0], "conflicts": [[0, 2], [0, 5], [0, 13], [0, 21], [0, 22], [1, 2], [1, 3], [1, 4], [1, 5], [1, 6], [1, 7], [1, 8], [1, 11], [1, 12], [1, 13], [1, 14], [1, 15], [1, 17], [1, 19], [1, 20], [1, 21], [1, 22], [1, 23], [1, 24], [2, 3], [2, 6], [2, 7], [2, 8], [2, 10], [2, 11], [2, 12], [2, 13], [2, 14], [2, 15], [2, 16], [2, 19], [2, 22], [2, 23], [2, 24], [3, 5], [3, 6], [3, 9], [3, 11], [3, 12], [3, 15], [3, 16], [3, 17], [3, 18], [3, 19], [3, 20], [3, 21], [3, 23], [3, 24], [4, 5], [4, 13], [4, 19], [4, 21], [4, 22], [4, 23], [4, 24], [5, 6], [5, 7], [5, 8], [5, 9], [5, 10], [5, 13], [5, 14], [5, 15], [5, 16], [5, 17], [5, 19], [5, 20], [5, 21], [5, 22], [5, 24], [6, 13], [6, 17], [6, 19], [6, 21], [6, 22], [6, 24], [7, 13], [7, 17], [7, 21], [7, 22], [7, 24], [8, 17], [8, 19], [8, 21], [8, 24], [9, 15], [9, 17], [9, 18], [9, 19], [9, 21], [9, 22], [9, 24], [10, 17], [10, 19], [10, 21], [10, 24], [11, 13], [11, 17], [11, 19], [11, 21], [11, 22], [12, 13], [12, 19], [12, 20], [12, 21], [12, 22], [12, 24], [13, 14], [13, 15], [13, 17], [13, 18], [13, 19], [13, 20], [13, 22], [14, 17], [14, 21], [14, 23], [14, 24], [15, 17], [15, 21], [15, 24], [16, 17], [16, 19], [16, 21], [17, 18], [17, 19], [17, 21], [17, 22], [17, 24], [18, 19], [18, 22], [18, 24], [19, 20], [19, 21], [19, 22], [19, 23], [19, 24], [20, 21], [20, 22], [20, 24], [21, 22], [22, 24]], "tanks": [{"capacity": 210, "impossibleCargos": [0, 2, 5, 10, 13, 21, 22, 23, 24], "neighbors": [14, 11, 13, 18, 2, 22, 19, 1, 12, 8, 7, 17, 4, 6, 23, 3, 21]}, {"capacity": 213, "impossibleCargos": [0, 1, 5, 9, 10, 11, 13, 14, 23], "neighbors": [16, 9, 19, 13, 2, 22, 21, 3, 10, 0, 7, 4, 18, 14, 23, 12, 17, 15, 11, 8]}, {"capacity": 262, "impossibleCargos": [0, 1, 2, 3, 4, 7, 10, 11, 12, 15, 17, 21], "neighbors": [24, 0, 14, 15, 5, 1, 20, 12, 11, 16, 4, 13, 17, 23, 9, 3, 18, 8, 21]}, {"capacity": 277, "impossibleCargos": [6, 7, 8, 12, 13, 16, 21, 22, 23, 24], "neighbors": [5, 15, 22, 9, 20, 16, 6, 18, 1, 13, 12, 11, 0, 19, 21, 2, 8, 7, 14, 4, 24]}, {"capacity": 207, "impossibleCargos": [1, 2, 5, 6, 7, 8, 11, 13, 14, 15, 20], "neighbors": [10, 11, 15, 12, 20, 8, 23, 2, 5, 1, 0, 7, 18, 17, 14, 9, 3]}, {"capacity": 285, "impossibleCargos": [0, 1, 3, 5, 9, 16, 17, 23], "neighbors": [6, 18, 3, 12, 2, 20, 21, 10, 4, 19, 8, 11, 13, 14, 7, 24, 15, 23]}, {"capacity": 261, "impossibleCargos": [1, 2, 4, 7, 13, 16, 20, 22], "neighbors": [5, 12, 21, 18, 3, 16, 23, 24, 17, 15, 0, 19, 8, 11, 10, 7, 20, 13]}, {"capacity": 243, "impossibleCargos": [2, 3, 4, 8, 10, 12, 13, 15, 17, 18, 21, 22, 23, 24], "neighbors": [16, 10, 14, 12, 22, 13, 0, 1, 11, 17, 4, 5, 9, 3, 23, 6, 20]}, {"capacity": 259, "impossibleCargos": [4, 5, 6, 8, 10, 12, 13, 14, 15, 16, 17, 18, 21, 23], "neighbors": [13, 10, 23, 4, 24, 22, 0, 21, 9, 11, 5, 16, 19, 6, 3, 2, 15, 1]}, {"capacity": 243, "impossibleCargos": [5, 8, 11, 12, 14, 15, 23], "neighbors": [1, 16, 19, 11, 3, 14, 12, 18, 8, 20, 23, 2, 21, 7, 4, 15]}, {"capacity": 263, "impossibleCargos": [1, 11, 12, 15, 17, 18, 20, 22, 23], "neighbors": [7, 4, 8, 11, 18, 5, 1, 14, 17, 12, 20, 21, 19, 22, 6, 24, 15, 13]}, {"capacity": 282, "impossibleCargos": [0, 2, 4, 6, 7, 9, 10, 12, 17, 22, 23], "neighbors": [0, 19, 17, 4, 9, 10, 16, 2, 23, 7, 3, 21, 24, 8, 5, 14, 18, 6, 1, 20]}, {"capacity": 285, "impossibleCargos": [0, 2, 4, 5, 7, 8, 10, 11, 15, 20, 22], "neighbors": [5, 6, 24, 18, 7, 19, 14, 4, 9, 23, 16, 2, 0, 3, 10, 15, 1, 21, 13, 17]}, {"capacity": 290, "impossibleCargos": [4, 6, 11, 12, 15, 17, 18, 19, 23, 24], "neighbors": [8, 0, 1, 17, 20, 21, 18, 7, 3, 15, 19, 2, 23, 5, 24, 12, 10, 6]}, {"capacity": 286, "impossibleCargos": [0, 1, 3, 15, 16, 19, 21], "neighbors": [0, 7, 2, 12, 9, 10, 16, 22, 1, 19, 5, 11, 4, 24, 3, 21, 18]}, {"capacity": 235, "impossibleCargos": [0, 1, 4, 5, 6, 8, 17, 18, 19], "neighbors": [21, 3, 4, 2, 16, 24, 22, 13, 6, 20, 12, 5, 17, 18, 9, 1, 10, 8]}, {"capacity": 214, "impossibleCargos": [0, 2, 3, 6, 8, 9, 10, 12, 14, 15, 16, 17, 19, 21], "neighbors": [1, 7, 9, 24, 3, 15, 21, 12, 6, 11, 2, 14, 8, 17, 23]}, {"capacity": 226, "impossibleCargos": [4, 6, 12, 13, 14, 15, 17, 19, 20, 22], "neighbors": [11, 13, 18, 23, 19, 21, 0, 6, 10, 24, 2, 7, 16, 4, 1, 15, 12, 22]}, {"capacity": 250, "impossibleCargos": [0, 1, 4, 5, 6, 8, 15, 18, 19, 21, 22, 24], "neighbors": [5, 19, 0, 12, 6, 17, 22, 3, 10, 21, 13, 23, 9, 1, 4, 15, 11, 2, 14]}, {"capacity": 296, "impossibleCargos": [1, 2, 5, 6, 7, 8, 9, 10, 12, 13, 15, 21, 22], "neighbors": [9, 21, 11, 1, 18, 12, 17, 0, 23, 13, 5, 3, 14, 6, 20, 8, 10, 24]}, {"capacity": 254, "impossibleCargos": [1, 3, 10, 11, 12, 13, 14, 15, 17, 18, 22, 23], "neighbors": [23, 13, 3, 5, 4, 2, 9, 15, 10, 19, 21, 11, 6, 24, 7]}, {"capacity": 208, "impossibleCargos": [1, 5, 6, 7, 8, 10, 12, 15, 18, 19, 23, 24], "neighbors": [22, 15, 19, 6, 13, 1, 17, 16, 5, 18, 23, 8, 11, 12, 10, 9, 3, 0, 20, 14, 24, 2]}, {"capacity": 269, "impossibleCargos": [1, 2, 3, 8, 9, 13, 15, 17, 19, 22, 23], "neighbors": [21, 3, 18, 7, 1, 0, 15, 8, 14, 10, 23, 24, 17]}, {"capacity": 269, "impossibleCargos": [0, 1, 2, 4, 6, 8, 10, 11, 12, 14, 15, 16, 23], "neighbors": [20, 17, 8, 12, 4, 6, 18, 19, 21, 11, 1, 0, 13, 2, 9, 5, 24, 16, 22, 7]}, {"capacity": 288, "impossibleCargos": [0, 2, 4, 5, 9, 12, 13, 14, 16, 17, 18, 24], "neighbors": [2, 16, 12, 15, 8, 6, 17, 11, 5, 23, 13, 14, 22, 10, 19, 20, 21, 3]}]}