{"volumes": [0, 526, 516, 292, 319, 0, 0, 204, 252, 178, 186, 181, 174, 155, 137, 467, 205, 176, 0, 193, 0, 214, 0, 152, 0], "conflicts": [[0, 3], [0, 12], [0, 14], [0, 16], [0, 18], [0, 22], [1, 5], [2, 20], [2, 22], [3, 6], [3, 19], [3, 20], [4, 9], [5, 9], [5, 13], [5, 19], [5, 20], [5, 22], [6, 11], [6, 12], [6, 18], [6, 21], [7, 18], [8, 20], [9, 20], [10, 17], [10, 18], [11, 13], [11, 22], [12, 19], [15, 20], [15, 24], [16, 22], [17, 18], [17, 24], [19, 22], [20, 24]], "tanks": [{"capacity": 250, "impossibleCargos": [3, 4, 5, 6, 7, 8, 9, 11, 12, 13, 14, 15, 16, 17, 18, 19, 20, 21, 23, 24], "neighbors": [22, 13, 17, 20, 24, 23, 21, 10, 2, 5, 8, 9, 15, 14, 1, 7, 19]}, {"capacity": 260, "impossibleCargos": [0, 1, 2, 4, 5, 6, 8, 10, 11, 13, 14, 15, 17, 18, 19, 20, 21, 22, 24], "neighbors": [17, 6, 4, 14, 9, 18, 8, 2, 15, 21, 3, 19, 7, 23, 10, 12, 13, 22, 5, 0, 24]}, {"capacity": 296, "impossibleCargos": [0, 2, 4, 5, 6, 7, 8, 9, 10, 11, 12, 13, 14, 16, 19, 20, 22, 23], "neighbors": [6, 19, 18, 3, 8, 4, 22, 0, 1, 24, 7, 23, 5, 16, 9, 15, 14, 21]}, {"capacity": 242, "impossibleCargos": [0, 2, 3, 4, 6, 7, 8, 10, 12, 13, 14, 18, 19, 23, 24], "neighbors": [5, 23, 17, 12, 2, 4, 15, 1, 14, 24, 20, 19, 7, 11, 16, 9, 8, 10, 21]}, {"capacity": 264, "impossibleCargos": [0, 2, 3, 4, 6, 7, 9, 11, 12, 14, 16, 21, 22, 23, 24], "neighbors": [19, 1, 16, 17, 8, 18, 3, 2, 23, 5, 13, 10, 9, 6, 21]}, {"capacity": 297, "impossibleCargos": [0, 1, 2, 4, 5, 6, 7, 8, 9, 10, 13, 15, 16, 17, 18, 19, 20, 21, 22], "neighbors": [3, 9, 0, 18, 17, 7, 12, 21, 2, 23, 4, 1, 13, 19, 20, 14, 11]}, {"capacity": 221, "impossibleCargos": [1, 2, 4, 5, 6, 8, 9, 10, 11, 12, 13, 15, 16, 17, 18, 22, 23], "neighbors": [23, 1, 9, 2, 10, 21, 20, 12, 17, 7, 14, 8, 19, 4, 15, 24, 22]}, {"capacity": 246, "impossibleCargos": [0, 1, 2, 3, 4, 7, 9, 10, 11, 12, 13, 15, 16, 17, 18, 19, 20, 21, 22, 24], "neighbors": [11, 8, 10, 20, 23, 9, 17, 2, 6, 15, 5, 14, 1, 21, 16, 3, 24, 0, 12, 13, 19]}, {"capacity": 249, "impossibleCargos": [1, 2, 3, 4, 6, 7, 8, 9, 10, 11, 14, 16, 18, 19, 20, 21, 22, 23, 24], "neighbors": [14, 24, 7, 19, 15, 4, 2, 23, 1, 0, 10, 6, 13, 17, 9, 22, 18, 16, 20, 3, 11]}, {"capacity": 247, "impossibleCargos": [1, 2, 4, 5, 6, 7, 9, 11, 12, 13, 14, 15, 17, 19, 20, 21, 22, 23, 24], "neighbors": [6, 1, 5, 12, 7, 15, 0, 18, 20, 16, 2, 8, 21, 19, 4, 14, 11, 23, 3]}, {"capacity": 256, "impossibleCargos": [3, 5, 6, 9, 10, 11, 14, 16, 17, 18, 20, 22, 23, 24], "neighbors": [6, 0, 7, 24, 18, 15, 16, 8, 13, 23, 12, 1, 4, 14, 19, 20, 22, 11, 3]}, {"capacity": 272, "impossibleCargos": [0, 2, 3, 4, 8, 10, 11, 12, 13, 16, 17, 18, 19, 20, 21, 22, 23, 24], "neighbors": [7, 24, 17, 18, 22, 21, 16, 20, 9, 15, 3, 12, 5, 8, 10]}, {"capacity": 255, "impossibleCargos": [3, 4, 5, 7, 8, 9, 11, 12, 13, 14, 15, 16, 18, 19, 21, 22, 23], "neighbors": [15, 18, 9, 3, 14, 6, 5, 10, 24, 23, 1, 19, 16, 11, 7, 20, 22]}, {"capacity": 295, "impossibleCargos": [1, 3, 4, 5, 6, 7, 12, 13, 14, 15, 16, 17, 18, 19, 21, 22, 24], "neighbors": [24, 0, 23, 20, 14, 10, 8, 16, 4, 15, 21, 1, 5, 19, 17, 7]}, {"capacity": 236, "impossibleCargos": [0, 1, 3, 5, 6, 7, 9, 10, 12, 13, 14, 16, 17, 18, 19, 20, 22, 24], "neighbors": [8, 1, 13, 12, 20, 7, 6, 3, 18, 16, 10, 9, 19, 17, 2, 0, 24, 23, 5]}, {"capacity": 217, "impossibleCargos": [0, 1, 4, 6, 7, 9, 10, 12, 13, 14, 16, 17, 18, 20, 22, 23, 24], "neighbors": [12, 8, 17, 24, 10, 1, 3, 16, 7, 9, 0, 13, 2, 22, 11, 23, 6, 20]}, {"capacity": 227, "impossibleCargos": [1, 2, 3, 5, 7, 8, 9, 10, 11, 13, 16, 18, 19, 20, 21, 22, 23, 24], "neighbors": [17, 22, 4, 20, 10, 15, 23, 13, 2, 21, 14, 7, 9, 19, 11, 3, 12, 8, 24]}, {"capacity": 241, "impossibleCargos": [0, 1, 2, 3, 4, 5, 6, 7, 8, 9, 10, 11, 13, 16, 17, 18, 19, 22, 23, 24], "neighbors": [16, 1, 0, 4, 23, 3, 11, 15, 6, 22, 21, 7, 5, 24, 8, 18, 14, 13]}, {"capacity": 270, "impossibleCargos": [0, 3, 5, 6, 8, 9, 10, 11, 12, 13, 14, 15, 16, 17, 18, 19, 20, 21, 22, 24], "neighbors": [12, 4, 2, 1, 11, 10, 5, 22, 9, 14, 20, 21, 17, 8, 19]}, {"capacity": 259, "impossibleCargos": [0, 1, 3, 4, 5, 9, 10, 11, 12, 13, 14, 16, 18, 19, 20, 21, 22, 24], "neighbors": [4, 2, 8, 24, 22, 23, 21, 1, 6, 3, 10, 16, 9, 12, 14, 13, 18, 5, 0, 7]}, {"capacity": 243, "impossibleCargos": [0, 1, 2, 3, 6, 7, 9, 10, 11, 13, 14, 15, 16, 18, 19, 20, 22, 23, 24], "neighbors": [0, 16, 13, 6, 23, 7, 14, 24, 3, 9, 18, 11, 10, 8, 15, 5, 12]}, {"capacity": 239, "impossibleCargos": [0, 1, 2, 3, 4, 6, 7, 8, 10, 11, 12, 13, 14, 16, 17, 19, 20, 22], "neighbors": [6, 0, 17, 1, 19, 24, 5, 11, 16, 7, 13, 18, 9, 22, 2, 4, 3]}, {"capacity": 222, "impossibleCargos": [1, 2, 3, 6, 7, 9, 10, 11, 12, 13, 14, 16, 17, 18, 19, 20, 22, 23], "neighbors": [0, 16, 24, 19, 2, 17, 18, 11, 21, 15, 8, 1, 10, 6, 12]}, {"capacity": 214, "impossibleCargos": [3, 4, 5, 7, 8, 9, 10, 11, 14, 15, 16, 17, 18, 19, 22, 23, 24], "neighbors": [6, 13, 24, 3, 0, 20, 17, 8, 7, 19, 2, 16, 10, 4, 5, 1, 12, 9, 15, 14]}, {"capacity": 300, "impossibleCargos": [2, 3, 4, 5, 6, 8, 9, 10, 11, 15, 16, 17, 18, 20, 21, 22, 24], "neighbors": [13, 0, 23, 11, 8, 19, 22, 10, 15, 2, 21, 20, 3, 12, 17, 7, 16, 6, 14, 1]}]}