{"volumes": [151, 0, 422, 205, 649, 0, 131, 0, 803, 0, 160, 151, 0, 0, 171, 0, 0, 197, 0, 151, 257, 193, 511, 0, 308], "conflicts": [[0, 9], [0, 12], [0, 13], [0, 15], [0, 16], [1, 2], [1, 3], [1, 4], [1, 6], [1, 7], [1, 8], [1, 9], [1, 10], [1, 11], [1, 13], [1, 14], [1, 15], [1, 16], [1, 17], [1, 18], [1, 19], [1, 20], [1, 21], [1, 22], [2, 5], [2, 7], [2, 9], [2, 13], [2, 15], [2, 16], [2, 18], [2, 19], [3, 7], [3, 9], [3, 16], [3, 23], [4, 5], [4, 7], [4, 15], [4, 16], [4, 18], [4, 23], [5, 9], [5, 12], [5, 13], [5, 14], [5, 16], [5, 20], [5, 22], [6, 7], [6, 13], [6, 16], [6, 23], [7, 11], [7, 12], [7, 13], [7, 14], [7, 15], [7, 16], [7, 18], [7, 21], [7, 22], [7, 23], [8, 9], [8, 12], [8, 15], [8, 16], [8, 23], [9, 11], [9, 13], [9, 14], [9, 15], [9, 17], [9, 19], [9, 20], [9, 21], [9, 22], [10, 12], [10, 23], [11, 24], [12, 14], [12, 16], [12, 19], [12, 21], [13, 15], [13, 16], [13, 17], [13, 19], [13, 22], [13, 23], [14, 15], [14, 16], [14, 18], [15, 17], [15, 18], [15, 21], [15, 22], [16, 18], [16, 21], [16, 22], [16, 23], [17, 23], [18, 19], [18, 21], [18, 23], [19, 21], [20, 23]], "tanks": [{"capacity": 265, "impossibleCargos": [1, 2, 3, 4, 5, 6, 7, 9, 10, 11, 12, 13, 15, 16, 17, 18, 19, 20, 21, 22, 23, 24], "neighbors": [17, 5, 4, 15, 1, 14, 16, 24, 7, 19, 12, 18, 23, 20, 22, 6, 8, 3, 9, 21]}, {"capacity": 286, "impossibleCargos": [0, 1, 2, 3, 4, 5, 7, 8, 9, 10, 12, 13, 14, 15, 17, 18, 19, 20, 22, 23], "neighbors": [11, 10, 2, 5, 22, 9, 0, 21, 23, 15, 20, 4, 13, 14, 24, 17, 8]}, {"capacity": 293, "impossibleCargos": [0, 1, 2, 3, 4, 5, 6, 9, 11, 12, 13, 14, 15, 18, 19, 20, 22, 24], "neighbors": [5, 24, 11, 22, 7, 6, 4, 13, 23, 1, 21, 3, 20, 8, 14, 10]}, {"capacity": 290, "impossibleCargos": [0, 3, 5, 6, 7, 8, 9, 10, 11, 12, 13, 14, 15, 16, 19, 20, 21, 22, 24], "neighbors": [7, 11, 5, 21, 13, 15, 17, 19, 2, 6, 16, 24, 14, 23, 22, 20, 0, 9, 12]}, {"capacity": 297, "impossibleCargos": [0, 1, 3, 4, 5, 6, 7, 8, 9, 10, 11, 12, 13, 14, 15, 16, 17, 20, 21, 23, 24], "neighbors": [19, 18, 2, 8, 23, 0, 15, 20, 12, 1, 6, 7, 21, 22, 9, 24, 17, 16]}, {"capacity": 206, "impossibleCargos": [0, 1, 3, 4, 5, 6, 7, 11, 12, 13, 14, 15, 16, 17, 18, 20, 21, 22, 23, 24], "neighbors": [2, 9, 14, 19, 10, 3, 0, 16, 24, 1, 7, 17, 6, 23, 11, 8, 13]}, {"capacity": 261, "impossibleCargos": [0, 1, 2, 3, 4, 5, 6, 8, 9, 10, 13, 14, 17, 19, 20, 21, 22, 24], "neighbors": [7, 2, 14, 8, 13, 15, 12, 21, 3, 5, 4, 9, 11, 20, 10, 0, 19, 18, 24, 23]}, {"capacity": 215, "impossibleCargos": [0, 1, 3, 4, 5, 6, 7, 8, 9, 10, 11, 13, 14, 15, 16, 17, 18, 19, 20, 21, 22, 24], "neighbors": [10, 13, 6, 2, 3, 14, 11, 18, 20, 5, 23, 19, 12, 16, 21, 4, 0, 15, 24, 17]}, {"capacity": 259, "impossibleCargos": [2, 5, 6, 9, 10, 11, 12, 13, 14, 15, 19, 20, 21, 22, 23, 24], "neighbors": [18, 4, 6, 22, 19, 24, 15, 14, 9, 2, 23, 10, 5, 21, 13, 0, 12, 1, 11, 20]}, {"capacity": 283, "impossibleCargos": [0, 1, 2, 4, 5, 6, 7, 8, 9, 11, 12, 14, 16, 18, 19, 20, 21, 22, 23, 24], "neighbors": [5, 22, 15, 8, 1, 20, 19, 11, 6, 16, 13, 4, 10, 17, 0, 3]}, {"capacity": 239, "impossibleCargos": [2, 6, 7, 9, 10, 11, 12, 14, 16, 18, 19, 20, 21, 22, 23, 24], "neighbors": [7, 5, 1, 16, 18, 14, 19, 8, 9, 22, 20, 15, 2, 6, 23, 17, 24]}, {"capacity": 247, "impossibleCargos": [0, 1, 2, 4, 5, 6, 7, 9, 10, 12, 15, 16, 17, 19, 20, 23], "neighbors": [1, 12, 2, 3, 21, 7, 14, 19, 24, 9, 5, 6, 16, 15, 8]}, {"capacity": 217, "impossibleCargos": [0, 1, 2, 3, 5, 6, 7, 8, 10, 11, 13, 14, 15, 17, 18, 19, 23, 24], "neighbors": [21, 11, 23, 14, 18, 6, 17, 7, 4, 24, 15, 0, 19, 8, 22, 20, 3, 16]}, {"capacity": 210, "impossibleCargos": [1, 2, 3, 4, 7, 8, 11, 12, 13, 14, 16, 17, 18, 19, 20, 21, 23, 24], "neighbors": [18, 7, 6, 2, 3, 14, 1, 20, 16, 9, 8, 17, 21, 22, 23, 5, 19, 24]}, {"capacity": 201, "impossibleCargos": [1, 3, 4, 5, 6, 7, 8, 9, 10, 11, 12, 13, 14, 15, 16, 17, 18, 19, 20, 21, 23], "neighbors": [5, 6, 7, 12, 24, 22, 20, 8, 11, 10, 16, 0, 13, 1, 2, 17, 3, 23]}, {"capacity": 274, "impossibleCargos": [0, 1, 3, 4, 7, 9, 10, 11, 12, 13, 14, 16, 17, 18, 21, 23, 24], "neighbors": [20, 17, 16, 8, 6, 3, 22, 0, 18, 9, 4, 1, 24, 12, 10, 21, 7, 11, 19]}, {"capacity": 206, "impossibleCargos": [2, 3, 4, 5, 6, 8, 11, 12, 13, 16, 17, 19, 21, 22, 24], "neighbors": [23, 18, 10, 15, 5, 14, 17, 20, 24, 0, 22, 7, 13, 3, 9, 21, 11, 4, 12]}, {"capacity": 259, "impossibleCargos": [0, 1, 2, 4, 5, 7, 10, 11, 13, 14, 15, 16, 18, 19, 21, 22, 23], "neighbors": [0, 19, 15, 24, 23, 18, 3, 12, 5, 16, 21, 14, 22, 1, 9, 4, 13, 20, 10, 7]}, {"capacity": 244, "impossibleCargos": [2, 5, 6, 8, 9, 11, 12, 13, 16, 17, 18, 19, 20, 23, 24], "neighbors": [13, 8, 4, 16, 12, 7, 17, 10, 15, 0, 22, 6, 23]}, {"capacity": 235, "impossibleCargos": [0, 1, 3, 5, 7, 9, 10, 11, 12, 14, 15, 16, 17, 18, 21, 23, 24], "neighbors": [4, 17, 5, 22, 8, 3, 11, 10, 7, 9, 0, 23, 12, 6, 15, 24, 13]}, {"capacity": 241, "impossibleCargos": [0, 1, 3, 5, 6, 7, 10, 11, 12, 14, 15, 16, 18, 19, 20, 21, 22, 24], "neighbors": [15, 24, 14, 7, 9, 2, 4, 1, 16, 13, 10, 6, 0, 3, 17, 23, 12, 8]}, {"capacity": 264, "impossibleCargos": [1, 2, 4, 5, 7, 10, 11, 12, 13, 15, 16, 17, 18, 20, 21, 22, 24], "neighbors": [12, 22, 11, 3, 2, 6, 1, 23, 17, 7, 4, 16, 8, 15, 13, 0]}, {"capacity": 248, "impossibleCargos": [0, 1, 2, 3, 4, 5, 8, 10, 11, 12, 13, 14, 15, 16, 18, 20, 21, 23, 24], "neighbors": [2, 21, 8, 19, 14, 15, 9, 1, 16, 4, 10, 17, 18, 23, 3, 0, 12, 13]}, {"capacity": 298, "impossibleCargos": [0, 1, 2, 3, 5, 6, 8, 9, 10, 11, 12, 13, 15, 16, 17, 18, 20, 21, 23], "neighbors": [16, 12, 2, 4, 24, 17, 7, 1, 21, 5, 8, 3, 0, 22, 19, 14, 10, 20, 18, 13, 6]}, {"capacity": 276, "impossibleCargos": [0, 1, 4, 5, 6, 7, 8, 9, 11, 12, 13, 15, 16, 17, 18, 19, 20, 22, 24], "neighbors": [2, 17, 23, 20, 14, 8, 5, 16, 12, 15, 11, 0, 3, 1, 4, 7, 10, 6, 19, 13]}]}