{"volumes": [255, 253, 280, 0, 297, 0, 273, 123, 0, 0, 0, 384, 164, 0, 283, 362, 268, 383, 768, 0, 208, 201, 0, 0, 156], "conflicts": [[0, 5], [0, 7], [0, 10], [0, 13], [0, 24], [1, 3], [1, 8], [1, 9], [1, 10], [1, 19], [1, 22], [2, 5], [2, 8], [2, 19], [2, 20], [2, 22], [2, 23], [3, 6], [3, 7], [3, 10], [3, 15], [3, 17], [3, 18], [3, 19], [3, 20], [3, 21], [4, 5], [4, 8], [4, 9], [4, 10], [4, 13], [4, 22], [5, 9], [5, 11], [5, 21], [5, 23], [6, 8], [6, 9], [6, 10], [6, 12], [6, 13], [6, 19], [7, 8], [7, 9], [7, 10], [7, 22], [7, 23], [8, 10], [8, 12], [8, 13], [8, 16], [8, 17], [8, 18], [8, 19], [8, 22], [8, 24], [9, 13], [9, 14], [9, 16], [9, 19], [9, 20], [9, 23], [10, 13], [10, 14], [10, 19], [11, 19], [11, 22], [11, 23], [12, 13], [12, 15], [12, 19], [12, 22], [12, 23], [13, 14], [13, 16], [13, 19], [13, 21], [13, 22], [13, 23], [13, 24], [14, 19], [15, 19], [15, 22], [15, 23], [16, 22], [18, 19], [18, 23], [19, 21], [19, 22], [19, 24], [20, 23], [21, 23], [22, 23], [22, 24]], "tanks": [{"capacity": 235, "impossibleCargos": [0, 3, 5, 6, 8, 9, 12, 13, 14, 15, 16, 17, 19, 23], "neighbors": [9, 20, 8, 19, 3, 5, 1, 18, 7, 22, 2, 12, 15, 13, 14, 24, 6, 4, 11]}, {"capacity": 221, "impossibleCargos": [0, 2, 3, 4, 6, 8, 9, 10, 11, 12, 14, 17, 19, 20, 23, 24], "neighbors": [23, 18, 22, 13, 15, 20, 0, 19, 6, 17, 21, 14, 10, 3, 2, 7]}, {"capacity": 235, "impossibleCargos": [0, 1, 2, 5, 6, 7, 8, 9, 10, 12, 13, 14, 15, 16, 17, 18, 19, 21, 22, 23, 24], "neighbors": [13, 12, 6, 7, 10, 19, 8, 14, 0, 21, 17, 9, 15, 11, 3, 5, 23, 24, 1, 4]}, {"capacity": 254, "impossibleCargos": [2, 3, 4, 5, 6, 8, 9, 10, 11, 12, 14, 15, 16, 17, 19, 21, 22, 23, 24], "neighbors": [14, 17, 21, 0, 16, 8, 19, 12, 24, 5, 2, 18, 6, 13, 20, 1, 9, 11]}, {"capacity": 234, "impossibleCargos": [0, 1, 3, 4, 5, 6, 9, 10, 11, 12, 14, 16, 17, 19, 20, 22, 23, 24], "neighbors": [20, 14, 15, 18, 12, 16, 7, 11, 24, 8, 10, 21, 23, 9, 0, 2]}, {"capacity": 263, "impossibleCargos": [1, 3, 4, 6, 7, 8, 11, 12, 13, 14, 16, 17, 20, 24], "neighbors": [6, 9, 15, 24, 17, 0, 14, 23, 7, 3, 16, 22, 19, 2, 12, 18, 21]}, {"capacity": 215, "impossibleCargos": [1, 2, 3, 5, 6, 8, 10, 11, 12, 13, 14, 16, 17, 18, 20, 21, 22, 23, 24], "neighbors": [15, 8, 5, 2, 23, 7, 12, 14, 13, 19, 17, 11, 1, 10, 24, 3, 0, 20]}, {"capacity": 283, "impossibleCargos": [0, 2, 3, 5, 6, 7, 8, 10, 11, 12, 14, 15, 17, 22, 23, 24], "neighbors": [16, 15, 2, 10, 6, 13, 23, 0, 12, 4, 24, 14, 20, 17, 5, 8, 1, 21]}, {"capacity": 271, "impossibleCargos": [0, 3, 6, 8, 10, 17, 19, 21, 22, 23, 24], "neighbors": [0, 6, 17, 21, 3, 2, 22, 14, 19, 24, 18, 16, 23, 4, 13, 10, 20, 7]}, {"capacity": 272, "impossibleCargos": [0, 1, 2, 3, 4, 5, 6, 7, 8, 9, 10, 12, 13, 14, 15, 16, 17, 18, 19, 20, 22, 23, 24], "neighbors": [0, 21, 10, 5, 18, 13, 2, 11, 22, 16, 4, 24, 15, 3, 12]}, {"capacity": 293, "impossibleCargos": [0, 1, 2, 3, 4, 5, 8, 11, 12, 13, 14, 16, 17, 18, 19, 20, 21, 22, 23], "neighbors": [15, 9, 2, 21, 20, 7, 24, 19, 13, 11, 18, 6, 1, 14, 4, 23, 22, 8, 16]}, {"capacity": 298, "impossibleCargos": [2, 3, 5, 6, 7, 8, 9, 10, 11, 12, 13, 14, 16, 17, 18, 20, 24], "neighbors": [12, 22, 14, 19, 4, 13, 20, 10, 6, 16, 9, 15, 2, 18, 17, 0, 3]}, {"capacity": 236, "impossibleCargos": [0, 1, 2, 3, 4, 7, 8, 9, 10, 11, 14, 15, 16, 17, 18, 19, 20, 22, 23], "neighbors": [11, 13, 2, 6, 23, 4, 21, 20, 16, 7, 17, 24, 0, 3, 18, 15, 22, 5, 19, 14, 9]}, {"capacity": 221, "impossibleCargos": [0, 2, 4, 5, 6, 7, 8, 9, 10, 12, 14, 16, 19, 20, 21, 22, 23, 24], "neighbors": [2, 12, 1, 17, 7, 6, 19, 9, 18, 11, 10, 15, 22, 16, 20, 8, 0, 3, 14]}, {"capacity": 273, "impossibleCargos": [0, 1, 2, 3, 5, 6, 8, 9, 10, 11, 12, 13, 14, 15, 19, 20, 21, 24], "neighbors": [3, 4, 11, 6, 15, 2, 5, 21, 8, 7, 18, 1, 10, 16, 20, 0, 23, 12, 13]}, {"capacity": 229, "impossibleCargos": [0, 1, 2, 4, 5, 6, 7, 9, 10, 11, 12, 13, 15, 18, 19, 20, 21, 22, 23, 24], "neighbors": [6, 7, 10, 5, 1, 4, 21, 14, 23, 20, 13, 12, 2, 11, 17, 0, 24, 9, 18]}, {"capacity": 281, "impossibleCargos": [0, 3, 4, 5, 7, 8, 9, 10, 11, 12, 14, 16, 17, 18, 19, 20, 21, 22, 24], "neighbors": [7, 3, 18, 23, 17, 4, 12, 11, 13, 8, 22, 5, 14, 9, 21, 19, 20, 24, 10]}, {"capacity": 256, "impossibleCargos": [0, 1, 2, 3, 9, 10, 12, 16, 17, 18, 19, 21, 22, 24], "neighbors": [22, 3, 24, 5, 23, 13, 8, 16, 2, 12, 6, 1, 7, 15, 11, 21, 20]}, {"capacity": 218, "impossibleCargos": [0, 1, 2, 3, 4, 5, 6, 7, 9, 10, 11, 12, 14, 15, 16, 18, 20, 21, 22, 23, 24], "neighbors": [1, 9, 16, 4, 0, 19, 13, 10, 12, 14, 21, 8, 3, 11, 24, 5, 15]}, {"capacity": 203, "impossibleCargos": [0, 3, 5, 7, 9, 10, 11, 12, 13, 15, 16, 17, 18, 20, 21, 23, 24], "neighbors": [0, 24, 18, 1, 2, 11, 3, 13, 6, 20, 10, 21, 8, 23, 22, 5, 12, 16]}, {"capacity": 279, "impossibleCargos": [0, 2, 3, 6, 7, 8, 10, 11, 12, 13, 15, 16, 18, 20, 21, 22, 23], "neighbors": [0, 4, 1, 10, 24, 22, 12, 19, 11, 15, 7, 13, 21, 14, 3, 8, 6, 17, 16]}, {"capacity": 280, "impossibleCargos": [0, 1, 2, 3, 4, 5, 6, 7, 8, 11, 12, 13, 15, 18, 19, 20, 23, 24], "neighbors": [3, 9, 10, 22, 15, 8, 12, 2, 14, 19, 1, 18, 20, 4, 17, 23, 16, 5, 7]}, {"capacity": 279, "impossibleCargos": [2, 3, 4, 6, 7, 9, 10, 12, 13, 14, 15, 17, 18, 20, 21, 23, 24], "neighbors": [17, 24, 1, 11, 21, 0, 20, 8, 23, 13, 19, 16, 9, 5, 10, 12]}, {"capacity": 286, "impossibleCargos": [0, 1, 2, 3, 5, 7, 8, 9, 10, 11, 13, 15, 16, 17, 18, 19, 20, 22, 23, 24], "neighbors": [1, 24, 17, 6, 7, 16, 12, 15, 5, 22, 19, 8, 10, 21, 2, 14, 4]}, {"capacity": 293, "impossibleCargos": [0, 1, 3, 4, 5, 6, 7, 8, 10, 11, 12, 13, 14, 15, 16, 18, 19, 20, 22, 23], "neighbors": [23, 22, 17, 19, 5, 10, 20, 7, 12, 4, 8, 3, 6, 15, 0, 18, 2, 9, 16]}]}