{"volumes": [825, 410, 1974, 0, 1126, 2437, 1636, 0, 526, 0, 371, 2477, 2811, 1077, 556, 487, 727, 0, 0, 0, 0, 554, 858, 1569, 0], "conflicts": [[0, 1], [0, 3], [0, 5], [0, 8], [0, 10], [0, 17], [0, 20], [1, 3], [1, 4], [1, 6], [1, 7], [1, 13], [1, 15], [1, 16], [1, 17], [1, 19], [1, 21], [1, 22], [1, 23], [1, 24], [2, 19], [2, 24], [3, 5], [3, 6], [3, 10], [3, 12], [3, 17], [3, 18], [3, 19], [3, 21], [3, 22], [4, 7], [4, 8], [4, 10], [4, 14], [4, 15], [4, 16], [4, 17], [4, 19], [5, 7], [5, 18], [5, 19], [5, 22], [5, 24], [6, 9], [6, 15], [6, 19], [6, 20], [6, 24], [7, 8], [7, 12], [7, 14], [7, 18], [7, 19], [7, 20], [7, 22], [7, 23], [7, 24], [8, 9], [8, 10], [8, 11], [8, 13], [8, 17], [8, 18], [8, 20], [8, 23], [9, 10], [9, 11], [9, 12], [9, 16], [9, 18], [9, 20], [9, 22], [9, 23], [9, 24], [10, 14], [10, 15], [10, 16], [10, 17], [10, 24], [11, 14], [11, 17], [11, 18], [11, 19], [11, 24], [12, 15], [12, 16], [12, 17], [12, 18], [12, 19], [13, 14], [13, 15], [13, 16], [13, 17], [13, 19], [13, 22], [13, 24], [14, 16], [14, 17], [14, 19], [15, 24], [16, 18], [16, 19], [16, 20], [16, 22], [17, 21], [18, 21], [18, 22], [18, 24], [19, 22], [20, 21], [20, 24], [21, 22], [22, 24]], "tanks": [{"capacity": 379, "impossibleCargos": [6, 16, 17, 20, 24], "neighbors": [33, 5, 29, 23, 9, 17, 30, 28]}, {"capacity": 524, "impossibleCargos": [2, 5, 12, 16, 17, 18], "neighbors": [28, 12, 11, 4, 6, 26]}, {"capacity": 783, "impossibleCargos": [6], "neighbors": [3, 18, 33, 11, 32, 15, 8, 5, 13, 26, 19, 12, 17]}, {"capacity": 804, "impossibleCargos": [8, 15, 16, 17, 18, 19, 23], "neighbors": [2, 8, 11, 16, 25, 28]}, {"capacity": 593, "impossibleCargos": [3, 5, 6, 15], "neighbors": [9, 25, 31, 13, 33, 1, 24, 29, 18]}, {"capacity": 796, "impossibleCargos": [2, 6, 19], "neighbors": [0, 13, 25, 10, 7, 2, 9, 6, 17, 31]}, {"capacity": 318, "impossibleCargos": [6, 10, 16, 22, 23], "neighbors": [11, 20, 8, 14, 5, 25, 1, 28]}, {"capacity": 653, "impossibleCargos": [0, 9, 11, 15, 16, 21], "neighbors": [20, 16, 25, 5, 18, 31]}, {"capacity": 441, "impossibleCargos": [1, 5, 14, 22, 23], "neighbors": [14, 34, 3, 32, 11, 22, 2, 26, 6, 9]}, {"capacity": 873, "impossibleCargos": [0, 1, 4, 14, 17, 22, 23], "neighbors": [30, 4, 16, 26, 0, 5, 8, 32, 17]}, {"capacity": 262, "impossibleCargos": [8, 10, 14, 15, 16, 23], "neighbors": [34, 5, 28, 16, 25]}, {"capacity": 682, "impossibleCargos": [4, 9, 15, 17, 18], "neighbors": [34, 1, 2, 6, 33, 3, 8, 15, 19]}, {"capacity": 913, "impossibleCargos": [1, 7, 9, 10, 12, 13, 16, 17, 21, 23], "neighbors": [18, 1, 28, 32, 23, 30, 34, 31, 2]}, {"capacity": 734, "impossibleCargos": [0, 3, 4, 6, 8, 15, 18, 24], "neighbors": [14, 5, 26, 25, 17, 15, 4, 30, 21, 2]}, {"capacity": 566, "impossibleCargos": [0, 1, 2, 7, 11, 17, 19], "neighbors": [21, 8, 13, 30, 16, 31, 22, 24, 6, 18, 20, 29]}, {"capacity": 424, "impossibleCargos": [7, 9, 10, 22], "neighbors": [13, 2, 11, 27, 16]}, {"capacity": 829, "impossibleCargos": [0, 2, 5, 6, 9, 11, 20, 21, 23], "neighbors": [30, 20, 24, 28, 9, 7, 14, 10, 3, 29, 15, 31]}, {"capacity": 331, "impossibleCargos": [2, 9, 12, 14, 17, 21, 22, 24], "neighbors": [34, 23, 20, 18, 13, 28, 5, 0, 2, 9]}, {"capacity": 776, "impossibleCargos": [0, 3, 4, 7, 14, 15, 17, 21], "neighbors": [12, 2, 17, 34, 7, 30, 14, 4]}, {"capacity": 768, "impossibleCargos": [3, 5, 9, 10, 14, 19, 22], "neighbors": [23, 25, 28, 29, 11, 2]}, {"capacity": 759, "impossibleCargos": [0, 9, 13, 15, 16, 20, 24], "neighbors": [16, 17, 7, 6, 31, 22, 29, 14]}, {"capacity": 784, "impossibleCargos": [0, 10], "neighbors": [14, 23, 25, 13, 31]}, {"capacity": 401, "impossibleCargos": [2, 15, 20], "neighbors": [28, 26, 8, 14, 20, 24, 33]}, {"capacity": 907, "impossibleCargos": [4, 6, 10, 13, 15, 18], "neighbors": [19, 32, 17, 21, 0, 12, 28]}, {"capacity": 423, "impossibleCargos": [8, 9, 17, 20], "neighbors": [16, 26, 32, 14, 4, 29, 22]}, {"capacity": 265, "impossibleCargos": [6, 9, 10, 13, 14], "neighbors": [19, 33, 5, 21, 4, 29, 28, 13, 7, 10, 6, 3]}, {"capacity": 938, "impossibleCargos": [0, 1, 6, 7, 8, 10, 20], "neighbors": [24, 13, 22, 9, 8, 27, 2, 1, 33]}, {"capacity": 886, "impossibleCargos": [8, 13, 17, 19], "neighbors": [33, 26, 15]}, {"capacity": 711, "impossibleCargos": [9, 14, 18], "neighbors": [1, 32, 22, 16, 12, 19, 25, 10, 17, 23, 0, 6, 3]}, {"capacity": 772, "impossibleCargos": [0, 4, 7, 8, 12, 16, 20, 21, 22], "neighbors": [0, 25, 19, 16, 24, 20, 34, 4, 14]}, {"capacity": 881, "impossibleCargos": [2, 9, 14, 18, 21], "neighbors": [16, 34, 9, 14, 18, 12, 33, 13, 0]}, {"capacity": 588, "impossibleCargos": [1, 2, 3, 4, 7], "neighbors": [33, 32, 20, 4, 14, 7, 16, 5, 21, 12]}, {"capacity": 279, "impossibleCargos": [1, 2, 3, 8, 9, 13, 15], "neighbors": [23, 31, 28, 2, 8, 24, 12, 9]}, {"capacity": 950, "impossibleCargos": [7, 12, 17, 21], "neighbors": [25, 0, 31, 2, 27, 11, 4, 30, 22, 26]}, {"capacity": 283, "impossibleCargos": [6, 7, 10, 15, 16, 18, 24], "neighbors": [17, 30, 11, 8, 10, 18, 29, 12]}]}