{"volumes": [219, 1321, 0, 2482, 1046, 275, 0, 0, 0, 1899, 0, 197, 0, 0, 1129, 0, 1831, 0, 1504, 1178, 1666, 935, 819, 988, 1701], "conflicts": [[0, 6], [0, 12], [0, 15], [0, 16], [0, 17], [0, 19], [0, 24], [1, 2], [1, 5], [1, 10], [1, 17], [1, 21], [2, 4], [2, 5], [2, 6], [2, 8], [2, 9], [2, 10], [2, 15], [2, 17], [2, 19], [2, 20], [2, 21], [2, 22], [2, 23], [2, 24], [3, 5], [3, 6], [3, 7], [3, 8], [3, 10], [3, 12], [3, 22], [4, 6], [4, 10], [4, 12], [4, 14], [4, 15], [5, 6], [5, 8], [5, 10], [5, 11], [5, 12], [5, 13], [5, 14], [5, 20], [5, 22], [5, 24], [6, 7], [6, 9], [6, 10], [6, 11], [6, 13], [6, 14], [6, 18], [6, 19], [6, 21], [6, 22], [7, 8], [7, 9], [7, 10], [7, 11], [7, 12], [7, 13], [7, 17], [7, 18], [7, 19], [7, 21], [8, 13], [8, 17], [8, 23], [8, 24], [9, 12], [9, 13], [9, 15], [9, 17], [10, 14], [10, 16], [10, 19], [10, 22], [10, 23], [10, 24], [11, 12], [11, 13], [11, 15], [11, 21], [11, 23], [11, 24], [12, 13], [12, 17], [12, 18], [12, 19], [12, 20], [12, 24], [13, 15], [13, 16], [13, 17], [13, 18], [13, 20], [13, 21], [13, 22], [13, 23], [13, 24], [14, 17], [14, 21], [15, 16], [15, 19], [15, 21], [15, 22], [15, 23], [16, 17], [17, 23], [17, 24], [18, 21], [18, 22], [19, 22], [19, 23], [21, 24], [22, 23], [23, 24]], "tanks": [{"capacity": 410, "impossibleCargos": [8, 12, 18, 19, 24], "neighbors": [27, 30, 4, 14, 3, 31, 1, 34, 6, 29]}, {"capacity": 666, "impossibleCargos": [2, 10, 16, 18, 24], "neighbors": [2, 3, 23, 17, 26, 6, 0, 25]}, {"capacity": 433, "impossibleCargos": [12, 18], "neighbors": [18, 1, 10, 15, 25, 27, 28]}, {"capacity": 396, "impossibleCargos": [3, 12, 17], "neighbors": [10, 1, 31, 0, 5, 28, 30, 11]}, {"capacity": 233, "impossibleCargos": [0, 3, 7, 9, 10, 20, 21], "neighbors": [8, 0, 31, 22, 25]}, {"capacity": 591, "impossibleCargos": [0, 1, 6, 9, 12, 16, 22], "neighbors": [28, 8, 3, 22, 31, 29, 27]}, {"capacity": 964, "impossibleCargos": [9, 12, 22], "neighbors": [31, 23, 22, 12, 28, 1, 21, 0, 8]}, {"capacity": 951, "impossibleCargos": [5, 7, 9, 10, 11, 13, 15, 17, 20], "neighbors": [29, 9, 33, 16, 14, 32, 21, 12]}, {"capacity": 698, "impossibleCargos": [7, 10, 17, 21], "neighbors": [29, 18, 4, 5, 13, 6]}, {"capacity": 215, "impossibleCargos": [1, 3, 4, 10, 13, 19, 22, 23, 24], "neighbors": [7, 15, 30, 12, 32, 18, 22, 24, 20, 33, 31, 14, 16]}, {"capacity": 656, "impossibleCargos": [6, 8, 11, 20, 21, 22, 24], "neighbors": [29, 3, 30, 24, 33, 15, 16, 22, 28, 2, 19, 26, 12]}, {"capacity": 222, "impossibleCargos": [1, 7, 10, 13, 14, 20], "neighbors": [25, 33, 14, 34, 15, 20, 3]}, {"capacity": 641, "impossibleCargos": [2, 11, 14, 16, 19, 21, 22, 24], "neighbors": [9, 19, 6, 21, 28, 30, 16, 7, 14, 13, 18, 10]}, {"capacity": 805, "impossibleCargos": [4, 6, 8, 14, 17, 19, 21], "neighbors": [23, 18, 8, 31, 21, 29, 12, 24, 25]}, {"capacity": 997, "impossibleCargos": [2, 5, 10, 17, 20, 24], "neighbors": [25, 11, 7, 0, 18, 28, 12, 9]}, {"capacity": 604, "impossibleCargos": [0, 1, 6, 11, 13, 20], "neighbors": [9, 18, 10, 34, 21, 29, 11, 2, 26]}, {"capacity": 853, "impossibleCargos": [6, 8, 9, 10, 15, 22], "neighbors": [7, 10, 27, 31, 12, 30, 34, 9]}, {"capacity": 867, "impossibleCargos": [1, 6, 8, 17, 21], "neighbors": [19, 29, 1, 32, 24]}, {"capacity": 742, "impossibleCargos": [0, 8, 13, 17, 21, 23], "neighbors": [2, 13, 8, 15, 33, 9, 24, 23, 14, 12]}, {"capacity": 296, "impossibleCargos": [3, 5, 10, 11, 12, 16, 19, 22, 24], "neighbors": [17, 12, 10]}, {"capacity": 216, "impossibleCargos": [0, 9, 12, 16, 19, 20, 24], "neighbors": [23, 21, 25, 9, 11, 28]}, {"capacity": 731, "impossibleCargos": [0, 2, 4, 5, 7, 23], "neighbors": [22, 24, 27, 15, 20, 12, 13, 7, 6, 26, 32]}, {"capacity": 342, "impossibleCargos": [4, 8, 16], "neighbors": [21, 6, 10, 9, 4, 26, 5]}, {"capacity": 397, "impossibleCargos": [6, 7, 13, 21, 24], "neighbors": [13, 6, 24, 1, 18, 20, 34, 31, 30]}, {"capacity": 733, "impossibleCargos": [0, 16], "neighbors": [21, 25, 10, 18, 23, 28, 9, 17, 13]}, {"capacity": 851, "impossibleCargos": [6, 8, 9, 11, 20, 21], "neighbors": [11, 24, 14, 28, 32, 20, 2, 1, 29, 13, 4]}, {"capacity": 210, "impossibleCargos": [4, 5, 9, 18, 21, 24], "neighbors": [33, 22, 1, 10, 21, 15]}, {"capacity": 919, "impossibleCargos": [2, 4, 10, 12, 13, 17, 20, 21, 24], "neighbors": [0, 21, 16, 2, 5]}, {"capacity": 713, "impossibleCargos": [1, 4, 13, 15, 16, 17, 18, 19, 22, 23], "neighbors": [5, 31, 24, 10, 25, 12, 6, 33, 3, 2, 14, 20]}, {"capacity": 969, "impossibleCargos": [10, 18, 21, 22], "neighbors": [7, 10, 8, 17, 15, 31, 32, 25, 13, 5, 0]}, {"capacity": 503, "impossibleCargos": [9, 11, 17, 19, 22, 23], "neighbors": [9, 10, 0, 12, 16, 31, 32, 3, 23]}, {"capacity": 309, "impossibleCargos": [0, 1, 10, 13, 21], "neighbors": [6, 28, 4, 3, 29, 13, 0, 16, 34, 9, 30, 23, 5]}, {"capacity": 723, "impossibleCargos": [2, 5, 7, 11, 20], "neighbors": [9, 7, 25, 29, 17, 30, 21]}, {"capacity": 280, "impossibleCargos": [0, 1, 7, 11, 21], "neighbors": [18, 26, 10, 7, 11, 34, 28, 9]}, {"capacity": 959, "impossibleCargos": [1, 8, 18, 19, 24], "neighbors": [15, 11, 33, 0, 31, 23, 16]}]}