{"volumes": [364, 1820, 1408, 881, 0, 462, 880, 1226, 0, 1201, 1115, 644, 1969, 2069, 783, 0, 909, 354, 545, 540, 0, 1288, 0, 1366, 0], "conflicts": [[0, 7], [0, 22], [1, 6], [1, 8], [1, 22], [1, 23], [1, 24], [2, 3], [2, 14], [3, 8], [3, 11], [3, 20], [4, 12], [4, 14], [4, 19], [4, 20], [6, 8], [6, 13], [6, 19], [7, 16], [7, 23], [7, 24], [8, 11], [8, 13], [8, 16], [8, 19], [8, 21], [8, 23], [10, 17], [10, 19], [10, 22], [11, 24], [12, 15], [12, 19], [14, 19], [14, 20], [15, 18], [15, 22], [15, 24], [16, 20], [16, 24], [18, 22], [19, 23], [19, 24], [20, 22], [20, 23], [22, 23], [22, 24]], "tanks": [{"capacity": 920, "impossibleCargos": [1, 2, 3, 4, 5, 7, 9, 10, 11, 12, 13, 14, 15, 16, 17, 18, 19, 20, 21, 22, 23, 24], "neighbors": [7, 24, 28, 23, 29, 25, 6]}, {"capacity": 869, "impossibleCargos": [1, 2, 3, 4, 6, 7, 9, 10, 11, 13, 15, 17, 18, 19, 21, 22, 24], "neighbors": [26, 11, 33, 32, 8, 15, 29, 18]}, {"capacity": 452, "impossibleCargos": [0, 2, 5, 6, 8, 10, 11, 12, 13, 15, 17, 19, 20, 22, 23], "neighbors": [16, 9, 12, 18, 33, 21, 27, 31, 32, 5, 23]}, {"capacity": 239, "impossibleCargos": [0, 2, 3, 5, 6, 7, 8, 10, 11, 12, 14, 15, 16, 17, 19, 20, 21, 22, 24], "neighbors": [16, 18, 22, 26, 9, 8, 15, 34, 28]}, {"capacity": 597, "impossibleCargos": [0, 1, 3, 6, 7, 8, 9, 10, 14, 15, 16, 19, 20, 21, 22, 23, 24], "neighbors": [34, 28, 22, 23, 31]}, {"capacity": 639, "impossibleCargos": [0, 1, 2, 3, 4, 5, 8, 10, 11, 14, 15, 16, 17, 20, 21, 22, 23, 24], "neighbors": [29, 18, 12, 33, 24, 23, 19, 31, 26, 2]}, {"capacity": 628, "impossibleCargos": [0, 3, 4, 5, 8, 9, 10, 12, 15, 16, 17, 18, 19, 21, 22, 23], "neighbors": [12, 11, 28, 13, 30, 0, 10]}, {"capacity": 504, "impossibleCargos": [1, 2, 3, 6, 8, 10, 11, 12, 13, 15, 17, 20, 22, 23, 24], "neighbors": [0, 23, 20, 10, 26, 15, 27]}, {"capacity": 532, "impossibleCargos": [1, 2, 3, 4, 5, 7, 8, 10, 11, 12, 13, 14, 15, 16, 17, 18, 20, 22], "neighbors": [34, 30, 20, 1, 3, 23, 15]}, {"capacity": 583, "impossibleCargos": [0, 2, 3, 5, 6, 7, 8, 11, 15, 17, 18, 19, 20, 21, 23], "neighbors": [2, 32, 10, 3, 28, 13, 34]}, {"capacity": 461, "impossibleCargos": [0, 2, 4, 5, 6, 7, 8, 9, 10, 11, 13, 14, 15, 16, 17, 18, 19, 20, 23, 24], "neighbors": [11, 16, 12, 27, 7, 9, 26, 18, 15, 29, 6]}, {"capacity": 617, "impossibleCargos": [0, 2, 4, 5, 6, 7, 9, 10, 11, 12, 13, 15, 17, 18, 20, 23], "neighbors": [10, 27, 1, 6, 18, 14, 21, 17]}, {"capacity": 823, "impossibleCargos": [0, 1, 2, 4, 6, 7, 9, 10, 11, 12, 14, 15, 16, 17, 19, 21, 22, 23, 24], "neighbors": [6, 10, 5, 13, 2, 28, 17, 22, 27]}, {"capacity": 572, "impossibleCargos": [1, 2, 4, 6, 8, 10, 11, 12, 13, 14, 15, 16, 17, 18, 21, 23, 24], "neighbors": [28, 34, 12, 6, 9, 31, 15, 24]}, {"capacity": 937, "impossibleCargos": [0, 2, 3, 4, 6, 7, 8, 9, 11, 12, 14, 16, 17, 18, 20, 22, 23, 24], "neighbors": [22, 33, 11, 25, 32, 24, 17]}, {"capacity": 356, "impossibleCargos": [0, 2, 3, 4, 5, 6, 7, 9, 10, 11, 14, 15, 16, 19, 20, 21, 22, 24], "neighbors": [18, 30, 23, 7, 31, 3, 28, 1, 10, 13, 29, 8, 34]}, {"capacity": 863, "impossibleCargos": [0, 2, 3, 6, 7, 8, 10, 11, 12, 15, 16, 17, 18, 19, 21, 22, 23], "neighbors": [2, 10, 3, 29]}, {"capacity": 457, "impossibleCargos": [1, 3, 5, 6, 7, 8, 9, 11, 14, 16, 17, 20, 21, 22, 24], "neighbors": [34, 23, 12, 33, 19, 28, 24, 14, 11]}, {"capacity": 623, "impossibleCargos": [2, 3, 4, 7, 8, 9, 11, 13, 14, 15, 16, 17, 18, 21, 22, 23], "neighbors": [5, 15, 3, 30, 11, 2, 10, 29, 21, 1]}, {"capacity": 688, "impossibleCargos": [0, 1, 2, 3, 4, 5, 6, 10, 12, 13, 14, 15, 16, 17, 18, 19, 21, 22, 23, 24], "neighbors": [30, 26, 34, 23, 22, 17, 5, 24, 28]}, {"capacity": 427, "impossibleCargos": [0, 1, 3, 4, 5, 7, 8, 9, 10, 11, 12, 14, 15, 16, 17, 18, 19, 20, 21, 22, 24], "neighbors": [7, 31, 26, 8]}, {"capacity": 382, "impossibleCargos": [1, 2, 3, 4, 5, 7, 9, 10, 13, 14, 15, 16, 17, 18, 19, 22, 23], "neighbors": [30, 33, 29, 11, 2, 18]}, {"capacity": 706, "impossibleCargos": [0, 1, 3, 5, 6, 7, 8, 9, 10, 12, 13, 15, 17, 18, 19, 20, 22, 23, 24], "neighbors": [14, 3, 4, 19, 31, 27, 12, 28]}, {"capacity": 357, "impossibleCargos": [0, 2, 3, 4, 5, 6, 7, 8, 9, 10, 11, 13, 14, 15, 19, 20, 21, 22, 23, 24], "neighbors": [7, 15, 5, 17, 19, 0, 4, 8, 2]}, {"capacity": 487, "impossibleCargos": [0, 1, 4, 5, 7, 8, 9, 10, 11, 13, 14, 15, 17, 18, 19, 20, 22, 23], "neighbors": [28, 5, 0, 14, 17, 19, 31, 13]}, {"capacity": 533, "impossibleCargos": [0, 1, 5, 7, 8, 9, 10, 11, 13, 14, 16, 17, 20, 22, 23, 24], "neighbors": [26, 14, 0, 28, 34]}, {"capacity": 907, "impossibleCargos": [0, 2, 4, 5, 6, 7, 8, 9, 11, 13, 14, 15, 16, 17, 18, 19, 20, 22, 23], "neighbors": [1, 19, 34, 31, 20, 7, 10, 3, 25, 5]}, {"capacity": 468, "impossibleCargos": [0, 3, 4, 6, 7, 8, 9, 10, 12, 14, 15, 17, 18, 19, 20, 21, 22, 23, 24], "neighbors": [11, 33, 10, 30, 22, 2, 12, 29, 7]}, {"capacity": 789, "impossibleCargos": [0, 1, 2, 3, 4, 5, 6, 8, 9, 10, 12, 13, 14, 15, 16, 17, 18, 19, 20, 21, 22, 24], "neighbors": [13, 29, 24, 4, 12, 33, 6, 0, 17, 9, 15, 25, 22, 3, 19]}, {"capacity": 806, "impossibleCargos": [0, 2, 3, 4, 5, 6, 9, 10, 12, 13, 15, 16, 17, 18, 19, 21, 22, 23, 24], "neighbors": [5, 28, 0, 21, 18, 16, 1, 27, 15, 33, 10]}, {"capacity": 900, "impossibleCargos": [0, 2, 3, 5, 7, 10, 12, 13, 14, 15, 16, 17, 18, 20, 21], "neighbors": [21, 19, 15, 8, 18, 34, 6, 27, 33]}, {"capacity": 421, "impossibleCargos": [0, 2, 3, 7, 8, 10, 11, 12, 13, 14, 15, 16, 17, 18, 19, 20, 21, 24], "neighbors": [20, 26, 32, 15, 22, 5, 4, 2, 13, 24]}, {"capacity": 835, "impossibleCargos": [2, 3, 4, 5, 7, 8, 9, 10, 11, 13, 14, 15, 16, 17, 18, 19, 22, 23, 24], "neighbors": [9, 31, 1, 14, 2]}, {"capacity": 284, "impossibleCargos": [1, 2, 3, 4, 6, 7, 8, 9, 11, 12, 13, 16, 20, 21, 22, 23, 24], "neighbors": [21, 14, 27, 5, 1, 28, 17, 2, 30, 29]}, {"capacity": 996, "impossibleCargos": [1, 2, 3, 4, 5, 6, 7, 8, 9, 11, 12, 13, 14, 17, 18, 19, 23, 24], "neighbors": [17, 13, 26, 4, 19, 8, 30, 3, 25, 9, 15]}]}