{"volumes": [0, 1562, 1510, 1760, 1421, 567, 290, 0, 1346, 1136, 0, 0, 0, 440, 815, 711, 1382, 457, 773, 1345, 1845, 849, 906, 0, 403], "conflicts": [[0, 2], [0, 3], [0, 4], [0, 5], [0, 6], [0, 9], [0, 10], [0, 11], [0, 14], [0, 16], [0, 18], [0, 22], [0, 23], [1, 5], [1, 8], [1, 12], [1, 15], [1, 17], [1, 21], [1, 23], [1, 24], [2, 6], [2, 7], [2, 9], [2, 11], [2, 12], [2, 13], [2, 18], [2, 23], [3, 6], [3, 11], [3, 16], [3, 20], [3, 22], [4, 6], [4, 7], [4, 17], [4, 18], [4, 21], [4, 22], [4, 23], [4, 24], [5, 6], [5, 9], [5, 12], [5, 15], [5, 20], [5, 23], [6, 7], [6, 9], [6, 10], [6, 12], [6, 21], [6, 22], [6, 23], [6, 24], [7, 8], [7, 11], [7, 15], [7, 16], [7, 17], [7, 18], [7, 20], [7, 22], [7, 24], [8, 11], [8, 23], [9, 10], [9, 12], [9, 23], [10, 12], [10, 13], [10, 14], [10, 15], [10, 16], [10, 19], [10, 20], [10, 21], [10, 22], [11, 12], [11, 14], [11, 15], [11, 16], [11, 17], [11, 18], [11, 20], [11, 23], [11, 24], [12, 13], [12, 15], [12, 18], [12, 19], [12, 23], [12, 24], [13, 15], [13, 17], [13, 18], [13, 19], [13, 23], [14, 20], [14, 21], [15, 17], [15, 21], [15, 23], [16, 17], [16, 18], [16, 23], [17, 18], [17, 19], [17, 20], [17, 22], [17, 23], [18, 20], [18, 21], [18, 22], [19, 21], [19, 22], [19, 23], [21, 22], [21, 24], [22, 24], [23, 24]], "tanks": [{"capacity": 398, "impossibleCargos": [1, 4, 6, 7, 9, 11, 12, 13, 15, 16, 17, 18, 22, 23, 24], "neighbors": [6, 24, 20, 9, 10, 19, 7, 4, 23, 28, 34, 13, 25, 3, 16]}, {"capacity": 947, "impossibleCargos": [0, 1, 3, 4, 5, 7, 8, 10, 11, 12, 13, 14, 17, 18, 21, 23], "neighbors": [30, 25, 21, 27]}, {"capacity": 312, "impossibleCargos": [1, 2, 3, 4, 5, 7, 10, 11, 12, 13, 14, 15, 17, 18, 19, 21, 22, 24], "neighbors": [30, 32, 27, 8, 20, 4, 31, 33, 5]}, {"capacity": 200, "impossibleCargos": [2, 3, 4, 5, 6, 7, 8, 9, 11, 13, 14, 15, 17, 18, 19, 20, 21, 22, 23, 24], "neighbors": [19, 7, 4, 10, 8, 21, 0, 32]}, {"capacity": 453, "impossibleCargos": [0, 2, 4, 5, 6, 7, 8, 10, 11, 12, 14, 16, 17, 20, 21, 22, 23, 24], "neighbors": [14, 8, 0, 19, 3, 2, 7, 34, 24]}, {"capacity": 755, "impossibleCargos": [0, 2, 4, 5, 6, 8, 11, 12, 14, 15, 16, 18, 20, 21, 23], "neighbors": [29, 31, 7, 28, 17, 34, 2]}, {"capacity": 516, "impossibleCargos": [1, 3, 6, 8, 9, 10, 11, 12, 15, 16, 17, 18, 19, 20, 21, 24], "neighbors": [7, 0, 29, 25, 8, 26, 14, 21]}, {"capacity": 568, "impossibleCargos": [1, 2, 4, 6, 7, 9, 10, 11, 12, 13, 14, 15, 17, 19, 22, 23, 24], "neighbors": [6, 11, 13, 0, 21, 12, 3, 5, 4, 9, 34, 14]}, {"capacity": 721, "impossibleCargos": [0, 2, 3, 4, 5, 6, 7, 8, 9, 10, 12, 13, 14, 15, 16, 17, 19, 23, 24], "neighbors": [21, 4, 26, 33, 25, 2, 28, 32, 3, 10, 6]}, {"capacity": 940, "impossibleCargos": [0, 2, 3, 5, 6, 7, 8, 10, 11, 12, 13, 15, 17, 18, 19, 20, 21, 22, 24], "neighbors": [0, 15, 17, 20, 7, 19]}, {"capacity": 367, "impossibleCargos": [0, 3, 4, 5, 7, 8, 9, 10, 12, 13, 16, 17, 18, 20, 21, 22, 23, 24], "neighbors": [18, 22, 0, 27, 30, 14, 11, 34, 12, 3, 8]}, {"capacity": 225, "impossibleCargos": [0, 2, 3, 4, 5, 6, 7, 9, 10, 11, 14, 15, 16, 18, 20, 21, 22, 23, 24], "neighbors": [7, 34, 12, 10, 20, 32, 14]}, {"capacity": 642, "impossibleCargos": [0, 1, 2, 4, 5, 6, 7, 9, 10, 11, 12, 13, 14, 15, 16, 17, 18, 19, 20, 21, 22, 23, 24], "neighbors": [31, 7, 11, 10, 28, 22, 19]}, {"capacity": 891, "impossibleCargos": [1, 2, 3, 4, 5, 6, 8, 9, 11, 13, 14, 15, 16, 17, 18, 20, 22, 23, 24], "neighbors": [7, 25, 0, 20]}, {"capacity": 479, "impossibleCargos": [1, 2, 4, 5, 6, 9, 10, 11, 12, 14, 19, 20, 22, 23, 24], "neighbors": [4, 17, 10, 33, 25, 32, 21, 34, 6, 7, 31, 11]}, {"capacity": 751, "impossibleCargos": [0, 1, 2, 3, 4, 5, 6, 7, 8, 9, 11, 12, 13, 14, 15, 16, 18, 19, 21, 22, 23], "neighbors": [16, 17, 19, 9, 22]}, {"capacity": 327, "impossibleCargos": [0, 1, 2, 3, 4, 6, 7, 8, 10, 11, 12, 14, 15, 17, 18, 19, 20, 21, 24], "neighbors": [23, 15, 28, 29, 21, 27, 17, 20, 0]}, {"capacity": 444, "impossibleCargos": [0, 1, 2, 4, 5, 6, 7, 8, 9, 11, 12, 13, 14, 15, 19, 20, 21, 22, 23], "neighbors": [15, 14, 9, 21, 32, 5, 26, 16, 28]}, {"capacity": 489, "impossibleCargos": [0, 2, 3, 4, 5, 6, 7, 8, 9, 12, 13, 16, 18, 19, 20, 21, 24], "neighbors": [25, 10, 26]}, {"capacity": 746, "impossibleCargos": [0, 2, 3, 6, 7, 8, 11, 12, 13, 14, 16, 18, 20, 21, 22, 23, 24], "neighbors": [23, 15, 0, 3, 4, 29, 22, 27, 9, 12]}, {"capacity": 850, "impossibleCargos": [1, 2, 4, 5, 7, 8, 10, 11, 12, 13, 14, 15, 17, 18, 19, 20, 24], "neighbors": [0, 11, 27, 2, 9, 25, 32, 13, 16]}, {"capacity": 902, "impossibleCargos": [0, 1, 3, 4, 5, 6, 7, 8, 9, 10, 11, 12, 13, 14, 15, 16, 21, 23, 24], "neighbors": [8, 34, 7, 1, 26, 16, 30, 17, 14, 3, 6]}, {"capacity": 968, "impossibleCargos": [0, 2, 3, 4, 5, 6, 7, 9, 12, 13, 14, 15, 16, 17, 18, 19, 21, 22, 23, 24], "neighbors": [10, 25, 26, 15, 31, 19, 12]}, {"capacity": 793, "impossibleCargos": [0, 4, 5, 9, 10, 11, 12, 13, 14, 15, 18, 19, 21, 22, 23], "neighbors": [16, 30, 19, 0, 25]}, {"capacity": 971, "impossibleCargos": [0, 1, 5, 6, 7, 9, 11, 14, 15, 18, 19, 20, 21, 22, 23, 24], "neighbors": [0, 28, 4]}, {"capacity": 439, "impossibleCargos": [0, 2, 4, 6, 7, 8, 10, 11, 12, 13, 14, 15, 16, 19, 21, 22, 23, 24], "neighbors": [18, 33, 1, 22, 34, 6, 13, 8, 32, 14, 20, 0, 23]}, {"capacity": 777, "impossibleCargos": [0, 1, 2, 4, 5, 6, 7, 8, 9, 10, 12, 13, 14, 16, 17, 18, 19, 20, 21, 22, 23, 24], "neighbors": [34, 29, 8, 22, 21, 31, 33, 6, 17, 18]}, {"capacity": 655, "impossibleCargos": [0, 1, 2, 3, 5, 6, 9, 10, 11, 13, 14, 15, 16, 17, 18, 19, 20, 21, 23, 24], "neighbors": [10, 2, 20, 19, 16, 1]}, {"capacity": 358, "impossibleCargos": [3, 4, 5, 8, 9, 11, 12, 13, 14, 15, 16, 18, 20, 21, 23, 24], "neighbors": [32, 0, 16, 24, 8, 12, 31, 5, 17]}, {"capacity": 743, "impossibleCargos": [0, 1, 2, 3, 4, 5, 7, 8, 9, 10, 12, 13, 16, 17, 18, 19, 21, 22, 23, 24], "neighbors": [33, 5, 32, 26, 6, 34, 16, 19]}, {"capacity": 318, "impossibleCargos": [0, 1, 2, 3, 4, 5, 6, 8, 9, 10, 12, 13, 15, 16, 17, 18, 19, 21, 22, 23], "neighbors": [23, 1, 10, 2, 21]}, {"capacity": 427, "impossibleCargos": [0, 3, 4, 5, 6, 7, 9, 10, 11, 12, 14, 16, 17, 18, 20, 21, 23, 24], "neighbors": [12, 5, 33, 34, 26, 22, 28, 2, 14]}, {"capacity": 828, "impossibleCargos": [0, 1, 2, 3, 4, 6, 7, 9, 10, 11, 12, 13, 15, 16, 17, 18, 20, 21, 22, 23, 24], "neighbors": [33, 28, 29, 2, 34, 25, 8, 17, 14, 20, 11, 3]}, {"capacity": 798, "impossibleCargos": [0, 1, 2, 4, 6, 7, 10, 13, 14, 15, 16, 19, 20, 22, 23, 24], "neighbors": [29, 25, 32, 34, 8, 31, 14, 26, 2]}, {"capacity": 376, "impossibleCargos": [0, 2, 3, 4, 5, 6, 7, 9, 11, 12, 13, 15, 16, 17, 18, 19, 20, 21, 22, 23], "neighbors": [11, 26, 33, 25, 21, 29, 0, 10, 32, 31, 14, 7, 5, 4]}]}