{"volumes": [888, 726, 201, 1299, 900, 455, 0, 1361, 2611, 0, 399, 0, 1093, 1537, 2699, 2081, 232, 711, 212, 0, 1120, 0, 0, 0, 462], "conflicts": [[0, 6], [0, 9], [0, 10], [0, 11], [0, 13], [0, 16], [0, 19], [0, 21], [0, 22], [0, 23], [0, 24], [1, 2], [1, 4], [1, 6], [1, 8], [1, 9], [1, 11], [1, 12], [1, 13], [1, 16], [1, 19], [1, 20], [1, 22], [1, 23], [1, 24], [2, 3], [2, 5], [2, 6], [2, 7], [2, 9], [2, 11], [2, 15], [2, 16], [2, 17], [2, 18], [2, 19], [2, 21], [2, 22], [2, 23], [2, 24], [3, 4], [3, 6], [3, 10], [3, 11], [3, 12], [3, 19], [3, 20], [3, 22], [3, 23], [4, 5], [4, 6], [4, 7], [4, 9], [4, 10], [4, 11], [4, 13], [4, 19], [4, 21], [4, 22], [4, 24], [5, 9], [5, 10], [5, 11], [5, 12], [5, 16], [5, 17], [5, 19], [5, 21], [5, 22], [5, 23], [5, 24], [6, 7], [6, 8], [6, 9], [6, 10], [6, 11], [6, 13], [6, 15], [6, 16], [6, 18], [6, 19], [6, 22], [6, 23], [7, 9], [7, 14], [7, 21], [7, 22], [7, 23], [8, 9], [8, 11], [8, 17], [8, 18], [8, 21], [8, 23], [9, 10], [9, 11], [9, 12], [9, 14], [9, 17], [9, 18], [9, 19], [9, 20], [9, 21], [9, 22], [9, 23], [9, 24], [10, 11], [10, 12], [10, 16], [10, 17], [10, 21], [10, 22], [10, 23], [10, 24], [11, 12], [11, 13], [11, 14], [11, 15], [11, 18], [11, 19], [11, 20], [11, 21], [11, 23], [11, 24], [12, 16], [12, 17], [12, 18], [12, 19], [12, 21], [12, 22], [12, 23], [13, 19], [13, 21], [13, 22], [13, 23], [14, 16], [14, 19], [14, 23], [14, 24], [15, 19], [15, 21], [15, 23], [15, 24], [16, 18], [16, 19], [16, 21], [16, 22], [16, 23], [17, 19], [17, 21], [17, 22], [17, 23], [18, 19], [18, 21], [18, 22], [18, 24], [19, 20], [19, 22], [19, 23], [19, 24], [20, 21], [20, 23], [21, 22], [21, 24], [22, 23], [22, 24], [23, 24]], "tanks": [{"capacity": 781, "impossibleCargos": [0, 1, 3, 4, 5, 6, 8, 9, 11, 12, 13, 15, 16, 17, 18, 21, 22, 23], "neighbors": [11, 19, 25, 30, 2, 6, 1, 17]}, {"capacity": 227, "impossibleCargos": [0, 1, 3, 4, 5, 6, 10, 11, 12, 13, 15, 16, 17, 20, 24], "neighbors": [14, 26, 4, 28, 17, 33, 0, 11, 24]}, {"capacity": 776, "impossibleCargos": [0, 1, 2, 6, 7, 8, 9, 10, 11, 12, 13, 14, 16, 17, 20, 21, 22, 23, 24], "neighbors": [6, 14, 8, 21, 22, 31, 19, 0, 28, 5, 7]}, {"capacity": 782, "impossibleCargos": [0, 1, 2, 3, 5, 6, 7, 8, 9, 10, 11, 12, 14, 15, 17, 18, 19, 22, 23], "neighbors": [23, 6, 15, 22, 11, 32]}, {"capacity": 611, "impossibleCargos": [1, 2, 3, 4, 5, 8, 9, 10, 11, 16, 17, 18, 19, 20, 21, 22, 23, 24], "neighbors": [30, 1, 20, 15, 23, 21, 34, 16, 26, 31, 14, 33]}, {"capacity": 618, "impossibleCargos": [0, 1, 2, 4, 5, 6, 7, 9, 10, 12, 13, 16, 17, 18, 20, 21, 22, 24], "neighbors": [32, 27, 2, 20, 24, 9]}, {"capacity": 919, "impossibleCargos": [2, 3, 5, 6, 7, 9, 11, 12, 13, 15, 17, 18, 20, 21, 22, 23, 24], "neighbors": [2, 3, 32, 8, 7, 9, 26, 0, 13, 12, 11, 24]}, {"capacity": 876, "impossibleCargos": [1, 2, 3, 4, 5, 6, 7, 8, 9, 10, 11, 13, 15, 16, 17, 18, 19, 20, 21, 22, 23, 24], "neighbors": [27, 26, 13, 6, 23, 2, 12]}, {"capacity": 484, "impossibleCargos": [0, 1, 2, 3, 4, 5, 6, 7, 9, 11, 12, 13, 14, 16, 18, 19, 20, 21, 23, 24], "neighbors": [2, 22, 6, 15, 12, 32]}, {"capacity": 430, "impossibleCargos": [0, 1, 2, 3, 4, 5, 6, 7, 10, 11, 13, 14, 16, 17, 20, 21, 22, 23, 24], "neighbors": [27, 14, 6, 13, 20, 25, 15, 32, 5]}, {"capacity": 242, "impossibleCargos": [0, 1, 4, 5, 6, 7, 9, 11, 12, 13, 14, 17, 18, 19, 20, 21, 22, 24], "neighbors": [27, 18, 31, 16, 29, 19, 14, 34]}, {"capacity": 252, "impossibleCargos": [0, 2, 3, 6, 8, 10, 11, 12, 13, 14, 16, 17, 18, 23, 24], "neighbors": [0, 34, 18, 1, 3, 6]}, {"capacity": 581, "impossibleCargos": [1, 2, 3, 5, 7, 8, 9, 10, 11, 13, 15, 17, 18, 19, 21, 23, 24], "neighbors": [17, 15, 26, 33, 8, 6, 20, 7, 22]}, {"capacity": 212, "impossibleCargos": [0, 1, 3, 5, 6, 7, 8, 9, 10, 11, 12, 13, 14, 16, 17, 18, 19, 21, 22, 23, 24], "neighbors": [23, 7, 15, 32, 14, 9, 20, 6, 19]}, {"capacity": 407, "impossibleCargos": [2, 4, 5, 6, 8, 9, 10, 11, 12, 13, 14, 15, 17, 18, 19, 22, 24], "neighbors": [1, 2, 26, 16, 29, 13, 32, 9, 33, 10, 19, 4]}, {"capacity": 742, "impossibleCargos": [0, 1, 2, 3, 4, 5, 6, 7, 9, 10, 14, 15, 16, 19, 20, 23, 24], "neighbors": [19, 4, 3, 12, 13, 8, 29, 9, 24]}, {"capacity": 798, "impossibleCargos": [0, 1, 2, 3, 5, 6, 8, 9, 12, 13, 15, 16, 17, 19, 21, 22, 23, 24], "neighbors": [28, 23, 14, 10, 4, 32, 25]}, {"capacity": 402, "impossibleCargos": [0, 1, 2, 3, 6, 7, 8, 9, 10, 12, 14, 15, 16, 17, 18, 19, 20, 23, 24], "neighbors": [12, 27, 1, 22, 34, 0]}, {"capacity": 864, "impossibleCargos": [0, 1, 5, 6, 8, 9, 11, 12, 13, 14, 15, 16, 17, 18, 19, 20, 21, 22, 24], "neighbors": [29, 10, 32, 31, 11]}, {"capacity": 304, "impossibleCargos": [0, 1, 2, 4, 5, 6, 7, 8, 9, 10, 12, 15, 16, 17, 18, 19, 21, 22, 23, 24], "neighbors": [15, 34, 0, 2, 10, 14, 13, 22]}, {"capacity": 867, "impossibleCargos": [0, 1, 2, 5, 6, 7, 9, 10, 11, 12, 13, 14, 18, 22, 23, 24], "neighbors": [4, 21, 27, 9, 13, 24, 5, 12]}, {"capacity": 608, "impossibleCargos": [0, 1, 2, 3, 4, 8, 9, 10, 11, 12, 18, 19, 20, 21, 22, 23, 24], "neighbors": [2, 20, 4, 30, 22, 31, 29]}, {"capacity": 490, "impossibleCargos": [0, 1, 2, 3, 6, 8, 9, 11, 12, 13, 14, 16, 17, 18, 19, 20, 22, 24], "neighbors": [8, 2, 28, 34, 27, 23, 3, 17, 21, 12, 19, 30]}, {"capacity": 412, "impossibleCargos": [0, 1, 3, 6, 7, 9, 12, 13, 16, 17, 20, 21, 22, 23], "neighbors": [16, 3, 13, 4, 33, 32, 29, 22, 7]}, {"capacity": 220, "impossibleCargos": [1, 3, 6, 7, 8, 9, 11, 12, 14, 15, 16, 17, 19, 20, 21, 22, 23, 24], "neighbors": [34, 20, 15, 5, 1, 6]}, {"capacity": 879, "impossibleCargos": [0, 2, 3, 4, 5, 6, 7, 8, 9, 10, 12, 14, 15, 16, 17, 19, 20, 24], "neighbors": [34, 29, 28, 0, 33, 9, 16]}, {"capacity": 776, "impossibleCargos": [0, 1, 2, 5, 6, 7, 8, 9, 10, 11, 12, 13, 14, 15, 16, 18, 19, 20, 21, 23, 24], "neighbors": [1, 14, 7, 28, 29, 6, 4, 12]}, {"capacity": 524, "impossibleCargos": [1, 2, 3, 4, 5, 7, 8, 9, 10, 11, 12, 14, 16, 17, 18, 19, 20, 21, 23], "neighbors": [9, 7, 10, 30, 17, 5, 22, 20, 28, 33, 31]}, {"capacity": 514, "impossibleCargos": [0, 1, 2, 4, 6, 7, 8, 9, 11, 12, 13, 14, 15, 16, 17, 18, 19, 21, 22, 23, 24], "neighbors": [16, 22, 1, 26, 25, 32, 2, 27]}, {"capacity": 506, "impossibleCargos": [1, 2, 3, 6, 7, 8, 9, 10, 11, 13, 14, 15, 16, 17, 18, 19, 20, 22, 23], "neighbors": [18, 25, 34, 14, 23, 26, 10, 15, 21]}, {"capacity": 730, "impossibleCargos": [0, 2, 3, 4, 6, 7, 8, 9, 10, 11, 12, 13, 15, 16, 17, 18, 21, 22, 23, 24], "neighbors": [4, 27, 33, 0, 21, 32, 22]}, {"capacity": 536, "impossibleCargos": [0, 2, 3, 4, 5, 7, 9, 10, 11, 12, 15, 17, 18, 19, 20, 22, 23, 24], "neighbors": [10, 2, 18, 34, 4, 21, 27]}, {"capacity": 716, "impossibleCargos": [2, 3, 5, 6, 8, 9, 10, 12, 14, 15, 16, 18, 19, 20, 21, 22], "neighbors": [5, 18, 13, 6, 23, 28, 14, 16, 30, 9, 3, 8]}, {"capacity": 424, "impossibleCargos": [1, 2, 4, 5, 7, 8, 11, 12, 13, 15, 16, 17, 21, 22, 23, 24], "neighbors": [30, 23, 25, 14, 1, 12, 34, 27, 4]}, {"capacity": 944, "impossibleCargos": [0, 1, 2, 3, 4, 5, 6, 9, 10, 11, 12, 13, 15, 16, 17, 18, 19, 20, 21, 22, 23, 24], "neighbors": [25, 19, 29, 24, 22, 4, 31, 11, 17, 10, 33]}]}