{"volumes": [0, 0, 985, 1636, 832, 1533, 695, 474, 1294, 986, 511, 0, 1338, 0, 0, 827, 394, 1459, 447, 820, 239, 1338, 783, 363, 1091], "conflicts": [[0, 2], [0, 3], [0, 5], [0, 6], [0, 8], [0, 9], [0, 10], [0, 11], [0, 14], [0, 15], [0, 16], [0, 18], [0, 22], [1, 2], [1, 8], [1, 9], [1, 13], [1, 15], [1, 17], [1, 20], [1, 21], [1, 23], [1, 24], [2, 11], [3, 11], [4, 11], [4, 13], [5, 10], [5, 11], [5, 13], [6, 14], [6, 16], [6, 20], [7, 11], [7, 13], [7, 18], [8, 10], [8, 13], [8, 14], [9, 20], [10, 11], [10, 13], [10, 18], [11, 12], [11, 14], [11, 15], [11, 16], [11, 17], [11, 18], [11, 24], [13, 16], [13, 17], [13, 19], [13, 20], [13, 21], [13, 23], [14, 20], [14, 21], [14, 24], [15, 17], [15, 20], [16, 17], [16, 18], [16, 20], [16, 24], [18, 20], [22, 23]], "tanks": [{"capacity": 334, "impossibleCargos": [2, 4, 5, 12, 13, 15, 17, 18, 22, 23, 24], "neighbors": [27, 12, 28, 3, 22, 19, 16, 23, 24, 31, 25, 6, 4, 5, 15, 21]}, {"capacity": 658, "impossibleCargos": [1, 2, 3, 4, 11, 14, 15, 16, 20, 21], "neighbors": [33, 10, 32, 2, 19, 34, 9, 17, 24, 21, 11, 26, 25, 23, 29, 14, 18]}, {"capacity": 206, "impossibleCargos": [3, 6, 10, 13, 16, 17, 18, 20, 21, 22, 23], "neighbors": [12, 27, 26, 11, 32, 17, 1, 13, 3, 34, 23, 30, 9, 21, 19, 29, 10, 7, 18, 16]}, {"capacity": 454, "impossibleCargos": [0, 1, 4, 7, 12, 13, 14, 15, 16, 18, 20, 21, 23, 24], "neighbors": [21, 23, 26, 4, 0, 16, 2, 15, 14, 7, 17, 24, 9]}, {"capacity": 845, "impossibleCargos": [2, 3, 6, 8, 9, 14, 16, 17, 18, 19, 20], "neighbors": [3, 25, 6, 34, 26, 24, 20, 10, 32, 13, 11, 33, 0, 9, 28, 27, 8, 12, 19]}, {"capacity": 258, "impossibleCargos": [1, 2, 5, 8, 9, 11, 12, 13, 14, 15, 18, 19, 21, 22, 24], "neighbors": [12, 34, 8, 30, 15, 18, 31, 33, 0, 19, 20, 10]}, {"capacity": 532, "impossibleCargos": [2, 3, 4, 6, 8, 10, 11, 13, 14, 15, 16, 21, 23, 24], "neighbors": [4, 34, 12, 0, 26, 17, 11, 25, 28, 33, 30]}, {"capacity": 547, "impossibleCargos": [1, 2, 5, 6, 12, 13, 16, 20, 23, 24], "neighbors": [16, 30, 22, 32, 29, 31, 3, 33, 2, 26]}, {"capacity": 223, "impossibleCargos": [0, 2, 5, 9, 11, 12, 13, 18, 19, 20, 22, 23], "neighbors": [20, 14, 30, 5, 19, 32, 24, 33, 17, 31, 34, 4, 21, 11, 18]}, {"capacity": 858, "impossibleCargos": [5, 6, 7, 21, 23], "neighbors": [12, 1, 22, 33, 25, 11, 2, 10, 4, 31, 27, 23, 26, 3, 16]}, {"capacity": 365, "impossibleCargos": [2, 3, 4, 7, 8, 10, 12, 13, 18, 19, 20, 21, 22], "neighbors": [1, 17, 28, 13, 34, 25, 20, 21, 4, 18, 9, 12, 26, 2, 32, 24, 22, 5]}, {"capacity": 451, "impossibleCargos": [0, 1, 2, 3, 4, 7, 9, 11, 12, 15, 16, 17, 18, 21, 24], "neighbors": [2, 19, 15, 24, 9, 4, 16, 23, 28, 21, 12, 6, 1, 8, 13, 29, 26, 31]}, {"capacity": 680, "impossibleCargos": [1, 2, 4, 7, 8, 9, 12, 13, 14, 16, 18, 22, 24], "neighbors": [2, 5, 30, 0, 9, 34, 22, 24, 14, 28, 6, 27, 18, 21, 31, 10, 11, 33, 4]}, {"capacity": 475, "impossibleCargos": [1, 2, 7, 9, 10, 13, 15, 17, 19, 20, 21, 22], "neighbors": [21, 22, 32, 10, 16, 2, 25, 4, 29, 33, 20, 18, 11, 31, 17, 23, 27]}, {"capacity": 400, "impossibleCargos": [1, 3, 5, 7, 8, 9, 10, 11, 12, 13, 14, 15, 18, 19, 20], "neighbors": [8, 27, 21, 12, 33, 34, 24, 15, 17, 22, 3, 23, 30, 1, 32, 25]}, {"capacity": 800, "impossibleCargos": [2, 4, 7, 8, 13, 14, 15, 16, 17, 19, 20, 22, 23], "neighbors": [22, 16, 17, 5, 3, 14, 11, 27, 24, 26, 0, 28, 19, 23, 32]}, {"capacity": 594, "impossibleCargos": [2, 3, 4, 6, 7, 8, 11, 12, 18, 19, 20, 22], "neighbors": [24, 31, 7, 27, 15, 34, 0, 18, 25, 3, 28, 13, 30, 11, 20, 21, 32, 2, 9]}, {"capacity": 254, "impossibleCargos": [0, 6, 7, 8, 10, 11, 12, 14, 16, 20, 21, 23], "neighbors": [10, 2, 15, 28, 29, 1, 26, 8, 31, 34, 19, 32, 14, 6, 30, 24, 22, 3, 13]}, {"capacity": 354, "impossibleCargos": [2, 3, 5, 9, 10, 11, 12, 13, 15, 19, 22], "neighbors": [33, 21, 16, 5, 12, 25, 10, 31, 19, 13, 22, 8, 29, 2, 32, 1]}, {"capacity": 291, "impossibleCargos": [6, 7, 8, 9, 13, 14, 16, 17, 18, 21, 23, 24], "neighbors": [27, 0, 21, 8, 1, 30, 11, 20, 26, 31, 17, 25, 22, 2, 18, 32, 5, 15, 4]}, {"capacity": 973, "impossibleCargos": [1, 2, 5, 7, 8, 9, 11, 12, 15, 18, 19], "neighbors": [8, 31, 25, 4, 10, 19, 32, 23, 13, 16, 5, 24, 27]}, {"capacity": 615, "impossibleCargos": [1, 2, 3, 7, 11, 12, 13, 16, 17, 18, 19, 21, 22], "neighbors": [3, 23, 13, 18, 19, 14, 10, 1, 12, 29, 2, 16, 11, 28, 25, 8, 0, 22]}, {"capacity": 213, "impossibleCargos": [2, 3, 10, 12, 13, 15, 16, 21], "neighbors": [7, 15, 12, 0, 30, 13, 26, 31, 23, 9, 19, 14, 27, 18, 17, 29, 32, 10, 21]}, {"capacity": 515, "impossibleCargos": [0, 5, 6, 7, 10, 11, 12, 13, 14, 15, 20, 23], "neighbors": [21, 3, 25, 31, 22, 0, 34, 2, 26, 20, 11, 14, 9, 1, 28, 32, 15, 13]}, {"capacity": 412, "impossibleCargos": [1, 3, 7, 9, 10, 15, 16, 17, 19, 21, 23, 24], "neighbors": [16, 33, 29, 12, 31, 8, 26, 1, 4, 0, 14, 25, 11, 15, 30, 27, 10, 17, 3, 20]}, {"capacity": 696, "impossibleCargos": [2, 3, 4, 5, 6, 11, 12, 15, 16, 17, 19, 23], "neighbors": [31, 23, 4, 34, 16, 10, 20, 27, 13, 9, 24, 18, 0, 19, 28, 30, 6, 21, 1, 14]}, {"capacity": 667, "impossibleCargos": [0, 3, 4, 7, 11, 12, 17, 19, 20, 23, 24], "neighbors": [3, 2, 32, 22, 4, 29, 24, 17, 31, 19, 23, 15, 10, 6, 33, 1, 9, 11, 7]}, {"capacity": 837, "impossibleCargos": [2, 3, 4, 5, 6, 9, 13, 14, 15, 16, 20, 21, 23, 24], "neighbors": [2, 0, 30, 16, 19, 14, 25, 12, 15, 28, 31, 34, 22, 4, 33, 9, 24, 20, 13]}, {"capacity": 292, "impossibleCargos": [1, 3, 4, 9, 10, 13, 15, 17, 18, 20, 23, 24], "neighbors": [0, 10, 17, 12, 16, 27, 25, 11, 4, 21, 15, 30, 6, 23]}, {"capacity": 712, "impossibleCargos": [0, 3, 4, 10, 11, 12, 13, 16, 18, 19, 21, 22, 23, 24], "neighbors": [30, 33, 24, 17, 26, 13, 21, 7, 31, 2, 11, 18, 1, 22]}, {"capacity": 963, "impossibleCargos": [0, 2, 3, 4, 6, 8, 11, 13, 20, 21], "neighbors": [32, 12, 27, 29, 7, 8, 22, 19, 5, 16, 34, 2, 31, 25, 17, 24, 28, 14, 6]}, {"capacity": 747, "impossibleCargos": [0, 3, 9, 10, 14, 15, 16, 17, 18, 20, 21, 22, 23, 24], "neighbors": [16, 25, 20, 24, 23, 34, 22, 5, 26, 0, 17, 19, 8, 12, 7, 29, 18, 30, 27, 9, 13, 11]}, {"capacity": 883, "impossibleCargos": [1, 2, 5, 6, 10, 11, 13, 14, 16, 17, 18, 20, 22, 23], "neighbors": [30, 1, 2, 26, 33, 8, 13, 7, 20, 4, 17, 34, 19, 10, 16, 23, 22, 18, 14, 15]}, {"capacity": 947, "impossibleCargos": [0, 1, 6, 9, 13, 16, 18], "neighbors": [1, 24, 29, 18, 32, 14, 8, 9, 4, 5, 13, 26, 27, 7, 34, 12, 6]}, {"capacity": 495, "impossibleCargos": [0, 4, 5, 6, 9, 10, 12, 14, 15, 16, 17, 22, 23], "neighbors": [5, 12, 16, 25, 4, 1, 10, 31, 6, 30, 14, 2, 23, 8, 17, 27, 32, 33]}]}