{"volumes": [741, 0, 569, 748, 751, 1446, 844, 0, 0, 522, 1447, 0, 1396, 280, 0, 0, 771, 1081, 0, 0, 341, 1236, 2681, 1931, 2120], "conflicts": [[0, 2], [0, 3], [0, 4], [0, 7], [0, 8], [0, 11], [0, 14], [0, 15], [0, 19], [0, 20], [1, 2], [1, 4], [1, 5], [1, 6], [1, 7], [1, 10], [1, 11], [1, 12], [1, 13], [1, 15], [1, 16], [1, 17], [1, 18], [1, 19], [1, 20], [1, 21], [1, 22], [1, 23], [1, 24], [2, 6], [2, 7], [2, 11], [2, 14], [2, 18], [2, 19], [3, 7], [3, 8], [3, 11], [3, 14], [3, 17], [3, 19], [3, 21], [4, 7], [4, 8], [4, 11], [4, 14], [4, 15], [4, 19], [5, 7], [5, 8], [5, 11], [5, 14], [5, 16], [5, 18], [5, 19], [5, 20], [6, 7], [6, 8], [6, 11], [6, 13], [6, 14], [6, 15], [6, 18], [6, 19], [7, 8], [7, 9], [7, 10], [7, 11], [7, 12], [7, 13], [7, 14], [7, 15], [7, 16], [7, 17], [7, 19], [7, 20], [7, 21], [7, 22], [7, 23], [7, 24], [8, 9], [8, 10], [8, 11], [8, 12], [8, 13], [8, 14], [8, 15], [8, 16], [8, 17], [8, 18], [8, 19], [8, 21], [8, 23], [9, 11], [9, 16], [10, 11], [10, 14], [10, 15], [10, 18], [10, 19], [11, 13], [11, 14], [11, 15], [11, 16], [11, 17], [11, 18], [11, 19], [11, 20], [11, 21], [11, 23], [11, 24], [12, 14], [12, 15], [12, 17], [12, 18], [12, 19], [13, 14], [13, 15], [13, 17], [13, 18], [13, 19], [14, 15], [14, 16], [14, 17], [14, 22], [14, 23], [14, 24], [15, 17], [15, 18], [15, 19], [15, 20], [15, 21], [15, 23], [15, 24], [16, 20], [17, 19], [17, 20], [18, 19], [18, 20], [18, 21], [18, 22], [18, 24], [19, 22], [19, 23], [19, 24]], "tanks": [{"capacity": 543, "impossibleCargos": [0, 1, 2, 3, 4, 5, 6, 7, 8, 9, 11, 12, 13, 14, 16, 17, 19, 22, 23], "neighbors": [29, 21, 15, 1, 12, 18, 10, 9, 20, 4, 2, 17, 31, 34]}, {"capacity": 767, "impossibleCargos": [4, 6, 8, 11, 14, 15, 17, 19], "neighbors": [4, 0, 17, 14, 30, 29, 23, 24, 31, 28, 2, 32, 8, 26, 18, 5, 10, 22, 25, 12, 34]}, {"capacity": 225, "impossibleCargos": [0, 1, 5, 6, 10, 11, 13, 17, 21, 23], "neighbors": [8, 21, 10, 4, 11, 14, 0, 23, 16, 1, 3, 6, 32, 30, 29, 27, 22, 20, 25]}, {"capacity": 854, "impossibleCargos": [1, 3, 5, 9, 11, 12, 13, 15, 16, 22, 23], "neighbors": [16, 9, 12, 11, 4, 33, 27, 29, 30, 2, 10, 7, 24]}, {"capacity": 281, "impossibleCargos": [0, 9, 10, 12, 15, 17, 18, 22, 23, 24], "neighbors": [1, 17, 2, 22, 25, 5, 21, 0, 14, 31, 3, 10, 12, 33, 27, 11, 20, 15]}, {"capacity": 759, "impossibleCargos": [0, 1, 2, 4, 5, 7, 10, 12, 15, 17, 20, 23, 24], "neighbors": [9, 12, 15, 34, 4, 16, 29, 23, 8, 17, 1, 21, 30, 25]}, {"capacity": 851, "impossibleCargos": [1, 2, 3, 5, 8, 9, 10, 15, 19, 21, 22, 24], "neighbors": [21, 25, 11, 34, 12, 20, 26, 31, 30, 29, 13, 27, 2, 17, 9, 8]}, {"capacity": 463, "impossibleCargos": [3, 6, 11, 12, 16, 17, 18, 19, 22, 23, 24], "neighbors": [12, 13, 19, 30, 25, 16, 21, 31, 3, 22]}, {"capacity": 318, "impossibleCargos": [0, 1, 2, 3, 4, 6, 7, 8, 10, 11, 12, 13, 14, 15, 16, 17, 18], "neighbors": [2, 19, 24, 17, 5, 31, 12, 27, 1, 22, 34, 23, 6, 20]}, {"capacity": 535, "impossibleCargos": [0, 2, 3, 4, 5, 6, 9, 15, 16, 18, 19, 22, 23], "neighbors": [21, 5, 23, 29, 19, 3, 34, 0, 33, 27, 10, 30, 25, 20, 32, 6, 17]}, {"capacity": 267, "impossibleCargos": [0, 7, 8, 10, 14, 15, 16, 19, 20, 21, 23, 24], "neighbors": [11, 20, 33, 0, 2, 26, 24, 30, 19, 4, 18, 21, 13, 9, 23, 31, 3, 1, 12]}, {"capacity": 391, "impossibleCargos": [2, 4, 6, 7, 8, 11, 13, 16, 17, 23, 24], "neighbors": [10, 27, 13, 6, 14, 2, 21, 3, 23, 15, 34, 19, 29, 30, 17, 20, 4]}, {"capacity": 385, "impossibleCargos": [0, 1, 2, 3, 6, 9, 10, 12, 13, 14, 16, 17, 18, 19, 22, 23, 24], "neighbors": [7, 5, 0, 31, 6, 19, 3, 8, 4, 24, 32, 16, 10, 1, 26, 15]}, {"capacity": 829, "impossibleCargos": [0, 1, 4, 5, 8, 12, 14, 15, 18, 22, 24], "neighbors": [27, 7, 34, 11, 10, 6, 14, 32, 19, 24, 26, 22, 18, 16, 33]}, {"capacity": 572, "impossibleCargos": [0, 1, 3, 4, 6, 7, 11, 15, 16, 18, 19, 20, 22, 24], "neighbors": [1, 11, 15, 32, 31, 4, 25, 2, 18, 13, 22, 24, 16]}, {"capacity": 252, "impossibleCargos": [0, 1, 2, 3, 5, 6, 8, 9, 10, 14, 17, 18, 19, 22, 24], "neighbors": [0, 25, 5, 14, 29, 33, 24, 23, 11, 21, 12, 22, 4, 34, 19]}, {"capacity": 672, "impossibleCargos": [6, 12, 14, 15, 16, 18, 19, 20, 22, 23, 24], "neighbors": [3, 7, 5, 2, 17, 29, 20, 12, 31, 14, 13, 30, 32]}, {"capacity": 930, "impossibleCargos": [0, 2, 4, 5, 6, 7, 8, 9, 11, 15, 16, 17, 18, 19], "neighbors": [25, 33, 1, 4, 24, 8, 31, 30, 26, 19, 28, 5, 16, 0, 23, 21, 6, 11, 34, 9, 29]}, {"capacity": 431, "impossibleCargos": [1, 2, 8, 10, 11, 12, 13, 14, 15, 16, 18, 19, 20, 21, 22, 24], "neighbors": [32, 0, 31, 28, 22, 27, 33, 14, 10, 23, 1, 34, 13]}, {"capacity": 690, "impossibleCargos": [1, 7, 8, 10, 14, 16, 18, 20, 21, 23], "neighbors": [28, 27, 24, 8, 7, 9, 26, 33, 21, 12, 17, 22, 10, 20, 32, 13, 11, 34, 15]}, {"capacity": 780, "impossibleCargos": [4, 5, 6, 8, 9, 13, 16, 17, 18, 22, 23], "neighbors": [26, 10, 6, 0, 32, 21, 19, 30, 22, 16, 29, 27, 9, 11, 24, 33, 8, 2, 4]}, {"capacity": 702, "impossibleCargos": [0, 1, 2, 3, 4, 6, 9, 11, 14, 15, 16, 17, 18, 19, 21, 22, 23], "neighbors": [22, 6, 0, 9, 34, 27, 2, 19, 4, 7, 11, 28, 32, 20, 10, 30, 26, 17, 15, 29, 5, 23, 33]}, {"capacity": 307, "impossibleCargos": [0, 2, 5, 6, 8, 9, 11, 16, 19, 20, 21, 23], "neighbors": [21, 4, 26, 24, 19, 18, 20, 31, 8, 14, 29, 13, 1, 2, 7, 15, 25]}, {"capacity": 921, "impossibleCargos": [0, 1, 8, 9, 12, 13, 17, 19, 21, 24], "neighbors": [29, 31, 9, 1, 30, 11, 15, 5, 2, 18, 10, 28, 17, 33, 21, 8, 25, 34, 27]}, {"capacity": 837, "impossibleCargos": [0, 2, 4, 6, 7, 8, 11, 12, 14, 15, 16, 17, 19, 20, 22], "neighbors": [33, 34, 19, 32, 17, 8, 10, 1, 15, 27, 22, 28, 12, 13, 14, 20, 3]}, {"capacity": 354, "impossibleCargos": [0, 3, 7, 8, 12, 14, 17, 21, 22, 23], "neighbors": [17, 15, 6, 7, 4, 31, 34, 14, 26, 29, 9, 32, 1, 23, 5, 22, 2]}, {"capacity": 870, "impossibleCargos": [2, 4, 5, 9, 11, 14, 19, 24], "neighbors": [20, 19, 22, 10, 32, 6, 17, 29, 25, 27, 21, 1, 13, 12]}, {"capacity": 457, "impossibleCargos": [0, 1, 5, 8, 11, 13, 14, 15, 17, 18, 20, 21, 23, 24], "neighbors": [13, 21, 19, 31, 11, 33, 24, 30, 9, 18, 26, 3, 6, 8, 32, 20, 2, 4, 23, 28]}, {"capacity": 449, "impossibleCargos": [2, 3, 4, 7, 8, 11, 13, 18, 21, 22], "neighbors": [31, 19, 30, 18, 17, 21, 24, 1, 23, 29, 32, 27, 33]}, {"capacity": 331, "impossibleCargos": [1, 3, 5, 7, 8, 9, 10, 12, 14, 18, 22], "neighbors": [30, 0, 23, 9, 34, 31, 1, 15, 5, 26, 33, 25, 6, 3, 16, 21, 22, 11, 20, 28, 2, 17]}, {"capacity": 570, "impossibleCargos": [1, 2, 6, 8, 9, 10, 14, 16, 17, 19, 24], "neighbors": [29, 7, 28, 1, 33, 17, 27, 23, 6, 10, 21, 20, 3, 9, 2, 11, 16, 5]}, {"capacity": 890, "impossibleCargos": [0, 2, 3, 4, 6, 11, 12, 14, 20, 24], "neighbors": [28, 23, 27, 29, 12, 18, 14, 25, 17, 4, 1, 6, 7, 8, 33, 22, 10, 32, 0, 16]}, {"capacity": 510, "impossibleCargos": [0, 1, 2, 3, 4, 6, 9, 10, 11, 13, 14, 17, 18, 20, 22, 24], "neighbors": [18, 33, 24, 26, 14, 20, 21, 13, 19, 1, 27, 2, 31, 25, 12, 9, 28, 16, 34]}, {"capacity": 779, "impossibleCargos": [3, 7, 10, 11, 15, 16, 17, 24], "neighbors": [24, 17, 32, 10, 19, 27, 15, 30, 9, 34, 29, 18, 3, 31, 4, 23, 20, 21, 13, 28]}, {"capacity": 519, "impossibleCargos": [0, 3, 5, 10, 12, 13, 15, 16, 19], "neighbors": [21, 24, 29, 13, 5, 9, 6, 33, 25, 11, 19, 17, 18, 0, 8, 1, 23, 15, 32]}]}