{"volumes": [901, 579, 1442, 387, 303, 554, 523, 687, 366, 0, 1468, 956, 502, 616, 1904, 1627, 317, 263, 459, 379, 1313, 1506, 571, 482, 0], "conflicts": [[0, 5], [0, 9], [0, 13], [1, 6], [1, 9], [1, 22], [1, 24], [3, 9], [3, 20], [4, 7], [5, 8], [5, 12], [5, 18], [5, 19], [6, 22], [6, 24], [7, 24], [8, 12], [8, 20], [8, 22], [8, 24], [9, 12], [9, 17], [9, 19], [9, 22], [10, 16], [10, 24], [11, 18], [12, 20], [13, 19], [13, 20], [16, 19], [20, 22], [20, 24]], "tanks": [{"capacity": 992, "impossibleCargos": [1, 2, 3, 4, 5, 6, 7, 8, 10, 11, 12, 13, 14, 15, 16, 17, 18, 19, 21, 22, 23, 24], "neighbors": [2, 5, 21, 34, 19, 25, 15, 32, 12, 13, 16]}, {"capacity": 477, "impossibleCargos": [0, 1, 2, 3, 5, 6, 7, 8, 9, 10, 11, 12, 13, 14, 15, 16, 19, 20, 21, 23, 24], "neighbors": [31, 3, 21, 7, 16, 34, 17, 25, 8, 12, 26, 33, 13, 27, 10, 2, 9]}, {"capacity": 631, "impossibleCargos": [1, 2, 3, 6, 7, 8, 9, 10, 11, 13, 15, 16, 17, 18, 19, 21, 22, 24], "neighbors": [0, 31, 15, 28, 6, 9, 11, 8, 14, 13, 3, 21, 5, 4, 1, 27]}, {"capacity": 616, "impossibleCargos": [0, 1, 3, 4, 5, 6, 7, 8, 9, 10, 11, 12, 13, 17, 18, 20, 21, 22], "neighbors": [1, 19, 6, 30, 24, 8, 2, 34, 18, 25, 27, 15, 21, 28, 16, 10, 9]}, {"capacity": 345, "impossibleCargos": [2, 4, 5, 6, 8, 9, 11, 13, 14, 18, 19, 20, 21, 22, 23, 24], "neighbors": [29, 16, 27, 22, 17, 6, 32, 15, 18, 2, 7, 33, 14]}, {"capacity": 958, "impossibleCargos": [0, 1, 2, 3, 6, 7, 8, 9, 10, 11, 12, 13, 15, 16, 18, 20, 22, 23, 24], "neighbors": [8, 0, 18, 29, 22, 19, 10, 12, 9, 20, 28, 2, 32, 16, 21, 26]}, {"capacity": 987, "impossibleCargos": [0, 1, 2, 4, 5, 6, 7, 8, 9, 10, 13, 14, 15, 16, 17, 18, 19, 20, 22, 23, 24], "neighbors": [7, 24, 3, 21, 17, 2, 33, 12, 19, 32, 22, 4, 31, 14, 20, 13, 27, 10, 26, 23]}, {"capacity": 638, "impossibleCargos": [0, 1, 2, 4, 5, 6, 7, 8, 10, 11, 12, 13, 14, 15, 16, 17, 19, 20, 22, 23, 24], "neighbors": [27, 6, 24, 12, 1, 8, 34, 22, 29, 33, 11, 26, 4, 16]}, {"capacity": 495, "impossibleCargos": [0, 1, 3, 5, 6, 8, 9, 11, 12, 13, 14, 15, 17, 18, 20, 21, 22, 23, 24], "neighbors": [11, 5, 20, 10, 26, 12, 31, 1, 2, 18, 7, 28, 3, 23, 33, 9, 16, 19, 14, 21]}, {"capacity": 214, "impossibleCargos": [0, 1, 3, 4, 7, 8, 9, 10, 11, 13, 14, 16, 17, 24], "neighbors": [12, 19, 16, 27, 18, 2, 20, 33, 14, 24, 30, 23, 8, 5, 22, 31, 15, 28, 21, 3, 1, 25]}, {"capacity": 335, "impossibleCargos": [0, 3, 4, 5, 6, 7, 8, 9, 10, 12, 14, 15, 16, 17, 19, 20, 21, 24], "neighbors": [8, 33, 26, 32, 28, 23, 16, 19, 21, 5, 20, 29, 30, 22, 25, 1, 3, 6, 27]}, {"capacity": 930, "impossibleCargos": [0, 3, 4, 5, 6, 8, 9, 10, 11, 12, 13, 14, 16, 17, 18, 19, 20, 21, 22, 23, 24], "neighbors": [8, 32, 13, 25, 2, 19, 28, 7, 14, 18, 16, 21]}, {"capacity": 383, "impossibleCargos": [0, 2, 4, 5, 6, 8, 9, 10, 11, 13, 14, 15, 16, 17, 18, 21, 22, 23], "neighbors": [9, 26, 14, 7, 33, 17, 8, 6, 16, 1, 24, 5, 18, 25, 0, 21, 31, 32, 15, 30]}, {"capacity": 313, "impossibleCargos": [0, 1, 2, 3, 5, 6, 7, 8, 9, 10, 11, 14, 16, 17, 19, 21, 23, 24], "neighbors": [11, 24, 34, 28, 31, 2, 21, 15, 33, 16, 1, 30, 0, 6, 32, 23]}, {"capacity": 788, "impossibleCargos": [0, 1, 2, 3, 6, 7, 8, 10, 12, 13, 14, 15, 17, 18, 21, 22], "neighbors": [23, 12, 30, 33, 31, 2, 9, 32, 27, 28, 8, 6, 11, 20, 4]}, {"capacity": 267, "impossibleCargos": [0, 1, 2, 5, 6, 7, 8, 11, 12, 13, 15, 18, 19, 20, 21, 22, 23, 24], "neighbors": [19, 2, 26, 29, 17, 13, 0, 28, 4, 3, 9, 12, 27]}, {"capacity": 389, "impossibleCargos": [0, 1, 2, 4, 5, 7, 9, 10, 11, 13, 16, 17, 18, 19, 21, 22, 23, 24], "neighbors": [9, 4, 1, 20, 30, 27, 10, 25, 12, 24, 31, 8, 26, 13, 28, 32, 3, 33, 11, 5, 7, 0, 22]}, {"capacity": 546, "impossibleCargos": [1, 3, 4, 5, 6, 8, 9, 10, 11, 13, 14, 15, 16, 17, 18, 19, 20, 21, 23], "neighbors": [27, 6, 12, 15, 19, 1, 21, 4, 29, 26, 24, 20, 31, 34]}, {"capacity": 540, "impossibleCargos": [0, 1, 2, 4, 6, 7, 10, 13, 15, 16, 17, 18, 20, 21, 23, 24], "neighbors": [24, 9, 5, 8, 29, 19, 28, 25, 3, 20, 12, 31, 4, 27, 11, 30]}, {"capacity": 574, "impossibleCargos": [0, 1, 5, 6, 7, 8, 11, 12, 13, 14, 15, 16, 17, 18, 19, 20], "neighbors": [15, 9, 3, 20, 24, 17, 0, 29, 11, 6, 18, 32, 10, 5, 23, 26, 8, 22, 30, 33]}, {"capacity": 292, "impossibleCargos": [0, 1, 2, 3, 4, 5, 6, 7, 8, 9, 13, 14, 15, 16, 17, 18, 19, 20, 21, 22, 24], "neighbors": [8, 19, 16, 24, 9, 31, 23, 10, 33, 18, 5, 6, 14, 17, 27]}, {"capacity": 639, "impossibleCargos": [0, 2, 3, 4, 5, 6, 7, 8, 9, 10, 11, 12, 13, 14, 15, 16, 17, 19, 20, 21, 22, 23, 24], "neighbors": [34, 1, 6, 0, 33, 28, 22, 13, 17, 10, 2, 3, 12, 27, 30, 23, 9, 5, 8, 24, 11]}, {"capacity": 323, "impossibleCargos": [0, 1, 3, 5, 6, 9, 10, 11, 14, 16, 21, 22, 23], "neighbors": [34, 29, 24, 27, 21, 32, 7, 4, 6, 5, 23, 25, 31, 19, 9, 10, 16]}, {"capacity": 564, "impossibleCargos": [0, 2, 6, 7, 8, 9, 10, 11, 12, 13, 15, 16, 17, 18, 19, 20, 21, 22, 24], "neighbors": [14, 27, 10, 8, 31, 22, 9, 20, 19, 25, 21, 6, 13]}, {"capacity": 836, "impossibleCargos": [2, 3, 4, 5, 6, 7, 8, 10, 11, 12, 13, 14, 16, 17, 18, 19, 20, 21, 22, 23, 24], "neighbors": [18, 13, 6, 7, 27, 30, 19, 20, 34, 3, 22, 12, 16, 26, 9, 28, 17, 31, 29, 21]}, {"capacity": 563, "impossibleCargos": [0, 1, 2, 3, 4, 5, 7, 8, 9, 10, 11, 12, 14, 16, 17, 20, 21, 22, 23, 24], "neighbors": [34, 11, 1, 16, 0, 28, 22, 18, 3, 12, 31, 10, 30, 23, 9]}, {"capacity": 210, "impossibleCargos": [0, 3, 8, 11, 12, 13, 14, 15, 16, 18, 19, 20, 22, 24], "neighbors": [12, 15, 8, 10, 1, 34, 24, 30, 17, 16, 19, 7, 27, 5, 6]}, {"capacity": 518, "impossibleCargos": [0, 1, 3, 4, 5, 7, 8, 9, 10, 11, 13, 16, 17, 18, 19, 20, 21, 22], "neighbors": [7, 23, 17, 24, 9, 16, 31, 30, 22, 4, 14, 32, 3, 1, 21, 6, 18, 26, 2, 20, 10, 15]}, {"capacity": 659, "impossibleCargos": [0, 1, 3, 4, 5, 6, 9, 11, 12, 13, 14, 15, 16, 17, 19, 20, 21, 22, 24], "neighbors": [2, 13, 21, 10, 8, 18, 11, 24, 25, 14, 31, 16, 15, 5, 30, 3, 29, 9]}, {"capacity": 639, "impossibleCargos": [0, 1, 3, 5, 6, 7, 10, 12, 13, 14, 15, 16, 17, 18, 19, 20, 21, 22, 23], "neighbors": [33, 34, 15, 4, 22, 19, 5, 18, 7, 17, 10, 31, 28, 24]}, {"capacity": 908, "impossibleCargos": [1, 2, 3, 4, 5, 6, 7, 9, 13, 14, 16, 17, 18, 19, 20, 22, 23], "neighbors": [32, 14, 24, 3, 16, 27, 26, 31, 34, 9, 33, 10, 13, 21, 28, 25, 19, 18, 12]}, {"capacity": 914, "impossibleCargos": [1, 2, 3, 4, 5, 8, 9, 10, 12, 13, 15, 16, 18, 19, 20, 21, 22, 23, 24], "neighbors": [1, 2, 32, 13, 20, 27, 8, 14, 30, 16, 23, 28, 29, 33, 22, 18, 25, 6, 9, 24, 12, 34, 17]}, {"capacity": 419, "impossibleCargos": [4, 5, 6, 7, 10, 12, 13, 14, 16, 18, 19, 20, 22, 24], "neighbors": [11, 30, 31, 10, 6, 22, 14, 19, 27, 34, 0, 4, 16, 5, 12, 13]}, {"capacity": 525, "impossibleCargos": [0, 2, 3, 4, 5, 6, 7, 8, 9, 11, 12, 13, 14, 16, 19, 23, 24], "neighbors": [29, 10, 21, 14, 6, 12, 9, 8, 7, 13, 30, 1, 20, 31, 16, 4, 19]}, {"capacity": 390, "impossibleCargos": [0, 2, 4, 5, 6, 7, 8, 9, 10, 11, 14, 15, 16, 19, 20, 22, 23], "neighbors": [29, 21, 25, 13, 22, 0, 24, 1, 26, 7, 3, 30, 32, 31, 17]}]}