{"volumes": [1529, 428, 781, 422, 1401, 1557, 489, 0, 0, 515, 1561, 2300, 675, 358, 894, 660, 0, 720, 403, 611, 616, 0, 0, 2125, 342], "conflicts": [[0, 7], [0, 8], [0, 21], [1, 6], [1, 7], [1, 16], [1, 21], [1, 22], [2, 8], [2, 22], [3, 7], [3, 8], [3, 9], [3, 18], [3, 20], [3, 21], [3, 22], [3, 24], [4, 7], [4, 8], [4, 13], [4, 16], [4, 21], [5, 7], [5, 8], [5, 16], [5, 22], [6, 7], [6, 15], [6, 16], [6, 17], [6, 21], [6, 22], [7, 9], [7, 10], [7, 11], [7, 13], [7, 14], [7, 15], [7, 16], [7, 17], [7, 18], [7, 19], [7, 21], [7, 22], [7, 23], [8, 11], [8, 12], [8, 15], [8, 17], [8, 19], [8, 20], [8, 22], [8, 23], [9, 14], [9, 15], [9, 22], [10, 16], [10, 21], [10, 22], [11, 21], [11, 22], [12, 21], [13, 14], [13, 16], [13, 18], [13, 21], [13, 22], [14, 16], [14, 21], [14, 22], [15, 16], [15, 20], [15, 21], [16, 17], [16, 18], [16, 19], [16, 20], [16, 21], [16, 22], [16, 24], [17, 21], [17, 22], [17, 24], [18, 22], [19, 21], [19, 22], [22, 23], [22, 24]], "tanks": [{"capacity": 277, "impossibleCargos": [0, 3, 4, 7, 9, 11, 14, 15], "neighbors": [18, 12, 22, 25, 31, 6, 4, 33, 27, 3, 26, 23, 20, 21, 9, 30, 14, 8, 28, 32, 29, 16, 10, 1]}, {"capacity": 562, "impossibleCargos": [2, 3, 10, 12, 18, 23], "neighbors": [5, 31, 32, 4, 30, 3, 16, 14, 15, 20, 23, 11, 10, 8, 9, 7, 22, 24, 17, 33, 2, 18, 0]}, {"capacity": 874, "impossibleCargos": [5, 9, 10, 22], "neighbors": [30, 24, 22, 27, 4, 3, 21, 31, 32, 26, 12, 23, 34, 20, 28, 5, 25, 7, 10, 9, 1, 14, 17]}, {"capacity": 607, "impossibleCargos": [0, 2, 12, 16, 18, 22], "neighbors": [9, 29, 24, 15, 27, 26, 4, 23, 8, 1, 0, 31, 2, 21, 19, 22, 11, 16, 25, 6, 34, 12, 28, 5, 33, 10, 17]}, {"capacity": 674, "impossibleCargos": [5, 17], "neighbors": [33, 15, 24, 14, 1, 3, 22, 7, 2, 21, 0, 30, 6, 23, 20, 29, 18, 19, 17, 11, 28, 9, 26, 8, 10, 16]}, {"capacity": 369, "impossibleCargos": [2, 3, 4, 7, 9, 12, 15, 24], "neighbors": [8, 1, 29, 22, 11, 32, 30, 10, 6, 23, 16, 33, 21, 17, 2, 18, 7, 28, 3, 12, 25, 31]}, {"capacity": 228, "impossibleCargos": [0, 2, 20, 23], "neighbors": [30, 10, 16, 22, 21, 27, 25, 14, 0, 26, 13, 4, 7, 12, 5, 32, 8, 24, 29, 18, 19, 31, 28, 3, 23]}, {"capacity": 389, "impossibleCargos": [3, 5, 6, 13], "neighbors": [11, 32, 17, 26, 34, 27, 4, 10, 33, 30, 6, 23, 9, 19, 24, 1, 14, 15, 13, 2, 5, 28, 8, 20]}, {"capacity": 448, "impossibleCargos": [5, 10, 11, 20, 21, 24], "neighbors": [34, 17, 24, 28, 5, 11, 27, 33, 9, 3, 30, 29, 14, 23, 21, 16, 6, 31, 10, 1, 26, 15, 22, 4, 18, 0, 12, 19, 32, 7]}, {"capacity": 942, "impossibleCargos": [4, 5, 8, 12, 23], "neighbors": [14, 30, 3, 17, 12, 8, 31, 15, 29, 20, 21, 32, 23, 33, 7, 28, 11, 1, 18, 4, 10, 0, 19, 13, 2, 27]}, {"capacity": 837, "impossibleCargos": [1, 2, 7, 8, 12, 16, 20], "neighbors": [6, 29, 21, 7, 5, 16, 15, 17, 22, 11, 14, 12, 1, 28, 8, 27, 9, 34, 18, 19, 24, 26, 2, 4, 33, 3, 30, 0]}, {"capacity": 714, "impossibleCargos": [6, 7, 13, 22, 23], "neighbors": [7, 34, 31, 19, 8, 26, 13, 28, 18, 5, 17, 33, 30, 10, 29, 1, 3, 4, 9, 32, 24, 25, 16, 27, 15]}, {"capacity": 562, "impossibleCargos": [0, 1, 2, 11, 20], "neighbors": [24, 9, 21, 23, 0, 30, 25, 14, 34, 33, 13, 28, 26, 19, 6, 10, 2, 15, 3, 16, 22, 20, 8, 5, 17]}, {"capacity": 520, "impossibleCargos": [10, 13, 17, 21, 22, 24], "neighbors": [15, 11, 21, 29, 26, 14, 12, 16, 31, 6, 30, 25, 22, 34, 24, 7, 33, 9, 28, 20, 17, 27]}, {"capacity": 430, "impossibleCargos": [1, 3, 5, 6, 7, 8, 9, 12, 15, 22], "neighbors": [9, 26, 24, 4, 6, 12, 15, 31, 13, 32, 27, 8, 16, 1, 34, 17, 10, 25, 29, 7, 0, 23, 21, 19, 28, 2]}, {"capacity": 899, "impossibleCargos": [1, 5, 9, 18, 21, 22], "neighbors": [13, 23, 4, 25, 22, 17, 9, 3, 28, 14, 10, 32, 1, 30, 19, 12, 29, 31, 33, 8, 7, 27, 21, 11]}, {"capacity": 698, "impossibleCargos": [0, 1, 13, 15], "neighbors": [18, 33, 6, 32, 23, 19, 1, 26, 10, 13, 14, 8, 28, 30, 29, 5, 3, 21, 17, 22, 20, 11, 12, 24, 25, 31, 27, 0, 4]}, {"capacity": 420, "impossibleCargos": [2, 4, 14, 18, 21], "neighbors": [8, 9, 7, 30, 34, 15, 27, 18, 24, 26, 11, 10, 23, 14, 4, 16, 5, 29, 28, 1, 20, 31, 13, 12, 3, 2]}, {"capacity": 464, "impossibleCargos": [0, 7, 12, 17, 20], "neighbors": [16, 19, 0, 24, 17, 11, 30, 22, 32, 20, 4, 28, 6, 29, 9, 5, 10, 8, 26, 25, 21, 1, 34]}, {"capacity": 442, "impossibleCargos": [0, 2, 4, 6, 7, 12, 18, 21], "neighbors": [30, 18, 11, 32, 33, 31, 16, 21, 20, 12, 25, 28, 29, 7, 4, 15, 3, 6, 27, 9, 10, 22, 8, 14, 24]}, {"capacity": 389, "impossibleCargos": [0, 9, 15, 16, 18, 21], "neighbors": [32, 23, 21, 9, 34, 19, 18, 4, 1, 0, 30, 2, 33, 26, 27, 16, 25, 17, 12, 13, 7, 24]}, {"capacity": 835, "impossibleCargos": [3, 17, 19], "neighbors": [34, 31, 27, 23, 12, 25, 6, 24, 28, 20, 10, 13, 4, 9, 19, 8, 30, 22, 3, 2, 5, 16, 0, 32, 14, 18, 15]}, {"capacity": 644, "impossibleCargos": [4, 5, 16, 17, 19, 20, 21, 24], "neighbors": [23, 25, 6, 15, 0, 4, 2, 5, 18, 10, 21, 34, 31, 29, 3, 13, 24, 32, 1, 16, 33, 30, 12, 8, 19, 26]}, {"capacity": 214, "impossibleCargos": [1, 9, 11, 16, 18, 20, 21, 23], "neighbors": [28, 32, 22, 21, 12, 15, 20, 3, 16, 30, 8, 9, 4, 17, 7, 25, 0, 1, 24, 5, 2, 14, 6, 29]}, {"capacity": 434, "impossibleCargos": [0, 1, 2, 10, 21, 23], "neighbors": [12, 8, 14, 18, 3, 21, 26, 32, 4, 17, 2, 29, 28, 6, 33, 23, 30, 7, 22, 27, 11, 13, 1, 16, 10, 25, 20, 19]}, {"capacity": 449, "impossibleCargos": [3, 7, 9, 14, 16, 20, 21], "neighbors": [28, 26, 22, 21, 15, 12, 0, 6, 27, 19, 33, 23, 14, 13, 3, 11, 2, 20, 16, 32, 34, 18, 24, 5, 29]}, {"capacity": 683, "impossibleCargos": [1, 2, 10, 17, 22, 23], "neighbors": [14, 25, 7, 33, 11, 24, 3, 32, 34, 17, 30, 13, 16, 12, 6, 29, 0, 2, 27, 20, 8, 4, 31, 10, 18, 28, 22]}, {"capacity": 373, "impossibleCargos": [3, 6, 7, 10, 11, 17, 21], "neighbors": [34, 21, 8, 7, 17, 3, 6, 29, 2, 25, 14, 0, 32, 31, 26, 24, 19, 20, 10, 11, 28, 33, 15, 9, 13, 16]}, {"capacity": 934, "impossibleCargos": [0, 1, 4, 6, 13, 15, 17, 22, 23], "neighbors": [23, 25, 8, 21, 11, 32, 15, 12, 24, 19, 9, 16, 33, 18, 4, 29, 10, 2, 6, 17, 27, 3, 0, 5, 31, 7, 13, 26, 14]}, {"capacity": 668, "impossibleCargos": [6, 12, 19, 21, 22, 24], "neighbors": [3, 30, 5, 10, 9, 24, 13, 27, 8, 34, 26, 19, 11, 4, 16, 22, 6, 32, 14, 28, 18, 15, 17, 33, 0, 23, 31, 25]}, {"capacity": 819, "impossibleCargos": [4, 11, 13, 18, 23, 24], "neighbors": [9, 19, 6, 17, 32, 29, 2, 12, 1, 26, 18, 8, 34, 23, 5, 7, 11, 4, 21, 33, 31, 15, 16, 13, 24, 20, 22, 0, 10]}, {"capacity": 244, "impossibleCargos": [0, 18, 21, 22, 24], "neighbors": [21, 11, 1, 9, 19, 0, 14, 13, 3, 34, 30, 22, 27, 2, 8, 6, 15, 33, 26, 17, 28, 16, 32, 29, 5]}, {"capacity": 695, "impossibleCargos": [5, 7, 9, 17, 19, 22, 24], "neighbors": [7, 20, 23, 19, 30, 1, 28, 24, 26, 16, 5, 14, 9, 15, 18, 27, 6, 2, 29, 22, 11, 21, 0, 25, 8, 31]}, {"capacity": 627, "impossibleCargos": [0, 3, 11, 16, 17], "neighbors": [16, 4, 8, 26, 19, 0, 7, 12, 11, 9, 30, 25, 28, 24, 5, 20, 22, 15, 29, 31, 34, 13, 27, 1, 3, 10]}, {"capacity": 431, "impossibleCargos": [9, 12, 16, 21, 22, 23, 24], "neighbors": [8, 21, 11, 27, 7, 17, 26, 12, 30, 29, 20, 31, 22, 14, 2, 13, 3, 10, 33, 25, 18]}]}