{"volumes": [452, 1267, 855, 380, 764, 1351, 0, 886, 208, 0, 601, 1205, 277, 1313, 0, 1092, 1292, 682, 2920, 0, 1943, 0, 0, 1738, 414], "conflicts": [[0, 6], [0, 9], [0, 14], [0, 19], [0, 21], [1, 6], [1, 9], [1, 14], [1, 22], [2, 6], [2, 9], [2, 21], [2, 24], [3, 6], [3, 9], [3, 10], [3, 12], [3, 14], [3, 22], [4, 7], [4, 9], [4, 14], [4, 17], [4, 22], [5, 9], [5, 14], [5, 19], [5, 21], [6, 7], [6, 8], [6, 9], [6, 10], [6, 11], [6, 12], [6, 13], [6, 14], [6, 16], [6, 17], [6, 18], [6, 22], [6, 23], [6, 24], [7, 9], [7, 13], [7, 14], [7, 17], [7, 19], [7, 22], [8, 10], [8, 14], [8, 19], [8, 21], [8, 22], [9, 14], [9, 15], [9, 16], [9, 17], [9, 19], [9, 20], [9, 23], [9, 24], [10, 14], [10, 19], [10, 21], [10, 22], [11, 14], [11, 19], [12, 16], [12, 21], [12, 22], [13, 19], [13, 22], [14, 15], [14, 16], [14, 18], [14, 19], [14, 20], [14, 21], [14, 22], [14, 23], [14, 24], [15, 19], [15, 22], [16, 19], [16, 24], [17, 19], [17, 22], [18, 19], [19, 20], [19, 21], [19, 22], [19, 23], [20, 22], [21, 22], [22, 24]], "tanks": [{"capacity": 783, "impossibleCargos": [1, 4, 6, 7, 8, 11, 17, 19], "neighbors": [6, 15, 9, 8, 1, 34, 4, 26, 31, 10, 7, 14, 33, 27, 32, 16, 30, 11, 28, 2, 20, 29, 13, 19, 22, 5, 21]}, {"capacity": 447, "impossibleCargos": [0, 2, 3, 11, 18, 21, 23], "neighbors": [16, 18, 14, 7, 9, 26, 27, 0, 19, 32, 17, 3, 8, 2, 20, 6, 24, 31, 11, 28, 23, 22]}, {"capacity": 400, "impossibleCargos": [8, 13, 15, 16, 18, 24], "neighbors": [29, 4, 3, 28, 21, 12, 8, 25, 10, 9, 6, 20, 32, 14, 27, 17, 0, 1, 18, 22, 23, 26, 7, 16, 34, 30, 24, 33]}, {"capacity": 695, "impossibleCargos": [2, 5, 10, 11, 13, 21], "neighbors": [12, 26, 23, 2, 25, 28, 4, 19, 6, 8, 1, 10, 20, 31, 27, 11, 32, 5, 22, 7, 30, 34, 16]}, {"capacity": 616, "impossibleCargos": [0, 2, 4, 9, 12, 14, 17], "neighbors": [2, 15, 28, 24, 6, 14, 5, 0, 10, 30, 26, 21, 7, 3, 27, 16, 19, 32, 25, 20, 33, 9, 23, 22]}, {"capacity": 630, "impossibleCargos": [3, 7, 14, 17, 20], "neighbors": [11, 27, 31, 12, 13, 7, 4, 28, 20, 17, 32, 25, 8, 9, 34, 30, 0, 3, 22, 29, 23, 19, 6, 14, 33, 15, 18]}, {"capacity": 456, "impossibleCargos": [1, 2, 7, 9, 13, 17, 19, 20, 21], "neighbors": [29, 0, 14, 22, 9, 4, 16, 23, 28, 2, 19, 3, 18, 11, 33, 20, 1, 31, 32, 7, 12, 21, 24, 13, 5, 30]}, {"capacity": 524, "impossibleCargos": [3, 4, 6, 7, 8, 9, 10, 14, 17, 19, 21], "neighbors": [24, 21, 34, 25, 1, 16, 26, 10, 23, 33, 5, 0, 4, 30, 32, 28, 18, 31, 6, 12, 29, 2, 13, 8, 9, 22, 3]}, {"capacity": 932, "impossibleCargos": [13, 20, 24], "neighbors": [13, 15, 18, 34, 32, 0, 21, 28, 25, 33, 12, 27, 2, 19, 11, 5, 3, 1, 26, 9, 29, 30, 23, 20, 14, 24, 7, 16, 31]}, {"capacity": 748, "impossibleCargos": [1, 3, 7, 8, 16, 20], "neighbors": [13, 10, 12, 0, 25, 1, 11, 6, 19, 15, 2, 32, 27, 24, 31, 21, 8, 22, 20, 18, 5, 14, 4, 7, 23]}, {"capacity": 384, "impossibleCargos": [2, 5, 7, 9, 13, 14, 19, 21, 24], "neighbors": [9, 34, 7, 30, 24, 22, 4, 16, 0, 14, 2, 17, 23, 27, 33, 26, 12, 3, 19, 15, 31, 29, 28, 18, 11, 13]}, {"capacity": 475, "impossibleCargos": [2, 9, 23, 24], "neighbors": [5, 17, 29, 9, 14, 13, 18, 33, 27, 8, 34, 0, 31, 6, 25, 15, 28, 3, 32, 20, 19, 1, 24, 10, 30]}, {"capacity": 735, "impossibleCargos": [9, 10, 12, 14, 16], "neighbors": [3, 9, 16, 2, 5, 24, 8, 17, 30, 26, 21, 19, 23, 18, 10, 34, 27, 7, 6, 33, 20, 29, 25]}, {"capacity": 641, "impossibleCargos": [0, 3, 7, 9, 13, 15, 20, 21, 23], "neighbors": [30, 9, 8, 26, 24, 32, 15, 31, 5, 16, 27, 11, 23, 14, 0, 17, 19, 18, 33, 34, 7, 6, 22, 25, 29, 10]}, {"capacity": 237, "impossibleCargos": [1, 2, 5, 17, 20, 21], "neighbors": [16, 24, 6, 1, 27, 11, 23, 4, 22, 29, 0, 10, 2, 31, 20, 15, 13, 28, 9, 8, 30, 33, 34, 5, 19, 32]}, {"capacity": 288, "impossibleCargos": [1, 5, 23], "neighbors": [17, 18, 8, 31, 13, 0, 4, 27, 33, 28, 19, 9, 23, 29, 26, 16, 24, 14, 20, 11, 10, 21, 32, 30, 5]}, {"capacity": 908, "impossibleCargos": [17, 18, 22, 23], "neighbors": [26, 1, 28, 14, 30, 33, 12, 7, 13, 6, 10, 0, 4, 15, 18, 24, 34, 21, 17, 31, 2, 29, 25, 8, 22, 3]}, {"capacity": 605, "impossibleCargos": [7, 10, 13], "neighbors": [15, 22, 25, 30, 11, 23, 12, 18, 5, 29, 21, 1, 10, 31, 2, 32, 33, 13, 20, 16, 28, 24, 26]}, {"capacity": 218, "impossibleCargos": [4, 12, 15, 17, 19], "neighbors": [15, 22, 1, 26, 8, 29, 25, 24, 23, 32, 11, 17, 34, 6, 30, 33, 12, 7, 2, 27, 16, 28, 19, 9, 13, 10, 20, 5]}, {"capacity": 630, "impossibleCargos": [1, 2, 3, 4, 21], "neighbors": [31, 34, 15, 9, 23, 20, 24, 30, 1, 33, 8, 3, 6, 12, 4, 18, 0, 10, 32, 13, 27, 11, 5, 14]}, {"capacity": 697, "impossibleCargos": [3, 7, 14, 16, 17, 20, 23, 24], "neighbors": [23, 33, 28, 30, 27, 19, 5, 31, 29, 2, 14, 22, 0, 15, 1, 6, 9, 4, 17, 3, 21, 12, 32, 11, 8, 18]}, {"capacity": 883, "impossibleCargos": [1, 2, 4, 6, 10, 21, 24], "neighbors": [7, 2, 8, 27, 24, 28, 33, 4, 17, 12, 29, 9, 23, 31, 16, 20, 34, 15, 6, 0, 30]}, {"capacity": 252, "impossibleCargos": [1, 2, 5, 12, 14, 17, 21, 24], "neighbors": [17, 18, 6, 24, 34, 25, 33, 14, 10, 23, 20, 9, 2, 27, 0, 5, 3, 4, 13, 7, 16, 1]}, {"capacity": 823, "impossibleCargos": [1, 6, 10, 12, 22, 24], "neighbors": [20, 3, 17, 7, 14, 18, 33, 6, 31, 19, 34, 13, 25, 22, 15, 26, 30, 12, 10, 29, 21, 2, 28, 8, 5, 4, 24, 1, 9]}, {"capacity": 931, "impossibleCargos": [3, 5, 9, 14, 17, 20, 24], "neighbors": [7, 34, 13, 14, 22, 4, 18, 21, 33, 10, 27, 12, 29, 19, 9, 26, 15, 30, 16, 1, 6, 11, 8, 17, 2, 23, 25]}, {"capacity": 566, "impossibleCargos": [17, 18], "neighbors": [17, 7, 33, 9, 18, 22, 27, 3, 8, 23, 2, 26, 5, 29, 34, 11, 4, 16, 13, 12, 32, 28, 24, 31]}, {"capacity": 790, "impossibleCargos": [1, 3, 10, 12, 16, 21, 22, 24], "neighbors": [16, 3, 13, 18, 7, 1, 29, 0, 4, 32, 12, 23, 15, 25, 10, 24, 34, 8, 2, 33, 17]}, {"capacity": 687, "impossibleCargos": [2, 6, 9, 19, 20, 22], "neighbors": [5, 15, 14, 21, 13, 25, 20, 24, 1, 8, 32, 11, 0, 28, 9, 34, 4, 10, 2, 29, 18, 22, 12, 3, 19, 33]}, {"capacity": 216, "impossibleCargos": [0, 2, 3, 11, 12, 13, 16, 17, 18, 22], "neighbors": [16, 20, 2, 4, 21, 32, 15, 8, 5, 6, 3, 30, 27, 29, 31, 7, 0, 14, 18, 23, 11, 10, 17, 1, 25]}, {"capacity": 972, "impossibleCargos": [4, 5, 9, 13, 18, 19, 20, 24], "neighbors": [2, 6, 33, 18, 11, 26, 24, 14, 31, 32, 17, 15, 20, 21, 28, 25, 23, 27, 0, 8, 10, 7, 16, 5, 12, 30, 13, 34]}, {"capacity": 723, "impossibleCargos": [0, 2, 3, 6, 9, 17, 18, 24], "neighbors": [13, 16, 17, 20, 10, 31, 4, 19, 34, 12, 28, 7, 23, 18, 0, 24, 5, 8, 32, 14, 2, 29, 11, 15, 3, 6, 21]}, {"capacity": 614, "impossibleCargos": [1, 5, 7, 10, 14, 21, 24], "neighbors": [19, 15, 13, 5, 30, 23, 0, 29, 20, 17, 28, 32, 14, 9, 11, 21, 7, 6, 10, 3, 16, 1, 34, 8, 25]}, {"capacity": 682, "impossibleCargos": [8, 13, 17, 21, 22, 23], "neighbors": [13, 8, 28, 34, 18, 27, 26, 5, 29, 0, 1, 7, 9, 2, 31, 17, 4, 19, 6, 3, 20, 33, 11, 30, 15, 25, 14]}, {"capacity": 378, "impossibleCargos": [2, 4, 8, 9, 11, 12, 14, 23, 24], "neighbors": [16, 20, 29, 25, 7, 24, 15, 23, 34, 22, 8, 11, 21, 0, 19, 18, 10, 6, 17, 4, 12, 13, 27, 32, 26, 14, 2, 5]}, {"capacity": 833, "impossibleCargos": [3, 4, 8, 18, 21, 24], "neighbors": [24, 19, 7, 8, 10, 22, 33, 32, 0, 23, 30, 18, 27, 11, 26, 12, 25, 16, 5, 21, 2, 13, 14, 31, 3, 29]}]}