{"volumes": [0, 1389, 2368, 1811, 2540, 1845, 552, 0, 687, 0, 0, 1271, 0, 199, 854, 1763, 0, 0, 822, 233, 742, 0, 659, 315, 223], "conflicts": [[0, 18], [0, 22], [1, 12], [1, 21], [2, 16], [3, 12], [4, 7], [4, 9], [5, 16], [5, 21], [6, 7], [6, 9], [6, 16], [6, 19], [7, 10], [7, 13], [7, 15], [7, 17], [7, 18], [7, 22], [8, 12], [8, 16], [8, 17], [9, 10], [9, 12], [9, 19], [9, 20], [9, 21], [10, 12], [10, 14], [10, 16], [10, 18], [10, 22], [10, 23], [11, 16], [12, 13], [12, 19], [12, 22], [12, 23], [14, 16], [14, 19], [15, 16], [16, 19], [17, 18], [17, 19]], "tanks": [{"capacity": 236, "impossibleCargos": [0, 1, 3, 4, 5, 7, 8, 9, 10, 13, 14, 15, 18, 19, 21, 23], "neighbors": [8, 18, 33, 5, 32, 20, 23, 2, 13, 28, 14, 6, 21, 22, 3, 10, 26, 12, 34, 31, 17]}, {"capacity": 341, "impossibleCargos": [1, 2, 3, 6, 11, 12, 13, 19, 22, 23, 24], "neighbors": [7, 6, 3, 14, 8, 5, 25, 34, 21, 28, 17, 15, 4, 18, 19, 10, 2, 24, 32, 11, 33]}, {"capacity": 246, "impossibleCargos": [0, 1, 2, 3, 5, 6, 7, 9, 10, 12, 13, 14, 17, 18, 21, 23], "neighbors": [20, 28, 8, 14, 18, 10, 31, 0, 17, 9, 27, 19, 7, 6, 30, 15, 23, 34, 32, 22, 16, 33, 3, 21, 26, 11, 12, 24, 1, 25]}, {"capacity": 1000, "impossibleCargos": [2, 3, 6, 7, 9, 10, 13, 14, 15, 17, 18, 19, 23], "neighbors": [19, 5, 28, 7, 29, 31, 15, 1, 17, 8, 16, 6, 20, 26, 4, 11, 30, 18, 12, 24, 32, 9, 0, 2, 14, 22, 33, 13, 23]}, {"capacity": 873, "impossibleCargos": [0, 1, 3, 5, 7, 8, 10, 11, 13, 17, 18, 22], "neighbors": [6, 32, 18, 25, 23, 24, 30, 19, 8, 12, 14, 31, 33, 20, 3, 9, 13, 17, 5, 1, 11, 27, 7, 16, 34, 29, 21, 10]}, {"capacity": 209, "impossibleCargos": [1, 5, 7, 9, 10, 11, 14, 16, 17], "neighbors": [3, 15, 26, 0, 22, 27, 10, 25, 1, 18, 34, 4, 19, 31, 9, 24, 33, 32, 23, 6, 20, 30]}, {"capacity": 311, "impossibleCargos": [0, 1, 2, 3, 9, 10, 13, 15, 18, 20, 21, 22, 23, 24], "neighbors": [4, 27, 10, 22, 13, 25, 8, 20, 1, 23, 24, 11, 3, 2, 12, 26, 32, 21, 33, 0, 14, 15, 31, 9, 34, 7, 5]}, {"capacity": 756, "impossibleCargos": [3, 5, 7, 9, 12, 13, 15, 16, 19, 23, 24], "neighbors": [12, 1, 21, 8, 17, 13, 3, 26, 24, 28, 20, 15, 2, 29, 9, 11, 34, 30, 25, 14, 4, 6, 10, 16]}, {"capacity": 558, "impossibleCargos": [1, 4, 5, 9, 17, 20, 21, 22], "neighbors": [0, 7, 18, 19, 12, 6, 17, 2, 4, 16, 34, 27, 21, 22, 29, 3, 32, 9, 1, 28, 24, 15, 26, 33, 10, 30, 11, 25, 14, 31]}, {"capacity": 796, "impossibleCargos": [1, 2, 3, 7, 8, 11, 12, 14, 15, 16, 17, 18, 22, 23], "neighbors": [34, 23, 28, 27, 16, 31, 8, 20, 13, 2, 29, 25, 4, 32, 7, 26, 3, 30, 19, 5, 15, 6, 33, 10]}, {"capacity": 952, "impossibleCargos": [0, 4, 12, 15, 19, 21, 24], "neighbors": [6, 32, 17, 34, 25, 26, 13, 2, 27, 5, 30, 16, 33, 19, 21, 0, 28, 23, 8, 1, 22, 4, 7, 18, 9]}, {"capacity": 600, "impossibleCargos": [2, 3, 4, 7, 9, 13, 14, 15, 16, 17, 19, 20, 21, 22, 23], "neighbors": [21, 12, 30, 18, 19, 23, 6, 25, 17, 28, 31, 3, 14, 24, 32, 7, 4, 27, 26, 33, 2, 8, 1]}, {"capacity": 781, "impossibleCargos": [0, 8, 11, 12, 13, 14, 17, 18, 20], "neighbors": [7, 28, 19, 11, 31, 8, 21, 4, 16, 33, 15, 27, 22, 6, 20, 3, 0, 26, 34, 13, 32, 29, 2, 18, 25]}, {"capacity": 807, "impossibleCargos": [1, 2, 3, 5, 8, 10, 19, 20, 22, 23, 24], "neighbors": [24, 34, 6, 7, 29, 10, 14, 26, 28, 9, 0, 21, 25, 4, 32, 19, 17, 20, 22, 33, 15, 12, 3, 27, 18, 23]}, {"capacity": 791, "impossibleCargos": [3, 12, 13, 23], "neighbors": [16, 20, 26, 24, 23, 2, 13, 1, 4, 15, 11, 0, 30, 21, 33, 25, 17, 6, 7, 29, 31, 18, 3, 8, 19, 34]}, {"capacity": 580, "impossibleCargos": [0, 1, 3, 5, 9, 10, 11, 13, 14, 16, 17, 22, 23], "neighbors": [31, 18, 5, 25, 3, 23, 20, 7, 12, 14, 32, 24, 2, 26, 8, 1, 30, 17, 13, 6, 22, 19, 28, 9, 34, 16]}, {"capacity": 324, "impossibleCargos": [3, 7, 10, 15, 16, 17, 18, 19, 20, 24], "neighbors": [14, 32, 25, 9, 8, 27, 34, 33, 12, 3, 24, 10, 29, 31, 20, 2, 17, 4, 26, 18, 15, 7]}, {"capacity": 854, "impossibleCargos": [0, 3, 5, 8, 9, 10, 15, 17, 19, 20, 21, 22, 23], "neighbors": [21, 10, 7, 8, 22, 34, 3, 2, 11, 29, 19, 25, 30, 20, 1, 27, 13, 4, 14, 15, 16, 32, 28, 0, 24]}, {"capacity": 394, "impossibleCargos": [0, 3, 4, 5, 6, 8, 9, 10, 11, 12, 15, 20, 21, 22, 24], "neighbors": [15, 4, 20, 8, 0, 22, 11, 27, 2, 31, 34, 30, 5, 3, 26, 24, 25, 21, 1, 23, 14, 12, 33, 13, 16, 10]}, {"capacity": 682, "impossibleCargos": [1, 5, 6, 7, 8, 9, 10, 11, 12, 15, 16, 17, 18, 21, 24], "neighbors": [3, 25, 29, 12, 26, 8, 28, 31, 4, 11, 32, 23, 21, 30, 17, 2, 10, 13, 9, 5, 15, 1, 14, 27, 22]}, {"capacity": 694, "impossibleCargos": [2, 3, 5, 7, 12, 16, 18, 19, 20, 23, 24], "neighbors": [2, 31, 18, 14, 23, 6, 0, 15, 7, 9, 34, 4, 3, 32, 29, 12, 17, 22, 25, 16, 24, 13, 28, 5]}, {"capacity": 510, "impossibleCargos": [4, 6, 8, 12, 15, 17, 19, 23, 24], "neighbors": [29, 24, 11, 7, 17, 27, 12, 8, 23, 19, 30, 13, 32, 1, 31, 14, 10, 6, 18, 0, 26, 2, 33, 22, 28, 4, 34]}, {"capacity": 739, "impossibleCargos": [1, 2, 3, 6, 9, 10, 12, 14, 17, 18, 19, 21, 23], "neighbors": [6, 18, 24, 5, 17, 8, 29, 27, 12, 20, 2, 0, 13, 23, 33, 15, 21, 10, 3, 19, 32, 30]}, {"capacity": 453, "impossibleCargos": [0, 1, 5, 6, 8, 9, 11, 14, 16, 17, 18, 19, 20], "neighbors": [30, 9, 20, 4, 14, 6, 33, 21, 19, 25, 11, 15, 0, 29, 27, 2, 32, 24, 22, 10, 31, 18, 5, 13, 3]}, {"capacity": 276, "impossibleCargos": [1, 2, 4, 5, 8, 15, 16, 17, 18, 19, 22, 23, 24], "neighbors": [13, 21, 32, 22, 29, 4, 14, 6, 7, 30, 8, 34, 16, 15, 31, 28, 11, 33, 25, 3, 18, 20, 23, 5, 2, 1, 27, 17]}, {"capacity": 713, "impossibleCargos": [1, 2, 3, 4, 7, 8, 9, 12, 13, 16, 17, 20, 22], "neighbors": [19, 28, 15, 4, 16, 6, 10, 29, 23, 11, 5, 34, 13, 9, 1, 17, 26, 20, 24, 18, 14, 7, 31, 30, 8, 12, 27, 2]}, {"capacity": 428, "impossibleCargos": [0, 2, 6, 8, 12, 13, 14, 16, 18, 19, 20, 22, 23], "neighbors": [19, 5, 32, 28, 14, 33, 7, 10, 13, 3, 6, 27, 25, 15, 18, 9, 8, 0, 12, 21, 29, 11, 2, 16, 34, 30, 31]}, {"capacity": 562, "impossibleCargos": [2, 3, 4, 6, 7, 11, 13, 18, 20, 21, 24], "neighbors": [6, 9, 21, 18, 34, 5, 16, 8, 10, 22, 12, 2, 31, 23, 28, 30, 26, 33, 17, 11, 4, 24, 13, 25, 19]}, {"capacity": 489, "impossibleCargos": [2, 3, 4, 8, 13, 16, 18, 21, 22, 23], "neighbors": [31, 12, 25, 26, 9, 19, 2, 3, 7, 8, 13, 0, 11, 27, 32, 24, 1, 20, 10, 15, 21, 17, 34]}, {"capacity": 243, "impossibleCargos": [0, 1, 3, 5, 6, 10, 11, 12, 13, 14, 15, 17, 20, 21, 23], "neighbors": [21, 19, 24, 3, 31, 13, 25, 8, 22, 34, 9, 17, 7, 16, 23, 20, 26, 14, 12, 4, 30]}, {"capacity": 207, "impossibleCargos": [0, 2, 3, 8, 9, 12, 16, 18, 19, 20, 23], "neighbors": [23, 31, 11, 4, 34, 24, 19, 21, 10, 18, 33, 3, 14, 2, 27, 17, 9, 15, 32, 7, 8, 25, 26, 29, 22, 5]}, {"capacity": 955, "impossibleCargos": [1, 3, 4, 6, 8, 9, 12, 13, 14, 15, 16, 17, 20, 21, 22], "neighbors": [28, 15, 20, 12, 30, 19, 3, 29, 18, 9, 2, 34, 4, 11, 27, 21, 24, 16, 25, 5, 23, 33, 6, 14, 32, 8, 0, 26]}, {"capacity": 383, "impossibleCargos": [1, 2, 3, 5, 6, 7, 8, 9, 11, 12, 13, 15, 16, 17, 18, 19, 21, 23], "neighbors": [4, 10, 16, 26, 24, 33, 0, 19, 8, 21, 15, 20, 28, 9, 23, 6, 11, 13, 2, 3, 30, 17, 5, 12, 34, 31, 1, 22]}, {"capacity": 641, "impossibleCargos": [5, 7, 9, 10, 12, 13, 20, 22, 23], "neighbors": [0, 26, 32, 23, 16, 12, 4, 30, 10, 24, 27, 14, 6, 34, 13, 2, 8, 21, 5, 22, 31, 11, 9, 3, 18, 1]}, {"capacity": 477, "impossibleCargos": [0, 1, 3, 5, 8, 13, 14, 15, 16, 17, 21], "neighbors": [9, 13, 10, 27, 8, 17, 16, 30, 31, 20, 18, 24, 29, 25, 1, 2, 5, 7, 33, 12, 32, 15, 6, 0, 4, 26, 28, 14, 21]}]}