{"volumes": [1525, 169, 737, 938, 1181, 0, 0, 519, 0, 633, 2189, 503, 1177, 597, 336, 0, 0, 527, 702, 843, 1005, 319, 759, 370, 482], "conflicts": [[0, 5], [0, 8], [0, 19], [1, 2], [1, 3], [1, 9], [1, 16], [1, 18], [1, 22], [2, 3], [2, 5], [2, 6], [2, 9], [2, 21], [2, 23], [2, 24], [3, 7], [3, 12], [3, 14], [3, 15], [3, 16], [3, 17], [3, 18], [3, 23], [4, 5], [4, 6], [4, 16], [4, 17], [4, 19], [4, 21], [5, 6], [5, 7], [5, 8], [5, 9], [5, 11], [5, 12], [5, 13], [5, 14], [5, 16], [5, 23], [6, 7], [6, 8], [6, 9], [6, 11], [6, 12], [6, 13], [6, 14], [6, 15], [6, 16], [6, 21], [6, 23], [7, 22], [8, 11], [8, 12], [8, 13], [8, 14], [8, 17], [8, 18], [8, 19], [8, 22], [8, 24], [9, 11], [9, 13], [9, 24], [10, 11], [10, 15], [10, 20], [11, 13], [11, 14], [11, 15], [11, 18], [11, 19], [11, 23], [12, 13], [12, 15], [12, 17], [12, 21], [12, 23], [13, 16], [13, 17], [13, 19], [14, 18], [14, 20], [14, 23], [15, 18], [15, 21], [15, 22], [16, 18], [16, 19], [16, 20], [16, 22], [16, 24], [17, 18], [17, 23], [18, 23], [19, 21], [19, 22], [20, 24], [21, 23], [22, 23], [23, 24]], "tanks": [{"capacity": 489, "impossibleCargos": [4, 7, 11, 23], "neighbors": [10, 28, 25, 23, 2]}, {"capacity": 361, "impossibleCargos": [1, 4, 6, 9, 12, 15, 23, 24], "neighbors": [14, 10, 31, 17, 28, 24]}, {"capacity": 349, "impossibleCargos": [0, 1, 3, 15, 19, 20, 21, 24], "neighbors": [8, 20, 12, 27, 24, 26, 29, 23, 0]}, {"capacity": 486, "impossibleCargos": [2, 3, 10, 15, 16, 18, 21, 24], "neighbors": [10, 25, 19, 27, 21, 4, 15, 28]}, {"capacity": 368, "impossibleCargos": [0, 1, 7, 13, 17, 18, 24], "neighbors": [32, 34, 3, 12, 6, 22]}, {"capacity": 210, "impossibleCargos": [4, 8, 17, 19, 20, 21, 22, 24], "neighbors": [24, 8, 26, 23, 29, 31, 25, 6, 14, 11, 20]}, {"capacity": 757, "impossibleCargos": [1, 3, 4, 5, 7, 12, 14, 15, 19, 23], "neighbors": [32, 22, 31, 11, 21, 5, 12, 23, 15, 4, 17, 16]}, {"capacity": 745, "impossibleCargos": [4, 9, 12, 17, 23], "neighbors": [9, 32, 33, 27, 25, 24, 13, 29]}, {"capacity": 240, "impossibleCargos": [2, 3, 10, 14, 20, 22], "neighbors": [5, 2, 14, 34, 21, 32, 22, 12, 15]}, {"capacity": 981, "impossibleCargos": [7, 9, 20], "neighbors": [24, 7, 22, 34, 20, 16, 14, 27]}, {"capacity": 644, "impossibleCargos": [2, 6, 8, 21], "neighbors": [3, 25, 1, 0, 16, 12, 28, 14, 32]}, {"capacity": 216, "impossibleCargos": [1, 18, 21], "neighbors": [6, 25, 5]}, {"capacity": 578, "impossibleCargos": [6, 7, 10, 13, 14, 22], "neighbors": [29, 25, 24, 30, 17, 2, 19, 14, 4, 10, 6, 20, 8]}, {"capacity": 932, "impossibleCargos": [2, 10, 12, 14, 17], "neighbors": [21, 7, 17, 15, 30]}, {"capacity": 334, "impossibleCargos": [0, 9, 12, 14, 17, 23], "neighbors": [1, 17, 28, 8, 12, 15, 18, 9, 26, 5, 10]}, {"capacity": 949, "impossibleCargos": [0, 4, 6, 13, 19, 21], "neighbors": [20, 24, 14, 3, 28, 6, 8, 13, 22]}, {"capacity": 551, "impossibleCargos": [0, 8, 11, 12, 14, 15, 17, 18, 21, 23, 24], "neighbors": [30, 10, 31, 23, 9, 34, 6]}, {"capacity": 325, "impossibleCargos": [2, 6, 9, 11, 17, 18, 19, 22], "neighbors": [14, 34, 12, 24, 18, 1, 23, 13, 32, 6]}, {"capacity": 775, "impossibleCargos": [6, 14, 16, 20, 23], "neighbors": [25, 21, 17, 30, 14, 28]}, {"capacity": 692, "impossibleCargos": [10, 11, 19], "neighbors": [34, 3, 23, 12, 31, 26]}, {"capacity": 836, "impossibleCargos": [1, 3, 5, 9, 10, 12, 20], "neighbors": [24, 33, 15, 2, 26, 9, 12, 5, 28]}, {"capacity": 536, "impossibleCargos": [9, 17, 18, 23, 24], "neighbors": [18, 31, 3, 8, 6, 30, 13, 25]}, {"capacity": 497, "impossibleCargos": [3, 4, 5, 7, 16, 18, 24], "neighbors": [6, 9, 33, 28, 25, 34, 8, 26, 4, 15]}, {"capacity": 480, "impossibleCargos": [0, 7, 12, 14, 15], "neighbors": [19, 24, 0, 5, 16, 33, 2, 17, 6]}, {"capacity": 527, "impossibleCargos": [9, 15, 17, 22], "neighbors": [9, 5, 20, 12, 27, 23, 28, 2, 15, 32, 17, 7, 1]}, {"capacity": 300, "impossibleCargos": [1, 4, 5, 9, 11, 16, 18], "neighbors": [10, 3, 12, 18, 0, 11, 5, 7, 22, 21, 27]}, {"capacity": 405, "impossibleCargos": [5, 6, 11, 13, 15, 16, 18, 23], "neighbors": [29, 30, 5, 20, 2, 31, 14, 19, 22]}, {"capacity": 906, "impossibleCargos": [14, 17, 21], "neighbors": [33, 24, 7, 3, 2, 9, 25, 29]}, {"capacity": 276, "impossibleCargos": [4, 5, 6, 12, 13, 15], "neighbors": [0, 14, 24, 22, 15, 18, 29, 10, 1, 3, 20]}, {"capacity": 628, "impossibleCargos": [1, 7, 14, 24], "neighbors": [26, 12, 5, 2, 7, 28, 27]}, {"capacity": 951, "impossibleCargos": [1, 5, 8, 10, 11, 13, 18, 24], "neighbors": [26, 16, 12, 33, 21, 18, 13]}, {"capacity": 624, "impossibleCargos": [2, 3, 23], "neighbors": [6, 33, 21, 16, 1, 5, 26, 19]}, {"capacity": 978, "impossibleCargos": [1, 3, 5, 6, 7, 8, 11, 19, 21], "neighbors": [6, 7, 4, 33, 34, 24, 8, 17, 10]}, {"capacity": 809, "impossibleCargos": [1, 15, 16, 17, 18, 19, 20], "neighbors": [7, 20, 32, 27, 31, 22, 30, 23]}, {"capacity": 497, "impossibleCargos": [0, 1, 4, 6, 24], "neighbors": [17, 19, 32, 4, 9, 8, 16, 22]}]}