{"volumes": [0, 0, 804, 863, 0, 265, 2176, 553, 476, 524, 0, 1365, 1303, 573, 475, 816, 1459, 986, 0, 1005, 492, 906, 0, 0, 469], "conflicts": [[0, 1], [0, 2], [0, 4], [0, 5], [0, 7], [0, 8], [0, 9], [0, 11], [0, 12], [0, 13], [0, 14], [0, 17], [0, 18], [0, 19], [0, 21], [0, 22], [0, 24], [1, 3], [1, 6], [1, 7], [1, 9], [1, 10], [1, 11], [1, 12], [1, 13], [1, 14], [1, 15], [1, 17], [1, 18], [1, 20], [1, 21], [1, 23], [1, 24], [2, 3], [2, 4], [2, 7], [2, 8], [2, 9], [2, 10], [2, 14], [2, 18], [2, 20], [2, 22], [2, 23], [2, 24], [3, 9], [3, 10], [3, 11], [3, 15], [3, 20], [3, 22], [4, 5], [4, 6], [4, 9], [4, 10], [4, 12], [4, 13], [4, 16], [4, 17], [4, 18], [4, 19], [4, 22], [4, 23], [4, 24], [5, 7], [5, 8], [5, 9], [5, 10], [5, 11], [5, 12], [5, 14], [5, 15], [5, 16], [5, 18], [5, 19], [5, 20], [5, 22], [5, 23], [5, 24], [6, 8], [6, 10], [6, 14], [6, 18], [6, 24], [7, 8], [7, 9], [7, 10], [7, 13], [7, 14], [7, 21], [7, 22], [7, 24], [8, 9], [8, 12], [8, 15], [8, 18], [8, 19], [8, 20], [8, 21], [8, 23], [8, 24], [9, 10], [9, 14], [9, 15], [9, 18], [9, 22], [9, 23], [10, 12], [10, 13], [10, 14], [10, 15], [10, 16], [10, 17], [10, 18], [10, 19], [10, 20], [10, 21], [10, 23], [10, 24], [11, 17], [11, 18], [11, 21], [11, 22], [11, 23], [11, 24], [12, 16], [12, 20], [12, 22], [13, 15], [13, 20], [14, 16], [14, 18], [14, 22], [14, 23], [14, 24], [15, 18], [15, 21], [15, 23], [15, 24], [16, 18], [16, 20], [16, 22], [17, 18], [17, 21], [17, 23], [18, 19], [18, 20], [18, 21], [18, 23], [19, 22], [19, 23], [20, 21], [20, 22], [20, 23], [20, 24], [21, 22], [21, 24], [22, 24], [23, 24]], "tanks": [{"capacity": 348, "impossibleCargos": [4, 7, 11, 21, 22], "neighbors": [1, 25, 32, 17, 11]}, {"capacity": 429, "impossibleCargos": [6, 14, 18, 23, 24], "neighbors": [23, 0, 33, 28, 18, 9, 8, 13, 26]}, {"capacity": 970, "impossibleCargos": [1, 2, 6, 17, 18, 19, 20], "neighbors": [12, 18, 24, 29, 14, 3, 25, 22, 27, 21, 9, 6, 8, 11, 5, 23]}, {"capacity": 833, "impossibleCargos": [0, 3, 8, 9, 14], "neighbors": [26, 2, 28, 29, 18, 12, 31, 4]}, {"capacity": 963, "impossibleCargos": [2, 3, 9, 10, 13, 15, 16, 22], "neighbors": [13, 9, 14, 25, 17, 3]}, {"capacity": 443, "impossibleCargos": [1, 5, 9, 13, 15, 16, 24], "neighbors": [20, 15, 33, 10, 23, 29, 22, 2]}, {"capacity": 577, "impossibleCargos": [0, 18, 19], "neighbors": [30, 2, 8, 29, 21]}, {"capacity": 964, "impossibleCargos": [4, 9, 10, 12, 15, 16, 18, 23, 24], "neighbors": [10, 11, 26]}, {"capacity": 371, "impossibleCargos": [1, 2, 4, 10, 11, 17, 19, 22, 23, 24], "neighbors": [23, 31, 34, 16, 25, 27, 1, 6, 2, 17]}, {"capacity": 491, "impossibleCargos": [2, 4, 5, 17, 23, 24], "neighbors": [30, 4, 25, 33, 21, 19, 1, 24, 27, 26, 17, 2, 13, 29]}, {"capacity": 650, "impossibleCargos": [4, 7, 10, 16, 17, 18, 22], "neighbors": [21, 7, 12, 16, 5]}, {"capacity": 633, "impossibleCargos": [2, 3, 7, 18, 20, 24], "neighbors": [27, 23, 31, 14, 26, 0, 7, 17, 2, 12]}, {"capacity": 936, "impossibleCargos": [1, 8, 13, 17, 22, 23], "neighbors": [2, 34, 29, 28, 15, 10, 3, 22, 11]}, {"capacity": 575, "impossibleCargos": [0, 2, 5, 11, 24], "neighbors": [19, 4, 23, 27, 1, 9, 21]}, {"capacity": 537, "impossibleCargos": [0, 1, 3, 4, 17, 18, 19, 22, 23, 24], "neighbors": [2, 4, 20, 11, 15, 26, 25, 17]}, {"capacity": 434, "impossibleCargos": [4, 7, 17, 19, 23], "neighbors": [5, 28, 12, 14, 22]}, {"capacity": 364, "impossibleCargos": [5, 15, 20, 23], "neighbors": [26, 32, 8, 30, 10]}, {"capacity": 513, "impossibleCargos": [2, 6, 8, 13, 15, 18, 19, 20, 21], "neighbors": [23, 33, 19, 20, 28, 0, 4, 9, 11, 30, 14, 8, 25]}, {"capacity": 427, "impossibleCargos": [0, 3, 5, 10, 14, 18, 20, 24], "neighbors": [2, 1, 3, 29, 20, 22]}, {"capacity": 780, "impossibleCargos": [4, 6, 7, 10, 11, 15, 16], "neighbors": [13, 17, 9, 26, 21, 33, 23]}, {"capacity": 789, "impossibleCargos": [5, 7, 13, 15, 21], "neighbors": [5, 17, 22, 33, 14, 18]}, {"capacity": 649, "impossibleCargos": [2, 3, 10, 18, 21], "neighbors": [25, 10, 9, 27, 22, 19, 2, 13, 6]}, {"capacity": 865, "impossibleCargos": [2, 5, 8, 9, 11, 13, 16, 19, 20, 24], "neighbors": [34, 20, 21, 2, 12, 15, 18, 5]}, {"capacity": 587, "impossibleCargos": [0, 1, 6, 7, 9, 12, 13, 16, 17, 19, 23, 24], "neighbors": [17, 1, 8, 13, 11, 28, 26, 29, 5, 19, 2]}, {"capacity": 729, "impossibleCargos": [6, 10], "neighbors": [2, 34, 9, 27, 25]}, {"capacity": 717, "impossibleCargos": [0, 6, 9, 14, 15, 21, 22, 23], "neighbors": [21, 31, 9, 26, 0, 8, 33, 4, 2, 32, 24, 30, 14, 34, 17]}, {"capacity": 341, "impossibleCargos": [0, 10, 13, 15, 20, 21], "neighbors": [3, 16, 25, 23, 29, 19, 9, 11, 14, 1, 31, 30, 34, 7]}, {"capacity": 497, "impossibleCargos": [14, 16], "neighbors": [33, 11, 21, 8, 9, 13, 2, 28, 24, 34]}, {"capacity": 827, "impossibleCargos": [1, 3, 9, 17], "neighbors": [1, 23, 15, 12, 17, 3, 30, 34, 27]}, {"capacity": 691, "impossibleCargos": [0, 1, 4, 5, 6, 9, 14, 19], "neighbors": [12, 2, 26, 33, 3, 23, 18, 9, 32, 5, 6]}, {"capacity": 275, "impossibleCargos": [5, 8, 14, 15, 17, 24], "neighbors": [6, 9, 32, 16, 28, 26, 25, 17]}, {"capacity": 793, "impossibleCargos": [1, 2, 3, 16, 23, 24], "neighbors": [8, 25, 32, 11, 3, 34, 26]}, {"capacity": 525, "impossibleCargos": [7, 8, 13, 14, 16, 20], "neighbors": [0, 30, 31, 16, 25, 29]}, {"capacity": 211, "impossibleCargos": [0, 2, 4, 6, 7, 17], "neighbors": [17, 27, 1, 9, 5, 25, 20, 29, 19]}, {"capacity": 999, "impossibleCargos": [1, 4, 7, 9, 10, 15, 18, 21], "neighbors": [8, 12, 24, 22, 28, 31, 25, 26, 27]}]}