{"volumes": [781, 419, 289, 0, 339, 384, 460, 497, 602, 1665, 265, 442, 718, 0, 365, 1100, 480, 438, 718, 1199, 1101, 806, 0, 1034, 238], "conflicts": [[0, 2], [0, 3], [0, 5], [0, 7], [0, 10], [0, 13], [0, 15], [0, 19], [0, 21], [0, 23], [0, 24], [1, 2], [1, 3], [1, 6], [1, 7], [1, 8], [1, 11], [1, 16], [1, 18], [1, 21], [2, 3], [2, 4], [2, 5], [2, 6], [2, 7], [2, 9], [2, 11], [2, 12], [2, 13], [2, 16], [2, 17], [2, 22], [2, 24], [3, 4], [3, 5], [3, 7], [3, 9], [3, 10], [3, 11], [3, 12], [3, 13], [3, 14], [3, 17], [3, 19], [3, 20], [3, 22], [3, 23], [3, 24], [4, 5], [4, 7], [4, 8], [4, 9], [4, 10], [4, 11], [4, 12], [4, 13], [4, 15], [4, 17], [4, 18], [4, 20], [4, 21], [4, 22], [4, 23], [5, 11], [5, 12], [5, 13], [5, 14], [5, 16], [5, 18], [5, 20], [5, 22], [6, 8], [6, 10], [6, 11], [6, 17], [6, 18], [7, 10], [7, 14], [7, 15], [7, 18], [7, 24], [8, 10], [8, 11], [8, 12], [8, 13], [8, 15], [8, 16], [8, 18], [8, 20], [8, 22], [8, 23], [8, 24], [9, 13], [9, 16], [9, 21], [9, 24], [10, 11], [10, 13], [10, 15], [10, 17], [10, 19], [10, 23], [11, 12], [11, 13], [11, 14], [11, 15], [11, 16], [11, 21], [12, 13], [12, 14], [12, 16], [12, 22], [12, 24], [13, 14], [13, 15], [13, 17], [13, 20], [13, 21], [13, 22], [13, 23], [14, 19], [14, 20], [14, 22], [14, 24], [15, 22], [16, 17], [16, 18], [16, 19], [16, 22], [16, 23], [16, 24], [17, 21], [18, 20], [18, 24], [19, 22], [19, 23], [19, 24], [20, 22], [21, 22], [22, 23], [22, 24], [23, 24]], "tanks": [{"capacity": 806, "impossibleCargos": [1, 9, 10, 12, 13, 15, 16, 17, 19, 20, 22], "neighbors": [33, 31, 13, 27, 1, 23, 11, 12, 5, 22, 7]}, {"capacity": 296, "impossibleCargos": [1, 5, 8, 9, 12, 14, 17, 19, 20], "neighbors": [22, 19, 13, 0, 30, 6, 16]}, {"capacity": 734, "impossibleCargos": [0, 1, 6, 7, 8, 11, 12, 13, 16, 17, 19, 22], "neighbors": [30, 4, 12, 34, 24, 6, 13, 9, 22, 19, 26]}, {"capacity": 924, "impossibleCargos": [0, 2, 3, 4, 5, 6, 10, 12], "neighbors": [18, 34, 30, 15, 27, 28]}, {"capacity": 625, "impossibleCargos": [0, 2, 3, 4, 6, 8, 9, 10, 12, 13, 14, 20, 21, 22, 23], "neighbors": [15, 2, 29, 23, 30, 9, 20, 11, 24]}, {"capacity": 577, "impossibleCargos": [0, 2, 3, 4, 5, 6, 7, 9, 10, 11, 13, 14, 17, 20, 21, 22, 23, 24], "neighbors": [17, 9, 13, 18, 0, 34, 15, 6]}, {"capacity": 443, "impossibleCargos": [2, 3, 5, 7, 8, 9, 11, 13, 14, 17, 18, 19, 20, 22, 23, 24], "neighbors": [31, 18, 2, 1, 5, 15, 22]}, {"capacity": 407, "impossibleCargos": [3, 4, 8, 11, 13, 14, 16, 22, 23, 24], "neighbors": [9, 24, 23, 0, 14, 12]}, {"capacity": 493, "impossibleCargos": [1, 2, 3, 5, 8, 9, 13, 14, 15, 16, 17, 19, 22], "neighbors": [13, 32, 25, 23]}, {"capacity": 906, "impossibleCargos": [1, 2, 4, 5, 7, 10, 12, 16, 17, 19, 20, 21, 22, 23, 24], "neighbors": [23, 11, 30, 10, 5, 33, 31, 7, 29, 14, 4, 32, 2, 21, 18, 26, 28]}, {"capacity": 795, "impossibleCargos": [2, 3, 5, 6, 7, 13, 14, 15, 16, 17, 20, 22, 23], "neighbors": [9, 25, 29, 16, 15, 33, 34, 26, 18]}, {"capacity": 916, "impossibleCargos": [1, 3, 4, 5, 7, 11, 13, 15, 19], "neighbors": [9, 32, 24, 27, 0, 28, 4, 20]}, {"capacity": 915, "impossibleCargos": [0, 2, 3, 10, 12, 18, 19, 21, 22, 23], "neighbors": [13, 2, 19, 0, 18, 16, 34, 23, 14, 7]}, {"capacity": 381, "impossibleCargos": [0, 1, 3, 4, 5, 6, 8, 12, 14, 19], "neighbors": [16, 12, 0, 5, 8, 1, 23, 2, 22]}, {"capacity": 686, "impossibleCargos": [0, 1, 6, 8, 10, 12, 14, 15, 16, 18, 19, 20, 21], "neighbors": [23, 15, 26, 19, 20, 9, 18, 17, 12, 7]}, {"capacity": 560, "impossibleCargos": [0, 8, 10, 11, 13, 14, 16, 21, 22, 23], "neighbors": [4, 20, 14, 10, 23, 33, 5, 27, 3, 6, 18]}, {"capacity": 348, "impossibleCargos": [0, 1, 3, 4, 5, 6, 8, 9, 10, 13, 17, 18, 22, 23, 24], "neighbors": [22, 13, 30, 10, 20, 12, 27, 1, 23, 29]}, {"capacity": 428, "impossibleCargos": [5, 8, 10, 12, 14, 15, 16, 18, 19, 20, 21, 23, 24], "neighbors": [5, 19, 26, 14]}, {"capacity": 859, "impossibleCargos": [0, 3, 4, 5, 7, 10, 11, 17, 18, 22, 24], "neighbors": [3, 12, 5, 6, 14, 9, 27, 10, 15]}, {"capacity": 248, "impossibleCargos": [0, 2, 3, 5, 10, 11, 12, 13, 14, 15, 17, 20, 22, 23], "neighbors": [1, 17, 14, 12, 22, 2, 25]}, {"capacity": 745, "impossibleCargos": [1, 2, 4, 6, 9, 11, 12, 13, 17, 18, 19, 22, 23], "neighbors": [33, 15, 16, 14, 31, 32, 4, 11]}, {"capacity": 486, "impossibleCargos": [0, 3, 5, 6, 8, 9, 13, 16, 19, 20, 21, 23], "neighbors": [28, 9, 30]}, {"capacity": 638, "impossibleCargos": [0, 2, 4, 6, 7, 8, 10, 11, 12, 15, 16, 17, 20, 22], "neighbors": [16, 25, 1, 30, 29, 0, 19, 2, 6, 13]}, {"capacity": 771, "impossibleCargos": [0, 1, 2, 5, 6, 10, 11, 12, 14, 15, 16, 17, 22, 24], "neighbors": [26, 9, 14, 31, 0, 4, 13, 15, 7, 8, 12, 16, 34]}, {"capacity": 542, "impossibleCargos": [0, 1, 2, 3, 4, 5, 6, 7, 9, 10, 11, 13, 14, 15, 19, 20, 21, 24], "neighbors": [11, 7, 2, 32, 29, 31, 26, 4]}, {"capacity": 242, "impossibleCargos": [6, 7, 9, 10, 15, 16, 18, 19, 23, 24], "neighbors": [22, 10, 34, 30, 8, 19]}, {"capacity": 905, "impossibleCargos": [0, 2, 5, 7, 9, 10, 11, 12, 14, 16, 17, 18, 22], "neighbors": [23, 31, 14, 17, 10, 24, 32, 2, 9]}, {"capacity": 730, "impossibleCargos": [0, 1, 4, 6, 8, 10, 12, 13, 14, 16, 19, 21], "neighbors": [0, 11, 16, 15, 3, 28, 18]}, {"capacity": 567, "impossibleCargos": [1, 3, 4, 5, 8, 9, 11, 12, 15, 16, 17, 18, 20, 22, 23], "neighbors": [21, 31, 30, 11, 29, 3, 27, 9, 33]}, {"capacity": 744, "impossibleCargos": [0, 1, 3, 6, 7, 9, 10, 14, 17, 21, 24], "neighbors": [4, 10, 22, 9, 24, 34, 28, 16]}, {"capacity": 884, "impossibleCargos": [1, 6, 9, 10, 11, 12, 14, 15, 17, 18, 19, 21, 24], "neighbors": [2, 9, 16, 22, 28, 1, 25, 4, 33, 3, 21]}, {"capacity": 505, "impossibleCargos": [4, 6, 7, 8, 10, 11, 12, 16, 18, 20, 23, 24], "neighbors": [0, 26, 28, 23, 9, 20, 6, 24]}, {"capacity": 656, "impossibleCargos": [1, 2, 3, 8, 10, 12, 17, 18, 19, 20, 21, 22, 24], "neighbors": [11, 20, 24, 8, 9, 33, 26]}, {"capacity": 509, "impossibleCargos": [2, 6, 7, 10, 11, 12, 13, 15, 16, 18, 22, 24], "neighbors": [20, 0, 9, 10, 30, 15, 32, 28]}, {"capacity": 228, "impossibleCargos": [0, 4, 5, 6, 10, 11, 13, 14], "neighbors": [10, 25, 2, 29, 12, 3, 5, 23]}]}