{"volumes": [0, 0, 560, 1046, 1083, 1402, 827, 373, 305, 934, 1231, 954, 361, 1444, 0, 0, 425, 0, 1330, 0, 0, 687, 687, 0, 730], "conflicts": [[0, 6], [0, 16], [0, 19], [0, 22], [0, 24], [1, 4], [1, 8], [1, 9], [1, 14], [1, 18], [2, 4], [3, 14], [3, 20], [3, 23], [4, 7], [4, 9], [4, 16], [4, 22], [5, 15], [5, 23], [6, 11], [6, 20], [7, 12], [7, 16], [7, 21], [8, 19], [9, 14], [9, 16], [9, 17], [9, 20], [10, 15], [10, 20], [10, 23], [11, 16], [11, 21], [12, 15], [12, 16], [12, 22], [13, 17], [14, 21], [15, 20], [15, 23], [16, 22], [17, 18], [17, 23], [18, 19], [18, 22], [19, 20], [20, 22], [21, 23], [22, 23], [22, 24]], "tanks": [{"capacity": 596, "impossibleCargos": [0, 2, 4, 7, 8, 9, 12, 13, 14, 15, 17, 18, 20, 21, 23, 24], "neighbors": [9, 13, 7, 15, 30, 17, 1, 27]}, {"capacity": 451, "impossibleCargos": [0, 1, 2, 3, 4, 5, 6, 7, 8, 9, 11, 12, 13, 15, 16, 17, 20, 21, 22, 23, 24], "neighbors": [15, 17, 20, 21, 16, 14, 2, 0, 30, 3, 19, 27, 23, 31]}, {"capacity": 944, "impossibleCargos": [2, 4, 5, 7, 10, 11, 12, 13, 14, 15, 18, 19, 20, 21, 23], "neighbors": [8, 15, 22, 20, 25, 17, 27, 6, 1, 9, 33, 34]}, {"capacity": 640, "impossibleCargos": [1, 2, 3, 4, 6, 7, 8, 9, 10, 11, 12, 13, 15, 17, 18, 19, 21, 22, 23, 24], "neighbors": [31, 18, 24, 14, 1, 6]}, {"capacity": 586, "impossibleCargos": [0, 1, 2, 3, 4, 6, 7, 8, 9, 11, 12, 13, 14, 15, 16, 17, 18, 19, 20, 21, 22, 24], "neighbors": [13, 26, 29, 25, 8, 23, 24]}, {"capacity": 922, "impossibleCargos": [0, 1, 2, 3, 4, 5, 6, 7, 8, 9, 10, 12, 13, 14, 16, 19, 20, 21, 22, 24], "neighbors": [24, 17, 27]}, {"capacity": 304, "impossibleCargos": [0, 1, 3, 4, 5, 6, 7, 8, 9, 10, 11, 12, 13, 14, 15, 19, 20, 21, 22, 24], "neighbors": [34, 32, 27, 18, 2, 28, 25, 31, 3, 33]}, {"capacity": 769, "impossibleCargos": [2, 3, 5, 6, 8, 10, 11, 13, 14, 15, 16, 17, 18, 19, 21, 22, 23, 24], "neighbors": [18, 11, 0, 12, 29, 25, 19, 20]}, {"capacity": 733, "impossibleCargos": [0, 1, 3, 4, 5, 7, 8, 9, 11, 12, 14, 15, 16, 17, 18, 19, 21, 22, 24], "neighbors": [2, 25, 4, 10, 34, 29, 26, 23, 31]}, {"capacity": 205, "impossibleCargos": [0, 1, 3, 5, 6, 7, 8, 9, 10, 14, 15, 18, 19, 20, 21, 23], "neighbors": [0, 20, 11, 32, 2, 30, 21, 29, 15, 24]}, {"capacity": 204, "impossibleCargos": [1, 4, 5, 6, 7, 8, 9, 10, 11, 12, 13, 14, 16, 17, 18, 19, 20, 24], "neighbors": [27, 29, 30, 13, 34, 8, 11, 14, 17, 25]}, {"capacity": 999, "impossibleCargos": [0, 2, 3, 4, 6, 7, 8, 9, 11, 12, 13, 14, 15, 16, 17, 19, 20, 21, 23, 24], "neighbors": [28, 30, 7, 22, 9, 27, 16, 21, 10, 12, 31]}, {"capacity": 319, "impossibleCargos": [0, 1, 2, 3, 4, 5, 6, 8, 9, 10, 11, 12, 13, 14, 15, 16, 17, 19, 20, 22, 23, 24], "neighbors": [30, 29, 18, 7, 23, 11, 26, 13]}, {"capacity": 351, "impossibleCargos": [0, 3, 4, 5, 6, 7, 10, 12, 13, 14, 15, 16, 17, 19, 20, 21, 22], "neighbors": [31, 29, 0, 32, 4, 10, 12, 21]}, {"capacity": 595, "impossibleCargos": [0, 2, 6, 8, 9, 10, 11, 13, 14, 16, 19, 20, 22, 23, 24], "neighbors": [16, 1, 23, 17, 3, 24, 10, 31]}, {"capacity": 804, "impossibleCargos": [0, 1, 2, 3, 6, 7, 8, 11, 12, 14, 15, 16, 17, 20, 21, 23, 24], "neighbors": [1, 2, 21, 0, 17, 22, 9]}, {"capacity": 984, "impossibleCargos": [1, 2, 3, 7, 9, 11, 12, 13, 14, 16, 19, 20, 22, 23, 24], "neighbors": [34, 28, 14, 1, 11, 29, 31]}, {"capacity": 280, "impossibleCargos": [0, 1, 2, 4, 5, 6, 7, 9, 13, 14, 15, 16, 17, 18, 20, 22, 23, 24], "neighbors": [1, 25, 2, 18, 5, 27, 29, 0, 14, 23, 15, 10, 22]}, {"capacity": 460, "impossibleCargos": [0, 1, 2, 3, 4, 5, 9, 10, 11, 12, 13, 14, 15, 16, 17, 19, 22, 23, 24], "neighbors": [7, 22, 17, 6, 3, 12, 23, 29, 32]}, {"capacity": 375, "impossibleCargos": [0, 4, 6, 7, 8, 9, 11, 12, 15, 19, 20, 21, 23, 24], "neighbors": [24, 23, 1, 7]}, {"capacity": 525, "impossibleCargos": [0, 1, 2, 3, 4, 5, 6, 10, 11, 12, 13, 14, 16, 17, 18, 19, 20, 21, 22, 24], "neighbors": [1, 2, 30, 9, 26, 7]}, {"capacity": 388, "impossibleCargos": [0, 1, 2, 3, 4, 6, 7, 8, 9, 11, 15, 18, 19, 20, 22, 23, 24], "neighbors": [29, 26, 1, 15, 11, 9, 13]}, {"capacity": 901, "impossibleCargos": [0, 1, 2, 3, 4, 5, 6, 7, 8, 9, 10, 12, 14, 15, 17, 18, 20, 21, 22, 23], "neighbors": [2, 18, 11, 28, 34, 15, 17]}, {"capacity": 710, "impossibleCargos": [0, 2, 3, 4, 5, 6, 7, 8, 10, 11, 12, 14, 16, 17, 19, 20, 21, 22, 23, 24], "neighbors": [14, 30, 18, 17, 12, 4, 19, 8, 1]}, {"capacity": 989, "impossibleCargos": [0, 2, 4, 5, 6, 7, 8, 9, 10, 17, 18, 19, 20, 21, 22, 23], "neighbors": [5, 19, 30, 3, 14, 27, 4, 9]}, {"capacity": 355, "impossibleCargos": [0, 1, 3, 4, 5, 6, 8, 11, 12, 16, 17, 18, 19, 21, 22, 23, 24], "neighbors": [8, 17, 2, 28, 6, 4, 32, 7, 10]}, {"capacity": 858, "impossibleCargos": [1, 2, 3, 4, 6, 7, 9, 10, 11, 13, 16, 18, 19, 20, 23], "neighbors": [32, 21, 4, 8, 12, 20]}, {"capacity": 524, "impossibleCargos": [0, 2, 4, 6, 7, 8, 9, 11, 14, 15, 16, 17, 18, 19, 20, 21, 23, 24], "neighbors": [34, 10, 6, 31, 29, 2, 17, 11, 5, 24, 0, 1]}, {"capacity": 960, "impossibleCargos": [0, 7, 8, 9, 10, 11, 12, 14, 16, 17, 20, 21, 22, 23], "neighbors": [11, 33, 16, 25, 6, 32, 22]}, {"capacity": 316, "impossibleCargos": [0, 1, 2, 3, 4, 5, 6, 8, 9, 10, 11, 12, 13, 14, 15, 16, 17, 18, 19, 20, 21], "neighbors": [21, 13, 31, 27, 10, 12, 17, 16, 7, 4, 18, 8, 9]}, {"capacity": 440, "impossibleCargos": [0, 1, 2, 4, 6, 7, 10, 11, 12, 13, 14, 15, 17, 19, 20, 21, 22, 23], "neighbors": [11, 31, 12, 20, 24, 0, 10, 23, 9, 1]}, {"capacity": 200, "impossibleCargos": [0, 1, 2, 7, 8, 9, 10, 11, 12, 13, 15, 16, 17, 18, 19, 21, 22, 23, 24], "neighbors": [13, 27, 30, 29, 3, 33, 16, 6, 14, 11, 8, 1]}, {"capacity": 887, "impossibleCargos": [1, 3, 4, 5, 6, 7, 8, 10, 11, 12, 13, 15, 16, 18, 20, 21, 22, 23, 24], "neighbors": [6, 26, 13, 9, 28, 25, 18]}, {"capacity": 717, "impossibleCargos": [0, 1, 2, 3, 4, 5, 6, 7, 8, 9, 10, 11, 12, 14, 16, 18, 20, 22, 24], "neighbors": [28, 2, 31, 6]}, {"capacity": 309, "impossibleCargos": [1, 2, 3, 4, 6, 8, 10, 11, 12, 15, 18, 19, 20, 21, 22, 23], "neighbors": [27, 6, 16, 10, 2, 8, 22]}]}