{"volumes": [0, 0, 214, 1018, 0, 285, 549, 713, 0, 0, 2022, 422, 833, 341, 1334, 0, 1091, 1114, 1118, 776, 0, 0, 714, 1147, 245], "conflicts": [[0, 2], [0, 4], [0, 5], [0, 6], [0, 7], [0, 8], [0, 10], [0, 11], [0, 14], [0, 15], [0, 16], [0, 17], [0, 19], [0, 20], [0, 23], [0, 24], [1, 3], [1, 6], [1, 7], [1, 9], [1, 11], [1, 13], [1, 14], [1, 15], [1, 18], [1, 20], [1, 21], [1, 24], [2, 4], [2, 9], [2, 11], [2, 13], [2, 15], [2, 16], [2, 20], [2, 21], [3, 9], [3, 10], [3, 15], [4, 5], [4, 8], [4, 10], [4, 12], [4, 13], [4, 15], [4, 19], [4, 20], [4, 21], [4, 24], [5, 6], [5, 8], [5, 10], [5, 15], [5, 17], [5, 19], [5, 24], [6, 11], [6, 13], [6, 16], [6, 20], [6, 24], [7, 8], [7, 9], [7, 11], [7, 13], [7, 17], [7, 20], [7, 21], [8, 12], [8, 13], [8, 15], [8, 16], [8, 21], [8, 23], [9, 10], [9, 12], [9, 13], [9, 14], [9, 16], [9, 17], [9, 19], [9, 21], [9, 22], [9, 23], [11, 12], [11, 13], [11, 15], [11, 19], [11, 23], [11, 24], [12, 15], [12, 18], [12, 20], [13, 15], [13, 17], [13, 21], [15, 16], [15, 18], [15, 19], [15, 20], [15, 22], [15, 24], [16, 20], [16, 21], [16, 22], [16, 24], [17, 20], [17, 23], [18, 19], [18, 20], [18, 21], [19, 21], [20, 24], [21, 23]], "tanks": [{"capacity": 285, "impossibleCargos": [0, 1, 2, 3, 4, 5, 6, 7, 8, 9, 10, 11, 13, 14, 15, 16, 17, 20, 21, 22, 24], "neighbors": [32, 24, 31, 3, 2, 14, 5]}, {"capacity": 912, "impossibleCargos": [0, 1, 4, 5, 6, 7, 8, 9, 10, 11, 12, 13, 14, 15, 16, 18, 19, 20, 21, 22, 23, 24], "neighbors": [18, 21, 7, 12, 17, 26, 15, 4, 6, 19]}, {"capacity": 339, "impossibleCargos": [1, 2, 4, 5, 7, 9, 11, 13, 14, 15, 16, 17, 18, 19, 21, 22, 24], "neighbors": [16, 12, 0]}, {"capacity": 575, "impossibleCargos": [0, 1, 2, 4, 6, 7, 8, 10, 12, 13, 14, 15, 16, 18, 19, 20, 21, 22, 23, 24], "neighbors": [10, 12, 8, 0, 16, 9, 24, 7, 11, 31]}, {"capacity": 578, "impossibleCargos": [0, 1, 2, 4, 5, 6, 7, 9, 11, 12, 15, 17, 19, 20, 21, 22, 23, 24], "neighbors": [7, 17, 11, 12, 1]}, {"capacity": 265, "impossibleCargos": [0, 5, 10, 12, 13, 14, 15, 16, 17, 18, 19, 20, 21, 22, 23, 24], "neighbors": [21, 6, 15, 0, 12, 32]}, {"capacity": 913, "impossibleCargos": [0, 1, 2, 3, 5, 7, 8, 13, 14, 15, 16, 17, 18, 20, 21, 22, 23, 24], "neighbors": [7, 11, 25, 24, 28, 31, 5, 1, 19, 30]}, {"capacity": 504, "impossibleCargos": [0, 1, 3, 4, 5, 6, 7, 9, 10, 12, 13, 14, 15, 16, 18, 19, 20, 21, 24], "neighbors": [6, 1, 4, 19, 23, 15, 16, 32, 28, 30, 8, 3]}, {"capacity": 852, "impossibleCargos": [0, 1, 2, 3, 5, 6, 7, 8, 9, 10, 11, 12, 13, 14, 15, 17, 19, 22, 23], "neighbors": [27, 3, 16, 7, 13, 32]}, {"capacity": 816, "impossibleCargos": [0, 1, 2, 3, 4, 6, 7, 8, 9, 10, 11, 14, 17, 18, 19, 20, 23, 24], "neighbors": [32, 34, 15, 26, 3]}, {"capacity": 637, "impossibleCargos": [0, 1, 3, 5, 7, 9, 10, 12, 15, 16, 17, 18, 19, 20, 22], "neighbors": [20, 32, 15, 3, 18, 28, 29, 23]}, {"capacity": 963, "impossibleCargos": [0, 2, 3, 4, 5, 6, 9, 10, 11, 13, 14, 16, 17, 19, 21, 22, 24], "neighbors": [26, 6, 18, 20, 4, 21, 24, 14, 3]}, {"capacity": 959, "impossibleCargos": [0, 2, 3, 4, 7, 8, 9, 11, 12, 14, 15, 16, 17, 18, 19, 20, 21, 24], "neighbors": [3, 1, 17, 21, 24, 4, 2, 34, 14, 26, 5]}, {"capacity": 342, "impossibleCargos": [0, 2, 3, 4, 6, 7, 8, 9, 10, 11, 12, 14, 15, 16, 18, 20, 21, 22, 23, 24], "neighbors": [32, 16, 14, 23, 24, 18, 8]}, {"capacity": 433, "impossibleCargos": [0, 2, 3, 4, 6, 7, 9, 10, 11, 12, 15, 16, 17, 18, 19, 20, 21, 22, 23, 24], "neighbors": [31, 19, 13, 34, 0, 11, 12]}, {"capacity": 571, "impossibleCargos": [0, 1, 2, 3, 4, 5, 7, 8, 11, 12, 15, 16, 19, 20, 24], "neighbors": [10, 7, 9, 1, 5, 30, 22]}, {"capacity": 520, "impossibleCargos": [0, 1, 3, 5, 6, 8, 9, 10, 11, 12, 14, 15, 17, 20, 21, 22, 23, 24], "neighbors": [31, 2, 13, 29, 3, 7, 28, 8, 25, 22, 30, 32, 33]}, {"capacity": 457, "impossibleCargos": [0, 1, 2, 3, 6, 8, 9, 10, 11, 12, 13, 16, 17, 18, 19, 20, 21, 22, 23], "neighbors": [4, 21, 30, 12, 1, 33, 25, 24, 22, 34]}, {"capacity": 592, "impossibleCargos": [0, 1, 3, 4, 6, 8, 9, 12, 16, 19, 20, 23], "neighbors": [1, 11, 10, 34, 25, 13, 32, 21, 20]}, {"capacity": 372, "impossibleCargos": [1, 2, 3, 4, 5, 6, 7, 8, 10, 11, 13, 14, 15, 16, 17, 20, 22, 23, 24], "neighbors": [28, 7, 14, 27, 25, 20, 6, 34, 23, 1]}, {"capacity": 396, "impossibleCargos": [0, 3, 5, 6, 10, 11, 12, 13, 15, 17, 19, 22, 23, 24], "neighbors": [10, 11, 24, 21, 19, 34, 31, 26, 18]}, {"capacity": 286, "impossibleCargos": [1, 3, 5, 10, 11, 12, 14, 16, 17, 18, 21, 22, 23, 24], "neighbors": [1, 24, 5, 17, 20, 12, 33, 29, 11, 26, 18]}, {"capacity": 443, "impossibleCargos": [0, 1, 2, 4, 6, 7, 9, 10, 12, 13, 15, 16, 17, 18, 19, 20, 21, 23], "neighbors": [23, 16, 17, 26, 15]}, {"capacity": 260, "impossibleCargos": [2, 3, 4, 7, 8, 9, 10, 11, 12, 13, 14, 15, 16, 18, 19, 20, 23], "neighbors": [7, 26, 33, 22, 13, 10, 19, 28]}, {"capacity": 636, "impossibleCargos": [0, 1, 2, 3, 4, 8, 9, 10, 11, 12, 13, 15, 17, 18, 20, 22, 23, 24], "neighbors": [21, 0, 27, 34, 6, 28, 20, 3, 32, 17, 12, 11, 31, 13]}, {"capacity": 534, "impossibleCargos": [0, 1, 2, 4, 5, 6, 7, 8, 11, 12, 13, 14, 16, 17, 18, 19, 20, 22, 23, 24], "neighbors": [28, 6, 34, 19, 17, 29, 16, 18]}, {"capacity": 830, "impossibleCargos": [0, 1, 2, 3, 4, 5, 8, 9, 11, 12, 13, 14, 15, 16, 17, 19, 21, 24], "neighbors": [11, 27, 9, 23, 34, 1, 21, 12, 22, 20]}, {"capacity": 632, "impossibleCargos": [0, 1, 2, 3, 5, 6, 7, 8, 9, 10, 11, 12, 13, 16, 17, 19, 23, 24], "neighbors": [24, 8, 19, 26, 34]}, {"capacity": 379, "impossibleCargos": [0, 1, 2, 5, 6, 7, 8, 10, 11, 13, 14, 15, 16, 17, 22, 23, 24], "neighbors": [25, 19, 10, 24, 16, 6, 7, 31, 33, 23]}, {"capacity": 683, "impossibleCargos": [0, 1, 2, 4, 6, 9, 11, 12, 13, 14, 15, 18, 20, 21, 22, 23, 24], "neighbors": [33, 16, 30, 10, 21, 25, 32]}, {"capacity": 343, "impossibleCargos": [0, 1, 3, 4, 5, 6, 7, 8, 10, 13, 14, 15, 16, 17, 18, 19, 20, 22, 23, 24], "neighbors": [17, 29, 7, 16, 6, 15]}, {"capacity": 714, "impossibleCargos": [0, 1, 2, 3, 4, 7, 8, 9, 11, 12, 13, 15, 16, 18, 20, 21, 22, 23, 24], "neighbors": [16, 14, 33, 0, 28, 6, 24, 20, 3]}, {"capacity": 447, "impossibleCargos": [0, 1, 2, 4, 5, 6, 8, 9, 10, 11, 13, 14, 15, 16, 18, 19, 20, 21, 22, 24], "neighbors": [9, 13, 10, 0, 7, 24, 29, 18, 16, 8, 5]}, {"capacity": 357, "impossibleCargos": [1, 4, 5, 7, 8, 9, 11, 12, 13, 14, 15, 16, 17, 18, 19, 22], "neighbors": [29, 31, 21, 17, 28, 23, 16]}, {"capacity": 446, "impossibleCargos": [0, 1, 2, 3, 4, 5, 6, 7, 8, 9, 10, 11, 13, 14, 16, 18, 21, 22, 23], "neighbors": [25, 24, 9, 14, 26, 27, 18, 12, 19, 17, 20]}]}