{"volumes": [1082, 405, 443, 503, 813, 279, 920, 590, 0, 955, 1553, 631, 1226, 192, 585, 642, 411, 0, 0, 1146, 813, 870, 0, 656, 0], "conflicts": [[0, 1], [0, 3], [0, 5], [0, 7], [0, 8], [0, 20], [0, 21], [0, 22], [1, 4], [1, 8], [1, 11], [1, 12], [1, 13], [1, 15], [1, 16], [1, 17], [1, 18], [1, 21], [1, 22], [1, 24], [2, 5], [2, 8], [2, 13], [2, 15], [2, 17], [2, 22], [2, 24], [3, 4], [3, 7], [3, 8], [3, 11], [3, 13], [3, 15], [3, 17], [3, 18], [3, 19], [3, 20], [3, 21], [4, 6], [4, 15], [4, 17], [4, 18], [4, 21], [4, 23], [4, 24], [5, 7], [5, 12], [5, 14], [5, 15], [5, 16], [5, 17], [5, 18], [5, 19], [5, 20], [5, 21], [5, 22], [6, 8], [6, 9], [6, 14], [6, 17], [6, 18], [6, 20], [6, 21], [6, 23], [6, 24], [7, 9], [7, 10], [7, 11], [7, 13], [7, 17], [7, 18], [7, 21], [7, 22], [7, 24], [8, 9], [8, 10], [8, 11], [8, 12], [8, 13], [8, 14], [8, 16], [8, 17], [8, 18], [8, 19], [8, 20], [8, 21], [8, 23], [8, 24], [9, 13], [9, 14], [9, 15], [9, 18], [9, 22], [9, 23], [10, 11], [10, 15], [10, 17], [10, 18], [10, 22], [11, 14], [11, 15], [11, 16], [11, 17], [11, 18], [11, 20], [11, 21], [11, 24], [12, 15], [12, 17], [12, 18], [12, 20], [12, 22], [12, 23], [13, 14], [13, 15], [13, 16], [13, 17], [13, 18], [13, 20], [13, 21], [13, 22], [13, 24], [14, 17], [14, 18], [14, 22], [14, 24], [15, 17], [15, 18], [15, 19], [15, 20], [15, 21], [15, 24], [16, 17], [16, 19], [16, 21], [16, 22], [16, 23], [17, 18], [17, 19], [17, 21], [17, 23], [17, 24], [18, 20], [18, 21], [18, 23], [18, 24], [19, 20], [19, 22], [19, 23], [19, 24], [20, 21], [20, 22], [20, 24], [21, 22], [21, 23], [21, 24], [22, 23], [22, 24], [23, 24]], "tanks": [{"capacity": 613, "impossibleCargos": [2, 3, 4, 5, 6, 7, 8, 10, 11, 12, 13, 14, 18, 19, 20, 21, 22, 23], "neighbors": [12, 32, 28, 26, 17, 18]}, {"capacity": 863, "impossibleCargos": [2, 3, 4, 5, 8, 9, 10, 11, 12, 13, 14, 17, 18, 19, 20, 23, 24], "neighbors": [28, 23, 33, 8, 19, 15, 22, 20]}, {"capacity": 591, "impossibleCargos": [0, 2, 4, 6, 7, 8, 9, 10, 11, 13, 15, 16, 17, 20, 21, 22, 23], "neighbors": [31, 21, 15, 7, 6, 5, 18, 30, 32]}, {"capacity": 563, "impossibleCargos": [0, 1, 2, 3, 4, 5, 6, 7, 8, 9, 11, 13, 14, 15, 16, 17, 19, 20, 22, 23, 24], "neighbors": [5, 18, 4, 11]}, {"capacity": 573, "impossibleCargos": [0, 1, 2, 4, 5, 6, 7, 8, 9, 11, 13, 14, 15, 16, 17, 18, 20, 23, 24], "neighbors": [9, 31, 28, 25, 3, 21]}, {"capacity": 674, "impossibleCargos": [0, 1, 2, 3, 4, 6, 7, 8, 10, 11, 12, 15, 16, 18, 19, 20, 21, 22, 23, 24], "neighbors": [7, 14, 3, 30, 27, 31, 8, 2, 26]}, {"capacity": 850, "impossibleCargos": [0, 1, 4, 5, 6, 7, 9, 10, 11, 12, 15, 16, 17, 18, 21, 22, 23], "neighbors": [8, 30, 15, 25, 27, 2, 10, 19, 20]}, {"capacity": 544, "impossibleCargos": [0, 1, 2, 4, 6, 7, 8, 9, 10, 11, 12, 13, 14, 16, 17, 19, 20, 22, 23, 24], "neighbors": [5, 15, 12, 34, 32, 31, 29, 8, 2, 19]}, {"capacity": 769, "impossibleCargos": [0, 1, 2, 4, 5, 6, 7, 8, 9, 10, 11, 12, 13, 14, 15, 16, 18, 19, 20, 22, 24], "neighbors": [23, 6, 30, 16, 22, 13, 1, 7, 5, 9, 31]}, {"capacity": 623, "impossibleCargos": [1, 2, 3, 4, 5, 6, 7, 9, 13, 15, 16, 17, 19, 20, 21, 22, 23, 24], "neighbors": [4, 34, 13, 12, 18, 8, 16]}, {"capacity": 467, "impossibleCargos": [0, 2, 3, 4, 5, 6, 7, 11, 15, 16, 18, 20, 21, 23], "neighbors": [31, 11, 18, 16, 29, 14, 23, 6]}, {"capacity": 352, "impossibleCargos": [0, 2, 5, 6, 7, 11, 12, 14, 15, 16, 18, 19, 21, 23, 24], "neighbors": [10, 33, 25, 3, 21, 14, 27]}, {"capacity": 857, "impossibleCargos": [0, 1, 3, 7, 8, 9, 10, 11, 12, 13, 15, 16, 18, 19, 20, 21, 23, 24], "neighbors": [0, 25, 7, 9, 18, 24, 30, 16, 28, 34]}, {"capacity": 216, "impossibleCargos": [0, 2, 4, 5, 7, 8, 9, 10, 11, 12, 14, 17, 20, 21, 22, 23], "neighbors": [33, 28, 8, 9, 29, 17, 15]}, {"capacity": 814, "impossibleCargos": [0, 2, 4, 5, 6, 7, 8, 9, 10, 12, 14, 15, 16, 17, 18, 19, 20, 22, 23], "neighbors": [22, 30, 5, 29, 10, 11]}, {"capacity": 923, "impossibleCargos": [0, 1, 2, 4, 5, 8, 9, 12, 13, 14, 15, 17, 18, 19, 21, 22, 23], "neighbors": [6, 7, 2, 1, 24, 13, 17]}, {"capacity": 348, "impossibleCargos": [2, 3, 4, 7, 8, 9, 10, 12, 13, 14, 18, 19, 20, 21, 23, 24], "neighbors": [8, 27, 10, 12, 9, 18]}, {"capacity": 348, "impossibleCargos": [0, 2, 5, 7, 8, 10, 11, 12, 14, 16, 18, 19, 20, 21, 22, 24], "neighbors": [23, 32, 20, 28, 0, 13, 30, 15, 33]}, {"capacity": 369, "impossibleCargos": [0, 1, 4, 5, 7, 8, 9, 11, 12, 14, 15, 16, 17, 18, 19, 20, 21, 22, 23, 24], "neighbors": [3, 10, 27, 12, 24, 31, 9, 29, 0, 33, 20, 16, 2, 25]}, {"capacity": 730, "impossibleCargos": [0, 1, 2, 3, 4, 5, 6, 7, 8, 9, 10, 11, 12, 13, 14, 15, 17, 18, 19, 20, 21, 22, 23, 24], "neighbors": [1, 30, 26, 7, 34, 6, 28, 32]}, {"capacity": 221, "impossibleCargos": [0, 1, 2, 3, 5, 8, 9, 10, 11, 12, 13, 15, 16, 18, 19, 20, 21, 22, 23, 24], "neighbors": [17, 25, 31, 29, 24, 18, 1, 6]}, {"capacity": 809, "impossibleCargos": [0, 3, 4, 5, 6, 7, 8, 11, 13, 15, 16, 20, 21, 22, 23, 24], "neighbors": [32, 31, 2, 11, 33, 4, 23]}, {"capacity": 898, "impossibleCargos": [0, 1, 3, 4, 5, 6, 7, 8, 9, 10, 12, 13, 14, 15, 16, 17, 18, 19, 20, 21, 22, 23, 24], "neighbors": [14, 31, 25, 8, 32, 34, 1, 29]}, {"capacity": 549, "impossibleCargos": [0, 1, 2, 3, 5, 6, 7, 8, 9, 11, 12, 13, 14, 15, 16, 18, 19, 20, 23, 24], "neighbors": [8, 17, 1, 31, 34, 10, 21, 33]}, {"capacity": 564, "impossibleCargos": [0, 2, 4, 5, 6, 9, 11, 13, 14, 15, 16, 17, 18, 20, 21, 22, 23], "neighbors": [32, 12, 29, 20, 18, 15, 25]}, {"capacity": 437, "impossibleCargos": [0, 3, 5, 6, 8, 10, 11, 12, 13, 15, 16, 17, 18, 20, 21, 22, 23, 24], "neighbors": [27, 22, 12, 34, 29, 11, 4, 6, 33, 20, 32, 24, 18]}, {"capacity": 930, "impossibleCargos": [0, 1, 2, 4, 5, 9, 10, 11, 14, 17, 18, 20, 21, 22, 23, 24], "neighbors": [0, 19, 30, 5]}, {"capacity": 839, "impossibleCargos": [0, 1, 3, 5, 6, 7, 8, 10, 12, 13, 14, 15, 16, 17, 19, 20, 21, 22, 24], "neighbors": [25, 16, 18, 6, 5, 11, 29]}, {"capacity": 391, "impossibleCargos": [0, 1, 2, 3, 4, 5, 6, 7, 10, 11, 14, 15, 16, 17, 18, 20, 21, 23, 24], "neighbors": [13, 4, 0, 33, 1, 17, 12, 19]}, {"capacity": 442, "impossibleCargos": [0, 1, 2, 4, 5, 9, 10, 14, 16, 17, 18, 19, 20, 22, 23, 24], "neighbors": [25, 14, 13, 10, 24, 20, 33, 7, 18, 22, 27]}, {"capacity": 838, "impossibleCargos": [0, 1, 2, 3, 4, 6, 8, 9, 10, 11, 12, 14, 15, 16, 17, 18, 21, 22, 23, 24], "neighbors": [14, 8, 6, 5, 31, 33, 12, 19, 17, 26, 2]}, {"capacity": 369, "impossibleCargos": [0, 1, 3, 4, 7, 8, 10, 12, 13, 17, 19, 20, 22, 23, 24], "neighbors": [10, 22, 21, 2, 4, 30, 7, 34, 23, 20, 5, 18, 8]}, {"capacity": 648, "impossibleCargos": [1, 2, 4, 5, 7, 10, 11, 12, 13, 14, 16, 18, 19, 22, 23, 24], "neighbors": [21, 0, 24, 17, 22, 7, 25, 19, 2]}, {"capacity": 674, "impossibleCargos": [0, 1, 2, 3, 4, 5, 6, 7, 8, 9, 11, 13, 15, 17, 20, 22, 24], "neighbors": [13, 11, 28, 30, 25, 1, 29, 34, 21, 18, 17, 23]}, {"capacity": 451, "impossibleCargos": [0, 1, 2, 3, 5, 9, 10, 12, 15, 17, 19, 20, 21, 22, 23], "neighbors": [25, 9, 7, 31, 23, 22, 33, 19, 12]}]}