{"volumes": [211, 886, 0, 873, 394, 154, 414, 0, 561, 877, 1308, 1390, 240, 617, 1235, 1208, 643, 516, 1569, 502, 0, 794, 0, 753, 197], "conflicts": [[0, 1], [0, 3], [0, 4], [0, 6], [0, 8], [0, 10], [0, 13], [0, 14], [0, 16], [0, 17], [0, 19], [0, 20], [0, 21], [0, 24], [1, 2], [1, 3], [1, 7], [1, 9], [1, 10], [1, 13], [1, 14], [1, 18], [1, 19], [1, 20], [1, 22], [2, 3], [2, 5], [2, 6], [2, 7], [2, 8], [2, 9], [2, 11], [2, 12], [2, 13], [2, 14], [2, 15], [2, 16], [2, 17], [2, 19], [2, 20], [2, 22], [2, 23], [3, 5], [3, 7], [3, 8], [3, 9], [3, 12], [3, 14], [3, 15], [3, 20], [3, 22], [4, 6], [4, 7], [4, 9], [4, 12], [4, 13], [4, 15], [4, 20], [4, 24], [5, 6], [5, 7], [5, 13], [5, 16], [5, 17], [5, 20], [5, 21], [5, 22], [5, 24], [6, 7], [6, 9], [6, 10], [6, 12], [6, 16], [6, 18], [6, 19], [6, 20], [6, 22], [6, 23], [6, 24], [7, 8], [7, 9], [7, 11], [7, 12], [7, 13], [7, 14], [7, 15], [7, 16], [7, 20], [7, 21], [7, 23], [7, 24], [8, 9], [8, 11], [8, 12], [8, 16], [8, 19], [8, 20], [8, 22], [8, 24], [9, 12], [9, 14], [9, 16], [9, 17], [9, 19], [9, 24], [10, 20], [11, 17], [11, 19], [11, 21], [11, 22], [11, 23], [12, 13], [12, 14], [12, 16], [12, 17], [12, 20], [12, 21], [12, 24], [13, 19], [13, 20], [13, 22], [14, 16], [14, 20], [14, 21], [15, 17], [15, 22], [16, 17], [16, 19], [16, 20], [16, 22], [16, 23], [17, 18], [17, 20], [17, 22], [18, 20], [18, 21], [18, 22], [19, 20], [19, 21], [19, 22], [19, 23], [20, 21], [20, 24], [21, 22], [21, 23], [22, 24], [23, 24]], "tanks": [{"capacity": 680, "impossibleCargos": [1, 2, 5, 6, 7, 8, 9, 10, 11, 12, 15, 16, 17, 18, 19, 20, 21, 23], "neighbors": [29, 5, 1, 32, 28, 19, 7, 3, 33, 8]}, {"capacity": 611, "impossibleCargos": [0, 1, 2, 4, 6, 7, 8, 9, 10, 11, 12, 13, 14, 15, 16, 17, 19, 20, 21, 22, 23, 24], "neighbors": [12, 2, 0, 14, 17, 33, 3, 21, 13, 32, 34, 25, 22, 4]}, {"capacity": 376, "impossibleCargos": [0, 1, 2, 3, 4, 5, 6, 7, 8, 10, 11, 13, 14, 15, 16, 17, 19, 20, 21, 22, 23, 24], "neighbors": [1, 24, 17, 29]}, {"capacity": 251, "impossibleCargos": [0, 1, 2, 3, 4, 6, 7, 8, 10, 12, 13, 14, 16, 17, 18, 19, 21, 22, 24], "neighbors": [14, 20, 33, 23, 10, 1, 6, 0, 29, 31]}, {"capacity": 419, "impossibleCargos": [0, 1, 2, 4, 5, 6, 8, 9, 11, 13, 15, 16, 17, 18, 19, 20, 21, 22, 23, 24], "neighbors": [19, 21, 26, 27, 24, 33, 20, 16, 9, 1]}, {"capacity": 866, "impossibleCargos": [0, 3, 4, 5, 6, 8, 9, 10, 12, 13, 14, 16, 17, 18, 19, 20, 21, 22], "neighbors": [0, 29, 18, 27, 31, 6, 33, 22]}, {"capacity": 273, "impossibleCargos": [0, 1, 2, 3, 4, 5, 6, 7, 8, 10, 13, 14, 17, 18, 20, 21, 23, 24], "neighbors": [34, 30, 14, 27, 5, 15, 29, 8, 3]}, {"capacity": 741, "impossibleCargos": [0, 1, 2, 4, 5, 6, 7, 10, 11, 14, 15, 16, 17, 20, 21, 23, 24], "neighbors": [11, 30, 16, 19, 28, 32, 20, 27, 26, 0]}, {"capacity": 404, "impossibleCargos": [0, 5, 6, 7, 8, 10, 11, 12, 13, 15, 17, 18, 19, 20, 21, 22], "neighbors": [18, 31, 34, 16, 11, 9, 29, 6, 0]}, {"capacity": 890, "impossibleCargos": [0, 3, 4, 6, 7, 10, 11, 12, 13, 15, 16, 18, 19, 21, 22], "neighbors": [30, 33, 26, 32, 8, 22, 4, 28]}, {"capacity": 921, "impossibleCargos": [2, 3, 5, 6, 8, 9, 11, 12, 13, 14, 15, 16, 17, 19, 20, 21, 22, 24], "neighbors": [21, 27, 18, 34, 3, 17, 15]}, {"capacity": 684, "impossibleCargos": [1, 2, 3, 4, 5, 6, 7, 8, 9, 10, 11, 12, 14, 16, 17, 18, 19, 21, 22, 23, 24], "neighbors": [17, 7, 14, 8, 24, 16]}, {"capacity": 475, "impossibleCargos": [0, 1, 2, 4, 6, 7, 8, 9, 11, 14, 15, 17, 20, 23, 24], "neighbors": [1, 32, 15, 29, 17]}, {"capacity": 560, "impossibleCargos": [0, 1, 2, 3, 6, 8, 11, 12, 13, 15, 16, 17, 18, 19, 20, 21, 23, 24], "neighbors": [20, 32, 15, 27, 24, 1]}, {"capacity": 605, "impossibleCargos": [0, 1, 2, 3, 4, 6, 7, 8, 9, 11, 12, 13, 14, 16, 18, 20, 21, 22, 23, 24], "neighbors": [3, 11, 1, 6, 18, 27, 24, 29, 22, 33, 28]}, {"capacity": 920, "impossibleCargos": [0, 3, 4, 5, 6, 7, 8, 9, 10, 13, 14, 16, 17, 18, 19, 21, 22, 23, 24], "neighbors": [21, 23, 13, 12, 25, 10, 6, 17, 34, 32]}, {"capacity": 284, "impossibleCargos": [2, 3, 4, 6, 7, 8, 10, 11, 12, 14, 15, 16, 17, 18, 19, 20, 21, 22, 23], "neighbors": [19, 8, 23, 7, 27, 4, 11]}, {"capacity": 719, "impossibleCargos": [0, 1, 2, 4, 6, 8, 9, 11, 13, 14, 17, 18, 19, 23, 24], "neighbors": [11, 33, 2, 31, 1, 26, 10, 24, 25, 18, 15, 12, 30]}, {"capacity": 803, "impossibleCargos": [0, 1, 2, 4, 5, 6, 7, 9, 11, 12, 13, 16, 17, 18, 19, 20, 22, 23, 24], "neighbors": [8, 32, 5, 10, 14, 29, 21, 17, 20]}, {"capacity": 569, "impossibleCargos": [1, 3, 4, 5, 6, 7, 8, 13, 16, 17, 19, 21, 22, 23, 24], "neighbors": [16, 4, 22, 7, 0]}, {"capacity": 843, "impossibleCargos": [1, 2, 3, 5, 6, 7, 8, 11, 13, 15, 16, 17, 18, 19, 20, 21, 22, 24], "neighbors": [34, 3, 13, 27, 28, 33, 4, 7, 18]}, {"capacity": 890, "impossibleCargos": [0, 1, 2, 5, 6, 7, 8, 10, 13, 15, 16, 18, 19, 20, 21, 22, 23, 24], "neighbors": [33, 4, 15, 31, 10, 32, 18, 1, 34]}, {"capacity": 341, "impossibleCargos": [1, 2, 4, 6, 7, 9, 11, 12, 15, 17, 18, 19, 21, 22, 23, 24], "neighbors": [19, 25, 9, 5, 14, 1]}, {"capacity": 969, "impossibleCargos": [2, 3, 4, 5, 10, 12, 13, 14, 16, 17, 18, 19, 21, 22, 23, 24], "neighbors": [15, 27, 16, 3, 26, 25]}, {"capacity": 377, "impossibleCargos": [0, 1, 2, 3, 5, 7, 8, 9, 10, 11, 15, 16, 18, 19, 20, 21, 22, 23], "neighbors": [25, 2, 4, 17, 13, 14, 11, 26, 30]}, {"capacity": 252, "impossibleCargos": [0, 1, 2, 3, 4, 6, 7, 9, 12, 13, 14, 15, 16, 18, 19, 20, 21, 22, 24], "neighbors": [24, 15, 22, 17, 1, 23]}, {"capacity": 973, "impossibleCargos": [0, 1, 3, 5, 6, 8, 9, 10, 11, 12, 13, 15, 16, 17, 18, 20, 22, 23, 24], "neighbors": [4, 32, 17, 33, 9, 23, 31, 29, 24, 7]}, {"capacity": 837, "impossibleCargos": [0, 1, 2, 3, 6, 7, 8, 9, 10, 12, 15, 16, 19, 20, 21, 22, 23, 24], "neighbors": [23, 20, 5, 10, 4, 6, 13, 14, 16, 7]}, {"capacity": 689, "impossibleCargos": [0, 2, 3, 4, 6, 7, 8, 11, 12, 13, 14, 15, 16, 17, 18, 20, 21, 23, 24], "neighbors": [20, 33, 0, 7, 9, 14]}, {"capacity": 539, "impossibleCargos": [0, 1, 2, 3, 4, 5, 7, 8, 9, 11, 12, 13, 14, 17, 18, 19, 20, 21, 22, 23, 24], "neighbors": [0, 5, 18, 26, 12, 14, 8, 6, 3, 2]}, {"capacity": 719, "impossibleCargos": [0, 2, 3, 5, 7, 9, 10, 11, 12, 14, 15, 16, 17, 18, 19, 20, 21, 22, 23, 24], "neighbors": [9, 6, 32, 31, 7, 24, 17]}, {"capacity": 675, "impossibleCargos": [2, 3, 4, 5, 6, 7, 10, 12, 13, 15, 16, 17, 18, 19, 20, 21, 22, 23, 24], "neighbors": [21, 8, 5, 17, 30, 26, 3]}, {"capacity": 624, "impossibleCargos": [0, 1, 2, 3, 4, 5, 7, 8, 9, 12, 13, 15, 16, 17, 19, 20, 21, 22, 23], "neighbors": [18, 13, 0, 12, 30, 26, 21, 9, 7, 1, 15]}, {"capacity": 473, "impossibleCargos": [0, 2, 3, 5, 7, 8, 9, 11, 12, 13, 14, 15, 16, 18, 20, 21, 22], "neighbors": [21, 9, 3, 17, 20, 4, 28, 26, 1, 5, 14, 0]}, {"capacity": 313, "impossibleCargos": [1, 2, 6, 7, 9, 10, 11, 12, 13, 14, 15, 17, 18, 19, 20, 21, 22, 23, 24], "neighbors": [20, 6, 8, 10, 1, 15, 21]}]}