{"volumes": [1351, 1312, 0, 497, 515, 530, 0, 1229, 513, 1066, 0, 1028, 777, 179, 950, 421, 740, 1548, 0, 340, 131, 922, 861, 0, 0], "conflicts": [[0, 2], [0, 6], [1, 2], [1, 23], [2, 4], [2, 5], [2, 8], [2, 12], [2, 13], [2, 14], [2, 15], [2, 23], [3, 16], [4, 13], [4, 16], [4, 18], [4, 19], [4, 20], [4, 23], [4, 24], [5, 16], [5, 18], [6, 8], [6, 9], [6, 11], [6, 18], [6, 24], [7, 23], [7, 24], [8, 18], [10, 23], [10, 24], [11, 23], [11, 24], [12, 18], [12, 24], [14, 24], [15, 16], [15, 24], [16, 17], [18, 19], [18, 20], [18, 22], [18, 23], [18, 24], [19, 20], [19, 23], [20, 24], [22, 24]], "tanks": [{"capacity": 505, "impossibleCargos": [0, 1, 3, 4, 6, 8, 9, 10, 13, 14, 16, 20, 22], "neighbors": [28, 11, 8, 1, 14, 25, 10, 30, 33, 9, 27, 5, 6, 26, 22, 29, 21]}, {"capacity": 935, "impossibleCargos": [0, 1, 2, 5, 6, 8, 9, 10, 11, 14, 15, 16, 17, 18, 21, 22, 24], "neighbors": [3, 22, 0, 20, 21, 30, 23, 13, 31, 15, 2, 16, 19, 32]}, {"capacity": 245, "impossibleCargos": [0, 2, 3, 4, 8, 10, 11, 12, 14, 17, 18, 19, 20, 22], "neighbors": [10, 7, 21, 18, 30, 25, 17, 1, 9, 29, 20, 22, 8]}, {"capacity": 951, "impossibleCargos": [0, 1, 2, 3, 4, 8, 9, 10, 11, 12, 15, 17, 18, 19, 20, 24], "neighbors": [1, 5, 30, 11, 21, 10, 29, 28, 32, 23, 34, 17, 6, 16, 24, 27, 9, 12, 18, 22]}, {"capacity": 823, "impossibleCargos": [1, 3, 7, 10, 12, 13, 14, 15, 17, 21, 23], "neighbors": [27, 28, 14, 11, 15, 29, 30, 9, 16, 31, 19, 23, 26, 34, 25, 20]}, {"capacity": 530, "impossibleCargos": [1, 4, 5, 6, 7, 11, 12, 13, 14, 15, 17, 22], "neighbors": [3, 11, 21, 26, 19, 24, 34, 7, 17, 0, 31, 8]}, {"capacity": 493, "impossibleCargos": [0, 3, 6, 8, 9, 13, 15, 16, 18, 19, 20, 23], "neighbors": [11, 29, 18, 31, 15, 16, 3, 14, 22, 7, 25, 13, 10, 30, 0, 23, 9, 32]}, {"capacity": 825, "impossibleCargos": [0, 1, 2, 3, 4, 6, 8, 9, 10, 13, 16, 17, 19, 23], "neighbors": [19, 30, 8, 2, 25, 12, 11, 21, 31, 16, 28, 6, 5, 24, 22, 20, 27, 29, 9]}, {"capacity": 223, "impossibleCargos": [1, 2, 3, 7, 8, 9, 10, 13, 16, 19], "neighbors": [7, 29, 0, 32, 13, 10, 23, 31, 12, 34, 27, 9, 14, 5, 2, 16]}, {"capacity": 608, "impossibleCargos": [0, 1, 2, 3, 4, 6, 7, 8, 11, 12, 13, 14, 16, 18, 19, 23], "neighbors": [29, 14, 26, 28, 17, 22, 11, 12, 10, 34, 19, 4, 21, 0, 25, 2, 18, 3, 13, 8, 27, 33, 6, 16, 7]}, {"capacity": 770, "impossibleCargos": [0, 1, 2, 3, 4, 6, 8, 9, 11, 12, 17, 19], "neighbors": [33, 2, 29, 25, 3, 20, 16, 8, 9, 32, 15, 0, 31, 12, 6, 22, 26]}, {"capacity": 590, "impossibleCargos": [2, 5, 7, 9, 10, 15, 16, 17, 19, 20, 23, 24], "neighbors": [32, 21, 6, 33, 20, 5, 4, 0, 12, 13, 27, 3, 14, 7, 34, 9, 16, 15, 18, 29, 30]}, {"capacity": 682, "impossibleCargos": [2, 8, 10, 11, 15, 16, 21], "neighbors": [11, 34, 7, 24, 17, 9, 19, 21, 33, 26, 10, 27, 8, 28, 18, 3]}, {"capacity": 836, "impossibleCargos": [3, 5, 12, 13, 14, 15, 18, 20, 21, 24], "neighbors": [33, 15, 11, 8, 14, 1, 29, 6, 34, 20, 9, 31, 26, 25, 19, 18, 23]}, {"capacity": 781, "impossibleCargos": [0, 1, 2, 3, 4, 6, 7, 8, 10, 14, 15, 16, 19, 20, 21, 22, 23, 24], "neighbors": [23, 4, 30, 31, 0, 9, 11, 13, 29, 26, 32, 6, 15, 18, 33, 19, 8, 25]}, {"capacity": 478, "impossibleCargos": [0, 4, 5, 7, 10, 11, 12, 16, 17, 18, 20, 22, 24], "neighbors": [13, 4, 6, 31, 33, 34, 14, 10, 11, 1, 19, 30, 28]}, {"capacity": 567, "impossibleCargos": [0, 1, 3, 5, 7, 9, 10, 11, 13, 21, 22, 24], "neighbors": [33, 10, 6, 26, 21, 27, 28, 7, 3, 11, 4, 25, 1, 9, 8]}, {"capacity": 412, "impossibleCargos": [2, 3, 5, 7, 9, 10, 11, 12, 15, 17, 21, 22, 24], "neighbors": [19, 22, 34, 33, 9, 12, 28, 3, 29, 30, 2, 27, 5, 26]}, {"capacity": 201, "impossibleCargos": [1, 3, 5, 6, 8, 13, 16, 17, 20, 21, 23, 24], "neighbors": [24, 6, 20, 2, 14, 26, 25, 30, 12, 9, 23, 3, 11, 29, 13]}, {"capacity": 347, "impossibleCargos": [2, 3, 9, 12, 15, 18, 19, 22], "neighbors": [7, 17, 30, 5, 33, 12, 9, 22, 25, 34, 4, 15, 14, 26, 1, 13]}, {"capacity": 291, "impossibleCargos": [1, 3, 4, 6, 9, 11, 14, 16, 17, 18, 19, 22, 24], "neighbors": [33, 29, 11, 23, 18, 10, 1, 34, 21, 30, 31, 32, 7, 13, 2, 25, 4]}, {"capacity": 984, "impossibleCargos": [0, 2, 4, 8, 9, 19, 20, 22, 24], "neighbors": [11, 25, 31, 27, 3, 5, 2, 7, 1, 16, 26, 20, 12, 23, 9, 28, 24, 32, 0]}, {"capacity": 226, "impossibleCargos": [1, 2, 3, 10, 11, 12, 13, 15, 16, 17, 18, 21], "neighbors": [28, 24, 1, 17, 9, 6, 19, 33, 25, 7, 32, 29, 10, 0, 3, 2, 30, 31]}, {"capacity": 597, "impossibleCargos": [0, 1, 3, 4, 9, 11, 12, 17, 19, 20, 21, 22, 23, 24], "neighbors": [14, 26, 20, 34, 3, 1, 8, 21, 4, 18, 32, 6, 31, 13]}, {"capacity": 935, "impossibleCargos": [1, 2, 4, 7, 8, 11, 13, 14, 15, 17, 19, 20, 21], "neighbors": [18, 22, 12, 31, 5, 25, 7, 3, 21, 33, 28]}, {"capacity": 692, "impossibleCargos": [2, 3, 6, 7, 9, 11, 13, 14, 15, 17, 18, 24], "neighbors": [21, 30, 10, 7, 0, 29, 34, 19, 26, 6, 22, 2, 24, 9, 18, 28, 16, 20, 4, 13, 14, 27]}, {"capacity": 364, "impossibleCargos": [0, 3, 5, 8, 9, 10, 11, 12, 17, 18, 19, 20, 21, 24], "neighbors": [23, 30, 5, 9, 16, 21, 14, 31, 25, 34, 12, 18, 33, 4, 19, 0, 17, 13, 10]}, {"capacity": 813, "impossibleCargos": [0, 1, 2, 5, 6, 7, 8, 10, 11, 13, 15, 16, 18, 20, 21, 24], "neighbors": [4, 11, 21, 29, 16, 33, 12, 17, 0, 3, 8, 7, 9, 25]}, {"capacity": 817, "impossibleCargos": [1, 2, 3, 6, 8, 14, 15, 17, 18, 20, 24], "neighbors": [22, 0, 4, 34, 3, 30, 9, 17, 16, 7, 21, 25, 12, 15, 24]}, {"capacity": 351, "impossibleCargos": [1, 2, 3, 4, 10, 11, 13, 16, 17, 18, 19, 21, 23, 24], "neighbors": [9, 10, 8, 6, 20, 34, 4, 3, 25, 14, 27, 13, 17, 22, 2, 30, 11, 7, 18, 0]}, {"capacity": 246, "impossibleCargos": [0, 2, 7, 14, 16, 17, 20, 22, 24], "neighbors": [7, 25, 3, 31, 14, 19, 26, 32, 28, 1, 33, 4, 20, 0, 2, 17, 15, 18, 6, 29, 22, 11]}, {"capacity": 306, "impossibleCargos": [2, 4, 5, 7, 8, 9, 10, 11, 14, 15, 17, 18, 22], "neighbors": [30, 21, 34, 14, 6, 15, 24, 26, 7, 1, 10, 4, 8, 20, 32, 33, 13, 5, 23, 22]}, {"capacity": 854, "impossibleCargos": [1, 4, 5, 8, 11, 12, 13, 18, 20, 22, 23, 24], "neighbors": [11, 8, 30, 34, 3, 14, 10, 31, 22, 20, 23, 21, 6, 1]}, {"capacity": 930, "impossibleCargos": [0, 3, 4, 9, 11, 12, 13, 14, 17, 18, 19], "neighbors": [20, 10, 13, 11, 16, 17, 19, 15, 30, 27, 14, 12, 0, 22, 31, 26, 9, 24]}, {"capacity": 898, "impossibleCargos": [0, 1, 5, 9, 10, 11, 12, 14, 15, 17, 19], "neighbors": [29, 28, 31, 17, 12, 23, 32, 11, 20, 3, 15, 25, 9, 5, 19, 26, 13, 8, 4]}]}