{"volumes": [0, 0, 0, 484, 267, 0, 2240, 709, 997, 1478, 0, 0, 506, 1326, 0, 171, 1516, 249, 388, 0, 314, 1948, 289, 0, 624], "conflicts": [[0, 6], [0, 8], [0, 13], [0, 23], [1, 11], [1, 14], [1, 22], [2, 6], [2, 18], [2, 21], [2, 24], [3, 4], [3, 23], [4, 14], [4, 17], [4, 20], [4, 23], [4, 24], [5, 7], [5, 8], [5, 12], [5, 13], [5, 24], [6, 11], [6, 14], [6, 19], [6, 23], [7, 17], [8, 14], [8, 17], [8, 19], [10, 12], [10, 22], [10, 23], [11, 13], [11, 20], [11, 22], [12, 14], [12, 23], [14, 18], [14, 19], [14, 22], [15, 19], [15, 24], [17, 24], [19, 21], [19, 22], [21, 23], [22, 23], [22, 24], [23, 24]], "tanks": [{"capacity": 402, "impossibleCargos": [6, 8, 12, 13, 14, 16, 18, 19, 20, 22, 23], "neighbors": [21, 22, 24, 5, 29, 13, 7, 11, 9, 3, 10, 2, 34, 33, 12, 16, 25]}, {"capacity": 582, "impossibleCargos": [1, 2, 4, 5, 12, 15, 21, 22, 23, 24], "neighbors": [20, 5, 28, 29, 14, 31, 26, 4, 12, 22, 9, 13, 32, 7, 10, 33, 3, 30]}, {"capacity": 732, "impossibleCargos": [5, 7, 8, 12, 14, 15, 16, 18, 19, 20, 21, 23, 24], "neighbors": [27, 12, 26, 16, 24, 6, 30, 23, 10, 22, 0, 20, 8, 18, 29, 9, 32, 31, 11]}, {"capacity": 273, "impossibleCargos": [0, 2, 9, 10, 11, 12, 13, 14, 16, 18, 19, 22], "neighbors": [16, 4, 23, 6, 28, 27, 25, 10, 15, 18, 26, 8, 0, 5, 20, 30, 33, 1]}, {"capacity": 460, "impossibleCargos": [2, 4, 5, 6, 7, 9, 11, 18, 19, 20, 21, 24], "neighbors": [3, 31, 26, 33, 22, 21, 1, 10, 23, 5, 6, 27, 17, 20, 28, 18, 16, 15]}, {"capacity": 299, "impossibleCargos": [0, 1, 4, 5, 8, 10, 11, 12, 14, 18, 19, 20, 22], "neighbors": [28, 32, 31, 1, 29, 0, 8, 20, 9, 4, 3, 30, 10, 24, 7, 13, 11, 21, 25]}, {"capacity": 793, "impossibleCargos": [7, 9, 11, 14, 16, 17, 19, 23, 24], "neighbors": [7, 22, 12, 9, 33, 3, 32, 17, 21, 2, 18, 26, 4, 30, 8, 13]}, {"capacity": 409, "impossibleCargos": [2, 3, 4, 5, 6, 8, 12, 14, 16, 19, 21, 22, 24], "neighbors": [27, 6, 15, 21, 9, 16, 12, 0, 32, 10, 11, 1, 5, 20, 30, 31, 8, 22, 17]}, {"capacity": 685, "impossibleCargos": [0, 1, 2, 3, 5, 11, 12, 13, 14, 15, 17, 18, 19, 22], "neighbors": [25, 20, 33, 16, 5, 24, 26, 30, 3, 13, 9, 2, 6, 7, 29, 15]}, {"capacity": 840, "impossibleCargos": [6, 9, 10, 11, 12, 14, 16, 17, 20], "neighbors": [26, 23, 33, 6, 16, 7, 27, 5, 15, 0, 1, 8, 12, 2, 14, 25]}, {"capacity": 218, "impossibleCargos": [0, 1, 2, 5, 6, 9, 11, 14, 17, 18, 20, 21, 22, 24], "neighbors": [12, 13, 16, 15, 11, 3, 29, 4, 17, 2, 18, 14, 0, 7, 5, 23, 1, 27, 31, 21, 30]}, {"capacity": 241, "impossibleCargos": [0, 1, 4, 5, 7, 8, 9, 12, 15, 17, 20, 22, 24], "neighbors": [16, 13, 25, 10, 30, 31, 23, 0, 33, 19, 7, 29, 28, 5, 2, 14]}, {"capacity": 801, "impossibleCargos": [0, 5, 6, 9, 10, 11, 12, 14, 15, 17, 20], "neighbors": [10, 2, 19, 13, 33, 27, 6, 20, 30, 25, 7, 1, 16, 22, 28, 9, 29, 17, 0, 18]}, {"capacity": 339, "impossibleCargos": [0, 6, 8, 10, 11, 12, 20, 21, 22], "neighbors": [10, 26, 28, 12, 30, 11, 27, 0, 34, 15, 22, 33, 1, 8, 19, 5, 18, 6]}, {"capacity": 776, "impossibleCargos": [0, 1, 4, 5, 6, 9, 11, 12, 16, 18, 22, 23], "neighbors": [33, 19, 1, 10, 18, 17, 9, 11]}, {"capacity": 719, "impossibleCargos": [1, 2, 4, 6, 7, 8, 9, 10, 12, 13, 14, 16, 19, 20, 24], "neighbors": [7, 33, 10, 26, 3, 23, 13, 9, 22, 19, 28, 30, 24, 29, 4, 8]}, {"capacity": 814, "impossibleCargos": [1, 2, 3, 4, 7, 11, 12, 14, 15, 17, 21, 22, 23, 24], "neighbors": [3, 33, 10, 19, 11, 27, 8, 9, 26, 2, 7, 12, 32, 25, 4, 34, 30, 17, 0]}, {"capacity": 918, "impossibleCargos": [0, 8, 9, 11, 13, 15, 17, 19, 21], "neighbors": [31, 6, 21, 20, 10, 4, 30, 27, 32, 24, 14, 12, 16, 7, 29]}, {"capacity": 413, "impossibleCargos": [2, 9, 10, 11, 12, 13, 14, 16, 17, 18, 19, 21, 23], "neighbors": [21, 30, 29, 28, 6, 3, 10, 22, 14, 2, 32, 4, 13, 19, 12, 26]}, {"capacity": 983, "impossibleCargos": [4, 5, 9, 10, 12, 15, 16, 20, 22, 24], "neighbors": [20, 12, 14, 24, 16, 26, 32, 11, 25, 15, 31, 34, 33, 13, 22, 18]}, {"capacity": 434, "impossibleCargos": [0, 1, 4, 6, 8, 10, 12, 13, 14, 15, 17, 18, 21], "neighbors": [1, 32, 19, 22, 26, 8, 12, 5, 23, 28, 30, 17, 29, 24, 3, 4, 31, 2, 7, 33, 21, 34]}, {"capacity": 502, "impossibleCargos": [0, 1, 2, 3, 5, 6, 11, 12, 14, 15, 16, 18, 20, 22, 24], "neighbors": [0, 18, 33, 17, 7, 4, 6, 29, 22, 26, 20, 5, 23, 10]}, {"capacity": 574, "impossibleCargos": [1, 7, 10, 14, 15, 16, 17, 18, 19, 21, 24], "neighbors": [0, 20, 24, 6, 4, 30, 2, 1, 29, 15, 13, 12, 18, 21, 33, 23, 31, 19, 28, 7]}, {"capacity": 612, "impossibleCargos": [0, 2, 3, 5, 7, 8, 9, 10, 13, 14, 17, 18, 19, 23], "neighbors": [3, 31, 9, 20, 27, 15, 30, 11, 4, 2, 10, 22, 21]}, {"capacity": 714, "impossibleCargos": [5, 6, 8, 10, 12, 15, 17, 19, 20, 23], "neighbors": [27, 22, 19, 0, 32, 8, 2, 25, 20, 5, 17, 15]}, {"capacity": 428, "impossibleCargos": [1, 3, 5, 7, 8, 10, 11, 12, 16, 20, 23], "neighbors": [34, 31, 8, 11, 32, 3, 12, 28, 24, 16, 19, 30, 26, 5, 33, 9, 0]}, {"capacity": 724, "impossibleCargos": [3, 5, 7, 10, 11, 13, 15, 16, 18, 19, 24], "neighbors": [9, 33, 13, 20, 1, 4, 2, 16, 15, 29, 19, 8, 3, 6, 28, 27, 25, 21, 30, 18]}, {"capacity": 643, "impossibleCargos": [11, 13, 14, 16, 20, 21, 23, 24], "neighbors": [24, 7, 2, 16, 12, 13, 3, 32, 23, 31, 9, 4, 26, 17, 10]}, {"capacity": 430, "impossibleCargos": [0, 1, 2, 3, 5, 7, 12, 14, 16, 17, 18, 19, 22], "neighbors": [5, 1, 13, 3, 20, 18, 25, 34, 26, 30, 15, 12, 4, 11, 22, 31]}, {"capacity": 415, "impossibleCargos": [1, 2, 4, 5, 9, 11, 13, 14, 15, 16, 20, 22, 24], "neighbors": [31, 1, 5, 0, 30, 18, 26, 34, 10, 20, 22, 21, 11, 2, 12, 15, 8, 17]}, {"capacity": 419, "impossibleCargos": [1, 9, 10, 11, 13, 14, 15, 16, 18, 19, 20, 23], "neighbors": [18, 13, 29, 34, 11, 12, 20, 22, 23, 2, 8, 5, 28, 3, 15, 6, 17, 7, 25, 26, 16, 1, 10]}, {"capacity": 944, "impossibleCargos": [0, 1, 2, 5, 6, 7, 8, 9, 12, 14, 17, 18, 21], "neighbors": [17, 29, 5, 25, 23, 4, 1, 27, 11, 34, 19, 20, 7, 22, 2, 10, 28]}, {"capacity": 334, "impossibleCargos": [0, 1, 3, 4, 5, 6, 7, 11, 13, 15, 19, 20, 22, 23, 24], "neighbors": [5, 20, 6, 24, 25, 27, 34, 19, 16, 7, 1, 17, 18, 33, 2]}, {"capacity": 557, "impossibleCargos": [1, 3, 8, 10, 15, 16, 17, 18, 19, 22], "neighbors": [14, 26, 16, 9, 21, 12, 8, 6, 15, 4, 11, 13, 3, 19, 22, 1, 0, 20, 32, 25]}, {"capacity": 323, "impossibleCargos": [0, 1, 3, 4, 5, 7, 10, 14, 16, 19, 20, 22, 24], "neighbors": [25, 30, 13, 32, 29, 28, 31, 19, 0, 16, 20]}]}