{"volumes": [676, 0, 0, 272, 230, 148, 0, 1610, 1025, 876, 1399, 319, 0, 887, 570, 376, 947, 0, 0, 1159, 0, 0, 1015, 727, 861], "conflicts": [[0, 2], [0, 6], [0, 12], [0, 21], [1, 3], [1, 4], [1, 5], [1, 7], [1, 8], [1, 10], [1, 11], [1, 12], [1, 13], [1, 14], [1, 15], [1, 19], [1, 22], [1, 24], [2, 3], [2, 4], [2, 5], [2, 6], [2, 7], [2, 8], [2, 9], [2, 10], [2, 11], [2, 12], [2, 13], [2, 14], [2, 15], [2, 16], [2, 17], [2, 22], [3, 4], [3, 12], [3, 14], [3, 17], [3, 18], [3, 21], [4, 11], [4, 14], [4, 18], [4, 19], [4, 20], [4, 21], [4, 24], [5, 6], [5, 10], [5, 11], [5, 17], [5, 18], [5, 20], [5, 23], [6, 8], [6, 9], [6, 10], [6, 11], [6, 12], [6, 13], [6, 14], [6, 15], [6, 16], [6, 17], [6, 18], [6, 19], [6, 20], [6, 21], [6, 22], [6, 23], [7, 12], [7, 17], [7, 18], [7, 20], [7, 21], [8, 12], [8, 15], [8, 17], [8, 18], [8, 20], [8, 21], [9, 12], [9, 15], [9, 17], [9, 18], [9, 20], [9, 21], [10, 17], [10, 18], [10, 21], [11, 12], [11, 13], [11, 14], [11, 17], [11, 18], [11, 21], [12, 13], [12, 14], [12, 17], [12, 18], [12, 19], [12, 20], [12, 21], [12, 22], [12, 23], [13, 17], [13, 20], [14, 17], [14, 18], [14, 19], [15, 17], [15, 20], [15, 21], [16, 17], [16, 18], [16, 20], [16, 21], [17, 18], [17, 19], [17, 20], [17, 21], [17, 23], [18, 19], [18, 20], [18, 21], [19, 20], [19, 21], [20, 22], [20, 23], [20, 24], [21, 23], [21, 24]], "tanks": [{"capacity": 638, "impossibleCargos": [0, 3, 6, 7, 8, 14, 17, 21, 24], "neighbors": [22, 13, 18, 29, 12, 31, 27, 17, 4, 10, 30, 28, 23, 6, 5, 16, 24, 15]}, {"capacity": 807, "impossibleCargos": [1, 2, 3, 4, 7, 12, 14, 16, 19, 21, 23, 24], "neighbors": [13, 9, 7, 24, 4, 29, 18, 14, 30, 27, 26, 32, 33]}, {"capacity": 989, "impossibleCargos": [4, 7, 8, 9, 10, 12, 13, 17, 19, 20, 21, 22], "neighbors": [5, 8, 23, 16, 30, 18, 24, 19, 10, 13, 9, 6, 12, 27, 15, 33, 17, 29, 32]}, {"capacity": 692, "impossibleCargos": [3, 4, 8, 9, 10, 11, 13, 15, 17, 19, 20, 22, 23], "neighbors": [13, 17, 32, 28, 31, 15, 14, 30, 5, 21, 26, 23, 6, 24, 10, 20, 22, 16, 9]}, {"capacity": 353, "impossibleCargos": [0, 2, 3, 4, 7, 9, 16, 18, 21, 22, 23, 24], "neighbors": [17, 27, 1, 18, 25, 0, 12, 13, 31, 7, 21, 5, 9, 14, 20, 23, 29]}, {"capacity": 459, "impossibleCargos": [0, 1, 2, 5, 11, 12, 14, 15, 16, 21, 22, 23, 24], "neighbors": [10, 12, 22, 2, 30, 7, 14, 31, 24, 3, 15, 0, 13, 4, 26, 9, 17, 8, 18, 33]}, {"capacity": 411, "impossibleCargos": [0, 1, 4, 9, 10, 11, 14, 17, 19, 20, 21, 22, 23, 24], "neighbors": [31, 25, 23, 21, 33, 12, 7, 15, 0, 26, 2, 16, 17, 22, 11, 3, 19, 8]}, {"capacity": 224, "impossibleCargos": [4, 12, 21, 22, 23, 24], "neighbors": [10, 1, 8, 5, 6, 33, 32, 28, 4, 21, 26, 20, 34, 18, 29, 14, 16, 13]}, {"capacity": 791, "impossibleCargos": [1, 2, 3, 5, 6, 7, 10, 11, 12, 15, 16, 17, 18, 20, 21], "neighbors": [10, 2, 7, 30, 31, 22, 18, 34, 19, 12, 28, 33, 13, 6, 20, 25, 5]}, {"capacity": 956, "impossibleCargos": [0, 2, 4, 6, 8, 12, 13, 15, 16, 17, 19, 20, 21, 23, 24], "neighbors": [13, 25, 1, 10, 29, 11, 2, 34, 22, 12, 4, 31, 30, 5, 18, 3, 33]}, {"capacity": 433, "impossibleCargos": [3, 5, 6, 11, 14, 15, 16, 20, 21, 23, 24], "neighbors": [5, 8, 15, 21, 12, 7, 19, 13, 0, 9, 2, 23, 26, 11, 33, 30, 28, 32, 3]}, {"capacity": 286, "impossibleCargos": [0, 1, 2, 6, 8, 12, 13, 15, 17, 19], "neighbors": [22, 12, 18, 17, 16, 9, 15, 13, 33, 10, 29, 26, 6, 27, 19]}, {"capacity": 471, "impossibleCargos": [1, 2, 4, 6, 8, 10, 13, 15, 20, 21, 23], "neighbors": [5, 0, 10, 13, 31, 11, 6, 17, 4, 32, 33, 16, 22, 8, 2, 9, 24]}, {"capacity": 810, "impossibleCargos": [0, 1, 8, 12, 15, 17, 18, 24], "neighbors": [9, 0, 1, 3, 12, 10, 32, 29, 2, 4, 11, 14, 5, 28, 8, 31, 18, 20, 7]}, {"capacity": 453, "impossibleCargos": [1, 2, 4, 6, 10, 13, 14, 15, 19, 20, 21, 23], "neighbors": [28, 1, 5, 25, 26, 3, 29, 13, 18, 15, 4, 31, 32, 30, 7]}, {"capacity": 540, "impossibleCargos": [7, 8, 9, 11, 13, 14, 18, 19], "neighbors": [19, 10, 24, 32, 21, 26, 20, 3, 28, 6, 11, 16, 5, 30, 14, 34, 23, 2, 0]}, {"capacity": 533, "impossibleCargos": [1, 2, 6, 7, 8, 10, 12, 15, 16, 18, 19, 20, 21, 23], "neighbors": [17, 24, 34, 22, 20, 2, 11, 12, 15, 18, 6, 0, 3, 7, 25]}, {"capacity": 302, "impossibleCargos": [1, 2, 8, 10, 11, 12, 15, 22], "neighbors": [16, 20, 25, 4, 3, 0, 12, 11, 19, 31, 34, 18, 6, 32, 26, 5, 2]}, {"capacity": 670, "impossibleCargos": [0, 2, 6, 7, 10, 11, 13, 14, 17, 19, 20, 21], "neighbors": [28, 0, 26, 1, 4, 11, 27, 8, 2, 25, 14, 16, 23, 17, 7, 30, 13, 32, 9, 5]}, {"capacity": 237, "impossibleCargos": [0, 4, 5, 6, 10, 11, 12, 13, 15, 17, 20, 21, 23], "neighbors": [33, 20, 15, 10, 2, 8, 17, 31, 25, 30, 21, 6, 29, 22, 11]}, {"capacity": 427, "impossibleCargos": [0, 2, 5, 6, 7, 8, 9, 11, 12, 14, 15, 17, 18, 19, 20, 21, 23, 24], "neighbors": [17, 19, 21, 28, 15, 16, 7, 32, 23, 4, 13, 3, 31, 8, 34, 26]}, {"capacity": 373, "impossibleCargos": [0, 2, 3, 5, 7, 8, 9, 10, 11, 13, 14, 15, 17, 22, 23], "neighbors": [10, 15, 20, 6, 34, 23, 26, 7, 3, 25, 22, 4, 19, 28]}, {"capacity": 609, "impossibleCargos": [0, 1, 5, 9, 11, 14, 19, 20, 21], "neighbors": [0, 5, 11, 25, 16, 8, 30, 12, 21, 31, 34, 9, 6, 3, 19]}, {"capacity": 388, "impossibleCargos": [0, 5, 7, 9, 17, 18, 19, 20, 22, 24], "neighbors": [30, 2, 6, 29, 10, 0, 21, 25, 18, 3, 20, 15, 31, 4, 24]}, {"capacity": 343, "impossibleCargos": [0, 2, 3, 4, 6, 8, 9, 11, 12, 13, 14, 15, 17, 18, 19, 21, 23], "neighbors": [16, 15, 1, 32, 2, 5, 26, 30, 25, 3, 12, 0, 23, 31]}, {"capacity": 376, "impossibleCargos": [3, 5, 8, 10, 13, 17, 18, 20, 21, 22, 23], "neighbors": [17, 28, 9, 6, 22, 4, 30, 14, 18, 21, 32, 23, 19, 24, 16, 8, 29]}, {"capacity": 250, "impossibleCargos": [2, 4, 7, 11, 15, 16, 17, 18, 23, 24], "neighbors": [18, 15, 14, 24, 1, 21, 10, 33, 7, 6, 32, 11, 28, 3, 5, 17, 31, 20]}, {"capacity": 733, "impossibleCargos": [0, 1, 2, 3, 5, 6, 10, 14, 15, 16, 17, 19, 20, 21], "neighbors": [31, 4, 0, 18, 30, 1, 28, 2, 33, 11, 29]}, {"capacity": 737, "impossibleCargos": [0, 3, 4, 5, 6, 7, 8, 9, 11, 13, 15, 16, 18, 22, 23], "neighbors": [18, 25, 33, 14, 34, 29, 20, 3, 32, 15, 7, 0, 27, 26, 8, 13, 10, 30, 21]}, {"capacity": 795, "impossibleCargos": [3, 4, 6, 8, 9, 12, 17, 20, 21, 22], "neighbors": [0, 1, 28, 13, 23, 32, 9, 14, 11, 19, 7, 34, 4, 27, 25, 2]}, {"capacity": 399, "impossibleCargos": [0, 4, 5, 6, 9, 10, 14, 15, 18, 21], "neighbors": [23, 31, 5, 8, 25, 2, 0, 3, 27, 1, 22, 24, 15, 10, 34, 32, 18, 19, 28, 9, 14, 33]}, {"capacity": 477, "impossibleCargos": [1, 2, 5, 9, 13, 16, 18, 20, 21, 22, 23], "neighbors": [27, 0, 6, 12, 30, 33, 8, 3, 5, 4, 17, 22, 19, 14, 13, 9, 23, 26, 20, 24]}, {"capacity": 786, "impossibleCargos": [3, 8, 11, 13, 15, 20, 21, 23], "neighbors": [15, 24, 13, 3, 7, 28, 12, 29, 34, 25, 1, 26, 33, 20, 30, 17, 10, 14, 18, 2]}, {"capacity": 576, "impossibleCargos": [3, 7, 8, 9, 10, 12, 14, 19, 20, 22, 23, 24], "neighbors": [19, 28, 31, 6, 7, 12, 26, 11, 10, 1, 8, 32, 27, 2, 30, 5, 9]}, {"capacity": 987, "impossibleCargos": [2, 3, 5, 6, 7, 10, 11, 12, 13, 16, 17, 18, 20, 21, 22, 23], "neighbors": [28, 16, 21, 8, 32, 9, 22, 17, 7, 30, 15, 29, 20]}]}