{"volumes": [1217, 0, 1419, 1439, 1147, 418, 379, 1014, 0, 2238, 0, 0, 312, 0, 0, 0, 0, 362, 406, 717, 421, 1046, 2124, 2211, 0], "conflicts": [[0, 1], [0, 11], [0, 14], [1, 9], [1, 13], [1, 18], [1, 23], [1, 24], [2, 8], [2, 10], [2, 24], [3, 14], [3, 15], [3, 16], [4, 11], [4, 13], [4, 15], [4, 16], [4, 24], [5, 6], [5, 11], [5, 22], [6, 16], [7, 8], [7, 10], [7, 13], [7, 14], [7, 15], [7, 18], [8, 9], [8, 14], [8, 16], [8, 18], [8, 19], [8, 23], [8, 24], [9, 14], [9, 15], [10, 11], [10, 12], [10, 17], [10, 20], [11, 12], [11, 18], [11, 19], [11, 20], [11, 23], [12, 16], [13, 14], [13, 20], [13, 21], [14, 19], [14, 22], [14, 23], [15, 22], [16, 20], [16, 21], [16, 24]], "tanks": [{"capacity": 615, "impossibleCargos": [0, 2, 3, 6, 8, 9, 11, 12, 15, 16, 18, 19, 20, 22, 23, 24], "neighbors": [20, 1, 4, 2, 14, 15, 29, 16, 12, 8, 6, 17, 26, 31]}, {"capacity": 733, "impossibleCargos": [0, 1, 2, 3, 4, 5, 6, 7, 11, 12, 14, 15, 16, 17, 18, 19, 20, 22, 23, 24], "neighbors": [8, 26, 10, 9, 18, 0, 12, 23, 11, 25, 33, 19, 17, 5, 2, 24, 13]}, {"capacity": 936, "impossibleCargos": [1, 2, 3, 7, 8, 9, 11, 12, 13, 14, 15, 17, 19, 20, 22, 23, 24], "neighbors": [8, 27, 30, 0, 13, 3, 14, 25, 9, 7, 19, 15, 26, 34, 11, 33, 4, 12, 1, 29, 28, 21, 5]}, {"capacity": 599, "impossibleCargos": [1, 3, 4, 5, 6, 7, 8, 9, 11, 13, 14, 15, 16, 17, 18, 20, 21, 22, 23], "neighbors": [5, 6, 13, 4, 2, 17, 11, 24, 29, 31, 33, 7, 10, 9, 16, 14, 23, 21]}, {"capacity": 735, "impossibleCargos": [1, 3, 5, 7, 8, 9, 11, 12, 14, 16, 17, 19, 20], "neighbors": [9, 3, 0, 21, 6, 23, 11, 25, 26, 24, 27, 2, 29, 16, 10]}, {"capacity": 794, "impossibleCargos": [0, 1, 2, 4, 5, 6, 7, 9, 10, 12, 13, 14, 15, 17, 18, 19, 20, 22, 23, 24], "neighbors": [3, 8, 7, 21, 33, 16, 12, 32, 26, 18, 6, 1, 29, 24, 11, 34, 31, 9, 2, 25]}, {"capacity": 568, "impossibleCargos": [0, 1, 2, 3, 4, 5, 6, 7, 8, 9, 10, 11, 14, 15, 16, 17, 19, 20, 21, 23, 24], "neighbors": [3, 32, 18, 4, 10, 21, 7, 17, 0, 30, 9, 14, 22, 5, 31, 29, 25]}, {"capacity": 708, "impossibleCargos": [0, 1, 3, 4, 5, 6, 7, 8, 11, 13, 14, 15, 16, 17, 19, 20, 21, 22, 23, 24], "neighbors": [10, 5, 34, 26, 23, 24, 31, 20, 6, 2, 22, 3, 33, 18, 25, 30, 16]}, {"capacity": 429, "impossibleCargos": [1, 2, 3, 4, 5, 7, 8, 9, 11, 12, 13, 18, 19, 22, 23, 24], "neighbors": [2, 1, 5, 12, 11, 32, 30, 24, 0, 31, 13, 9, 15, 14]}, {"capacity": 903, "impossibleCargos": [1, 2, 3, 4, 5, 6, 7, 8, 9, 10, 11, 12, 13, 14, 16, 17, 18, 20, 21, 22, 24], "neighbors": [4, 1, 30, 18, 16, 23, 2, 25, 6, 8, 22, 3, 21, 11, 5, 33, 12]}, {"capacity": 984, "impossibleCargos": [1, 2, 3, 4, 5, 6, 7, 8, 11, 12, 13, 14, 15, 17, 18, 19, 20, 22, 23, 24], "neighbors": [7, 1, 6, 15, 13, 26, 17, 12, 27, 24, 16, 34, 19, 3, 25, 20, 4]}, {"capacity": 501, "impossibleCargos": [0, 1, 2, 4, 6, 7, 8, 10, 12, 15, 16, 18, 20], "neighbors": [8, 24, 15, 1, 3, 4, 20, 17, 26, 12, 2, 22, 33, 5, 9, 28]}, {"capacity": 870, "impossibleCargos": [1, 2, 3, 4, 5, 6, 8, 10, 12, 13, 15, 18, 19, 21, 22, 23, 24], "neighbors": [16, 14, 26, 29, 8, 17, 1, 28, 10, 0, 5, 20, 32, 33, 11, 25, 2, 34, 9]}, {"capacity": 717, "impossibleCargos": [1, 2, 3, 4, 5, 7, 8, 10, 13, 17, 18, 19, 20, 21, 22], "neighbors": [23, 29, 3, 32, 30, 28, 2, 27, 10, 18, 19, 31, 8, 15, 14, 1, 21]}, {"capacity": 535, "impossibleCargos": [0, 1, 2, 3, 4, 6, 7, 8, 9, 10, 11, 12, 13, 14, 15, 16, 17, 18, 20, 23, 24], "neighbors": [16, 12, 27, 2, 23, 0, 32, 24, 17, 13, 28, 6, 8, 3, 30]}, {"capacity": 946, "impossibleCargos": [2, 3, 4, 5, 6, 7, 8, 9, 12, 13, 15, 18, 19, 20, 21, 22, 24], "neighbors": [18, 10, 30, 11, 0, 13, 2, 8, 33, 28, 21, 23, 20, 31, 25]}, {"capacity": 873, "impossibleCargos": [1, 2, 4, 5, 6, 9, 10, 11, 12, 13, 14, 15, 18, 20, 21, 22, 24], "neighbors": [14, 12, 24, 25, 9, 0, 5, 30, 18, 10, 33, 3, 31, 32, 4, 7]}, {"capacity": 935, "impossibleCargos": [0, 3, 4, 7, 8, 9, 10, 11, 12, 13, 15, 17, 20, 22, 23], "neighbors": [32, 12, 19, 24, 31, 3, 10, 18, 11, 21, 14, 6, 1, 22, 0, 20, 33, 28]}, {"capacity": 499, "impossibleCargos": [0, 2, 3, 5, 7, 11, 12, 13, 14, 15, 16, 17, 18, 20, 22, 23, 24], "neighbors": [33, 1, 15, 6, 9, 13, 27, 17, 16, 21, 30, 26, 5, 7, 34, 22, 19]}, {"capacity": 680, "impossibleCargos": [0, 1, 3, 5, 6, 8, 10, 11, 12, 13, 15, 16, 17, 24], "neighbors": [28, 17, 34, 21, 13, 27, 2, 10, 1, 29, 26, 25, 23, 31, 18]}, {"capacity": 686, "impossibleCargos": [0, 2, 3, 4, 5, 6, 7, 8, 9, 10, 12, 13, 15, 18, 19, 21, 22, 24], "neighbors": [0, 30, 21, 25, 29, 22, 7, 24, 11, 12, 23, 10, 17, 32, 33, 15]}, {"capacity": 587, "impossibleCargos": [0, 2, 3, 5, 6, 7, 9, 10, 11, 12, 13, 14, 15, 16, 17, 19, 21, 22, 23], "neighbors": [20, 5, 33, 4, 19, 6, 18, 17, 34, 27, 23, 15, 9, 32, 13, 2, 3, 29, 28]}, {"capacity": 983, "impossibleCargos": [0, 3, 4, 5, 7, 8, 9, 10, 12, 13, 15, 17, 18, 19, 20, 21, 23, 24], "neighbors": [28, 20, 27, 24, 7, 6, 23, 30, 9, 17, 11, 31, 18]}, {"capacity": 232, "impossibleCargos": [0, 1, 3, 5, 6, 9, 10, 13, 14, 16, 17, 19, 20, 21, 23, 24], "neighbors": [13, 27, 7, 4, 1, 14, 9, 31, 22, 30, 26, 20, 21, 19, 3, 15, 28, 24]}, {"capacity": 882, "impossibleCargos": [1, 3, 4, 5, 6, 7, 10, 13, 14, 16, 17, 18, 19, 20, 21, 22, 23], "neighbors": [16, 29, 31, 17, 7, 11, 27, 20, 14, 25, 22, 8, 3, 10, 4, 26, 5, 34, 1, 33, 23]}, {"capacity": 996, "impossibleCargos": [1, 2, 4, 6, 9, 10, 11, 12, 13, 14, 15, 19, 20, 21, 22, 24], "neighbors": [27, 20, 16, 1, 28, 4, 33, 2, 24, 9, 34, 10, 12, 31, 19, 7, 6, 15, 5]}, {"capacity": 264, "impossibleCargos": [0, 2, 3, 4, 6, 7, 12, 13, 14, 16, 18, 19, 20, 21, 23, 24], "neighbors": [1, 12, 7, 29, 10, 28, 4, 18, 11, 5, 24, 2, 19, 23, 0, 31, 30]}, {"capacity": 481, "impossibleCargos": [0, 1, 4, 6, 7, 8, 9, 12, 13, 14, 16, 17, 20, 21, 23], "neighbors": [23, 25, 2, 33, 14, 34, 13, 24, 22, 18, 19, 10, 4, 21, 31]}, {"capacity": 802, "impossibleCargos": [0, 1, 2, 3, 5, 6, 7, 9, 11, 12, 13, 14, 15, 16, 19, 20, 21, 23, 24], "neighbors": [29, 22, 19, 13, 12, 32, 25, 34, 26, 14, 15, 31, 2, 11, 23, 17, 21]}, {"capacity": 549, "impossibleCargos": [0, 1, 2, 3, 4, 5, 7, 8, 9, 11, 12, 13, 16, 18, 19, 21, 22, 24], "neighbors": [28, 13, 12, 33, 24, 20, 26, 0, 32, 3, 34, 19, 5, 2, 30, 4, 6, 21]}, {"capacity": 691, "impossibleCargos": [0, 1, 4, 5, 6, 7, 10, 12, 15, 17, 18, 20, 21, 23, 24], "neighbors": [20, 2, 13, 15, 9, 31, 8, 16, 18, 6, 22, 23, 29, 14, 26, 7, 32]}, {"capacity": 252, "impossibleCargos": [0, 1, 2, 4, 5, 7, 9, 11, 12, 13, 14, 15, 19, 20, 21, 23, 24], "neighbors": [24, 7, 17, 32, 30, 3, 13, 8, 23, 6, 22, 25, 16, 28, 27, 26, 15, 19, 5, 0]}, {"capacity": 953, "impossibleCargos": [0, 1, 3, 5, 6, 7, 8, 9, 10, 11, 12, 13, 17, 20, 22, 23, 24], "neighbors": [17, 6, 13, 8, 28, 14, 31, 29, 12, 5, 33, 20, 21, 16, 30]}, {"capacity": 614, "impossibleCargos": [0, 1, 2, 3, 5, 6, 7, 10, 11, 13, 14, 15, 17, 18, 19, 20, 23, 24], "neighbors": [18, 27, 29, 21, 5, 25, 3, 12, 1, 32, 7, 2, 15, 11, 16, 20, 24, 9, 17]}, {"capacity": 581, "impossibleCargos": [1, 2, 3, 4, 6, 7, 8, 9, 10, 12, 13, 18, 20, 21, 23, 24], "neighbors": [7, 27, 19, 28, 25, 29, 10, 2, 21, 12, 24, 5, 18]}]}