{"volumes": [279, 512, 1498, 776, 282, 1296, 611, 788, 709, 0, 530, 0, 1943, 0, 567, 1819, 1075, 572, 1058, 0, 0, 1142, 0, 0, 0], "conflicts": [[0, 11], [0, 13], [0, 19], [0, 20], [0, 22], [0, 23], [1, 7], [1, 9], [1, 24], [2, 11], [2, 20], [2, 24], [3, 9], [3, 11], [3, 24], [4, 9], [4, 11], [4, 19], [4, 22], [5, 9], [5, 13], [5, 23], [5, 24], [6, 9], [6, 11], [6, 13], [6, 14], [6, 23], [6, 24], [7, 13], [7, 14], [7, 20], [7, 22], [7, 23], [7, 24], [8, 9], [8, 13], [8, 19], [8, 22], [9, 10], [9, 11], [9, 13], [9, 16], [9, 19], [9, 20], [9, 23], [10, 11], [10, 19], [10, 22], [10, 23], [11, 12], [11, 13], [11, 14], [11, 16], [11, 17], [11, 18], [11, 19], [11, 20], [11, 21], [11, 23], [12, 19], [12, 22], [12, 24], [13, 14], [13, 16], [13, 20], [13, 21], [13, 23], [13, 24], [14, 19], [15, 19], [15, 20], [15, 23], [15, 24], [16, 23], [17, 22], [17, 24], [18, 19], [18, 22], [18, 24], [19, 20], [19, 21], [19, 22], [19, 24], [22, 23], [22, 24]], "tanks": [{"capacity": 839, "impossibleCargos": [3, 12, 13, 17, 18, 19], "neighbors": [32, 11, 27, 4, 1, 14, 18, 30, 7, 23, 16, 6, 34, 10, 29, 15, 12, 20, 24, 28, 26]}, {"capacity": 968, "impossibleCargos": [4, 8, 11, 18], "neighbors": [22, 12, 28, 0, 25, 32, 6, 13, 16, 14, 34, 9, 27, 23, 18, 11, 19, 15, 26, 4, 30, 7, 3, 33, 24, 10]}, {"capacity": 569, "impossibleCargos": [5, 8, 14, 16, 22], "neighbors": [10, 28, 25, 17, 30, 14, 32, 12, 8, 31, 27, 3, 15, 7, 13, 33, 24, 6, 22, 5, 34, 4, 18, 9]}, {"capacity": 892, "impossibleCargos": [6, 8, 10, 20, 22], "neighbors": [32, 29, 22, 9, 5, 28, 17, 24, 4, 19, 2, 26, 31, 1, 8, 16, 33, 20, 6, 34, 25, 7, 18, 23, 11, 27, 12]}, {"capacity": 893, "impossibleCargos": [6, 9, 11, 20], "neighbors": [28, 0, 26, 5, 21, 12, 9, 31, 17, 24, 10, 19, 3, 29, 7, 1, 15, 23, 11, 32, 25, 8, 33, 20, 30, 2, 13, 22]}, {"capacity": 887, "impossibleCargos": [1, 5, 11, 19, 22], "neighbors": [11, 29, 20, 4, 14, 10, 3, 17, 23, 6, 27, 22, 31, 32, 25, 30, 34, 8, 33, 9, 18, 2, 15]}, {"capacity": 203, "impossibleCargos": [6, 8, 10, 12, 24], "neighbors": [28, 17, 32, 19, 23, 34, 1, 22, 9, 8, 14, 5, 0, 7, 33, 11, 21, 10, 16, 25, 26, 2, 20, 30, 3, 24]}, {"capacity": 478, "impossibleCargos": [2, 6, 13, 19, 20], "neighbors": [33, 30, 21, 24, 0, 8, 10, 16, 6, 11, 32, 14, 31, 2, 4, 34, 1, 9, 19, 27, 25, 18, 3, 26]}, {"capacity": 754, "impossibleCargos": [2, 6, 11, 14, 16, 18, 20, 23], "neighbors": [33, 30, 20, 12, 7, 6, 27, 2, 23, 26, 16, 11, 10, 15, 25, 19, 5, 3, 18, 4, 21, 14, 28, 32, 22, 34]}, {"capacity": 619, "impossibleCargos": [5, 6, 14, 15, 19, 23, 24], "neighbors": [15, 25, 26, 6, 16, 3, 13, 4, 12, 32, 1, 34, 17, 7, 5, 28, 18, 33, 11, 21, 23, 10, 2, 19]}, {"capacity": 354, "impossibleCargos": [1, 4, 8, 14, 16], "neighbors": [26, 11, 2, 5, 20, 30, 32, 7, 13, 29, 21, 4, 14, 6, 8, 18, 0, 19, 15, 31, 33, 27, 28, 23, 9, 24, 1, 25]}, {"capacity": 274, "impossibleCargos": [1, 11, 17], "neighbors": [30, 0, 5, 34, 10, 32, 19, 28, 22, 21, 31, 33, 29, 7, 6, 8, 13, 27, 1, 12, 4, 15, 9, 26, 3, 20, 14]}, {"capacity": 645, "impossibleCargos": [0, 8, 14, 15, 18, 22, 24], "neighbors": [1, 20, 24, 33, 4, 28, 8, 23, 16, 9, 2, 25, 15, 32, 30, 11, 0, 14, 21, 18, 34, 3, 27]}, {"capacity": 694, "impossibleCargos": [4, 7, 11, 15, 19, 22, 23], "neighbors": [27, 25, 17, 20, 1, 10, 9, 31, 21, 19, 22, 26, 11, 2, 32, 16, 30, 14, 23, 34, 18, 4]}, {"capacity": 314, "impossibleCargos": [0, 1, 2, 6, 7, 8, 9, 10, 21], "neighbors": [22, 16, 27, 15, 33, 0, 29, 5, 20, 17, 32, 2, 28, 6, 30, 23, 18, 34, 10, 1, 31, 7, 13, 12, 8, 21, 24, 11, 26]}, {"capacity": 835, "impossibleCargos": [7, 9, 11, 15], "neighbors": [17, 9, 14, 20, 28, 12, 32, 33, 8, 1, 2, 16, 18, 4, 10, 25, 0, 24, 11, 34, 5, 30, 21]}, {"capacity": 281, "impossibleCargos": [11, 12, 14, 18, 20, 22], "neighbors": [17, 31, 14, 32, 34, 30, 21, 9, 0, 12, 7, 1, 20, 8, 25, 26, 6, 15, 13, 3, 33, 28, 18, 22]}, {"capacity": 535, "impossibleCargos": [0, 3, 5, 8, 15, 17, 19, 23, 24], "neighbors": [16, 6, 32, 13, 15, 27, 2, 14, 21, 5, 4, 20, 3, 24, 31, 30, 26, 29, 18, 9, 25, 34, 28, 23, 33]}, {"capacity": 759, "impossibleCargos": [10, 11, 16, 19, 20], "neighbors": [19, 31, 0, 26, 33, 14, 27, 10, 1, 17, 15, 30, 21, 8, 9, 5, 24, 28, 7, 12, 16, 3, 20, 2, 13, 23, 25]}, {"capacity": 948, "impossibleCargos": [4, 12, 13, 18], "neighbors": [30, 6, 21, 18, 11, 23, 26, 13, 4, 34, 28, 3, 1, 10, 20, 8, 7, 25, 32, 33, 22, 9, 29, 27]}, {"capacity": 407, "impossibleCargos": [3, 5, 8, 9, 16, 23], "neighbors": [12, 13, 5, 31, 21, 8, 28, 23, 10, 14, 27, 34, 15, 17, 32, 16, 22, 19, 6, 3, 24, 0, 4, 29, 18, 11, 33]}, {"capacity": 972, "impossibleCargos": [1, 23, 24], "neighbors": [28, 19, 7, 16, 4, 20, 30, 11, 17, 27, 29, 10, 13, 6, 34, 33, 18, 23, 25, 9, 8, 26, 32, 12, 14, 15, 31]}, {"capacity": 274, "impossibleCargos": [6, 7, 9, 10, 12, 22], "neighbors": [1, 14, 31, 3, 28, 11, 6, 29, 25, 5, 33, 13, 30, 20, 2, 23, 26, 8, 19, 16, 34, 4]}, {"capacity": 755, "impossibleCargos": [1, 8, 15, 16, 24], "neighbors": [24, 33, 6, 19, 20, 32, 0, 12, 14, 5, 8, 31, 1, 34, 26, 4, 13, 25, 22, 21, 29, 9, 27, 17, 10, 3, 18, 28]}, {"capacity": 423, "impossibleCargos": [1, 3, 5, 9, 10, 24], "neighbors": [23, 26, 27, 12, 32, 7, 25, 4, 17, 3, 30, 34, 2, 15, 20, 18, 6, 1, 0, 14, 10, 31]}, {"capacity": 698, "impossibleCargos": [11, 24], "neighbors": [13, 1, 2, 28, 9, 26, 29, 24, 22, 30, 12, 16, 31, 6, 5, 8, 27, 23, 15, 21, 19, 4, 34, 17, 7, 32, 3, 18, 10]}, {"capacity": 400, "impossibleCargos": [2, 5, 9, 10, 15, 20], "neighbors": [24, 4, 10, 18, 25, 9, 19, 8, 16, 17, 13, 6, 30, 1, 23, 3, 31, 34, 11, 21, 27, 22, 7, 14, 0]}, {"capacity": 285, "impossibleCargos": [2, 3, 8, 12, 19, 20, 23, 24], "neighbors": [13, 0, 24, 14, 34, 17, 20, 21, 8, 5, 18, 1, 2, 11, 30, 25, 28, 33, 10, 7, 31, 29, 26, 23, 3, 19, 12]}, {"capacity": 508, "impossibleCargos": [1, 2, 6, 10, 11, 21, 22, 24], "neighbors": [6, 1, 4, 29, 21, 22, 2, 25, 20, 11, 12, 31, 32, 14, 3, 15, 19, 33, 34, 27, 9, 10, 16, 18, 8, 17, 0, 23]}, {"capacity": 384, "impossibleCargos": [5, 12, 13, 15], "neighbors": [32, 34, 28, 5, 3, 14, 25, 21, 10, 22, 11, 30, 33, 17, 4, 31, 0, 23, 27, 20, 19]}, {"capacity": 449, "impossibleCargos": [1, 10, 14, 23], "neighbors": [11, 19, 34, 16, 7, 8, 21, 0, 2, 10, 32, 14, 25, 24, 17, 22, 29, 12, 5, 26, 27, 31, 1, 13, 18, 6, 4, 15]}, {"capacity": 222, "impossibleCargos": [2, 6, 7, 9, 16, 19, 22], "neighbors": [22, 16, 20, 18, 33, 28, 11, 4, 13, 17, 23, 25, 5, 2, 14, 7, 30, 29, 10, 26, 3, 27, 24, 21]}, {"capacity": 496, "impossibleCargos": [0, 9, 12, 16, 18, 20], "neighbors": [0, 3, 29, 17, 6, 16, 1, 11, 24, 23, 14, 10, 28, 30, 2, 9, 20, 7, 15, 12, 33, 5, 13, 4, 21, 8, 19, 25]}, {"capacity": 375, "impossibleCargos": [1, 2, 8, 10, 12, 13, 22, 24], "neighbors": [23, 7, 8, 14, 12, 31, 11, 18, 6, 22, 32, 29, 28, 15, 2, 21, 5, 27, 10, 3, 16, 9, 4, 1, 19, 20, 17]}, {"capacity": 894, "impossibleCargos": [2, 14, 15, 19, 21], "neighbors": [29, 30, 11, 16, 6, 27, 20, 0, 14, 1, 19, 9, 24, 23, 5, 28, 21, 7, 15, 13, 26, 2, 25, 17, 12, 3, 22, 8]}]}