{"volumes": [1024, 585, 636, 967, 0, 1613, 0, 0, 894, 499, 232, 1269, 1672, 0, 902, 0, 2161, 0, 650, 681, 292, 807, 1113, 199, 1026], "conflicts": [[0, 3], [0, 4], [0, 6], [0, 7], [0, 13], [0, 15], [0, 17], [1, 4], [1, 6], [1, 13], [1, 15], [2, 4], [2, 6], [2, 7], [2, 13], [2, 17], [3, 6], [3, 11], [3, 15], [3, 19], [4, 5], [4, 6], [4, 7], [4, 8], [4, 9], [4, 10], [4, 11], [4, 12], [4, 13], [4, 14], [4, 15], [4, 16], [4, 17], [4, 18], [4, 20], [4, 22], [4, 23], [4, 24], [5, 13], [5, 17], [6, 8], [6, 9], [6, 10], [6, 11], [6, 14], [6, 15], [6, 16], [6, 17], [6, 18], [6, 19], [6, 21], [6, 22], [6, 23], [7, 8], [7, 9], [7, 10], [7, 12], [7, 13], [7, 14], [7, 15], [7, 16], [7, 17], [7, 18], [7, 19], [7, 20], [7, 24], [8, 13], [8, 15], [8, 17], [9, 13], [9, 15], [9, 17], [9, 19], [9, 21], [10, 13], [10, 15], [10, 17], [10, 18], [10, 20], [11, 13], [11, 15], [11, 17], [12, 13], [12, 17], [13, 15], [13, 16], [13, 17], [13, 18], [13, 19], [13, 20], [13, 21], [13, 22], [13, 23], [13, 24], [14, 15], [15, 16], [15, 17], [15, 18], [15, 20], [15, 21], [15, 23], [15, 24], [17, 18], [17, 19], [17, 20], [17, 21], [17, 23], [17, 24], [20, 21], [20, 24]], "tanks": [{"capacity": 262, "impossibleCargos": [10, 14, 16, 17, 18, 19, 20, 21, 23, 24], "neighbors": [34, 33, 5, 20, 24, 32, 21, 9, 27, 30, 16, 17, 13, 10, 31, 12, 25, 11, 8, 26, 14, 7, 19, 29, 28, 4, 15, 23, 18]}, {"capacity": 694, "impossibleCargos": [5, 9, 20], "neighbors": [18, 29, 10, 34, 12, 31, 15, 2, 26, 27, 6, 3, 7, 17, 28, 16, 30, 19, 23]}, {"capacity": 305, "impossibleCargos": [0, 2, 3, 6, 10, 12, 13, 16, 18, 19], "neighbors": [31, 26, 25, 30, 11, 14, 1, 16, 5, 18, 22, 10, 32, 28, 27, 7, 34, 20, 8, 4, 19, 24, 29, 12]}, {"capacity": 930, "impossibleCargos": [5, 6, 11, 15, 19, 20, 23], "neighbors": [30, 13, 27, 10, 18, 19, 4, 5, 20, 15, 26, 33, 11, 6, 23, 1, 17, 31, 28, 16, 7, 24]}, {"capacity": 958, "impossibleCargos": [4, 6, 9, 10, 12, 22, 23], "neighbors": [26, 3, 20, 13, 18, 33, 6, 16, 24, 22, 11, 7, 23, 9, 32, 30, 27, 19, 34, 12, 8, 2, 0, 25, 17, 14]}, {"capacity": 786, "impossibleCargos": [1, 4, 5, 6, 8, 9, 14, 16, 18, 22, 23, 24], "neighbors": [31, 16, 26, 17, 0, 28, 33, 20, 27, 3, 9, 24, 6, 10, 29, 25, 13, 7, 12, 32, 21, 2, 30, 8, 11, 22]}, {"capacity": 1000, "impossibleCargos": [2, 6, 12, 13, 18, 23, 24], "neighbors": [31, 19, 23, 14, 5, 32, 7, 20, 24, 9, 4, 3, 1, 17, 30, 27, 33, 13, 28, 34, 25, 16, 26]}, {"capacity": 737, "impossibleCargos": [2, 16], "neighbors": [8, 10, 34, 14, 11, 6, 17, 33, 23, 31, 21, 5, 4, 13, 26, 20, 15, 12, 3, 0, 1, 30, 32, 2, 28, 29, 27]}, {"capacity": 938, "impossibleCargos": [0, 6, 12], "neighbors": [27, 7, 25, 34, 12, 17, 20, 32, 10, 18, 15, 22, 11, 19, 0, 13, 24, 5, 28, 4, 29, 9, 2, 26, 21]}, {"capacity": 640, "impossibleCargos": [1, 6, 7, 12, 16, 20, 22], "neighbors": [18, 14, 22, 5, 24, 10, 23, 0, 16, 6, 17, 11, 12, 25, 28, 15, 4, 26, 34, 29, 31, 19, 8, 32, 13, 33, 20, 21, 27]}, {"capacity": 724, "impossibleCargos": [3, 4, 6, 24], "neighbors": [7, 22, 11, 3, 17, 8, 9, 1, 29, 16, 12, 5, 0, 27, 25, 15, 18, 32, 2, 13, 19, 34, 24, 26, 31, 28, 20, 33, 14]}, {"capacity": 950, "impossibleCargos": [1, 15, 17, 18, 24], "neighbors": [17, 10, 30, 34, 18, 31, 25, 23, 20, 7, 21, 8, 28, 3, 26, 2, 24, 29, 9, 4, 16, 32, 0, 5, 33, 14, 19]}, {"capacity": 479, "impossibleCargos": [0, 4, 12, 21, 23], "neighbors": [27, 24, 8, 22, 13, 14, 10, 1, 19, 20, 25, 5, 0, 9, 30, 33, 7, 29, 4, 26, 15, 17, 2, 34]}, {"capacity": 639, "impossibleCargos": [3, 6, 19, 21, 23], "neighbors": [24, 30, 3, 14, 27, 22, 4, 12, 5, 28, 32, 0, 17, 25, 7, 8, 34, 15, 10, 16, 33, 26, 29, 6, 20, 9, 23]}, {"capacity": 618, "impossibleCargos": [1, 5, 7, 11, 17, 18], "neighbors": [30, 20, 9, 7, 13, 6, 21, 12, 23, 22, 17, 2, 26, 19, 34, 18, 0, 11, 27, 28, 10, 32, 4]}, {"capacity": 612, "impossibleCargos": [2, 15, 19, 22, 24], "neighbors": [19, 31, 32, 3, 8, 25, 34, 1, 24, 22, 28, 29, 33, 10, 9, 7, 13, 26, 18, 21, 12, 30, 17, 0]}, {"capacity": 495, "impossibleCargos": [2, 6, 11, 12, 19, 21, 22, 23, 24], "neighbors": [5, 10, 26, 23, 9, 0, 20, 4, 27, 19, 11, 2, 24, 33, 3, 17, 21, 13, 25, 29, 1, 30, 6]}, {"capacity": 219, "impossibleCargos": [1, 2, 6, 8, 11, 15, 16], "neighbors": [33, 23, 11, 5, 8, 19, 10, 25, 7, 14, 31, 0, 9, 6, 13, 3, 34, 24, 16, 30, 29, 1, 26, 12, 21, 32, 18, 15, 4]}, {"capacity": 989, "impossibleCargos": [6, 11, 15, 18, 20, 21, 23], "neighbors": [28, 1, 9, 3, 11, 8, 29, 4, 19, 27, 32, 26, 14, 10, 2, 31, 25, 21, 22, 15, 33, 17, 24, 0, 34]}, {"capacity": 898, "impossibleCargos": [10, 16], "neighbors": [32, 20, 6, 15, 27, 23, 3, 17, 22, 18, 12, 30, 8, 16, 14, 28, 0, 4, 10, 9, 25, 11, 2, 1]}, {"capacity": 268, "impossibleCargos": [1, 2, 4, 6, 7, 9, 11, 19], "neighbors": [25, 19, 14, 5, 0, 3, 11, 8, 31, 4, 27, 6, 12, 32, 16, 7, 23, 28, 29, 30, 26, 13, 34, 2, 9, 10, 33, 21]}, {"capacity": 305, "impossibleCargos": [0, 1, 5, 10, 12, 14, 17, 19, 23], "neighbors": [29, 14, 34, 0, 11, 30, 7, 31, 24, 5, 25, 33, 23, 16, 18, 15, 22, 17, 32, 20, 9, 8]}, {"capacity": 543, "impossibleCargos": [7, 9, 14, 16, 18, 19, 21], "neighbors": [10, 29, 33, 9, 12, 13, 19, 8, 14, 15, 34, 4, 24, 2, 18, 31, 27, 21, 25, 5, 28, 23]}, {"capacity": 634, "impossibleCargos": [3, 5, 6, 20, 22, 23], "neighbors": [17, 6, 19, 11, 9, 16, 14, 7, 34, 3, 26, 4, 33, 20, 29, 21, 25, 13, 1, 27, 22, 0, 32, 30]}, {"capacity": 699, "impossibleCargos": [1, 6, 13, 22], "neighbors": [13, 12, 0, 5, 9, 26, 27, 15, 28, 6, 11, 4, 22, 21, 17, 16, 8, 30, 31, 32, 34, 10, 29, 2, 18, 3]}, {"capacity": 737, "impossibleCargos": [0, 2, 7, 8, 11, 12, 14, 18, 24], "neighbors": [8, 20, 2, 11, 29, 15, 33, 17, 12, 5, 26, 10, 13, 0, 9, 21, 18, 16, 23, 22, 19, 28, 4, 6, 31, 30]}, {"capacity": 375, "impossibleCargos": [2, 3, 6, 7, 14, 15, 17, 18, 19, 20, 21, 23], "neighbors": [27, 2, 5, 4, 3, 24, 16, 11, 1, 25, 14, 23, 18, 31, 7, 9, 0, 34, 15, 30, 13, 28, 12, 20, 17, 29, 10, 8, 6]}, {"capacity": 604, "impossibleCargos": [0, 4, 6, 7, 19, 20], "neighbors": [12, 8, 26, 32, 3, 29, 19, 13, 5, 30, 0, 20, 18, 24, 1, 16, 10, 6, 4, 2, 22, 14, 28, 33, 23, 7, 9]}, {"capacity": 617, "impossibleCargos": [9, 19, 21], "neighbors": [18, 5, 32, 11, 24, 15, 13, 9, 3, 19, 33, 20, 2, 8, 26, 30, 34, 7, 6, 0, 1, 14, 22, 25, 27, 10]}, {"capacity": 327, "impossibleCargos": [5, 16, 18, 22], "neighbors": [21, 1, 22, 27, 32, 25, 10, 18, 5, 11, 15, 31, 9, 23, 20, 33, 12, 13, 17, 0, 8, 34, 16, 26, 24, 30, 7, 2]}, {"capacity": 543, "impossibleCargos": [6, 7, 10, 16, 19, 21], "neighbors": [3, 14, 13, 11, 27, 33, 21, 2, 31, 0, 19, 34, 6, 12, 5, 24, 4, 17, 26, 20, 7, 28, 16, 29, 1, 15, 23, 25]}, {"capacity": 815, "impossibleCargos": [0, 8, 11, 12, 18], "neighbors": [5, 2, 6, 32, 15, 11, 20, 30, 1, 7, 17, 0, 21, 33, 29, 3, 26, 18, 9, 24, 22, 34, 10, 25]}, {"capacity": 470, "impossibleCargos": [3, 6, 7, 8, 13, 21, 24], "neighbors": [19, 27, 31, 15, 29, 28, 8, 0, 6, 18, 20, 13, 5, 11, 10, 4, 2, 24, 7, 9, 17, 21, 14, 23]}, {"capacity": 450, "impossibleCargos": [4, 5, 9, 11, 12, 20, 23, 24], "neighbors": [17, 0, 22, 5, 3, 30, 25, 7, 4, 34, 15, 31, 23, 21, 12, 28, 16, 11, 13, 29, 6, 9, 18, 27, 20, 10]}, {"capacity": 754, "impossibleCargos": [3, 10, 14, 16, 17], "neighbors": [0, 7, 8, 11, 21, 15, 1, 22, 23, 33, 30, 14, 17, 13, 9, 26, 4, 10, 31, 24, 28, 2, 29, 6, 20, 12, 18]}]}