{"volumes": [229, 589, 398, 0, 0, 2171, 0, 248, 933, 447, 326, 1018, 188, 1910, 1090, 0, 0, 511, 867, 0, 378, 1047, 0, 1348, 957], "conflicts": [[0, 16], [0, 19], [0, 20], [1, 6], [1, 16], [1, 22], [2, 16], [3, 7], [3, 8], [3, 14], [3, 15], [3, 16], [3, 23], [3, 24], [4, 8], [4, 19], [5, 15], [6, 15], [6, 18], [6, 20], [6, 23], [8, 15], [8, 19], [8, 22], [10, 15], [10, 19], [11, 15], [11, 22], [12, 18], [13, 15], [13, 22], [15, 19], [15, 20], [17, 19], [17, 22], [19, 20], [22, 23]], "tanks": [{"capacity": 683, "impossibleCargos": [2, 3, 6, 7, 9, 10, 13, 14, 16, 18, 21], "neighbors": [14, 6, 1, 20, 29, 31, 33, 11, 15, 27, 26, 13, 10, 18, 2, 4, 7, 19, 22, 28, 3, 16, 32, 30, 5, 24]}, {"capacity": 217, "impossibleCargos": [0, 1, 2, 6, 7, 10, 13, 17, 20, 22, 23, 24], "neighbors": [9, 12, 25, 26, 15, 13, 0, 32, 8, 19, 30, 16, 6, 27, 33, 17, 11, 31, 21, 20, 34, 22, 18, 5, 14]}, {"capacity": 686, "impossibleCargos": [1, 3, 4, 6, 9, 13, 14, 16, 20], "neighbors": [28, 30, 3, 4, 21, 9, 29, 15, 20, 19, 18, 5, 7, 31, 0, 33, 10, 11, 32, 8, 14, 22, 12, 34, 23, 24]}, {"capacity": 562, "impossibleCargos": [0, 2, 3, 4, 6, 9, 12, 13, 15, 16, 17, 19, 20, 22, 23], "neighbors": [28, 14, 23, 7, 12, 22, 2, 17, 16, 33, 29, 4, 13, 15, 24, 5, 21, 9, 6, 19, 20, 30, 11, 8, 10, 0, 27]}, {"capacity": 726, "impossibleCargos": [1, 2, 3, 5, 6, 7, 9, 12, 13, 14, 18, 19, 20, 23], "neighbors": [2, 19, 24, 17, 34, 23, 3, 25, 21, 10, 12, 33, 7, 20, 16, 5, 29, 11, 13, 31, 0, 18, 6, 26, 14, 28, 9, 22]}, {"capacity": 939, "impossibleCargos": [0, 5, 6, 7, 9, 12, 24], "neighbors": [25, 8, 29, 26, 24, 30, 13, 33, 3, 7, 2, 22, 12, 4, 31, 18, 16, 17, 10, 23, 28, 11, 27, 20, 9, 1, 0, 32, 14]}, {"capacity": 264, "impossibleCargos": [1, 5, 7, 11, 12, 14, 21], "neighbors": [21, 0, 19, 24, 30, 32, 8, 1, 33, 3, 15, 18, 4, 16, 27, 11, 14, 10, 12, 31, 34, 20, 13, 17]}, {"capacity": 260, "impossibleCargos": [0, 4, 6, 8, 11, 12, 13, 16, 21], "neighbors": [26, 3, 22, 8, 15, 34, 23, 20, 25, 33, 12, 5, 4, 2, 27, 31, 0, 19, 30, 13, 21, 32, 11, 16, 24, 9]}, {"capacity": 343, "impossibleCargos": [2, 3, 4, 7, 8, 10, 13, 14, 15, 16, 22, 23, 24], "neighbors": [24, 16, 12, 23, 5, 20, 7, 17, 33, 1, 21, 28, 25, 30, 6, 11, 26, 15, 34, 31, 3, 27, 2, 32, 22, 13]}, {"capacity": 643, "impossibleCargos": [3, 5, 7, 8, 9, 10, 11, 12, 13, 14, 15, 16, 20, 22], "neighbors": [1, 20, 12, 2, 31, 25, 27, 11, 32, 13, 24, 3, 18, 28, 34, 16, 26, 30, 5, 4, 10, 22, 7, 21, 17]}, {"capacity": 272, "impossibleCargos": [1, 6, 8, 11, 12, 15, 17, 18, 19, 20, 21, 23, 24], "neighbors": [19, 30, 21, 25, 4, 32, 14, 26, 0, 12, 2, 3, 5, 15, 18, 31, 24, 6, 17, 29, 9, 34]}, {"capacity": 343, "impossibleCargos": [0, 2, 3, 4, 5, 6, 8, 9, 10, 13, 14, 15, 16, 17, 18, 21, 23, 24], "neighbors": [27, 31, 19, 22, 29, 32, 9, 8, 0, 26, 30, 34, 13, 4, 3, 1, 15, 5, 23, 24, 6, 2, 21, 18, 7, 14, 17]}, {"capacity": 980, "impossibleCargos": [1, 2, 4, 7, 8, 9, 10, 11, 14, 16, 17, 19, 22, 23, 24], "neighbors": [21, 32, 25, 8, 19, 9, 3, 1, 27, 29, 31, 7, 23, 4, 18, 5, 33, 34, 10, 28, 15, 20, 30, 17, 6, 26, 2, 14]}, {"capacity": 248, "impossibleCargos": [0, 3, 5, 9, 10, 12, 22, 24], "neighbors": [33, 23, 5, 31, 1, 3, 34, 29, 9, 27, 15, 19, 24, 0, 11, 25, 4, 26, 22, 30, 16, 7, 32, 20, 14, 18, 8, 6]}, {"capacity": 857, "impossibleCargos": [0, 2, 5, 7, 10, 11, 16, 20, 24], "neighbors": [0, 31, 3, 33, 27, 28, 22, 34, 25, 10, 17, 19, 15, 29, 18, 6, 2, 30, 16, 4, 13, 20, 11, 1, 12, 24, 5]}, {"capacity": 428, "impossibleCargos": [2, 3, 5, 6, 10, 12, 13, 15, 16, 18, 20, 22], "neighbors": [26, 25, 1, 2, 22, 7, 18, 3, 13, 0, 31, 8, 24, 6, 12, 11, 10, 27, 14, 30, 34]}, {"capacity": 530, "impossibleCargos": [0, 4, 5, 6, 7, 9, 19, 20, 21, 22, 24], "neighbors": [8, 19, 3, 26, 20, 1, 32, 33, 4, 34, 23, 24, 5, 6, 9, 28, 0, 13, 27, 14, 22, 7, 25, 29, 17]}, {"capacity": 392, "impossibleCargos": [0, 5, 15, 16, 17, 18, 20, 21], "neighbors": [27, 24, 3, 4, 34, 8, 19, 25, 18, 33, 14, 23, 1, 29, 5, 31, 20, 32, 28, 12, 22, 10, 30, 26, 6, 11, 16, 21, 9]}, {"capacity": 727, "impossibleCargos": [0, 2, 3, 4, 6, 7, 12, 13, 16, 17, 18, 19, 20, 21], "neighbors": [33, 29, 23, 15, 34, 2, 17, 12, 9, 0, 26, 5, 27, 6, 4, 20, 10, 22, 14, 11, 1, 13, 30, 31]}, {"capacity": 302, "impossibleCargos": [0, 1, 7, 13, 14, 15, 16, 22, 23], "neighbors": [10, 29, 12, 11, 6, 28, 4, 16, 2, 17, 1, 13, 26, 3, 22, 7, 0, 33, 14, 32, 30, 25, 21]}, {"capacity": 424, "impossibleCargos": [0, 2, 3, 4, 6, 10, 15, 16, 17, 18, 19, 21, 22, 24], "neighbors": [9, 8, 2, 23, 30, 26, 7, 0, 29, 4, 16, 24, 34, 3, 33, 12, 18, 32, 17, 1, 22, 28, 13, 5, 6, 14]}, {"capacity": 643, "impossibleCargos": [0, 2, 4, 5, 7, 10, 11, 12, 13, 14, 15, 17, 18, 19, 20, 21, 22], "neighbors": [27, 6, 24, 12, 28, 31, 2, 22, 10, 8, 4, 3, 25, 23, 1, 30, 7, 29, 11, 9, 17, 19]}, {"capacity": 946, "impossibleCargos": [0, 1, 2, 4, 6, 7, 8, 9, 11, 12, 16, 17, 20, 21, 23, 24], "neighbors": [24, 11, 3, 7, 15, 21, 14, 31, 5, 34, 29, 23, 19, 0, 13, 28, 20, 18, 17, 1, 8, 30, 16, 2, 4, 9]}, {"capacity": 475, "impossibleCargos": [0, 1, 3, 4, 5, 13, 14, 17, 19, 22, 24], "neighbors": [8, 13, 3, 18, 34, 31, 20, 4, 7, 12, 33, 16, 17, 22, 21, 32, 5, 11, 26, 30, 2, 24]}, {"capacity": 657, "impossibleCargos": [0, 3, 6, 11, 17, 19, 20, 21, 23], "neighbors": [8, 21, 22, 33, 17, 32, 5, 4, 6, 3, 26, 29, 9, 13, 20, 15, 31, 16, 28, 11, 25, 10, 27, 34, 7, 2, 23, 14, 0]}, {"capacity": 730, "impossibleCargos": [2, 3, 6, 10, 15, 17, 19, 20, 21, 24], "neighbors": [5, 33, 12, 15, 1, 9, 28, 7, 4, 8, 10, 14, 29, 17, 21, 13, 30, 24, 32, 27, 19, 31, 16]}, {"capacity": 531, "impossibleCargos": [0, 3, 6, 7, 9, 10, 14, 16, 18, 21, 23], "neighbors": [33, 7, 30, 15, 5, 1, 20, 16, 24, 19, 11, 8, 0, 10, 18, 13, 9, 27, 23, 4, 12, 32, 31, 17]}, {"capacity": 457, "impossibleCargos": [0, 2, 3, 6, 7, 12, 14, 16, 19, 20, 21, 22, 24], "neighbors": [17, 21, 11, 31, 12, 14, 9, 13, 1, 7, 0, 18, 6, 30, 8, 15, 26, 28, 16, 25, 5, 3, 24, 29]}, {"capacity": 787, "impossibleCargos": [6, 7, 8, 9, 10, 11, 13, 18, 19, 21, 22], "neighbors": [3, 2, 21, 19, 34, 25, 32, 14, 8, 9, 12, 24, 0, 16, 22, 5, 17, 31, 27, 20, 29, 4]}, {"capacity": 699, "impossibleCargos": [0, 2, 5, 7, 8, 10, 11, 14, 15, 19, 22, 23, 24], "neighbors": [18, 19, 32, 33, 5, 30, 11, 31, 12, 2, 3, 0, 13, 24, 20, 25, 22, 4, 17, 14, 21, 28, 10, 27, 16]}, {"capacity": 815, "impossibleCargos": [0, 2, 8, 10, 18, 19, 22], "neighbors": [26, 2, 10, 29, 32, 5, 20, 6, 8, 1, 11, 3, 25, 13, 7, 34, 27, 12, 31, 21, 14, 15, 9, 19, 23, 22, 18, 17, 0]}, {"capacity": 481, "impossibleCargos": [0, 2, 3, 6, 7, 8, 9, 10, 11, 12, 13, 15, 16, 19, 20, 24], "neighbors": [34, 11, 21, 27, 14, 9, 29, 23, 13, 12, 0, 22, 15, 7, 2, 5, 24, 4, 8, 17, 1, 10, 28, 30, 6, 33, 26, 25, 18]}, {"capacity": 330, "impossibleCargos": [1, 3, 4, 5, 6, 8, 9, 10, 12, 13, 14, 15, 17, 19, 20, 21, 23], "neighbors": [12, 29, 24, 11, 30, 33, 34, 1, 28, 9, 6, 10, 16, 23, 20, 17, 2, 13, 25, 7, 19, 26, 8, 0, 5]}, {"capacity": 989, "impossibleCargos": [7, 9, 12, 13, 16, 17, 18, 20, 24], "neighbors": [13, 26, 18, 24, 25, 29, 14, 5, 3, 32, 8, 7, 4, 23, 0, 17, 6, 16, 34, 12, 1, 2, 20, 19, 31]}, {"capacity": 656, "impossibleCargos": [0, 1, 3, 4, 5, 7, 9, 10, 11, 13, 16, 17, 23], "neighbors": [31, 28, 23, 17, 4, 7, 32, 13, 18, 14, 22, 33, 20, 16, 9, 11, 8, 12, 30, 1, 6, 24, 2, 15, 10]}]}