{"volumes": [399, 251, 958, 1005, 540, 403, 818, 0, 907, 0, 1107, 0, 175, 377, 1277, 595, 0, 0, 596, 1936, 723, 1224, 1496, 465, 1043], "conflicts": [[0, 1], [0, 5], [0, 11], [0, 16], [0, 17], [0, 18], [1, 3], [1, 9], [1, 12], [1, 17], [2, 7], [2, 9], [2, 17], [3, 4], [3, 9], [3, 16], [4, 6], [4, 7], [4, 9], [4, 11], [4, 17], [5, 7], [5, 11], [5, 17], [6, 17], [7, 8], [7, 12], [7, 13], [7, 14], [7, 16], [7, 18], [7, 19], [7, 20], [7, 21], [7, 22], [7, 23], [7, 24], [8, 11], [8, 16], [9, 10], [9, 11], [9, 12], [9, 14], [9, 15], [9, 18], [9, 19], [9, 22], [9, 23], [9, 24], [10, 17], [11, 12], [11, 15], [11, 16], [11, 19], [11, 20], [11, 24], [12, 16], [12, 17], [14, 16], [14, 17], [15, 16], [15, 21], [16, 17], [16, 20], [16, 23], [16, 24], [17, 18], [17, 20], [17, 21], [17, 22], [17, 23]], "tanks": [{"capacity": 422, "impossibleCargos": [0, 10, 13, 16, 18, 20, 21], "neighbors": [10, 30, 29, 3, 9, 23, 8, 13, 11, 21, 5, 32, 12, 1, 28, 6, 27, 25, 22, 14, 17, 7, 18, 26, 16, 31, 24]}, {"capacity": 648, "impossibleCargos": [4, 6, 8, 9, 12, 13, 15, 17, 18, 19, 23], "neighbors": [26, 7, 23, 4, 20, 22, 0, 2, 3, 21, 31, 10, 15, 30, 18, 5, 25, 17, 33, 32, 8, 14, 12, 9, 19]}, {"capacity": 706, "impossibleCargos": [1, 2, 4, 5, 6, 7, 9, 10, 16, 17, 18, 19, 21], "neighbors": [25, 11, 21, 26, 30, 32, 14, 20, 1, 12, 6, 22, 28, 3, 5, 13, 19, 10, 23, 7, 8, 27, 34]}, {"capacity": 952, "impossibleCargos": [1, 2, 3, 8, 11, 12, 14, 16, 17, 18, 20, 21, 22], "neighbors": [33, 0, 10, 19, 25, 18, 9, 27, 8, 22, 14, 15, 1, 28, 31, 21, 5, 30, 16, 2, 7, 23, 6, 4, 12]}, {"capacity": 759, "impossibleCargos": [0, 1, 3, 7, 8, 11, 14, 17, 18, 19, 20, 21, 23, 24], "neighbors": [8, 11, 1, 32, 15, 12, 17, 6, 5, 16, 30, 18, 25, 22, 27, 34, 10, 14, 19, 20, 21, 24, 33, 23, 3, 13]}, {"capacity": 404, "impossibleCargos": [0, 1, 3, 4, 5, 10, 11, 12, 17, 18, 19, 23], "neighbors": [25, 27, 33, 7, 13, 23, 24, 16, 6, 18, 17, 0, 31, 15, 4, 20, 14, 30, 3, 8, 26, 32, 2, 1, 10, 12, 22, 21]}, {"capacity": 214, "impossibleCargos": [1, 4, 5, 6, 7, 8, 9, 10, 11, 12, 15, 22], "neighbors": [7, 34, 17, 33, 26, 18, 19, 27, 5, 14, 9, 4, 8, 22, 2, 0, 15, 12, 21, 16, 23, 30, 11, 10, 25, 3, 31, 20]}, {"capacity": 754, "impossibleCargos": [0, 2, 3, 4, 6, 10, 11, 14, 17, 20, 21, 22, 23, 24], "neighbors": [24, 6, 1, 20, 5, 13, 18, 14, 26, 30, 31, 16, 12, 28, 11, 23, 27, 0, 3, 8, 17, 29, 22, 9, 2, 32, 34]}, {"capacity": 250, "impossibleCargos": [2, 3, 4, 5, 7, 9, 10, 11, 13, 14, 15, 16, 17], "neighbors": [30, 4, 18, 21, 20, 0, 26, 19, 22, 10, 3, 6, 16, 12, 14, 5, 32, 34, 28, 7, 24, 29, 1, 2, 15, 13, 31, 25]}, {"capacity": 949, "impossibleCargos": [0, 3, 5, 7, 9, 10, 12, 13, 15, 17, 20, 22, 24], "neighbors": [27, 10, 0, 11, 34, 25, 3, 32, 6, 12, 14, 31, 21, 16, 19, 15, 23, 33, 24, 7, 18, 30, 13, 1, 17]}, {"capacity": 248, "impossibleCargos": [3, 4, 5, 6, 9, 15, 16, 17, 18, 19, 21, 22, 23, 24], "neighbors": [26, 0, 32, 31, 25, 19, 9, 23, 3, 24, 15, 27, 8, 17, 28, 33, 22, 1, 4, 5, 29, 6, 12, 18, 2, 21]}, {"capacity": 855, "impossibleCargos": [2, 14, 15, 16, 17, 19, 20], "neighbors": [29, 2, 33, 23, 9, 4, 0, 31, 20, 26, 15, 22, 25, 32, 16, 7, 13, 28, 6, 19, 30, 21, 27, 18, 14]}, {"capacity": 935, "impossibleCargos": [0, 3, 4, 7, 11, 12, 14, 15, 18, 19, 20, 21, 23], "neighbors": [25, 29, 4, 0, 9, 2, 7, 31, 8, 22, 23, 6, 27, 33, 13, 5, 10, 24, 17, 32, 30, 15, 21, 14, 3, 1]}, {"capacity": 959, "impossibleCargos": [1, 2, 4, 7, 8, 9, 10, 11, 13, 15, 17, 21, 24], "neighbors": [23, 24, 7, 18, 5, 20, 25, 34, 0, 22, 28, 19, 17, 11, 29, 12, 2, 27, 15, 26, 9, 32, 8, 4, 14]}, {"capacity": 657, "impossibleCargos": [0, 1, 3, 4, 5, 6, 8, 9, 11, 13, 14, 15, 16, 17, 19, 20, 21, 22], "neighbors": [7, 33, 29, 2, 32, 17, 6, 27, 3, 9, 5, 26, 8, 0, 25, 4, 19, 28, 15, 34, 11, 23, 30, 1, 16, 12, 31, 20, 13]}, {"capacity": 727, "impossibleCargos": [1, 2, 7, 9, 10, 12, 13, 15, 20, 23, 24], "neighbors": [23, 4, 10, 11, 5, 3, 34, 6, 18, 1, 9, 25, 20, 17, 21, 26, 14, 27, 13, 31, 12, 8, 19]}, {"capacity": 898, "impossibleCargos": [0, 2, 3, 9, 12, 16, 17, 21, 22, 23, 24], "neighbors": [28, 21, 17, 25, 5, 33, 30, 29, 7, 4, 8, 9, 11, 31, 6, 3, 24, 20, 0, 14, 32, 27]}, {"capacity": 324, "impossibleCargos": [0, 1, 3, 7, 8, 9, 10, 11, 13, 16, 22, 24], "neighbors": [6, 26, 25, 16, 23, 21, 28, 14, 4, 5, 10, 13, 34, 20, 0, 15, 32, 7, 33, 1, 12, 30, 22, 19, 9, 18]}, {"capacity": 554, "impossibleCargos": [5, 6, 8, 9, 12, 15, 18, 22, 23], "neighbors": [23, 8, 27, 13, 24, 6, 7, 3, 5, 33, 20, 28, 4, 15, 21, 26, 1, 30, 25, 31, 0, 22, 34, 11, 10, 29, 19, 9, 17]}, {"capacity": 780, "impossibleCargos": [2, 4, 6, 7, 11, 14, 20, 23], "neighbors": [10, 6, 3, 8, 26, 22, 23, 21, 32, 13, 9, 24, 11, 14, 20, 4, 2, 18, 27, 29, 17, 1, 15]}, {"capacity": 374, "impossibleCargos": [1, 3, 4, 7, 10, 16, 17, 18, 21, 22], "neighbors": [22, 7, 25, 24, 13, 8, 21, 2, 32, 11, 1, 30, 18, 5, 28, 17, 15, 19, 16, 4, 27, 29, 34, 6, 26, 14]}, {"capacity": 799, "impossibleCargos": [3, 6, 8, 11, 13, 16, 17, 21, 23, 24], "neighbors": [2, 16, 8, 27, 26, 17, 20, 24, 0, 28, 19, 9, 32, 1, 3, 29, 18, 25, 34, 30, 6, 23, 31, 15, 11, 4, 12, 10, 5, 33]}, {"capacity": 781, "impossibleCargos": [2, 3, 5, 6, 8, 9, 10, 11, 12, 13, 15, 16, 18, 21, 22, 23, 24], "neighbors": [20, 23, 30, 28, 27, 13, 19, 8, 1, 25, 3, 6, 11, 12, 0, 4, 2, 24, 10, 32, 18, 26, 7, 5, 31, 17, 33]}, {"capacity": 899, "impossibleCargos": [0, 1, 5, 7, 8, 11, 12, 13, 15, 16, 20, 21, 22, 24], "neighbors": [13, 15, 22, 34, 18, 26, 10, 11, 1, 5, 31, 0, 17, 24, 33, 19, 12, 7, 21, 6, 28, 3, 9, 14, 4, 2, 27]}, {"capacity": 601, "impossibleCargos": [0, 1, 6, 7, 9, 13, 15, 16, 20, 23, 24], "neighbors": [7, 28, 20, 13, 18, 33, 30, 10, 23, 5, 21, 29, 22, 26, 34, 19, 16, 31, 8, 9, 12, 4, 25, 0]}, {"capacity": 323, "impossibleCargos": [0, 3, 4, 5, 7, 8, 12, 13, 15, 16, 18, 21], "neighbors": [5, 12, 2, 31, 10, 20, 17, 13, 16, 33, 9, 3, 29, 28, 22, 11, 4, 0, 21, 14, 15, 18, 1, 6, 24, 8]}, {"capacity": 499, "impossibleCargos": [5, 8, 11, 12, 18, 20, 23, 24], "neighbors": [10, 1, 32, 6, 23, 33, 31, 17, 21, 7, 8, 2, 27, 19, 11, 29, 14, 24, 18, 5, 15, 22, 0, 13, 20]}, {"capacity": 635, "impossibleCargos": [0, 1, 2, 4, 5, 6, 7, 8, 9, 12, 13, 14, 18, 22, 24], "neighbors": [9, 5, 22, 18, 21, 31, 6, 26, 10, 14, 3, 33, 0, 32, 12, 4, 7, 28, 34, 11, 13, 29, 15, 20, 19, 23, 2, 16]}, {"capacity": 951, "impossibleCargos": [1, 2, 4, 5, 7, 9, 13, 14, 15, 17, 19, 20, 21, 22, 24], "neighbors": [22, 24, 16, 17, 32, 21, 13, 25, 0, 18, 7, 3, 10, 20, 11, 2, 8, 31, 23, 27, 14, 34, 29]}, {"capacity": 408, "impossibleCargos": [0, 2, 3, 4, 7, 10, 16, 18, 19, 22, 24], "neighbors": [11, 31, 0, 12, 24, 14, 25, 16, 33, 30, 26, 21, 32, 13, 10, 7, 8, 18, 27, 20, 19, 28]}, {"capacity": 657, "impossibleCargos": [0, 1, 5, 6, 8, 10, 11, 14, 15, 20, 22], "neighbors": [0, 22, 8, 24, 2, 7, 16, 20, 29, 4, 32, 5, 3, 21, 1, 18, 6, 11, 34, 33, 14, 17, 12, 9]}, {"capacity": 652, "impossibleCargos": [0, 3, 5, 7, 10, 13, 14, 15, 16, 18, 21, 23], "neighbors": [10, 25, 29, 26, 23, 27, 11, 7, 5, 32, 9, 12, 3, 1, 16, 21, 34, 28, 18, 24, 15, 6, 22, 0, 14, 8]}, {"capacity": 659, "impossibleCargos": [1, 3, 4, 5, 7, 8, 12, 14, 16, 17, 18, 19, 20, 23, 24], "neighbors": [10, 26, 4, 2, 28, 14, 20, 9, 0, 31, 21, 19, 11, 30, 8, 27, 29, 5, 22, 17, 12, 33, 1, 13, 16, 7]}, {"capacity": 726, "impossibleCargos": [0, 1, 4, 5, 6, 8, 9, 12, 13, 15, 16, 18, 19, 22], "neighbors": [6, 3, 5, 11, 26, 24, 25, 14, 23, 16, 29, 18, 27, 10, 12, 30, 17, 9, 4, 1, 32, 22, 21]}, {"capacity": 785, "impossibleCargos": [0, 2, 3, 6, 7, 10, 12, 13, 19, 20, 22, 23, 24], "neighbors": [6, 23, 9, 13, 15, 17, 21, 24, 4, 8, 31, 28, 30, 14, 27, 18, 20, 2, 7]}]}