{"volumes": [186, 0, 395, 214, 200, 0, 252, 192, 514, 452, 662, 550, 0, 251, 291, 255, 236, 1047, 196, 268, 195, 245, 1097, 230, 0], "conflicts": [[0, 7], [0, 10], [0, 11], [0, 19], [1, 3], [1, 5], [1, 9], [1, 12], [1, 20], [2, 6], [3, 9], [3, 13], [3, 22], [3, 23], [4, 16], [5, 16], [5, 20], [5, 23], [6, 11], [6, 14], [6, 19], [7, 11], [7, 12], [8, 12], [8, 18], [9, 11], [10, 12], [10, 14], [10, 15], [10, 19], [11, 12], [11, 18], [11, 21], [11, 24], [12, 14], [12, 16], [12, 21], [12, 24], [13, 16], [13, 23], [14, 17], [14, 18], [14, 23], [15, 19], [16, 22], [18, 24], [19, 21], [19, 24], [20, 24], [22, 24]], "tanks": [{"capacity": 262, "impossibleCargos": [6, 11, 12, 15, 19, 20, 23], "neighbors": [17, 21, 15, 31, 23, 24, 20, 29, 18]}, {"capacity": 209, "impossibleCargos": [9, 11, 13, 24], "neighbors": [12, 15, 24, 33, 21, 18, 17, 14, 13, 23]}, {"capacity": 221, "impossibleCargos": [8, 10, 21], "neighbors": [29, 33, 16, 21, 6, 18, 10]}, {"capacity": 297, "impossibleCargos": [3, 4, 10, 12, 18, 19, 20, 21, 22], "neighbors": [5, 17, 13, 11]}, {"capacity": 222, "impossibleCargos": [0, 2, 7, 12, 17, 18, 19, 21, 23], "neighbors": [8, 16, 20, 26, 29, 24, 11, 6]}, {"capacity": 203, "impossibleCargos": [7, 8, 13, 16, 19], "neighbors": [18, 26, 32, 13, 10, 8, 31, 15, 3, 28, 16]}, {"capacity": 294, "impossibleCargos": [14, 17, 18, 20, 21], "neighbors": [20, 25, 31, 21, 2, 4, 15, 18]}, {"capacity": 236, "impossibleCargos": [5, 6, 8, 10, 13, 20], "neighbors": [16, 22, 8]}, {"capacity": 233, "impossibleCargos": [10, 11, 16], "neighbors": [4, 20, 5, 32, 21, 15, 7, 25, 14]}, {"capacity": 211, "impossibleCargos": [0, 5, 7, 10, 17, 24], "neighbors": [34, 17, 21, 11]}, {"capacity": 296, "impossibleCargos": [4, 7, 12, 20], "neighbors": [22, 5, 29, 2, 12, 20, 31, 32, 19]}, {"capacity": 204, "impossibleCargos": [0, 4, 5, 18, 23], "neighbors": [24, 33, 21, 14, 17, 20, 4, 31, 3, 30, 9, 13]}, {"capacity": 245, "impossibleCargos": [1, 5, 11, 15, 17, 19], "neighbors": [1, 15, 19, 17, 21, 29, 10]}, {"capacity": 226, "impossibleCargos": [3, 6, 11, 12, 18, 19], "neighbors": [5, 24, 15, 26, 20, 23, 3, 1, 34, 11]}, {"capacity": 284, "impossibleCargos": [2, 4, 10, 11, 12, 15], "neighbors": [20, 11, 21, 29, 34, 1, 24, 16, 8]}, {"capacity": 202, "impossibleCargos": [12, 17], "neighbors": [1, 21, 12, 13, 0, 5, 32, 22, 8, 26, 24, 6, 18]}, {"capacity": 206, "impossibleCargos": [2, 11, 13, 17], "neighbors": [4, 21, 2, 7, 14, 5, 17]}, {"capacity": 210, "impossibleCargos": [0, 1, 3, 4, 5, 6, 9, 15, 16, 18], "neighbors": [0, 27, 9, 11, 12, 3, 1, 22, 16]}, {"capacity": 260, "impossibleCargos": [3, 5, 10, 14, 18], "neighbors": [30, 5, 27, 24, 33, 19, 2, 1, 15, 6, 0]}, {"capacity": 297, "impossibleCargos": [0, 5, 6, 9, 12, 14, 18, 20, 21], "neighbors": [28, 12, 18, 22, 26, 23, 31, 10]}, {"capacity": 248, "impossibleCargos": [1, 3, 13, 15, 16, 21, 23], "neighbors": [6, 14, 4, 28, 8, 30, 25, 11, 13, 10, 0, 32]}, {"capacity": 272, "impossibleCargos": [1, 5, 6, 7, 12, 14, 15, 17, 22], "neighbors": [15, 16, 11, 32, 0, 14, 2, 6, 1, 12, 8, 34, 26, 9, 28]}, {"capacity": 298, "impossibleCargos": [1, 2, 4, 5, 6, 12, 17, 20, 21, 23], "neighbors": [10, 25, 7, 31, 19, 15, 17]}, {"capacity": 254, "impossibleCargos": [0, 2, 19, 22], "neighbors": [24, 0, 13, 19, 25, 1]}, {"capacity": 202, "impossibleCargos": [1, 5, 10, 13, 19, 22, 23], "neighbors": [11, 34, 1, 13, 23, 4, 18, 30, 0, 28, 14, 29, 15]}, {"capacity": 201, "impossibleCargos": [7, 9, 13, 21, 22], "neighbors": [6, 22, 28, 20, 29, 32, 34, 23, 33, 8]}, {"capacity": 211, "impossibleCargos": [0, 2, 6, 23, 24], "neighbors": [5, 4, 30, 13, 19, 21, 15, 33, 32]}, {"capacity": 274, "impossibleCargos": [2, 3, 4, 6, 16, 17, 21], "neighbors": [17, 18]}, {"capacity": 200, "impossibleCargos": [3, 6, 10, 17, 19], "neighbors": [19, 20, 25, 24, 5, 21]}, {"capacity": 290, "impossibleCargos": [3, 8, 19, 21, 23], "neighbors": [2, 14, 33, 4, 25, 10, 12, 32, 24, 0]}, {"capacity": 267, "impossibleCargos": [1, 13, 21, 24], "neighbors": [18, 20, 31, 26, 24, 11]}, {"capacity": 294, "impossibleCargos": [6, 7, 9, 12, 14, 15, 17, 19, 21], "neighbors": [30, 6, 5, 0, 22, 11, 19, 10]}, {"capacity": 221, "impossibleCargos": [1, 6, 7, 12, 18, 19], "neighbors": [5, 21, 8, 15, 25, 29, 26, 10, 20]}, {"capacity": 266, "impossibleCargos": [2, 3, 19, 20, 21, 24], "neighbors": [2, 11, 29, 1, 18, 34, 26, 25]}, {"capacity": 263, "impossibleCargos": [0, 6, 19, 22], "neighbors": [9, 24, 14, 33, 21, 25, 13]}]}