{"volumes": [933, 187, 1173, 452, 245, 0, 262, 436, 484, 0, 670, 0, 230, 0, 410, 0, 519, 0, 0, 436, 0, 226, 518, 210, 434], "conflicts": [[0, 5], [0, 13], [0, 15], [0, 20], [1, 4], [1, 5], [1, 10], [1, 15], [1, 16], [1, 22], [2, 5], [2, 9], [2, 11], [2, 13], [2, 17], [3, 4], [3, 5], [3, 6], [3, 8], [3, 11], [3, 15], [3, 16], [3, 20], [3, 21], [4, 9], [4, 11], [4, 17], [4, 18], [4, 24], [5, 6], [5, 8], [5, 10], [5, 11], [5, 12], [5, 18], [5, 22], [5, 24], [6, 12], [6, 14], [6, 15], [6, 16], [6, 20], [6, 21], [6, 22], [6, 24], [7, 10], [7, 13], [7, 19], [8, 11], [8, 12], [8, 15], [8, 17], [8, 18], [8, 21], [8, 23], [9, 10], [9, 11], [9, 14], [9, 18], [9, 19], [9, 23], [9, 24], [10, 11], [10, 13], [10, 14], [10, 15], [10, 18], [10, 20], [10, 21], [11, 12], [11, 13], [11, 14], [11, 16], [11, 18], [11, 22], [11, 23], [11, 24], [12, 20], [13, 15], [13, 16], [13, 17], [13, 18], [13, 19], [13, 21], [14, 15], [14, 20], [15, 16], [15, 23], [15, 24], [16, 17], [16, 18], [16, 23], [17, 18], [17, 20], [17, 21], [17, 22], [17, 23], [17, 24], [18, 20], [18, 21], [19, 20], [20, 23], [20, 24]], "tanks": [{"capacity": 283, "impossibleCargos": [1, 3, 13, 17, 22, 23], "neighbors": [20, 1, 25, 32, 17, 16, 26, 13, 22]}, {"capacity": 263, "impossibleCargos": [0, 1, 7, 11, 12, 23], "neighbors": [6, 0, 27, 24, 33, 15, 28, 10, 23, 32, 20]}, {"capacity": 211, "impossibleCargos": [11, 13, 18, 23, 24], "neighbors": [19, 12, 11]}, {"capacity": 275, "impossibleCargos": [19, 23], "neighbors": [33, 20, 29, 9, 11]}, {"capacity": 292, "impossibleCargos": [9, 11, 15, 20], "neighbors": [18, 6, 34, 25, 19, 29]}, {"capacity": 270, "impossibleCargos": [4, 20], "neighbors": [6, 17, 31, 21, 14, 32, 34]}, {"capacity": 249, "impossibleCargos": [0, 1, 3, 6, 7, 15, 18], "neighbors": [1, 29, 24, 34, 13, 27, 4, 5, 12, 23, 20]}, {"capacity": 213, "impossibleCargos": [5, 10, 12, 14, 16, 17, 23], "neighbors": [20, 23, 13, 15]}, {"capacity": 208, "impossibleCargos": [7, 14, 15, 17], "neighbors": [28, 21, 32, 16, 34, 29, 10]}, {"capacity": 245, "impossibleCargos": [0, 3, 4, 5, 22, 23], "neighbors": [22, 12, 3, 27, 34, 28]}, {"capacity": 227, "impossibleCargos": [0, 6, 8, 12, 16, 18, 24], "neighbors": [21, 11, 31, 16, 27, 22, 1, 14, 18, 8]}, {"capacity": 234, "impossibleCargos": [3, 5, 8, 14, 19, 20, 21], "neighbors": [24, 10, 34, 25, 27, 18, 2, 22, 12, 13, 3, 21]}, {"capacity": 285, "impossibleCargos": [2, 3, 6, 11, 13, 18, 19, 21], "neighbors": [2, 19, 9, 18, 17, 6, 30, 11, 28, 23]}, {"capacity": 213, "impossibleCargos": [2, 5, 6, 8, 9, 14, 16, 19, 20, 22], "neighbors": [25, 31, 6, 7, 0, 11, 19]}, {"capacity": 254, "impossibleCargos": [0, 3, 4, 13, 15, 18, 22, 23], "neighbors": [19, 16, 34, 32, 15, 5, 30, 10]}, {"capacity": 296, "impossibleCargos": [1, 10, 13, 14, 17, 18, 23], "neighbors": [19, 7, 1, 17, 33, 34, 25, 24, 14, 23, 30, 20, 29]}, {"capacity": 274, "impossibleCargos": [0, 2, 5, 6, 9, 14, 15, 17, 19], "neighbors": [10, 14, 8, 0, 29, 34]}, {"capacity": 239, "impossibleCargos": [0, 2, 5, 8, 16, 23], "neighbors": [26, 21, 33, 12, 0, 5, 15, 31, 29, 34]}, {"capacity": 297, "impossibleCargos": [7, 18], "neighbors": [29, 27, 4, 26, 12, 33, 11, 31, 10]}, {"capacity": 269, "impossibleCargos": [0, 7, 9, 10, 11, 13, 22], "neighbors": [2, 26, 12, 15, 20, 14, 23, 4, 29, 13]}, {"capacity": 241, "impossibleCargos": [0, 4, 11], "neighbors": [0, 7, 19, 28, 3, 15, 6, 1, 34]}, {"capacity": 236, "impossibleCargos": [1, 6, 9, 10, 14, 17, 21], "neighbors": [30, 10, 17, 8, 27, 5, 28, 11]}, {"capacity": 252, "impossibleCargos": [5, 18, 20, 22, 24], "neighbors": [28, 9, 10, 11, 30, 0]}, {"capacity": 202, "impossibleCargos": [0, 10, 15, 20, 23], "neighbors": [7, 26, 6, 19, 15, 1, 32, 12]}, {"capacity": 235, "impossibleCargos": [3, 4, 6, 8, 13, 21, 23], "neighbors": [11, 25, 27, 6, 26, 1, 31, 28, 15]}, {"capacity": 208, "impossibleCargos": [2, 10, 13, 14, 19, 20, 21, 22], "neighbors": [13, 24, 11, 0, 15, 34, 4, 27]}, {"capacity": 231, "impossibleCargos": [7, 10, 18, 23], "neighbors": [17, 19, 24, 18, 23, 33, 34, 0]}, {"capacity": 249, "impossibleCargos": [0, 3, 10, 12], "neighbors": [32, 18, 29, 24, 1, 21, 6, 11, 33, 10, 30, 9, 25]}, {"capacity": 263, "impossibleCargos": [4, 6, 8, 13, 16, 18, 19, 24], "neighbors": [34, 8, 22, 33, 20, 24, 1, 31, 21, 12, 9]}, {"capacity": 229, "impossibleCargos": [6, 12, 14, 17, 19, 23], "neighbors": [18, 6, 27, 3, 17, 16, 8, 19, 4, 15]}, {"capacity": 213, "impossibleCargos": [0, 2, 3, 12, 13, 14], "neighbors": [21, 12, 14, 27, 22, 15]}, {"capacity": 244, "impossibleCargos": [1, 5, 13, 14, 22], "neighbors": [13, 10, 5, 24, 17, 28, 18]}, {"capacity": 278, "impossibleCargos": [5, 7, 11, 13, 14, 17, 18], "neighbors": [27, 8, 0, 14, 5, 23, 1]}, {"capacity": 233, "impossibleCargos": [5, 7, 9, 10, 14, 20], "neighbors": [3, 17, 28, 18, 1, 26, 27, 15]}, {"capacity": 235, "impossibleCargos": [4, 16, 17, 18], "neighbors": [28, 11, 6, 26, 15, 4, 14, 8, 25, 17, 9, 20, 5, 16]}]}