{"volumes": [233, 267, 196, 0, 661, 0, 0, 730, 0, 709, 192, 760, 466, 0, 487, 280, 0, 256, 500, 475, 233, 706, 0, 475, 483], "conflicts": [[0, 2], [0, 3], [0, 4], [0, 6], [0, 8], [0, 10], [0, 12], [0, 13], [0, 16], [0, 20], [0, 24], [1, 2], [1, 6], [1, 7], [1, 8], [1, 12], [1, 13], [1, 14], [1, 15], [1, 16], [1, 22], [2, 3], [2, 5], [2, 6], [2, 10], [2, 11], [2, 12], [2, 13], [2, 15], [2, 17], [2, 18], [2, 19], [2, 21], [2, 22], [2, 24], [3, 4], [3, 5], [3, 7], [3, 8], [3, 9], [3, 10], [3, 11], [3, 12], [3, 13], [3, 14], [3, 15], [3, 16], [3, 17], [3, 18], [3, 19], [3, 20], [3, 22], [3, 24], [4, 6], [4, 8], [4, 13], [4, 15], [4, 22], [5, 7], [5, 8], [5, 9], [5, 11], [5, 12], [5, 13], [5, 14], [5, 15], [5, 17], [5, 18], [5, 19], [5, 20], [5, 21], [5, 22], [5, 24], [6, 7], [6, 8], [6, 10], [6, 11], [6, 12], [6, 14], [6, 16], [6, 17], [6, 18], [6, 20], [6, 21], [6, 22], [6, 23], [6, 24], [7, 9], [7, 10], [7, 13], [7, 16], [7, 19], [7, 20], [7, 22], [8, 9], [8, 11], [8, 12], [8, 14], [8, 15], [8, 16], [8, 17], [8, 18], [8, 19], [8, 20], [8, 22], [8, 23], [9, 13], [9, 14], [9, 15], [9, 16], [9, 17], [9, 22], [10, 11], [10, 12], [10, 13], [10, 16], [10, 17], [10, 20], [10, 22], [11, 13], [11, 14], [11, 15], [11, 16], [11, 17], [12, 13], [12, 15], [12, 16], [12, 17], [12, 18], [12, 19], [12, 20], [12, 21], [12, 22], [13, 15], [13, 16], [13, 17], [13, 19], [13, 20], [13, 21], [13, 23], [13, 24], [14, 16], [14, 17], [14, 20], [15, 16], [15, 20], [15, 22], [15, 23], [15, 24], [16, 17], [16, 18], [16, 19], [16, 20], [16, 21], [16, 22], [16, 23], [16, 24], [17, 18], [17, 20], [17, 21], [17, 22], [17, 23], [17, 24], [18, 19], [18, 20], [18, 22], [19, 20], [20, 21], [20, 22], [20, 23], [20, 24], [21, 22], [22, 23], [22, 24], [23, 24]], "tanks": [{"capacity": 256, "impossibleCargos": [0, 3, 6, 8, 10, 12, 14, 16, 19, 20, 21, 22, 24], "neighbors": [6, 5, 4, 33, 18, 14, 31, 9, 19]}, {"capacity": 216, "impossibleCargos": [4, 5, 6, 8, 9, 10, 12, 13, 14, 15, 16, 17, 20, 21, 23, 24], "neighbors": [26, 13, 28, 25, 34, 24, 22, 16, 32, 21]}, {"capacity": 252, "impossibleCargos": [0, 1, 2, 6, 8, 9, 11, 12, 13, 17, 19, 20, 21], "neighbors": [20, 17, 4, 26, 24, 33]}, {"capacity": 212, "impossibleCargos": [0, 1, 2, 9, 12, 13, 14, 15, 16, 20, 22, 23], "neighbors": [28, 10, 26, 13, 5, 8, 24, 27, 9, 20]}, {"capacity": 277, "impossibleCargos": [1, 5, 8, 11, 12, 15, 16, 17, 22, 24], "neighbors": [21, 23, 0, 9, 34, 6, 27, 2]}, {"capacity": 274, "impossibleCargos": [0, 1, 4, 5, 6, 9, 10, 11, 18, 20, 21, 22, 23], "neighbors": [32, 27, 23, 0, 3, 31, 20, 16, 29, 15, 8, 26]}, {"capacity": 257, "impossibleCargos": [1, 5, 6, 11, 13, 14, 15, 17, 18, 22], "neighbors": [18, 0, 11, 23, 32, 21, 20, 4, 16, 22, 33, 9]}, {"capacity": 256, "impossibleCargos": [0, 4, 5, 8, 17, 18, 20, 21, 22, 23, 24], "neighbors": [14, 12, 30, 13, 17]}, {"capacity": 271, "impossibleCargos": [3, 4, 6, 7, 8, 9, 10, 13, 15, 20, 21, 22, 23], "neighbors": [11, 9, 28, 3, 5, 10, 22, 32, 24]}, {"capacity": 265, "impossibleCargos": [1, 2, 3, 6, 7, 13, 15, 17, 24], "neighbors": [27, 17, 8, 31, 4, 0, 3, 34, 6]}, {"capacity": 293, "impossibleCargos": [0, 6, 7, 11, 19, 20, 21], "neighbors": [3, 13, 25, 12, 14, 8]}, {"capacity": 241, "impossibleCargos": [1, 2, 3, 5, 6, 9, 10, 11, 12, 13, 16, 18, 19, 21, 22], "neighbors": [8, 6, 24, 22, 31, 34, 25, 12, 15, 26]}, {"capacity": 279, "impossibleCargos": [2, 4, 6, 9, 10, 13, 14, 15, 16, 17, 19, 22, 24], "neighbors": [15, 14, 7, 11, 10, 32, 21]}, {"capacity": 248, "impossibleCargos": [0, 1, 5, 6, 8, 10, 12, 15, 16, 18, 19, 20], "neighbors": [27, 34, 1, 17, 3, 16, 10, 21, 25, 24, 32, 23, 7]}, {"capacity": 274, "impossibleCargos": [0, 1, 4, 5, 7, 10, 11, 13, 17, 21], "neighbors": [12, 7, 0, 29, 27, 10, 21, 18]}, {"capacity": 251, "impossibleCargos": [1, 3, 4, 7, 8, 11, 14, 15, 19, 22, 24], "neighbors": [12, 18, 17, 21, 31, 26, 11, 22, 24, 5, 16]}, {"capacity": 208, "impossibleCargos": [1, 3, 4, 5, 6, 7, 9, 11, 12, 16, 17, 19, 20, 23, 24], "neighbors": [23, 13, 32, 5, 6, 15, 1, 31]}, {"capacity": 285, "impossibleCargos": [0, 1, 5, 6, 8, 9, 15, 17, 19, 23, 24], "neighbors": [29, 26, 31, 13, 24, 23, 9, 15, 34, 32, 2, 7, 22]}, {"capacity": 213, "impossibleCargos": [3, 5, 6, 9, 10, 11, 15, 16, 17, 19, 22, 24], "neighbors": [6, 22, 15, 0, 19, 28, 23, 14]}, {"capacity": 210, "impossibleCargos": [0, 3, 4, 6, 8, 9, 10, 11, 14, 16, 17, 18], "neighbors": [25, 18, 0, 21]}, {"capacity": 276, "impossibleCargos": [2, 3, 4, 6, 8, 10, 12, 13, 14], "neighbors": [23, 2, 5, 6, 3]}, {"capacity": 223, "impossibleCargos": [0, 8, 11, 14, 16, 18, 22, 23], "neighbors": [4, 6, 13, 15, 24, 30, 19, 14, 12, 1]}, {"capacity": 296, "impossibleCargos": [0, 1, 2, 5, 7, 9, 10, 12, 13, 14, 18, 19, 20, 21], "neighbors": [18, 11, 15, 6, 1, 17, 8]}, {"capacity": 258, "impossibleCargos": [1, 2, 5, 6, 8, 9, 10, 12, 13, 16, 17, 18, 19, 20, 21, 22], "neighbors": [16, 5, 20, 6, 4, 17, 31, 13, 26, 18]}, {"capacity": 283, "impossibleCargos": [0, 2, 3, 7, 11, 13, 15, 17, 18, 19, 20, 21, 23, 24], "neighbors": [30, 17, 11, 31, 21, 15, 13, 1, 3, 28, 2, 25, 8]}, {"capacity": 206, "impossibleCargos": [3, 4, 5, 6, 7, 10, 15, 16, 17, 19, 22], "neighbors": [19, 27, 11, 1, 10, 13, 24, 31]}, {"capacity": 214, "impossibleCargos": [1, 2, 4, 5, 6, 8, 10, 12, 14, 15, 17, 19, 22, 23, 24], "neighbors": [1, 17, 3, 31, 15, 23, 5, 2, 11]}, {"capacity": 222, "impossibleCargos": [0, 2, 3, 4, 9, 10, 14, 16, 17, 18, 19, 20, 21, 22, 23], "neighbors": [13, 9, 5, 25, 4, 14, 3]}, {"capacity": 280, "impossibleCargos": [1, 5, 6, 7, 8, 9, 12, 14, 15, 18, 19, 20], "neighbors": [3, 1, 8, 18, 24, 34]}, {"capacity": 221, "impossibleCargos": [5, 6, 8, 10, 11, 12, 18, 19, 21, 24], "neighbors": [17, 14, 5, 32]}, {"capacity": 259, "impossibleCargos": [1, 2, 3, 5, 8, 10, 11, 15, 16, 19, 22, 23], "neighbors": [24, 7, 21]}, {"capacity": 291, "impossibleCargos": [2, 5, 7, 10, 11, 14, 15, 19], "neighbors": [17, 11, 9, 5, 24, 33, 0, 15, 26, 32, 23, 16, 25]}, {"capacity": 234, "impossibleCargos": [0, 1, 2, 5, 6, 7, 8, 9, 14, 15, 16, 17, 18, 19, 22, 24], "neighbors": [5, 6, 16, 31, 13, 17, 12, 1, 8, 33, 29]}, {"capacity": 269, "impossibleCargos": [3, 4, 5, 10, 11, 12, 16, 20, 21], "neighbors": [0, 31, 6, 2, 32]}, {"capacity": 259, "impossibleCargos": [0, 3, 14, 15, 17, 18, 21, 22, 23, 24], "neighbors": [13, 11, 4, 17, 1, 9, 28]}]}