{"volumes": [299, 0, 448, 464, 548, 217, 265, 501, 257, 804, 0, 676, 0, 251, 725, 245, 0, 693, 0, 0, 497, 0, 283, 458, 712], "conflicts": [[0, 5], [0, 24], [1, 3], [1, 8], [1, 11], [1, 13], [1, 22], [1, 23], [2, 4], [2, 13], [2, 18], [3, 4], [3, 10], [3, 11], [3, 18], [4, 5], [4, 13], [4, 16], [4, 20], [5, 6], [5, 8], [5, 15], [5, 19], [5, 21], [6, 16], [6, 21], [6, 23], [7, 10], [7, 18], [7, 19], [8, 21], [9, 10], [9, 12], [9, 15], [9, 18], [9, 22], [10, 12], [10, 15], [10, 20], [10, 21], [10, 24], [11, 12], [11, 21], [12, 13], [12, 15], [12, 16], [12, 18], [12, 20], [13, 17], [13, 22], [14, 21], [14, 22], [16, 19], [17, 19], [17, 21], [18, 20], [18, 22], [18, 24], [19, 20], [19, 21], [19, 22], [19, 24], [21, 23], [21, 24]], "tanks": [{"capacity": 258, "impossibleCargos": [0, 1, 2, 3, 4, 6, 7, 8, 10, 11, 13, 15, 16, 18, 20, 22, 23, 24], "neighbors": [31, 15, 26, 12, 19, 18, 2, 27, 9]}, {"capacity": 273, "impossibleCargos": [1, 2, 3, 4, 5, 7, 9, 10, 11, 12, 13, 14, 15, 16, 18, 19, 22, 23, 24], "neighbors": [2, 8, 4, 3, 32, 34, 6, 20, 26, 28]}, {"capacity": 260, "impossibleCargos": [0, 1, 2, 4, 5, 6, 7, 8, 9, 10, 11, 12, 13, 15, 16, 18, 19, 20, 21, 22, 23], "neighbors": [1, 24, 32, 25, 22, 8, 33, 27, 0]}, {"capacity": 277, "impossibleCargos": [2, 3, 5, 6, 9, 10, 12, 13, 14, 15, 16, 17, 19, 20, 21, 23, 24], "neighbors": [21, 9, 4, 17, 1, 27, 18, 15, 13, 7, 26, 10, 24, 25, 33]}, {"capacity": 212, "impossibleCargos": [0, 2, 6, 7, 9, 10, 13, 14, 16, 17, 18, 19, 20, 21, 22, 24], "neighbors": [3, 1, 34, 20, 18, 17]}, {"capacity": 279, "impossibleCargos": [0, 1, 2, 3, 4, 6, 7, 9, 11, 12, 13, 15, 17, 18, 19, 20, 22, 23], "neighbors": [7, 20, 12, 10, 9, 24]}, {"capacity": 292, "impossibleCargos": [0, 1, 2, 3, 4, 5, 7, 8, 10, 13, 14, 17, 18, 21, 22, 23, 24], "neighbors": [20, 30, 34, 22, 24, 1, 9, 33, 12]}, {"capacity": 282, "impossibleCargos": [1, 2, 4, 7, 8, 9, 10, 11, 12, 13, 14, 15, 16, 17, 18, 19, 21, 23, 24], "neighbors": [20, 9, 24, 28, 14, 5, 3, 12]}, {"capacity": 245, "impossibleCargos": [0, 1, 2, 3, 6, 9, 10, 11, 12, 14, 16, 17, 18, 20, 21, 22, 23, 24], "neighbors": [22, 1, 20, 10, 32, 11, 2, 17, 19, 16]}, {"capacity": 249, "impossibleCargos": [0, 1, 2, 3, 5, 6, 7, 8, 10, 12, 13, 14, 15, 16, 17, 18, 19, 21, 22, 23, 24], "neighbors": [22, 26, 3, 24, 7, 31, 34, 30, 23, 21, 0, 5, 6]}, {"capacity": 278, "impossibleCargos": [0, 1, 2, 3, 5, 7, 9, 10, 12, 13, 14, 15, 16, 18, 19, 20, 21, 22, 24], "neighbors": [19, 14, 8, 34, 24, 3, 5]}, {"capacity": 242, "impossibleCargos": [0, 2, 3, 4, 5, 6, 9, 12, 13, 14, 16, 17, 18, 19, 20, 21, 23, 24], "neighbors": [8, 27]}, {"capacity": 218, "impossibleCargos": [0, 1, 4, 6, 7, 8, 10, 11, 12, 13, 14, 18, 19, 21, 22, 23, 24], "neighbors": [34, 18, 21, 0, 16, 22, 5, 6, 7]}, {"capacity": 212, "impossibleCargos": [0, 1, 2, 4, 5, 6, 9, 10, 12, 13, 16, 17, 19, 21, 22], "neighbors": [29, 33, 3, 19, 21, 20, 28]}, {"capacity": 262, "impossibleCargos": [0, 2, 3, 4, 5, 6, 7, 8, 9, 12, 13, 14, 15, 16, 17, 18, 19, 20, 22, 24], "neighbors": [16, 10, 7, 28, 22, 19, 21, 23]}, {"capacity": 300, "impossibleCargos": [1, 2, 4, 7, 8, 9, 11, 12, 14, 15, 16, 21, 22, 23, 24], "neighbors": [21, 0, 20, 25, 3, 17]}, {"capacity": 248, "impossibleCargos": [1, 2, 3, 4, 5, 6, 7, 9, 10, 11, 13, 17, 18, 19, 21, 22, 24], "neighbors": [19, 14, 20, 12, 28, 8]}, {"capacity": 282, "impossibleCargos": [0, 3, 4, 5, 8, 11, 13, 15, 16, 17, 18, 20, 22], "neighbors": [28, 21, 29, 19, 22, 3, 4, 8, 15]}, {"capacity": 257, "impossibleCargos": [2, 3, 4, 5, 6, 7, 8, 9, 11, 12, 14, 15, 16, 17, 18, 19, 20, 21, 22, 23], "neighbors": [28, 12, 24, 21, 4, 32, 0, 3, 26]}, {"capacity": 279, "impossibleCargos": [2, 3, 4, 5, 7, 8, 9, 10, 12, 14, 15, 16, 17, 18, 19, 20, 21, 22, 23], "neighbors": [16, 10, 17, 28, 22, 21, 0, 29, 14, 13, 30, 8]}, {"capacity": 237, "impossibleCargos": [2, 3, 4, 5, 7, 8, 9, 10, 11, 13, 14, 15, 16, 18, 20, 21, 22, 24], "neighbors": [7, 6, 8, 34, 16, 15, 4, 5, 1, 13]}, {"capacity": 223, "impossibleCargos": [0, 1, 3, 7, 8, 9, 11, 13, 14, 15, 17, 18, 19, 20, 21, 22], "neighbors": [3, 17, 29, 26, 15, 18, 19, 12, 31, 9, 27, 14, 13]}, {"capacity": 269, "impossibleCargos": [0, 1, 2, 5, 6, 7, 8, 9, 11, 12, 13, 14, 15, 16, 18, 19, 21, 22, 24], "neighbors": [9, 8, 17, 19, 6, 24, 30, 29, 2, 14, 12, 33]}, {"capacity": 240, "impossibleCargos": [0, 1, 3, 5, 6, 8, 9, 13, 14, 15, 16, 19, 20], "neighbors": [34, 9, 25, 14]}, {"capacity": 249, "impossibleCargos": [1, 5, 6, 10, 11, 12, 13, 15, 17, 18, 19, 20, 21, 22, 23, 24], "neighbors": [9, 2, 18, 7, 31, 22, 28, 10, 6, 30, 3, 5, 26]}, {"capacity": 261, "impossibleCargos": [0, 1, 3, 5, 6, 7, 8, 11, 12, 13, 14, 15, 16, 17, 19, 20, 21, 22, 23], "neighbors": [34, 2, 30, 15, 33, 23, 3]}, {"capacity": 210, "impossibleCargos": [0, 2, 4, 5, 6, 7, 8, 9, 12, 14, 15, 16, 18, 19, 20, 21, 22], "neighbors": [9, 21, 0, 32, 1, 3, 18, 24]}, {"capacity": 300, "impossibleCargos": [0, 1, 3, 4, 5, 6, 7, 8, 10, 11, 14, 15, 17, 18, 19, 20, 21, 22, 23, 24], "neighbors": [31, 11, 3, 2, 0, 21]}, {"capacity": 259, "impossibleCargos": [0, 1, 2, 3, 4, 5, 6, 7, 9, 10, 11, 12, 14, 16, 17, 18, 19, 20, 22, 23, 24], "neighbors": [18, 17, 7, 19, 24, 14, 1, 13, 16]}, {"capacity": 299, "impossibleCargos": [1, 2, 3, 4, 5, 6, 7, 8, 9, 10, 11, 12, 14, 15, 16, 20], "neighbors": [21, 17, 22, 19, 13]}, {"capacity": 230, "impossibleCargos": [0, 2, 4, 6, 7, 8, 9, 11, 12, 13, 14, 15, 16, 17, 18, 19, 20, 22, 23, 24], "neighbors": [6, 22, 9, 25, 19, 24]}, {"capacity": 252, "impossibleCargos": [1, 2, 3, 4, 5, 6, 7, 10, 11, 12, 13, 15, 16, 17, 18, 19, 20, 21, 22, 23, 24], "neighbors": [27, 0, 32, 24, 9, 34, 21, 33]}, {"capacity": 287, "impossibleCargos": [0, 2, 3, 5, 6, 7, 8, 9, 10, 11, 12, 13, 14, 15, 16, 18, 19, 20, 22, 23, 24], "neighbors": [31, 8, 2, 1, 18, 26, 33]}, {"capacity": 235, "impossibleCargos": [0, 1, 3, 4, 6, 7, 8, 9, 10, 11, 12, 13, 14, 15, 16, 19, 21, 23, 24], "neighbors": [2, 13, 25, 22, 32, 6, 31, 3]}, {"capacity": 275, "impossibleCargos": [0, 3, 4, 7, 8, 10, 11, 12, 13, 14, 15, 16, 17, 18, 19, 21, 22, 23, 24], "neighbors": [12, 4, 25, 6, 10, 23, 20, 9, 1, 31]}]}