{"volumes": [215, 627, 0, 445, 200, 0, 279, 240, 920, 0, 279, 235, 0, 683, 0, 0, 458, 525, 215, 475, 433, 984, 0, 203, 487], "conflicts": [[0, 2], [0, 4], [0, 6], [0, 7], [0, 9], [0, 12], [0, 16], [0, 18], [0, 19], [0, 22], [0, 24], [1, 2], [1, 5], [1, 9], [1, 12], [1, 14], [1, 15], [1, 22], [2, 4], [2, 5], [2, 6], [2, 9], [2, 10], [2, 19], [2, 21], [2, 23], [2, 24], [3, 10], [3, 17], [3, 18], [4, 5], [4, 6], [4, 9], [4, 14], [4, 17], [4, 18], [4, 23], [5, 6], [5, 8], [5, 10], [5, 11], [5, 13], [5, 15], [5, 16], [5, 17], [5, 18], [5, 23], [6, 7], [6, 8], [6, 9], [6, 11], [6, 19], [6, 22], [6, 23], [6, 24], [7, 9], [7, 11], [7, 17], [7, 18], [7, 20], [7, 22], [7, 24], [8, 12], [8, 22], [8, 23], [9, 11], [9, 13], [9, 14], [9, 15], [9, 16], [9, 17], [9, 23], [10, 11], [10, 12], [10, 15], [10, 23], [11, 15], [11, 17], [11, 22], [12, 13], [12, 19], [12, 20], [12, 21], [12, 22], [12, 24], [13, 14], [13, 22], [14, 17], [14, 18], [14, 20], [14, 21], [14, 22], [14, 23], [15, 18], [15, 19], [15, 21], [15, 23], [16, 19], [16, 20], [16, 22], [16, 23], [16, 24], [17, 19], [17, 22], [18, 22], [18, 24], [19, 20], [19, 21], [19, 22], [21, 22], [23, 24]], "tanks": [{"capacity": 215, "impossibleCargos": [0, 2, 4, 5, 6, 7, 8, 10, 11, 12, 13, 14, 15, 16, 17, 19, 20, 21, 22, 23, 24], "neighbors": [16, 18, 20, 11, 27, 8, 1]}, {"capacity": 219, "impossibleCargos": [0, 1, 2, 3, 4, 5, 6, 7, 9, 10, 11, 12, 14, 15, 16, 17, 18, 19, 20, 22, 23, 24], "neighbors": [29, 26, 5, 3, 12, 17, 34, 0]}, {"capacity": 248, "impossibleCargos": [0, 1, 2, 3, 4, 5, 7, 9, 10, 11, 12, 13, 14, 15, 16, 19, 20, 21, 22, 23, 24], "neighbors": [24, 31, 4, 29, 17, 7]}, {"capacity": 242, "impossibleCargos": [1, 2, 4, 5, 6, 7, 8, 9, 11, 13, 14, 15, 16, 17, 18, 19, 21, 23, 24], "neighbors": [11, 34, 19, 1, 22, 14, 21, 28, 18, 31]}, {"capacity": 282, "impossibleCargos": [0, 1, 2, 3, 4, 5, 6, 7, 8, 9, 10, 12, 13, 14, 16, 18, 23, 24], "neighbors": [18, 10, 33, 2, 15, 24, 12, 16, 13]}, {"capacity": 255, "impossibleCargos": [0, 1, 3, 4, 5, 6, 7, 8, 9, 10, 11, 13, 14, 15, 19, 22, 23], "neighbors": [13, 1, 18, 15, 8, 17, 6]}, {"capacity": 289, "impossibleCargos": [0, 1, 2, 4, 5, 6, 7, 8, 9, 11, 12, 13, 14, 16, 17, 19, 20, 23, 24], "neighbors": [11, 22, 26, 19, 5, 8]}, {"capacity": 233, "impossibleCargos": [0, 1, 2, 4, 5, 6, 10, 11, 12, 13, 14, 15, 17, 18, 19, 20, 22, 24], "neighbors": [15, 12, 32, 20, 26, 17, 14, 19, 22, 2]}, {"capacity": 271, "impossibleCargos": [1, 2, 3, 4, 5, 7, 8, 10, 11, 12, 13, 14, 15, 16, 18, 19, 20, 21, 22, 23, 24], "neighbors": [14, 5, 26, 34, 0, 12, 18, 6]}, {"capacity": 220, "impossibleCargos": [0, 1, 2, 3, 4, 8, 12, 14, 16, 17, 18, 19, 20, 21, 24], "neighbors": [17, 33, 28, 11, 34, 18, 10, 29]}, {"capacity": 248, "impossibleCargos": [3, 5, 9, 10, 12, 13, 14, 15, 16, 17, 18, 19, 20, 22, 23, 24], "neighbors": [20, 30, 4, 15, 26, 22, 27, 25, 9, 32]}, {"capacity": 237, "impossibleCargos": [0, 1, 2, 4, 5, 6, 7, 8, 9, 11, 12, 15, 21, 22, 23], "neighbors": [3, 31, 14, 6, 0, 12, 9, 24, 26]}, {"capacity": 277, "impossibleCargos": [1, 2, 3, 4, 5, 6, 8, 9, 10, 12, 14, 16, 17, 18, 19, 20, 21, 22, 23], "neighbors": [7, 11, 1, 4, 30, 8]}, {"capacity": 235, "impossibleCargos": [4, 5, 6, 7, 8, 9, 11, 12, 13, 14, 15, 16, 19, 20, 21, 22, 23, 24], "neighbors": [5, 27, 28, 4, 16, 22, 18, 25, 23]}, {"capacity": 221, "impossibleCargos": [4, 5, 8, 9, 10, 11, 12, 13, 14, 15, 16, 19, 21, 22, 24], "neighbors": [11, 16, 8, 23, 3, 7, 25, 24, 20]}, {"capacity": 291, "impossibleCargos": [0, 2, 3, 4, 5, 7, 8, 9, 10, 11, 12, 13, 14, 15, 16, 18, 19, 20, 23, 24], "neighbors": [18, 7, 5, 4, 33, 20, 24, 10, 25]}, {"capacity": 247, "impossibleCargos": [0, 1, 2, 4, 5, 6, 7, 9, 10, 12, 14, 15, 19, 21, 22, 23], "neighbors": [0, 14, 34, 19, 32, 4, 13, 26, 23, 21]}, {"capacity": 247, "impossibleCargos": [2, 3, 4, 6, 8, 9, 11, 12, 13, 14, 17, 18, 19, 20, 21, 22, 23], "neighbors": [9, 27, 29, 7, 28, 1, 2, 31, 5, 34, 18]}, {"capacity": 225, "impossibleCargos": [0, 2, 5, 6, 7, 8, 9, 10, 11, 12, 14, 15, 16, 17, 18, 19, 20, 22, 24], "neighbors": [30, 15, 4, 0, 5, 19, 27, 3, 9, 13, 29, 17, 8]}, {"capacity": 221, "impossibleCargos": [0, 1, 2, 3, 5, 7, 8, 9, 10, 11, 13, 14, 16, 17, 18, 20, 21, 22, 23, 24], "neighbors": [24, 3, 16, 33, 20, 18, 27, 7, 21, 32, 6]}, {"capacity": 230, "impossibleCargos": [0, 2, 4, 5, 6, 7, 8, 10, 13, 14, 15, 16, 17, 19, 20, 22, 23, 24], "neighbors": [10, 0, 7, 32, 19, 15, 29, 26, 14]}, {"capacity": 223, "impossibleCargos": [0, 1, 2, 3, 4, 5, 6, 7, 8, 10, 11, 12, 13, 14, 15, 16, 18, 23, 24], "neighbors": [33, 3, 25, 19, 16]}, {"capacity": 273, "impossibleCargos": [1, 2, 3, 4, 5, 6, 7, 9, 10, 12, 13, 14, 15, 16, 17, 19, 20, 23, 24], "neighbors": [6, 34, 24, 32, 3, 10, 13, 7]}, {"capacity": 241, "impossibleCargos": [0, 1, 3, 4, 5, 6, 7, 8, 9, 12, 14, 15, 16, 17, 19, 21, 23, 24], "neighbors": [32, 14, 26, 34, 16, 13]}, {"capacity": 270, "impossibleCargos": [1, 2, 3, 4, 6, 7, 8, 10, 11, 12, 13, 14, 16, 17, 18, 19, 20, 22, 23, 24], "neighbors": [2, 19, 22, 4, 15, 11, 14]}, {"capacity": 207, "impossibleCargos": [0, 1, 2, 3, 4, 5, 7, 8, 12, 13, 14, 15, 16, 17, 18, 19, 21, 23], "neighbors": [34, 30, 21, 15, 32, 14, 10, 13]}, {"capacity": 248, "impossibleCargos": [1, 4, 6, 7, 8, 9, 10, 11, 13, 14, 16, 19, 20, 21, 22], "neighbors": [6, 1, 28, 7, 30, 10, 8, 23, 32, 20, 16, 11]}, {"capacity": 234, "impossibleCargos": [0, 2, 3, 6, 7, 10, 12, 13, 14, 18, 19, 20, 21, 22, 23], "neighbors": [0, 13, 17, 18, 19, 32, 10]}, {"capacity": 266, "impossibleCargos": [0, 1, 2, 3, 5, 6, 7, 8, 9, 10, 12, 15, 16, 17, 18, 19, 20, 21, 22, 23, 24], "neighbors": [26, 17, 13, 3, 31, 9, 34, 33]}, {"capacity": 293, "impossibleCargos": [0, 1, 2, 3, 4, 5, 6, 7, 8, 9, 10, 11, 12, 13, 14, 16, 17, 18, 21, 22, 23, 24], "neighbors": [1, 31, 2, 17, 32, 20, 18, 9]}, {"capacity": 246, "impossibleCargos": [0, 1, 2, 3, 4, 5, 6, 7, 8, 9, 10, 11, 12, 13, 14, 15, 16, 17, 19, 20, 22, 23, 24], "neighbors": [18, 10, 26, 12, 25, 33, 32]}, {"capacity": 202, "impossibleCargos": [0, 1, 3, 6, 7, 10, 11, 12, 13, 14, 16, 17, 18, 20, 21, 22, 23], "neighbors": [11, 29, 2, 17, 28, 3]}, {"capacity": 224, "impossibleCargos": [0, 1, 3, 4, 6, 7, 10, 11, 12, 13, 16, 17, 20, 21, 22, 23, 24], "neighbors": [23, 7, 16, 20, 22, 29, 26, 25, 30, 19, 27, 10]}, {"capacity": 218, "impossibleCargos": [0, 3, 4, 5, 6, 7, 8, 10, 11, 12, 14, 15, 16, 17, 18, 19, 22, 24], "neighbors": [21, 4, 15, 19, 9, 30, 28]}, {"capacity": 294, "impossibleCargos": [0, 1, 2, 3, 4, 5, 7, 8, 9, 10, 11, 12, 13, 15, 18, 20, 23], "neighbors": [3, 22, 16, 25, 8, 1, 9, 23, 17, 28]}]}