{"volumes": [257, 444, 722, 530, 767, 891, 0, 0, 0, 0, 427, 0, 0, 189, 265, 499, 193, 708, 270, 211, 430, 441, 269, 259, 267], "conflicts": [[0, 1], [0, 4], [0, 6], [0, 8], [0, 9], [0, 15], [1, 3], [1, 8], [1, 11], [1, 12], [1, 13], [1, 16], [1, 18], [1, 24], [2, 8], [2, 12], [2, 19], [2, 24], [3, 6], [3, 8], [3, 16], [3, 17], [3, 18], [3, 23], [4, 6], [4, 7], [4, 8], [4, 9], [4, 11], [4, 12], [4, 13], [4, 14], [5, 6], [5, 9], [5, 11], [5, 14], [5, 22], [6, 7], [6, 8], [6, 10], [6, 12], [6, 17], [6, 19], [6, 20], [6, 22], [6, 23], [6, 24], [7, 8], [7, 10], [7, 11], [7, 13], [7, 15], [7, 18], [7, 19], [7, 24], [8, 9], [8, 10], [8, 11], [8, 12], [8, 13], [8, 18], [8, 23], [8, 24], [9, 10], [9, 11], [9, 12], [9, 13], [9, 14], [9, 15], [9, 16], [9, 22], [10, 11], [10, 12], [10, 17], [10, 19], [10, 24], [11, 12], [11, 15], [11, 17], [11, 19], [11, 20], [11, 22], [11, 24], [12, 13], [12, 15], [12, 17], [12, 20], [12, 21], [13, 14], [13, 15], [13, 16], [13, 17], [13, 19], [13, 21], [13, 24], [14, 15], [14, 18], [14, 20], [15, 20], [15, 22], [15, 24], [16, 19], [16, 20], [16, 21], [16, 23], [18, 19], [18, 21], [18, 22], [18, 23], [18, 24], [19, 20], [19, 24], [20, 21], [20, 23], [22, 24]], "tanks": [{"capacity": 234, "impossibleCargos": [0, 1, 2, 4, 6, 8, 9, 10, 11, 12, 13, 14, 15, 17, 18, 22, 23, 24], "neighbors": [33, 7, 21, 17, 22, 8, 5, 15]}, {"capacity": 229, "impossibleCargos": [0, 1, 2, 4, 6, 7, 8, 9, 10, 12, 13, 14, 15, 16, 17, 18, 20, 21, 22, 23, 24], "neighbors": [18, 33, 29, 19, 34, 25, 23, 15, 10]}, {"capacity": 285, "impossibleCargos": [1, 3, 5, 6, 8, 9, 10, 12, 13, 15, 17, 18, 19, 20, 21, 22, 23], "neighbors": [30, 18, 28, 20, 34, 10]}, {"capacity": 226, "impossibleCargos": [0, 4, 5, 6, 7, 9, 10, 11, 12, 13, 14, 15, 16, 17, 18, 19, 20, 21, 22, 23, 24], "neighbors": [25, 8, 18, 32, 26, 20, 23]}, {"capacity": 252, "impossibleCargos": [0, 1, 3, 4, 5, 7, 10, 11, 12, 13, 14, 16, 17, 18, 19, 22, 23, 24], "neighbors": [7, 29, 17, 10, 30]}, {"capacity": 272, "impossibleCargos": [0, 1, 3, 4, 6, 7, 8, 9, 13, 14, 15, 16, 17, 18, 19, 20, 21, 22], "neighbors": [15, 32, 26, 25, 21, 9, 33, 18, 0, 10, 8]}, {"capacity": 300, "impossibleCargos": [0, 2, 4, 5, 6, 8, 9, 10, 11, 12, 13, 14, 15, 16, 18, 19, 20, 21, 22, 24], "neighbors": [21, 34, 33, 17, 14, 31, 26, 11]}, {"capacity": 295, "impossibleCargos": [0, 2, 3, 4, 6, 7, 9, 10, 11, 12, 14, 16, 17, 18, 19, 20, 21, 22, 23, 24], "neighbors": [4, 0, 12, 26, 33, 24, 16, 8]}, {"capacity": 256, "impossibleCargos": [0, 1, 2, 3, 4, 5, 6, 7, 8, 9, 10, 11, 12, 13, 15, 16, 17, 19, 20, 23, 24], "neighbors": [3, 17, 15, 0, 33, 27, 5, 7]}, {"capacity": 203, "impossibleCargos": [0, 6, 7, 9, 10, 11, 12, 14, 15, 17, 20, 21, 23, 24], "neighbors": [25, 5, 30, 18, 15, 26, 31]}, {"capacity": 229, "impossibleCargos": [0, 1, 2, 5, 6, 7, 8, 9, 10, 11, 12, 13, 15, 17, 18, 20, 21, 22, 23, 24], "neighbors": [33, 25, 24, 22, 20, 4, 5, 17, 2, 1]}, {"capacity": 235, "impossibleCargos": [1, 3, 4, 7, 8, 9, 10, 11, 12, 14, 15, 16, 17, 18, 19, 21, 24], "neighbors": [13, 26, 17, 6, 14]}, {"capacity": 239, "impossibleCargos": [0, 1, 2, 4, 5, 8, 11, 13, 14, 15, 16, 17, 18, 19, 20, 23, 24], "neighbors": [14, 7, 25, 26]}, {"capacity": 265, "impossibleCargos": [1, 2, 3, 4, 7, 10, 11, 12, 13, 14, 16, 18, 20, 21, 22, 23, 24], "neighbors": [11, 30, 29, 20, 19, 24, 22, 28, 33]}, {"capacity": 261, "impossibleCargos": [0, 1, 4, 5, 7, 9, 10, 11, 12, 13, 14, 15, 19, 22, 23], "neighbors": [25, 21, 12, 6, 34, 23, 11]}, {"capacity": 240, "impossibleCargos": [0, 1, 2, 4, 8, 9, 10, 11, 12, 13, 14, 15, 16, 18, 19, 20, 22, 23, 24], "neighbors": [5, 27, 33, 22, 25, 31, 9, 8, 24, 19, 0, 16, 1]}, {"capacity": 289, "impossibleCargos": [0, 1, 2, 3, 5, 7, 9, 10, 11, 13, 14, 16, 20, 21, 22, 23, 24], "neighbors": [24, 31, 28, 18, 22, 15, 19, 7]}, {"capacity": 283, "impossibleCargos": [0, 2, 3, 4, 6, 8, 9, 10, 11, 12, 13, 14, 16, 17, 18, 19, 20, 21, 23, 24], "neighbors": [0, 18, 24, 20, 26, 6, 8, 4, 29, 34, 11, 10, 30, 32]}, {"capacity": 205, "impossibleCargos": [2, 3, 4, 5, 6, 7, 9, 11, 12, 14, 16, 18, 19, 20, 21, 22, 23], "neighbors": [17, 31, 1, 16, 3, 34, 9, 25, 2, 28, 5]}, {"capacity": 300, "impossibleCargos": [2, 3, 4, 5, 7, 9, 11, 14, 15, 16, 18, 19, 23], "neighbors": [34, 24, 1, 32, 15, 13, 33, 16]}, {"capacity": 229, "impossibleCargos": [2, 3, 4, 6, 7, 8, 13, 15, 17, 18, 20, 21, 22, 24], "neighbors": [17, 10, 13, 3, 33, 2]}, {"capacity": 286, "impossibleCargos": [1, 3, 5, 6, 7, 8, 9, 10, 11, 12, 13, 16, 17, 18, 20, 21, 22, 24], "neighbors": [23, 27, 0, 5, 6, 14, 22, 32]}, {"capacity": 238, "impossibleCargos": [0, 1, 2, 3, 5, 6, 7, 8, 9, 12, 13, 15, 16, 18, 20, 21, 23, 24], "neighbors": [34, 15, 21, 32, 10, 0, 16, 13, 23]}, {"capacity": 200, "impossibleCargos": [2, 3, 5, 6, 7, 9, 10, 11, 12, 13, 15, 18, 19, 22, 23], "neighbors": [25, 21, 28, 32, 29, 3, 14, 1, 22]}, {"capacity": 201, "impossibleCargos": [0, 1, 2, 3, 4, 5, 6, 7, 8, 9, 10, 13, 14, 15, 17, 18, 20, 21, 22, 23], "neighbors": [16, 17, 19, 10, 15, 13, 7]}, {"capacity": 205, "impossibleCargos": [0, 7, 8, 9, 11, 13, 14, 16, 17, 18, 19, 20, 21, 22, 23, 24], "neighbors": [23, 3, 14, 9, 5, 27, 10, 15, 26, 18, 12, 30, 1]}, {"capacity": 214, "impossibleCargos": [0, 3, 4, 5, 6, 8, 10, 13, 14, 15, 16, 17, 18, 19, 21, 22, 23, 24], "neighbors": [33, 5, 17, 11, 6, 25, 7, 3, 9, 12]}, {"capacity": 284, "impossibleCargos": [0, 1, 2, 4, 5, 7, 8, 9, 10, 12, 13, 14, 15, 16, 17, 18, 19, 22, 23], "neighbors": [15, 21, 25, 34, 32, 8]}, {"capacity": 292, "impossibleCargos": [0, 1, 2, 3, 5, 6, 7, 8, 10, 11, 12, 14, 15, 16, 18, 19, 21, 24], "neighbors": [23, 32, 16, 18, 2, 13]}, {"capacity": 292, "impossibleCargos": [0, 2, 3, 5, 6, 7, 8, 9, 13, 14, 15, 16, 17, 19, 20, 21, 22, 23, 24], "neighbors": [4, 33, 13, 1, 23, 17, 30]}, {"capacity": 211, "impossibleCargos": [3, 4, 5, 6, 7, 8, 9, 10, 11, 12, 13, 15, 16, 17, 18, 19, 21, 22, 23, 24], "neighbors": [2, 32, 13, 9, 29, 25, 17, 4]}, {"capacity": 235, "impossibleCargos": [2, 3, 6, 7, 8, 9, 11, 12, 13, 15, 19, 22, 23, 24], "neighbors": [16, 32, 18, 15, 6, 9]}, {"capacity": 223, "impossibleCargos": [0, 2, 4, 5, 6, 7, 8, 9, 10, 12, 13, 14, 15, 16, 18, 20, 21, 24], "neighbors": [5, 31, 28, 30, 22, 21, 23, 3, 27, 19, 17, 33]}, {"capacity": 241, "impossibleCargos": [0, 2, 3, 4, 5, 6, 7, 8, 9, 10, 11, 12, 13, 14, 17, 18, 19, 20, 21, 23, 24], "neighbors": [26, 0, 15, 6, 10, 5, 1, 29, 8, 20, 19, 7, 13, 32]}, {"capacity": 266, "impossibleCargos": [1, 2, 7, 8, 9, 11, 12, 13, 18, 21, 22, 23, 24], "neighbors": [22, 19, 6, 18, 27, 17, 1, 14, 2]}]}