{"volumes": [485, 495, 201, 0, 0, 0, 755, 0, 527, 611, 688, 442, 0, 210, 232, 208, 229, 608, 208, 722, 0, 452, 282, 484, 0], "conflicts": [[0, 2], [0, 5], [0, 14], [0, 22], [1, 4], [1, 7], [1, 12], [1, 14], [1, 18], [1, 19], [1, 21], [1, 23], [1, 24], [2, 3], [2, 4], [2, 5], [2, 7], [2, 8], [2, 9], [2, 10], [2, 13], [2, 14], [2, 16], [2, 21], [2, 23], [2, 24], [3, 4], [3, 5], [3, 6], [3, 7], [3, 8], [3, 11], [3, 12], [3, 13], [3, 14], [3, 15], [3, 17], [3, 20], [3, 21], [3, 24], [4, 6], [4, 7], [4, 8], [4, 9], [4, 11], [4, 13], [4, 16], [4, 18], [4, 19], [4, 20], [4, 22], [4, 23], [4, 24], [5, 7], [5, 8], [5, 12], [5, 13], [5, 15], [5, 16], [5, 17], [5, 19], [5, 22], [6, 12], [6, 13], [6, 16], [7, 10], [7, 12], [7, 14], [7, 20], [7, 21], [7, 22], [7, 24], [8, 12], [8, 13], [8, 14], [8, 15], [8, 20], [8, 22], [8, 23], [8, 24], [9, 10], [9, 12], [9, 13], [9, 24], [10, 12], [10, 15], [10, 16], [10, 24], [11, 12], [11, 20], [11, 22], [12, 16], [12, 18], [12, 19], [12, 24], [13, 17], [13, 20], [13, 24], [14, 15], [14, 16], [14, 20], [14, 21], [15, 17], [15, 20], [15, 22], [15, 23], [16, 17], [16, 19], [16, 20], [16, 22], [17, 20], [17, 24], [18, 22], [20, 24]], "tanks": [{"capacity": 226, "impossibleCargos": [0, 1, 2, 3, 4, 5, 7, 8, 9, 10, 12, 14, 15, 16, 17, 18, 23, 24], "neighbors": [18, 23, 34, 22, 20, 25, 9, 29]}, {"capacity": 218, "impossibleCargos": [1, 2, 3, 4, 6, 9, 10, 11, 12, 13, 14, 15, 17, 18, 20, 24], "neighbors": [31, 26, 18, 13, 32, 3, 8, 21, 30, 23]}, {"capacity": 261, "impossibleCargos": [0, 1, 2, 5, 6, 9, 10, 11, 15, 16, 17, 20, 22, 23, 24], "neighbors": [34, 15, 30, 5, 26, 12, 23, 6, 14, 18, 20, 29]}, {"capacity": 253, "impossibleCargos": [0, 1, 2, 3, 5, 7, 9, 10, 11, 12, 13, 14, 16, 17, 20, 21, 22], "neighbors": [13, 10, 23, 1, 5, 30, 8]}, {"capacity": 265, "impossibleCargos": [1, 2, 3, 4, 5, 7, 9, 10, 11, 12, 13, 14, 15, 16, 17, 18, 19, 20, 22, 23], "neighbors": [17, 11, 10, 7, 20, 18, 31]}, {"capacity": 207, "impossibleCargos": [0, 2, 3, 4, 5, 6, 8, 9, 10, 12, 13, 14, 15, 16, 17, 19, 20, 21, 22, 23, 24], "neighbors": [21, 17, 34, 33, 19, 2, 13, 29, 3, 16, 14, 6, 26]}, {"capacity": 215, "impossibleCargos": [0, 2, 3, 5, 6, 7, 10, 11, 12, 13, 14, 16, 17, 18, 19, 20, 21, 22, 23, 24], "neighbors": [26, 8, 34, 2, 25, 5, 18, 32]}, {"capacity": 212, "impossibleCargos": [0, 3, 4, 5, 7, 8, 9, 10, 12, 13, 14, 16, 18, 19, 20, 21, 22], "neighbors": [10, 21, 11, 4, 17]}, {"capacity": 283, "impossibleCargos": [1, 2, 3, 4, 5, 6, 7, 8, 10, 11, 12, 13, 14, 15, 16, 17, 19, 20, 21, 23, 24], "neighbors": [20, 6, 9, 10, 23, 1, 21, 3]}, {"capacity": 225, "impossibleCargos": [0, 2, 3, 4, 5, 6, 9, 10, 11, 12, 15, 16, 17, 18, 19, 20, 21, 22, 23, 24], "neighbors": [8, 31, 14, 27, 17, 30, 0]}, {"capacity": 276, "impossibleCargos": [0, 1, 2, 4, 5, 6, 7, 9, 10, 11, 12, 13, 14, 15, 18, 20, 21, 23, 24], "neighbors": [7, 3, 4, 16, 25, 15, 8, 14, 32]}, {"capacity": 206, "impossibleCargos": [1, 3, 4, 5, 8, 9, 10, 12, 13, 14, 15, 16, 17, 18, 19, 20, 21, 22, 23], "neighbors": [7, 4, 31, 26]}, {"capacity": 225, "impossibleCargos": [0, 2, 3, 5, 7, 8, 9, 10, 12, 13, 15, 16, 17, 18, 19, 20, 22, 24], "neighbors": [23, 27, 2, 30, 32]}, {"capacity": 300, "impossibleCargos": [0, 1, 2, 3, 5, 6, 7, 8, 11, 13, 14, 16, 18, 20, 21, 23, 24], "neighbors": [3, 26, 1, 5, 20, 17, 21]}, {"capacity": 250, "impossibleCargos": [1, 2, 3, 4, 7, 8, 9, 10, 11, 12, 13, 14, 15, 17, 18, 19, 20, 22, 23, 24], "neighbors": [2, 26, 19, 9, 10, 5]}, {"capacity": 222, "impossibleCargos": [0, 2, 4, 6, 7, 8, 9, 10, 11, 15, 18, 19, 20, 21, 22, 23], "neighbors": [25, 2, 23, 27, 10, 34, 17]}, {"capacity": 298, "impossibleCargos": [0, 4, 5, 8, 9, 10, 11, 12, 13, 14, 15, 17, 18, 19, 20, 21, 23, 24], "neighbors": [27, 19, 10, 32, 30, 5]}, {"capacity": 297, "impossibleCargos": [1, 2, 3, 4, 5, 7, 8, 9, 10, 11, 12, 14, 15, 16, 17, 18, 19, 20, 21, 23, 24], "neighbors": [5, 26, 23, 4, 21, 19, 31, 33, 20, 7, 13, 9, 15]}, {"capacity": 232, "impossibleCargos": [1, 2, 3, 4, 5, 6, 7, 9, 10, 11, 12, 14, 15, 16, 17, 18, 21, 22, 23], "neighbors": [33, 1, 0, 34, 27, 2, 23, 30, 32, 6, 4]}, {"capacity": 246, "impossibleCargos": [1, 3, 4, 5, 7, 8, 9, 10, 11, 13, 15, 16, 18, 19, 20, 21, 22, 23, 24], "neighbors": [27, 5, 16, 17, 32, 14]}, {"capacity": 294, "impossibleCargos": [0, 1, 4, 5, 6, 7, 10, 12, 13, 14, 15, 16, 17, 18, 20, 21, 22], "neighbors": [8, 26, 32, 17, 0, 13, 4, 2, 34, 22, 29]}, {"capacity": 255, "impossibleCargos": [0, 1, 2, 3, 5, 7, 9, 10, 11, 13, 15, 17, 18, 19, 20, 21, 22, 23, 24], "neighbors": [5, 7, 17, 1, 32, 8, 13]}, {"capacity": 254, "impossibleCargos": [0, 1, 4, 5, 6, 7, 9, 10, 11, 12, 13, 15, 16, 17, 18, 19, 21, 23, 24], "neighbors": [29, 34, 26, 0, 30, 33, 20]}, {"capacity": 203, "impossibleCargos": [1, 2, 3, 4, 5, 6, 7, 8, 11, 12, 13, 14, 15, 16, 18, 20, 21, 22, 23, 24], "neighbors": [17, 12, 15, 0, 26, 2, 3, 31, 34, 8, 18, 1]}, {"capacity": 298, "impossibleCargos": [1, 2, 3, 4, 6, 7, 8, 9, 12, 13, 14, 15, 17, 18, 19, 21, 22, 23], "neighbors": []}, {"capacity": 208, "impossibleCargos": [0, 1, 2, 3, 4, 5, 6, 7, 8, 9, 10, 11, 12, 13, 14, 15, 16, 17, 18, 22, 24], "neighbors": [30, 15, 10, 6, 0, 34, 26, 32]}, {"capacity": 265, "impossibleCargos": [1, 2, 3, 5, 6, 7, 9, 10, 12, 13, 15, 17, 19, 20, 21, 23, 24], "neighbors": [6, 17, 27, 20, 1, 13, 2, 23, 30, 14, 34, 22, 29, 11, 25, 5]}, {"capacity": 202, "impossibleCargos": [0, 1, 2, 3, 4, 5, 6, 7, 8, 9, 12, 13, 14, 16, 18, 19, 21, 22, 23, 24], "neighbors": [31, 19, 26, 16, 12, 30, 15, 18, 9]}, {"capacity": 208, "impossibleCargos": [0, 2, 3, 4, 5, 6, 7, 8, 12, 14, 15, 17, 19, 20, 21, 22, 23, 24], "neighbors": [34, 30]}, {"capacity": 219, "impossibleCargos": [1, 2, 3, 5, 8, 9, 12, 13, 14, 16, 17, 18, 20, 21, 22, 24], "neighbors": [34, 22, 31, 5, 26, 2, 20, 0]}, {"capacity": 238, "impossibleCargos": [0, 1, 3, 4, 6, 8, 11, 12, 15, 16, 17, 18, 20, 21, 22, 23, 24], "neighbors": [25, 31, 2, 33, 27, 26, 34, 3, 16, 12, 22, 18, 1, 9, 28]}, {"capacity": 288, "impossibleCargos": [1, 2, 3, 4, 6, 8, 10, 11, 12, 13, 14, 15, 16, 17, 18, 20, 21, 23], "neighbors": [27, 1, 30, 29, 17, 23, 11, 9, 4]}, {"capacity": 245, "impossibleCargos": [0, 1, 2, 4, 6, 9, 10, 12, 15, 16, 19, 20, 21, 22, 23], "neighbors": [33, 20, 1, 19, 16, 12, 21, 18, 10, 25, 6]}, {"capacity": 202, "impossibleCargos": [0, 1, 2, 3, 4, 5, 6, 8, 10, 11, 12, 13, 14, 15, 16, 18, 19, 20, 21, 23, 24], "neighbors": [18, 5, 30, 32, 17, 34, 22]}, {"capacity": 223, "impossibleCargos": [0, 1, 2, 3, 5, 6, 7, 8, 13, 14, 16, 19, 20, 21, 22], "neighbors": [5, 2, 29, 22, 6, 18, 26, 28, 30, 0, 33, 23, 25, 15, 20]}]}