{"volumes": [486, 258, 0, 0, 267, 535, 387, 0, 494, 718, 504, 486, 251, 738, 252, 232, 245, 502, 284, 269, 211, 260, 392, 0, 563], "conflicts": [[1, 3], [1, 20], [2, 8], [2, 9], [2, 13], [2, 16], [3, 8], [3, 10], [3, 16], [3, 18], [3, 20], [3, 23], [7, 10], [7, 13], [7, 15], [7, 16], [7, 19], [7, 22], [7, 23], [8, 15], [8, 16], [10, 14], [11, 22], [13, 23], [14, 15], [14, 21], [15, 17], [16, 19], [16, 23], [19, 20], [19, 23], [20, 23]], "tanks": [{"capacity": 206, "impossibleCargos": [2, 4, 8, 9, 12, 14, 15, 16, 17, 19, 24], "neighbors": [13, 21, 3, 4, 33, 29, 19, 1, 28, 2, 12]}, {"capacity": 236, "impossibleCargos": [11, 15, 19, 20, 24], "neighbors": [23, 19, 29, 25, 14, 15, 21, 34, 11, 32, 31, 33, 6, 16, 30, 0, 20]}, {"capacity": 269, "impossibleCargos": [7, 8, 9, 10, 12, 14, 15, 18, 19, 20, 21, 23, 24], "neighbors": [23, 3, 33, 21, 22, 34, 12, 20, 28, 30, 14, 0, 16]}, {"capacity": 257, "impossibleCargos": [2, 6, 7, 8, 11, 12, 19, 20, 21, 23], "neighbors": [2, 5, 34, 24, 0, 13, 29, 9, 4, 32, 20, 31, 16, 22, 8, 26, 14, 33, 17, 15, 10, 30]}, {"capacity": 296, "impossibleCargos": [1, 2, 3, 6, 7, 9, 11, 13, 16, 17, 20, 23], "neighbors": [34, 32, 33, 18, 28, 24, 0, 3, 12, 19, 13, 14, 17, 29, 8, 10, 26]}, {"capacity": 290, "impossibleCargos": [0, 1, 2, 3, 10, 11, 12, 14, 16, 20, 22, 23], "neighbors": [25, 13, 34, 6, 3, 10, 30, 9, 12, 22, 27, 17, 26, 28, 16, 14, 20, 21]}, {"capacity": 254, "impossibleCargos": [2, 3, 5, 6, 10, 11, 12, 17, 18, 19, 22, 23, 24], "neighbors": [5, 26, 7, 23, 13, 32, 22, 27, 10, 30, 1, 33, 24, 21, 19, 17, 34, 8]}, {"capacity": 253, "impossibleCargos": [1, 3, 5, 6, 8, 12, 15, 18, 20, 24], "neighbors": [8, 10, 6, 30, 29, 33, 15, 9, 31, 14, 20, 26, 17]}, {"capacity": 207, "impossibleCargos": [0, 2, 4, 6, 8, 9, 10, 13, 17, 21], "neighbors": [7, 27, 23, 30, 31, 13, 20, 18, 21, 9, 33, 3, 4, 16, 10, 25, 6]}, {"capacity": 277, "impossibleCargos": [0, 1, 2, 5, 9, 10, 13, 15, 17, 18, 19, 20, 21, 22, 24], "neighbors": [22, 31, 10, 34, 3, 15, 21, 7, 24, 14, 5, 8, 17, 30, 33, 19, 16, 26, 28, 27, 18]}, {"capacity": 220, "impossibleCargos": [2, 4, 5, 9, 17, 18, 21, 23, 24], "neighbors": [7, 12, 9, 13, 26, 5, 32, 16, 19, 6, 28, 21, 34, 20, 4, 31, 3, 22, 8, 30]}, {"capacity": 277, "impossibleCargos": [0, 1, 3, 5, 6, 10, 12, 13, 14, 17, 18, 19, 22], "neighbors": [30, 21, 18, 28, 19, 13, 15, 1, 34, 29, 20, 22, 23, 25, 17]}, {"capacity": 240, "impossibleCargos": [1, 2, 3, 4, 6, 7, 10, 14, 15, 16, 18, 19, 21], "neighbors": [27, 24, 10, 25, 20, 17, 16, 33, 4, 2, 26, 18, 22, 30, 19, 5, 0]}, {"capacity": 250, "impossibleCargos": [6, 7, 8, 11, 15, 16, 19, 20, 21, 22, 23], "neighbors": [5, 0, 17, 3, 10, 8, 6, 22, 31, 11, 29, 30, 18, 4, 34, 24, 15, 25]}, {"capacity": 264, "impossibleCargos": [0, 1, 3, 5, 6, 7, 8, 12, 15, 23], "neighbors": [29, 26, 32, 1, 9, 22, 31, 20, 4, 27, 7, 17, 19, 2, 3, 23, 5, 18]}, {"capacity": 273, "impossibleCargos": [1, 2, 3, 4, 6, 7, 8, 9, 11, 17, 18, 21, 23, 24], "neighbors": [16, 1, 9, 7, 11, 22, 27, 23, 32, 13, 31, 3, 19, 17]}, {"capacity": 261, "impossibleCargos": [1, 7, 9, 10, 12, 14, 15, 16, 22, 23], "neighbors": [28, 31, 30, 12, 15, 33, 34, 18, 10, 27, 3, 25, 23, 1, 21, 5, 8, 9, 2]}, {"capacity": 299, "impossibleCargos": [7, 10, 11, 15, 19, 24], "neighbors": [34, 25, 28, 13, 12, 32, 26, 9, 4, 21, 14, 5, 7, 27, 3, 6, 11, 15]}, {"capacity": 296, "impossibleCargos": [4, 6, 7, 10, 12, 15, 21, 22, 24], "neighbors": [4, 26, 11, 8, 16, 12, 13, 29, 27, 30, 14, 24, 9]}, {"capacity": 284, "impossibleCargos": [4, 6, 8, 10, 12, 17, 19, 22, 23, 24], "neighbors": [24, 1, 25, 11, 20, 10, 4, 21, 30, 23, 12, 27, 29, 0, 14, 22, 6, 9, 15]}, {"capacity": 277, "impossibleCargos": [0, 1, 2, 4, 5, 6, 7, 9, 12, 15, 17, 21, 22, 23, 24], "neighbors": [22, 31, 12, 25, 8, 27, 26, 3, 2, 19, 14, 21, 11, 24, 7, 10, 28, 1, 23, 5]}, {"capacity": 274, "impossibleCargos": [2, 4, 5, 6, 7, 9, 12, 13, 16, 17, 19, 20], "neighbors": [29, 0, 32, 34, 30, 11, 2, 8, 1, 9, 27, 19, 10, 20, 17, 16, 6, 23, 5]}, {"capacity": 294, "impossibleCargos": [1, 3, 4, 5, 6, 14, 15, 16, 17, 20, 21, 22, 23, 24], "neighbors": [20, 9, 28, 2, 13, 25, 6, 24, 15, 14, 12, 3, 5, 27, 11, 26, 19, 23, 10, 31]}, {"capacity": 271, "impossibleCargos": [2, 3, 5, 7, 10, 11, 22], "neighbors": [2, 1, 8, 30, 6, 19, 16, 32, 24, 15, 11, 27, 14, 21, 22, 33, 20, 29]}, {"capacity": 288, "impossibleCargos": [0, 1, 2, 3, 4, 6, 7, 10, 12, 15, 16, 21, 22, 24], "neighbors": [19, 31, 12, 3, 4, 22, 9, 26, 20, 23, 6, 13, 25, 30, 34, 28, 18]}, {"capacity": 237, "impossibleCargos": [1, 3, 5, 6, 7, 8, 9, 10, 12, 16, 18, 19, 22, 23, 24], "neighbors": [5, 17, 12, 32, 20, 19, 1, 22, 16, 24, 13, 11, 34, 8]}, {"capacity": 215, "impossibleCargos": [0, 1, 7, 8, 15, 16, 19, 22, 23, 24], "neighbors": [14, 6, 29, 10, 18, 20, 17, 12, 30, 24, 22, 7, 5, 3, 34, 9, 4]}, {"capacity": 279, "impossibleCargos": [2, 5, 6, 7, 8, 13, 14, 16, 18, 19, 20, 21, 24], "neighbors": [32, 8, 12, 20, 16, 6, 15, 21, 28, 14, 19, 22, 5, 18, 23, 17, 33, 9, 34]}, {"capacity": 223, "impossibleCargos": [0, 1, 2, 5, 6, 11, 15, 16, 17, 18, 19], "neighbors": [16, 17, 22, 4, 11, 34, 10, 27, 2, 32, 5, 33, 0, 20, 9, 24]}, {"capacity": 211, "impossibleCargos": [2, 5, 7, 8, 11, 12, 14, 15, 16, 17, 18, 19, 20, 21, 23, 24], "neighbors": [21, 14, 26, 7, 3, 30, 1, 13, 0, 11, 19, 4, 18, 32, 23]}, {"capacity": 254, "impossibleCargos": [4, 7, 8, 10, 18, 20], "neighbors": [23, 8, 16, 7, 21, 11, 29, 5, 13, 19, 26, 12, 6, 2, 9, 1, 18, 3, 24, 10]}, {"capacity": 250, "impossibleCargos": [0, 1, 6, 10, 14, 16, 21, 22, 23, 24], "neighbors": [9, 24, 16, 20, 8, 13, 3, 1, 14, 7, 10, 15, 33, 22]}, {"capacity": 281, "impossibleCargos": [1, 6, 7, 8, 9, 10, 11, 12, 14, 15, 16, 17, 18, 21, 22, 24], "neighbors": [27, 4, 21, 25, 14, 6, 3, 17, 10, 1, 23, 28, 15, 29]}, {"capacity": 297, "impossibleCargos": [1, 2, 4, 11, 12, 14, 17, 18, 19, 20, 21], "neighbors": [4, 2, 12, 16, 7, 8, 0, 1, 9, 6, 28, 3, 23, 31, 27]}, {"capacity": 200, "impossibleCargos": [4, 5, 7, 8, 9, 10, 14, 17, 18, 19, 23], "neighbors": [17, 4, 5, 3, 21, 9, 2, 16, 1, 28, 11, 10, 13, 26, 6, 25, 27, 24]}]}