{"volumes": [412, 201, 804, 218, 272, 202, 0, 0, 823, 252, 395, 411, 241, 899, 0, 459, 0, 397, 448, 270, 262, 0, 505, 0, 417], "conflicts": [[0, 3], [0, 6], [0, 7], [0, 14], [0, 21], [1, 6], [1, 10], [1, 14], [1, 16], [1, 20], [2, 6], [2, 14], [2, 21], [2, 23], [3, 6], [3, 7], [3, 11], [3, 12], [3, 16], [3, 19], [3, 24], [4, 14], [4, 16], [4, 23], [5, 6], [5, 11], [5, 12], [5, 16], [5, 19], [5, 21], [5, 23], [6, 7], [6, 8], [6, 10], [6, 11], [6, 12], [6, 13], [6, 14], [6, 15], [6, 22], [6, 23], [6, 24], [7, 8], [7, 9], [7, 10], [7, 11], [7, 12], [7, 15], [7, 17], [7, 23], [7, 24], [8, 12], [8, 16], [8, 21], [9, 16], [9, 21], [10, 14], [10, 16], [10, 21], [10, 23], [11, 16], [11, 19], [11, 21], [11, 23], [12, 18], [12, 19], [12, 20], [13, 14], [13, 16], [14, 15], [14, 17], [14, 18], [14, 20], [14, 23], [15, 23], [16, 17], [16, 20], [16, 22], [16, 23], [16, 24], [17, 20], [18, 21], [18, 23], [19, 21], [19, 23], [20, 21], [20, 24], [21, 22], [21, 24]], "tanks": [{"capacity": 279, "impossibleCargos": [2, 3, 5, 6, 7, 9, 11, 15, 17, 22], "neighbors": [10, 20, 3, 17, 22, 27, 33, 31, 11, 32, 9, 18, 1, 13, 19]}, {"capacity": 286, "impossibleCargos": [6, 13, 14, 18, 20, 22, 23], "neighbors": [8, 26, 7, 24, 22, 6, 16, 30, 4, 23, 0, 18, 27, 20, 17]}, {"capacity": 262, "impossibleCargos": [0, 2, 3, 7, 8, 12, 13, 15, 16, 19, 21, 24], "neighbors": [19, 20, 12, 18, 32, 33, 31, 13, 25, 24, 23, 21, 9, 29, 7, 17]}, {"capacity": 260, "impossibleCargos": [0, 3, 4, 5, 7, 8, 14, 15, 16, 18, 19, 23, 24], "neighbors": [18, 34, 22, 0, 17, 23, 30, 27, 29, 21, 19, 11, 4, 9, 28, 14, 7, 13, 12]}, {"capacity": 220, "impossibleCargos": [3, 8, 11, 12, 13, 15, 16, 21, 24], "neighbors": [27, 26, 16, 30, 19, 5, 24, 15, 20, 8, 1, 32, 34, 3, 22, 33, 29, 14]}, {"capacity": 220, "impossibleCargos": [0, 1, 2, 3, 4, 7, 8, 10, 12, 13, 14, 16, 21, 22, 23], "neighbors": [17, 26, 32, 8, 9, 31, 29, 30, 4, 16, 7, 27, 19, 23, 12, 25, 28]}, {"capacity": 252, "impossibleCargos": [3, 5, 9, 11, 12, 16, 18, 20, 21, 22], "neighbors": [19, 30, 34, 8, 16, 31, 11, 1, 26, 17, 27, 14, 10]}, {"capacity": 283, "impossibleCargos": [1, 2, 3, 7, 12, 13, 14, 15, 17, 19, 23], "neighbors": [20, 18, 14, 26, 1, 31, 16, 23, 30, 12, 24, 15, 5, 27, 10, 3, 2, 9, 21]}, {"capacity": 214, "impossibleCargos": [2, 3, 6, 7, 11, 12, 14, 15, 16, 17], "neighbors": [19, 1, 18, 5, 31, 6, 28, 4, 22, 24, 23, 13, 25, 10, 27, 15]}, {"capacity": 264, "impossibleCargos": [0, 2, 6, 11, 13, 15, 16, 18, 19, 20, 22, 23, 24], "neighbors": [33, 30, 5, 34, 26, 21, 10, 24, 29, 16, 14, 0, 3, 32, 2, 11, 13, 17, 7]}, {"capacity": 204, "impossibleCargos": [1, 2, 3, 4, 5, 10, 14, 16, 17, 21, 24], "neighbors": [0, 22, 19, 26, 30, 9, 24, 17, 7, 12, 8, 32, 31, 18, 6]}, {"capacity": 217, "impossibleCargos": [0, 3, 5, 7, 9, 12, 13, 15, 17, 23], "neighbors": [12, 27, 23, 29, 22, 28, 6, 34, 14, 0, 3, 26, 9, 19]}, {"capacity": 229, "impossibleCargos": [0, 1, 5, 6, 7, 12, 13, 14, 16, 18, 19, 20, 21, 23], "neighbors": [2, 11, 7, 30, 28, 18, 32, 10, 5, 19, 3]}, {"capacity": 237, "impossibleCargos": [3, 4, 5, 8, 12, 13, 17, 19, 21, 22, 24], "neighbors": [29, 18, 25, 31, 2, 20, 30, 33, 8, 22, 0, 24, 3, 9]}, {"capacity": 206, "impossibleCargos": [2, 3, 5, 6, 7, 8, 10, 11, 16, 18, 19, 21, 24], "neighbors": [7, 31, 33, 16, 24, 20, 11, 9, 23, 18, 3, 26, 34, 6, 32, 4]}, {"capacity": 215, "impossibleCargos": [1, 2, 5, 7, 9, 12, 17, 18, 24], "neighbors": [27, 31, 30, 24, 26, 4, 33, 7, 16, 21, 19, 23, 8]}, {"capacity": 300, "impossibleCargos": [5, 8, 9, 10, 11, 12, 16, 17, 23, 24], "neighbors": [17, 23, 4, 30, 26, 21, 7, 14, 25, 6, 5, 1, 9, 15, 24, 31, 33]}, {"capacity": 245, "impossibleCargos": [0, 5, 8, 11, 12, 13, 15, 16, 19, 23, 24], "neighbors": [16, 33, 5, 22, 3, 32, 0, 29, 6, 10, 21, 30, 28, 9, 1, 2]}, {"capacity": 298, "impossibleCargos": [1, 3, 6, 10, 11, 12, 14, 15, 20, 21, 22, 24], "neighbors": [30, 8, 3, 7, 29, 2, 13, 22, 32, 19, 28, 12, 20, 0, 14, 1, 26, 23, 25, 27, 10, 33]}, {"capacity": 300, "impossibleCargos": [4, 5, 6, 7, 8, 9, 11, 12, 14, 15, 17, 18, 20, 21, 22], "neighbors": [8, 2, 6, 25, 29, 10, 20, 34, 4, 18, 31, 28, 3, 5, 23, 27, 26, 12, 15, 0, 11]}, {"capacity": 271, "impossibleCargos": [1, 4, 9, 11, 12, 15, 16, 17, 18, 20], "neighbors": [7, 2, 34, 0, 28, 19, 31, 25, 4, 26, 21, 30, 14, 27, 13, 18, 23, 29, 1]}, {"capacity": 232, "impossibleCargos": [0, 2, 7, 9, 14, 15, 17, 18, 19, 22, 23], "neighbors": [30, 16, 22, 31, 9, 20, 3, 26, 24, 28, 17, 2, 15, 34, 7]}, {"capacity": 281, "impossibleCargos": [0, 2, 4, 5, 6, 7, 9, 12, 15, 16, 17, 21, 22, 24], "neighbors": [30, 3, 17, 25, 10, 26, 21, 11, 18, 0, 29, 24, 1, 23, 27, 8, 4, 13, 28]}, {"capacity": 204, "impossibleCargos": [0, 2, 3, 5, 6, 8, 14, 15, 16, 20, 21, 22, 23], "neighbors": [16, 3, 11, 24, 25, 7, 22, 33, 8, 26, 31, 14, 28, 1, 19, 2, 20, 5, 30, 18, 15]}, {"capacity": 271, "impossibleCargos": [0, 2, 3, 4, 5, 9, 10, 11, 12, 13, 14, 16, 20, 21, 23], "neighbors": [15, 23, 1, 4, 22, 14, 7, 29, 9, 8, 10, 2, 32, 21, 13, 27, 33, 16, 28]}, {"capacity": 206, "impossibleCargos": [1, 5, 6, 9, 14, 16, 18, 19, 23, 24], "neighbors": [29, 22, 19, 23, 31, 16, 20, 13, 27, 2, 8, 34, 18, 5]}, {"capacity": 211, "impossibleCargos": [0, 1, 2, 7, 12, 13, 17, 19, 20, 21, 23], "neighbors": [5, 4, 1, 16, 7, 22, 32, 10, 15, 30, 20, 9, 23, 21, 6, 11, 18, 29, 19, 14]}, {"capacity": 257, "impossibleCargos": [4, 5, 6, 7, 11, 12, 14, 18, 21], "neighbors": [4, 15, 28, 11, 30, 3, 33, 0, 22, 25, 20, 5, 1, 7, 24, 6, 19, 8, 18]}, {"capacity": 202, "impossibleCargos": [0, 1, 2, 5, 7, 8, 9, 12, 13, 15, 18, 20, 24], "neighbors": [27, 20, 18, 8, 11, 29, 30, 19, 12, 23, 34, 33, 21, 3, 32, 22, 24, 17, 5]}, {"capacity": 236, "impossibleCargos": [1, 3, 5, 6, 8, 18, 22], "neighbors": [33, 25, 19, 18, 11, 13, 5, 22, 17, 3, 28, 24, 9, 34, 26, 2, 20, 4]}, {"capacity": 279, "impossibleCargos": [1, 4, 5, 7, 10, 11, 13, 14, 16, 17, 19, 20, 22], "neighbors": [18, 22, 21, 6, 15, 16, 27, 9, 4, 33, 3, 10, 5, 7, 26, 20, 28, 1, 12, 13, 31, 17, 23]}, {"capacity": 260, "impossibleCargos": [0, 3, 5, 6, 7, 9, 12, 14, 15, 16, 17, 19, 22], "neighbors": [15, 7, 14, 5, 25, 33, 20, 8, 6, 21, 19, 2, 13, 0, 23, 30, 10, 16]}, {"capacity": 216, "impossibleCargos": [0, 8, 11, 14, 15, 21, 23], "neighbors": [5, 2, 26, 17, 18, 4, 0, 24, 12, 9, 28, 10, 14]}, {"capacity": 202, "impossibleCargos": [2, 3, 4, 8, 12, 13, 20, 24], "neighbors": [17, 29, 9, 30, 14, 27, 31, 2, 0, 15, 23, 34, 13, 28, 24, 4, 16, 18]}, {"capacity": 243, "impossibleCargos": [3, 4, 6, 7, 8, 13, 17, 18, 19, 20, 23], "neighbors": [3, 20, 6, 19, 9, 11, 33, 4, 28, 29, 25, 14, 21]}]}