{"volumes": [1011, 0, 204, 250, 212, 209, 0, 0, 236, 0, 263, 234, 268, 199, 648, 496, 465, 470, 0, 508, 389, 459, 812, 689, 0], "conflicts": [[0, 1], [0, 6], [0, 7], [0, 18], [1, 3], [1, 4], [1, 6], [1, 7], [1, 8], [1, 9], [1, 10], [1, 11], [1, 12], [1, 14], [1, 15], [1, 16], [1, 18], [1, 19], [1, 20], [1, 22], [1, 24], [2, 8], [2, 11], [2, 13], [2, 18], [2, 19], [2, 24], [3, 5], [3, 6], [3, 7], [3, 8], [3, 9], [3, 11], [3, 12], [3, 13], [3, 24], [4, 6], [4, 7], [4, 13], [4, 15], [4, 16], [5, 6], [5, 7], [5, 8], [5, 15], [5, 22], [5, 24], [6, 7], [6, 8], [6, 9], [6, 11], [6, 12], [6, 15], [6, 18], [6, 20], [6, 24], [7, 8], [7, 10], [7, 12], [7, 13], [7, 14], [7, 15], [7, 16], [7, 17], [7, 18], [7, 19], [7, 20], [8, 9], [8, 19], [8, 23], [9, 12], [9, 17], [9, 19], [9, 22], [9, 23], [9, 24], [10, 11], [10, 18], [11, 22], [11, 24], [12, 17], [13, 15], [13, 16], [13, 18], [13, 24], [14, 18], [14, 24], [16, 24], [18, 19], [18, 20], [18, 21], [18, 24], [20, 24], [22, 24]], "tanks": [{"capacity": 252, "impossibleCargos": [0, 1, 3, 4, 5, 6, 8, 9, 10, 11, 12, 13, 15, 16, 21, 22, 24], "neighbors": [18, 26, 34, 21, 30, 25, 3, 32, 27, 28, 33, 20, 31, 8, 12, 22, 23]}, {"capacity": 295, "impossibleCargos": [1, 2, 3, 4, 5, 6, 8, 9, 10, 11, 12, 13, 14, 17, 19, 20, 21, 23, 24], "neighbors": [34, 20, 11, 26, 31, 17, 24, 32, 18, 19, 29, 5, 9, 30, 7, 27]}, {"capacity": 267, "impossibleCargos": [0, 1, 2, 3, 4, 6, 7, 8, 9, 10, 11, 12, 13, 14, 15, 17, 18, 19, 20, 23, 24], "neighbors": [13, 24, 4, 6, 29, 14, 20, 22, 18, 34, 23, 16, 8, 10, 21, 32, 30, 12, 28, 7, 9]}, {"capacity": 205, "impossibleCargos": [0, 1, 2, 3, 4, 6, 10, 11, 12, 14, 15, 16, 18, 20, 21, 22, 23, 24], "neighbors": [6, 17, 34, 28, 0, 12, 18, 23, 32, 7, 15, 27, 4, 29, 16, 30, 31, 11]}, {"capacity": 253, "impossibleCargos": [0, 1, 2, 4, 5, 6, 9, 10, 11, 13, 15, 16, 17, 18, 19, 22, 24], "neighbors": [17, 27, 16, 20, 29, 2, 18, 25, 32, 6, 10, 3, 28, 13, 11]}, {"capacity": 280, "impossibleCargos": [1, 3, 4, 5, 6, 7, 8, 9, 10, 11, 12, 13, 14, 17, 18, 19, 20, 21, 22, 24], "neighbors": [26, 29, 16, 21, 1, 8, 19, 24, 25, 12, 32, 15, 11]}, {"capacity": 234, "impossibleCargos": [0, 2, 3, 5, 6, 9, 12, 13, 14, 16, 17, 18, 19, 20, 21, 22, 23, 24], "neighbors": [3, 31, 11, 19, 2, 7, 30, 9, 34, 10, 22, 4, 18, 14, 32, 24, 17, 20]}, {"capacity": 231, "impossibleCargos": [0, 2, 4, 6, 7, 8, 9, 10, 11, 14, 16, 17, 19, 21], "neighbors": [16, 6, 17, 8, 24, 33, 22, 11, 3, 32, 25, 14, 10, 21, 20, 13, 1, 2, 31, 9]}, {"capacity": 300, "impossibleCargos": [0, 1, 2, 4, 5, 7, 8, 9, 10, 11, 12, 13, 16, 17, 18, 20, 21, 22, 23, 24], "neighbors": [32, 17, 7, 29, 20, 12, 2, 0, 5, 25, 18, 22, 10]}, {"capacity": 209, "impossibleCargos": [0, 1, 2, 3, 7, 8, 9, 10, 11, 12, 13, 14, 15, 16, 18, 20, 22, 23, 24], "neighbors": [33, 32, 25, 6, 34, 30, 17, 22, 13, 16, 1, 18, 24, 7, 2]}, {"capacity": 261, "impossibleCargos": [0, 1, 3, 5, 6, 8, 9, 10, 12, 13, 15, 16, 17, 18, 19, 21, 23, 24], "neighbors": [19, 20, 14, 17, 18, 6, 28, 4, 21, 7, 32, 11, 2, 27, 25, 8]}, {"capacity": 246, "impossibleCargos": [0, 1, 2, 3, 4, 5, 6, 9, 10, 11, 12, 14, 15, 17, 19, 21, 22, 24], "neighbors": [1, 6, 23, 27, 19, 30, 33, 16, 31, 7, 10, 4, 3, 17, 5]}, {"capacity": 225, "impossibleCargos": [0, 1, 2, 4, 6, 7, 9, 10, 11, 12, 13, 14, 15, 16, 17, 18, 19, 21, 22, 23], "neighbors": [18, 3, 28, 19, 25, 22, 8, 17, 16, 13, 0, 32, 2, 20, 5, 21]}, {"capacity": 274, "impossibleCargos": [1, 2, 3, 4, 5, 6, 8, 9, 10, 11, 13, 14, 15, 16, 17, 18, 19, 20, 21, 22, 23], "neighbors": [2, 29, 32, 25, 21, 33, 14, 34, 18, 12, 17, 9, 7, 4]}, {"capacity": 244, "impossibleCargos": [1, 2, 3, 4, 6, 7, 8, 9, 11, 14, 15, 16, 17, 18, 19, 20, 21, 22, 24], "neighbors": [34, 26, 2, 16, 13, 10, 21, 33, 23, 32, 27, 6, 7, 15, 20, 25, 31]}, {"capacity": 221, "impossibleCargos": [1, 2, 3, 4, 5, 6, 7, 8, 9, 10, 11, 14, 15, 16, 17, 19, 22, 24], "neighbors": [26, 22, 17, 30, 34, 20, 18, 3, 14, 21, 32, 31, 33, 5]}, {"capacity": 205, "impossibleCargos": [0, 2, 3, 5, 7, 8, 9, 10, 11, 12, 13, 14, 15, 17, 18, 19, 21, 23], "neighbors": [25, 7, 4, 26, 32, 29, 22, 14, 11, 27, 5, 12, 30, 2, 3, 17, 9, 28]}, {"capacity": 244, "impossibleCargos": [0, 1, 3, 4, 5, 6, 8, 10, 12, 13, 16, 17, 18, 20, 21, 22, 23, 24], "neighbors": [4, 3, 15, 8, 1, 7, 22, 18, 10, 9, 12, 21, 13, 28, 16, 20, 11, 6]}, {"capacity": 256, "impossibleCargos": [1, 2, 3, 4, 6, 7, 8, 9, 12, 13, 14, 15, 17, 18, 19, 20, 21, 22, 23, 24], "neighbors": [0, 25, 12, 3, 32, 4, 27, 26, 24, 29, 17, 10, 1, 2, 30, 15, 6, 13, 28, 33, 19, 8, 9]}, {"capacity": 224, "impossibleCargos": [1, 2, 3, 4, 5, 6, 7, 8, 9, 10, 11, 12, 13, 15, 19, 20, 21, 22, 23, 24], "neighbors": [6, 10, 11, 12, 1, 30, 27, 29, 5, 18, 33, 24]}, {"capacity": 277, "impossibleCargos": [0, 3, 4, 5, 6, 7, 8, 9, 10, 11, 12, 14, 15, 16, 18, 19, 20, 21, 22, 23], "neighbors": [1, 28, 4, 30, 10, 21, 33, 8, 2, 15, 34, 29, 0, 32, 7, 14, 23, 22, 12, 17, 6]}, {"capacity": 209, "impossibleCargos": [0, 2, 3, 4, 5, 6, 7, 8, 9, 10, 12, 15, 16, 18, 19, 20, 22, 23, 24], "neighbors": [29, 34, 0, 13, 20, 14, 5, 17, 32, 10, 7, 15, 2, 12, 22]}, {"capacity": 214, "impossibleCargos": [0, 2, 5, 6, 7, 11, 12, 13, 14, 16, 18, 19, 21, 22, 23, 24], "neighbors": [32, 26, 15, 34, 17, 7, 16, 2, 24, 12, 6, 9, 31, 33, 0, 28, 20, 27, 8, 30, 29, 21]}, {"capacity": 285, "impossibleCargos": [1, 2, 3, 5, 7, 8, 9, 10, 11, 12, 13, 14, 16, 17, 18, 20, 21, 23, 24], "neighbors": [11, 3, 2, 27, 14, 33, 31, 32, 20, 0, 28, 25]}, {"capacity": 208, "impossibleCargos": [3, 4, 8, 9, 11, 13, 15, 16, 17, 18, 19, 20, 24], "neighbors": [27, 2, 25, 1, 7, 18, 22, 34, 5, 6, 9, 19]}, {"capacity": 277, "impossibleCargos": [0, 1, 3, 4, 5, 6, 7, 8, 10, 11, 13, 14, 15, 16, 17, 18, 20, 21, 22, 23, 24], "neighbors": [16, 13, 24, 0, 18, 9, 4, 12, 34, 28, 26, 7, 8, 14, 5, 10, 23]}, {"capacity": 268, "impossibleCargos": [0, 1, 2, 3, 5, 6, 7, 8, 9, 11, 13, 14, 15, 16, 17, 18, 19, 20, 21, 23], "neighbors": [15, 22, 0, 29, 34, 5, 1, 14, 16, 18, 30, 27, 31, 25]}, {"capacity": 289, "impossibleCargos": [0, 1, 2, 3, 4, 7, 8, 9, 11, 12, 13, 14, 15, 16, 17, 18, 20, 21, 23, 24], "neighbors": [4, 24, 11, 28, 18, 0, 31, 16, 23, 26, 19, 14, 3, 33, 10, 22, 1]}, {"capacity": 230, "impossibleCargos": [1, 2, 3, 5, 6, 7, 8, 9, 10, 11, 12, 15, 16, 17, 18, 19, 20, 21, 22, 23, 24], "neighbors": [29, 20, 3, 12, 27, 32, 0, 25, 33, 34, 10, 18, 4, 17, 22, 2, 16, 23, 31]}, {"capacity": 208, "impossibleCargos": [0, 2, 4, 5, 6, 8, 9, 12, 13, 15, 16, 17, 18, 21, 22, 23, 24], "neighbors": [13, 28, 21, 26, 4, 2, 8, 16, 18, 32, 5, 20, 33, 1, 3, 19, 31, 22, 34]}, {"capacity": 243, "impossibleCargos": [0, 3, 4, 5, 6, 7, 8, 9, 10, 11, 12, 13, 17, 19, 20, 21, 22, 23, 24], "neighbors": [15, 0, 20, 6, 11, 31, 26, 9, 18, 19, 16, 3, 1, 2, 22, 34]}, {"capacity": 277, "impossibleCargos": [1, 2, 4, 5, 6, 7, 9, 10, 11, 13, 14, 16, 18, 20, 22, 23, 24], "neighbors": [6, 1, 30, 32, 27, 11, 0, 26, 23, 33, 22, 3, 29, 15, 14, 28, 7]}, {"capacity": 268, "impossibleCargos": [1, 5, 6, 7, 9, 10, 11, 12, 13, 14, 17, 19, 21, 22, 23, 24], "neighbors": [8, 22, 13, 9, 16, 18, 0, 4, 29, 28, 1, 31, 34, 3, 33, 21, 14, 7, 20, 10, 23, 12, 6, 15, 2, 5]}, {"capacity": 243, "impossibleCargos": [0, 1, 2, 6, 7, 8, 11, 12, 13, 14, 15, 17, 18, 20, 21, 22, 23, 24], "neighbors": [9, 20, 7, 13, 11, 32, 28, 14, 29, 23, 0, 27, 31, 18, 22, 15, 19, 34]}, {"capacity": 294, "impossibleCargos": [0, 1, 2, 7, 8, 9, 10, 11, 16, 17, 18, 19, 20, 21, 23, 24], "neighbors": [1, 14, 21, 3, 0, 26, 22, 25, 15, 9, 6, 32, 2, 20, 13, 24, 28, 30, 33, 29]}]}