{"volumes": [481, 191, 0, 244, 0, 210, 419, 500, 250, 211, 498, 240, 257, 452, 213, 443, 561, 0, 419, 234, 0, 467, 0, 696, 885], "conflicts": [[0, 2], [0, 9], [0, 19], [0, 22], [1, 3], [1, 4], [1, 7], [1, 12], [1, 20], [2, 5], [2, 6], [2, 7], [2, 14], [2, 15], [2, 16], [2, 17], [2, 18], [2, 20], [2, 21], [2, 22], [2, 24], [3, 4], [3, 8], [3, 20], [4, 5], [4, 7], [4, 8], [4, 9], [4, 12], [4, 13], [4, 15], [4, 18], [4, 20], [4, 21], [4, 22], [4, 23], [4, 24], [5, 11], [5, 13], [5, 18], [5, 20], [6, 15], [6, 17], [6, 22], [7, 11], [7, 14], [7, 22], [8, 13], [8, 15], [8, 17], [8, 19], [8, 20], [9, 15], [9, 19], [9, 21], [9, 22], [10, 17], [10, 22], [11, 12], [11, 17], [11, 18], [11, 20], [11, 21], [12, 15], [12, 17], [13, 17], [13, 20], [13, 22], [14, 17], [14, 18], [15, 17], [15, 20], [16, 20], [17, 18], [17, 21], [17, 23], [17, 24], [18, 20], [18, 22], [20, 21], [20, 22], [20, 23], [21, 22], [22, 23], [22, 24]], "tanks": [{"capacity": 285, "impossibleCargos": [1, 2, 4, 5, 8, 9, 10, 11, 13, 15, 16, 17, 19, 20, 21, 22, 24], "neighbors": [2, 26, 19, 4, 1, 25, 17, 22, 6, 11, 12, 13, 21, 16, 23, 30, 32]}, {"capacity": 235, "impossibleCargos": [0, 1, 2, 3, 4, 5, 6, 8, 10, 11, 12, 14, 15, 16, 17, 20, 21, 22, 23, 24], "neighbors": [30, 23, 14, 31, 0, 10, 16, 20, 6, 4, 25, 5, 9, 34, 28, 19]}, {"capacity": 204, "impossibleCargos": [0, 1, 2, 3, 4, 5, 7, 8, 9, 10, 11, 12, 13, 15, 16, 19, 20, 23], "neighbors": [0, 27, 15, 28, 14, 20, 12, 32, 17, 9, 13, 3, 7, 25, 31, 23, 5, 24]}, {"capacity": 235, "impossibleCargos": [0, 1, 2, 3, 5, 6, 7, 9, 10, 12, 13, 15, 16, 17, 18, 19, 20, 22, 23, 24], "neighbors": [11, 23, 34, 22, 26, 15, 18, 12, 2, 27, 29, 10, 21, 16, 4]}, {"capacity": 292, "impossibleCargos": [0, 2, 3, 5, 7, 9, 10, 11, 12, 13, 15, 17, 18, 20, 23, 24], "neighbors": [31, 14, 28, 23, 15, 19, 0, 32, 20, 33, 30, 16, 12, 18, 1, 21, 34, 27, 3, 6, 5, 17]}, {"capacity": 236, "impossibleCargos": [0, 1, 3, 5, 7, 8, 10, 12, 13, 14, 16, 18, 19, 20, 21, 22, 23], "neighbors": [17, 34, 13, 16, 27, 19, 10, 1, 7, 22, 30, 2, 9, 14, 4]}, {"capacity": 216, "impossibleCargos": [0, 1, 2, 3, 4, 7, 8, 9, 10, 11, 13, 15, 16, 17, 18, 19, 20, 21, 22, 23], "neighbors": [28, 12, 30, 7, 33, 0, 1, 15, 24, 20, 23, 16, 4, 9]}, {"capacity": 297, "impossibleCargos": [0, 1, 2, 5, 9, 10, 11, 12, 13, 14, 15, 18, 19, 20, 21, 22, 24], "neighbors": [27, 9, 15, 16, 11, 31, 23, 33, 6, 18, 14, 2, 32, 5, 29]}, {"capacity": 228, "impossibleCargos": [0, 2, 4, 5, 6, 8, 9, 10, 11, 13, 14, 15, 16, 17, 19, 20, 22, 23, 24], "neighbors": [28, 10, 32, 29, 25, 24, 23, 21, 9, 20, 12, 34, 13]}, {"capacity": 208, "impossibleCargos": [0, 2, 3, 4, 5, 6, 7, 8, 9, 10, 11, 12, 13, 14, 15, 17, 19, 21, 22, 23, 24], "neighbors": [24, 23, 7, 26, 22, 29, 15, 21, 27, 31, 20, 2, 33, 12, 8, 14, 19, 17, 11, 1, 5, 6]}, {"capacity": 201, "impossibleCargos": [0, 1, 3, 4, 5, 6, 7, 8, 9, 10, 11, 13, 14, 16, 19, 20, 21, 22, 23, 24], "neighbors": [8, 22, 30, 11, 1, 18, 25, 3, 17, 5, 29, 13, 28, 27]}, {"capacity": 221, "impossibleCargos": [0, 2, 3, 5, 6, 9, 10, 11, 12, 13, 14, 17, 18, 20, 21, 23, 24], "neighbors": [17, 28, 3, 7, 15, 10, 27, 18, 33, 26, 0, 9, 22, 31, 24, 16]}, {"capacity": 247, "impossibleCargos": [0, 2, 3, 4, 5, 7, 8, 9, 11, 12, 13, 15, 16, 17, 18, 19, 20, 23, 24], "neighbors": [6, 17, 19, 2, 32, 15, 22, 3, 9, 27, 4, 0, 13, 8, 24]}, {"capacity": 295, "impossibleCargos": [2, 4, 5, 6, 7, 8, 9, 10, 16, 18, 19, 20, 21, 22], "neighbors": [20, 27, 21, 31, 24, 15, 18, 30, 5, 2, 33, 23, 12, 0, 8, 10, 19, 26]}, {"capacity": 200, "impossibleCargos": [2, 3, 4, 5, 6, 7, 8, 9, 10, 11, 12, 14, 15, 17, 19, 21, 22, 23, 24], "neighbors": [27, 4, 2, 31, 17, 23, 28, 15, 1, 16, 24, 7, 22, 9, 33, 21, 29, 5]}, {"capacity": 232, "impossibleCargos": [0, 2, 3, 6, 7, 8, 9, 10, 11, 12, 13, 15, 16, 17, 18, 19, 20, 21, 22, 23, 24], "neighbors": [2, 7, 33, 23, 9, 4, 11, 21, 14, 24, 3, 20, 13, 12, 31, 19, 16, 32, 6, 22, 34, 27, 28, 25]}, {"capacity": 245, "impossibleCargos": [1, 2, 4, 5, 7, 8, 9, 10, 11, 12, 13, 14, 15, 16, 17, 18, 19, 20, 21, 22, 24], "neighbors": [7, 23, 30, 14, 26, 15, 31, 5, 1, 4, 0, 33, 3, 11, 6, 28, 22]}, {"capacity": 233, "impossibleCargos": [0, 1, 2, 3, 4, 6, 8, 9, 12, 13, 14, 17, 19, 20, 21, 22, 23], "neighbors": [11, 5, 18, 14, 12, 25, 2, 24, 28, 0, 34, 33, 9, 19, 10, 4]}, {"capacity": 244, "impossibleCargos": [0, 2, 4, 5, 6, 7, 8, 9, 10, 12, 13, 16, 17, 18, 19, 21, 22, 23], "neighbors": [17, 24, 3, 13, 31, 23, 11, 7, 10, 29, 33, 4, 22, 20]}, {"capacity": 215, "impossibleCargos": [0, 1, 2, 3, 6, 7, 8, 9, 10, 11, 12, 13, 15, 19, 20, 21, 23], "neighbors": [0, 12, 34, 4, 30, 32, 26, 15, 33, 29, 9, 17, 5, 13, 1, 28]}, {"capacity": 208, "impossibleCargos": [0, 2, 3, 4, 8, 9, 10, 11, 13, 14, 15, 16, 18, 21, 23], "neighbors": [24, 32, 13, 2, 22, 15, 34, 4, 27, 9, 26, 1, 8, 21, 18, 6]}, {"capacity": 209, "impossibleCargos": [0, 1, 2, 3, 4, 5, 7, 8, 9, 10, 11, 12, 13, 14, 15, 16, 18, 19, 20, 21, 22, 23, 24], "neighbors": [28, 9, 15, 26, 13, 8, 27, 31, 25, 20, 22, 29, 14, 0, 4, 23, 3, 32, 34]}, {"capacity": 280, "impossibleCargos": [0, 1, 3, 6, 8, 9, 10, 11, 14, 15, 16, 17, 18, 19, 22, 23], "neighbors": [25, 9, 20, 10, 29, 3, 24, 12, 26, 0, 14, 21, 11, 18, 15, 30, 5, 34, 16]}, {"capacity": 290, "impossibleCargos": [1, 2, 3, 4, 5, 6, 7, 8, 9, 10, 11, 12, 15, 16, 17, 20, 21, 22, 23, 24], "neighbors": [9, 3, 4, 15, 14, 16, 7, 1, 33, 28, 27, 8, 18, 30, 26, 13, 2, 21, 24, 6, 0]}, {"capacity": 250, "impossibleCargos": [0, 1, 2, 4, 5, 7, 8, 9, 10, 11, 14, 15, 16, 17, 18, 19, 21, 22, 24], "neighbors": [9, 25, 20, 18, 33, 15, 22, 13, 17, 8, 14, 28, 26, 11, 23, 6, 2, 34, 12]}, {"capacity": 267, "impossibleCargos": [0, 1, 2, 3, 4, 5, 7, 10, 12, 14, 15, 17, 18, 19, 20, 21, 23, 24], "neighbors": [24, 33, 22, 17, 29, 31, 8, 0, 21, 27, 2, 34, 10, 1, 26, 15]}, {"capacity": 260, "impossibleCargos": [1, 2, 4, 5, 6, 7, 9, 11, 13, 15, 18, 19, 20, 21, 22, 23], "neighbors": [31, 9, 0, 21, 3, 16, 33, 22, 19, 20, 24, 23, 11, 25, 13]}, {"capacity": 245, "impossibleCargos": [1, 2, 3, 4, 5, 7, 8, 9, 10, 11, 13, 14, 16, 17, 18, 19, 20, 22], "neighbors": [2, 7, 14, 13, 9, 34, 11, 23, 20, 21, 25, 5, 12, 3, 30, 29, 15, 4, 10]}, {"capacity": 286, "impossibleCargos": [0, 2, 4, 5, 6, 7, 8, 9, 11, 12, 13, 14, 16, 19, 21, 22, 23, 24], "neighbors": [8, 6, 4, 11, 2, 21, 14, 29, 31, 23, 17, 32, 24, 33, 15, 16, 1, 10, 19]}, {"capacity": 242, "impossibleCargos": [0, 1, 2, 3, 4, 6, 7, 8, 9, 10, 11, 12, 13, 14, 15, 16, 17, 18, 19, 20, 21, 22, 24], "neighbors": [9, 25, 8, 22, 28, 34, 18, 19, 21, 27, 3, 10, 33, 14, 30, 7]}, {"capacity": 231, "impossibleCargos": [0, 1, 5, 6, 8, 9, 10, 12, 14, 15, 16, 18, 19, 21, 22, 24], "neighbors": [19, 1, 10, 16, 6, 33, 13, 23, 4, 27, 22, 5, 29, 0]}, {"capacity": 265, "impossibleCargos": [2, 3, 5, 6, 8, 12, 13, 14, 18, 19, 20, 21, 22, 24], "neighbors": [4, 26, 14, 7, 9, 13, 28, 25, 1, 15, 32, 18, 21, 16, 2, 11]}, {"capacity": 243, "impossibleCargos": [0, 1, 3, 7, 8, 9, 10, 12, 14, 15, 17, 18, 20, 22, 23], "neighbors": [20, 8, 12, 4, 19, 31, 2, 15, 28, 7, 34, 21, 0]}, {"capacity": 246, "impossibleCargos": [0, 1, 2, 3, 4, 5, 6, 8, 10, 12, 14, 17, 18, 19, 20, 21, 24], "neighbors": [34, 25, 15, 24, 7, 23, 26, 30, 4, 19, 11, 9, 6, 17, 18, 13, 14, 16, 28, 29]}, {"capacity": 285, "impossibleCargos": [0, 2, 6, 7, 8, 9, 10, 11, 13, 14, 15, 16, 17, 18, 19, 20, 21, 22, 23, 24], "neighbors": [33, 19, 3, 5, 27, 20, 29, 17, 25, 32, 4, 15, 8, 1, 21, 22, 24]}]}