{"volumes": [449, 455, 0, 401, 249, 665, 0, 0, 1877, 216, 673, 193, 262, 200, 217, 466, 497, 0, 0, 282, 0, 264, 0, 530, 0], "conflicts": [[0, 2], [0, 6], [0, 15], [0, 17], [0, 18], [0, 20], [0, 22], [0, 24], [1, 2], [1, 6], [1, 7], [1, 13], [1, 17], [1, 18], [1, 20], [1, 22], [2, 3], [2, 5], [2, 6], [2, 7], [2, 8], [2, 9], [2, 11], [2, 12], [2, 13], [2, 14], [2, 16], [2, 17], [2, 18], [2, 20], [2, 21], [2, 22], [3, 4], [3, 6], [3, 7], [3, 12], [3, 17], [3, 18], [3, 20], [3, 22], [3, 24], [4, 6], [4, 7], [4, 9], [4, 12], [4, 17], [4, 18], [4, 20], [4, 22], [4, 24], [5, 7], [5, 17], [5, 18], [5, 20], [5, 22], [5, 24], [6, 8], [6, 9], [6, 10], [6, 11], [6, 12], [6, 13], [6, 15], [6, 16], [6, 17], [6, 19], [6, 20], [6, 23], [6, 24], [7, 8], [7, 9], [7, 10], [7, 11], [7, 12], [7, 13], [7, 14], [7, 15], [7, 18], [7, 19], [7, 21], [7, 24], [8, 17], [8, 18], [8, 20], [8, 24], [9, 10], [9, 12], [9, 14], [9, 17], [9, 18], [9, 19], [9, 22], [9, 24], [10, 17], [10, 19], [10, 22], [10, 24], [11, 13], [11, 15], [11, 17], [11, 18], [11, 22], [11, 24], [12, 17], [12, 20], [12, 22], [12, 23], [12, 24], [13, 17], [13, 18], [13, 20], [13, 21], [13, 22], [13, 24], [14, 16], [14, 18], [14, 19], [14, 20], [14, 21], [14, 22], [14, 24], [15, 17], [15, 18], [15, 20], [15, 22], [15, 24], [16, 17], [16, 21], [16, 22], [16, 24], [17, 18], [17, 19], [17, 20], [17, 21], [17, 22], [17, 23], [17, 24], [18, 20], [18, 21], [18, 22], [18, 23], [18, 24], [19, 20], [19, 21], [19, 22], [19, 24], [20, 21], [20, 22], [20, 23], [20, 24], [21, 22], [22, 23], [22, 24], [23, 24]], "tanks": [{"capacity": 244, "impossibleCargos": [3, 4, 5, 6, 7, 9, 10, 11, 12, 13, 14, 16, 17, 19, 21, 22, 23, 24], "neighbors": [24, 4, 7, 34, 11, 14, 29, 15, 8, 31, 3, 13, 30, 26, 16, 2, 32, 22, 6, 20, 21, 12]}, {"capacity": 214, "impossibleCargos": [1, 2, 3, 6, 7, 8, 9, 10, 11, 12, 13, 14, 15, 16, 17, 18, 19, 20, 21, 22, 23], "neighbors": [16, 25, 33, 31, 3, 5, 21, 11, 20, 7, 12, 2, 28, 18, 9, 22, 23, 19, 15, 26, 14, 4]}, {"capacity": 209, "impossibleCargos": [1, 2, 3, 4, 6, 8, 10, 12, 14, 15, 16, 18, 19, 20, 21, 23, 24], "neighbors": [25, 24, 34, 15, 13, 31, 10, 8, 27, 21, 1, 0, 14, 3, 4, 9, 16]}, {"capacity": 217, "impossibleCargos": [0, 2, 3, 4, 6, 7, 8, 12, 13, 15, 18, 19, 20, 21, 23, 24], "neighbors": [24, 29, 9, 28, 21, 1, 17, 33, 0, 19, 22, 18, 14, 16, 8, 2, 20, 27]}, {"capacity": 207, "impossibleCargos": [0, 1, 2, 4, 5, 6, 7, 9, 12, 15, 16, 17, 18, 19, 20, 21, 22, 23, 24], "neighbors": [5, 0, 11, 13, 8, 26, 28, 7, 6, 34, 17, 2, 1, 27]}, {"capacity": 266, "impossibleCargos": [0, 1, 2, 4, 5, 6, 7, 11, 12, 13, 14, 15, 16, 17, 18, 19, 20, 21, 22, 23, 24], "neighbors": [4, 32, 34, 28, 26, 1, 22, 20, 14, 33, 8, 24, 19, 16, 18]}, {"capacity": 211, "impossibleCargos": [3, 6, 7, 8, 11, 12, 13, 15, 17, 20, 21, 22, 24], "neighbors": [20, 14, 25, 24, 22, 9, 21, 34, 17, 4, 19, 28, 13, 26, 33, 0, 30, 27, 10]}, {"capacity": 287, "impossibleCargos": [1, 2, 4, 7, 8, 9, 10, 11, 12, 14, 15, 16, 17, 18, 20, 21, 22, 23, 24], "neighbors": [13, 33, 14, 0, 8, 18, 30, 1, 4, 26, 11, 31, 12, 20, 27, 25]}, {"capacity": 269, "impossibleCargos": [0, 1, 2, 3, 4, 5, 6, 7, 9, 10, 11, 12, 14, 15, 17, 18, 19, 20, 21, 22, 23], "neighbors": [32, 27, 7, 4, 0, 18, 11, 23, 2, 29, 17, 31, 16, 13, 5, 9, 34, 22, 3, 28]}, {"capacity": 282, "impossibleCargos": [1, 2, 3, 4, 6, 7, 8, 9, 10, 11, 14, 15, 17, 19, 20, 21, 22, 24], "neighbors": [21, 6, 3, 23, 32, 15, 13, 22, 26, 24, 1, 8, 30, 14, 28, 11, 12, 2]}, {"capacity": 229, "impossibleCargos": [0, 2, 3, 5, 6, 7, 8, 10, 11, 12, 13, 15, 16, 17, 18, 20, 21, 22, 23, 24], "neighbors": [18, 11, 22, 13, 16, 26, 2, 33, 15, 25, 24, 6]}, {"capacity": 245, "impossibleCargos": [1, 2, 3, 4, 5, 6, 7, 9, 11, 12, 13, 14, 15, 16, 18, 19, 20, 21, 22, 23], "neighbors": [10, 4, 0, 21, 34, 8, 31, 1, 30, 7, 20, 13, 23, 29, 9]}, {"capacity": 294, "impossibleCargos": [1, 2, 4, 7, 8, 10, 11, 13, 15, 16, 17, 18, 19, 20, 21, 22, 23, 24], "neighbors": [21, 30, 34, 32, 26, 25, 1, 24, 28, 27, 7, 16, 20, 9, 33, 0]}, {"capacity": 251, "impossibleCargos": [1, 2, 3, 5, 7, 9, 11, 12, 13, 14, 16, 20, 21, 22, 24], "neighbors": [7, 23, 10, 19, 4, 2, 16, 29, 15, 26, 9, 0, 21, 8, 6, 18, 11, 24, 17]}, {"capacity": 202, "impossibleCargos": [0, 1, 2, 4, 5, 6, 7, 9, 10, 13, 14, 17, 18, 19, 20, 21, 23, 24], "neighbors": [28, 6, 15, 7, 24, 0, 16, 26, 5, 31, 18, 9, 3, 2, 1, 32]}, {"capacity": 288, "impossibleCargos": [2, 3, 4, 5, 6, 7, 9, 10, 11, 12, 13, 14, 16, 17, 18, 20, 22], "neighbors": [14, 26, 31, 2, 28, 0, 30, 13, 9, 10, 20, 18, 32, 34, 22, 1, 27, 23]}, {"capacity": 235, "impossibleCargos": [0, 2, 3, 4, 5, 8, 10, 11, 12, 13, 14, 15, 17, 18, 19, 20, 22, 24], "neighbors": [1, 21, 10, 33, 13, 14, 25, 27, 8, 28, 0, 12, 19, 34, 5, 22, 3, 17, 23, 2, 30]}, {"capacity": 249, "impossibleCargos": [2, 3, 4, 5, 7, 10, 12, 13, 14, 15, 16, 18, 21, 22, 23], "neighbors": [30, 27, 22, 34, 3, 6, 8, 19, 29, 28, 4, 16, 13]}, {"capacity": 201, "impossibleCargos": [0, 1, 2, 3, 4, 5, 6, 8, 9, 10, 11, 12, 14, 15, 18, 19, 20, 22, 23, 24], "neighbors": [24, 32, 10, 7, 8, 30, 1, 3, 15, 19, 14, 28, 13, 5, 20, 31, 27]}, {"capacity": 247, "impossibleCargos": [0, 1, 2, 3, 5, 6, 7, 8, 9, 11, 13, 14, 15, 18, 20, 21, 22, 23, 24], "neighbors": [26, 13, 28, 6, 3, 34, 17, 29, 16, 18, 5, 23, 1]}, {"capacity": 276, "impossibleCargos": [0, 1, 2, 3, 5, 7, 8, 10, 11, 12, 13, 14, 15, 16, 17, 18, 20, 21, 22, 24], "neighbors": [6, 24, 26, 1, 5, 15, 21, 29, 30, 11, 7, 12, 18, 0, 3, 31]}, {"capacity": 267, "impossibleCargos": [1, 4, 6, 7, 8, 9, 11, 12, 14, 15, 16, 17, 19, 20, 22, 23, 24], "neighbors": [32, 9, 12, 16, 11, 24, 3, 6, 22, 1, 2, 26, 28, 13, 25, 20, 30, 33, 0]}, {"capacity": 230, "impossibleCargos": [0, 3, 4, 5, 6, 9, 11, 12, 13, 14, 15, 16, 17, 20, 24], "neighbors": [17, 10, 6, 21, 24, 33, 5, 9, 3, 1, 30, 32, 0, 8, 15, 16, 25]}, {"capacity": 201, "impossibleCargos": [0, 1, 3, 4, 6, 7, 8, 9, 10, 11, 12, 13, 14, 16, 18, 19, 21, 23, 24], "neighbors": [13, 9, 8, 29, 27, 31, 25, 30, 1, 11, 19, 16, 15]}, {"capacity": 213, "impossibleCargos": [1, 2, 3, 4, 5, 6, 9, 10, 11, 13, 14, 15, 16, 17, 18, 19, 21, 22, 23], "neighbors": [18, 0, 20, 3, 2, 26, 14, 6, 21, 22, 31, 9, 30, 12, 10, 25, 5, 13]}, {"capacity": 277, "impossibleCargos": [0, 1, 2, 3, 4, 5, 7, 8, 10, 15, 17, 18, 19, 20, 21, 22], "neighbors": [31, 2, 6, 1, 12, 28, 34, 26, 16, 10, 21, 32, 24, 23, 22, 7]}, {"capacity": 239, "impossibleCargos": [0, 1, 2, 4, 6, 7, 8, 9, 10, 11, 12, 13, 17, 19, 20, 21, 22, 23], "neighbors": [19, 24, 15, 32, 20, 12, 4, 25, 31, 10, 14, 30, 5, 13, 7, 9, 21, 6, 0, 28, 1]}, {"capacity": 261, "impossibleCargos": [0, 1, 2, 6, 7, 9, 10, 11, 12, 14, 15, 16, 17, 18, 19, 20, 21, 23, 24], "neighbors": [28, 34, 17, 8, 33, 31, 2, 16, 30, 23, 12, 6, 7, 15, 3, 4, 18]}, {"capacity": 269, "impossibleCargos": [0, 1, 2, 3, 4, 6, 7, 10, 11, 12, 13, 14, 15, 18, 21, 22, 23, 24], "neighbors": [27, 14, 25, 15, 19, 5, 3, 4, 30, 1, 21, 12, 16, 6, 18, 26, 9, 17, 33, 8]}, {"capacity": 261, "impossibleCargos": [0, 1, 2, 4, 6, 7, 8, 9, 11, 12, 13, 14, 15, 19, 20, 21, 23, 24], "neighbors": [3, 0, 13, 23, 8, 30, 33, 19, 20, 17, 32, 11]}, {"capacity": 213, "impossibleCargos": [1, 2, 4, 5, 6, 7, 8, 9, 11, 12, 13, 14, 15, 17, 18, 20, 21, 22, 23, 24], "neighbors": [17, 12, 26, 18, 7, 15, 28, 27, 29, 24, 11, 0, 22, 32, 9, 20, 33, 21, 23, 6, 16]}, {"capacity": 282, "impossibleCargos": [0, 1, 2, 3, 4, 5, 6, 7, 9, 11, 13, 17, 18, 23, 24], "neighbors": [25, 34, 15, 1, 26, 2, 11, 27, 0, 24, 14, 8, 7, 23, 18, 20]}, {"capacity": 202, "impossibleCargos": [0, 1, 2, 3, 4, 7, 10, 11, 13, 14, 16, 17, 18, 22], "neighbors": [18, 21, 8, 5, 26, 12, 9, 34, 25, 22, 30, 15, 0, 29, 14]}, {"capacity": 286, "impossibleCargos": [0, 1, 2, 3, 5, 7, 8, 9, 10, 11, 13, 14, 16, 17, 18, 19, 20, 21, 23, 24], "neighbors": [7, 1, 16, 27, 10, 22, 3, 34, 5, 29, 6, 30, 28, 21, 12]}, {"capacity": 227, "impossibleCargos": [0, 1, 2, 3, 4, 5, 6, 7, 8, 9, 11, 12, 14, 16, 17, 18, 20, 21, 22, 23], "neighbors": [27, 31, 5, 12, 0, 2, 25, 17, 11, 6, 32, 33, 19, 4, 8, 16, 15]}]}