{"volumes": [694, 259, 0, 497, 268, 878, 622, 204, 0, 672, 0, 188, 0, 205, 0, 0, 218, 478, 538, 248, 0, 488, 773, 204, 451], "conflicts": [[0, 2], [0, 8], [0, 12], [0, 14], [0, 20], [1, 2], [1, 4], [1, 7], [1, 14], [1, 15], [1, 18], [1, 19], [1, 20], [1, 23], [2, 4], [2, 6], [2, 8], [2, 11], [2, 12], [2, 15], [2, 17], [2, 19], [2, 20], [2, 21], [2, 22], [2, 23], [2, 24], [3, 4], [3, 8], [3, 10], [3, 12], [3, 14], [3, 20], [4, 7], [4, 10], [4, 11], [4, 12], [4, 14], [4, 15], [5, 8], [5, 10], [5, 14], [5, 15], [5, 20], [6, 8], [6, 10], [6, 11], [6, 12], [6, 13], [6, 14], [6, 15], [7, 8], [7, 10], [7, 12], [7, 13], [7, 14], [7, 15], [7, 16], [7, 20], [8, 9], [8, 10], [8, 11], [8, 12], [8, 15], [8, 16], [8, 17], [8, 18], [8, 19], [8, 20], [8, 21], [8, 22], [8, 23], [8, 24], [9, 10], [9, 12], [9, 15], [10, 14], [10, 16], [10, 18], [10, 19], [10, 20], [10, 21], [10, 22], [10, 23], [11, 12], [11, 14], [11, 15], [11, 16], [11, 17], [11, 18], [11, 20], [11, 21], [11, 24], [12, 13], [12, 14], [12, 16], [12, 17], [12, 18], [12, 19], [12, 20], [12, 21], [12, 22], [12, 23], [13, 14], [13, 15], [13, 19], [13, 20], [13, 23], [14, 15], [14, 16], [14, 17], [14, 18], [14, 19], [14, 20], [14, 21], [14, 22], [14, 24], [15, 16], [15, 17], [15, 19], [15, 20], [15, 21], [15, 22], [15, 23], [15, 24], [16, 19], [16, 20], [16, 21], [16, 23], [17, 20], [17, 23], [18, 20], [19, 20], [20, 21], [20, 22], [20, 23], [20, 24]], "tanks": [{"capacity": 243, "impossibleCargos": [0, 1, 2, 4, 6, 9, 10, 11, 13, 14, 15, 17, 18, 19, 20, 21, 23, 24], "neighbors": [29, 30, 19, 2, 28, 25, 31, 13, 3, 27, 10, 12, 5, 33, 17]}, {"capacity": 218, "impossibleCargos": [0, 1, 2, 4, 5, 6, 8, 9, 11, 12, 13, 14, 15, 17, 19, 20, 21, 22, 23], "neighbors": [18, 10, 8, 14, 26, 21, 27, 17, 28, 11, 31, 22, 32, 3, 2, 24, 20, 12, 6, 29]}, {"capacity": 281, "impossibleCargos": [0, 1, 2, 3, 4, 5, 6, 7, 8, 11, 12, 13, 14, 15, 16, 17, 18, 20, 21, 22, 23, 24], "neighbors": [23, 30, 8, 12, 25, 0, 4, 19, 10, 21, 18, 6, 24, 7, 1, 13, 33]}, {"capacity": 285, "impossibleCargos": [0, 2, 3, 4, 5, 6, 8, 10, 11, 12, 13, 14, 15, 16, 20, 21, 22, 24], "neighbors": [6, 4, 10, 12, 29, 16, 13, 5, 7, 23, 0, 30, 33, 1, 27, 34]}, {"capacity": 247, "impossibleCargos": [4, 6, 10, 12, 13, 14, 15, 17, 18, 19, 20, 21, 24], "neighbors": [16, 5, 3, 20, 34, 2, 7, 14, 17, 25, 6, 21, 13, 28, 10, 8, 11, 9]}, {"capacity": 220, "impossibleCargos": [1, 2, 3, 4, 5, 6, 7, 8, 9, 10, 11, 13, 14, 15, 16, 17, 18, 19, 20, 21, 22, 24], "neighbors": [10, 21, 13, 4, 6, 31, 25, 3, 22, 17, 26, 7, 0, 23]}, {"capacity": 213, "impossibleCargos": [0, 1, 2, 3, 5, 6, 7, 8, 9, 10, 13, 14, 15, 16, 17, 18, 20, 21, 22, 24], "neighbors": [3, 14, 11, 5, 18, 9, 13, 20, 24, 4, 22, 27, 8, 2, 28, 21, 23, 34, 1, 16]}, {"capacity": 222, "impossibleCargos": [1, 2, 3, 4, 5, 7, 9, 10, 11, 12, 13, 15, 16, 17, 19, 20, 22, 23, 24], "neighbors": [29, 22, 26, 24, 9, 4, 10, 11, 27, 3, 28, 15, 23, 2, 25, 5]}, {"capacity": 225, "impossibleCargos": [0, 3, 4, 5, 6, 8, 10, 12, 13, 15, 17, 19, 20, 21, 24], "neighbors": [24, 1, 14, 19, 2, 9, 27, 16, 30, 21, 15, 11, 17, 6, 29, 4, 10, 25, 33]}, {"capacity": 298, "impossibleCargos": [1, 2, 3, 4, 6, 7, 9, 10, 12, 14, 15, 16, 17, 19, 20, 21, 22, 23, 24], "neighbors": [33, 14, 32, 7, 17, 8, 6, 24, 19, 29, 30, 27, 23, 21, 18, 13, 4, 25, 22]}, {"capacity": 267, "impossibleCargos": [0, 1, 2, 3, 4, 5, 6, 8, 9, 10, 12, 13, 15, 17, 19, 20, 21, 22, 23, 24], "neighbors": [5, 1, 3, 13, 31, 28, 22, 23, 7, 27, 32, 19, 24, 12, 2, 20, 4, 0, 8, 18, 14, 26]}, {"capacity": 298, "impossibleCargos": [0, 1, 3, 6, 7, 9, 10, 11, 12, 13, 14, 15, 17, 18, 19, 20, 24], "neighbors": [18, 15, 6, 27, 29, 7, 32, 13, 26, 24, 1, 8, 28, 34, 33, 30, 20, 4, 25]}, {"capacity": 258, "impossibleCargos": [0, 1, 2, 3, 4, 5, 6, 7, 8, 9, 10, 11, 12, 13, 14, 17, 18, 19, 20, 21, 22, 23], "neighbors": [24, 31, 20, 28, 3, 2, 32, 16, 10, 15, 27, 0, 1]}, {"capacity": 204, "impossibleCargos": [0, 1, 3, 4, 5, 6, 7, 8, 10, 11, 13, 14, 15, 17, 18, 19, 21, 22, 24], "neighbors": [21, 5, 23, 31, 10, 28, 16, 18, 19, 22, 6, 3, 11, 0, 4, 20, 26, 29, 9, 30, 2, 34, 24, 32]}, {"capacity": 266, "impossibleCargos": [0, 2, 6, 7, 8, 9, 10, 12, 13, 15, 16, 17, 19, 23, 24], "neighbors": [15, 6, 22, 9, 8, 1, 28, 4, 18, 17, 23, 34, 25, 16, 10]}, {"capacity": 283, "impossibleCargos": [2, 4, 5, 6, 9, 10, 11, 12, 13, 16, 18, 19, 20, 21, 22, 23, 24], "neighbors": [14, 31, 11, 32, 25, 26, 19, 8, 24, 7, 17, 12, 33, 22, 18]}, {"capacity": 286, "impossibleCargos": [0, 1, 2, 3, 5, 7, 8, 10, 11, 12, 13, 15, 16, 17, 18, 19, 20, 22, 23], "neighbors": [4, 29, 23, 32, 17, 13, 31, 26, 3, 8, 12, 33, 14, 6]}, {"capacity": 242, "impossibleCargos": [3, 5, 7, 8, 9, 10, 11, 12, 13, 14, 15, 16, 18, 19, 20, 21, 22, 23, 24], "neighbors": [21, 16, 9, 32, 26, 28, 24, 1, 4, 33, 14, 8, 23, 15, 27, 30, 5, 0]}, {"capacity": 260, "impossibleCargos": [0, 1, 2, 3, 4, 5, 7, 8, 13, 14, 16, 19, 20, 22, 23, 24], "neighbors": [1, 11, 20, 22, 13, 6, 32, 14, 23, 30, 26, 2, 33, 9, 15, 10]}, {"capacity": 224, "impossibleCargos": [1, 3, 4, 5, 7, 9, 10, 11, 12, 14, 17, 19, 21, 22, 23, 24], "neighbors": [25, 8, 0, 13, 15, 9, 28, 26, 2, 10, 31, 34, 20, 24, 30, 22, 29]}, {"capacity": 205, "impossibleCargos": [0, 1, 2, 3, 4, 5, 7, 8, 10, 12, 14, 15, 16, 20, 21, 23, 24], "neighbors": [18, 12, 29, 4, 27, 31, 6, 33, 10, 19, 13, 26, 11, 1, 34]}, {"capacity": 204, "impossibleCargos": [0, 1, 3, 4, 5, 6, 7, 8, 10, 13, 15, 16, 20, 22, 23], "neighbors": [13, 5, 17, 23, 1, 34, 24, 22, 8, 2, 4, 9, 6, 27]}, {"capacity": 249, "impossibleCargos": [0, 1, 2, 3, 4, 5, 6, 7, 8, 9, 10, 11, 12, 13, 14, 16, 18, 23, 24], "neighbors": [23, 7, 14, 30, 18, 25, 10, 13, 28, 21, 29, 6, 5, 1, 26, 15, 24, 9, 19]}, {"capacity": 274, "impossibleCargos": [1, 2, 3, 4, 5, 8, 10, 14, 15, 16, 17, 18, 21, 22, 23, 24], "neighbors": [22, 2, 13, 16, 21, 10, 33, 24, 3, 14, 18, 32, 9, 17, 7, 6, 5, 28]}, {"capacity": 263, "impossibleCargos": [0, 1, 2, 4, 5, 6, 9, 10, 11, 12, 13, 14, 15, 17, 18, 19, 20, 21, 23, 24], "neighbors": [12, 30, 8, 7, 21, 28, 9, 17, 26, 33, 23, 6, 11, 10, 15, 27, 2, 1, 22, 19, 34, 13]}, {"capacity": 210, "impossibleCargos": [0, 1, 4, 6, 7, 8, 9, 10, 11, 14, 15, 16, 17, 18, 19, 20, 21, 23, 24], "neighbors": [31, 26, 19, 28, 22, 15, 2, 29, 5, 0, 4, 14, 7, 9, 11, 8, 27]}, {"capacity": 288, "impossibleCargos": [0, 1, 2, 3, 4, 5, 6, 7, 9, 10, 11, 13, 14, 15, 18, 19, 20, 21, 22, 23], "neighbors": [25, 7, 1, 16, 17, 15, 24, 19, 11, 18, 20, 22, 13, 5, 29, 10, 27]}, {"capacity": 245, "impossibleCargos": [0, 2, 3, 4, 7, 8, 9, 10, 11, 12, 16, 17, 18, 19, 21, 22, 24], "neighbors": [33, 11, 20, 8, 1, 7, 29, 10, 9, 24, 6, 30, 17, 0, 12, 3, 25, 21, 26]}, {"capacity": 261, "impossibleCargos": [1, 2, 3, 4, 6, 8, 9, 10, 11, 12, 13, 14, 15, 16, 20, 21], "neighbors": [12, 25, 29, 13, 10, 0, 14, 22, 24, 17, 19, 31, 7, 1, 11, 6, 4, 32, 23]}, {"capacity": 237, "impossibleCargos": [1, 3, 4, 6, 8, 9, 10, 11, 12, 13, 16, 17, 18, 20, 21, 23], "neighbors": [7, 16, 0, 20, 11, 28, 3, 25, 27, 9, 22, 8, 34, 13, 26, 1, 33, 19]}, {"capacity": 210, "impossibleCargos": [1, 3, 4, 6, 8, 10, 12, 13, 14, 17, 19, 20, 21, 22, 23], "neighbors": [24, 22, 2, 0, 8, 9, 18, 11, 3, 27, 17, 13, 19]}, {"capacity": 281, "impossibleCargos": [0, 1, 2, 3, 4, 5, 6, 8, 10, 11, 12, 13, 14, 15, 16, 17, 18, 19, 20, 21, 23, 24], "neighbors": [25, 15, 12, 13, 32, 10, 16, 5, 20, 28, 33, 0, 19, 1]}, {"capacity": 233, "impossibleCargos": [0, 2, 3, 5, 9, 10, 11, 12, 13, 14, 15, 16, 19, 20, 21, 22, 23], "neighbors": [31, 16, 15, 9, 12, 17, 11, 10, 18, 23, 1, 28, 34, 13]}, {"capacity": 219, "impossibleCargos": [0, 2, 3, 4, 5, 10, 11, 12, 13, 14, 15, 18, 19, 20, 22, 23, 24], "neighbors": [9, 27, 24, 23, 20, 31, 17, 11, 16, 18, 15, 3, 0, 2, 29, 8]}, {"capacity": 229, "impossibleCargos": [0, 1, 2, 4, 6, 8, 9, 11, 12, 13, 14, 15, 16, 17, 18, 19, 20, 22, 23, 24], "neighbors": [4, 21, 14, 11, 19, 29, 24, 13, 6, 32, 20, 3]}]}