{"volumes": [211, 0, 241, 544, 826, 471, 0, 207, 0, 235, 276, 0, 526, 192, 389, 699, 243, 240, 277, 503, 681, 517, 269, 635, 0], "conflicts": [[0, 1], [0, 8], [0, 11], [0, 13], [0, 22], [1, 2], [1, 3], [1, 4], [1, 5], [1, 6], [1, 8], [1, 9], [1, 12], [1, 13], [1, 14], [1, 15], [1, 18], [1, 19], [1, 20], [1, 21], [2, 6], [2, 10], [2, 11], [3, 6], [3, 8], [3, 11], [4, 6], [4, 8], [4, 24], [5, 8], [5, 11], [5, 16], [5, 24], [6, 8], [6, 9], [6, 11], [6, 12], [6, 13], [6, 14], [6, 15], [6, 16], [6, 17], [6, 18], [6, 19], [6, 21], [6, 22], [6, 23], [6, 24], [7, 10], [7, 11], [8, 11], [8, 12], [8, 14], [8, 16], [8, 17], [8, 18], [8, 19], [8, 20], [8, 21], [8, 22], [8, 23], [8, 24], [9, 11], [9, 24], [10, 11], [10, 13], [10, 16], [10, 24], [11, 12], [11, 13], [11, 14], [11, 16], [11, 17], [11, 18], [11, 19], [11, 22], [11, 23], [11, 24], [12, 24], [13, 18], [13, 24], [14, 24], [15, 24], [16, 24], [17, 24], [20, 24]], "tanks": [{"capacity": 287, "impossibleCargos": [0, 4, 5, 7, 9, 12, 14, 17, 19, 21], "neighbors": [4, 34, 17, 6, 25, 28, 5, 33, 2, 21, 27, 18, 23, 24, 32, 30, 9, 12, 22, 29, 1, 13, 16, 11, 31, 10, 7, 26]}, {"capacity": 219, "impossibleCargos": [0, 1, 2, 5, 6, 8, 9, 10, 11, 12, 13, 17, 18, 21, 22, 23], "neighbors": [8, 19, 9, 32, 6, 3, 33, 10, 11, 26, 13, 7, 17, 15, 0, 29, 16, 22, 34, 25, 30, 23]}, {"capacity": 298, "impossibleCargos": [0, 2, 3, 6, 7, 13, 14, 15, 18, 21, 22, 23, 24], "neighbors": [13, 7, 3, 24, 31, 0, 16, 11, 27, 29, 18, 19, 20, 28, 34, 14, 21, 4, 6, 9, 12, 23, 8, 30, 25]}, {"capacity": 269, "impossibleCargos": [6, 7, 8, 12, 15, 16, 17, 22, 23], "neighbors": [33, 6, 7, 30, 28, 32, 2, 14, 1, 29, 31, 26, 15, 12, 9, 10, 23, 13, 25, 11, 5, 21, 16, 34, 18, 19]}, {"capacity": 207, "impossibleCargos": [2, 3, 4, 5, 7, 8, 11, 12, 19, 24], "neighbors": [5, 32, 0, 16, 25, 29, 19, 11, 23, 31, 15, 30, 9, 10, 34, 7, 22, 8, 2, 24, 26, 28, 17, 14]}, {"capacity": 202, "impossibleCargos": [0, 1, 5, 6, 7, 8, 9, 11, 12, 14, 16, 18, 21, 23], "neighbors": [4, 27, 16, 21, 23, 10, 18, 0, 12, 7, 20, 32, 14, 9, 17, 11, 3, 19, 15, 6, 33, 25, 31, 22]}, {"capacity": 238, "impossibleCargos": [0, 2, 3, 6, 7, 8, 9, 13, 17, 19, 20, 24], "neighbors": [9, 29, 26, 22, 3, 20, 0, 23, 1, 33, 34, 28, 13, 18, 7, 8, 19, 16, 32, 27, 11, 5, 2, 10, 30, 31]}, {"capacity": 249, "impossibleCargos": [0, 2, 4, 6, 8, 10, 11, 12, 13, 14, 17, 19, 24], "neighbors": [24, 12, 31, 3, 13, 2, 5, 14, 20, 10, 26, 27, 6, 16, 22, 1, 4, 34, 23, 29, 0, 21, 28, 25, 17]}, {"capacity": 263, "impossibleCargos": [1, 4, 6, 8, 9, 10, 12, 14, 18, 21, 22, 24], "neighbors": [1, 23, 9, 18, 11, 32, 19, 26, 21, 25, 31, 6, 10, 17, 13, 4, 33, 16, 30, 2, 12, 20]}, {"capacity": 273, "impossibleCargos": [0, 1, 4, 5, 6, 8, 9, 11, 13, 15, 16, 18, 20, 22, 24], "neighbors": [6, 8, 1, 28, 21, 27, 14, 10, 3, 5, 0, 30, 4, 34, 17, 18, 11, 19, 25, 2, 12, 23, 24, 15, 32, 26, 20, 33]}, {"capacity": 253, "impossibleCargos": [3, 5, 8, 10, 11, 12, 14, 15, 17, 18, 20, 23], "neighbors": [18, 19, 32, 12, 34, 5, 27, 25, 23, 33, 31, 7, 17, 9, 1, 29, 11, 8, 14, 3, 4, 24, 26, 15, 16, 13, 20, 22, 6, 0, 30]}, {"capacity": 242, "impossibleCargos": [0, 1, 2, 6, 7, 12, 13, 14, 18, 19, 22, 24], "neighbors": [33, 26, 8, 4, 30, 17, 2, 13, 29, 21, 1, 18, 10, 24, 27, 34, 15, 16, 3, 19, 5, 31, 6, 9, 25, 0, 28, 32, 14, 12]}, {"capacity": 288, "impossibleCargos": [2, 3, 9, 10, 12, 13, 15, 16, 17, 19, 21, 23], "neighbors": [7, 30, 22, 32, 10, 31, 25, 14, 20, 34, 5, 15, 3, 0, 17, 13, 2, 9, 19, 21, 8, 16, 28, 24, 11]}, {"capacity": 292, "impossibleCargos": [0, 1, 4, 5, 6, 7, 9, 10, 12, 13, 14, 15, 16, 17, 22, 23], "neighbors": [17, 2, 21, 30, 15, 7, 32, 28, 6, 34, 11, 23, 18, 1, 24, 8, 3, 31, 12, 25, 26, 33, 16, 10, 0, 22]}, {"capacity": 210, "impossibleCargos": [0, 1, 2, 3, 5, 6, 7, 13, 15, 16, 17, 18, 21], "neighbors": [21, 20, 19, 17, 15, 27, 12, 25, 3, 30, 22, 7, 31, 9, 5, 34, 18, 10, 16, 33, 32, 2, 26, 28, 11, 4]}, {"capacity": 229, "impossibleCargos": [0, 3, 4, 5, 8, 9, 13, 16, 17, 18, 20, 21, 23], "neighbors": [31, 34, 29, 13, 14, 25, 12, 20, 4, 3, 11, 26, 23, 1, 21, 33, 5, 10, 22, 16, 32, 30, 9, 19]}, {"capacity": 268, "impossibleCargos": [1, 4, 6, 7, 12, 15, 16, 17, 18, 19, 20, 23], "neighbors": [30, 5, 4, 17, 34, 2, 33, 20, 7, 32, 14, 29, 18, 11, 23, 6, 10, 22, 1, 21, 13, 8, 15, 3, 0, 31, 25, 12]}, {"capacity": 223, "impossibleCargos": [2, 3, 4, 6, 10, 11, 13, 14, 15, 17, 18, 20, 22, 24], "neighbors": [13, 30, 25, 14, 0, 16, 20, 32, 27, 11, 10, 5, 21, 26, 8, 34, 12, 29, 1, 9, 18, 28, 24, 22, 4, 7]}, {"capacity": 270, "impossibleCargos": [0, 6, 8, 12, 13, 14, 15, 17, 18, 20, 21, 23], "neighbors": [10, 8, 24, 21, 29, 5, 0, 20, 32, 30, 6, 25, 11, 14, 13, 26, 34, 28, 2, 16, 27, 17, 9, 3]}, {"capacity": 235, "impossibleCargos": [1, 2, 3, 4, 6, 8, 10, 11, 14, 17, 19, 21, 22], "neighbors": [1, 27, 14, 24, 10, 31, 25, 4, 34, 22, 8, 30, 28, 26, 6, 2, 11, 5, 33, 23, 9, 12, 3, 15]}, {"capacity": 209, "impossibleCargos": [0, 1, 2, 3, 4, 5, 9, 10, 13, 15, 16, 17, 18, 19], "neighbors": [30, 14, 31, 6, 27, 17, 12, 5, 18, 7, 32, 28, 15, 16, 26, 29, 2, 25, 33, 24, 10, 21, 22, 23, 9, 8]}, {"capacity": 221, "impossibleCargos": [2, 3, 4, 5, 7, 8, 10, 11, 13, 14, 15, 18, 19, 20, 22, 23], "neighbors": [14, 13, 24, 18, 5, 26, 9, 0, 34, 8, 27, 11, 32, 22, 17, 15, 28, 3, 2, 16, 20, 29, 12, 7, 31]}, {"capacity": 261, "impossibleCargos": [0, 1, 8, 9, 12, 15, 19, 20], "neighbors": [6, 12, 14, 24, 19, 27, 32, 21, 31, 7, 4, 25, 0, 23, 15, 16, 26, 17, 33, 1, 10, 5, 20, 13]}, {"capacity": 202, "impossibleCargos": [0, 1, 3, 5, 7, 8, 10, 11, 15, 17, 19, 21, 22, 23], "neighbors": [8, 26, 6, 27, 25, 5, 32, 10, 4, 29, 0, 31, 13, 3, 15, 16, 34, 7, 22, 19, 9, 2, 33, 20, 1]}, {"capacity": 289, "impossibleCargos": [0, 2, 3, 6, 10, 11, 12, 16, 18, 19, 20, 23, 24], "neighbors": [7, 34, 19, 18, 21, 27, 31, 2, 22, 0, 33, 11, 13, 26, 10, 20, 4, 17, 29, 9, 28, 12]}, {"capacity": 272, "impossibleCargos": [0, 3, 4, 5, 6, 9, 10, 18, 21, 24], "neighbors": [17, 29, 0, 4, 27, 12, 28, 33, 14, 19, 23, 26, 10, 32, 15, 8, 18, 34, 22, 20, 3, 13, 5, 9, 11, 1, 16, 7, 2]}, {"capacity": 259, "impossibleCargos": [1, 5, 6, 9, 10, 12, 16, 18, 20, 21, 23], "neighbors": [6, 23, 11, 21, 25, 8, 7, 3, 30, 1, 18, 17, 19, 20, 15, 24, 10, 27, 13, 22, 14, 4, 29, 34, 0, 9]}, {"capacity": 216, "impossibleCargos": [4, 6, 7, 10, 12, 13, 16, 17, 21, 22, 23], "neighbors": [19, 5, 30, 20, 25, 14, 23, 24, 10, 0, 32, 9, 22, 17, 7, 21, 2, 34, 11, 28, 18, 6, 31, 26, 33]}, {"capacity": 278, "impossibleCargos": [0, 3, 4, 5, 7, 8, 9, 12, 13, 17, 20, 21, 22, 24], "neighbors": [33, 34, 0, 25, 3, 9, 13, 6, 20, 31, 32, 19, 29, 18, 27, 2, 21, 30, 17, 4, 11, 14, 7, 24, 12]}, {"capacity": 264, "impossibleCargos": [4, 5, 6, 7, 9, 12, 14, 15, 16, 19, 21, 22, 23], "neighbors": [6, 25, 15, 18, 4, 33, 3, 23, 11, 10, 2, 28, 20, 16, 17, 0, 1, 26, 24, 21, 7]}, {"capacity": 297, "impossibleCargos": [2, 3, 4, 5, 6, 10, 12, 13, 19, 23], "neighbors": [20, 17, 16, 13, 12, 27, 3, 33, 11, 14, 19, 18, 26, 0, 9, 34, 4, 28, 8, 15, 6, 31, 2, 1, 10]}, {"capacity": 300, "impossibleCargos": [1, 3, 6, 8, 10, 12, 14, 16, 18, 20, 21, 24], "neighbors": [15, 20, 7, 12, 19, 34, 24, 32, 2, 10, 14, 28, 3, 23, 4, 8, 22, 13, 11, 27, 5, 0, 30, 16, 21, 6]}, {"capacity": 291, "impossibleCargos": [0, 1, 2, 4, 6, 8, 10, 12, 13, 18, 20, 22, 23, 24], "neighbors": [4, 10, 12, 1, 13, 3, 23, 31, 25, 8, 27, 17, 5, 20, 18, 0, 28, 21, 22, 16, 14, 6, 15, 11, 9, 34]}, {"capacity": 285, "impossibleCargos": [0, 1, 3, 4, 5, 6, 9, 10, 11, 13, 14, 16, 18, 19, 20, 21, 22, 23, 24], "neighbors": [3, 11, 28, 25, 29, 30, 6, 0, 10, 1, 16, 24, 34, 14, 15, 20, 8, 19, 5, 27, 13, 22, 23, 9]}, {"capacity": 262, "impossibleCargos": [0, 4, 5, 6, 10, 13, 15, 16, 20, 21, 23, 24], "neighbors": [15, 24, 0, 28, 16, 10, 31, 6, 12, 19, 13, 21, 14, 30, 27, 25, 18, 9, 11, 17, 33, 4, 7, 23, 2, 3, 1, 26, 32]}]}