{"volumes": [376, 0, 271, 459, 120, 241, 0, 238, 0, 0, 0, 262, 175, 242, 178, 431, 347, 565, 370, 325, 204, 454, 153, 609, 355], "conflicts": [[0, 1], [0, 3], [0, 5], [0, 6], [0, 7], [0, 8], [0, 9], [0, 10], [0, 16], [0, 22], [1, 2], [1, 3], [1, 4], [1, 5], [1, 6], [1, 7], [1, 8], [1, 9], [1, 10], [1, 11], [1, 12], [1, 13], [1, 15], [1, 16], [1, 17], [1, 20], [1, 21], [1, 22], [1, 24], [2, 7], [2, 8], [2, 9], [2, 13], [2, 17], [2, 18], [2, 22], [2, 23], [3, 6], [3, 9], [3, 10], [3, 11], [3, 15], [3, 23], [4, 6], [4, 7], [4, 8], [4, 9], [4, 12], [4, 13], [4, 14], [4, 16], [4, 17], [4, 18], [4, 20], [4, 21], [4, 22], [4, 24], [5, 6], [5, 8], [5, 9], [5, 10], [5, 11], [5, 12], [5, 14], [5, 16], [5, 17], [5, 19], [5, 20], [5, 22], [6, 7], [6, 9], [6, 11], [6, 12], [6, 13], [6, 14], [6, 15], [6, 16], [6, 17], [6, 18], [6, 19], [6, 20], [6, 21], [6, 22], [6, 23], [6, 24], [7, 8], [7, 9], [7, 10], [7, 12], [7, 14], [7, 18], [7, 20], [7, 21], [7, 22], [7, 24], [8, 9], [8, 11], [8, 13], [8, 14], [8, 15], [8, 17], [8, 18], [8, 20], [8, 21], [8, 23], [8, 24], [9, 10], [9, 12], [9, 13], [9, 14], [9, 15], [9, 16], [9, 17], [9, 19], [9, 22], [9, 24], [10, 11], [10, 12], [10, 13], [10, 14], [10, 16], [10, 17], [10, 18], [10, 19], [10, 20], [10, 21], [10, 22], [10, 23], [10, 24], [11, 12], [11, 15], [11, 17], [11, 22], [12, 13], [12, 14], [12, 18], [12, 20], [12, 21], [12, 23], [13, 15], [13, 17], [13, 18], [13, 20], [13, 21], [13, 22], [14, 16], [14, 20], [14, 21], [14, 22], [15, 23], [16, 18], [16, 19], [16, 20], [16, 24], [17, 18], [17, 22], [18, 20], [18, 22], [20, 21], [21, 24]], "tanks": [{"capacity": 286, "impossibleCargos": [4, 8, 9, 11, 13, 15, 17, 18, 20, 21, 22, 23, 24], "neighbors": [33, 30, 26, 15, 19, 3, 28, 6, 14, 18]}, {"capacity": 292, "impossibleCargos": [4, 5, 10, 16, 24], "neighbors": [13, 29, 6, 24, 23, 32, 28, 20]}, {"capacity": 279, "impossibleCargos": [1, 5, 7, 8, 12, 13, 15, 19, 21, 24], "neighbors": [8, 12, 11, 14, 30, 26, 19, 15]}, {"capacity": 228, "impossibleCargos": [2, 15, 23], "neighbors": [15, 34, 7, 21, 12, 31, 32, 0, 27]}, {"capacity": 222, "impossibleCargos": [0, 1, 4, 17, 21], "neighbors": [7, 11, 14, 32, 25, 21, 22, 6]}, {"capacity": 230, "impossibleCargos": [1, 4, 5, 14, 18], "neighbors": [15, 32, 23, 14, 10, 16, 25]}, {"capacity": 213, "impossibleCargos": [0, 1, 3, 4, 6, 10, 13, 17], "neighbors": [9, 1, 20, 21, 27, 24, 0, 4, 28, 11]}, {"capacity": 218, "impossibleCargos": [1, 5, 10, 13, 17, 19, 20, 23, 24], "neighbors": [3, 4, 21, 34, 33, 25, 18, 26]}, {"capacity": 284, "impossibleCargos": [0, 3, 6, 9, 10, 11, 21], "neighbors": [2, 18, 10, 11, 12, 26, 28, 20, 25, 34]}, {"capacity": 217, "impossibleCargos": [5, 11, 14, 18, 19, 21, 23], "neighbors": [6, 20, 33, 19, 16, 25, 30, 34, 31, 13]}, {"capacity": 289, "impossibleCargos": [0, 3], "neighbors": [14, 18, 8, 5, 11, 20, 25, 21]}, {"capacity": 273, "impossibleCargos": [4, 5, 10, 17, 18, 22, 23, 24], "neighbors": [4, 2, 22, 17, 8, 10, 18, 6]}, {"capacity": 294, "impossibleCargos": [13, 16, 20, 22], "neighbors": [23, 2, 19, 3, 27, 21, 8, 15, 30, 31]}, {"capacity": 201, "impossibleCargos": [3, 6, 10, 11, 14, 21], "neighbors": [34, 1, 14, 16, 30, 25, 9]}, {"capacity": 233, "impossibleCargos": [2, 4, 5, 7, 8, 19, 20], "neighbors": [10, 13, 2, 4, 30, 5, 19, 33, 27, 0]}, {"capacity": 206, "impossibleCargos": [4, 6, 7, 10, 15, 16, 18], "neighbors": [5, 3, 26, 24, 19, 0, 12, 27, 2]}, {"capacity": 200, "impossibleCargos": [2, 5, 6, 12, 16, 18, 19, 21], "neighbors": [32, 13, 26, 25, 9, 5, 23]}, {"capacity": 295, "impossibleCargos": [3, 5, 7, 19, 22], "neighbors": [30, 29, 11, 22]}, {"capacity": 279, "impossibleCargos": [6, 7, 8, 9, 19, 20], "neighbors": [30, 10, 8, 26, 27, 33, 7, 11, 0]}, {"capacity": 289, "impossibleCargos": [1, 3, 5], "neighbors": [12, 15, 9, 2, 14, 0, 20]}, {"capacity": 261, "impossibleCargos": [6, 7, 8, 10, 14, 21, 22, 23, 24], "neighbors": [21, 26, 9, 6, 10, 1, 8, 19]}, {"capacity": 216, "impossibleCargos": [0, 1, 4, 8, 20, 22, 24], "neighbors": [20, 24, 22, 3, 7, 30, 12, 6, 4, 26, 10]}, {"capacity": 277, "impossibleCargos": [9, 11, 19, 20, 22], "neighbors": [23, 21, 11, 30, 17, 4, 31, 26]}, {"capacity": 293, "impossibleCargos": [3, 4, 8, 16, 17, 22], "neighbors": [22, 12, 25, 5, 1, 26, 33, 16]}, {"capacity": 232, "impossibleCargos": [8, 17], "neighbors": [21, 15, 1, 27, 6, 31]}, {"capacity": 275, "impossibleCargos": [3, 4, 7, 13, 19, 20], "neighbors": [32, 16, 23, 9, 4, 30, 7, 8, 10, 13, 5]}, {"capacity": 205, "impossibleCargos": [1, 8, 18], "neighbors": [15, 20, 16, 0, 18, 30, 2, 23, 8, 21, 33, 22, 7]}, {"capacity": 229, "impossibleCargos": [6, 11, 12, 14, 15, 17, 24], "neighbors": [12, 18, 24, 6, 14, 33, 15, 30, 3]}, {"capacity": 229, "impossibleCargos": [1, 3, 15, 23], "neighbors": [33, 1, 0, 8, 6]}, {"capacity": 206, "impossibleCargos": [9, 16, 24], "neighbors": [1, 33, 32, 17]}, {"capacity": 240, "impossibleCargos": [0, 1, 4, 5, 6, 9, 11, 14, 18], "neighbors": [18, 0, 17, 21, 32, 26, 13, 14, 2, 22, 9, 25, 12, 27]}, {"capacity": 222, "impossibleCargos": [7, 10, 11, 13, 18], "neighbors": [32, 3, 9, 24, 12, 22]}, {"capacity": 240, "impossibleCargos": [2, 6, 16], "neighbors": [16, 25, 29, 5, 30, 31, 4, 1, 3]}, {"capacity": 284, "impossibleCargos": [8, 22, 24], "neighbors": [0, 29, 9, 28, 18, 23, 14, 7, 27, 34, 26]}, {"capacity": 204, "impossibleCargos": [0, 8, 21], "neighbors": [13, 3, 7, 9, 33, 8]}]}