{"volumes": [207, 0, 328, 154, 0, 248, 669, 190, 705, 585, 0, 199, 259, 334, 0, 375, 0, 0, 333, 177, 434, 656, 174, 261, 361], "conflicts": [[0, 2], [0, 4], [0, 12], [0, 14], [0, 15], [0, 16], [0, 17], [0, 18], [0, 21], [0, 24], [1, 2], [1, 3], [1, 4], [1, 5], [1, 6], [1, 7], [1, 8], [1, 9], [1, 10], [1, 11], [1, 12], [1, 13], [1, 14], [1, 15], [1, 17], [1, 19], [1, 20], [1, 21], [1, 22], [1, 23], [1, 24], [2, 4], [2, 5], [2, 14], [2, 16], [2, 17], [2, 23], [2, 24], [3, 5], [3, 9], [3, 10], [3, 11], [3, 12], [3, 13], [3, 17], [3, 18], [3, 20], [3, 23], [3, 24], [4, 6], [4, 7], [4, 8], [4, 9], [4, 10], [4, 11], [4, 12], [4, 13], [4, 16], [4, 17], [4, 18], [4, 19], [4, 20], [4, 21], [4, 22], [4, 23], [4, 24], [5, 6], [5, 10], [5, 12], [5, 13], [5, 14], [5, 15], [5, 16], [5, 18], [5, 19], [5, 20], [5, 22], [5, 24], [6, 10], [6, 14], [6, 23], [7, 9], [7, 11], [7, 14], [7, 16], [7, 17], [7, 18], [7, 19], [7, 21], [7, 22], [7, 23], [8, 12], [8, 13], [8, 14], [8, 17], [8, 18], [9, 10], [9, 12], [9, 16], [9, 17], [9, 19], [9, 21], [10, 11], [10, 13], [10, 14], [10, 16], [10, 18], [10, 20], [10, 21], [10, 22], [10, 23], [10, 24], [11, 12], [11, 14], [11, 16], [11, 17], [11, 23], [11, 24], [12, 14], [12, 15], [12, 17], [12, 19], [12, 20], [12, 21], [12, 22], [12, 24], [13, 14], [13, 20], [13, 22], [14, 15], [14, 18], [14, 20], [14, 24], [15, 22], [16, 18], [16, 20], [16, 22], [16, 23], [16, 24], [17, 18], [17, 20], [17, 21], [17, 22], [17, 23], [17, 24], [18, 23], [18, 24], [19, 22], [20, 21]], "tanks": [{"capacity": 228, "impossibleCargos": [2, 4, 6, 7, 9, 18, 21], "neighbors": [31, 2, 32, 9, 20, 18, 12, 28, 27]}, {"capacity": 291, "impossibleCargos": [0, 1, 5, 9, 11, 17, 19, 20, 22, 24], "neighbors": [34, 33, 28, 26, 21, 7]}, {"capacity": 272, "impossibleCargos": [0, 3, 11, 22], "neighbors": [0, 22, 14, 6, 11, 33]}, {"capacity": 295, "impossibleCargos": [0, 1, 2, 6, 11, 17, 21, 24], "neighbors": [30, 27, 34, 13, 29, 10, 24, 22]}, {"capacity": 224, "impossibleCargos": [1, 3, 4, 7, 15], "neighbors": [10, 30, 19, 12, 33, 7, 27, 6, 26]}, {"capacity": 201, "impossibleCargos": [1, 5, 10, 14, 15, 21], "neighbors": [33, 34, 31, 19, 11, 21, 14, 18, 12, 7, 6, 9]}, {"capacity": 281, "impossibleCargos": [7, 10, 11, 14, 17, 23], "neighbors": [27, 10, 12, 11, 26, 8, 2, 5, 4]}, {"capacity": 223, "impossibleCargos": [1, 7, 9, 11, 14], "neighbors": [32, 9, 26, 4, 13, 5, 1]}, {"capacity": 270, "impossibleCargos": [1, 3, 10, 18, 22, 23], "neighbors": [26, 19, 27, 18, 23, 28, 11, 6]}, {"capacity": 276, "impossibleCargos": [1, 21], "neighbors": [29, 7, 13, 0, 14, 23, 24, 34, 5]}, {"capacity": 270, "impossibleCargos": [0, 3, 11, 12, 14, 19, 23], "neighbors": [6, 15, 22, 16, 30, 4, 3, 33, 20, 31]}, {"capacity": 213, "impossibleCargos": [3, 7, 8, 16, 18, 19, 24], "neighbors": [33, 22, 25, 8, 6, 13, 5, 30, 2, 34]}, {"capacity": 264, "impossibleCargos": [3, 6, 11, 14, 15, 18, 20, 24], "neighbors": [33, 6, 26, 4, 21, 0, 5, 30, 31]}, {"capacity": 288, "impossibleCargos": [0, 1, 6, 8, 9], "neighbors": [9, 3, 11, 7, 30, 34, 14]}, {"capacity": 208, "impossibleCargos": [0, 5, 10, 15, 16, 21], "neighbors": [30, 22, 27, 26, 2, 15, 9, 5, 13]}, {"capacity": 227, "impossibleCargos": [3, 6, 14, 23], "neighbors": [10, 20, 16, 22, 32, 30, 14, 33, 29, 34]}, {"capacity": 269, "impossibleCargos": [7, 8, 14, 19], "neighbors": [27, 29, 10, 34, 21, 15, 25]}, {"capacity": 231, "impossibleCargos": [5, 12, 16, 23], "neighbors": [25, 27, 32, 22, 33, 21, 19]}, {"capacity": 293, "impossibleCargos": [5, 8, 9, 14, 20], "neighbors": [24, 30, 8, 26, 31, 0, 20, 5, 29]}, {"capacity": 220, "impossibleCargos": [0, 4, 10, 13, 14, 17, 18, 19], "neighbors": [33, 8, 27, 5, 4, 34, 17]}, {"capacity": 217, "impossibleCargos": [5, 9, 10, 11, 16, 17, 21, 23], "neighbors": [24, 15, 0, 25, 18, 10, 21, 26, 29]}, {"capacity": 294, "impossibleCargos": [7, 8, 11, 12, 16, 23, 24], "neighbors": [23, 16, 27, 5, 12, 20, 17, 1]}, {"capacity": 265, "impossibleCargos": [3, 4, 8, 13, 17, 19, 20, 22, 23], "neighbors": [28, 10, 11, 27, 2, 15, 14, 17, 3]}, {"capacity": 224, "impossibleCargos": [16, 17, 19, 21], "neighbors": [21, 8, 9, 30, 24]}, {"capacity": 203, "impossibleCargos": [9, 11, 14, 15, 16, 18, 20], "neighbors": [18, 20, 32, 23, 9, 3]}, {"capacity": 278, "impossibleCargos": [0, 2, 4, 7, 13, 14, 19, 21], "neighbors": [11, 17, 20, 16]}, {"capacity": 211, "impossibleCargos": [4, 19, 20, 21, 22, 23], "neighbors": [33, 8, 12, 18, 7, 1, 6, 14, 20, 31, 4]}, {"capacity": 242, "impossibleCargos": [5, 7, 19, 20, 21, 23], "neighbors": [6, 16, 8, 22, 19, 17, 21, 3, 30, 14, 4, 29, 0]}, {"capacity": 261, "impossibleCargos": [0, 1, 3, 7, 10, 12], "neighbors": [22, 8, 1, 29, 31, 0]}, {"capacity": 240, "impossibleCargos": [0, 3, 8, 10, 14, 20], "neighbors": [9, 16, 28, 3, 27, 15, 20, 18]}, {"capacity": 249, "impossibleCargos": [5, 10, 15, 17, 18], "neighbors": [18, 10, 3, 14, 34, 4, 27, 11, 15, 23, 13, 12]}, {"capacity": 286, "impossibleCargos": [0, 5, 9, 20, 24], "neighbors": [0, 32, 5, 18, 28, 10, 12, 26]}, {"capacity": 237, "impossibleCargos": [7, 11, 12], "neighbors": [7, 31, 33, 0, 17, 15, 24]}, {"capacity": 276, "impossibleCargos": [0, 4, 9, 10, 16, 22, 23], "neighbors": [26, 11, 12, 19, 5, 1, 32, 4, 10, 17, 15, 2]}, {"capacity": 280, "impossibleCargos": [0, 1, 4, 11, 15, 21, 22], "neighbors": [1, 16, 5, 30, 3, 19, 9, 13, 15, 11]}]}