{"volumes": [0, 409, 157, 438, 0, 105, 529, 650, 0, 0, 173, 158, 452, 243, 140, 464, 546, 0, 0, 417, 403, 384, 189, 0, 453], "conflicts": [[0, 2], [0, 5], [0, 15], [0, 17], [0, 21], [2, 3], [2, 4], [2, 6], [2, 9], [2, 12], [2, 22], [2, 24], [4, 10], [4, 11], [4, 12], [4, 17], [4, 19], [4, 24], [5, 7], [5, 8], [5, 9], [5, 13], [5, 22], [6, 8], [6, 14], [7, 17], [8, 10], [8, 12], [8, 15], [9, 13], [9, 15], [9, 20], [9, 23], [10, 15], [10, 17], [11, 20], [12, 13], [13, 15], [13, 20], [13, 23], [14, 16], [14, 22], [15, 18], [16, 18], [17, 18], [17, 22], [19, 23]], "tanks": [{"capacity": 274, "impossibleCargos": [0, 2, 5, 6, 7, 8, 10, 13, 14, 16, 18, 19, 21, 23], "neighbors": [14, 24, 12, 9, 34, 1, 5, 29, 26, 31]}, {"capacity": 242, "impossibleCargos": [5, 6, 11, 12, 15, 17, 19, 20, 24], "neighbors": [22, 13, 23, 25, 5, 11, 27, 0, 6]}, {"capacity": 234, "impossibleCargos": [0, 3, 4, 5, 9, 12, 13, 16, 18, 19, 23, 24], "neighbors": [34, 8, 28, 20, 22, 27, 25, 14]}, {"capacity": 230, "impossibleCargos": [5, 7, 8, 9, 12, 14, 15, 16, 20, 21, 22], "neighbors": [27, 5, 28, 15, 13, 34, 6, 20, 10]}, {"capacity": 247, "impossibleCargos": [4, 7, 8, 10, 11, 16, 18, 19, 21, 22, 24], "neighbors": [26, 23, 20, 9, 29, 5, 25, 10, 6, 11, 30]}, {"capacity": 220, "impossibleCargos": [1, 5, 6, 7, 10, 11, 12, 14, 15, 16, 19, 20, 21, 22, 23], "neighbors": [10, 3, 4, 31, 1, 0, 17, 30, 21]}, {"capacity": 203, "impossibleCargos": [0, 1, 2, 5, 6, 8, 9, 12, 13, 14, 15, 18, 20, 24], "neighbors": [26, 30, 11, 27, 3, 4, 24, 29, 1, 22]}, {"capacity": 246, "impossibleCargos": [0, 2, 7, 11, 13, 16, 17, 18, 19, 21, 23], "neighbors": [14, 21, 8, 23, 18, 13, 15]}, {"capacity": 263, "impossibleCargos": [1, 3, 5, 6, 7, 8, 14, 18, 20, 22, 23, 24], "neighbors": [12, 19, 11, 2, 7, 17]}, {"capacity": 251, "impossibleCargos": [0, 3, 5, 6, 8, 9, 10, 11, 13, 14, 17, 19, 20, 22, 24], "neighbors": [18, 17, 23, 32, 29, 16, 4, 0, 20, 19, 22, 34, 21]}, {"capacity": 290, "impossibleCargos": [1, 10, 11, 13, 14, 16, 17, 18, 19, 21, 22, 23, 24], "neighbors": [5, 30, 19, 21, 23, 33, 22, 31, 4, 3, 28]}, {"capacity": 238, "impossibleCargos": [4, 7, 9, 11, 14, 16, 17, 18, 19, 20, 21, 23, 24], "neighbors": [27, 8, 6, 1, 4]}, {"capacity": 269, "impossibleCargos": [0, 3, 4, 10, 11, 17, 18, 21], "neighbors": [8, 0, 34, 18, 25, 22]}, {"capacity": 268, "impossibleCargos": [3, 7, 8, 10, 11, 15, 16, 20, 22, 23, 24], "neighbors": [32, 3, 1, 7, 24, 30, 25]}, {"capacity": 299, "impossibleCargos": [2, 5, 6, 8, 9, 12, 16, 17, 18, 19, 21], "neighbors": [0, 28, 7, 19, 25, 20, 29, 23, 26, 2]}, {"capacity": 226, "impossibleCargos": [0, 1, 2, 4, 6, 7, 8, 9, 10, 12, 14, 16, 17, 21, 24], "neighbors": [19, 3, 32, 33, 7, 27]}, {"capacity": 245, "impossibleCargos": [1, 3, 4, 5, 6, 10, 12, 14, 16, 21], "neighbors": [33, 34, 9, 22]}, {"capacity": 217, "impossibleCargos": [0, 4, 5, 9, 10, 11, 13, 15, 17, 21, 22], "neighbors": [30, 9, 8, 24, 18, 5]}, {"capacity": 236, "impossibleCargos": [0, 1, 4, 5, 7, 10, 11, 12, 16, 18, 19, 20, 22, 24], "neighbors": [30, 9, 22, 12, 19, 7, 17]}, {"capacity": 209, "impossibleCargos": [0, 3, 7, 9, 11, 12, 13, 14, 15, 17, 20, 22, 23, 24], "neighbors": [8, 14, 10, 15, 18, 28, 25, 9]}, {"capacity": 287, "impossibleCargos": [3, 5, 9, 11, 13, 14, 17, 18, 19, 20, 21, 22, 23], "neighbors": [23, 4, 27, 34, 2, 3, 24, 9, 14]}, {"capacity": 249, "impossibleCargos": [4, 8, 10, 11, 12, 13, 15, 16, 17, 20, 21, 22, 23], "neighbors": [27, 7, 29, 25, 10, 24, 9, 5]}, {"capacity": 270, "impossibleCargos": [0, 1, 2, 3, 4, 5, 7, 9, 10, 11, 14, 16, 17, 18, 19, 20, 21, 23], "neighbors": [24, 29, 1, 18, 2, 10, 25, 12, 16, 9, 6]}, {"capacity": 271, "impossibleCargos": [0, 1, 4, 6, 7, 8, 9, 10, 12, 16, 17, 22], "neighbors": [20, 4, 9, 34, 24, 1, 10, 7, 14, 26]}, {"capacity": 264, "impossibleCargos": [1, 4, 5, 7, 8, 10, 12, 13, 14, 18, 20, 21, 24], "neighbors": [22, 0, 23, 31, 34, 17, 21, 20, 6, 13]}, {"capacity": 219, "impossibleCargos": [0, 3, 4, 5, 8, 9, 10, 11, 14, 15, 18, 19, 23, 24], "neighbors": [32, 21, 4, 14, 22, 1, 12, 19, 2, 13]}, {"capacity": 266, "impossibleCargos": [1, 5, 6, 11, 14, 15, 16, 17, 19, 21, 22, 24], "neighbors": [30, 4, 6, 28, 0, 14, 23]}, {"capacity": 269, "impossibleCargos": [0, 1, 2, 3, 6, 8, 9, 10, 11, 18, 20, 21, 23], "neighbors": [3, 29, 11, 21, 20, 6, 28, 33, 1, 34, 2, 15]}, {"capacity": 253, "impossibleCargos": [2, 3, 4, 5, 6, 7, 9, 10, 12, 14, 15, 16, 18, 19, 20, 21, 23, 24], "neighbors": [14, 2, 3, 19, 27, 26, 30, 10]}, {"capacity": 226, "impossibleCargos": [2, 4, 6, 8, 9, 13, 14, 15, 17, 19, 22, 23], "neighbors": [22, 27, 21, 9, 4, 33, 0, 14, 6]}, {"capacity": 239, "impossibleCargos": [2, 3, 4, 11, 12, 13, 15, 16, 17, 18, 19, 21, 23, 24], "neighbors": [26, 17, 18, 10, 6, 33, 13, 5, 28, 4]}, {"capacity": 283, "impossibleCargos": [3, 6, 9, 10, 12, 13, 15, 17, 18, 21, 23, 24], "neighbors": [34, 24, 10, 5, 0]}, {"capacity": 203, "impossibleCargos": [2, 3, 8, 12, 13, 15, 16, 17, 18, 20, 21, 22], "neighbors": [25, 9, 33, 13, 15, 34]}, {"capacity": 273, "impossibleCargos": [0, 2, 4, 5, 7, 12, 13, 15, 16, 17, 18, 20, 22, 24], "neighbors": [16, 32, 30, 10, 29, 15, 27]}, {"capacity": 259, "impossibleCargos": [2, 4, 5, 6, 10, 11, 12, 13, 14, 19, 20, 21, 22, 23, 24], "neighbors": [2, 16, 23, 31, 12, 20, 3, 0, 24, 32, 27, 9]}]}