{"volumes": [0, 727, 385, 0, 506, 227, 0, 324, 360, 453, 112, 249, 0, 439, 0, 253, 187, 480, 0, 711, 345, 191, 0, 0, 219], "conflicts": [[0, 1], [0, 3], [0, 6], [0, 7], [0, 10], [0, 11], [0, 15], [0, 22], [0, 23], [1, 3], [1, 6], [1, 15], [1, 22], [1, 23], [2, 3], [2, 7], [2, 12], [2, 14], [2, 20], [2, 22], [3, 5], [3, 7], [3, 8], [3, 9], [3, 10], [3, 13], [3, 15], [3, 18], [3, 24], [4, 14], [5, 7], [5, 12], [5, 15], [5, 22], [5, 23], [6, 8], [6, 10], [6, 11], [6, 13], [6, 14], [6, 15], [6, 16], [6, 18], [6, 19], [6, 20], [6, 22], [6, 23], [7, 11], [7, 14], [7, 16], [7, 18], [8, 12], [8, 15], [8, 16], [8, 18], [8, 20], [9, 22], [9, 23], [10, 12], [10, 17], [10, 18], [10, 21], [10, 23], [11, 12], [11, 18], [11, 22], [11, 23], [11, 24], [12, 13], [12, 15], [12, 19], [12, 20], [12, 21], [12, 22], [12, 23], [13, 14], [13, 17], [13, 18], [13, 23], [14, 17], [14, 18], [14, 20], [14, 21], [14, 24], [15, 16], [15, 22], [15, 23], [15, 24], [17, 24], [18, 21], [18, 22], [18, 23], [18, 24], [20, 21], [22, 24], [23, 24]], "tanks": [{"capacity": 228, "impossibleCargos": [0, 1, 2, 8, 10, 12, 13, 15, 19], "neighbors": [6, 24, 30, 1, 3, 34, 17]}, {"capacity": 200, "impossibleCargos": [3, 4, 7, 8, 11, 12, 15, 16, 17, 19, 20, 21, 22, 23, 24], "neighbors": [3, 33, 0, 7, 6, 8]}, {"capacity": 293, "impossibleCargos": [0, 2, 7, 8, 9, 13, 18, 21, 22, 23, 24], "neighbors": [13, 18, 10, 25, 15, 23]}, {"capacity": 266, "impossibleCargos": [0, 1, 5, 8, 9, 12, 14, 15, 16, 17, 19, 20, 21, 22], "neighbors": [5, 16, 1, 29, 6, 0, 11, 18, 9, 8, 34]}, {"capacity": 222, "impossibleCargos": [2, 6, 7, 9, 13, 14, 15, 16, 17, 18, 19, 21, 23], "neighbors": [30, 18, 8, 7, 24, 11, 9]}, {"capacity": 226, "impossibleCargos": [0, 1, 4, 6, 9, 10, 11, 13, 15, 16, 18, 21, 22, 24], "neighbors": [12, 3, 11, 26, 19, 34, 33, 16, 20, 15, 10]}, {"capacity": 243, "impossibleCargos": [0, 1, 3, 4, 11, 17, 20, 22, 24], "neighbors": [0, 24, 3, 15, 1, 10, 29]}, {"capacity": 227, "impossibleCargos": [1, 2, 4, 5, 6, 11, 12, 13, 17, 18, 19, 20, 22, 24], "neighbors": [18, 22, 4, 13, 12, 25, 17, 1, 19, 26]}, {"capacity": 206, "impossibleCargos": [3, 6, 9, 12, 14, 15, 18, 21, 23, 24], "neighbors": [4, 33, 28, 9, 18, 21, 13, 3, 14, 1]}, {"capacity": 291, "impossibleCargos": [3, 5, 7, 9, 10, 13, 14, 17, 18, 19, 21, 23], "neighbors": [22, 8, 28, 13, 21, 3, 30, 4]}, {"capacity": 210, "impossibleCargos": [1, 4, 6, 7, 8, 9, 10, 12, 13, 15, 16, 20, 21, 22, 24], "neighbors": [32, 17, 2, 11, 6, 34, 20, 19, 5]}, {"capacity": 272, "impossibleCargos": [0, 2, 3, 5, 6, 7, 11, 12, 15, 17, 20, 22, 23], "neighbors": [5, 23, 24, 29, 4, 27, 3, 10, 16, 21, 20]}, {"capacity": 236, "impossibleCargos": [0, 2, 3, 5, 12, 14, 19, 21, 22], "neighbors": [5, 16, 29, 15, 7, 23, 18, 24]}, {"capacity": 257, "impossibleCargos": [3, 5, 8, 10, 11, 14, 17, 18, 21, 24], "neighbors": [28, 2, 24, 7, 33, 31, 16, 9, 8, 20]}, {"capacity": 221, "impossibleCargos": [0, 1, 11, 13, 15, 16, 17, 19, 20, 21, 24], "neighbors": [25, 32, 17, 23, 8]}, {"capacity": 274, "impossibleCargos": [3, 4, 6, 7, 8, 9, 13, 16, 21, 22], "neighbors": [23, 12, 16, 34, 6, 26, 18, 5, 30, 2]}, {"capacity": 238, "impossibleCargos": [0, 1, 2, 4, 6, 7, 9, 17, 18, 20, 21], "neighbors": [27, 3, 12, 32, 15, 5, 13, 31, 11, 18]}, {"capacity": 219, "impossibleCargos": [1, 3, 6, 7, 10, 11, 12, 15, 16, 18, 20, 22, 23, 24], "neighbors": [23, 10, 26, 7, 14, 0, 20, 27]}, {"capacity": 218, "impossibleCargos": [4, 5, 6, 7, 9, 12, 14, 15, 17, 18, 20, 21, 22, 23, 24], "neighbors": [4, 2, 7, 34, 8, 21, 12, 3, 31, 15, 19, 16, 32]}, {"capacity": 209, "impossibleCargos": [3, 5, 8, 10, 14, 15, 17, 18, 19, 20, 21, 23, 24], "neighbors": [30, 29, 5, 7, 22, 33, 23, 18, 10]}, {"capacity": 292, "impossibleCargos": [1, 6, 8, 9, 12, 16, 18, 20, 21, 22, 23], "neighbors": [26, 23, 25, 27, 32, 13, 5, 17, 11, 10]}, {"capacity": 242, "impossibleCargos": [0, 4, 6, 7, 10, 13, 18, 24], "neighbors": [32, 18, 8, 9, 30, 11]}, {"capacity": 293, "impossibleCargos": [0, 1, 5, 7, 9, 11, 14, 15, 17, 22, 23], "neighbors": [33, 7, 9, 29, 19, 34]}, {"capacity": 270, "impossibleCargos": [0, 1, 4, 6, 7, 12, 13, 16, 17, 21, 22, 24], "neighbors": [15, 28, 20, 17, 11, 33, 26, 32, 12, 19, 14, 2]}, {"capacity": 214, "impossibleCargos": [0, 1, 5, 7, 10, 11, 12, 14, 16, 23], "neighbors": [0, 28, 13, 32, 11, 6, 33, 4, 12]}, {"capacity": 229, "impossibleCargos": [0, 2, 4, 5, 8, 9, 10, 13, 17, 20, 21, 22], "neighbors": [14, 20, 7, 27, 2, 34]}, {"capacity": 291, "impossibleCargos": [3, 11, 14, 15, 17, 23], "neighbors": [5, 20, 33, 17, 23, 29, 15, 7]}, {"capacity": 279, "impossibleCargos": [3, 7, 9, 11, 12, 13, 14, 15, 17, 20, 21, 24], "neighbors": [16, 20, 11, 31, 25, 17]}, {"capacity": 288, "impossibleCargos": [0, 2, 5, 6, 8, 10, 13, 15, 16, 18, 19, 21, 22, 24], "neighbors": [13, 23, 24, 8, 9, 32, 30, 31]}, {"capacity": 229, "impossibleCargos": [1, 2, 3, 4, 7, 8, 10, 11, 12, 16, 17, 18, 19, 20, 23], "neighbors": [19, 3, 12, 11, 22, 26, 6]}, {"capacity": 200, "impossibleCargos": [3, 4, 8, 9, 12, 20, 21, 22, 24], "neighbors": [4, 19, 0, 21, 28, 15, 9]}, {"capacity": 267, "impossibleCargos": [1, 2, 3, 4, 7, 12, 13, 14, 15, 16, 18, 19, 22, 24], "neighbors": [13, 18, 16, 27, 28]}, {"capacity": 251, "impossibleCargos": [0, 1, 3, 5, 6, 7, 11, 12, 13, 14, 16, 17, 20, 22, 23], "neighbors": [34, 10, 24, 21, 16, 14, 23, 20, 28, 18]}, {"capacity": 278, "impossibleCargos": [3, 4, 5, 6, 7, 9, 11, 15, 17, 19, 20, 22, 23], "neighbors": [22, 34, 8, 26, 13, 5, 1, 23, 24, 19]}, {"capacity": 209, "impossibleCargos": [3, 6, 7, 9, 14, 15, 16, 17, 20, 21], "neighbors": [32, 33, 18, 5, 15, 0, 10, 22, 3, 25]}]}