{"volumes": [167, 0, 152, 0, 0, 140, 501, 462, 581, 572, 361, 190, 0, 0, 0, 145, 143, 284, 306, 458, 382, 520, 227, 295, 462], "conflicts": [[0, 1], [0, 4], [0, 19], [1, 4], [1, 8], [1, 15], [1, 18], [1, 19], [2, 3], [2, 4], [2, 9], [2, 12], [3, 5], [3, 7], [3, 10], [3, 12], [3, 20], [4, 7], [4, 8], [4, 14], [5, 12], [5, 20], [5, 22], [6, 14], [9, 13], [10, 13], [11, 14], [11, 19], [11, 20], [12, 18], [12, 24], [13, 17], [13, 18], [14, 16], [15, 16], [15, 19]], "tanks": [{"capacity": 232, "impossibleCargos": [1, 2, 3, 7, 8, 15, 23, 24], "neighbors": [11, 26, 22, 17, 6, 32, 28, 16, 18, 1, 27, 29, 15, 25, 2, 20, 13, 5, 4, 30, 34, 8]}, {"capacity": 236, "impossibleCargos": [6, 9, 11, 13, 17, 18, 21], "neighbors": [12, 29, 17, 18, 3, 20, 0, 19, 13, 4, 10, 16, 2, 14, 23, 30, 22, 26, 25, 6, 9]}, {"capacity": 212, "impossibleCargos": [3, 5, 12, 13, 15, 19], "neighbors": [28, 8, 27, 24, 25, 29, 21, 22, 34, 1, 5, 14, 0, 10, 15, 9, 13, 11, 19, 33, 12]}, {"capacity": 214, "impossibleCargos": [2, 12, 16, 24], "neighbors": [22, 30, 1, 21, 25, 34, 7, 16, 9, 33, 29]}, {"capacity": 230, "impossibleCargos": [0, 2, 4, 5, 11, 13, 16, 24], "neighbors": [11, 25, 8, 1, 30, 28, 13, 24, 9, 14, 6, 32, 34, 21, 0, 33]}, {"capacity": 266, "impossibleCargos": [1, 13, 19, 23, 24], "neighbors": [27, 20, 19, 11, 32, 31, 28, 8, 2, 16, 6, 34, 12, 0, 7, 23, 10]}, {"capacity": 254, "impossibleCargos": [0, 4, 8, 10, 14, 23], "neighbors": [23, 18, 15, 0, 30, 24, 28, 33, 11, 25, 31, 4, 17, 5, 19, 14, 1, 26, 27]}, {"capacity": 263, "impossibleCargos": [0, 2, 6, 11, 16, 19, 22, 24], "neighbors": [23, 28, 33, 13, 16, 29, 14, 15, 17, 3, 22, 5, 8, 19]}, {"capacity": 239, "impossibleCargos": [8, 11], "neighbors": [20, 33, 2, 30, 4, 13, 24, 5, 26, 17, 10, 25, 27, 23, 0, 7]}, {"capacity": 229, "impossibleCargos": [3, 7, 15, 19, 20, 22], "neighbors": [22, 29, 18, 32, 16, 26, 4, 20, 33, 10, 21, 31, 19, 2, 3, 23, 27, 1, 14]}, {"capacity": 297, "impossibleCargos": [0, 1, 4, 11, 12, 22, 23], "neighbors": [19, 23, 26, 29, 33, 28, 1, 32, 9, 2, 8, 12, 18, 22, 5]}, {"capacity": 211, "impossibleCargos": [3, 4, 5, 9, 10, 15, 20, 21, 23], "neighbors": [15, 26, 4, 0, 20, 5, 31, 12, 14, 6, 18, 28, 34, 2, 25]}, {"capacity": 297, "impossibleCargos": [1, 4, 5, 7, 8, 9, 12, 14, 15, 16, 17], "neighbors": [1, 19, 34, 11, 28, 26, 22, 5, 10, 16, 24, 20, 33, 2]}, {"capacity": 291, "impossibleCargos": [4, 14, 16, 21, 24], "neighbors": [20, 7, 34, 21, 16, 8, 1, 24, 4, 22, 33, 0, 2, 19, 26]}, {"capacity": 200, "impossibleCargos": [0, 3, 6, 20], "neighbors": [34, 23, 17, 20, 11, 7, 28, 4, 32, 2, 1, 27, 6, 9, 29]}, {"capacity": 282, "impossibleCargos": [2, 6, 10, 11, 12, 14, 15, 17, 21, 22, 24], "neighbors": [11, 34, 21, 6, 19, 31, 28, 7, 0, 2, 33, 27, 26, 22, 18, 29, 17]}, {"capacity": 272, "impossibleCargos": [1, 6, 13], "neighbors": [25, 0, 7, 18, 31, 13, 9, 1, 5, 34, 3, 27, 12, 32, 24]}, {"capacity": 263, "impossibleCargos": [3, 10, 11, 16, 18, 20, 23], "neighbors": [0, 1, 30, 25, 14, 23, 7, 18, 6, 8, 26, 33, 15, 28, 32]}, {"capacity": 267, "impossibleCargos": [3, 4, 18, 20], "neighbors": [22, 6, 32, 1, 9, 24, 0, 34, 25, 16, 27, 31, 17, 11, 15, 33, 10]}, {"capacity": 281, "impossibleCargos": [3, 8, 11, 16, 20, 21, 23], "neighbors": [32, 33, 10, 15, 12, 25, 5, 1, 27, 21, 23, 26, 6, 9, 31, 22, 2, 13, 29, 7]}, {"capacity": 210, "impossibleCargos": [2, 10, 11, 14, 22], "neighbors": [28, 8, 11, 13, 5, 1, 14, 26, 33, 24, 32, 9, 0, 29, 12, 21]}, {"capacity": 240, "impossibleCargos": [0, 1, 4, 10, 12, 13, 15, 21, 22, 23], "neighbors": [15, 29, 3, 32, 13, 23, 27, 2, 19, 9, 24, 4, 31, 26, 20]}, {"capacity": 233, "impossibleCargos": [2, 18], "neighbors": [18, 3, 9, 0, 25, 31, 24, 2, 13, 28, 7, 12, 33, 15, 1, 32, 29, 19, 10]}, {"capacity": 212, "impossibleCargos": [2, 3, 4, 13, 17, 20, 24], "neighbors": [6, 7, 29, 10, 14, 21, 17, 31, 32, 19, 1, 28, 25, 30, 9, 5, 8]}, {"capacity": 229, "impossibleCargos": [3, 10, 12, 15, 21, 22], "neighbors": [30, 6, 18, 2, 27, 22, 8, 13, 20, 4, 34, 25, 21, 12, 26, 16]}, {"capacity": 246, "impossibleCargos": [1, 3, 4, 5, 6, 14, 16, 20, 22, 23], "neighbors": [27, 16, 4, 22, 19, 17, 18, 3, 2, 33, 6, 26, 24, 0, 8, 23, 32, 1, 11]}, {"capacity": 243, "impossibleCargos": [1, 2, 3, 4, 16, 21, 24], "neighbors": [11, 10, 0, 34, 20, 9, 25, 12, 8, 32, 19, 29, 17, 15, 1, 21, 24, 6, 13]}, {"capacity": 279, "impossibleCargos": [5, 15, 16, 17, 19, 24], "neighbors": [25, 5, 2, 24, 0, 19, 34, 21, 32, 18, 15, 8, 16, 14, 9, 33, 6]}, {"capacity": 267, "impossibleCargos": [5, 6, 14, 15, 16], "neighbors": [20, 7, 2, 0, 33, 6, 14, 10, 4, 5, 15, 12, 30, 22, 23, 11, 17]}, {"capacity": 262, "impossibleCargos": [0, 1, 4, 12, 23], "neighbors": [1, 23, 9, 21, 34, 7, 33, 10, 2, 0, 26, 20, 15, 22, 19, 31, 3, 14]}, {"capacity": 242, "impossibleCargos": [1, 8, 11, 14, 18], "neighbors": [34, 24, 3, 6, 17, 8, 4, 28, 1, 23, 0]}, {"capacity": 289, "impossibleCargos": [1, 5, 9, 10, 23], "neighbors": [11, 15, 16, 33, 22, 5, 23, 6, 18, 9, 19, 21, 34, 29]}, {"capacity": 255, "impossibleCargos": [5, 7, 9, 11, 14, 16, 20, 24], "neighbors": [33, 19, 18, 0, 21, 5, 34, 9, 27, 20, 23, 26, 14, 10, 4, 22, 25, 16, 17]}, {"capacity": 214, "impossibleCargos": [4, 7, 8, 9, 10, 18, 19, 23], "neighbors": [32, 19, 8, 7, 28, 6, 31, 29, 10, 20, 25, 34, 9, 13, 17, 15, 22, 18, 12, 27, 3, 2, 4]}, {"capacity": 293, "impossibleCargos": [0, 1, 2, 5, 6, 7, 8, 17, 19, 20, 21, 22, 23], "neighbors": [30, 15, 14, 12, 29, 18, 13, 26, 27, 32, 3, 2, 24, 33, 5, 16, 11, 4, 31, 0]}]}