{"volumes": [191, 0, 250, 347, 580, 149, 247, 644, 0, 113, 133, 110, 332, 0, 245, 174, 228, 142, 152, 0, 571, 176, 563, 720, 229], "conflicts": [[0, 5], [0, 11], [0, 13], [0, 19], [0, 24], [1, 5], [1, 7], [1, 9], [1, 13], [1, 15], [1, 17], [1, 18], [1, 20], [1, 22], [1, 23], [2, 5], [2, 12], [2, 13], [2, 17], [2, 23], [3, 13], [3, 17], [3, 19], [4, 13], [4, 18], [4, 19], [4, 24], [6, 8], [6, 9], [7, 8], [7, 13], [8, 9], [8, 12], [8, 14], [8, 16], [8, 18], [9, 16], [10, 11], [10, 13], [10, 14], [10, 18], [10, 19], [11, 19], [11, 22], [12, 17], [12, 19], [12, 21], [13, 14], [13, 16], [13, 18], [13, 19], [13, 23], [13, 24], [15, 21], [15, 24], [16, 19], [16, 21], [16, 24], [17, 19], [18, 19], [21, 24]], "tanks": [{"capacity": 209, "impossibleCargos": [0, 17, 20, 22], "neighbors": [5, 14, 4, 19, 10, 18, 28, 32, 1, 21, 29, 8, 6, 27, 9, 17, 15, 24, 31, 16, 25, 20]}, {"capacity": 291, "impossibleCargos": [0, 3, 6, 22, 23], "neighbors": [10, 0, 2, 29, 11, 28, 24, 20, 34, 8, 5, 4, 31, 21, 13, 16, 14]}, {"capacity": 238, "impossibleCargos": [9, 10, 12, 18, 23], "neighbors": [16, 22, 11, 1, 18, 21, 17, 19, 34, 26, 27, 5, 3, 8, 31, 28, 4]}, {"capacity": 291, "impossibleCargos": [2, 8, 15, 17, 18, 20, 21], "neighbors": [28, 19, 32, 25, 7, 10, 34, 9, 27, 30, 13, 12, 5, 2, 8, 29]}, {"capacity": 289, "impossibleCargos": [6, 12, 14, 16, 17, 18, 21], "neighbors": [23, 0, 13, 34, 29, 8, 16, 9, 17, 33, 6, 27, 1, 24, 14, 2, 18]}, {"capacity": 244, "impossibleCargos": [1, 3, 10, 12, 21, 23], "neighbors": [0, 29, 17, 32, 28, 34, 23, 15, 24, 1, 3, 2, 33, 9, 21, 27]}, {"capacity": 226, "impossibleCargos": [3, 6, 12, 13, 21, 22], "neighbors": [19, 9, 24, 32, 7, 31, 30, 21, 29, 23, 0, 8, 27, 11, 4, 33, 10]}, {"capacity": 201, "impossibleCargos": [5, 15, 18, 20, 21], "neighbors": [29, 25, 6, 34, 14, 13, 21, 20, 17, 3, 33, 12, 11]}, {"capacity": 224, "impossibleCargos": [3, 5, 7, 10, 15, 16], "neighbors": [24, 17, 34, 22, 12, 0, 4, 27, 14, 19, 6, 15, 1, 16, 30, 2, 3, 26, 11]}, {"capacity": 233, "impossibleCargos": [6, 8, 10, 16, 22], "neighbors": [34, 6, 18, 19, 28, 33, 31, 4, 13, 29, 22, 16, 30, 0, 3, 32, 5]}, {"capacity": 242, "impossibleCargos": [5, 7, 10, 11, 12, 20, 23, 24], "neighbors": [1, 31, 0, 28, 32, 23, 25, 24, 16, 3, 14, 29, 27, 6, 22]}, {"capacity": 277, "impossibleCargos": [4, 5, 15, 17, 19], "neighbors": [17, 2, 23, 25, 29, 1, 34, 33, 31, 6, 18, 22, 7, 14, 28, 21, 12, 8]}, {"capacity": 273, "impossibleCargos": [3, 8, 19], "neighbors": [29, 23, 25, 8, 20, 13, 27, 7, 34, 16, 3, 18, 11]}, {"capacity": 225, "impossibleCargos": [0, 1, 13, 15, 16, 18, 19, 24], "neighbors": [15, 4, 27, 19, 7, 12, 30, 33, 9, 25, 16, 3, 32, 17, 1, 20]}, {"capacity": 221, "impossibleCargos": [0, 6, 12, 17, 24], "neighbors": [0, 27, 34, 20, 7, 31, 33, 19, 8, 18, 10, 23, 11, 4, 1, 22]}, {"capacity": 268, "impossibleCargos": [0, 1, 6, 12, 14], "neighbors": [28, 13, 20, 22, 30, 26, 25, 8, 5, 17, 32, 27, 34, 0, 16]}, {"capacity": 273, "impossibleCargos": [0, 1, 6, 11, 18, 21], "neighbors": [2, 30, 19, 26, 29, 10, 25, 4, 28, 21, 9, 12, 13, 8, 24, 1, 15, 32, 20, 0, 34]}, {"capacity": 202, "impossibleCargos": [10, 11, 14, 17, 22], "neighbors": [8, 11, 31, 30, 22, 18, 7, 27, 5, 2, 4, 19, 0, 15, 13, 29]}, {"capacity": 283, "impossibleCargos": [0, 9, 10, 19, 21, 22], "neighbors": [20, 9, 0, 17, 22, 2, 31, 14, 11, 28, 21, 32, 12, 19, 4]}, {"capacity": 237, "impossibleCargos": [16, 21], "neighbors": [6, 28, 9, 0, 16, 13, 3, 14, 20, 32, 27, 8, 2, 30, 17, 26, 34, 18, 29]}, {"capacity": 201, "impossibleCargos": [0, 3, 5, 8, 10, 15, 16, 23, 24], "neighbors": [18, 34, 14, 29, 15, 28, 7, 12, 33, 19, 1, 31, 24, 32, 21, 22, 16, 13, 0]}, {"capacity": 206, "impossibleCargos": [0, 5, 6, 15, 17, 19, 20], "neighbors": [6, 7, 0, 2, 33, 16, 1, 27, 18, 31, 11, 20, 30, 24, 5]}, {"capacity": 217, "impossibleCargos": [0, 2, 16, 17, 18, 20, 21], "neighbors": [2, 29, 15, 28, 17, 8, 18, 30, 24, 9, 26, 11, 25, 20, 14, 10]}, {"capacity": 239, "impossibleCargos": [1, 3, 4, 5, 7, 9, 15, 20, 21, 22, 23], "neighbors": [4, 12, 30, 10, 11, 24, 6, 5, 34, 14, 26, 27]}, {"capacity": 217, "impossibleCargos": [0, 1, 2, 3, 4, 5, 6, 8, 18, 19, 20, 22, 23], "neighbors": [25, 6, 8, 23, 10, 22, 32, 1, 28, 5, 20, 4, 16, 34, 29, 0, 21, 33, 26]}, {"capacity": 273, "impossibleCargos": [2, 6, 10, 11, 14, 19, 20, 21], "neighbors": [24, 29, 7, 12, 10, 11, 28, 15, 16, 3, 34, 13, 32, 22, 30, 0]}, {"capacity": 230, "impossibleCargos": [3, 13, 14, 17, 18, 21, 22, 24], "neighbors": [15, 16, 28, 27, 33, 31, 22, 2, 19, 23, 8, 24]}, {"capacity": 213, "impossibleCargos": [4, 7, 9, 13, 16, 17, 18, 19, 21, 24], "neighbors": [14, 13, 34, 30, 26, 17, 8, 19, 12, 0, 3, 6, 4, 21, 2, 15, 32, 23, 31, 5, 10, 29]}, {"capacity": 249, "impossibleCargos": [14, 15, 18, 19, 20, 23, 24], "neighbors": [15, 19, 3, 9, 22, 10, 20, 0, 26, 25, 5, 29, 16, 1, 24, 34, 18, 11, 2]}, {"capacity": 267, "impossibleCargos": [0, 3, 6, 9, 12, 14, 15, 17, 19, 23], "neighbors": [12, 30, 25, 7, 20, 22, 4, 6, 0, 16, 5, 11, 33, 1, 28, 9, 10, 24, 17, 3, 19, 27]}, {"capacity": 212, "impossibleCargos": [2, 7, 10, 13, 19, 22, 24], "neighbors": [16, 29, 17, 23, 6, 34, 33, 15, 27, 22, 13, 9, 19, 3, 8, 21, 25]}, {"capacity": 298, "impossibleCargos": [0, 6, 11, 16, 17, 23], "neighbors": [17, 10, 6, 14, 9, 18, 26, 11, 20, 1, 21, 0, 27, 32, 2]}, {"capacity": 285, "impossibleCargos": [2, 10, 24], "neighbors": [6, 10, 0, 3, 5, 19, 24, 25, 34, 9, 13, 15, 20, 18, 27, 31, 16]}, {"capacity": 265, "impossibleCargos": [2, 10, 18, 20, 21], "neighbors": [9, 30, 20, 14, 29, 7, 26, 13, 4, 21, 11, 6, 34, 5, 24]}, {"capacity": 256, "impossibleCargos": [0, 23], "neighbors": [9, 20, 14, 4, 7, 8, 30, 27, 25, 5, 2, 11, 23, 12, 3, 32, 1, 28, 24, 15, 19, 33, 16]}]}