{"volumes": [0, 368, 134, 156, 213, 143, 226, 0, 165, 353, 471, 0, 180, 136, 0, 669, 0, 176, 153, 576, 652, 373, 217, 244, 511], "conflicts": [[0, 3], [0, 8], [0, 12], [0, 13], [0, 19], [0, 24], [1, 4], [1, 22], [2, 4], [3, 7], [3, 16], [3, 18], [3, 23], [4, 8], [4, 12], [4, 14], [5, 14], [6, 14], [6, 23], [7, 11], [7, 14], [7, 20], [8, 11], [10, 16], [11, 24], [12, 19], [13, 16], [13, 18], [13, 21], [13, 22], [14, 15], [16, 22], [22, 23]], "tanks": [{"capacity": 212, "impossibleCargos": [0, 4, 5, 6, 7, 8, 9, 11, 13, 14, 15, 16, 19, 20, 21, 22, 23], "neighbors": [10, 2, 17, 24, 4, 32, 15, 31, 14, 13, 33, 20, 11, 9, 25, 7, 16, 12, 30]}, {"capacity": 213, "impossibleCargos": [0, 2, 4, 5, 6, 7, 8, 9, 10, 11, 12, 13, 14, 16, 17, 18, 19, 21, 23], "neighbors": [30, 18, 28, 13, 31, 32, 33, 6, 8, 15, 16, 25, 2, 4, 14, 3, 23, 27, 19, 5]}, {"capacity": 277, "impossibleCargos": [0, 1, 3, 4, 11, 12, 13, 14, 17, 18, 19, 20, 21, 24], "neighbors": [4, 0, 26, 29, 1, 14, 33, 11, 13, 24, 15, 16, 34, 21, 32]}, {"capacity": 293, "impossibleCargos": [2, 6, 7, 9, 12, 13, 14, 15, 17, 21, 24], "neighbors": [15, 28, 4, 33, 22, 18, 12, 11, 9, 19, 1, 26, 31, 25, 5, 29, 7, 34, 21]}, {"capacity": 244, "impossibleCargos": [0, 1, 2, 3, 4, 7, 8, 9, 10, 12, 13, 14, 16, 17, 18, 19, 21, 22, 23], "neighbors": [2, 13, 22, 20, 3, 27, 17, 0, 32, 29, 10, 33, 1, 26, 16]}, {"capacity": 245, "impossibleCargos": [0, 1, 2, 3, 6, 7, 8, 9, 10, 11, 13, 15, 16, 17, 18, 19, 20, 21, 23], "neighbors": [26, 14, 10, 8, 21, 30, 18, 15, 34, 31, 13, 3, 20, 29, 28, 1, 27, 22]}, {"capacity": 209, "impossibleCargos": [0, 1, 5, 6, 8, 11, 12, 14, 15, 17, 18, 19, 20, 21, 23, 24], "neighbors": [33, 20, 1, 8, 29, 27, 18, 26, 32, 24, 30, 12, 7, 22, 16, 15, 10, 31]}, {"capacity": 203, "impossibleCargos": [1, 2, 3, 4, 5, 7, 8, 9, 10, 11, 12, 13, 14, 15, 18, 19, 21, 22], "neighbors": [10, 11, 13, 22, 21, 28, 0, 9, 33, 20, 3, 6]}, {"capacity": 206, "impossibleCargos": [0, 1, 2, 3, 6, 7, 8, 9, 11, 12, 13, 15, 16, 17, 18, 19, 20, 21, 22], "neighbors": [16, 31, 5, 17, 33, 20, 6, 1, 27, 18, 11, 21, 30, 22, 28, 32, 23, 19]}, {"capacity": 229, "impossibleCargos": [0, 1, 2, 4, 5, 6, 7, 9, 10, 11, 13, 14, 15, 16, 17, 20, 22, 23], "neighbors": [12, 34, 32, 13, 20, 23, 10, 19, 0, 16, 29, 3, 7, 33, 26, 25, 31, 24, 17, 22]}, {"capacity": 253, "impossibleCargos": [0, 2, 4, 5, 6, 7, 8, 10, 11, 13, 14, 16, 17, 18, 20, 21, 23], "neighbors": [0, 7, 5, 21, 11, 4, 12, 15, 9, 26, 33, 31, 29, 24, 28, 14, 6]}, {"capacity": 276, "impossibleCargos": [2, 3, 5, 6, 7, 10, 11, 12, 14, 16, 18, 22, 24], "neighbors": [25, 13, 7, 28, 21, 10, 26, 8, 18, 0, 2, 3]}, {"capacity": 255, "impossibleCargos": [0, 1, 2, 3, 4, 7, 8, 11, 13, 15, 16, 17, 18, 19, 20, 21, 22, 23, 24], "neighbors": [9, 13, 3, 10, 18, 0, 31, 22, 24, 6, 30, 21, 14, 27]}, {"capacity": 214, "impossibleCargos": [1, 2, 3, 4, 5, 6, 7, 9, 10, 12, 13, 15, 16, 17, 19, 20, 21, 22, 24], "neighbors": [4, 12, 11, 1, 9, 17, 7, 16, 0, 33, 25, 20, 2, 27, 15, 14, 5, 31, 18]}, {"capacity": 271, "impossibleCargos": [0, 2, 4, 5, 6, 7, 8, 9, 11, 12, 14, 15, 16, 17, 18, 19, 21, 22, 24], "neighbors": [5, 31, 20, 24, 0, 33, 32, 2, 21, 1, 13, 23, 34, 29, 25, 12, 10]}, {"capacity": 239, "impossibleCargos": [0, 2, 3, 4, 7, 8, 9, 10, 11, 12, 13, 14, 16, 17, 20], "neighbors": [17, 3, 0, 23, 1, 19, 34, 10, 28, 31, 5, 13, 25, 2, 26, 6]}, {"capacity": 254, "impossibleCargos": [3, 4, 5, 7, 8, 9, 10, 11, 12, 13, 15, 16, 17, 18, 19, 20, 21, 22, 23, 24], "neighbors": [29, 8, 25, 31, 30, 22, 13, 1, 24, 23, 28, 32, 9, 0, 34, 2, 18, 27, 6, 4]}, {"capacity": 213, "impossibleCargos": [0, 3, 4, 7, 8, 9, 10, 13, 14, 15, 16, 18, 20, 22, 23, 24], "neighbors": [15, 0, 18, 4, 8, 28, 13, 22, 32, 34, 29, 27, 19, 9, 33, 20]}, {"capacity": 230, "impossibleCargos": [1, 2, 5, 7, 8, 10, 11, 13, 14, 15, 16, 17, 18, 19, 21, 22, 24], "neighbors": [1, 17, 29, 5, 8, 3, 20, 12, 26, 11, 27, 6, 30, 13, 16, 21, 25]}, {"capacity": 290, "impossibleCargos": [0, 1, 3, 4, 5, 6, 7, 8, 9, 11, 12, 13, 16, 17, 19, 20, 22, 23, 24], "neighbors": [24, 32, 34, 15, 9, 27, 28, 3, 33, 1, 17, 23, 20, 26, 8, 25]}, {"capacity": 238, "impossibleCargos": [3, 4, 5, 6, 7, 8, 9, 11, 12, 13, 14, 15, 16, 17, 18, 20, 23], "neighbors": [4, 6, 14, 28, 8, 0, 24, 18, 9, 29, 33, 13, 27, 34, 7, 5, 19, 22, 17]}, {"capacity": 239, "impossibleCargos": [1, 2, 4, 5, 6, 8, 9, 10, 11, 12, 14, 15, 16, 18, 19, 20, 21, 22, 23], "neighbors": [10, 5, 32, 33, 11, 34, 7, 27, 14, 8, 30, 12, 18, 2, 3, 28]}, {"capacity": 259, "impossibleCargos": [0, 1, 3, 5, 6, 8, 9, 11, 12, 13, 15, 16, 17, 18, 20, 21, 22, 23, 24], "neighbors": [4, 32, 16, 7, 31, 17, 3, 26, 34, 23, 27, 12, 25, 8, 20, 6, 9, 5]}, {"capacity": 250, "impossibleCargos": [1, 2, 3, 4, 7, 8, 9, 11, 12, 13, 15, 16, 19, 21, 22, 24], "neighbors": [26, 33, 15, 16, 22, 9, 30, 14, 25, 1, 19, 8, 29]}, {"capacity": 257, "impossibleCargos": [0, 1, 3, 4, 5, 6, 8, 9, 10, 11, 13, 14, 15, 17, 18, 21, 22, 23], "neighbors": [19, 34, 29, 0, 14, 28, 20, 16, 2, 6, 12, 10, 9]}, {"capacity": 293, "impossibleCargos": [0, 2, 3, 4, 5, 6, 7, 8, 9, 11, 12, 16, 17, 18, 20, 21, 22, 24], "neighbors": [11, 16, 1, 32, 31, 13, 30, 0, 15, 29, 23, 3, 9, 22, 14, 18, 19]}, {"capacity": 229, "impossibleCargos": [1, 3, 4, 5, 7, 8, 11, 14, 15, 16, 17, 18, 19, 20, 21, 24], "neighbors": [5, 23, 2, 27, 11, 22, 18, 10, 6, 3, 31, 30, 9, 4, 15, 19]}, {"capacity": 209, "impossibleCargos": [0, 1, 3, 4, 8, 9, 10, 11, 13, 14, 15, 17, 18, 19, 21, 22, 23, 24], "neighbors": [4, 26, 8, 6, 19, 21, 18, 13, 17, 20, 22, 1, 30, 16, 31, 5, 12]}, {"capacity": 225, "impossibleCargos": [1, 2, 3, 4, 5, 6, 7, 10, 11, 12, 14, 15, 17, 20, 24], "neighbors": [1, 3, 30, 20, 17, 11, 24, 34, 7, 15, 16, 19, 31, 10, 8, 5, 21]}, {"capacity": 292, "impossibleCargos": [2, 3, 4, 6, 7, 8, 10, 13, 16, 17, 19, 20, 21, 22, 23], "neighbors": [16, 18, 24, 6, 4, 2, 34, 33, 17, 20, 9, 10, 25, 14, 3, 5, 30, 23]}, {"capacity": 265, "impossibleCargos": [1, 2, 4, 5, 6, 7, 9, 10, 14, 15, 16, 18, 19, 20, 21, 22, 24], "neighbors": [1, 28, 34, 31, 16, 5, 23, 25, 18, 8, 21, 26, 27, 6, 29, 12, 0, 32]}, {"capacity": 235, "impossibleCargos": [0, 1, 2, 3, 4, 5, 6, 7, 8, 9, 11, 13, 14, 16, 17, 18, 19, 20, 21, 22, 23, 24], "neighbors": [8, 30, 14, 16, 1, 0, 22, 25, 15, 10, 12, 5, 34, 3, 13, 26, 9, 28, 27, 6]}, {"capacity": 210, "impossibleCargos": [0, 2, 3, 4, 5, 6, 7, 8, 10, 11, 12, 13, 15, 16, 17, 18, 19, 20, 22, 23], "neighbors": [22, 9, 19, 21, 0, 1, 4, 14, 25, 33, 17, 16, 6, 34, 30, 2, 8]}, {"capacity": 257, "impossibleCargos": [0, 2, 3, 4, 5, 6, 7, 8, 9, 10, 11, 14, 15, 16, 17, 20, 21, 22, 23, 24], "neighbors": [6, 8, 23, 1, 21, 3, 14, 0, 13, 4, 32, 29, 2, 20, 10, 9, 19, 7, 17]}, {"capacity": 201, "impossibleCargos": [0, 1, 2, 5, 6, 7, 8, 9, 10, 11, 12, 13, 14, 15, 16, 17, 18, 20, 21, 22, 23, 24], "neighbors": [9, 24, 30, 19, 21, 28, 15, 22, 29, 17, 5, 14, 20, 31, 32, 16, 2, 3]}]}