{"volumes": [462, 159, 0, 265, 349, 0, 456, 149, 0, 384, 804, 295, 186, 228, 202, 174, 478, 357, 253, 401, 282, 159, 159, 235, 139], "conflicts": [[1, 2], [1, 7], [1, 8], [1, 15], [1, 20], [2, 6], [2, 7], [2, 10], [2, 16], [2, 24], [3, 8], [4, 9], [5, 7], [5, 10], [5, 12], [5, 13], [5, 16], [5, 21], [6, 8], [7, 15], [7, 16], [7, 24], [8, 22], [8, 23], [9, 20], [11, 13], [12, 22], [13, 20], [15, 23], [16, 22], [19, 24], [20, 23], [22, 23], [22, 24]], "tanks": [{"capacity": 243, "impossibleCargos": [2, 3, 4, 5, 6, 8, 9, 11, 13, 14, 16, 17, 18, 19, 20, 21, 22, 23, 24], "neighbors": [30, 18, 2, 23, 13, 11, 3, 7, 28, 27, 25, 34, 14, 6, 5]}, {"capacity": 242, "impossibleCargos": [0, 1, 2, 3, 4, 5, 7, 8, 9, 11, 15, 17, 18, 20, 21, 22, 23, 24], "neighbors": [2, 4, 20, 24, 15, 25, 9, 29, 27, 19, 6, 8, 30, 14, 5, 32, 16, 18, 34, 13]}, {"capacity": 300, "impossibleCargos": [1, 3, 6, 7, 8, 10, 12, 14, 15, 16, 17, 18, 19, 20, 21, 23, 24], "neighbors": [1, 0, 11, 33, 27, 5, 17, 20, 8, 16, 32, 10, 9]}, {"capacity": 291, "impossibleCargos": [0, 2, 3, 4, 7, 9, 10, 11, 13, 15, 16, 18, 19, 22, 23, 24], "neighbors": [10, 6, 7, 29, 4, 33, 27, 28, 17, 32, 25, 0, 31, 14, 24, 12]}, {"capacity": 246, "impossibleCargos": [0, 1, 3, 4, 5, 7, 8, 9, 10, 11, 12, 13, 14, 15, 18, 19, 21, 22, 23, 24], "neighbors": [22, 32, 13, 1, 3, 8, 28, 31, 29, 10, 24, 5, 23, 27, 17]}, {"capacity": 273, "impossibleCargos": [0, 1, 2, 6, 8, 10, 11, 12, 14, 15, 16, 20, 21], "neighbors": [32, 12, 11, 31, 29, 25, 30, 4, 2, 6, 16, 1, 15, 18, 21, 17, 0, 27, 9, 34]}, {"capacity": 266, "impossibleCargos": [1, 2, 3, 4, 5, 6, 7, 8, 9, 10, 12, 13, 15, 16, 17, 18, 19, 20, 23, 24], "neighbors": [3, 26, 19, 23, 28, 31, 34, 1, 7, 5, 21, 29, 8, 33, 0, 25, 10, 30, 20]}, {"capacity": 226, "impossibleCargos": [0, 1, 2, 5, 6, 7, 8, 9, 12, 13, 14, 15, 16, 17, 20, 21, 22, 24], "neighbors": [3, 22, 6, 0, 17, 25, 34, 21, 10, 16, 24, 28, 18, 11]}, {"capacity": 241, "impossibleCargos": [3, 4, 6, 7, 8, 9, 10, 11, 13, 16, 17, 18, 19, 20, 21, 24], "neighbors": [27, 34, 18, 21, 4, 17, 11, 1, 6, 31, 32, 13, 22, 2, 33, 29]}, {"capacity": 281, "impossibleCargos": [2, 3, 4, 7, 10, 11, 13, 14, 15, 16, 17, 18, 19, 20, 21, 22, 23, 24], "neighbors": [27, 30, 20, 10, 19, 1, 16, 22, 18, 33, 31, 28, 23, 13, 34, 5, 2]}, {"capacity": 282, "impossibleCargos": [0, 2, 3, 4, 9, 10, 11, 13, 15, 16, 17, 18, 19, 20, 21, 23, 24], "neighbors": [3, 32, 26, 13, 19, 9, 29, 11, 31, 4, 12, 34, 18, 22, 15, 28, 20, 7, 14, 21, 6, 2]}, {"capacity": 257, "impossibleCargos": [0, 1, 2, 4, 5, 6, 8, 10, 11, 13, 14, 15, 17, 18, 19, 20, 24], "neighbors": [12, 29, 33, 30, 5, 8, 2, 14, 10, 24, 13, 0, 34, 26, 22, 17, 19, 16, 25, 7, 20]}, {"capacity": 236, "impossibleCargos": [0, 1, 2, 4, 5, 7, 10, 13, 15, 16, 17, 18, 20, 22], "neighbors": [34, 11, 24, 5, 10, 27, 21, 29, 17, 26, 14, 13, 3]}, {"capacity": 205, "impossibleCargos": [0, 2, 3, 4, 5, 6, 8, 10, 13, 15, 16, 17, 18, 19, 20, 23, 24], "neighbors": [10, 4, 21, 15, 0, 11, 31, 22, 27, 19, 24, 9, 26, 14, 8, 25, 17, 34, 12, 1]}, {"capacity": 282, "impossibleCargos": [2, 3, 5, 6, 7, 8, 9, 11, 12, 13, 16, 17, 19, 20, 22, 24], "neighbors": [11, 31, 33, 29, 19, 3, 27, 28, 1, 32, 13, 10, 0, 16, 24, 12, 25]}, {"capacity": 274, "impossibleCargos": [0, 1, 2, 3, 4, 6, 7, 11, 12, 15, 16, 17, 18, 19, 20, 21, 22, 24], "neighbors": [31, 1, 33, 24, 13, 28, 16, 10, 22, 5, 27, 25]}, {"capacity": 299, "impossibleCargos": [1, 2, 3, 4, 5, 7, 8, 9, 10, 11, 12, 13, 14, 15, 16, 18, 19, 20, 21, 22, 23, 24], "neighbors": [18, 32, 25, 26, 9, 15, 19, 33, 5, 7, 11, 14, 2, 1, 27]}, {"capacity": 210, "impossibleCargos": [1, 2, 3, 4, 5, 6, 7, 8, 9, 10, 11, 12, 13, 15, 18, 20, 21, 22, 24], "neighbors": [22, 29, 8, 3, 24, 19, 12, 26, 2, 7, 18, 11, 5, 30, 13, 4, 34, 32]}, {"capacity": 206, "impossibleCargos": [0, 2, 5, 7, 8, 9, 10, 11, 12, 13, 14, 15, 18, 20, 21, 22, 23], "neighbors": [34, 0, 31, 8, 16, 9, 10, 19, 20, 17, 5, 32, 28, 1, 7]}, {"capacity": 258, "impossibleCargos": [0, 2, 3, 4, 5, 6, 7, 8, 10, 11, 12, 14, 15, 17, 18, 19, 21, 22, 24], "neighbors": [10, 6, 9, 21, 34, 22, 1, 28, 14, 16, 17, 13, 23, 18, 29, 27, 11, 24, 33, 26, 30]}, {"capacity": 246, "impossibleCargos": [2, 3, 4, 5, 6, 8, 9, 10, 11, 12, 14, 15, 16, 17, 19, 20, 21, 23, 24], "neighbors": [33, 1, 9, 28, 31, 18, 2, 10, 21, 6, 11]}, {"capacity": 279, "impossibleCargos": [0, 2, 3, 5, 6, 7, 8, 9, 10, 11, 12, 14, 16, 17, 18, 19, 20, 21, 22, 23, 24], "neighbors": [13, 28, 22, 19, 8, 33, 25, 32, 12, 6, 7, 10, 5, 20, 24]}, {"capacity": 213, "impossibleCargos": [0, 2, 5, 7, 10, 13, 16, 17, 19, 21, 23, 24], "neighbors": [17, 4, 21, 30, 32, 28, 19, 7, 31, 9, 13, 10, 11, 26, 27, 15, 8]}, {"capacity": 254, "impossibleCargos": [1, 2, 5, 6, 12, 13, 14, 15, 16, 18, 19, 23], "neighbors": [0, 27, 6, 30, 28, 4, 24, 19, 9, 34, 33, 26]}, {"capacity": 266, "impossibleCargos": [0, 1, 3, 4, 5, 6, 7, 9, 10, 11, 12, 15, 18, 20, 21, 22, 23], "neighbors": [1, 12, 15, 33, 11, 17, 27, 4, 30, 32, 23, 13, 3, 31, 19, 14, 7, 21]}, {"capacity": 242, "impossibleCargos": [0, 1, 2, 3, 4, 5, 6, 7, 8, 9, 10, 11, 14, 15, 16, 18, 19, 20, 22, 23, 24], "neighbors": [1, 34, 21, 29, 16, 5, 3, 31, 0, 7, 13, 30, 15, 6, 14, 27, 11]}, {"capacity": 214, "impossibleCargos": [1, 2, 3, 5, 6, 8, 9, 10, 11, 12, 13, 14, 16, 17, 18, 19, 20, 21, 22, 23, 24], "neighbors": [10, 6, 28, 16, 34, 11, 17, 12, 22, 13, 19, 23, 27]}, {"capacity": 234, "impossibleCargos": [0, 1, 2, 3, 4, 5, 6, 7, 8, 9, 11, 12, 14, 15, 16, 17, 18, 19, 21, 22, 23, 24], "neighbors": [9, 8, 33, 30, 29, 23, 3, 32, 1, 24, 12, 2, 34, 13, 0, 14, 31, 22, 19, 15, 4, 5, 26, 25, 16]}, {"capacity": 213, "impossibleCargos": [1, 2, 3, 4, 5, 6, 7, 9, 10, 11, 12, 13, 16, 17, 20, 21, 23, 24], "neighbors": [21, 20, 4, 31, 26, 3, 22, 6, 23, 15, 30, 19, 0, 9, 14, 10, 29, 7, 18]}, {"capacity": 282, "impossibleCargos": [0, 1, 2, 3, 4, 5, 6, 7, 10, 11, 13, 14, 15, 16, 17, 18, 20, 21], "neighbors": [3, 11, 27, 10, 17, 4, 33, 1, 25, 5, 14, 12, 6, 19, 34, 31, 28, 8]}, {"capacity": 231, "impossibleCargos": [0, 1, 2, 3, 4, 5, 8, 10, 11, 12, 13, 14, 15, 16, 17, 20, 21, 22, 23, 24], "neighbors": [0, 9, 27, 22, 11, 23, 31, 5, 24, 28, 1, 25, 17, 6, 19]}, {"capacity": 202, "impossibleCargos": [0, 1, 2, 6, 7, 8, 9, 11, 12, 14, 16, 18, 20, 22, 23, 24], "neighbors": [33, 15, 18, 5, 28, 4, 10, 6, 14, 22, 13, 30, 20, 25, 3, 9, 8, 27, 24, 29]}, {"capacity": 294, "impossibleCargos": [0, 1, 4, 5, 6, 8, 11, 12, 13, 14, 15, 17, 18, 19, 22, 24], "neighbors": [10, 5, 4, 22, 27, 16, 21, 3, 34, 24, 8, 14, 1, 18, 2, 17]}, {"capacity": 272, "impossibleCargos": [0, 1, 2, 5, 7, 8, 9, 11, 12, 14, 17, 18, 19, 20, 23, 24], "neighbors": [20, 31, 27, 11, 3, 15, 21, 24, 2, 29, 14, 9, 16, 6, 23, 34, 19, 8]}, {"capacity": 226, "impossibleCargos": [0, 1, 2, 4, 5, 6, 7, 8, 9, 10, 11, 12, 13, 14, 15, 16, 17, 18, 19, 20, 23, 24], "neighbors": [12, 18, 8, 19, 25, 6, 11, 10, 32, 27, 26, 7, 0, 29, 23, 33, 9, 13, 5, 17, 1]}]}