{"volumes": [0, 0, 280, 344, 265, 0, 415, 368, 187, 592, 217, 449, 395, 458, 0, 273, 0, 625, 630, 0, 204, 0, 510, 190, 0], "conflicts": [[0, 2], [0, 3], [0, 5], [0, 6], [0, 9], [0, 17], [0, 18], [0, 19], [0, 20], [0, 23], [0, 24], [1, 5], [1, 6], [1, 7], [1, 9], [1, 11], [1, 12], [1, 15], [1, 16], [1, 17], [1, 20], [1, 21], [1, 22], [2, 14], [2, 19], [2, 21], [3, 5], [3, 16], [3, 21], [3, 24], [4, 8], [4, 9], [4, 14], [4, 19], [4, 22], [4, 23], [4, 24], [5, 7], [5, 8], [5, 11], [5, 13], [5, 17], [5, 19], [5, 20], [5, 21], [5, 22], [5, 23], [5, 24], [6, 20], [6, 21], [7, 14], [7, 16], [7, 19], [7, 21], [8, 14], [8, 21], [9, 19], [9, 20], [9, 21], [10, 12], [10, 14], [10, 20], [11, 16], [11, 21], [12, 14], [12, 19], [13, 16], [13, 24], [14, 17], [14, 19], [14, 20], [14, 22], [14, 23], [15, 16], [15, 19], [15, 21], [15, 24], [16, 17], [16, 19], [16, 23], [17, 19], [17, 21], [17, 24], [18, 19], [18, 21], [18, 24], [19, 22], [19, 23], [19, 24], [20, 21], [20, 24], [21, 22], [23, 24]], "tanks": [{"capacity": 251, "impossibleCargos": [0, 1, 2, 3, 4, 5, 6, 7, 8, 9, 10, 11, 12, 14, 15, 16, 17, 18, 19, 21, 22, 23], "neighbors": [7, 18, 25, 5, 1, 26, 12, 14, 33, 29, 13, 10, 15, 31, 21, 27, 4]}, {"capacity": 217, "impossibleCargos": [0, 1, 2, 3, 5, 7, 8, 9, 10, 11, 12, 13, 14, 15, 16, 17, 19, 24], "neighbors": [17, 34, 19, 33, 6, 31, 0, 18, 14, 9, 3, 16, 29, 7, 23]}, {"capacity": 239, "impossibleCargos": [0, 1, 3, 4, 7, 9, 10, 12, 13, 15, 18, 19, 20, 21, 22], "neighbors": [19, 12, 28, 6, 11, 32, 22, 4, 26, 18, 7, 17, 30, 34]}, {"capacity": 207, "impossibleCargos": [0, 2, 3, 4, 5, 6, 7, 8, 9, 12, 16, 17, 19, 21, 22, 24], "neighbors": [17, 27, 31, 23, 16, 33, 13, 32, 1, 28, 15, 11, 4, 12, 6]}, {"capacity": 268, "impossibleCargos": [0, 1, 2, 4, 5, 6, 8, 10, 12, 13, 14, 15, 16, 17, 18, 19, 20, 21, 22, 24], "neighbors": [20, 30, 23, 21, 2, 31, 19, 33, 3, 7, 26, 32, 18, 27, 10, 11, 24, 0, 6]}, {"capacity": 282, "impossibleCargos": [1, 2, 3, 5, 6, 7, 8, 9, 12, 13, 14, 15, 16, 18, 19, 21, 22, 23, 24], "neighbors": [12, 28, 0, 22, 16, 32, 23, 10, 27, 8, 24, 29]}, {"capacity": 213, "impossibleCargos": [1, 2, 4, 5, 9, 10, 11, 12, 14, 16, 17, 18, 19, 20, 22, 23, 24], "neighbors": [25, 13, 21, 23, 29, 2, 1, 7, 18, 14, 12, 15, 19, 26, 30, 3, 28, 4]}, {"capacity": 253, "impossibleCargos": [0, 1, 2, 4, 5, 6, 7, 8, 10, 12, 13, 14, 16, 20, 21, 23, 24], "neighbors": [0, 16, 17, 33, 15, 6, 26, 2, 4, 20, 14, 25, 29, 34, 19, 1, 22, 30]}, {"capacity": 230, "impossibleCargos": [0, 1, 3, 4, 8, 9, 10, 12, 13, 15, 17, 18, 22, 23], "neighbors": [18, 23, 30, 17, 16, 15, 20, 22, 21, 13, 33, 31, 24, 5, 25, 12]}, {"capacity": 223, "impossibleCargos": [3, 4, 9, 10, 11, 13, 16, 18, 19, 20, 22, 23, 24], "neighbors": [31, 28, 26, 14, 25, 24, 15, 10, 1, 12, 16, 20, 29, 27]}, {"capacity": 273, "impossibleCargos": [0, 1, 5, 8, 9, 10, 11, 12, 13, 14, 15, 18, 19, 20, 22, 23], "neighbors": [31, 24, 17, 12, 13, 18, 11, 26, 5, 9, 27, 0, 23, 25, 4, 15, 32, 34]}, {"capacity": 223, "impossibleCargos": [0, 1, 2, 4, 5, 6, 7, 8, 9, 10, 11, 12, 13, 14, 16, 18, 22, 23, 24], "neighbors": [34, 2, 10, 23, 26, 30, 12, 32, 3, 25, 13, 22, 31, 33, 16, 4, 29, 28]}, {"capacity": 229, "impossibleCargos": [1, 2, 3, 4, 5, 6, 9, 10, 14, 15, 16, 17, 19, 20, 21, 23, 24], "neighbors": [26, 23, 5, 10, 2, 31, 14, 34, 0, 25, 19, 33, 9, 11, 6, 13, 20, 3, 22, 8]}, {"capacity": 249, "impossibleCargos": [0, 1, 2, 4, 5, 6, 7, 8, 10, 12, 13, 14, 15, 16, 17, 18, 19, 20, 21, 23, 24], "neighbors": [23, 24, 6, 10, 20, 22, 8, 3, 21, 25, 30, 29, 0, 14, 31, 11, 16, 12, 32, 17]}, {"capacity": 262, "impossibleCargos": [0, 3, 4, 6, 7, 8, 10, 11, 12, 13, 14, 15, 16, 17, 18, 19, 20, 21, 22, 23], "neighbors": [15, 29, 25, 24, 9, 17, 18, 27, 12, 26, 0, 1, 13, 7, 19, 6, 20, 32, 34]}, {"capacity": 259, "impossibleCargos": [0, 2, 4, 6, 8, 9, 10, 12, 14, 15, 16, 18, 19, 20, 21, 22, 23, 24], "neighbors": [25, 29, 14, 33, 24, 8, 23, 28, 31, 34, 19, 9, 7, 26, 27, 30, 3, 0, 6, 10, 20]}, {"capacity": 228, "impossibleCargos": [2, 3, 4, 6, 7, 8, 9, 11, 12, 14, 15, 16, 18, 20, 21, 22, 23, 24], "neighbors": [27, 24, 22, 7, 8, 32, 5, 3, 9, 1, 21, 13, 11, 17, 25, 30, 28]}, {"capacity": 285, "impossibleCargos": [0, 1, 4, 5, 8, 11, 12, 13, 14, 15, 17, 18, 19, 20, 21, 22, 24], "neighbors": [1, 3, 19, 10, 27, 25, 7, 8, 14, 22, 2, 28, 16, 24, 13]}, {"capacity": 283, "impossibleCargos": [0, 1, 2, 4, 6, 8, 9, 12, 13, 16, 20, 21, 22, 23, 24], "neighbors": [8, 0, 10, 34, 14, 1, 28, 20, 2, 6, 23, 4, 25]}, {"capacity": 202, "impossibleCargos": [0, 1, 2, 3, 5, 6, 10, 13, 15, 17, 18, 19, 20, 21, 22, 23, 24], "neighbors": [2, 22, 17, 30, 24, 1, 34, 15, 21, 32, 12, 4, 14, 23, 25, 6, 7]}, {"capacity": 295, "impossibleCargos": [0, 1, 2, 3, 4, 5, 6, 8, 9, 11, 13, 14, 15, 16, 18, 19, 20, 21, 22, 24], "neighbors": [4, 8, 13, 24, 29, 23, 18, 30, 9, 7, 25, 33, 14, 12, 22, 15]}, {"capacity": 265, "impossibleCargos": [0, 1, 3, 4, 5, 6, 7, 8, 10, 11, 12, 13, 14, 15, 18, 19, 20, 21, 22, 23, 24], "neighbors": [6, 24, 26, 4, 8, 19, 13, 23, 16, 0, 22, 27, 33]}, {"capacity": 223, "impossibleCargos": [0, 2, 4, 5, 6, 7, 8, 9, 10, 11, 12, 14, 15, 16, 18, 19, 21, 22, 23, 24], "neighbors": [28, 19, 16, 32, 25, 33, 34, 5, 26, 13, 8, 24, 17, 31, 2, 11, 21, 7, 12, 20]}, {"capacity": 213, "impossibleCargos": [0, 1, 3, 6, 7, 8, 9, 10, 11, 13, 14, 15, 16, 19, 20, 21, 22, 23, 24], "neighbors": [13, 4, 8, 33, 12, 6, 32, 15, 27, 3, 11, 20, 5, 21, 19, 10, 18, 24, 1]}, {"capacity": 208, "impossibleCargos": [0, 2, 3, 4, 6, 7, 9, 12, 14, 15, 17, 19, 21], "neighbors": [13, 16, 10, 19, 21, 14, 15, 29, 20, 9, 28, 22, 30, 8, 26, 5, 23, 31, 4, 33, 17]}, {"capacity": 222, "impossibleCargos": [0, 1, 2, 3, 4, 5, 6, 7, 8, 9, 11, 13, 15, 16, 17, 18, 20, 21, 23], "neighbors": [6, 15, 0, 17, 14, 22, 9, 26, 34, 31, 12, 13, 20, 7, 11, 19, 10, 18, 16, 8, 27]}, {"capacity": 206, "impossibleCargos": [0, 1, 3, 5, 6, 7, 9, 10, 11, 12, 14, 15, 16, 18, 19, 24], "neighbors": [12, 9, 29, 21, 32, 22, 31, 25, 0, 10, 15, 11, 14, 2, 7, 33, 4, 24, 6]}, {"capacity": 271, "impossibleCargos": [0, 3, 5, 7, 8, 9, 10, 11, 13, 14, 16, 17, 20, 23, 24], "neighbors": [29, 16, 17, 3, 34, 23, 14, 33, 10, 28, 15, 5, 31, 32, 0, 4, 9, 21, 25]}, {"capacity": 258, "impossibleCargos": [0, 2, 4, 8, 10, 11, 14, 15, 16, 17, 18, 19, 20, 21, 22, 24], "neighbors": [22, 9, 2, 15, 5, 24, 32, 34, 33, 18, 27, 3, 17, 11, 6, 16]}, {"capacity": 232, "impossibleCargos": [0, 1, 2, 4, 5, 6, 9, 11, 12, 13, 15, 16, 18, 19, 21, 23], "neighbors": [32, 27, 15, 14, 6, 26, 24, 20, 0, 13, 9, 7, 1, 11, 5]}, {"capacity": 253, "impossibleCargos": [0, 1, 5, 6, 8, 9, 11, 12, 13, 17, 19, 20, 21, 23, 24], "neighbors": [4, 8, 19, 31, 11, 13, 24, 20, 15, 2, 32, 6, 16, 7]}, {"capacity": 207, "impossibleCargos": [1, 2, 3, 5, 7, 8, 9, 10, 11, 12, 14, 16, 17, 18, 19, 21, 23, 24], "neighbors": [10, 9, 15, 26, 1, 3, 12, 30, 25, 22, 4, 8, 27, 0, 13, 11, 24]}, {"capacity": 234, "impossibleCargos": [0, 1, 2, 3, 4, 5, 6, 7, 8, 9, 10, 11, 14, 15, 16, 19, 20, 21, 22, 23], "neighbors": [29, 22, 23, 26, 16, 28, 2, 5, 19, 3, 11, 30, 4, 27, 14, 10, 13]}, {"capacity": 278, "impossibleCargos": [0, 1, 2, 3, 4, 5, 6, 7, 8, 11, 12, 13, 14, 15, 16, 17, 18, 19, 20, 21, 22, 23, 24], "neighbors": [23, 15, 22, 1, 7, 3, 27, 0, 28, 12, 8, 4, 26, 20, 11, 24, 21]}, {"capacity": 212, "impossibleCargos": [3, 4, 6, 7, 8, 11, 12, 14, 15, 16, 18, 19, 20, 21, 22, 23, 24], "neighbors": [11, 1, 19, 22, 27, 15, 18, 25, 12, 28, 7, 10, 14, 2]}]}