{"volumes": [269, 0, 602, 777, 425, 328, 0, 413, 172, 593, 115, 209, 0, 150, 171, 192, 0, 0, 211, 136, 495, 426, 229, 286, 414], "conflicts": [[0, 22], [1, 4], [1, 8], [1, 9], [1, 12], [2, 13], [2, 17], [3, 12], [4, 6], [4, 12], [5, 17], [6, 7], [6, 8], [6, 19], [7, 17], [8, 11], [8, 16], [8, 17], [10, 14], [10, 15], [11, 12], [11, 16], [12, 17], [12, 20], [12, 22], [12, 24], [13, 18], [13, 20], [14, 19], [15, 16], [15, 18], [16, 18], [16, 20], [17, 18]], "tanks": [{"capacity": 255, "impossibleCargos": [7, 16, 18, 24], "neighbors": [9, 14, 32, 26, 28, 2, 17, 4, 30, 23, 3, 10, 1, 21, 7, 6, 8, 34, 5, 29, 33, 19, 16, 20, 11, 13, 12]}, {"capacity": 246, "impossibleCargos": [5, 10, 12], "neighbors": [10, 32, 34, 20, 24, 12, 29, 18, 8, 2, 16, 15, 0, 5, 30, 13, 28, 6, 26, 33, 11, 17, 4, 22, 31]}, {"capacity": 283, "impossibleCargos": [0, 1, 4, 8, 10], "neighbors": [3, 25, 6, 7, 20, 0, 27, 16, 32, 1, 11, 33, 26, 17, 21, 28, 31, 22, 24, 29, 34, 9, 30, 8]}, {"capacity": 204, "impossibleCargos": [6, 10, 12, 13, 18, 19, 20], "neighbors": [29, 2, 23, 17, 32, 8, 27, 33, 4, 0, 34, 13, 14, 24, 19, 18, 7, 25, 10, 31, 20, 21, 22, 6, 5, 30]}, {"capacity": 295, "impossibleCargos": [0, 3, 4, 5, 7, 14, 15, 20], "neighbors": [16, 34, 10, 0, 9, 25, 29, 12, 5, 3, 19, 33, 32, 20, 24, 11, 27, 18, 15, 17, 8, 21, 1, 23, 14]}, {"capacity": 204, "impossibleCargos": [21, 24], "neighbors": [34, 25, 21, 19, 12, 17, 30, 4, 20, 28, 31, 22, 9, 1, 16, 27, 14, 32, 7, 23, 0, 18, 24, 10, 8, 6, 3]}, {"capacity": 229, "impossibleCargos": [2, 6, 14, 17, 19, 22], "neighbors": [2, 15, 30, 28, 20, 26, 29, 23, 12, 21, 31, 34, 0, 27, 16, 14, 1, 24, 33, 17, 5, 3, 7]}, {"capacity": 270, "impossibleCargos": [0, 5, 9], "neighbors": [18, 2, 9, 22, 21, 23, 34, 0, 27, 10, 32, 5, 14, 3, 31, 33, 29, 26, 25, 8, 11, 15, 16, 20, 24, 6]}, {"capacity": 254, "impossibleCargos": [6, 14, 19, 20, 24], "neighbors": [22, 25, 3, 20, 1, 28, 14, 23, 9, 18, 32, 0, 27, 21, 17, 31, 15, 12, 4, 7, 19, 30, 5, 2, 26, 33, 24]}, {"capacity": 228, "impossibleCargos": [0, 1, 5, 6, 13, 14, 21, 24], "neighbors": [0, 24, 12, 7, 25, 4, 31, 18, 13, 33, 11, 5, 32, 34, 30, 8, 10, 2, 16, 23, 19]}, {"capacity": 267, "impossibleCargos": [11, 13, 15, 16, 17], "neighbors": [13, 15, 1, 4, 19, 12, 29, 0, 25, 22, 17, 21, 33, 7, 34, 20, 9, 32, 24, 18, 3, 28, 23, 5, 30, 27]}, {"capacity": 297, "impossibleCargos": [6, 17, 19, 22], "neighbors": [33, 28, 24, 17, 16, 26, 2, 34, 30, 9, 12, 21, 25, 31, 4, 23, 15, 1, 14, 13, 7, 0]}, {"capacity": 277, "impossibleCargos": [3, 5, 12, 13, 14, 15], "neighbors": [34, 5, 9, 26, 6, 1, 22, 4, 13, 10, 25, 33, 32, 11, 20, 29, 21, 19, 28, 8, 30, 31, 0, 15]}, {"capacity": 222, "impossibleCargos": [0, 14, 17, 22, 23], "neighbors": [10, 24, 16, 27, 14, 31, 29, 34, 12, 28, 9, 18, 20, 3, 33, 1, 22, 30, 17, 11, 0, 19]}, {"capacity": 281, "impossibleCargos": [0, 1, 3, 9, 12, 14, 16, 19, 21], "neighbors": [33, 0, 34, 22, 19, 13, 17, 25, 28, 27, 16, 8, 20, 3, 5, 30, 15, 6, 7, 21, 11, 24, 32, 18, 4]}, {"capacity": 206, "impossibleCargos": [4, 5, 6, 11, 18, 23], "neighbors": [25, 30, 10, 6, 27, 23, 33, 34, 21, 1, 14, 4, 24, 22, 11, 26, 8, 19, 7, 32, 28, 20, 31, 12]}, {"capacity": 244, "impossibleCargos": [2, 4, 5, 15], "neighbors": [4, 22, 20, 13, 21, 2, 11, 17, 1, 14, 24, 32, 31, 27, 5, 19, 6, 33, 26, 28, 34, 0, 30, 9, 7, 29]}, {"capacity": 272, "impossibleCargos": [4, 7, 11, 16, 17, 23], "neighbors": [3, 21, 0, 14, 5, 11, 24, 16, 20, 10, 2, 28, 25, 22, 8, 13, 4, 6, 29, 1, 34, 30, 32, 18, 23]}, {"capacity": 206, "impossibleCargos": [4, 6, 13, 14, 24], "neighbors": [21, 19, 7, 34, 28, 25, 23, 1, 32, 9, 20, 13, 3, 8, 4, 29, 5, 10, 31, 14, 26, 17]}, {"capacity": 275, "impossibleCargos": [1, 16, 23, 24], "neighbors": [33, 18, 5, 23, 14, 10, 27, 4, 29, 20, 31, 16, 3, 24, 12, 30, 15, 21, 0, 22, 8, 26, 25, 9, 13, 34]}, {"capacity": 214, "impossibleCargos": [0, 1, 5, 7, 8, 9, 10, 18], "neighbors": [21, 16, 26, 2, 6, 1, 8, 5, 18, 30, 33, 22, 13, 14, 19, 17, 12, 4, 28, 10, 27, 32, 24, 29, 3, 0, 34, 7, 15, 31]}, {"capacity": 296, "impossibleCargos": [0, 5, 6, 24], "neighbors": [18, 20, 5, 17, 34, 30, 16, 32, 28, 29, 15, 7, 24, 23, 6, 11, 0, 10, 2, 12, 8, 14, 22, 19, 4, 26, 3]}, {"capacity": 207, "impossibleCargos": [5, 7, 8, 11, 13, 21, 24], "neighbors": [26, 16, 8, 25, 14, 12, 28, 7, 33, 20, 31, 24, 5, 10, 2, 17, 13, 15, 30, 21, 27, 19, 1, 34, 32, 23, 3]}, {"capacity": 295, "impossibleCargos": [4, 7, 9, 17, 18, 19, 22, 23, 24], "neighbors": [32, 30, 3, 31, 19, 15, 6, 27, 18, 0, 21, 7, 29, 24, 8, 11, 34, 5, 33, 10, 9, 4, 17, 26, 22]}, {"capacity": 250, "impossibleCargos": [6, 7, 9, 11, 14, 16, 24], "neighbors": [9, 13, 11, 1, 17, 21, 16, 22, 4, 23, 3, 33, 29, 30, 19, 2, 6, 10, 15, 5, 14, 20, 25, 34, 7, 8]}, {"capacity": 229, "impossibleCargos": [16, 17, 18, 19, 21, 23], "neighbors": [15, 5, 2, 22, 8, 9, 14, 18, 4, 32, 12, 10, 11, 33, 17, 26, 28, 3, 34, 7, 31, 24, 30, 29, 19]}, {"capacity": 216, "impossibleCargos": [0, 6, 11, 15, 16, 20], "neighbors": [22, 33, 20, 0, 12, 6, 11, 31, 2, 29, 1, 25, 32, 30, 15, 16, 7, 21, 19, 27, 18, 23, 8]}, {"capacity": 297, "impossibleCargos": [4, 6, 8, 11, 12, 17, 19, 20], "neighbors": [29, 13, 34, 15, 2, 23, 3, 19, 33, 30, 14, 16, 6, 5, 7, 32, 4, 8, 20, 28, 22, 26, 10]}, {"capacity": 250, "impossibleCargos": [6, 7, 9, 15, 17, 18, 22], "neighbors": [11, 0, 6, 18, 14, 21, 22, 13, 8, 5, 32, 29, 20, 2, 17, 1, 33, 27, 12, 25, 16, 10, 15, 30, 34]}, {"capacity": 218, "impossibleCargos": [1, 8, 10, 13, 14, 15, 21, 22], "neighbors": [3, 32, 27, 30, 31, 6, 13, 1, 4, 33, 21, 28, 10, 19, 23, 12, 24, 26, 2, 18, 7, 0, 17, 20, 25, 16]}, {"capacity": 213, "impossibleCargos": [1, 8, 17], "neighbors": [23, 15, 6, 29, 21, 0, 5, 20, 27, 11, 1, 9, 14, 24, 34, 13, 19, 33, 26, 22, 31, 16, 17, 25, 10, 8, 12, 2, 28, 3]}, {"capacity": 285, "impossibleCargos": [2, 4, 8, 10, 12, 14, 16, 24], "neighbors": [23, 32, 29, 13, 9, 5, 26, 33, 22, 16, 6, 2, 19, 11, 34, 7, 8, 3, 30, 25, 18, 1, 12, 15, 20]}, {"capacity": 291, "impossibleCargos": [1, 22], "neighbors": [23, 29, 0, 3, 34, 31, 1, 18, 2, 21, 25, 28, 12, 16, 4, 9, 7, 5, 27, 8, 10, 26, 20, 15, 17, 14, 22]}, {"capacity": 247, "impossibleCargos": [6, 7, 12, 14, 15, 17, 22], "neighbors": [14, 11, 19, 26, 15, 29, 3, 27, 20, 12, 2, 9, 22, 31, 4, 13, 10, 25, 24, 28, 34, 16, 6, 30, 7, 1, 0, 23, 8]}, {"capacity": 273, "impossibleCargos": [3, 6, 7, 8, 13, 15, 18, 23], "neighbors": [5, 18, 12, 32, 14, 27, 4, 21, 1, 13, 15, 11, 3, 7, 6, 9, 10, 33, 0, 30, 31, 23, 2, 25, 16, 17, 22, 28, 20, 24, 19]}]}