{"volumes": [0, 0, 144, 117, 173, 0, 355, 0, 400, 384, 0, 123, 0, 251, 190, 289, 197, 311, 0, 767, 365, 424, 712, 483, 424], "conflicts": [[0, 2], [0, 3], [0, 17], [0, 19], [0, 22], [1, 3], [1, 10], [1, 21], [3, 10], [3, 11], [5, 14], [5, 16], [5, 19], [6, 12], [6, 18], [7, 12], [7, 14], [7, 15], [7, 17], [7, 21], [7, 23], [9, 10], [10, 11], [10, 17], [10, 18], [10, 19], [10, 20], [10, 21], [12, 20]], "tanks": [{"capacity": 261, "impossibleCargos": [0, 2, 3, 7, 8, 9, 10, 12, 13, 14, 20], "neighbors": [4, 5, 27, 31, 9, 13, 26, 7, 20, 23, 3, 8, 1, 25, 22, 19, 34, 33, 21, 11, 12, 28, 16, 14, 18]}, {"capacity": 228, "impossibleCargos": [1, 2, 5, 6, 9, 14, 15, 16, 17, 19, 20, 23, 24], "neighbors": [23, 12, 31, 5, 25, 10, 24, 17, 20, 9, 21, 7, 0, 3, 32, 18, 14, 30, 8, 33, 6, 2, 15, 19]}, {"capacity": 299, "impossibleCargos": [0, 2, 4, 7, 8, 10, 11, 13, 14, 19, 24], "neighbors": [29, 5, 3, 11, 26, 4, 9, 27, 19, 10, 32, 34, 23, 20, 21, 17, 30, 14, 24, 12, 18, 8, 31, 6, 13, 22, 1]}, {"capacity": 209, "impossibleCargos": [0, 1, 2, 4, 7, 8, 10, 14, 17, 20, 22, 23, 24], "neighbors": [25, 28, 2, 18, 33, 29, 27, 5, 22, 11, 0, 30, 32, 20, 23, 1, 31, 8, 34, 17, 24, 21, 26, 19, 14]}, {"capacity": 251, "impossibleCargos": [0, 1, 5, 8, 10, 11, 12, 17, 18, 20, 21, 22, 24], "neighbors": [0, 14, 15, 33, 2, 29, 11, 7, 12, 34, 10, 9, 18, 24, 30, 32, 17, 5, 16, 19, 26, 25, 8, 23, 6, 22, 20, 13]}, {"capacity": 200, "impossibleCargos": [2, 3, 6, 10, 15, 16, 19, 22, 23], "neighbors": [0, 2, 21, 24, 1, 32, 31, 6, 3, 26, 10, 27, 19, 15, 12, 7, 4, 34, 18, 16, 23, 9, 33, 29, 13]}, {"capacity": 259, "impossibleCargos": [0, 1, 2, 3, 4, 5, 6, 9, 11, 12, 18, 20, 22, 24], "neighbors": [7, 5, 11, 23, 20, 31, 10, 27, 26, 25, 14, 12, 24, 29, 16, 13, 2, 1, 19, 4, 9, 32]}, {"capacity": 263, "impossibleCargos": [0, 2, 3, 5, 6, 7, 8, 9, 10, 14, 16, 17, 19, 21, 22], "neighbors": [9, 34, 8, 11, 10, 19, 4, 6, 0, 30, 1, 32, 18, 29, 5, 16, 15, 21, 24, 26, 14]}, {"capacity": 204, "impossibleCargos": [0, 1, 3, 4, 5, 7, 8, 9, 16, 17, 18, 23], "neighbors": [26, 24, 12, 7, 18, 21, 27, 23, 30, 0, 15, 31, 17, 13, 3, 28, 2, 16, 19, 4, 29, 1, 14, 33]}, {"capacity": 207, "impossibleCargos": [1, 4, 6, 7, 10, 13, 18, 19, 23], "neighbors": [7, 2, 11, 0, 33, 1, 18, 21, 34, 23, 22, 4, 28, 19, 13, 20, 24, 25, 14, 30, 16, 5, 26, 27, 6, 17]}, {"capacity": 203, "impossibleCargos": [0, 1, 2, 4, 7, 10, 13, 14, 17, 23, 24], "neighbors": [28, 16, 21, 7, 1, 15, 30, 31, 2, 13, 33, 4, 23, 5, 34, 27, 6, 26, 25, 17, 22, 18, 14, 24, 19, 12]}, {"capacity": 224, "impossibleCargos": [1, 3, 5, 6, 7, 9, 15, 16, 17, 21], "neighbors": [26, 2, 7, 4, 9, 6, 18, 13, 30, 3, 34, 15, 33, 19, 14, 25, 28, 12, 0, 20, 16, 31]}, {"capacity": 233, "impossibleCargos": [2, 4, 5, 6, 7, 8, 10, 13, 17, 20, 23, 24], "neighbors": [8, 27, 1, 24, 32, 13, 14, 4, 26, 15, 33, 25, 19, 23, 31, 5, 18, 2, 22, 17, 6, 20, 11, 21, 34, 0, 28, 30, 10]}, {"capacity": 224, "impossibleCargos": [2, 3, 4, 7, 9, 10, 12, 15, 22, 23], "neighbors": [20, 21, 25, 12, 0, 24, 19, 10, 11, 27, 31, 15, 32, 28, 9, 8, 34, 29, 22, 26, 33, 6, 2, 30, 5, 23, 14, 4]}, {"capacity": 284, "impossibleCargos": [0, 3, 6, 7, 11, 12, 15, 16, 18, 19, 20, 21, 24], "neighbors": [4, 28, 27, 18, 23, 12, 25, 26, 22, 31, 11, 2, 9, 33, 16, 6, 21, 10, 7, 1, 3, 8, 15, 0, 13, 20, 17]}, {"capacity": 277, "impossibleCargos": [7, 8, 9, 15, 16, 17, 21, 24], "neighbors": [4, 29, 20, 26, 17, 10, 33, 12, 22, 11, 28, 8, 34, 27, 5, 13, 25, 32, 7, 24, 23, 31, 30, 18, 14, 16, 1]}, {"capacity": 252, "impossibleCargos": [2, 4, 5, 7, 8, 9, 10, 17, 19, 21], "neighbors": [10, 24, 29, 21, 17, 32, 18, 31, 27, 30, 7, 4, 14, 9, 5, 8, 6, 20, 0, 15, 11, 33, 23]}, {"capacity": 267, "impossibleCargos": [0, 1, 2, 3, 4, 5, 6, 7, 8, 9, 11, 14, 23, 24], "neighbors": [15, 1, 19, 27, 16, 28, 30, 24, 23, 8, 2, 4, 12, 10, 34, 21, 3, 26, 31, 20, 32, 14, 9]}, {"capacity": 204, "impossibleCargos": [0, 1, 4, 7, 12, 13, 15, 16, 21], "neighbors": [26, 3, 14, 8, 21, 11, 9, 31, 25, 16, 4, 7, 23, 12, 22, 2, 5, 29, 10, 24, 1, 33, 15, 0]}, {"capacity": 286, "impossibleCargos": [0, 1, 8, 10, 13, 15, 16, 18, 20, 21, 22, 23], "neighbors": [7, 29, 17, 13, 2, 24, 5, 12, 25, 28, 30, 9, 22, 11, 21, 23, 0, 4, 27, 8, 26, 33, 3, 10, 6, 1, 31]}, {"capacity": 253, "impossibleCargos": [0, 2, 3, 4, 6, 7, 9, 10, 12, 13, 16, 17, 18], "neighbors": [13, 23, 15, 26, 1, 22, 0, 6, 28, 2, 27, 3, 24, 33, 25, 21, 9, 32, 12, 34, 11, 16, 17, 14, 4]}, {"capacity": 201, "impossibleCargos": [0, 1, 3, 4, 7, 12, 14, 18, 19, 20], "neighbors": [34, 13, 10, 5, 25, 16, 18, 8, 27, 1, 24, 26, 9, 2, 20, 19, 32, 33, 17, 7, 0, 14, 12, 3, 22, 29, 23, 30]}, {"capacity": 227, "impossibleCargos": [4, 5, 7, 9, 10, 11, 14, 18, 20, 21, 23], "neighbors": [25, 28, 20, 3, 23, 15, 33, 9, 14, 19, 26, 34, 0, 27, 18, 24, 12, 13, 10, 29, 21, 2, 31, 4, 30]}, {"capacity": 276, "impossibleCargos": [0, 1, 4, 8, 12, 13, 14, 19, 20, 23, 24], "neighbors": [20, 26, 31, 1, 14, 6, 0, 8, 10, 22, 9, 17, 2, 27, 12, 18, 34, 3, 19, 28, 15, 5, 29, 32, 24, 4, 21, 13, 16, 30]}, {"capacity": 297, "impossibleCargos": [2, 3, 6, 10, 15, 16, 18, 21, 24], "neighbors": [8, 16, 33, 12, 5, 1, 13, 19, 21, 28, 17, 26, 4, 25, 20, 9, 2, 22, 31, 15, 6, 7, 18, 34, 3, 29, 23, 10, 27]}, {"capacity": 213, "impossibleCargos": [0, 1, 2, 3, 5, 6, 9, 10, 12, 16, 17, 18, 19, 20], "neighbors": [3, 22, 13, 1, 21, 33, 18, 12, 14, 19, 31, 24, 20, 9, 0, 15, 6, 10, 11, 28, 4, 29, 26, 34]}, {"capacity": 295, "impossibleCargos": [0, 2, 4, 6, 7, 10, 12, 13, 16, 17, 19, 23, 24], "neighbors": [8, 11, 18, 23, 2, 15, 20, 34, 0, 12, 5, 21, 14, 24, 31, 10, 22, 6, 32, 29, 13, 4, 7, 9, 19, 17, 3, 25, 28, 33]}, {"capacity": 265, "impossibleCargos": [0, 1, 4, 6, 7, 8, 10, 17, 19, 20, 23], "neighbors": [34, 0, 14, 12, 29, 17, 3, 2, 21, 8, 30, 10, 13, 5, 15, 16, 20, 23, 32, 6, 22, 19, 9, 24]}, {"capacity": 300, "impossibleCargos": [4, 9, 12, 14, 19, 22, 23, 24], "neighbors": [10, 3, 14, 22, 17, 30, 24, 20, 15, 9, 19, 33, 13, 29, 32, 8, 23, 11, 25, 0, 12, 26]}, {"capacity": 252, "impossibleCargos": [0, 3, 4, 10, 11, 15, 17, 18, 19, 23], "neighbors": [2, 15, 33, 4, 27, 16, 19, 3, 31, 32, 30, 28, 34, 7, 13, 26, 18, 22, 23, 25, 6, 8, 24, 5, 21]}, {"capacity": 230, "impossibleCargos": [0, 1, 2, 5, 7, 12, 13, 16, 17, 18, 22, 24], "neighbors": [32, 10, 11, 8, 7, 28, 17, 27, 3, 34, 29, 19, 16, 4, 2, 9, 31, 15, 1, 13, 33, 21, 22, 23, 12]}, {"capacity": 268, "impossibleCargos": [1, 3, 8, 9, 11, 15, 16, 17, 20, 21, 22, 23], "neighbors": [23, 1, 0, 5, 29, 10, 18, 6, 16, 13, 33, 25, 8, 12, 26, 14, 3, 24, 2, 32, 15, 30, 17, 34, 22, 19, 11]}, {"capacity": 222, "impossibleCargos": [0, 1, 2, 5, 9, 11, 14, 16, 20, 22, 24], "neighbors": [30, 33, 12, 5, 29, 2, 34, 16, 3, 7, 13, 27, 4, 21, 1, 20, 15, 28, 26, 31, 23, 17, 6]}, {"capacity": 218, "impossibleCargos": [5, 6, 8, 11, 13, 14, 15, 18, 19, 20, 21, 22], "neighbors": [4, 29, 24, 32, 3, 9, 25, 10, 15, 12, 22, 31, 11, 28, 20, 14, 21, 0, 13, 18, 19, 5, 1, 30, 8, 16, 26]}, {"capacity": 272, "impossibleCargos": [1, 3, 5, 6, 7, 10, 11, 12, 13, 14, 19, 22], "neighbors": [21, 27, 7, 26, 4, 32, 10, 9, 11, 30, 2, 15, 23, 29, 22, 3, 13, 5, 17, 0, 20, 24, 12, 31, 25]}]}