{"volumes": [0, 403, 157, 162, 593, 174, 605, 0, 233, 146, 0, 253, 221, 0, 315, 202, 713, 513, 454, 0, 400, 547, 123, 209, 0], "conflicts": [[0, 4], [0, 6], [0, 8], [0, 9], [0, 12], [0, 16], [0, 18], [2, 7], [2, 15], [2, 19], [3, 5], [3, 10], [3, 23], [3, 24], [4, 7], [4, 13], [5, 14], [7, 17], [7, 22], [8, 13], [9, 10], [10, 11], [10, 13], [10, 14], [10, 16], [10, 20], [10, 21], [12, 13], [13, 23], [16, 19], [17, 19], [18, 19], [18, 24], [19, 24], [22, 23]], "tanks": [{"capacity": 227, "impossibleCargos": [1, 6, 7, 10, 11, 13, 15, 16, 17, 18], "neighbors": [23, 29, 30, 7, 17, 26, 34, 33, 4, 3, 6, 24, 5, 22, 15, 21, 12, 10, 13, 18, 8, 19, 27, 9, 31, 14]}, {"capacity": 209, "impossibleCargos": [0, 1, 2, 4, 8, 11, 12, 17, 18, 21, 22, 23], "neighbors": [3, 25, 17, 5, 26, 16, 20, 32, 24, 4, 22, 18, 2, 27, 33, 23, 9, 21, 29, 28, 6, 8]}, {"capacity": 289, "impossibleCargos": [0, 3, 5, 6, 9, 11, 15, 17, 18, 19, 21, 24], "neighbors": [4, 25, 14, 6, 17, 12, 21, 22, 13, 32, 20, 9, 8, 1, 16, 18, 26, 28, 15, 3, 33, 29, 23, 10, 11, 30, 5]}, {"capacity": 205, "impossibleCargos": [0, 1, 2, 10, 11, 14, 18, 22, 23, 24], "neighbors": [26, 24, 12, 1, 14, 0, 27, 11, 18, 30, 23, 28, 8, 19, 9, 16, 2, 29, 21, 17, 25, 34, 15, 5, 4]}, {"capacity": 273, "impossibleCargos": [4, 7, 10, 11, 14, 16, 17, 18, 20, 21, 22], "neighbors": [2, 32, 17, 33, 19, 8, 0, 10, 16, 1, 29, 22, 30, 20, 31, 9, 21, 12, 23, 24, 7, 26, 18, 3]}, {"capacity": 238, "impossibleCargos": [3, 4, 6, 7, 9, 10, 12, 13, 14, 15, 17, 19, 20, 21, 23], "neighbors": [30, 11, 18, 25, 20, 16, 1, 33, 9, 6, 21, 24, 10, 7, 28, 22, 0, 31, 17, 15, 23, 27, 13, 8, 32, 3, 2, 26]}, {"capacity": 261, "impossibleCargos": [0, 5, 7, 10, 11, 13, 14, 15], "neighbors": [8, 17, 31, 30, 2, 7, 34, 10, 21, 14, 5, 0, 19, 26, 23, 13, 25, 12, 20, 33, 32, 1, 22, 9, 16, 27]}, {"capacity": 293, "impossibleCargos": [1, 2, 3, 6, 11, 14, 15, 16, 17, 18, 19], "neighbors": [25, 0, 29, 13, 22, 10, 6, 33, 27, 14, 20, 5, 30, 28, 17, 32, 4, 23, 34, 12, 11, 19]}, {"capacity": 230, "impossibleCargos": [1, 3, 6, 9, 10, 11, 12, 13, 17, 20, 22, 23, 24], "neighbors": [10, 6, 28, 19, 30, 24, 4, 23, 21, 14, 25, 15, 22, 16, 29, 9, 2, 27, 20, 11, 26, 13, 3, 0, 31, 5, 12, 1, 32]}, {"capacity": 247, "impossibleCargos": [1, 6, 7, 8, 9, 11, 12, 15, 16, 20], "neighbors": [29, 25, 16, 13, 12, 26, 34, 27, 28, 11, 18, 31, 20, 5, 8, 2, 10, 1, 4, 22, 3, 21, 17, 0, 6, 15]}, {"capacity": 259, "impossibleCargos": [0, 2, 5, 6, 11, 13, 17, 18, 19, 21], "neighbors": [8, 13, 31, 32, 24, 7, 6, 29, 30, 34, 19, 4, 15, 23, 5, 17, 9, 11, 16, 21, 0, 12, 33, 18, 2, 22, 14, 26, 20]}, {"capacity": 245, "impossibleCargos": [0, 1, 2, 4, 6, 7, 11, 15, 17, 18, 19, 20, 24], "neighbors": [29, 16, 33, 5, 9, 32, 25, 18, 13, 30, 20, 10, 24, 3, 23, 8, 31, 27, 28, 22, 17, 2, 7, 14]}, {"capacity": 218, "impossibleCargos": [3, 5, 6, 7, 8, 11, 12, 13, 17, 18, 21, 23], "neighbors": [27, 21, 9, 3, 18, 17, 2, 26, 15, 22, 14, 16, 13, 31, 23, 0, 10, 24, 6, 4, 32, 34, 8, 7]}, {"capacity": 203, "impossibleCargos": [0, 1, 2, 3, 6, 10, 11, 20, 21, 22, 23, 24], "neighbors": [18, 10, 34, 14, 7, 24, 9, 31, 27, 15, 16, 22, 11, 2, 12, 25, 29, 17, 23, 8, 6, 0, 32, 30, 5, 19, 20, 21]}, {"capacity": 276, "impossibleCargos": [0, 2, 7, 9, 10, 11, 13, 14, 18, 19, 21, 24], "neighbors": [13, 25, 16, 2, 3, 32, 30, 31, 6, 28, 7, 8, 12, 24, 23, 27, 34, 21, 26, 20, 15, 10, 0, 22, 11]}, {"capacity": 219, "impossibleCargos": [0, 1, 2, 4, 6, 7, 11, 13, 14, 18, 21], "neighbors": [22, 32, 26, 29, 13, 33, 12, 10, 8, 25, 24, 19, 0, 21, 31, 23, 2, 5, 27, 28, 30, 14, 9, 17, 3, 20]}, {"capacity": 288, "impossibleCargos": [0, 1, 4, 6, 11, 12, 15, 16, 17, 18, 19, 20, 21, 22, 24], "neighbors": [31, 9, 11, 14, 5, 17, 13, 23, 1, 4, 12, 8, 24, 27, 26, 10, 2, 33, 28, 19, 22, 3, 34, 30, 6]}, {"capacity": 239, "impossibleCargos": [0, 1, 5, 6, 7, 9, 11, 12, 16, 18, 19, 20, 23, 24], "neighbors": [31, 4, 6, 2, 0, 18, 33, 1, 16, 12, 21, 32, 29, 10, 20, 22, 7, 13, 24, 5, 34, 26, 9, 3, 15, 11, 25, 23, 27]}, {"capacity": 285, "impossibleCargos": [2, 7, 9, 10, 17, 18, 21, 22], "neighbors": [13, 30, 24, 5, 12, 17, 9, 11, 33, 29, 32, 22, 25, 1, 3, 19, 2, 23, 0, 10, 4]}, {"capacity": 244, "impossibleCargos": [0, 4, 5, 6, 7, 11, 12, 18, 20, 22, 24], "neighbors": [20, 8, 4, 23, 33, 10, 25, 6, 15, 18, 24, 21, 22, 16, 34, 3, 26, 0, 28, 13, 30, 31, 29, 7]}, {"capacity": 200, "impossibleCargos": [2, 3, 4, 5, 10, 13, 14, 15, 16, 17, 18, 19, 20], "neighbors": [19, 21, 5, 30, 32, 27, 22, 9, 1, 7, 2, 25, 33, 17, 11, 8, 28, 4, 34, 23, 14, 26, 6, 13, 15, 10]}, {"capacity": 233, "impossibleCargos": [0, 3, 4, 11, 12, 19, 20, 23, 24], "neighbors": [12, 20, 33, 24, 6, 17, 2, 28, 8, 5, 23, 34, 14, 29, 30, 19, 0, 10, 15, 4, 31, 9, 3, 1, 13, 32]}, {"capacity": 276, "impossibleCargos": [0, 3, 6, 10, 11, 12, 13, 21, 22], "neighbors": [15, 7, 26, 30, 20, 12, 13, 8, 2, 32, 18, 5, 1, 28, 17, 0, 4, 19, 34, 16, 9, 31, 10, 11, 6, 25, 14]}, {"capacity": 268, "impossibleCargos": [4, 5, 6, 10, 11, 13, 16, 18, 19, 20, 21, 22, 24], "neighbors": [0, 28, 33, 34, 19, 8, 16, 27, 10, 29, 14, 21, 11, 13, 26, 6, 1, 12, 3, 18, 20, 15, 4, 5, 32, 25, 30, 7, 2, 17]}, {"capacity": 214, "impossibleCargos": [3, 4, 7, 8, 10, 11, 14, 16, 17, 18, 19, 21, 23], "neighbors": [3, 10, 13, 21, 18, 8, 25, 26, 14, 5, 1, 16, 0, 15, 33, 11, 27, 19, 17, 28, 12, 34, 29, 30, 4]}, {"capacity": 282, "impossibleCargos": [0, 6, 8, 9, 10, 11, 12, 13, 14, 17, 20, 21], "neighbors": [7, 9, 28, 14, 2, 5, 31, 34, 1, 33, 24, 11, 8, 27, 32, 15, 20, 18, 29, 19, 13, 30, 6, 23, 3, 22, 17]}, {"capacity": 224, "impossibleCargos": [0, 8, 9, 10, 11, 12, 14, 19, 21, 22, 24], "neighbors": [3, 22, 9, 15, 0, 1, 24, 12, 31, 16, 6, 34, 30, 23, 14, 2, 8, 32, 20, 17, 19, 4, 10, 5]}, {"capacity": 237, "impossibleCargos": [0, 3, 7, 8, 11, 12, 13, 16, 17, 18, 19, 20, 22, 23, 24], "neighbors": [12, 31, 33, 13, 9, 28, 20, 7, 23, 25, 14, 3, 16, 8, 24, 1, 29, 11, 32, 15, 5, 0, 6, 17]}, {"capacity": 229, "impossibleCargos": [2, 3, 5, 6, 8, 9, 11, 15, 24], "neighbors": [8, 23, 25, 29, 27, 9, 14, 21, 32, 5, 33, 7, 22, 30, 20, 16, 3, 2, 24, 15, 19, 1, 11, 34]}, {"capacity": 242, "impossibleCargos": [2, 4, 5, 11, 12, 13, 15, 18, 19, 21, 22], "neighbors": [0, 30, 9, 11, 7, 34, 31, 28, 15, 10, 23, 18, 17, 8, 25, 4, 13, 21, 27, 33, 24, 3, 2, 1, 19]}, {"capacity": 221, "impossibleCargos": [2, 3, 5, 6, 8, 9, 10, 12, 14, 19, 20, 22, 23, 24], "neighbors": [29, 0, 18, 5, 8, 6, 34, 14, 10, 20, 22, 7, 28, 11, 25, 26, 21, 3, 4, 13, 15, 24, 23, 19, 16, 2]}, {"capacity": 260, "impossibleCargos": [1, 3, 4, 5, 7, 11, 12, 14, 15, 17, 18, 19, 20, 22, 24], "neighbors": [27, 17, 10, 16, 13, 6, 29, 25, 14, 9, 26, 5, 12, 11, 33, 4, 15, 8, 34, 22, 21, 32, 0, 19]}, {"capacity": 293, "impossibleCargos": [0, 1, 2, 5, 9, 10, 12, 13, 14, 18, 20, 21, 22, 23], "neighbors": [4, 15, 10, 14, 20, 11, 25, 1, 17, 22, 18, 2, 28, 7, 27, 26, 13, 12, 23, 31, 6, 33, 5, 21, 8]}, {"capacity": 271, "impossibleCargos": [2, 3, 5, 7, 9, 11, 19, 22], "neighbors": [27, 11, 21, 4, 23, 7, 17, 25, 19, 5, 0, 15, 18, 28, 20, 24, 16, 1, 31, 34, 29, 10, 6, 2, 32]}, {"capacity": 266, "impossibleCargos": [5, 7, 9, 10, 12, 14, 15, 17], "neighbors": [13, 29, 23, 6, 9, 30, 25, 0, 10, 21, 14, 26, 22, 33, 20, 19, 17, 24, 31, 16, 12, 3, 7, 28]}]}