{"volumes": [178, 0, 190, 276, 196, 0, 585, 616, 0, 229, 354, 0, 401, 454, 167, 407, 162, 526, 170, 293, 161, 494, 0, 0, 351], "conflicts": [[0, 5], [0, 22], [0, 23], [1, 4], [1, 7], [1, 10], [1, 13], [1, 14], [1, 15], [1, 16], [1, 17], [1, 18], [1, 19], [1, 23], [1, 24], [2, 4], [2, 8], [2, 11], [2, 14], [2, 22], [3, 5], [3, 8], [3, 11], [4, 5], [4, 8], [4, 11], [4, 22], [5, 7], [5, 8], [5, 9], [5, 12], [5, 13], [5, 14], [5, 15], [5, 16], [5, 21], [5, 22], [5, 24], [7, 8], [7, 11], [8, 9], [8, 11], [8, 12], [8, 14], [8, 20], [8, 22], [8, 24], [9, 18], [9, 22], [9, 23], [9, 24], [10, 11], [10, 22], [11, 12], [11, 14], [11, 15], [11, 16], [11, 17], [11, 19], [13, 22], [15, 22], [15, 23], [16, 23], [17, 22], [20, 21], [20, 23], [21, 22], [21, 23], [22, 23]], "tanks": [{"capacity": 285, "impossibleCargos": [0, 2, 3, 6, 7, 8, 9, 10, 14, 17, 18, 20, 22, 24], "neighbors": [10, 29, 27, 23, 32, 7, 4, 19, 15, 22, 26, 2, 34, 12, 5, 3, 1, 28, 6, 11, 20, 17, 13, 16, 9, 8, 14, 33]}, {"capacity": 245, "impossibleCargos": [0, 1, 2, 3, 4, 5, 8, 9, 11, 12, 13, 14, 15, 16, 17, 18, 19, 20, 22, 23], "neighbors": [4, 7, 26, 34, 23, 19, 32, 25, 8, 22, 0, 9, 18, 10, 2, 21, 6, 33, 15, 20, 28, 24, 3, 17, 14, 5]}, {"capacity": 295, "impossibleCargos": [0, 1, 3, 5, 6, 7, 8, 9, 10, 11, 13, 14, 15, 16, 17, 21, 22, 23, 24], "neighbors": [14, 28, 3, 34, 25, 32, 15, 10, 4, 0, 5, 26, 11, 1, 8, 23, 31, 30, 24, 21, 29, 6, 33, 17]}, {"capacity": 252, "impossibleCargos": [0, 2, 3, 4, 7, 8, 10, 11, 13, 14, 15, 16, 17, 19, 20, 21, 22], "neighbors": [30, 2, 18, 22, 9, 12, 21, 28, 27, 32, 16, 34, 0, 17, 20, 1, 7, 23, 14, 10, 29, 31, 33, 4, 25, 19, 11]}, {"capacity": 206, "impossibleCargos": [0, 1, 2, 3, 4, 5, 7, 8, 9, 11, 12, 13, 14, 16, 19, 20, 21, 22, 23, 24], "neighbors": [22, 1, 20, 26, 32, 0, 23, 21, 2, 6, 30, 31, 28, 13, 29, 16, 12, 18, 7, 19, 34, 24, 5, 17, 11, 27, 15, 9, 3]}, {"capacity": 260, "impossibleCargos": [1, 2, 3, 5, 6, 8, 10, 11, 12, 15, 16, 18, 19, 20, 21, 22, 24], "neighbors": [28, 29, 19, 7, 31, 10, 9, 6, 2, 0, 14, 13, 17, 26, 4, 18, 20, 8, 33, 34, 25, 1, 15]}, {"capacity": 234, "impossibleCargos": [1, 4, 5, 6, 8, 9, 10, 12, 13, 15, 16, 17, 18, 20, 21, 22, 24], "neighbors": [18, 20, 12, 10, 11, 23, 29, 28, 25, 27, 4, 16, 30, 5, 8, 31, 26, 0, 1, 32, 15, 34, 7, 19, 33, 2, 17, 24]}, {"capacity": 235, "impossibleCargos": [0, 1, 2, 3, 4, 6, 7, 8, 10, 11, 13, 14, 15, 17, 18, 19, 20, 21, 22], "neighbors": [12, 25, 1, 28, 0, 31, 17, 5, 19, 16, 15, 23, 32, 29, 13, 4, 14, 18, 22, 6, 3, 27, 24, 11, 30, 20]}, {"capacity": 211, "impossibleCargos": [0, 1, 2, 4, 5, 6, 7, 12, 13, 14, 16, 17, 18, 19, 20, 22, 23, 24], "neighbors": [12, 26, 11, 28, 21, 27, 14, 1, 13, 6, 32, 19, 15, 18, 2, 25, 33, 10, 31, 5, 23, 0]}, {"capacity": 280, "impossibleCargos": [0, 1, 2, 3, 4, 6, 8, 9, 10, 12, 14, 16, 17, 18, 19, 20, 21, 22, 23, 24], "neighbors": [20, 15, 21, 17, 19, 3, 30, 11, 16, 23, 5, 31, 24, 12, 1, 25, 27, 0, 28, 4, 33, 26, 14, 10]}, {"capacity": 277, "impossibleCargos": [1, 2, 5, 6, 7, 8, 9, 10, 12, 13, 14, 15, 17, 21, 22, 23], "neighbors": [0, 17, 11, 6, 21, 28, 19, 16, 32, 14, 2, 26, 18, 22, 29, 5, 12, 1, 33, 25, 27, 30, 8, 3, 34, 9]}, {"capacity": 211, "impossibleCargos": [0, 2, 5, 6, 7, 9, 10, 11, 12, 14, 15, 16, 17, 19, 20, 21, 22, 23, 24], "neighbors": [15, 34, 8, 22, 33, 10, 6, 23, 20, 13, 9, 28, 30, 12, 31, 17, 2, 0, 16, 29, 4, 19, 7, 14, 18, 3]}, {"capacity": 268, "impossibleCargos": [0, 1, 2, 3, 4, 6, 7, 8, 9, 10, 11, 13, 14, 15, 16, 17, 18, 19, 20, 23, 24], "neighbors": [26, 8, 7, 6, 33, 24, 22, 28, 3, 19, 29, 16, 25, 0, 11, 17, 9, 10, 20, 4, 18, 32, 30, 31, 34, 27, 13]}, {"capacity": 217, "impossibleCargos": [0, 3, 4, 5, 7, 8, 9, 10, 12, 13, 15, 16, 17, 18, 19, 20, 21, 22, 24], "neighbors": [23, 22, 28, 19, 11, 24, 8, 18, 21, 30, 14, 34, 4, 5, 7, 0, 29, 32, 12]}, {"capacity": 238, "impossibleCargos": [1, 2, 3, 4, 5, 6, 7, 10, 12, 13, 14, 15, 16, 17, 18, 20, 21, 22, 24], "neighbors": [2, 23, 17, 28, 15, 10, 8, 22, 27, 13, 33, 5, 7, 25, 3, 20, 32, 16, 0, 11, 18, 1, 9]}, {"capacity": 257, "impossibleCargos": [0, 2, 3, 5, 6, 7, 8, 11, 12, 13, 14, 15, 18, 19, 21, 22, 23, 24], "neighbors": [9, 11, 2, 14, 0, 22, 19, 26, 7, 16, 8, 6, 33, 28, 23, 1, 25, 21, 30, 29, 34, 4, 18, 31, 5]}, {"capacity": 281, "impossibleCargos": [2, 3, 4, 8, 9, 11, 13, 14, 17, 18, 19, 20, 21], "neighbors": [10, 22, 9, 6, 12, 29, 17, 3, 7, 15, 21, 4, 32, 24, 11, 28, 27, 18, 0, 30, 31, 23, 25, 14, 33, 20, 19]}, {"capacity": 226, "impossibleCargos": [1, 3, 4, 7, 8, 9, 10, 12, 13, 14, 16, 17, 19, 20, 21, 22, 23, 24], "neighbors": [10, 9, 14, 7, 29, 34, 16, 30, 12, 33, 11, 18, 21, 3, 27, 5, 0, 23, 4, 31, 32, 6, 1, 28, 19, 26, 2, 22]}, {"capacity": 200, "impossibleCargos": [0, 1, 3, 4, 5, 6, 7, 8, 10, 14, 15, 16, 21, 24], "neighbors": [6, 25, 30, 3, 27, 28, 32, 29, 10, 31, 13, 17, 1, 26, 8, 4, 33, 12, 23, 7, 5, 34, 16, 24, 19, 15, 14, 11, 20]}, {"capacity": 276, "impossibleCargos": [1, 2, 3, 4, 5, 7, 8, 10, 11, 12, 13, 14, 16, 18, 19, 20, 21, 22, 23, 24], "neighbors": [9, 28, 13, 10, 26, 0, 5, 32, 7, 12, 1, 15, 29, 34, 8, 20, 33, 27, 24, 4, 6, 22, 18, 31, 11, 16, 17, 3]}, {"capacity": 250, "impossibleCargos": [0, 1, 3, 4, 6, 7, 8, 9, 10, 11, 13, 14, 15, 16, 17, 18, 19, 20, 21, 22, 23, 24], "neighbors": [9, 24, 4, 6, 31, 11, 33, 28, 22, 29, 19, 12, 21, 26, 0, 1, 5, 3, 34, 14, 27, 32, 7, 16, 18]}, {"capacity": 278, "impossibleCargos": [0, 1, 2, 3, 5, 6, 7, 8, 10, 12, 14, 15, 16, 19, 22, 23, 24], "neighbors": [25, 9, 10, 34, 8, 4, 3, 13, 30, 28, 26, 16, 17, 23, 20, 1, 31, 15, 2]}, {"capacity": 212, "impossibleCargos": [0, 3, 4, 5, 6, 7, 8, 9, 10, 11, 12, 13, 14, 15, 16, 18, 20, 22, 24], "neighbors": [4, 34, 13, 24, 11, 3, 33, 12, 15, 16, 0, 14, 10, 20, 1, 27, 25, 31, 28, 30, 23, 7, 29, 32, 19, 26, 17]}, {"capacity": 299, "impossibleCargos": [0, 1, 2, 3, 4, 5, 6, 7, 8, 11, 12, 13, 14, 15, 16, 17, 19, 20, 21, 22, 23, 24], "neighbors": [13, 0, 14, 11, 6, 4, 26, 1, 9, 21, 7, 18, 15, 17, 2, 22, 25, 3, 16, 34, 8, 31, 24]}, {"capacity": 224, "impossibleCargos": [1, 2, 3, 4, 5, 6, 8, 10, 14, 15, 16, 18, 20, 22, 23, 24], "neighbors": [20, 30, 22, 32, 26, 34, 12, 13, 27, 9, 29, 19, 16, 4, 1, 2, 18, 28, 7, 33, 23, 6, 25]}, {"capacity": 211, "impossibleCargos": [0, 1, 3, 5, 7, 8, 9, 10, 12, 13, 15, 18, 20, 21, 22, 23, 24], "neighbors": [21, 7, 18, 2, 32, 6, 26, 29, 1, 12, 34, 22, 28, 10, 9, 14, 33, 15, 23, 8, 16, 27, 31, 3, 5, 24]}, {"capacity": 219, "impossibleCargos": [0, 1, 3, 6, 8, 9, 10, 11, 12, 13, 14, 15, 16, 17, 18, 19, 21, 22], "neighbors": [12, 8, 4, 24, 1, 19, 23, 25, 10, 0, 29, 15, 21, 2, 6, 20, 18, 30, 31, 28, 5, 27, 34, 22, 9, 17]}, {"capacity": 201, "impossibleCargos": [0, 1, 3, 4, 5, 7, 8, 9, 10, 11, 12, 13, 14, 15, 16, 17, 18, 19, 20, 21, 22, 23], "neighbors": [33, 0, 18, 8, 6, 3, 24, 14, 22, 17, 19, 34, 32, 10, 16, 9, 26, 7, 4, 20, 25, 12]}, {"capacity": 217, "impossibleCargos": [0, 1, 3, 5, 7, 8, 9, 10, 11, 12, 13, 14, 15, 16, 18, 20, 21, 22, 23, 24], "neighbors": [5, 2, 13, 19, 8, 7, 10, 14, 18, 6, 12, 3, 20, 29, 11, 34, 21, 4, 0, 25, 15, 22, 26, 16, 1, 24, 32, 9, 30, 33, 17, 31]}, {"capacity": 289, "impossibleCargos": [0, 1, 2, 3, 4, 5, 7, 9, 11, 12, 13, 14, 16, 17, 18, 19, 20, 21, 22, 23, 24], "neighbors": [0, 5, 6, 18, 17, 12, 25, 26, 20, 10, 16, 28, 19, 33, 4, 7, 24, 11, 32, 22, 13, 3, 2, 15, 30]}, {"capacity": 274, "impossibleCargos": [0, 1, 2, 6, 7, 8, 9, 10, 11, 12, 14, 15, 16, 18, 19, 22, 23, 24], "neighbors": [24, 3, 18, 9, 31, 4, 6, 33, 34, 11, 13, 21, 17, 12, 26, 22, 2, 16, 32, 10, 15, 28, 7, 29]}, {"capacity": 294, "impossibleCargos": [1, 2, 3, 4, 6, 8, 10, 11, 13, 14, 15, 16, 17, 18, 19, 20, 21, 22], "neighbors": [20, 7, 34, 33, 30, 5, 18, 9, 4, 6, 11, 21, 22, 26, 12, 2, 16, 17, 32, 8, 19, 3, 23, 25, 15, 28]}, {"capacity": 279, "impossibleCargos": [1, 2, 5, 6, 8, 9, 10, 11, 12, 13, 14, 15, 16, 17, 18, 19, 21, 22], "neighbors": [0, 4, 24, 2, 18, 10, 25, 19, 1, 8, 3, 7, 16, 6, 12, 27, 29, 30, 13, 31, 22, 14, 17, 28, 20]}, {"capacity": 237, "impossibleCargos": [0, 1, 2, 5, 6, 7, 8, 9, 11, 14, 16, 17, 19, 20, 21, 22, 24], "neighbors": [27, 11, 12, 22, 20, 31, 30, 29, 34, 17, 19, 14, 18, 10, 15, 1, 25, 8, 6, 24, 5, 3, 16, 9, 28, 0, 2]}, {"capacity": 229, "impossibleCargos": [0, 1, 2, 4, 5, 7, 8, 9, 10, 11, 13, 14, 16, 17, 18, 19], "neighbors": [22, 11, 2, 21, 1, 24, 31, 17, 30, 28, 33, 0, 25, 19, 3, 13, 27, 4, 6, 12, 18, 20, 26, 10, 23, 15, 5]}]}