{"volumes": [737, 180, 0, 0, 669, 0, 0, 0, 405, 0, 160, 458, 410, 583, 212, 427, 312, 158, 376, 0, 335, 232, 446, 0, 115], "conflicts": [[0, 6], [0, 7], [0, 19], [0, 23], [1, 3], [1, 6], [1, 7], [1, 9], [1, 23], [2, 3], [2, 4], [2, 10], [2, 11], [2, 12], [2, 13], [2, 14], [2, 15], [2, 18], [2, 19], [2, 20], [2, 21], [2, 22], [3, 7], [3, 8], [3, 9], [3, 10], [3, 11], [3, 13], [3, 15], [3, 17], [3, 20], [3, 21], [3, 23], [3, 24], [4, 5], [4, 7], [4, 9], [4, 23], [5, 6], [5, 7], [5, 9], [5, 10], [5, 11], [5, 12], [5, 14], [5, 15], [5, 16], [5, 19], [5, 21], [5, 24], [6, 11], [6, 14], [6, 15], [6, 16], [6, 17], [6, 18], [6, 20], [6, 22], [7, 8], [7, 9], [7, 10], [7, 11], [7, 13], [7, 15], [7, 18], [7, 19], [7, 21], [8, 23], [9, 10], [9, 12], [9, 19], [9, 23], [10, 24], [11, 19], [12, 23], [13, 19], [14, 16], [14, 19], [16, 19], [16, 23], [17, 18], [18, 23], [19, 21], [19, 22], [20, 23], [22, 24]], "tanks": [{"capacity": 295, "impossibleCargos": [2, 3, 5, 6, 7, 8, 9, 10, 11, 14, 15, 16, 17, 18, 20, 21, 22, 24], "neighbors": [8, 19, 9, 13, 24, 12, 2, 33, 31, 30, 17, 20, 16, 28, 1, 11, 4, 14, 34, 10, 6, 32, 18, 5, 26, 23, 29, 15]}, {"capacity": 207, "impossibleCargos": [2, 3, 4, 5, 6, 8, 9, 12, 13, 14, 15, 16, 17, 18, 19, 21, 22, 24], "neighbors": [8, 15, 16, 9, 7, 18, 20, 12, 33, 4, 34, 10, 27, 28, 30, 14, 22, 0, 2, 23, 3, 24, 26, 6, 25, 17, 21]}, {"capacity": 230, "impossibleCargos": [0, 1, 2, 4, 6, 8, 9, 10, 12, 13, 16, 17, 19, 22, 24], "neighbors": [33, 5, 7, 3, 0, 23, 20, 21, 6, 30, 1, 29, 11, 10, 16, 22, 31, 9, 14, 13, 18, 27]}, {"capacity": 257, "impossibleCargos": [0, 1, 3, 4, 6, 8, 9, 10, 13, 15, 16, 17, 18, 19, 20, 21, 22], "neighbors": [12, 8, 22, 13, 2, 7, 25, 34, 21, 5, 16, 15, 32, 9, 17, 31, 1, 26, 14, 20, 11, 4, 24, 33, 10, 6, 29, 30, 18]}, {"capacity": 280, "impossibleCargos": [1, 2, 4, 5, 6, 7, 8, 9, 10, 11, 12, 13, 16, 17, 18, 19, 20, 21, 22, 23], "neighbors": [7, 11, 19, 20, 1, 12, 33, 25, 21, 14, 13, 18, 17, 31, 22, 10, 0, 27, 28, 6, 34, 3, 24, 5, 30]}, {"capacity": 249, "impossibleCargos": [4, 5, 6, 7, 8, 9, 10, 11, 12, 13, 14, 16, 20, 21, 22, 23, 24], "neighbors": [20, 21, 23, 34, 30, 7, 2, 18, 8, 32, 16, 6, 27, 13, 3, 11, 28, 31, 29, 0, 17, 25, 19, 26, 15, 24, 4, 14, 22]}, {"capacity": 226, "impossibleCargos": [0, 1, 2, 3, 4, 6, 7, 9, 10, 13, 15, 18, 19, 20, 22, 24], "neighbors": [10, 22, 9, 28, 21, 27, 7, 14, 12, 5, 2, 26, 29, 17, 31, 0, 4, 33, 20, 11, 32, 34, 1, 15, 3, 19, 25]}, {"capacity": 229, "impossibleCargos": [0, 2, 3, 4, 5, 6, 7, 8, 9, 12, 13, 14, 15, 17, 18, 19, 20, 21, 22, 23], "neighbors": [4, 17, 5, 1, 2, 6, 9, 11, 3, 28, 20, 30, 14, 27, 26, 16, 25, 18, 24, 8, 33, 19, 32, 29, 34, 23, 21, 13]}, {"capacity": 239, "impossibleCargos": [0, 1, 2, 3, 4, 5, 7, 9, 10, 13, 14, 15, 17, 18, 20, 21, 22, 24], "neighbors": [1, 3, 0, 16, 5, 24, 23, 15, 18, 11, 17, 9, 31, 20, 7, 10, 14, 19]}, {"capacity": 281, "impossibleCargos": [0, 2, 3, 4, 5, 6, 7, 8, 9, 10, 11, 12, 14, 16, 17, 18, 19, 21, 23, 24], "neighbors": [6, 0, 1, 17, 30, 7, 15, 32, 22, 31, 3, 8, 26, 10, 25, 34, 2, 19, 14, 11, 13, 12]}, {"capacity": 294, "impossibleCargos": [0, 2, 3, 4, 5, 7, 8, 10, 11, 12, 13, 14, 15, 16, 17, 18, 19, 20, 21, 23, 24], "neighbors": [26, 18, 16, 6, 28, 1, 19, 4, 11, 0, 25, 2, 9, 17, 34, 13, 27, 8, 21, 3, 20, 30, 31, 12]}, {"capacity": 228, "impossibleCargos": [0, 1, 2, 3, 4, 5, 6, 7, 8, 10, 12, 14, 16, 18, 19, 20, 21, 22, 23, 24], "neighbors": [23, 21, 31, 4, 17, 14, 18, 13, 34, 7, 22, 8, 26, 0, 5, 15, 10, 2, 3, 6, 25, 9, 33, 12, 28, 16, 29, 19, 24, 32]}, {"capacity": 254, "impossibleCargos": [0, 1, 3, 5, 6, 9, 10, 11, 12, 13, 14, 15, 16, 18, 19, 21, 23, 24], "neighbors": [3, 17, 27, 1, 0, 4, 6, 24, 30, 25, 21, 32, 18, 14, 20, 11, 19, 26, 15, 33, 9, 10]}, {"capacity": 235, "impossibleCargos": [0, 1, 3, 5, 6, 8, 9, 11, 14, 17, 18, 19, 20, 22, 24], "neighbors": [34, 23, 26, 0, 11, 3, 24, 33, 25, 5, 4, 19, 15, 22, 32, 14, 20, 10, 18, 16, 29, 9, 17, 21, 2, 28, 7]}, {"capacity": 293, "impossibleCargos": [0, 1, 2, 3, 4, 5, 8, 9, 10, 13, 14, 15, 16, 17, 18, 20, 21, 22, 23, 24], "neighbors": [25, 17, 11, 19, 6, 20, 28, 1, 4, 7, 0, 22, 24, 3, 12, 13, 31, 16, 34, 9, 8, 29, 18, 23, 2, 27, 15, 5, 33]}, {"capacity": 286, "impossibleCargos": [0, 3, 4, 5, 6, 7, 9, 10, 11, 12, 14, 15, 16, 17, 18, 20, 21, 22, 24], "neighbors": [16, 1, 18, 22, 33, 21, 8, 9, 13, 11, 19, 31, 3, 20, 17, 24, 30, 29, 6, 26, 14, 5, 12, 34, 25, 0]}, {"capacity": 237, "impossibleCargos": [0, 1, 5, 6, 7, 8, 10, 11, 13, 14, 15, 18, 19, 21, 22, 24], "neighbors": [15, 8, 10, 17, 1, 18, 20, 5, 28, 0, 3, 23, 7, 2, 21, 31, 22, 25, 14, 33, 29, 13, 11, 34]}, {"capacity": 276, "impossibleCargos": [2, 4, 6, 7, 8, 9, 10, 11, 12, 13, 15, 16, 18, 19, 20, 21, 22, 23, 24], "neighbors": [20, 14, 11, 16, 12, 7, 28, 30, 9, 18, 29, 0, 4, 8, 26, 6, 23, 3, 31, 24, 27, 32, 10, 15, 5, 34, 1, 13]}, {"capacity": 296, "impossibleCargos": [1, 2, 4, 5, 6, 9, 10, 11, 12, 13, 14, 16, 18, 19, 21, 22, 23, 24], "neighbors": [19, 20, 22, 10, 11, 15, 1, 5, 16, 17, 33, 34, 8, 4, 32, 21, 30, 12, 7, 25, 0, 28, 13, 14, 2, 3, 29]}, {"capacity": 298, "impossibleCargos": [3, 4, 5, 7, 8, 9, 11, 12, 13, 17, 18, 19, 20, 21, 22, 24], "neighbors": [18, 30, 4, 33, 0, 21, 14, 26, 10, 32, 13, 15, 24, 22, 9, 7, 5, 12, 34, 6, 27, 11, 8, 31, 28]}, {"capacity": 210, "impossibleCargos": [0, 1, 2, 4, 5, 6, 7, 8, 9, 10, 11, 12, 14, 16, 17, 20, 21, 22, 24], "neighbors": [5, 24, 18, 17, 32, 4, 26, 1, 34, 30, 27, 16, 7, 2, 14, 0, 3, 15, 33, 8, 13, 6, 12, 28, 23, 10, 29]}, {"capacity": 205, "impossibleCargos": [1, 2, 3, 4, 5, 6, 7, 8, 9, 10, 11, 13, 14, 15, 16, 18, 19, 22, 23, 24], "neighbors": [31, 11, 5, 19, 6, 22, 32, 28, 15, 2, 4, 26, 3, 18, 12, 29, 16, 27, 24, 10, 1, 13, 34, 7, 25, 33]}, {"capacity": 254, "impossibleCargos": [0, 1, 3, 4, 5, 6, 7, 10, 11, 12, 15, 16, 18, 19, 20, 21, 22, 23, 24], "neighbors": [18, 6, 3, 28, 27, 21, 30, 15, 11, 1, 13, 4, 9, 26, 14, 29, 19, 2, 16, 24, 25, 31, 5, 33]}, {"capacity": 200, "impossibleCargos": [0, 1, 2, 3, 4, 5, 6, 7, 8, 9, 11, 12, 14, 15, 16, 17, 19, 21, 22, 24], "neighbors": [11, 31, 13, 5, 28, 27, 8, 2, 30, 1, 33, 17, 29, 16, 25, 34, 24, 14, 20, 0, 32, 26, 7]}, {"capacity": 219, "impossibleCargos": [1, 2, 3, 4, 5, 6, 8, 9, 10, 12, 13, 15, 17, 18, 19, 22, 23, 24], "neighbors": [20, 31, 25, 0, 8, 28, 13, 27, 12, 26, 33, 30, 19, 17, 14, 1, 15, 7, 23, 34, 21, 3, 22, 4, 32, 5, 11]}, {"capacity": 278, "impossibleCargos": [0, 3, 5, 6, 7, 8, 9, 10, 11, 12, 13, 15, 16, 17, 18, 19, 23, 24], "neighbors": [14, 24, 34, 3, 13, 29, 4, 26, 12, 10, 7, 31, 23, 18, 33, 9, 16, 11, 5, 1, 27, 22, 15, 6, 21, 30]}, {"capacity": 294, "impossibleCargos": [1, 2, 3, 4, 5, 6, 7, 9, 11, 12, 13, 15, 16, 18, 19, 21, 22, 24], "neighbors": [10, 32, 13, 19, 20, 33, 24, 21, 11, 6, 25, 34, 17, 22, 31, 7, 9, 3, 30, 1, 0, 5, 12, 23, 15, 28]}, {"capacity": 270, "impossibleCargos": [3, 6, 7, 8, 9, 10, 11, 12, 13, 15, 17, 18, 19, 20, 21, 22, 24], "neighbors": [32, 22, 12, 6, 23, 1, 24, 28, 20, 5, 7, 4, 17, 33, 21, 29, 10, 14, 25, 19, 2, 34]}, {"capacity": 233, "impossibleCargos": [0, 2, 3, 4, 5, 8, 11, 12, 13, 14, 17, 18, 20, 21, 22, 24], "neighbors": [34, 29, 23, 22, 6, 17, 10, 24, 21, 33, 7, 27, 1, 16, 14, 0, 4, 5, 20, 18, 11, 13, 32, 26, 19]}, {"capacity": 242, "impossibleCargos": [0, 1, 2, 5, 7, 8, 9, 10, 12, 13, 16, 17, 18, 19, 21, 22, 24], "neighbors": [33, 28, 32, 34, 25, 17, 6, 2, 23, 21, 22, 27, 5, 16, 14, 15, 13, 0, 11, 3, 7, 20, 18]}, {"capacity": 261, "impossibleCargos": [0, 1, 3, 4, 5, 8, 10, 11, 12, 15, 17, 19, 20, 21, 22, 23, 24], "neighbors": [32, 19, 5, 17, 9, 22, 20, 23, 1, 7, 0, 12, 24, 2, 34, 18, 26, 15, 10, 3, 4, 25]}, {"capacity": 235, "impossibleCargos": [0, 1, 2, 3, 4, 5, 6, 7, 8, 9, 11, 12, 14, 16, 18, 19, 20, 21, 22, 23], "neighbors": [21, 11, 23, 24, 34, 0, 4, 15, 26, 6, 9, 8, 3, 25, 17, 33, 14, 16, 5, 2, 22, 10, 19]}, {"capacity": 225, "impossibleCargos": [1, 2, 3, 5, 7, 9, 11, 12, 13, 14, 15, 16, 17, 18, 19, 21, 22, 23], "neighbors": [30, 26, 20, 27, 21, 29, 5, 9, 19, 18, 13, 3, 12, 17, 0, 6, 7, 24, 23, 34, 33, 28, 11]}, {"capacity": 228, "impossibleCargos": [0, 1, 2, 3, 5, 6, 7, 9, 11, 12, 13, 14, 15, 16, 18, 19, 24], "neighbors": [29, 2, 19, 1, 18, 28, 4, 0, 15, 13, 26, 24, 23, 31, 20, 27, 6, 25, 16, 7, 11, 3, 34, 12, 14, 32, 22, 21]}, {"capacity": 231, "impossibleCargos": [1, 2, 6, 7, 8, 9, 10, 11, 12, 13, 14, 15, 16, 18, 20, 21, 22, 23], "neighbors": [13, 28, 5, 31, 11, 1, 20, 25, 18, 29, 3, 26, 30, 0, 4, 23, 10, 24, 14, 9, 17, 6, 19, 21, 7, 33, 15, 32, 27, 16]}]}