{"volumes": [0, 1448, 560, 0, 992, 0, 1196, 973, 0, 795, 994, 1800, 798, 0, 1128, 0, 319, 4518, 1374, 1112, 1147, 1331, 0, 324, 2760], "conflicts": [[0, 3], [0, 5], [0, 6], [0, 11], [0, 18], [0, 19], [0, 20], [0, 21], [0, 24], [1, 3], [1, 12], [1, 16], [2, 5], [2, 8], [2, 10], [2, 11], [2, 13], [2, 18], [2, 21], [3, 19], [3, 22], [3, 24], [4, 5], [4, 6], [4, 18], [4, 19], [5, 7], [5, 10], [5, 20], [5, 23], [5, 24], [6, 11], [6, 12], [6, 15], [7, 22], [8, 16], [8, 18], [8, 19], [8, 23], [9, 23], [10, 13], [10, 14], [10, 15], [10, 16], [10, 18], [11, 16], [12, 13], [12, 15], [12, 18], [12, 20], [12, 21], [12, 22], [13, 20], [14, 15], [14, 21], [16, 20], [16, 22], [17, 22], [19, 22], [20, 22]], "tanks": [{"capacity": 337, "impossibleCargos": [5, 16, 19, 20, 23], "neighbors": [22, 36, 25, 15, 20, 13, 8]}, {"capacity": 767, "impossibleCargos": [8, 9, 10, 11, 12, 16, 17], "neighbors": [25, 2, 4, 14, 24, 10, 30, 18]}, {"capacity": 774, "impossibleCargos": [8, 22], "neighbors": [38, 9, 1, 4, 36, 12, 20, 23, 25, 11, 32, 17, 14, 16]}, {"capacity": 283, "impossibleCargos": [0, 3, 9, 10, 13, 16, 17, 18, 24], "neighbors": [35, 27, 30, 31, 17, 7, 22, 4, 20, 5, 8]}, {"capacity": 334, "impossibleCargos": [0, 12, 15, 19, 22], "neighbors": [2, 6, 32, 31, 25, 1, 30, 3, 38]}, {"capacity": 761, "impossibleCargos": [5, 6, 15, 16, 21, 22, 23, 24], "neighbors": [33, 6, 21, 18, 11, 37, 28, 26, 22, 20, 3, 17, 12, 38, 16]}, {"capacity": 340, "impossibleCargos": [1, 9, 11, 18, 20, 23], "neighbors": [5, 19, 4, 18, 28]}, {"capacity": 358, "impossibleCargos": [2, 16, 20], "neighbors": [35, 19, 31, 36, 38, 15, 13, 11, 25, 3, 16, 37, 30, 23, 14, 24]}, {"capacity": 900, "impossibleCargos": [10, 18], "neighbors": [25, 39, 31, 29, 15, 16, 3, 0]}, {"capacity": 333, "impossibleCargos": [3, 4, 12, 13, 19, 20, 22], "neighbors": [10, 2, 22, 16, 13, 38, 34, 24, 30, 33, 37, 25, 23, 19]}, {"capacity": 998, "impossibleCargos": [7, 9, 13, 16, 17, 18, 21], "neighbors": [26, 9, 13, 37, 11, 15, 1, 27]}, {"capacity": 621, "impossibleCargos": [0, 2, 7, 8, 14, 18], "neighbors": [13, 34, 5, 10, 7, 18, 2, 24]}, {"capacity": 757, "impossibleCargos": [2, 3, 5, 18], "neighbors": [30, 16, 2, 33, 17, 5]}, {"capacity": 875, "impossibleCargos": [5, 11, 14, 20], "neighbors": [18, 10, 11, 16, 7, 9, 29, 38, 0]}, {"capacity": 452, "impossibleCargos": [0, 5, 10, 15, 18, 20], "neighbors": [23, 16, 1, 33, 21, 2, 7, 15]}, {"capacity": 830, "impossibleCargos": [0, 22, 24], "neighbors": [21, 10, 7, 38, 0, 8, 18, 34, 14]}, {"capacity": 473, "impossibleCargos": [0, 1, 6, 9, 13, 14, 20, 22], "neighbors": [38, 30, 12, 13, 19, 9, 14, 7, 34, 8, 2, 5]}, {"capacity": 732, "impossibleCargos": [2, 10, 15, 22, 24], "neighbors": [31, 38, 19, 21, 34, 3, 12, 2, 32, 5]}, {"capacity": 838, "impossibleCargos": [3, 17, 22], "neighbors": [19, 13, 32, 23, 5, 31, 26, 6, 11, 24, 28, 15, 1, 30]}, {"capacity": 499, "impossibleCargos": [6, 13, 15, 17, 19, 20, 24], "neighbors": [18, 6, 7, 16, 17, 29, 9]}, {"capacity": 751, "impossibleCargos": [0, 6, 10], "neighbors": [2, 24, 39, 30, 32, 0, 5, 3, 38]}, {"capacity": 805, "impossibleCargos": [9, 15, 18, 20, 22], "neighbors": [15, 5, 24, 33, 17, 34, 38, 14, 36, 37]}, {"capacity": 957, "impossibleCargos": [2, 5, 6, 7, 15, 16, 19, 20, 21], "neighbors": [0, 31, 9, 33, 29, 5, 3, 25, 37]}, {"capacity": 581, "impossibleCargos": [1, 5, 9, 12, 17, 22], "neighbors": [30, 14, 18, 39, 2, 7, 9, 27]}, {"capacity": 872, "impossibleCargos": [0, 5, 7, 9, 11, 16, 20, 22, 23], "neighbors": [30, 20, 31, 21, 1, 18, 9, 32, 37, 28, 29, 11, 7, 34]}, {"capacity": 541, "impossibleCargos": [4, 16, 17, 23], "neighbors": [1, 8, 33, 4, 32, 7, 36, 0, 30, 2, 38, 28, 9, 22]}, {"capacity": 476, "impossibleCargos": [0, 3, 5, 14, 16, 17, 24], "neighbors": [10, 18, 38, 5, 30, 35]}, {"capacity": 946, "impossibleCargos": [4, 15, 16], "neighbors": [38, 3, 33, 29, 10, 34, 37, 35, 23]}, {"capacity": 567, "impossibleCargos": [4, 5, 7, 8, 9, 19, 23], "neighbors": [6, 5, 33, 34, 18, 25, 24]}, {"capacity": 977, "impossibleCargos": [2, 3, 6, 8, 9, 10, 19, 23], "neighbors": [22, 13, 8, 27, 19, 24]}, {"capacity": 540, "impossibleCargos": [1, 3, 4, 5, 8, 12, 20], "neighbors": [35, 23, 12, 16, 24, 3, 20, 37, 25, 26, 4, 9, 32, 1, 7, 18]}, {"capacity": 482, "impossibleCargos": [0, 2, 4, 12, 13, 14, 15, 16, 24], "neighbors": [22, 4, 7, 18, 17, 24, 3, 8, 32]}, {"capacity": 419, "impossibleCargos": [5, 9, 10, 12, 15, 18, 24], "neighbors": [18, 4, 33, 25, 36, 2, 38, 20, 24, 30, 17, 39, 31]}, {"capacity": 599, "impossibleCargos": [0, 5, 6, 7, 9, 10, 12], "neighbors": [5, 38, 32, 25, 22, 28, 14, 21, 27, 12, 9]}, {"capacity": 364, "impossibleCargos": [1, 2, 5, 7, 8, 11, 18, 23], "neighbors": [39, 11, 28, 17, 21, 9, 16, 27, 15, 24]}, {"capacity": 534, "impossibleCargos": [0, 5, 10, 12, 14, 20, 22, 24], "neighbors": [30, 3, 7, 26, 27]}, {"capacity": 972, "impossibleCargos": [1, 8, 11, 17, 20], "neighbors": [2, 7, 0, 32, 25, 21]}, {"capacity": 691, "impossibleCargos": [2, 4, 6, 7, 11, 16], "neighbors": [10, 5, 30, 7, 24, 9, 27, 21, 22]}, {"capacity": 472, "impossibleCargos": [11, 12, 13, 17, 21, 22, 24], "neighbors": [2, 33, 16, 27, 17, 7, 15, 26, 9, 32, 21, 25, 13, 20, 4, 5]}, {"capacity": 827, "impossibleCargos": [9, 13, 15, 17, 18], "neighbors": [23, 34, 20, 8, 32]}]}