{"volumes": [0, 1448, 822, 2291, 1024, 1228, 345, 760, 1477, 267, 0, 655, 530, 2140, 454, 676, 1084, 278, 1349, 1988, 804, 1146, 918, 0, 0], "conflicts": [[0, 1], [0, 3], [0, 6], [0, 8], [0, 9], [0, 11], [0, 14], [0, 20], [0, 21], [0, 24], [1, 6], [1, 7], [1, 11], [1, 14], [1, 23], [1, 24], [2, 7], [2, 10], [2, 21], [3, 9], [3, 12], [3, 23], [3, 24], [4, 12], [4, 14], [4, 17], [4, 23], [5, 6], [5, 9], [5, 10], [5, 15], [5, 21], [5, 22], [5, 24], [6, 7], [6, 11], [6, 14], [6, 21], [6, 22], [6, 23], [7, 9], [7, 10], [7, 13], [7, 15], [7, 23], [8, 17], [9, 12], [9, 16], [9, 20], [9, 21], [9, 23], [9, 24], [10, 12], [10, 14], [10, 19], [10, 21], [10, 22], [11, 16], [11, 17], [11, 22], [11, 24], [12, 14], [12, 15], [12, 16], [12, 20], [12, 24], [13, 22], [13, 23], [13, 24], [14, 19], [14, 20], [14, 22], [14, 23], [14, 24], [15, 20], [15, 22], [15, 24], [16, 17], [16, 18], [17, 21], [18, 23], [18, 24], [19, 23], [19, 24], [20, 21], [20, 22], [20, 23], [21, 24], [22, 23], [23, 24]], "tanks": [{"capacity": 852, "impossibleCargos": [0, 3, 5, 7, 8, 9, 11, 12, 13, 15, 17, 20, 21], "neighbors": [33, 39, 32, 38, 20, 19, 15, 9, 37, 3, 16, 18]}, {"capacity": 396, "impossibleCargos": [1, 5, 6, 7, 8, 11, 12, 16, 19, 20, 21, 23], "neighbors": [7, 28, 34, 29, 4, 3, 26, 14, 35, 10, 21, 17]}, {"capacity": 820, "impossibleCargos": [0, 1, 5, 8, 11, 14, 16, 18, 19, 21, 24], "neighbors": [24, 33, 21, 7]}, {"capacity": 782, "impossibleCargos": [0, 6, 7, 12, 14, 15, 16, 20, 23], "neighbors": [5, 14, 1, 21, 18, 37, 29, 19, 0, 8, 9, 31, 25, 13]}, {"capacity": 278, "impossibleCargos": [0, 1, 4, 7, 8, 11, 12, 13, 15, 17, 20, 23, 24], "neighbors": [16, 1, 27, 21, 37, 31, 30, 28, 17, 39]}, {"capacity": 581, "impossibleCargos": [0, 2, 3, 5, 7, 8, 12, 13, 17, 20, 21, 24], "neighbors": [18, 22, 3, 36, 37, 35, 11, 28, 12, 24, 21]}, {"capacity": 922, "impossibleCargos": [2, 3, 5, 7, 10, 12, 14, 16, 18, 23, 24], "neighbors": [25, 35, 23, 20, 13, 26]}, {"capacity": 700, "impossibleCargos": [1, 2, 5, 6, 7, 9, 11, 12, 13, 14, 15, 17, 18, 21, 24], "neighbors": [1, 25, 23, 22, 21, 34, 2, 30, 18, 9, 29, 8]}, {"capacity": 300, "impossibleCargos": [0, 2, 4, 6, 8, 9, 10, 11, 12, 13, 17, 18, 19, 23], "neighbors": [27, 23, 17, 34, 13, 22, 3, 7]}, {"capacity": 536, "impossibleCargos": [0, 1, 2, 6, 7, 8, 10, 11, 12, 13, 15, 17, 18, 19, 20, 21, 22, 23, 24], "neighbors": [24, 18, 0, 3, 7, 30]}, {"capacity": 644, "impossibleCargos": [0, 4, 7, 8, 10, 14, 17, 18, 21, 22, 24], "neighbors": [22, 36, 20, 14, 16, 1, 17, 13]}, {"capacity": 850, "impossibleCargos": [0, 1, 3, 5, 6, 10, 12, 14, 15, 20, 23], "neighbors": [34, 19, 31, 28, 33, 29, 5, 23]}, {"capacity": 244, "impossibleCargos": [0, 2, 4, 6, 7, 12, 13, 15, 18, 20, 22], "neighbors": [35, 23, 32, 38, 29, 16, 5, 18]}, {"capacity": 250, "impossibleCargos": [0, 2, 6, 10, 12, 17, 22, 23], "neighbors": [15, 24, 36, 18, 6, 8, 23, 38, 10, 3]}, {"capacity": 653, "impossibleCargos": [3, 9, 11, 12, 14, 15, 16, 22, 24], "neighbors": [3, 29, 31, 36, 1, 19, 16, 10, 30]}, {"capacity": 248, "impossibleCargos": [0, 6, 7, 9, 15, 18, 21, 22, 23], "neighbors": [13, 28, 0, 39, 25, 23, 34, 32]}, {"capacity": 295, "impossibleCargos": [0, 1, 2, 3, 5, 6, 8, 9, 10, 12, 14, 15, 20, 22, 23], "neighbors": [4, 21, 38, 29, 14, 34, 12, 27, 32, 10, 0]}, {"capacity": 217, "impossibleCargos": [0, 1, 6, 8, 10, 11, 12, 13, 15, 16, 17, 20, 22], "neighbors": [18, 8, 36, 19, 4, 1, 10, 37]}, {"capacity": 623, "impossibleCargos": [0, 1, 2, 6, 9, 11, 13, 14, 15, 17, 18, 20, 21, 23, 24], "neighbors": [5, 28, 17, 23, 9, 3, 13, 36, 26, 12, 7, 0, 24]}, {"capacity": 926, "impossibleCargos": [1, 2, 3, 5, 7, 11, 12, 16, 18, 21], "neighbors": [26, 35, 27, 37, 11, 17, 0, 33, 14, 28, 3, 31]}, {"capacity": 583, "impossibleCargos": [1, 2, 3, 8, 9, 10, 11, 13, 14, 15, 16, 17, 20], "neighbors": [28, 27, 39, 10, 0, 6, 26]}, {"capacity": 734, "impossibleCargos": [1, 3, 6, 9, 11, 12, 13, 15, 16, 17, 19, 20, 24], "neighbors": [16, 4, 3, 2, 34, 7, 1, 5]}, {"capacity": 834, "impossibleCargos": [0, 1, 3, 5, 8, 9, 10, 11, 14, 16, 19, 20, 21, 23, 24], "neighbors": [10, 33, 5, 23, 26, 34, 7, 32, 37, 8, 36]}, {"capacity": 707, "impossibleCargos": [5, 6, 7, 8, 10, 13, 14, 16, 18, 21, 22, 24], "neighbors": [8, 12, 36, 31, 38, 22, 7, 18, 6, 13, 15, 11, 39]}, {"capacity": 261, "impossibleCargos": [0, 1, 2, 5, 6, 7, 10, 11, 13, 15, 16, 17, 18, 19, 20, 21, 23], "neighbors": [27, 13, 9, 2, 30, 39, 26, 5, 18]}, {"capacity": 744, "impossibleCargos": [0, 2, 3, 4, 6, 7, 8, 9, 13, 14, 15, 19, 20, 21, 22, 24], "neighbors": [6, 7, 32, 39, 15, 3]}, {"capacity": 255, "impossibleCargos": [1, 3, 7, 8, 10, 11, 13, 17, 21, 23, 24], "neighbors": [19, 1, 22, 20, 18, 6, 24, 38, 29]}, {"capacity": 672, "impossibleCargos": [2, 3, 5, 10, 15, 16, 17, 19, 20], "neighbors": [38, 8, 24, 19, 20, 4, 31, 37, 29, 16, 36]}, {"capacity": 766, "impossibleCargos": [4, 5, 8, 9, 10, 12, 14, 18, 19, 22, 23], "neighbors": [20, 1, 18, 37, 34, 15, 11, 31, 19, 4, 5, 29]}, {"capacity": 681, "impossibleCargos": [0, 2, 4, 5, 6, 7, 10, 11, 14, 17, 18, 21, 23], "neighbors": [1, 14, 12, 16, 11, 31, 39, 27, 3, 28, 7, 26, 36]}, {"capacity": 371, "impossibleCargos": [0, 3, 7, 17, 23], "neighbors": [36, 24, 34, 4, 38, 7, 14, 9]}, {"capacity": 342, "impossibleCargos": [3, 5, 6, 9, 10, 14, 15, 16, 17, 18, 19, 21, 22, 24], "neighbors": [23, 27, 11, 14, 4, 29, 28, 3, 19, 39, 32]}, {"capacity": 821, "impossibleCargos": [3, 5, 6, 14, 15, 16, 18, 19], "neighbors": [12, 25, 0, 36, 38, 22, 34, 16, 15, 31]}, {"capacity": 502, "impossibleCargos": [0, 7, 9, 13, 17, 18, 19], "neighbors": [0, 22, 38, 2, 35, 11, 19, 36]}, {"capacity": 752, "impossibleCargos": [0, 1, 5, 6, 9, 12, 14, 15, 16, 19, 20, 21, 24], "neighbors": [1, 11, 28, 8, 36, 37, 21, 30, 22, 16, 7, 32, 15]}, {"capacity": 910, "impossibleCargos": [0, 1, 5, 7, 11, 14, 16, 17, 18, 21, 22, 24], "neighbors": [19, 12, 6, 33, 5, 38, 1]}, {"capacity": 875, "impossibleCargos": [0, 1, 2, 4, 10, 11, 14, 16, 21, 24], "neighbors": [30, 23, 10, 17, 34, 32, 5, 13, 14, 18, 33, 27, 22, 29]}, {"capacity": 258, "impossibleCargos": [2, 3, 5, 11, 13, 15, 20, 21, 23, 24], "neighbors": [28, 19, 4, 27, 34, 5, 3, 22, 0, 17]}, {"capacity": 344, "impossibleCargos": [0, 2, 5, 6, 11, 15, 17, 19, 20, 21, 22, 24], "neighbors": [27, 23, 12, 33, 16, 0, 32, 30, 35, 26, 13]}, {"capacity": 519, "impossibleCargos": [0, 3, 4, 5, 6, 7, 9, 11, 15, 16, 17, 20, 22, 23], "neighbors": [0, 20, 25, 29, 24, 15, 31, 4, 23]}]}