{"volumes": [884, 1723, 856, 854, 1159, 0, 3153, 2398, 1841, 591, 906, 0, 0, 415, 3108, 0, 202, 624, 1458, 355, 331, 0, 831, 2238, 0], "conflicts": [[0, 18], [1, 9], [1, 11], [1, 12], [1, 16], [2, 8], [2, 9], [2, 13], [2, 15], [2, 16], [2, 18], [3, 7], [3, 12], [3, 13], [3, 14], [3, 20], [4, 5], [4, 11], [4, 16], [4, 17], [5, 13], [5, 14], [8, 13], [8, 24], [9, 12], [9, 17], [9, 19], [9, 22], [10, 11], [12, 14], [12, 19], [13, 16], [13, 19], [14, 16], [15, 22], [16, 21], [16, 22], [17, 19], [17, 21], [18, 20], [19, 24], [21, 22], [22, 24]], "tanks": [{"capacity": 739, "impossibleCargos": [0, 1, 2, 3, 4, 5, 6, 7, 8, 9, 10, 11, 13, 17, 18, 20, 21, 22, 23, 24], "neighbors": [30, 27, 10, 17, 8, 12, 37, 35]}, {"capacity": 491, "impossibleCargos": [0, 1, 2, 3, 4, 5, 6, 7, 9, 10, 11, 13, 14, 15, 18, 20, 24], "neighbors": [9, 27, 37, 28, 13, 15, 23, 17, 5, 19]}, {"capacity": 977, "impossibleCargos": [0, 1, 5, 6, 7, 8, 12, 13, 14, 15, 17, 18, 19, 20, 21, 22], "neighbors": [16, 28, 5, 30, 25, 32, 3, 4, 23]}, {"capacity": 549, "impossibleCargos": [0, 1, 2, 3, 4, 5, 7, 9, 10, 11, 12, 16, 17, 18, 19, 22, 23], "neighbors": [7, 13, 38, 36, 4, 34, 21, 33, 8, 2, 31]}, {"capacity": 473, "impossibleCargos": [0, 2, 3, 4, 7, 8, 9, 10, 11, 13, 15, 16, 17, 18, 19, 20, 21, 22], "neighbors": [38, 34, 36, 28, 23, 3, 21, 18, 32, 11, 26, 29, 2]}, {"capacity": 912, "impossibleCargos": [0, 2, 4, 5, 7, 9, 11, 12, 13, 14, 15, 16, 17, 18, 19, 20, 21, 23, 24], "neighbors": [33, 38, 8, 2, 31, 12, 23, 29, 35, 6, 1, 7, 30, 32]}, {"capacity": 618, "impossibleCargos": [2, 4, 5, 7, 10, 11, 12, 13, 15, 17, 19, 20, 21, 22, 23, 24], "neighbors": [15, 28, 16, 11, 5, 7, 35]}, {"capacity": 342, "impossibleCargos": [1, 2, 3, 6, 7, 8, 10, 11, 12, 13, 15, 16, 17, 18, 19, 20, 21, 22, 23, 24], "neighbors": [12, 3, 25, 11, 22, 29, 27, 37, 5, 6]}, {"capacity": 323, "impossibleCargos": [0, 1, 3, 4, 6, 7, 8, 9, 10, 11, 12, 16, 17, 19, 20, 21, 23, 24], "neighbors": [23, 33, 36, 5, 31, 24, 16, 10, 29, 38, 30, 0, 32, 3]}, {"capacity": 381, "impossibleCargos": [0, 1, 2, 6, 7, 15, 16, 17, 19, 20, 21, 23, 24], "neighbors": [1, 16, 39, 11, 13]}, {"capacity": 432, "impossibleCargos": [0, 1, 3, 5, 6, 7, 9, 12, 14, 15, 16, 17, 19, 20, 21, 22, 23, 24], "neighbors": [14, 20, 0, 26, 35, 8, 18, 24, 37, 36]}, {"capacity": 840, "impossibleCargos": [0, 1, 2, 3, 4, 6, 7, 8, 9, 10, 11, 12, 13, 14, 15, 16, 17, 18, 22], "neighbors": [32, 36, 25, 37, 7, 14, 20, 9, 12, 30, 22, 27, 6, 4]}, {"capacity": 845, "impossibleCargos": [0, 2, 3, 4, 8, 9, 10, 11, 12, 15, 16, 17, 18, 20, 21, 22], "neighbors": [7, 37, 5, 36, 24, 27, 26, 11, 30, 0, 32]}, {"capacity": 914, "impossibleCargos": [1, 2, 4, 5, 7, 9, 10, 12, 13, 14, 15, 16, 18, 21, 22, 23, 24], "neighbors": [19, 38, 3, 39, 22, 9, 1, 17]}, {"capacity": 962, "impossibleCargos": [0, 1, 3, 4, 5, 6, 8, 9, 12, 13, 14, 17, 19, 20, 21, 22, 23], "neighbors": [32, 37, 10, 18, 11, 27, 19, 22, 25, 24]}, {"capacity": 225, "impossibleCargos": [0, 1, 3, 4, 5, 7, 8, 9, 10, 12, 13, 14, 15, 17, 18, 19, 20, 21, 22, 23], "neighbors": [6, 17, 38, 36, 1, 24]}, {"capacity": 945, "impossibleCargos": [3, 4, 6, 8, 9, 10, 11, 12, 13, 15, 16, 17, 19, 21, 22, 24], "neighbors": [2, 9, 27, 32, 37, 18, 36, 8, 6, 38, 29, 21, 19, 24]}, {"capacity": 670, "impossibleCargos": [2, 3, 4, 5, 6, 7, 8, 9, 10, 12, 13, 14, 16, 18, 19, 20, 23, 24], "neighbors": [31, 26, 15, 33, 0, 20, 1, 34, 25, 13, 22]}, {"capacity": 737, "impossibleCargos": [1, 2, 3, 4, 5, 7, 8, 9, 11, 12, 13, 14, 15, 16, 18, 19, 20, 21, 23, 24], "neighbors": [31, 14, 16, 10, 4, 39, 29]}, {"capacity": 902, "impossibleCargos": [0, 1, 3, 4, 5, 7, 8, 9, 11, 13, 14, 15, 18, 19], "neighbors": [13, 29, 32, 38, 14, 16, 1, 37]}, {"capacity": 285, "impossibleCargos": [0, 1, 3, 5, 6, 8, 10, 12, 13, 15, 16, 18, 19, 20, 22, 23, 24], "neighbors": [10, 11, 39, 37, 17, 28]}, {"capacity": 389, "impossibleCargos": [0, 1, 2, 3, 4, 5, 7, 8, 9, 10, 11, 12, 14, 15, 16, 17, 20, 22, 24], "neighbors": [28, 4, 16, 3, 29, 36, 30]}, {"capacity": 853, "impossibleCargos": [1, 2, 5, 6, 8, 9, 10, 11, 12, 13, 14, 18, 19, 20, 22, 24], "neighbors": [30, 35, 28, 7, 27, 13, 14, 11, 32, 31, 26, 17]}, {"capacity": 376, "impossibleCargos": [0, 1, 5, 6, 7, 8, 10, 12, 13, 14, 15, 16, 17, 18, 19, 20, 22, 23, 24], "neighbors": [8, 37, 4, 5, 35, 27, 24, 28, 1, 33, 26, 2]}, {"capacity": 428, "impossibleCargos": [2, 3, 4, 6, 7, 8, 9, 10, 13, 14, 15, 16, 19, 20, 21, 24], "neighbors": [25, 8, 12, 23, 14, 10, 30, 16, 15]}, {"capacity": 909, "impossibleCargos": [3, 5, 6, 7, 9, 11, 12, 13, 14, 15, 16, 17, 18, 20, 21, 22, 23, 24], "neighbors": [24, 11, 7, 35, 34, 14, 2, 31, 17]}, {"capacity": 517, "impossibleCargos": [1, 3, 5, 6, 10, 11, 12, 13, 14, 15, 18, 19, 20, 21], "neighbors": [17, 37, 10, 12, 39, 22, 4, 23]}, {"capacity": 716, "impossibleCargos": [0, 2, 4, 5, 7, 8, 9, 11, 12, 14, 15, 16, 17, 18, 19, 20, 22, 24], "neighbors": [31, 16, 1, 29, 0, 22, 23, 14, 12, 7, 11, 33]}, {"capacity": 209, "impossibleCargos": [1, 2, 3, 5, 7, 8, 9, 12, 13, 14, 15, 16, 17, 19, 22, 23, 24], "neighbors": [2, 1, 4, 22, 6, 23, 21, 34, 35, 20]}, {"capacity": 929, "impossibleCargos": [0, 1, 2, 3, 4, 5, 6, 9, 10, 14, 15, 16, 17, 18, 19, 21, 22, 23, 24], "neighbors": [19, 38, 27, 5, 36, 8, 7, 16, 18, 21, 4]}, {"capacity": 493, "impossibleCargos": [0, 3, 4, 5, 7, 11, 12, 14, 16, 17, 18, 19, 20, 21, 22, 23], "neighbors": [33, 22, 0, 8, 11, 2, 12, 24, 5, 21]}, {"capacity": 621, "impossibleCargos": [0, 2, 3, 4, 8, 10, 11, 12, 14, 15, 17, 19, 20, 21, 23], "neighbors": [18, 17, 27, 5, 36, 8, 34, 22, 25, 38, 37, 3]}, {"capacity": 555, "impossibleCargos": [0, 1, 2, 3, 4, 5, 7, 10, 12, 13, 15, 16, 17, 22, 23, 24], "neighbors": [14, 11, 16, 33, 19, 4, 12, 22, 2, 8, 5]}, {"capacity": 883, "impossibleCargos": [0, 1, 2, 3, 4, 5, 6, 7, 8, 9, 10, 11, 12, 13, 15, 16, 19, 20, 22], "neighbors": [5, 30, 8, 17, 32, 3, 23, 27]}, {"capacity": 917, "impossibleCargos": [0, 1, 2, 4, 5, 6, 7, 8, 10, 12, 13, 15, 18, 19, 20, 21, 23, 24], "neighbors": [4, 25, 3, 31, 28, 17]}, {"capacity": 730, "impossibleCargos": [0, 1, 2, 3, 5, 6, 7, 8, 9, 12, 13, 16, 18, 20, 21, 22, 23, 24], "neighbors": [22, 25, 10, 23, 5, 28, 0, 6]}, {"capacity": 465, "impossibleCargos": [0, 1, 2, 4, 5, 9, 10, 11, 12, 13, 14, 15, 16, 18, 22, 23, 24], "neighbors": [11, 8, 4, 3, 31, 16, 15, 29, 12, 10, 21]}, {"capacity": 849, "impossibleCargos": [0, 1, 3, 7, 8, 9, 10, 11, 12, 15, 16, 17, 18, 19, 20, 21, 23, 24], "neighbors": [14, 11, 16, 26, 1, 23, 12, 20, 10, 7, 0, 19, 31]}, {"capacity": 334, "impossibleCargos": [0, 6, 7, 8, 9, 11, 13, 15, 16, 17, 18, 19, 21, 22, 23, 24], "neighbors": [5, 4, 13, 3, 29, 15, 19, 8, 16, 31]}, {"capacity": 944, "impossibleCargos": [1, 2, 4, 5, 6, 7, 9, 10, 11, 14, 15, 16, 18, 19, 20, 21, 22, 24], "neighbors": [13, 9, 20, 18, 26]}]}