{"volumes": [855, 1359, 861, 1156, 1474, 424, 0, 0, 1081, 884, 0, 1087, 844, 0, 1783, 663, 2244, 0, 0, 1029, 1283, 221, 1517, 4178, 728], "conflicts": [[0, 10], [0, 12], [0, 24], [1, 2], [1, 13], [2, 9], [3, 5], [3, 15], [4, 13], [4, 16], [4, 18], [4, 19], [5, 6], [5, 15], [5, 16], [5, 20], [5, 24], [6, 11], [6, 12], [6, 15], [6, 22], [6, 24], [7, 8], [7, 9], [7, 12], [7, 17], [7, 19], [8, 10], [8, 12], [8, 17], [8, 18], [8, 19], [8, 21], [9, 12], [9, 19], [9, 21], [9, 24], [10, 15], [10, 16], [10, 24], [11, 12], [11, 17], [12, 13], [13, 22], [14, 15], [14, 19], [15, 16], [16, 17], [16, 18], [17, 23], [18, 24], [20, 21], [21, 24]], "tanks": [{"capacity": 898, "impossibleCargos": [1, 5, 7, 9, 10, 11, 12, 14, 19, 20, 21, 22, 24], "neighbors": [23, 25, 28, 34, 15, 21, 2, 18, 11]}, {"capacity": 698, "impossibleCargos": [0, 1, 2, 3, 5, 6, 7, 8, 10, 11, 12, 15, 17, 18, 19, 20, 23, 24], "neighbors": [26, 27, 8, 38, 14, 15]}, {"capacity": 267, "impossibleCargos": [0, 1, 2, 3, 4, 5, 6, 7, 9, 10, 11, 12, 16, 17, 19, 21, 22, 23, 24], "neighbors": [8, 26, 36, 39, 32, 23, 29, 3, 0, 14, 25, 18, 37, 15]}, {"capacity": 323, "impossibleCargos": [0, 1, 4, 5, 6, 7, 8, 9, 11, 12, 13, 15, 16, 17, 18, 19, 23], "neighbors": [21, 34, 16, 23, 32, 35, 31, 13, 24, 2, 27]}, {"capacity": 801, "impossibleCargos": [0, 1, 3, 4, 6, 7, 8, 9, 11, 12, 13, 15, 16, 17, 18, 19, 20, 23, 24], "neighbors": [8, 27, 34, 12, 5, 33, 14]}, {"capacity": 425, "impossibleCargos": [0, 1, 2, 3, 4, 5, 8, 9, 10, 12, 13, 14, 15, 16, 18, 20, 21, 22, 23, 24], "neighbors": [23, 6, 36, 27, 16, 4, 26, 17, 19, 37, 12, 14]}, {"capacity": 978, "impossibleCargos": [0, 2, 3, 5, 6, 7, 8, 11, 12, 13, 14, 15, 17, 18, 19, 20, 21, 22, 23, 24], "neighbors": [26, 5, 19, 18, 12, 39, 21, 38, 14, 17]}, {"capacity": 980, "impossibleCargos": [1, 2, 3, 5, 7, 8, 9, 10, 11, 12, 13, 14, 15, 16, 18, 19, 20, 21, 22], "neighbors": [13, 20, 38, 16, 35]}, {"capacity": 929, "impossibleCargos": [0, 2, 3, 5, 10, 12, 13, 14, 17, 19, 20, 21, 22, 23, 24], "neighbors": [12, 2, 4, 35, 1, 23, 15, 38]}, {"capacity": 887, "impossibleCargos": [0, 1, 3, 5, 6, 7, 9, 10, 11, 12, 13, 14, 15, 16, 18, 19, 21, 23, 24], "neighbors": [20, 13, 27, 36, 33, 12, 29, 32, 18, 17, 11]}, {"capacity": 933, "impossibleCargos": [1, 2, 3, 4, 5, 6, 7, 8, 11, 13, 14, 16, 18, 20, 21, 22, 23, 24], "neighbors": [25, 20, 18, 11, 38, 35, 13, 16, 14, 32, 21, 24]}, {"capacity": 509, "impossibleCargos": [0, 3, 4, 5, 10, 13, 14, 17, 18, 19, 20, 22], "neighbors": [25, 10, 33, 0, 35, 9]}, {"capacity": 931, "impossibleCargos": [0, 2, 5, 6, 7, 8, 9, 10, 11, 12, 14, 15, 16, 17, 19, 20, 21], "neighbors": [8, 17, 18, 31, 6, 4, 21, 9, 5, 25]}, {"capacity": 640, "impossibleCargos": [0, 1, 4, 5, 6, 7, 8, 9, 10, 11, 13, 14, 15, 16, 17, 19, 20, 22], "neighbors": [7, 9, 29, 19, 36, 3, 10, 22, 35, 21]}, {"capacity": 228, "impossibleCargos": [0, 1, 2, 3, 4, 5, 7, 8, 9, 10, 11, 12, 13, 15, 16, 19, 20, 22, 23], "neighbors": [35, 20, 18, 36, 17, 1, 23, 27, 2, 6, 4, 10, 15, 5, 32]}, {"capacity": 512, "impossibleCargos": [2, 4, 5, 7, 8, 9, 10, 11, 12, 14, 15, 16, 17, 18, 19, 21, 22, 23, 24], "neighbors": [36, 35, 25, 20, 0, 8, 19, 39, 1, 24, 14, 2, 17]}, {"capacity": 635, "impossibleCargos": [1, 2, 3, 4, 6, 7, 8, 9, 11, 12, 13, 14, 15, 17, 20, 21, 22, 24], "neighbors": [31, 3, 5, 34, 36, 21, 7, 10, 19]}, {"capacity": 636, "impossibleCargos": [1, 3, 4, 5, 6, 7, 8, 9, 13, 14, 15, 16, 17, 18, 19, 20, 21], "neighbors": [12, 38, 33, 36, 20, 39, 14, 5, 6, 9, 15]}, {"capacity": 860, "impossibleCargos": [0, 2, 3, 4, 5, 6, 7, 8, 10, 11, 13, 15, 17, 19, 20, 21, 23], "neighbors": [35, 31, 26, 24, 12, 33, 6, 10, 19, 14, 28, 0, 9, 2]}, {"capacity": 517, "impossibleCargos": [1, 2, 4, 5, 7, 8, 9, 12, 13, 14, 15, 17, 19, 22, 23, 24], "neighbors": [37, 6, 13, 31, 18, 35, 33, 15, 5, 32, 21, 16, 22]}, {"capacity": 437, "impossibleCargos": [1, 4, 6, 7, 10, 11, 13, 14, 15, 16, 17, 18, 20, 21], "neighbors": [32, 9, 17, 36, 14, 7, 23, 10, 21, 25, 15, 30]}, {"capacity": 429, "impossibleCargos": [0, 2, 3, 4, 5, 6, 8, 9, 11, 13, 16, 17, 18, 20, 21, 22], "neighbors": [3, 33, 34, 20, 6, 0, 16, 12, 19, 10, 13]}, {"capacity": 674, "impossibleCargos": [0, 1, 3, 4, 5, 6, 9, 11, 12, 14, 16, 17, 18, 20, 21, 22], "neighbors": [33, 32, 34, 24, 13, 19]}, {"capacity": 693, "impossibleCargos": [0, 1, 2, 3, 6, 7, 9, 10, 14, 15, 16, 17, 18, 19, 20, 24], "neighbors": [5, 0, 3, 20, 8, 2, 29, 14, 32]}, {"capacity": 852, "impossibleCargos": [0, 1, 2, 4, 5, 6, 9, 10, 11, 12, 14, 15, 16, 17, 18, 21, 22, 24], "neighbors": [18, 29, 33, 3, 35, 22, 37, 15, 10]}, {"capacity": 439, "impossibleCargos": [0, 1, 2, 3, 4, 5, 7, 9, 10, 11, 12, 15, 16, 17, 20, 21, 22, 23, 24], "neighbors": [10, 28, 15, 20, 11, 0, 32, 34, 2, 33, 12, 37]}, {"capacity": 730, "impossibleCargos": [0, 1, 2, 3, 4, 5, 6, 8, 9, 11, 13, 14, 15, 17, 18, 19, 20, 21, 22, 24], "neighbors": [6, 18, 2, 31, 1, 39, 37, 5]}, {"capacity": 836, "impossibleCargos": [1, 2, 6, 7, 8, 10, 11, 14, 15, 17, 18, 19, 20, 21, 22, 24], "neighbors": [5, 28, 4, 1, 9, 36, 3, 14]}, {"capacity": 313, "impossibleCargos": [0, 1, 2, 6, 9, 10, 11, 12, 14, 15, 16, 17, 18, 21, 22, 24], "neighbors": [37, 27, 25, 0, 18, 33]}, {"capacity": 226, "impossibleCargos": [1, 2, 3, 4, 6, 7, 9, 10, 11, 12, 13, 15, 16, 17, 19, 20, 21, 22, 24], "neighbors": [13, 24, 38, 2, 23, 9, 39]}, {"capacity": 916, "impossibleCargos": [1, 2, 4, 6, 7, 8, 9, 10, 13, 14, 16, 17, 18, 19, 20, 21, 22, 23, 24], "neighbors": [39, 32, 20]}, {"capacity": 432, "impossibleCargos": [0, 1, 3, 4, 5, 6, 8, 9, 10, 11, 15, 17, 18, 20, 22, 23, 24], "neighbors": [18, 16, 26, 12, 19, 3, 34, 39]}, {"capacity": 943, "impossibleCargos": [0, 1, 3, 4, 5, 9, 10, 11, 12, 15, 16, 17, 18, 20, 21, 22, 23, 24], "neighbors": [20, 22, 3, 2, 25, 34, 30, 23, 19, 9, 10, 14]}, {"capacity": 226, "impossibleCargos": [1, 3, 4, 5, 6, 7, 9, 10, 13, 14, 15, 17, 19, 21, 24], "neighbors": [22, 17, 21, 18, 24, 19, 9, 11, 28, 4, 25, 36]}, {"capacity": 989, "impossibleCargos": [0, 1, 2, 3, 4, 6, 7, 9, 10, 11, 12, 13, 14, 15, 16, 17, 21, 23, 24], "neighbors": [3, 21, 4, 0, 16, 22, 32, 31, 25]}, {"capacity": 683, "impossibleCargos": [0, 2, 3, 4, 6, 7, 9, 10, 11, 12, 13, 14, 16, 17, 18, 19, 21, 23, 24], "neighbors": [18, 38, 36, 14, 8, 15, 3, 19, 24, 10, 7, 13, 11]}, {"capacity": 796, "impossibleCargos": [0, 1, 2, 3, 5, 7, 8, 9, 10, 11, 12, 14, 15, 16, 17, 18, 19, 20, 21, 22, 24], "neighbors": [35, 5, 15, 17, 20, 2, 27, 9, 13, 14, 38, 16, 33]}, {"capacity": 352, "impossibleCargos": [0, 1, 2, 3, 4, 5, 7, 8, 10, 12, 15, 16, 17, 18, 19, 20, 21, 22, 23, 24], "neighbors": [19, 28, 26, 24, 5, 2, 25]}, {"capacity": 438, "impossibleCargos": [0, 1, 2, 3, 4, 6, 7, 8, 10, 11, 13, 14, 15, 16, 17, 19, 21, 22, 24], "neighbors": [35, 17, 29, 10, 7, 39, 36, 1, 6, 8]}, {"capacity": 804, "impossibleCargos": [1, 4, 5, 6, 8, 10, 11, 12, 13, 14, 15, 16, 17, 18, 19, 20, 23], "neighbors": [26, 6, 2, 17, 30, 38, 15, 29, 31]}]}