{"volumes": [0, 2462, 486, 2090, 942, 1721, 602, 958, 615, 0, 2002, 410, 3340, 2778, 0, 766, 1323, 1768, 764, 0, 0, 0, 1506, 1495, 278], "conflicts": [[0, 4], [0, 13], [1, 9], [1, 15], [1, 21], [2, 5], [2, 12], [2, 17], [2, 20], [2, 23], [3, 9], [3, 11], [3, 18], [3, 20], [4, 6], [4, 7], [4, 9], [4, 16], [4, 19], [4, 20], [4, 21], [4, 22], [5, 7], [5, 9], [5, 19], [5, 21], [6, 9], [6, 12], [6, 14], [6, 18], [6, 19], [6, 24], [7, 9], [7, 11], [7, 16], [7, 20], [7, 23], [7, 24], [8, 9], [8, 18], [8, 21], [8, 24], [9, 14], [9, 17], [9, 19], [9, 20], [10, 15], [11, 14], [11, 15], [11, 16], [11, 17], [11, 19], [11, 21], [12, 14], [12, 19], [12, 21], [13, 14], [13, 20], [13, 24], [14, 15], [14, 16], [14, 17], [14, 18], [14, 19], [15, 20], [15, 22], [15, 24], [16, 19], [16, 21], [17, 19], [17, 20], [17, 23], [18, 19], [18, 20], [19, 20], [20, 24], [22, 24]], "tanks": [{"capacity": 829, "impossibleCargos": [1, 2, 3, 4, 7, 8, 9, 11, 12, 14, 16, 17, 18, 21, 22, 23], "neighbors": [32, 2, 15, 1, 13, 28, 7]}, {"capacity": 963, "impossibleCargos": [3, 4, 5, 6, 8, 10, 11, 13, 14, 15, 16, 19, 20, 21, 22, 23, 24], "neighbors": [20, 30, 23, 39, 0, 27, 5, 25, 11, 10, 29, 26, 38]}, {"capacity": 713, "impossibleCargos": [0, 1, 2, 3, 4, 6, 7, 8, 9, 10, 12, 14, 15, 16, 17, 18, 19, 20, 21, 24], "neighbors": [39, 4, 14, 0, 30, 17, 22, 12]}, {"capacity": 551, "impossibleCargos": [1, 2, 4, 5, 10, 11, 12, 14, 16, 19, 21, 22, 24], "neighbors": [32, 33, 16, 20, 21, 15, 30, 29]}, {"capacity": 659, "impossibleCargos": [1, 2, 3, 4, 5, 6, 7, 11, 12, 14, 15, 18, 21, 22, 23], "neighbors": [24, 15, 2, 16, 6, 38, 14, 17, 36, 9, 20, 29]}, {"capacity": 991, "impossibleCargos": [0, 2, 3, 4, 8, 9, 10, 11, 14, 15, 16, 18, 19, 20, 21, 22, 23, 24], "neighbors": [12, 23, 38, 6, 1, 25, 28, 17]}, {"capacity": 637, "impossibleCargos": [0, 3, 4, 5, 6, 7, 9, 10, 11, 13, 14, 16, 17, 18, 19, 20, 21, 22, 24], "neighbors": [26, 19, 15, 7, 33, 13, 5, 31, 4, 12, 8, 20]}, {"capacity": 722, "impossibleCargos": [0, 2, 3, 4, 5, 6, 7, 9, 10, 13, 14, 15, 17, 18, 20, 21, 24], "neighbors": [24, 34, 23, 6, 31, 15, 0]}, {"capacity": 952, "impossibleCargos": [0, 1, 2, 5, 6, 8, 10, 12, 13, 14, 15, 18, 19, 21, 23, 24], "neighbors": [12, 36, 29, 15, 6, 26, 31, 22]}, {"capacity": 611, "impossibleCargos": [1, 2, 3, 4, 5, 7, 11, 12, 13, 15, 17, 18, 19, 20, 21, 22, 23, 24], "neighbors": [21, 30, 16, 29, 36, 4, 10, 22, 24]}, {"capacity": 898, "impossibleCargos": [0, 1, 2, 5, 6, 7, 8, 9, 10, 11, 12, 14, 16, 17, 18, 19, 20, 21, 22, 23, 24], "neighbors": [18, 37, 28, 15, 21, 31, 36, 1, 9, 12, 39, 23]}, {"capacity": 736, "impossibleCargos": [1, 2, 4, 5, 8, 9, 10, 11, 13, 14, 15, 16, 17, 18, 19, 20, 21, 22, 23, 24], "neighbors": [19, 32, 35, 1, 24, 22, 26, 34]}, {"capacity": 884, "impossibleCargos": [0, 1, 6, 7, 8, 9, 10, 14, 15, 16, 17, 18, 19, 21, 23, 24], "neighbors": [5, 8, 25, 6, 13, 34, 10, 19, 2]}, {"capacity": 620, "impossibleCargos": [0, 1, 4, 5, 6, 7, 8, 9, 10, 11, 13, 14, 15, 18, 20, 21, 22, 23, 24], "neighbors": [21, 6, 24, 20, 12, 0, 27]}, {"capacity": 669, "impossibleCargos": [0, 1, 2, 3, 4, 5, 7, 8, 9, 10, 12, 13, 14, 16, 17, 18, 20, 21, 22, 23, 24], "neighbors": [23, 2, 24, 4, 19, 37, 30]}, {"capacity": 957, "impossibleCargos": [1, 2, 3, 5, 6, 7, 9, 10, 11, 12, 13, 14, 15, 16, 17, 18, 19, 20, 21, 22, 23], "neighbors": [4, 6, 10, 8, 0, 37, 35, 32, 3, 18, 7, 33, 39]}, {"capacity": 506, "impossibleCargos": [1, 2, 3, 4, 5, 6, 7, 8, 9, 10, 11, 13, 14, 15, 16, 17, 18, 21, 22], "neighbors": [21, 35, 3, 4, 26, 22, 38, 29, 20, 28, 9, 24]}, {"capacity": 801, "impossibleCargos": [3, 4, 5, 6, 7, 8, 9, 10, 11, 12, 13, 14, 15, 16, 17, 20, 21, 22, 24], "neighbors": [36, 31, 30, 4, 34, 2, 5, 26, 29]}, {"capacity": 784, "impossibleCargos": [1, 2, 3, 4, 5, 6, 7, 8, 9, 10, 11, 12, 15, 17, 18, 19, 20, 24], "neighbors": [25, 10, 23, 27, 36, 15]}, {"capacity": 759, "impossibleCargos": [0, 1, 2, 4, 5, 6, 8, 9, 11, 12, 14, 15, 16, 18, 19, 20, 21, 23, 24], "neighbors": [6, 11, 25, 37, 24, 14, 20, 12]}, {"capacity": 353, "impossibleCargos": [0, 1, 3, 4, 6, 8, 9, 11, 12, 14, 15, 16, 18, 19, 20, 22, 23, 24], "neighbors": [37, 24, 38, 3, 1, 13, 23, 16, 19, 34, 28, 4, 6]}, {"capacity": 302, "impossibleCargos": [0, 2, 3, 4, 7, 8, 9, 12, 15, 17, 19, 20, 21, 23, 24], "neighbors": [13, 28, 16, 24, 9, 3, 10]}, {"capacity": 944, "impossibleCargos": [0, 1, 2, 4, 7, 8, 9, 13, 14, 15, 16, 17, 20, 22, 23, 24], "neighbors": [23, 16, 27, 31, 37, 39, 2, 11, 8, 9]}, {"capacity": 932, "impossibleCargos": [1, 2, 3, 4, 5, 6, 8, 9, 10, 11, 12, 13, 15, 16, 17, 18, 19, 21, 23, 24], "neighbors": [22, 5, 18, 14, 7, 39, 34, 33, 1, 20, 35, 38, 24, 10]}, {"capacity": 578, "impossibleCargos": [0, 1, 2, 3, 5, 6, 10, 11, 12, 13, 14, 15, 16, 17, 23, 24], "neighbors": [4, 7, 20, 27, 21, 30, 13, 14, 19, 38, 16, 11, 23, 9]}, {"capacity": 690, "impossibleCargos": [0, 1, 2, 4, 6, 9, 10, 14, 15, 16, 17, 18, 19, 21, 23, 24], "neighbors": [18, 29, 12, 19, 1, 5, 27]}, {"capacity": 593, "impossibleCargos": [1, 6, 7, 8, 10, 11, 12, 15, 19, 20, 22, 24], "neighbors": [6, 33, 16, 29, 39, 36, 8, 11, 1, 17]}, {"capacity": 842, "impossibleCargos": [1, 2, 3, 4, 5, 6, 8, 9, 10, 11, 14, 15, 17, 18, 19, 20, 21, 22], "neighbors": [37, 24, 30, 22, 1, 18, 34, 25, 13]}, {"capacity": 970, "impossibleCargos": [0, 1, 2, 3, 5, 6, 7, 8, 9, 10, 11, 13, 15, 18, 19, 24], "neighbors": [21, 10, 39, 38, 16, 20, 5, 31, 33, 0, 35]}, {"capacity": 860, "impossibleCargos": [0, 2, 3, 5, 6, 7, 9, 10, 11, 12, 13, 14, 15, 16, 18, 21, 22, 24], "neighbors": [25, 8, 26, 16, 9, 3, 1, 4, 17]}, {"capacity": 873, "impossibleCargos": [0, 1, 2, 3, 6, 7, 10, 11, 12, 13, 14, 17, 18, 19, 20, 21, 22, 23, 24], "neighbors": [37, 36, 24, 1, 9, 27, 17, 2, 3, 34, 39, 14]}, {"capacity": 956, "impossibleCargos": [0, 1, 2, 3, 4, 6, 7, 8, 9, 10, 11, 12, 14, 15, 16, 17, 18, 19, 21, 22, 23, 24], "neighbors": [6, 7, 17, 22, 37, 10, 33, 8, 39, 34, 28, 35]}, {"capacity": 525, "impossibleCargos": [0, 1, 4, 6, 7, 8, 10, 11, 15, 16, 18, 20, 21], "neighbors": [3, 38, 0, 37, 11, 15, 36]}, {"capacity": 762, "impossibleCargos": [0, 2, 3, 4, 5, 6, 8, 10, 11, 12, 13, 14, 16, 17, 18, 19, 20, 21, 22, 23], "neighbors": [3, 26, 34, 6, 23, 31, 15, 28]}, {"capacity": 781, "impossibleCargos": [1, 2, 3, 4, 5, 8, 9, 10, 11, 12, 13, 15, 16, 17, 19, 20, 22, 23, 24], "neighbors": [7, 39, 23, 38, 33, 17, 30, 36, 20, 31, 12, 27, 11]}, {"capacity": 432, "impossibleCargos": [0, 1, 2, 3, 4, 6, 7, 8, 9, 10, 12, 13, 14, 15, 16, 17, 18, 19, 20, 21, 23], "neighbors": [16, 11, 15, 36, 23, 31, 28]}, {"capacity": 302, "impossibleCargos": [3, 4, 5, 9, 10, 11, 12, 13, 14, 15, 16, 19, 20, 22, 23], "neighbors": [8, 17, 30, 26, 35, 4, 18, 10, 9, 34, 32]}, {"capacity": 239, "impossibleCargos": [0, 2, 3, 6, 7, 8, 11, 12, 13, 14, 15, 16, 17, 19, 20, 21, 22, 24], "neighbors": [10, 20, 32, 30, 27, 19, 15, 31, 38, 22, 14]}, {"capacity": 656, "impossibleCargos": [1, 3, 4, 5, 6, 9, 10, 11, 12, 14, 16, 17, 18, 19, 20, 21, 22, 24], "neighbors": [32, 5, 20, 34, 28, 16, 4, 24, 37, 23, 1]}, {"capacity": 754, "impossibleCargos": [0, 1, 3, 4, 5, 6, 7, 8, 9, 10, 11, 12, 14, 15, 16, 17, 18, 19, 21], "neighbors": [2, 23, 34, 28, 1, 26, 22, 31, 30, 10, 15]}]}