{"volumes": [1062, 0, 1364, 194, 188, 2040, 1632, 965, 1391, 463, 2000, 0, 1091, 203, 572, 358, 2046, 1154, 0, 678, 257, 879, 0, 1843, 826], "conflicts": [[0, 1], [0, 9], [0, 11], [1, 2], [1, 3], [1, 5], [1, 7], [1, 8], [1, 11], [1, 12], [1, 13], [1, 14], [1, 19], [1, 20], [1, 22], [2, 3], [2, 9], [2, 11], [2, 22], [3, 4], [3, 13], [3, 15], [3, 20], [3, 22], [3, 24], [4, 9], [4, 12], [4, 13], [4, 19], [4, 20], [5, 11], [5, 19], [6, 9], [6, 11], [6, 12], [6, 13], [6, 14], [6, 18], [6, 21], [6, 22], [6, 24], [7, 11], [7, 18], [7, 21], [7, 22], [7, 24], [8, 11], [8, 12], [8, 22], [9, 16], [9, 18], [9, 20], [9, 24], [10, 12], [10, 17], [10, 18], [10, 20], [10, 22], [11, 14], [11, 19], [11, 21], [11, 22], [12, 18], [12, 22], [13, 15], [13, 16], [13, 21], [14, 17], [14, 19], [14, 21], [14, 22], [14, 24], [15, 18], [15, 20], [15, 21], [16, 18], [16, 22], [16, 24], [17, 22], [18, 20], [18, 24], [19, 24], [20, 22], [20, 24], [21, 22], [21, 24], [22, 23]], "tanks": [{"capacity": 235, "impossibleCargos": [0, 1, 3, 4, 5, 6, 7, 9, 11, 13, 15, 17, 18, 19, 20, 21, 22], "neighbors": [5, 31, 25, 24, 23, 30, 7, 27, 2]}, {"capacity": 482, "impossibleCargos": [0, 2, 3, 4, 5, 8, 10, 11, 12, 13, 14, 15, 16, 17, 19, 20, 21, 22, 24], "neighbors": [5, 26, 11, 27, 37, 28, 2, 30, 7, 13, 9]}, {"capacity": 992, "impossibleCargos": [0, 2, 3, 7, 9, 10, 11, 12, 16, 17, 20, 21, 23, 24], "neighbors": [6, 14, 29, 20, 17, 39, 1, 33, 7, 28, 0]}, {"capacity": 711, "impossibleCargos": [0, 1, 2, 3, 5, 6, 7, 8, 9, 10, 11, 12, 13, 14, 15, 16, 17, 18, 20, 21, 22, 23], "neighbors": [22, 8, 4, 28, 18, 30, 25, 10]}, {"capacity": 208, "impossibleCargos": [0, 2, 4, 6, 7, 9, 10, 11, 12, 13, 14, 16, 18, 19, 21, 22, 23, 24], "neighbors": [27, 3, 15, 21, 32, 7, 5, 8, 29, 9, 16]}, {"capacity": 733, "impossibleCargos": [1, 3, 4, 5, 6, 7, 9, 10, 12, 13, 15, 16, 17, 18, 19, 22, 24], "neighbors": [0, 1, 4, 7, 13, 28, 22, 25, 29, 38, 17, 32, 24, 14]}, {"capacity": 548, "impossibleCargos": [0, 2, 3, 4, 5, 6, 7, 8, 9, 10, 13, 14, 16, 17, 18, 19, 20, 21, 22, 23, 24], "neighbors": [27, 2, 33, 10, 15, 36, 34, 25, 12, 22]}, {"capacity": 942, "impossibleCargos": [0, 1, 5, 6, 7, 8, 9, 11, 12, 13, 14, 15, 16, 18, 20, 21, 22, 23, 24], "neighbors": [11, 21, 4, 5, 23, 24, 1, 0, 2, 12, 26]}, {"capacity": 842, "impossibleCargos": [0, 1, 2, 3, 4, 5, 6, 9, 10, 11, 12, 13, 14, 16, 17, 19, 21, 22, 23, 24], "neighbors": [37, 19, 3, 25, 22, 38, 4, 23, 13, 21, 36, 20, 10]}, {"capacity": 573, "impossibleCargos": [0, 1, 2, 3, 4, 5, 7, 8, 9, 10, 11, 12, 13, 14, 15, 16, 17, 18, 20, 21, 23, 24], "neighbors": [19, 4, 1, 26, 21, 13]}, {"capacity": 975, "impossibleCargos": [0, 1, 5, 6, 7, 8, 9, 10, 11, 12, 14, 15, 17, 19, 20, 22, 23, 24], "neighbors": [23, 31, 32, 18, 15, 6, 20, 24, 28, 21, 30, 38, 3, 13, 29, 8]}, {"capacity": 917, "impossibleCargos": [0, 1, 2, 3, 4, 5, 6, 7, 8, 10, 12, 14, 15, 16, 17, 18, 19, 20, 22, 23], "neighbors": [36, 7, 1, 24, 25, 19, 18, 34, 33]}, {"capacity": 572, "impossibleCargos": [1, 2, 4, 7, 9, 12, 13, 14, 15, 16, 18, 19, 20, 22, 23, 24], "neighbors": [34, 21, 37, 31, 25, 6, 39, 36, 30, 7]}, {"capacity": 868, "impossibleCargos": [1, 2, 3, 5, 7, 8, 9, 11, 14, 15, 16, 17, 20, 21, 22, 24], "neighbors": [15, 22, 33, 5, 8, 1, 9, 37, 10, 36]}, {"capacity": 619, "impossibleCargos": [0, 1, 5, 6, 9, 13, 14, 15, 16, 17, 18, 19, 20, 21, 23, 24], "neighbors": [22, 2, 37, 38, 17, 5]}, {"capacity": 731, "impossibleCargos": [0, 1, 3, 5, 6, 9, 10, 11, 12, 13, 14, 17, 18, 19, 20, 21, 23, 24], "neighbors": [24, 13, 4, 18, 10, 33, 6, 29, 38, 34, 21]}, {"capacity": 521, "impossibleCargos": [0, 1, 2, 5, 6, 7, 8, 10, 12, 13, 16, 18, 19, 20, 21, 22, 23], "neighbors": [31, 34, 26, 30, 4]}, {"capacity": 590, "impossibleCargos": [1, 3, 4, 6, 7, 8, 9, 10, 11, 12, 13, 14, 16, 17, 19, 20, 21, 24], "neighbors": [33, 2, 39, 5, 14]}, {"capacity": 549, "impossibleCargos": [1, 2, 6, 8, 9, 11, 12, 13, 14, 16, 17, 18, 20, 21, 23, 24], "neighbors": [36, 22, 10, 15, 37, 3, 11, 30, 31]}, {"capacity": 592, "impossibleCargos": [1, 2, 3, 4, 5, 6, 7, 8, 9, 11, 12, 13, 14, 16, 17, 18, 19, 20, 21, 22, 23, 24], "neighbors": [8, 9, 30, 20, 35, 11, 39, 29, 32]}, {"capacity": 617, "impossibleCargos": [0, 1, 2, 3, 6, 7, 8, 9, 10, 11, 12, 14, 15, 16, 18, 19, 20, 22, 24], "neighbors": [29, 19, 27, 2, 39, 10, 8]}, {"capacity": 314, "impossibleCargos": [1, 2, 4, 8, 9, 10, 11, 12, 13, 15, 18, 19, 20, 24], "neighbors": [35, 12, 7, 4, 30, 34, 8, 9, 10, 25, 31, 15]}, {"capacity": 291, "impossibleCargos": [0, 2, 3, 4, 6, 7, 8, 9, 12, 13, 17, 18, 19, 20, 22, 23], "neighbors": [3, 32, 13, 8, 14, 23, 18, 33, 36, 25, 5, 29, 30, 39, 6]}, {"capacity": 209, "impossibleCargos": [1, 5, 6, 8, 9, 11, 12, 14, 15, 17, 18, 19, 20, 21, 23, 24], "neighbors": [10, 28, 22, 7, 0, 8]}, {"capacity": 286, "impossibleCargos": [1, 2, 4, 5, 6, 9, 10, 12, 13, 14, 16, 17, 18, 19, 20, 21, 24], "neighbors": [15, 39, 11, 0, 29, 32, 7, 10, 30, 5]}, {"capacity": 720, "impossibleCargos": [0, 1, 2, 3, 5, 6, 7, 8, 11, 12, 13, 14, 16, 18, 19, 20, 21, 22, 23, 24], "neighbors": [34, 8, 0, 12, 27, 22, 6, 11, 5, 3, 21, 26]}, {"capacity": 863, "impossibleCargos": [0, 2, 3, 4, 5, 7, 8, 10, 12, 13, 14, 15, 17, 18, 20, 21, 22, 23, 24], "neighbors": [38, 1, 16, 32, 39, 9, 25, 7]}, {"capacity": 501, "impossibleCargos": [0, 2, 4, 5, 6, 7, 8, 10, 12, 15, 16, 18, 19, 21, 22, 24], "neighbors": [6, 4, 37, 1, 20, 25, 39, 0]}, {"capacity": 606, "impossibleCargos": [0, 1, 3, 4, 5, 8, 9, 10, 11, 12, 13, 15, 16, 17, 18, 19, 20, 21, 22, 24], "neighbors": [23, 30, 38, 3, 5, 1, 10, 34, 2]}, {"capacity": 591, "impossibleCargos": [0, 1, 3, 4, 6, 8, 11, 12, 13, 15, 20, 21, 22, 23], "neighbors": [36, 20, 24, 2, 4, 34, 15, 5, 22, 19, 10]}, {"capacity": 827, "impossibleCargos": [0, 1, 3, 4, 5, 6, 7, 8, 9, 10, 11, 12, 14, 15, 16, 17, 18, 19, 20, 22, 23], "neighbors": [28, 32, 19, 21, 3, 16, 1, 22, 0, 18, 10, 12, 24, 37]}, {"capacity": 572, "impossibleCargos": [1, 2, 3, 4, 7, 9, 10, 11, 12, 13, 14, 16, 18, 19, 20, 21, 22, 23, 24], "neighbors": [10, 16, 0, 38, 12, 34, 33, 21, 18]}, {"capacity": 963, "impossibleCargos": [1, 3, 4, 5, 8, 9, 10, 11, 12, 13, 14, 15, 17, 20, 23, 24], "neighbors": [30, 22, 10, 39, 4, 24, 26, 38, 5, 19]}, {"capacity": 431, "impossibleCargos": [0, 1, 4, 5, 7, 8, 9, 10, 11, 12, 15, 17, 19, 20, 21, 22, 24], "neighbors": [6, 35, 22, 13, 15, 17, 39, 31, 2, 11]}, {"capacity": 302, "impossibleCargos": [0, 1, 3, 5, 6, 7, 8, 10, 11, 15, 17, 18, 20, 21, 23], "neighbors": [12, 16, 25, 29, 6, 21, 31, 11, 28, 15]}, {"capacity": 389, "impossibleCargos": [0, 1, 2, 5, 7, 8, 9, 10, 11, 12, 14, 16, 17, 18, 20, 21, 22, 23, 24], "neighbors": [21, 33, 19, 39, 36]}, {"capacity": 255, "impossibleCargos": [0, 1, 4, 5, 6, 7, 8, 9, 11, 12, 13, 14, 15, 19, 20, 22], "neighbors": [11, 18, 29, 22, 6, 8, 12, 35, 13]}, {"capacity": 216, "impossibleCargos": [0, 1, 2, 3, 5, 6, 8, 12, 15, 17, 18, 20, 21, 22, 23], "neighbors": [8, 12, 27, 14, 18, 1, 38, 13, 30]}, {"capacity": 269, "impossibleCargos": [0, 1, 2, 3, 4, 5, 8, 9, 10, 13, 14, 15, 18, 19, 21, 22, 23, 24], "neighbors": [26, 28, 31, 8, 37, 15, 14, 5, 32, 10]}, {"capacity": 670, "impossibleCargos": [0, 1, 2, 3, 4, 6, 7, 9, 10, 11, 15, 17, 18, 19, 20, 23, 24], "neighbors": [24, 32, 20, 17, 2, 27, 33, 26, 22, 12, 19, 35]}]}