{"volumes": [0, 565, 745, 790, 206, 845, 1144, 602, 0, 2307, 999, 687, 0, 1276, 372, 1890, 1936, 622, 1240, 648, 0, 2543, 605, 351, 1638], "conflicts": [[0, 1], [0, 2], [0, 3], [0, 4], [0, 5], [0, 6], [0, 8], [0, 9], [0, 10], [0, 11], [0, 14], [0, 15], [0, 17], [0, 18], [0, 19], [0, 20], [0, 23], [0, 24], [1, 2], [1, 8], [1, 12], [1, 13], [1, 17], [1, 20], [1, 22], [2, 3], [2, 4], [2, 5], [2, 8], [2, 12], [2, 13], [2, 14], [2, 20], [3, 8], [3, 12], [3, 19], [3, 20], [4, 5], [4, 8], [4, 10], [4, 13], [4, 17], [4, 19], [4, 20], [4, 24], [5, 8], [5, 12], [5, 20], [6, 8], [6, 11], [6, 12], [6, 14], [6, 20], [7, 9], [7, 20], [7, 22], [8, 9], [8, 13], [8, 14], [8, 16], [8, 18], [8, 20], [8, 21], [8, 22], [8, 23], [8, 24], [9, 12], [9, 20], [10, 12], [10, 20], [11, 12], [11, 14], [11, 20], [11, 23], [12, 13], [12, 14], [12, 15], [12, 16], [12, 17], [12, 18], [12, 19], [12, 20], [12, 22], [12, 23], [12, 24], [13, 14], [13, 20], [13, 22], [14, 15], [14, 19], [14, 20], [14, 23], [15, 20], [16, 20], [17, 19], [19, 20], [19, 22], [20, 21], [20, 22], [20, 23], [22, 23]], "tanks": [{"capacity": 767, "impossibleCargos": [1, 3, 6, 13, 15, 18, 20, 22, 24], "neighbors": [7, 10, 11, 21, 14, 16, 23, 26, 28, 29, 3, 6, 22, 12, 19, 38, 34, 36, 24, 25]}, {"capacity": 373, "impossibleCargos": [7, 11, 12, 17, 22], "neighbors": [10, 17, 22, 23, 3, 20, 5, 32, 14, 35, 26, 25, 12, 29, 37, 28, 19, 9, 30, 6, 33]}, {"capacity": 957, "impossibleCargos": [4, 21, 22], "neighbors": [12, 30, 8, 32, 35, 34, 22, 27, 14, 29, 33, 18, 10, 5, 16, 19, 20, 17, 15, 7, 9, 36, 13, 38]}, {"capacity": 635, "impossibleCargos": [4, 10, 15], "neighbors": [23, 32, 14, 24, 4, 29, 22, 1, 21, 30, 25, 31, 39, 15, 0, 6, 17, 26, 34]}, {"capacity": 419, "impossibleCargos": [1, 17, 21, 23], "neighbors": [28, 25, 22, 15, 12, 3, 17, 8, 35, 36, 24, 39, 32, 34, 26, 18, 38, 13, 27]}, {"capacity": 229, "impossibleCargos": [15, 18, 21], "neighbors": [33, 35, 7, 22, 32, 9, 11, 1, 2, 28, 38, 23, 14, 31, 34, 18]}, {"capacity": 678, "impossibleCargos": [0, 3, 5, 6, 12, 15, 21, 22, 23], "neighbors": [29, 34, 8, 38, 23, 20, 33, 10, 9, 12, 11, 22, 7, 3, 14, 0, 26, 27, 1, 17, 35]}, {"capacity": 664, "impossibleCargos": [0, 2, 10, 23, 24], "neighbors": [21, 5, 34, 0, 31, 13, 18, 19, 15, 32, 11, 6, 14, 10, 30, 27, 39, 38, 35, 2, 33, 8]}, {"capacity": 230, "impossibleCargos": [8, 9, 20, 24], "neighbors": [20, 6, 26, 36, 2, 38, 4, 25, 30, 11, 27, 33, 28, 17, 15, 32, 37, 7, 23]}, {"capacity": 263, "impossibleCargos": [0, 5, 10, 12, 19], "neighbors": [38, 28, 33, 19, 32, 17, 6, 39, 5, 35, 30, 12, 1, 27, 37, 11, 2, 20, 25]}, {"capacity": 807, "impossibleCargos": [3, 5, 11, 12, 20], "neighbors": [14, 36, 39, 1, 0, 37, 30, 6, 12, 22, 15, 2, 21, 33, 29, 20, 7, 23]}, {"capacity": 643, "impossibleCargos": [2, 20, 22], "neighbors": [38, 23, 13, 15, 12, 22, 0, 16, 17, 20, 6, 8, 5, 24, 33, 7, 34, 27, 28, 9, 19]}, {"capacity": 377, "impossibleCargos": [3, 5, 6, 11, 13, 14, 15, 20, 21, 24], "neighbors": [15, 2, 19, 16, 37, 11, 4, 35, 21, 27, 36, 6, 10, 22, 34, 1, 0, 9, 29, 38, 39]}, {"capacity": 516, "impossibleCargos": [1, 6, 10, 14], "neighbors": [39, 11, 15, 35, 7, 19, 20, 14, 34, 30, 23, 28, 4, 26, 2]}, {"capacity": 830, "impossibleCargos": [2, 6, 7], "neighbors": [22, 10, 3, 37, 0, 27, 13, 17, 20, 2, 1, 7, 19, 6, 5, 38]}, {"capacity": 813, "impossibleCargos": [2, 6, 12, 22, 24], "neighbors": [12, 11, 4, 25, 13, 31, 7, 10, 18, 37, 29, 32, 3, 8, 23, 28, 33, 27, 2, 19]}, {"capacity": 689, "impossibleCargos": [4, 6, 7, 11, 14, 16, 20, 23], "neighbors": [12, 28, 11, 0, 29, 17, 37, 26, 2, 25, 39, 18, 34]}, {"capacity": 710, "impossibleCargos": [0, 6, 7, 8, 9, 12, 14, 21, 23], "neighbors": [1, 4, 9, 25, 16, 14, 11, 22, 8, 20, 32, 23, 18, 26, 2, 36, 19, 35, 3, 6]}, {"capacity": 607, "impossibleCargos": [5, 6, 8, 10, 17, 21, 23], "neighbors": [24, 38, 35, 7, 2, 15, 21, 23, 20, 30, 17, 4, 28, 16, 31, 5]}, {"capacity": 760, "impossibleCargos": [4, 8, 13, 18, 21, 23], "neighbors": [12, 30, 31, 9, 27, 23, 13, 7, 22, 29, 14, 2, 20, 17, 1, 0, 15, 11, 28]}, {"capacity": 695, "impossibleCargos": [0, 6, 13, 15, 17, 20, 23, 24], "neighbors": [8, 22, 6, 13, 28, 21, 34, 14, 11, 1, 37, 32, 25, 31, 36, 33, 23, 18, 10, 17, 29, 19, 2, 26, 9]}, {"capacity": 415, "impossibleCargos": [0, 2, 6, 15, 17, 19], "neighbors": [33, 7, 0, 37, 20, 12, 36, 3, 23, 10, 18, 38, 30, 29, 25, 31, 35]}, {"capacity": 317, "impossibleCargos": [5, 7, 8, 10, 14, 15, 22], "neighbors": [14, 26, 4, 11, 20, 1, 2, 3, 39, 5, 19, 17, 10, 12, 6, 35, 23, 31, 0, 29, 27]}, {"capacity": 668, "impossibleCargos": [5, 9, 10, 11, 12, 13, 14, 16, 21, 24], "neighbors": [3, 11, 33, 35, 19, 6, 0, 1, 21, 20, 18, 27, 36, 38, 13, 17, 15, 22, 5, 32, 10, 34, 28, 8]}, {"capacity": 417, "impossibleCargos": [0, 2, 4, 10, 11, 14, 18], "neighbors": [18, 3, 39, 27, 30, 11, 4, 25, 35, 33, 37, 32, 0]}, {"capacity": 621, "impossibleCargos": [0, 1, 4, 8, 11, 14, 17, 20, 21], "neighbors": [4, 32, 26, 38, 36, 15, 28, 34, 33, 30, 8, 17, 3, 20, 24, 1, 21, 16, 31, 0, 9]}, {"capacity": 673, "impossibleCargos": [0, 2, 10, 11, 14, 15, 17, 24], "neighbors": [22, 35, 8, 25, 33, 0, 16, 30, 1, 36, 17, 4, 6, 20, 3, 13, 34]}, {"capacity": 214, "impossibleCargos": [0, 13, 18, 23, 24], "neighbors": [37, 19, 24, 30, 14, 2, 12, 8, 23, 39, 11, 7, 34, 31, 15, 6, 36, 9, 22, 4]}, {"capacity": 599, "impossibleCargos": [9, 12, 14, 19, 24], "neighbors": [4, 9, 25, 16, 20, 0, 8, 34, 5, 15, 13, 1, 11, 32, 33, 18, 37, 23, 19]}, {"capacity": 908, "impossibleCargos": [3, 5, 6, 11, 13, 18, 24], "neighbors": [6, 3, 16, 2, 19, 0, 35, 15, 10, 21, 20, 36, 1, 22, 32, 12, 39]}, {"capacity": 466, "impossibleCargos": [15, 18, 20], "neighbors": [2, 19, 33, 38, 31, 27, 25, 10, 35, 8, 24, 39, 3, 21, 18, 13, 26, 9, 7, 1, 32]}, {"capacity": 598, "impossibleCargos": [1, 5, 12, 16, 17, 19, 20, 21], "neighbors": [39, 37, 35, 19, 7, 30, 32, 15, 20, 3, 21, 22, 27, 25, 34, 5, 18]}, {"capacity": 708, "impossibleCargos": [0, 1, 3, 4, 8, 9, 11, 16, 23], "neighbors": [34, 33, 3, 25, 2, 9, 35, 31, 5, 20, 7, 1, 15, 4, 17, 8, 23, 29, 38, 28, 24, 36, 30]}, {"capacity": 833, "impossibleCargos": [2, 7, 14, 15, 22], "neighbors": [5, 21, 32, 30, 23, 9, 26, 25, 6, 36, 2, 8, 11, 20, 39, 10, 24, 15, 35, 28, 7, 1]}, {"capacity": 732, "impossibleCargos": [0, 2, 3, 7, 10, 14, 15, 20, 23], "neighbors": [37, 32, 6, 7, 25, 2, 20, 13, 12, 11, 28, 27, 4, 31, 39, 5, 0, 35, 26, 23, 3, 16]}, {"capacity": 398, "impossibleCargos": [2, 6, 14, 15, 18], "neighbors": [5, 26, 38, 31, 2, 23, 13, 18, 12, 32, 30, 4, 36, 29, 22, 1, 24, 9, 7, 17, 33, 34, 6, 21]}, {"capacity": 849, "impossibleCargos": [2, 5, 9, 12, 16, 23], "neighbors": [8, 10, 25, 37, 39, 4, 12, 21, 33, 20, 35, 23, 38, 26, 29, 17, 27, 32, 0, 2]}, {"capacity": 977, "impossibleCargos": [1, 4, 10, 11, 14, 17, 20, 21, 23], "neighbors": [27, 34, 12, 31, 36, 14, 10, 21, 20, 16, 15, 38, 39, 1, 9, 24, 8, 28]}, {"capacity": 397, "impossibleCargos": [5, 6, 10, 21], "neighbors": [11, 35, 9, 25, 30, 18, 8, 6, 21, 23, 36, 37, 5, 7, 32, 14, 4, 12, 39, 0, 2]}, {"capacity": 893, "impossibleCargos": [4, 6, 8, 10, 12, 14], "neighbors": [10, 13, 31, 24, 36, 22, 30, 9, 4, 3, 33, 27, 7, 37, 12, 34, 16, 38, 29]}]}