{"volumes": [1132, 688, 0, 1030, 640, 2168, 530, 1527, 327, 2902, 366, 655, 0, 779, 984, 635, 0, 1517, 1581, 665, 0, 2045, 1254, 0, 767], "conflicts": [[0, 2], [0, 16], [1, 2], [1, 15], [1, 17], [1, 19], [1, 20], [1, 22], [1, 23], [2, 4], [2, 5], [2, 6], [2, 11], [2, 18], [2, 21], [2, 22], [2, 23], [3, 4], [3, 12], [4, 8], [4, 12], [5, 6], [6, 19], [6, 20], [6, 22], [7, 19], [8, 12], [8, 23], [9, 16], [9, 23], [10, 14], [10, 16], [11, 12], [11, 19], [11, 20], [11, 23], [12, 14], [12, 15], [12, 16], [12, 19], [12, 21], [12, 23], [12, 24], [13, 20], [13, 23], [14, 20], [14, 23], [15, 16], [15, 19], [15, 21], [16, 18], [16, 19], [16, 20], [16, 23], [16, 24], [17, 23], [20, 21], [20, 23], [20, 24], [23, 24]], "tanks": [{"capacity": 706, "impossibleCargos": [0, 2, 4, 8, 10, 14, 16, 18, 19, 22, 23, 24], "neighbors": [20, 11, 3, 5, 17, 1, 27, 18, 19]}, {"capacity": 367, "impossibleCargos": [8, 11, 14, 15, 21, 22, 23, 24], "neighbors": [22, 31, 24, 36, 35, 16, 29, 17, 6, 0, 23, 7, 38, 28, 3]}, {"capacity": 777, "impossibleCargos": [0, 2, 3, 7, 8, 9, 10, 13, 16, 18, 21, 22, 24], "neighbors": [14, 9, 5, 18, 32, 20, 25, 36, 13, 10, 22, 27, 26, 28, 11, 19, 37]}, {"capacity": 227, "impossibleCargos": [0, 4, 7, 8, 9, 11, 13, 18, 21, 23], "neighbors": [35, 7, 14, 15, 13, 18, 20, 0, 23, 10, 22, 17, 6, 38, 28, 27, 4, 12, 16, 8, 21, 25, 1]}, {"capacity": 999, "impossibleCargos": [1, 2, 4, 8, 9, 10, 11, 12, 13, 16, 19, 21, 24], "neighbors": [30, 29, 15, 38, 32, 5, 28, 12, 7, 17, 26, 10, 33, 34, 25, 37, 22, 9, 19, 24, 6, 8, 3, 35, 27]}, {"capacity": 709, "impossibleCargos": [0, 1, 4, 7, 8, 9, 10, 12, 13, 14, 15, 16, 18, 20, 21, 23, 24], "neighbors": [16, 38, 2, 25, 39, 4, 11, 10, 27, 0, 12, 14, 32, 34, 20, 29, 26]}, {"capacity": 551, "impossibleCargos": [4, 5, 6, 8, 10, 11, 14, 16, 18, 19, 21, 22, 24], "neighbors": [20, 23, 10, 34, 21, 36, 28, 14, 27, 30, 3, 19, 9, 33, 1, 22, 4, 17, 8, 26, 29, 11]}, {"capacity": 375, "impossibleCargos": [2, 5, 6, 7, 12, 13, 15, 16, 17, 18, 19, 22, 24], "neighbors": [3, 9, 19, 23, 25, 4, 14, 17, 27, 36, 12, 32, 29, 34, 1, 24]}, {"capacity": 928, "impossibleCargos": [0, 2, 3, 5, 6, 8, 9, 10, 11, 14, 15, 19, 22], "neighbors": [16, 25, 36, 39, 19, 24, 21, 31, 34, 4, 6, 9, 37, 23, 3, 10, 22, 26]}, {"capacity": 612, "impossibleCargos": [0, 1, 2, 4, 6, 7, 8, 9, 12, 14, 16, 18, 20, 22, 23], "neighbors": [7, 22, 2, 38, 19, 26, 16, 27, 33, 29, 21, 35, 4, 32, 6, 37, 23, 8, 20, 24, 34]}, {"capacity": 864, "impossibleCargos": [0, 3, 4, 5, 7, 8, 9, 11, 12, 13, 14, 22, 23, 24], "neighbors": [14, 6, 38, 23, 34, 5, 3, 4, 2, 12, 39, 24, 22, 17, 32, 13, 29, 37, 11, 8]}, {"capacity": 591, "impossibleCargos": [0, 1, 2, 6, 9, 10, 14, 17, 19, 20, 21, 23, 24], "neighbors": [12, 36, 0, 27, 5, 18, 35, 19, 13, 17, 29, 32, 2, 30, 38, 39, 34, 33, 6, 10]}, {"capacity": 230, "impossibleCargos": [0, 1, 2, 4, 5, 9, 10, 11, 12, 14, 15, 19, 20, 24], "neighbors": [37, 35, 11, 13, 28, 25, 34, 31, 36, 4, 5, 10, 21, 7, 27, 38, 14, 3, 22]}, {"capacity": 666, "impossibleCargos": [2, 3, 4, 6, 7, 8, 13, 17, 21, 22, 24], "neighbors": [12, 3, 35, 19, 23, 39, 24, 25, 2, 37, 29, 26, 16, 32, 15, 20, 11, 17, 27, 10]}, {"capacity": 642, "impossibleCargos": [0, 1, 2, 4, 6, 7, 8, 9, 11, 12, 14, 15, 20, 21, 22, 24], "neighbors": [28, 26, 37, 2, 3, 10, 17, 35, 7, 6, 5, 30, 19, 12, 15, 18, 23]}, {"capacity": 572, "impossibleCargos": [0, 1, 4, 7, 11, 12, 14, 15, 16, 20, 21, 23], "neighbors": [30, 35, 16, 4, 3, 31, 21, 20, 23, 38, 27, 29, 13, 22, 39, 14, 19, 36, 25]}, {"capacity": 717, "impossibleCargos": [0, 3, 8, 11, 12, 13, 15, 16, 17, 18, 21], "neighbors": [8, 5, 27, 15, 37, 33, 24, 26, 9, 36, 39, 13, 1, 19, 3, 30]}, {"capacity": 865, "impossibleCargos": [0, 1, 2, 3, 4, 6, 8, 9, 11, 12, 16, 19, 21, 23], "neighbors": [14, 33, 34, 39, 36, 4, 7, 3, 0, 25, 19, 11, 23, 1, 13, 38, 10, 6, 32, 24]}, {"capacity": 778, "impossibleCargos": [3, 6, 10, 13, 16, 18, 19, 20, 22, 24], "neighbors": [2, 3, 11, 28, 31, 29, 14, 21, 38, 30, 0, 24]}, {"capacity": 637, "impossibleCargos": [6, 7, 11, 12, 13, 15, 16, 18, 19], "neighbors": [26, 7, 9, 13, 20, 35, 8, 33, 21, 32, 11, 17, 4, 30, 14, 27, 16, 6, 2, 15, 29, 0]}, {"capacity": 388, "impossibleCargos": [0, 1, 5, 6, 7, 8, 10, 11, 14, 20, 21], "neighbors": [25, 36, 6, 30, 35, 3, 0, 29, 2, 19, 22, 26, 15, 23, 38, 37, 13, 5, 27, 9, 32, 21]}, {"capacity": 722, "impossibleCargos": [1, 2, 4, 5, 9, 12, 13, 18, 21], "neighbors": [36, 32, 38, 24, 15, 29, 37, 30, 6, 34, 8, 9, 19, 12, 26, 25, 33, 18, 20, 3]}, {"capacity": 352, "impossibleCargos": [2, 3, 4, 5, 6, 7, 9, 10, 13, 15, 17, 23, 24], "neighbors": [9, 1, 39, 28, 20, 35, 3, 36, 2, 4, 29, 15, 31, 34, 6, 10, 23, 12, 25, 37, 8]}, {"capacity": 753, "impossibleCargos": [0, 2, 4, 5, 10, 11, 13, 15, 17, 19, 23], "neighbors": [6, 32, 30, 31, 10, 24, 29, 13, 3, 7, 15, 20, 25, 17, 9, 1, 22, 8, 33, 14]}, {"capacity": 540, "impossibleCargos": [0, 1, 4, 5, 8, 10, 13, 15, 18, 19, 20, 21, 24], "neighbors": [21, 23, 16, 29, 13, 28, 1, 8, 10, 4, 34, 32, 7, 25, 9, 17, 18]}, {"capacity": 695, "impossibleCargos": [0, 1, 6, 10, 11, 13, 15, 16, 17, 20, 21, 22], "neighbors": [20, 8, 12, 5, 2, 7, 13, 33, 23, 35, 17, 36, 4, 27, 31, 30, 21, 32, 22, 24, 38, 15, 3]}, {"capacity": 367, "impossibleCargos": [1, 2, 4, 5, 6, 7, 12, 13, 14, 16, 17, 18, 19, 23, 24], "neighbors": [14, 30, 28, 19, 16, 9, 20, 4, 13, 39, 38, 21, 37, 2, 35, 31, 6, 33, 5, 8]}, {"capacity": 317, "impossibleCargos": [1, 4, 9, 11, 12, 16, 17, 21, 22, 24], "neighbors": [16, 37, 11, 30, 5, 9, 29, 6, 7, 15, 25, 38, 2, 12, 19, 3, 20, 13, 0, 4]}, {"capacity": 678, "impossibleCargos": [4, 5, 6, 8, 9, 11, 12, 13, 14, 18, 19, 21, 22, 24], "neighbors": [14, 12, 32, 26, 33, 37, 38, 22, 4, 6, 24, 18, 31, 3, 2, 39, 36, 1, 29, 35]}, {"capacity": 796, "impossibleCargos": [2, 3, 4, 7, 16, 18, 21, 22], "neighbors": [4, 33, 21, 20, 38, 23, 24, 35, 13, 27, 9, 30, 15, 18, 11, 22, 1, 31, 5, 7, 10, 19, 6, 39, 28, 32]}, {"capacity": 953, "impossibleCargos": [0, 1, 3, 5, 6, 9, 10, 12, 15, 16, 19], "neighbors": [4, 15, 20, 26, 23, 35, 21, 31, 27, 38, 33, 29, 14, 6, 19, 37, 11, 25, 16, 18]}, {"capacity": 773, "impossibleCargos": [2, 8, 9, 12, 14, 15, 16, 21, 23, 24], "neighbors": [36, 33, 15, 23, 32, 12, 30, 1, 34, 8, 28, 18, 25, 22, 29, 35, 26, 37]}, {"capacity": 709, "impossibleCargos": [1, 2, 3, 5, 11, 12, 13, 14, 16, 20, 24], "neighbors": [39, 21, 28, 23, 37, 2, 31, 33, 4, 36, 13, 34, 19, 7, 5, 9, 11, 38, 10, 25, 24, 20, 17, 29]}, {"capacity": 474, "impossibleCargos": [6, 7, 9, 13, 14, 16, 17, 20, 22, 23, 24], "neighbors": [31, 29, 28, 16, 38, 35, 32, 17, 25, 9, 4, 19, 30, 36, 34, 6, 39, 23, 26, 21, 11]}, {"capacity": 432, "impossibleCargos": [0, 1, 3, 5, 7, 9, 12, 13, 14, 16, 17, 20, 23], "neighbors": [6, 10, 12, 17, 21, 31, 4, 32, 33, 8, 36, 39, 22, 5, 24, 7, 35, 11, 9]}, {"capacity": 587, "impossibleCargos": [0, 1, 2, 4, 5, 8, 9, 10, 12, 13, 14, 16, 18, 22], "neighbors": [3, 12, 15, 20, 13, 14, 33, 19, 30, 29, 22, 1, 25, 9, 38, 11, 26, 31, 34, 4, 28]}, {"capacity": 364, "impossibleCargos": [0, 1, 5, 6, 8, 9, 13, 15, 16, 17, 20, 23, 24], "neighbors": [21, 20, 31, 11, 8, 38, 2, 12, 6, 17, 39, 1, 16, 32, 22, 25, 7, 33, 34, 15, 28]}, {"capacity": 380, "impossibleCargos": [2, 4, 5, 8, 10, 15, 18, 24], "neighbors": [12, 27, 14, 16, 32, 28, 21, 13, 20, 4, 26, 30, 9, 38, 2, 8, 10, 31, 22]}, {"capacity": 438, "impossibleCargos": [0, 1, 2, 3, 6, 9, 11, 12, 16, 18, 24], "neighbors": [5, 21, 9, 10, 33, 4, 29, 36, 28, 30, 15, 20, 26, 27, 35, 3, 12, 17, 37, 32, 11, 25, 1, 18]}, {"capacity": 960, "impossibleCargos": [4, 5, 9, 10, 11, 13, 14, 15, 16, 17, 18, 19, 21, 23], "neighbors": [32, 5, 13, 8, 22, 17, 36, 26, 16, 10, 34, 33, 15, 28, 11, 29]}]}