{"volumes": [0, 627, 0, 2052, 537, 327, 2006, 829, 392, 1382, 623, 1410, 0, 733, 0, 1378, 2118, 543, 698, 1427, 0, 423, 1363, 613, 777], "conflicts": [[0, 1], [0, 4], [0, 5], [0, 6], [0, 7], [0, 8], [0, 9], [0, 11], [0, 12], [0, 13], [0, 16], [0, 17], [0, 18], [0, 19], [0, 20], [0, 23], [1, 4], [1, 7], [1, 12], [1, 13], [1, 14], [1, 17], [1, 18], [2, 3], [2, 4], [2, 5], [2, 6], [2, 7], [2, 8], [2, 9], [2, 11], [2, 12], [2, 13], [2, 15], [2, 17], [2, 18], [2, 19], [2, 20], [2, 21], [2, 23], [2, 24], [3, 5], [3, 12], [3, 13], [3, 14], [3, 20], [4, 12], [4, 14], [4, 18], [4, 21], [4, 23], [5, 12], [5, 14], [5, 17], [5, 20], [5, 21], [6, 12], [6, 14], [6, 20], [7, 10], [7, 14], [7, 15], [7, 20], [7, 21], [8, 14], [8, 18], [8, 23], [9, 12], [9, 20], [10, 12], [10, 13], [10, 14], [10, 17], [10, 20], [10, 21], [11, 12], [11, 14], [11, 17], [11, 20], [12, 13], [12, 14], [12, 15], [12, 16], [12, 17], [12, 18], [12, 20], [12, 23], [12, 24], [13, 14], [13, 18], [13, 20], [14, 15], [14, 16], [14, 17], [14, 18], [14, 19], [14, 20], [14, 21], [14, 22], [14, 23], [14, 24], [15, 20], [15, 22], [17, 18], [17, 20], [17, 21], [18, 23], [19, 20], [20, 21], [20, 22], [20, 23], [20, 24], [21, 23]], "tanks": [{"capacity": 511, "impossibleCargos": [2, 4, 7, 8, 10, 13, 14, 16, 18, 19, 20, 21, 22, 23], "neighbors": [26, 3, 39, 25, 19, 9, 17, 23, 22, 13, 6, 5, 20, 34, 16, 36, 21]}, {"capacity": 297, "impossibleCargos": [0, 4, 6, 8, 11, 14, 15, 18, 22, 24], "neighbors": [14, 6, 23, 18, 27, 22, 34, 19, 38, 13, 10, 32, 2, 21, 4, 28, 39, 35, 3, 5]}, {"capacity": 258, "impossibleCargos": [0, 4, 6, 9, 10, 12, 15, 16, 17, 19, 22, 24], "neighbors": [39, 15, 3, 28, 4, 10, 33, 14, 17, 24, 11, 5, 25, 38, 13, 37, 1, 26, 16, 36, 6]}, {"capacity": 465, "impossibleCargos": [0, 1, 3, 4, 5, 7, 8, 11, 12, 13, 15, 16, 21, 22], "neighbors": [5, 0, 23, 2, 4, 17, 24, 16, 14, 21, 8, 29, 28, 32, 31, 34, 12, 19, 13, 1, 33, 38, 27, 25]}, {"capacity": 548, "impossibleCargos": [0, 1, 2, 3, 4, 5, 8, 9, 10, 13, 14, 15, 16, 17, 18, 21], "neighbors": [31, 36, 34, 3, 35, 16, 2, 24, 30, 27, 17, 21, 5, 18, 1, 11, 26, 22, 8]}, {"capacity": 352, "impossibleCargos": [0, 1, 2, 3, 4, 7, 11, 13, 17, 24], "neighbors": [3, 31, 29, 27, 12, 35, 9, 7, 6, 39, 2, 4, 30, 0, 22, 19, 1, 11, 17]}, {"capacity": 425, "impossibleCargos": [0, 1, 3, 4, 5, 6, 7, 9, 10, 11, 12, 13, 16, 17, 19, 20, 22, 24], "neighbors": [13, 1, 7, 9, 36, 20, 16, 19, 5, 32, 39, 34, 26, 33, 30, 0, 22, 27, 37, 2, 17, 11]}, {"capacity": 625, "impossibleCargos": [3, 5, 6, 7, 10, 12, 14, 15, 16, 20, 21, 23, 24], "neighbors": [26, 24, 6, 33, 27, 14, 15, 5, 12, 34, 17, 39, 23, 29, 21, 8, 10, 31, 19, 16, 13]}, {"capacity": 240, "impossibleCargos": [1, 3, 5, 6, 7, 11, 12, 15, 16, 18, 19, 21, 23], "neighbors": [14, 36, 18, 33, 12, 34, 3, 37, 27, 7, 39, 38, 29, 26, 28, 4]}, {"capacity": 303, "impossibleCargos": [0, 1, 6, 8, 9, 11, 12, 15, 20, 24], "neighbors": [17, 18, 36, 6, 21, 5, 14, 0, 11, 32, 34, 10, 23, 38, 26, 25, 15, 30, 28, 37]}, {"capacity": 718, "impossibleCargos": [0, 1, 3, 5, 6, 7, 11, 15, 16, 18, 20, 22, 24], "neighbors": [13, 24, 27, 33, 2, 12, 14, 21, 22, 20, 9, 1, 36, 26, 34, 7, 38, 30, 19, 32]}, {"capacity": 791, "impossibleCargos": [0, 3, 15, 18, 22, 24], "neighbors": [12, 16, 15, 18, 22, 27, 31, 32, 36, 2, 9, 33, 30, 38, 29, 34, 4, 39, 6, 5]}, {"capacity": 631, "impossibleCargos": [0, 4, 5, 6, 9, 11, 13, 16, 17, 18, 21, 23, 24], "neighbors": [39, 11, 24, 8, 5, 34, 7, 31, 10, 25, 28, 20, 30, 18, 22, 32, 3, 23, 29]}, {"capacity": 427, "impossibleCargos": [0, 2, 4, 6, 9, 11, 15, 16, 19, 20, 22, 24], "neighbors": [6, 31, 10, 25, 22, 30, 39, 18, 1, 37, 0, 2, 36, 27, 3, 7, 34, 20, 14, 16]}, {"capacity": 480, "impossibleCargos": [0, 1, 4, 5, 6, 7, 8, 9, 11, 12, 14, 16, 18, 22, 24], "neighbors": [1, 8, 26, 17, 37, 7, 38, 28, 9, 2, 30, 3, 10, 33, 16, 24, 36, 15, 13, 25]}, {"capacity": 664, "impossibleCargos": [0, 2, 3, 4, 5, 7, 11, 12, 14, 20, 21, 23, 24], "neighbors": [2, 11, 24, 22, 26, 7, 18, 23, 32, 37, 9, 36, 38, 14, 39]}, {"capacity": 295, "impossibleCargos": [1, 2, 3, 6, 7, 9, 10, 11, 12, 13, 14, 16, 17, 23, 24], "neighbors": [11, 4, 24, 28, 18, 3, 6, 37, 32, 33, 31, 30, 14, 2, 0, 7, 13]}, {"capacity": 265, "impossibleCargos": [5, 6, 7, 8, 10, 14, 15, 19, 20, 21, 23, 24], "neighbors": [9, 31, 39, 18, 24, 25, 3, 14, 32, 4, 38, 23, 2, 7, 0, 30, 37, 20, 34, 26, 27, 6, 29, 5]}, {"capacity": 599, "impossibleCargos": [0, 1, 3, 6, 7, 8, 9, 13, 17, 18, 19, 20, 21], "neighbors": [17, 9, 8, 11, 24, 1, 25, 16, 13, 27, 15, 12, 4, 33, 32, 21, 22, 36]}, {"capacity": 841, "impossibleCargos": [2, 4, 5, 9, 12, 15, 17, 19, 20, 22, 24], "neighbors": [39, 28, 30, 31, 33, 1, 6, 0, 29, 23, 21, 25, 36, 26, 3, 7, 37, 5, 10, 20]}, {"capacity": 803, "impossibleCargos": [7, 9, 10, 11, 13, 14, 15, 17, 20, 21, 23], "neighbors": [32, 36, 6, 39, 10, 23, 12, 17, 28, 31, 25, 0, 22, 35, 19, 13, 38]}, {"capacity": 564, "impossibleCargos": [0, 1, 3, 4, 5, 6, 10, 11, 12, 13, 14, 18, 19, 20, 22, 24], "neighbors": [32, 9, 10, 3, 25, 4, 19, 37, 7, 1, 26, 18, 27, 30, 0]}, {"capacity": 634, "impossibleCargos": [0, 2, 3, 7, 8, 9, 10, 12, 13, 14, 15, 16, 17, 18, 19, 20, 21, 24], "neighbors": [13, 11, 15, 24, 1, 32, 10, 0, 35, 12, 6, 25, 5, 18, 39, 20, 4, 30]}, {"capacity": 810, "impossibleCargos": [1, 2, 5, 8, 9, 10, 13, 15, 16, 17, 19], "neighbors": [1, 31, 3, 33, 27, 36, 17, 20, 0, 15, 7, 19, 39, 9, 29, 35, 12, 25]}, {"capacity": 880, "impossibleCargos": [1, 4, 6, 13, 14, 16, 17, 18, 19, 21], "neighbors": [33, 7, 10, 12, 17, 15, 18, 4, 16, 22, 3, 34, 2, 25, 31, 37, 29, 32, 26, 14, 35]}, {"capacity": 841, "impossibleCargos": [0, 11, 12, 13, 15, 19, 22], "neighbors": [13, 17, 32, 18, 0, 34, 12, 24, 31, 21, 2, 19, 9, 38, 20, 22, 37, 35, 29, 3, 14, 23]}, {"capacity": 834, "impossibleCargos": [0, 3, 4, 9, 10, 14, 18, 19, 20, 21, 22, 23, 24], "neighbors": [0, 7, 14, 15, 27, 10, 6, 9, 21, 33, 19, 29, 35, 17, 8, 2, 24, 36, 4, 31]}, {"capacity": 745, "impossibleCargos": [1, 3, 9, 12, 14, 15, 18, 19, 23, 24], "neighbors": [34, 5, 10, 11, 23, 7, 1, 4, 18, 28, 26, 36, 8, 6, 38, 32, 13, 21, 17, 3]}, {"capacity": 263, "impossibleCargos": [1, 5, 8, 10, 11, 13, 18, 19, 20, 21, 22, 23], "neighbors": [2, 30, 14, 16, 19, 39, 27, 12, 34, 20, 3, 1, 9, 8]}, {"capacity": 643, "impossibleCargos": [0, 1, 5, 6, 7, 8, 12, 21, 22, 24], "neighbors": [36, 5, 30, 33, 19, 35, 7, 39, 3, 24, 11, 32, 26, 23, 8, 12, 25, 17]}, {"capacity": 912, "impossibleCargos": [1, 4, 8, 9, 11, 13, 17, 18, 19, 20, 21, 24], "neighbors": [34, 13, 29, 38, 28, 4, 19, 14, 17, 11, 31, 12, 6, 9, 5, 16, 33, 10, 21, 32, 22]}, {"capacity": 759, "impossibleCargos": [1, 2, 3, 5, 6, 7, 8, 10, 12, 13, 14, 19, 20, 23, 24], "neighbors": [13, 17, 5, 39, 4, 23, 33, 11, 12, 19, 34, 25, 24, 30, 37, 16, 20, 36, 7, 3, 32, 26, 35]}, {"capacity": 200, "impossibleCargos": [4, 5, 6, 8, 10, 11, 12, 13, 15, 16, 17, 19, 20, 22], "neighbors": [36, 20, 25, 21, 17, 22, 11, 33, 9, 6, 15, 16, 1, 38, 29, 3, 12, 18, 24, 27, 31, 10, 30]}, {"capacity": 345, "impossibleCargos": [0, 1, 2, 4, 6, 7, 8, 10, 11, 14, 15, 18, 19, 21, 22, 23], "neighbors": [35, 24, 8, 23, 39, 7, 31, 10, 2, 19, 29, 32, 11, 14, 37, 6, 16, 18, 26, 30, 3]}, {"capacity": 541, "impossibleCargos": [0, 2, 4, 14, 20, 23], "neighbors": [27, 36, 30, 4, 12, 8, 1, 7, 24, 25, 31, 9, 6, 28, 10, 11, 3, 17, 35, 0, 13, 38]}, {"capacity": 713, "impossibleCargos": [0, 1, 3, 7, 10, 12, 15, 16, 18, 20, 24], "neighbors": [33, 37, 4, 5, 29, 22, 23, 26, 1, 34, 20, 25, 24, 31]}, {"capacity": 744, "impossibleCargos": [0, 1, 6, 19, 20, 21, 24], "neighbors": [34, 29, 32, 4, 8, 9, 20, 6, 23, 11, 38, 10, 27, 19, 15, 13, 31, 18, 26, 14, 39, 0, 2]}, {"capacity": 561, "impossibleCargos": [0, 1, 2, 6, 7, 8, 9, 10, 13, 14, 15, 16, 17, 19, 20, 21], "neighbors": [35, 14, 17, 13, 38, 15, 8, 16, 21, 31, 24, 33, 2, 19, 6, 25, 9]}, {"capacity": 499, "impossibleCargos": [1, 2, 3, 4, 5, 6, 10, 13, 14, 15, 16, 17, 19, 22, 23, 24], "neighbors": [39, 30, 14, 17, 36, 1, 37, 2, 9, 32, 11, 8, 25, 10, 27, 15, 3, 20, 34]}, {"capacity": 278, "impossibleCargos": [0, 3, 4, 5, 8, 9, 10, 11, 13, 14, 15, 16, 20, 21], "neighbors": [12, 31, 2, 17, 38, 33, 0, 13, 19, 20, 28, 7, 5, 6, 23, 29, 8, 1, 11, 22, 36, 15]}]}