{"volumes": [1260, 0, 0, 1309, 0, 1411, 0, 269, 970, 562, 715, 208, 397, 0, 1091, 1022, 1929, 0, 1779, 971, 2008, 3696, 830, 899, 330], "conflicts": [[0, 4], [1, 5], [1, 7], [1, 11], [1, 15], [1, 18], [1, 20], [1, 22], [2, 4], [2, 6], [2, 9], [2, 15], [3, 13], [3, 17], [4, 7], [4, 9], [4, 11], [4, 16], [4, 17], [4, 18], [6, 7], [6, 11], [6, 12], [6, 13], [6, 14], [6, 18], [6, 22], [6, 24], [8, 12], [11, 13], [12, 13], [13, 19], [13, 22], [17, 19], [17, 23], [17, 24]], "tanks": [{"capacity": 281, "impossibleCargos": [2, 4, 9, 10], "neighbors": [20, 32, 15, 12, 35, 28, 2, 29, 39, 17, 18, 21, 7, 23, 34, 38, 8, 30, 16, 13, 19, 10, 24, 14, 6, 26, 36, 1, 31, 11, 22, 9, 27]}, {"capacity": 933, "impossibleCargos": [2, 3, 8, 9, 13, 15, 21, 23], "neighbors": [13, 38, 4, 34, 10, 20, 35, 2, 23, 15, 21, 22, 14, 3, 28, 16, 39, 26, 25, 18, 19, 30, 5, 12, 33, 0, 6, 9, 37]}, {"capacity": 629, "impossibleCargos": [4, 9, 22, 24], "neighbors": [26, 6, 34, 21, 13, 33, 0, 1, 8, 20, 39, 9, 28, 5, 30, 37, 24, 15, 7, 27, 17, 19, 12, 11, 22, 3, 38, 29, 25, 23, 32]}, {"capacity": 431, "impossibleCargos": [], "neighbors": [4, 32, 35, 37, 10, 28, 39, 15, 38, 9, 1, 16, 30, 29, 31, 25, 21, 7, 14, 34, 13, 12, 23, 11, 36, 2, 17, 27]}, {"capacity": 833, "impossibleCargos": [4, 9, 10, 12, 14, 17, 18, 22, 23], "neighbors": [10, 3, 1, 29, 22, 5, 20, 26, 23, 33, 25, 37, 35, 13, 31, 24, 19, 28, 32, 7, 27, 15, 11, 36, 14, 39, 30, 34]}, {"capacity": 800, "impossibleCargos": [1, 4, 7, 10, 11, 13, 18, 20], "neighbors": [29, 39, 11, 7, 14, 21, 32, 4, 30, 6, 35, 24, 22, 2, 13, 38, 31, 10, 25, 18, 9, 12, 17, 8, 33, 19, 1, 34, 15, 23]}, {"capacity": 967, "impossibleCargos": [2, 8, 11, 12, 15, 18, 20, 22], "neighbors": [2, 15, 25, 37, 24, 5, 26, 32, 35, 19, 22, 13, 31, 12, 27, 10, 7, 21, 9, 23, 38, 17, 0, 20, 18, 36, 11, 1, 33, 28]}, {"capacity": 549, "impossibleCargos": [10, 12, 22, 23], "neighbors": [5, 31, 33, 30, 16, 22, 0, 38, 29, 17, 39, 2, 27, 25, 6, 20, 4, 24, 35, 21, 3, 14, 12, 9, 11, 10, 15, 8, 36, 18]}, {"capacity": 677, "impossibleCargos": [0, 2, 5, 8, 12, 13, 14, 17, 24], "neighbors": [24, 37, 29, 32, 38, 10, 2, 31, 39, 19, 17, 0, 15, 11, 36, 28, 5, 13, 21, 35, 25, 18, 33, 7, 14, 34]}, {"capacity": 599, "impossibleCargos": [6, 7, 8, 9, 12, 17, 18, 19, 21, 23], "neighbors": [28, 35, 16, 15, 20, 14, 2, 19, 3, 12, 27, 11, 29, 33, 13, 18, 36, 6, 5, 32, 37, 39, 17, 23, 7, 25, 0, 1]}, {"capacity": 629, "impossibleCargos": [0, 6, 7, 9], "neighbors": [4, 22, 34, 1, 8, 32, 3, 16, 33, 11, 38, 30, 23, 24, 20, 5, 6, 0, 29, 18, 31, 14, 37, 19, 7, 13, 36, 26, 39, 25]}, {"capacity": 333, "impossibleCargos": [1, 8, 9, 14, 15, 17], "neighbors": [5, 17, 12, 36, 18, 26, 39, 24, 10, 37, 21, 9, 30, 8, 29, 25, 14, 28, 22, 23, 38, 2, 32, 27, 13, 19, 4, 3, 7, 35, 6, 0, 34, 20, 33]}, {"capacity": 893, "impossibleCargos": [3, 4, 6, 10, 11, 13, 15, 22, 24], "neighbors": [35, 13, 11, 0, 20, 37, 27, 29, 34, 21, 31, 26, 30, 9, 23, 25, 6, 18, 14, 28, 5, 2, 3, 7, 36, 38, 1, 15]}, {"capacity": 245, "impossibleCargos": [0, 10, 13, 16, 19, 22], "neighbors": [1, 32, 39, 12, 38, 35, 34, 2, 26, 36, 29, 19, 5, 30, 4, 20, 33, 0, 6, 9, 21, 15, 24, 8, 11, 3, 10, 17, 37, 25]}, {"capacity": 621, "impossibleCargos": [15, 18, 20], "neighbors": [23, 22, 5, 25, 34, 35, 9, 19, 32, 26, 29, 1, 11, 12, 37, 10, 16, 30, 0, 3, 7, 4, 20, 36, 31, 24, 8, 28]}, {"capacity": 967, "impossibleCargos": [4, 7, 10, 16], "neighbors": [36, 0, 6, 18, 38, 37, 9, 16, 32, 1, 3, 27, 39, 34, 2, 8, 20, 33, 23, 13, 30, 4, 29, 28, 7, 5, 24, 21, 31, 12]}, {"capacity": 765, "impossibleCargos": [1, 4, 6, 16, 17, 23], "neighbors": [20, 9, 17, 33, 34, 32, 31, 10, 24, 7, 15, 29, 21, 19, 27, 3, 0, 1, 37, 39, 28, 14, 35, 30, 18, 25, 36, 26, 38]}, {"capacity": 533, "impossibleCargos": [1, 4, 8, 9, 10, 11, 17, 23], "neighbors": [11, 16, 39, 20, 18, 0, 34, 8, 37, 22, 21, 7, 38, 23, 30, 35, 33, 2, 31, 5, 36, 9, 6, 3, 13, 28, 19]}, {"capacity": 474, "impossibleCargos": [5, 6, 15, 21], "neighbors": [25, 37, 15, 17, 11, 0, 26, 31, 22, 20, 33, 36, 38, 5, 9, 27, 34, 12, 10, 1, 35, 8, 16, 6, 29, 19, 7, 24]}, {"capacity": 476, "impossibleCargos": [3, 6, 18, 19, 21], "neighbors": [25, 22, 37, 34, 14, 8, 31, 13, 30, 9, 16, 6, 29, 4, 27, 0, 2, 20, 24, 5, 10, 11, 1, 32, 18, 33, 17, 21, 23]}, {"capacity": 819, "impossibleCargos": [0, 2, 6, 7, 12, 16, 24], "neighbors": [28, 0, 16, 38, 34, 39, 1, 17, 12, 9, 2, 24, 4, 25, 18, 31, 27, 32, 10, 13, 15, 7, 22, 23, 19, 21, 6, 29, 14, 35, 26, 11, 30, 37]}, {"capacity": 878, "impossibleCargos": [1, 4, 14, 15, 16, 17, 18], "neighbors": [27, 28, 34, 32, 2, 5, 38, 1, 0, 16, 11, 12, 35, 17, 33, 13, 26, 6, 25, 7, 3, 8, 29, 20, 30, 15, 23, 36, 19]}, {"capacity": 400, "impossibleCargos": [7, 8, 9, 18, 20], "neighbors": [10, 31, 19, 29, 14, 32, 4, 18, 7, 5, 27, 1, 34, 17, 6, 35, 24, 23, 20, 11, 37, 2, 25, 30, 39, 0, 33]}, {"capacity": 756, "impossibleCargos": [2, 6, 7, 10, 11, 19, 22, 24], "neighbors": [14, 38, 1, 4, 0, 10, 26, 12, 17, 15, 22, 36, 39, 30, 11, 20, 6, 28, 3, 37, 31, 9, 25, 33, 21, 2, 5, 32, 24, 19]}, {"capacity": 863, "impossibleCargos": [1, 2, 5, 6, 13, 14, 22, 24], "neighbors": [8, 6, 16, 20, 11, 5, 33, 4, 10, 2, 22, 27, 13, 34, 7, 39, 0, 19, 35, 15, 29, 14, 28, 25, 18, 23]}, {"capacity": 299, "impossibleCargos": [3, 4, 10, 11, 14, 17], "neighbors": [18, 19, 30, 6, 14, 37, 20, 4, 38, 34, 27, 12, 29, 5, 11, 7, 32, 1, 21, 36, 3, 26, 8, 9, 35, 16, 22, 23, 2, 28, 13, 10, 24]}, {"capacity": 613, "impossibleCargos": [1, 5, 9, 15, 17, 20, 22], "neighbors": [2, 32, 13, 11, 14, 4, 18, 6, 38, 12, 23, 31, 28, 34, 1, 39, 21, 33, 37, 25, 0, 16, 10, 20]}, {"capacity": 685, "impossibleCargos": [0, 5, 11, 15], "neighbors": [21, 37, 30, 12, 22, 15, 20, 9, 25, 38, 16, 28, 19, 7, 2, 6, 24, 18, 33, 11, 4, 31, 35, 36, 3, 39, 0]}, {"capacity": 431, "impossibleCargos": [1, 9, 14, 15, 18, 21], "neighbors": [20, 9, 21, 37, 0, 3, 39, 2, 33, 1, 27, 34, 26, 4, 11, 29, 12, 16, 8, 23, 15, 24, 17, 25, 36, 14, 6]}, {"capacity": 228, "impossibleCargos": [4, 6, 9, 10, 17, 20, 21, 23], "neighbors": [39, 5, 8, 22, 4, 36, 0, 16, 13, 14, 12, 7, 38, 32, 19, 35, 9, 25, 11, 33, 28, 10, 3, 21, 15, 2, 20, 18, 37, 24]}, {"capacity": 215, "impossibleCargos": [3, 9, 12, 13, 18, 24], "neighbors": [39, 25, 27, 7, 5, 35, 19, 2, 10, 13, 12, 31, 11, 0, 17, 3, 32, 23, 37, 14, 15, 16, 1, 21, 22, 4, 36, 38, 20]}, {"capacity": 955, "impossibleCargos": [3, 4, 7, 10, 12, 13, 18, 23, 24], "neighbors": [22, 7, 16, 8, 19, 18, 20, 12, 5, 26, 30, 4, 33, 39, 6, 35, 17, 10, 32, 3, 27, 38, 23, 15, 0, 14, 37]}, {"capacity": 302, "impossibleCargos": [1, 4, 7, 14, 20, 21, 22, 23], "neighbors": [13, 36, 0, 8, 21, 3, 10, 26, 39, 22, 5, 16, 15, 14, 29, 6, 20, 33, 37, 38, 30, 25, 4, 35, 31, 11, 9, 34, 19, 23, 2]}, {"capacity": 409, "impossibleCargos": [0, 4, 7, 10, 11, 12, 13, 15, 16, 17, 19, 20], "neighbors": [16, 7, 2, 10, 34, 4, 24, 18, 28, 39, 38, 31, 21, 9, 13, 32, 37, 15, 29, 17, 26, 27, 36, 5, 8, 23, 1, 19, 22, 11, 6]}, {"capacity": 506, "impossibleCargos": [9, 19], "neighbors": [21, 2, 10, 16, 1, 13, 20, 14, 19, 17, 33, 39, 12, 25, 15, 0, 22, 28, 26, 36, 18, 24, 32, 3, 5, 4, 8, 11]}, {"capacity": 597, "impossibleCargos": [1, 3, 5, 10, 13, 14, 15, 19, 20], "neighbors": [9, 12, 13, 3, 0, 1, 14, 5, 30, 21, 36, 6, 4, 22, 29, 17, 31, 32, 7, 38, 18, 16, 8, 27, 25, 39, 24, 11, 20]}, {"capacity": 601, "impossibleCargos": [2, 16, 19], "neighbors": [15, 32, 11, 29, 13, 38, 18, 35, 34, 8, 39, 9, 23, 17, 25, 33, 12, 3, 4, 16, 6, 0, 14, 27, 10, 21, 28, 7, 30]}, {"capacity": 777, "impossibleCargos": [7, 11, 21, 22, 24], "neighbors": [8, 27, 19, 18, 28, 6, 25, 3, 15, 12, 11, 39, 4, 2, 17, 16, 33, 32, 22, 14, 9, 26, 10, 30, 23, 29, 31, 13, 1, 20]}, {"capacity": 286, "impossibleCargos": [0, 1, 3, 17, 24], "neighbors": [1, 13, 39, 8, 20, 23, 15, 21, 10, 36, 5, 3, 7, 26, 25, 29, 0, 33, 27, 17, 18, 32, 11, 35, 31, 6, 2, 12, 16, 30]}, {"capacity": 222, "impossibleCargos": [3, 13, 14, 17, 20], "neighbors": [29, 5, 30, 13, 38, 17, 20, 32, 8, 0, 11, 2, 34, 28, 3, 37, 15, 33, 7, 31, 1, 36, 26, 16, 23, 24, 9, 35, 4, 10, 22, 27]}]}