{"volumes": [1027, 487, 841, 310, 798, 0, 3506, 1799, 1580, 2989, 1000, 1270, 1359, 404, 242, 0, 0, 0, 933, 309, 265, 1177, 500, 0, 1074], "conflicts": [[0, 5], [0, 23], [1, 5], [1, 15], [1, 16], [1, 17], [1, 22], [1, 23], [2, 3], [2, 16], [2, 19], [2, 22], [2, 23], [3, 15], [3, 16], [3, 17], [3, 23], [4, 14], [4, 15], [4, 16], [4, 17], [4, 18], [4, 23], [5, 12], [5, 13], [5, 14], [5, 17], [5, 18], [5, 19], [5, 20], [5, 22], [5, 23], [6, 15], [6, 16], [6, 17], [7, 10], [7, 16], [7, 17], [7, 20], [8, 15], [9, 17], [9, 23], [10, 16], [10, 17], [11, 15], [11, 16], [11, 17], [13, 15], [13, 16], [13, 18], [14, 15], [14, 16], [14, 17], [14, 18], [15, 16], [15, 19], [15, 20], [15, 23], [15, 24], [16, 17], [16, 18], [16, 19], [16, 20], [16, 22], [16, 23], [17, 21], [17, 22], [17, 24], [19, 23], [22, 23], [23, 24]], "tanks": [{"capacity": 548, "impossibleCargos": [1, 3, 4, 5, 8, 9, 13, 18, 20, 23], "neighbors": [27, 35, 7, 17, 13, 22, 38, 19, 25, 24, 36, 2, 15, 5, 11, 10, 4, 12, 34, 39, 29, 16, 18, 1, 32]}, {"capacity": 761, "impossibleCargos": [11, 18, 24], "neighbors": [14, 10, 35, 9, 4, 15, 36, 31, 39, 8, 27, 29, 20, 30, 6, 3, 24, 25, 19, 32, 38, 23, 28, 26, 17, 13, 0, 22, 11, 5, 21]}, {"capacity": 956, "impossibleCargos": [1, 2, 11, 18], "neighbors": [14, 17, 5, 20, 11, 24, 10, 27, 26, 18, 38, 37, 0, 6, 23, 30, 15, 4, 29, 25, 19, 7, 13, 16, 39, 33, 9, 12, 3, 32]}, {"capacity": 725, "impossibleCargos": [1, 2, 4, 8, 10, 13, 17, 21, 22, 24], "neighbors": [21, 24, 13, 4, 32, 5, 38, 37, 12, 33, 14, 1, 7, 11, 31, 26, 8, 36, 18, 17, 23, 9, 15, 25, 39, 2, 27, 20]}, {"capacity": 491, "impossibleCargos": [2, 9, 21], "neighbors": [17, 3, 21, 1, 39, 19, 28, 12, 18, 29, 10, 27, 2, 15, 0, 6, 36, 8, 38, 30, 34, 14, 23, 35, 32, 11, 13, 7, 31, 37]}, {"capacity": 896, "impossibleCargos": [3, 6, 7, 12, 16, 18, 22], "neighbors": [10, 3, 2, 29, 17, 39, 22, 12, 0, 24, 13, 35, 19, 14, 8, 28, 27, 7, 11, 36, 32, 6, 30, 1, 20, 38, 18, 21]}, {"capacity": 931, "impossibleCargos": [15, 19], "neighbors": [38, 12, 39, 23, 28, 18, 32, 30, 33, 10, 2, 1, 17, 20, 26, 11, 4, 29, 22, 16, 7, 5, 19, 37, 14, 25, 15, 21]}, {"capacity": 954, "impossibleCargos": [10], "neighbors": [16, 23, 0, 13, 35, 29, 11, 38, 8, 33, 10, 18, 3, 5, 28, 24, 12, 2, 37, 9, 39, 6, 21, 17, 4, 32]}, {"capacity": 903, "impossibleCargos": [1, 3, 8, 10, 14, 17, 24], "neighbors": [23, 16, 9, 7, 37, 1, 31, 36, 27, 32, 5, 18, 25, 14, 30, 21, 34, 29, 26, 4, 3, 19, 38, 39, 22, 20, 17, 13, 12, 35, 24]}, {"capacity": 819, "impossibleCargos": [0, 3, 4, 5, 6, 10, 15, 17, 18, 20, 21, 22], "neighbors": [17, 15, 30, 24, 34, 1, 39, 28, 38, 33, 8, 10, 13, 11, 20, 29, 36, 25, 16, 7, 27, 19, 3, 26, 14, 2, 22, 32]}, {"capacity": 317, "impossibleCargos": [5, 9, 15, 22], "neighbors": [1, 5, 14, 23, 34, 29, 21, 2, 38, 6, 24, 9, 20, 19, 35, 7, 18, 0, 4, 25, 26, 13, 39, 27, 17, 36, 12, 37, 11, 33, 15]}, {"capacity": 335, "impossibleCargos": [6, 14, 20, 21, 23], "neighbors": [38, 21, 23, 2, 19, 17, 7, 9, 30, 0, 31, 34, 6, 3, 24, 28, 5, 25, 22, 13, 20, 18, 15, 36, 4, 1, 10, 39]}, {"capacity": 471, "impossibleCargos": [4, 5, 13, 14, 20, 21, 22, 23, 24], "neighbors": [22, 6, 32, 16, 25, 33, 38, 27, 5, 4, 30, 36, 3, 35, 19, 26, 0, 18, 7, 28, 21, 34, 20, 8, 10, 2]}, {"capacity": 271, "impossibleCargos": [10, 13, 14, 16, 18, 19, 23, 24], "neighbors": [23, 3, 26, 30, 21, 34, 16, 32, 0, 7, 27, 20, 39, 14, 24, 9, 5, 25, 15, 17, 10, 33, 2, 11, 38, 1, 31, 8, 29, 4, 35, 36]}, {"capacity": 997, "impossibleCargos": [0, 1, 2, 6, 8, 11, 15, 22], "neighbors": [2, 34, 1, 23, 39, 22, 10, 25, 19, 38, 29, 13, 18, 31, 30, 5, 3, 37, 8, 17, 4, 27, 16, 9, 15, 6]}, {"capacity": 598, "impossibleCargos": [10, 12, 21, 23], "neighbors": [9, 18, 25, 29, 28, 24, 31, 30, 1, 16, 0, 23, 27, 2, 13, 20, 4, 37, 36, 26, 17, 11, 22, 3, 19, 34, 38, 14, 35, 39, 33, 21, 10, 6]}, {"capacity": 251, "impossibleCargos": [0, 1, 2, 5, 8, 15, 23], "neighbors": [7, 20, 8, 12, 13, 22, 37, 15, 27, 39, 31, 19, 9, 34, 25, 36, 28, 33, 0, 6, 35, 2, 24, 14, 26, 32]}, {"capacity": 933, "impossibleCargos": [1, 2, 12, 17, 21, 22], "neighbors": [33, 9, 39, 2, 4, 26, 5, 11, 0, 37, 18, 24, 31, 32, 6, 13, 29, 20, 38, 14, 27, 10, 19, 3, 1, 34, 8, 15, 35, 28, 7, 21, 23, 36]}, {"capacity": 958, "impossibleCargos": [1, 2, 7, 8, 13, 16, 18, 19, 20], "neighbors": [34, 39, 15, 36, 23, 27, 24, 31, 6, 32, 28, 38, 21, 17, 2, 30, 4, 14, 35, 7, 10, 20, 8, 33, 12, 22, 37, 3, 11, 0, 19, 26, 5]}, {"capacity": 587, "impossibleCargos": [5, 8, 10, 11, 18, 19, 20, 23], "neighbors": [36, 24, 38, 11, 14, 0, 33, 4, 31, 10, 5, 28, 23, 12, 22, 30, 1, 20, 16, 2, 8, 17, 9, 27, 6, 15, 25, 18, 37]}, {"capacity": 421, "impossibleCargos": [0, 10, 14, 20, 24], "neighbors": [16, 25, 2, 22, 35, 38, 13, 23, 9, 10, 1, 18, 15, 6, 19, 17, 33, 39, 28, 8, 32, 11, 29, 31, 36, 21, 12, 5, 26, 3]}, {"capacity": 497, "impossibleCargos": [1, 7, 8, 9, 14, 18, 20, 24], "neighbors": [3, 4, 29, 13, 11, 10, 25, 34, 18, 36, 31, 32, 26, 38, 37, 8, 33, 39, 7, 12, 23, 20, 17, 15, 1, 5, 6]}, {"capacity": 245, "impossibleCargos": [0, 7, 12, 13, 14, 18, 22], "neighbors": [37, 12, 25, 36, 30, 14, 20, 35, 28, 16, 0, 31, 23, 5, 19, 38, 32, 29, 18, 6, 8, 34, 11, 15, 1, 39, 9]}, {"capacity": 232, "impossibleCargos": [1, 6, 7, 9, 14, 17, 22], "neighbors": [8, 13, 14, 18, 6, 10, 7, 11, 32, 31, 22, 20, 2, 19, 15, 25, 1, 37, 4, 24, 3, 21, 27, 17, 29, 28]}, {"capacity": 680, "impossibleCargos": [2, 8, 17, 19, 22], "neighbors": [30, 3, 36, 18, 19, 31, 9, 15, 2, 0, 13, 17, 10, 5, 28, 29, 1, 27, 35, 11, 7, 38, 25, 23, 16, 33, 32, 37, 8, 26]}, {"capacity": 457, "impossibleCargos": [2, 4, 16, 17, 21, 22, 23], "neighbors": [37, 22, 15, 20, 14, 27, 12, 21, 32, 0, 13, 31, 28, 23, 10, 34, 8, 1, 9, 29, 11, 2, 16, 24, 26, 38, 3, 35, 19, 33, 6, 36]}, {"capacity": 268, "impossibleCargos": [0, 5, 6, 23, 24], "neighbors": [28, 31, 13, 29, 34, 17, 35, 2, 33, 21, 12, 30, 6, 10, 32, 8, 3, 1, 38, 25, 15, 37, 9, 36, 27, 16, 20, 18, 24]}, {"capacity": 208, "impossibleCargos": [3, 4, 12, 23], "neighbors": [39, 32, 0, 37, 28, 18, 25, 2, 13, 12, 16, 1, 35, 29, 36, 15, 8, 4, 5, 24, 10, 17, 34, 9, 30, 14, 19, 31, 23, 26, 33, 3]}, {"capacity": 553, "impossibleCargos": [8, 10, 12], "neighbors": [26, 15, 27, 30, 35, 6, 22, 9, 18, 4, 38, 19, 24, 25, 36, 5, 7, 11, 1, 20, 12, 34, 16, 37, 17, 33, 23]}, {"capacity": 393, "impossibleCargos": [1, 4, 7, 13, 15], "neighbors": [39, 15, 21, 26, 32, 5, 10, 33, 7, 14, 35, 4, 27, 9, 1, 36, 24, 2, 38, 17, 8, 22, 25, 6, 0, 20, 30, 13, 23]}, {"capacity": 568, "impossibleCargos": [2, 6, 13, 18, 19, 20], "neighbors": [34, 24, 22, 13, 28, 39, 9, 38, 15, 6, 18, 11, 12, 2, 36, 14, 1, 19, 37, 26, 8, 4, 27, 29, 5, 31, 32, 35]}, {"capacity": 605, "impossibleCargos": [1, 2, 3, 7, 11, 13, 19, 22, 23], "neighbors": [26, 34, 24, 37, 18, 15, 22, 23, 21, 1, 8, 17, 14, 19, 11, 32, 25, 35, 39, 16, 3, 33, 20, 27, 13, 30, 4, 36]}, {"capacity": 488, "impossibleCargos": [4, 6, 12, 13, 15], "neighbors": [38, 27, 12, 3, 29, 18, 6, 23, 13, 25, 21, 17, 31, 8, 34, 35, 26, 1, 22, 36, 39, 20, 4, 5, 30, 0, 24, 7, 16, 37, 2, 9]}, {"capacity": 313, "impossibleCargos": [0, 2, 6, 8, 13, 15, 16], "neighbors": [17, 35, 34, 12, 29, 19, 26, 6, 9, 38, 39, 7, 3, 36, 37, 13, 18, 20, 31, 16, 21, 24, 2, 28, 27, 10, 15, 25]}, {"capacity": 337, "impossibleCargos": [6, 16], "neighbors": [30, 18, 31, 14, 26, 13, 33, 10, 9, 36, 21, 37, 11, 25, 32, 0, 8, 38, 16, 27, 28, 22, 4, 17, 15, 12]}, {"capacity": 268, "impossibleCargos": [0, 5, 10, 13, 18], "neighbors": [33, 28, 1, 0, 20, 22, 38, 26, 7, 29, 27, 5, 10, 18, 12, 39, 32, 31, 24, 16, 4, 17, 25, 8, 15, 13, 30]}, {"capacity": 973, "impossibleCargos": [1, 2, 9, 15, 18, 20], "neighbors": [18, 22, 24, 19, 34, 1, 21, 0, 39, 30, 12, 9, 27, 29, 8, 28, 33, 4, 32, 3, 16, 38, 10, 15, 5, 20, 11, 26, 37, 17, 13, 31, 25]}, {"capacity": 690, "impossibleCargos": [10, 11, 13, 17, 22, 24], "neighbors": [25, 22, 27, 31, 3, 17, 16, 2, 8, 34, 21, 30, 14, 38, 33, 23, 18, 15, 7, 28, 39, 26, 10, 24, 36, 4, 32, 6, 19]}, {"capacity": 814, "impossibleCargos": [0, 5, 7, 10, 21], "neighbors": [32, 6, 11, 3, 30, 19, 18, 35, 20, 12, 0, 10, 9, 14, 2, 7, 33, 28, 21, 22, 37, 29, 34, 1, 17, 24, 4, 8, 36, 26, 13, 25, 39, 15, 5]}, {"capacity": 768, "impossibleCargos": [2, 5, 10, 13, 14, 20, 21], "neighbors": [29, 17, 18, 27, 6, 14, 30, 9, 5, 4, 13, 1, 33, 36, 16, 35, 31, 10, 0, 20, 32, 8, 21, 7, 38, 2, 37, 3, 22, 15, 11]}]}