{"volumes": [626, 0, 1795, 1261, 1062, 1315, 695, 2642, 627, 1425, 0, 0, 682, 969, 925, 663, 0, 2107, 1431, 715, 0, 1188, 0, 2970, 0], "conflicts": [[0, 10], [0, 20], [1, 4], [1, 8], [1, 9], [1, 11], [1, 12], [1, 13], [1, 17], [1, 18], [1, 20], [1, 23], [2, 10], [2, 11], [2, 16], [2, 20], [2, 22], [2, 24], [3, 11], [3, 20], [3, 22], [3, 24], [4, 10], [4, 20], [4, 22], [5, 10], [5, 11], [5, 20], [5, 24], [6, 9], [6, 10], [6, 11], [6, 16], [6, 22], [7, 16], [7, 20], [7, 24], [8, 10], [8, 14], [8, 16], [8, 22], [9, 11], [10, 14], [10, 15], [10, 20], [10, 21], [11, 15], [11, 16], [11, 18], [11, 20], [11, 21], [11, 22], [12, 16], [12, 20], [12, 22], [13, 16], [14, 19], [15, 22], [15, 24], [16, 17], [16, 19], [16, 20], [16, 21], [16, 22], [16, 24], [17, 20], [17, 24], [18, 24], [19, 20], [19, 22], [19, 24], [20, 22], [21, 22], [21, 24], [22, 23], [23, 24]], "tanks": [{"capacity": 662, "impossibleCargos": [4, 6, 7, 13, 17, 18, 20], "neighbors": [32, 23, 34, 38, 13, 30, 22, 19, 7, 37, 26, 27, 10, 11, 4, 24, 12, 35, 20, 16, 5, 36, 31, 39, 9, 21]}, {"capacity": 415, "impossibleCargos": [4, 5, 9, 11, 16, 23], "neighbors": [20, 16, 32, 27, 23, 29, 11, 39, 36, 37, 31, 3, 22, 15, 8, 28, 19, 34, 2, 25, 6, 17, 38, 35, 33, 12, 24, 10, 7]}, {"capacity": 990, "impossibleCargos": [2, 4, 7, 11, 12, 14, 16, 17, 20, 22], "neighbors": [33, 28, 30, 37, 27, 22, 38, 3, 18, 16, 13, 11, 15, 32, 36, 31, 24, 6, 21, 34, 19, 17, 8, 25, 4, 1, 10, 23, 26, 9, 39]}, {"capacity": 472, "impossibleCargos": [1, 5, 6, 7, 8, 17, 19], "neighbors": [38, 27, 12, 11, 6, 2, 29, 19, 4, 5, 23, 36, 25, 35, 37, 1, 9, 26, 8, 10, 22, 34, 17, 13, 16, 32, 31, 39]}, {"capacity": 472, "impossibleCargos": [5, 6, 10, 14, 17, 20], "neighbors": [7, 30, 34, 13, 19, 11, 27, 35, 24, 3, 29, 8, 0, 14, 33, 12, 26, 16, 5, 32, 28, 2, 15, 20, 9, 25, 37, 31, 23, 21]}, {"capacity": 596, "impossibleCargos": [0, 2, 5, 6, 7, 8, 10, 18, 24], "neighbors": [11, 25, 33, 32, 38, 17, 8, 29, 10, 15, 19, 22, 26, 3, 34, 23, 31, 39, 30, 18, 4, 7, 27, 36, 0, 6, 28, 35, 24]}, {"capacity": 232, "impossibleCargos": [1, 3, 8, 9, 13, 14], "neighbors": [38, 3, 30, 32, 11, 17, 25, 34, 36, 20, 15, 23, 2, 21, 7, 29, 13, 18, 24, 39, 33, 27, 5, 37, 1, 22, 19, 12, 35, 9, 10, 26, 16]}, {"capacity": 676, "impossibleCargos": [9, 15, 18, 22, 24], "neighbors": [4, 28, 27, 10, 39, 18, 0, 11, 37, 9, 19, 20, 23, 30, 22, 6, 16, 25, 33, 26, 5, 15, 21, 8, 14, 38, 12, 1]}, {"capacity": 988, "impossibleCargos": [8, 10, 11, 12, 19], "neighbors": [22, 20, 24, 5, 15, 13, 19, 36, 26, 17, 33, 4, 11, 27, 18, 14, 35, 34, 1, 2, 31, 3, 7, 9, 10, 38, 29, 39, 28]}, {"capacity": 455, "impossibleCargos": [2, 4, 7, 13, 15, 17, 18, 19, 21, 22, 23], "neighbors": [23, 29, 17, 33, 22, 38, 24, 11, 19, 36, 30, 7, 14, 27, 25, 3, 39, 4, 8, 21, 26, 2, 31, 6, 37, 0, 12]}, {"capacity": 802, "impossibleCargos": [5, 9, 10, 12, 13, 15, 17, 20, 23], "neighbors": [12, 14, 13, 20, 23, 7, 18, 11, 36, 16, 5, 38, 27, 15, 0, 22, 31, 24, 34, 32, 3, 2, 17, 30, 8, 35, 25, 39, 26, 6, 1]}, {"capacity": 650, "impossibleCargos": [9, 13, 14, 22], "neighbors": [5, 22, 29, 3, 1, 12, 9, 38, 6, 4, 32, 18, 35, 10, 20, 7, 2, 28, 21, 25, 37, 0, 8, 19, 24, 26, 31, 34, 36, 30, 23, 33, 27, 17, 16, 14, 13]}, {"capacity": 764, "impossibleCargos": [6, 7, 8, 10, 20, 21], "neighbors": [10, 3, 11, 37, 28, 22, 33, 20, 16, 17, 25, 4, 26, 39, 36, 31, 19, 0, 18, 23, 38, 27, 6, 1, 15, 29, 9, 7]}, {"capacity": 780, "impossibleCargos": [4, 5, 8, 20, 24], "neighbors": [15, 10, 14, 26, 0, 21, 4, 8, 33, 2, 30, 28, 36, 34, 18, 24, 6, 23, 39, 37, 3, 35, 38, 11, 32]}, {"capacity": 376, "impossibleCargos": [2, 19, 20, 21, 24], "neighbors": [10, 21, 26, 13, 27, 25, 23, 33, 28, 34, 18, 9, 20, 35, 4, 19, 15, 8, 32, 22, 39, 11, 36, 37, 7, 30, 31]}, {"capacity": 346, "impossibleCargos": [8, 12, 15, 18, 23], "neighbors": [13, 29, 38, 39, 30, 17, 33, 16, 26, 8, 20, 5, 10, 6, 2, 35, 31, 1, 14, 27, 7, 18, 4, 23, 22, 12, 37, 28]}, {"capacity": 354, "impossibleCargos": [1, 3, 5, 8, 9, 13, 15, 23, 24], "neighbors": [1, 25, 24, 15, 30, 2, 20, 34, 10, 19, 29, 28, 23, 12, 26, 4, 22, 39, 7, 35, 17, 0, 11, 38, 18, 3, 31, 6]}, {"capacity": 935, "impossibleCargos": [16, 17, 19, 23], "neighbors": [33, 27, 29, 9, 15, 5, 18, 6, 31, 32, 19, 8, 12, 2, 38, 11, 28, 16, 10, 22, 3, 25, 1, 34, 21, 23]}, {"capacity": 690, "impossibleCargos": [4, 5, 8, 14, 16, 19], "neighbors": [32, 26, 36, 17, 25, 37, 10, 11, 2, 7, 19, 14, 13, 35, 5, 8, 12, 20, 21, 15, 24, 6, 34, 29, 16, 27]}, {"capacity": 440, "impossibleCargos": [7, 10, 14, 16, 18, 19, 22], "neighbors": [33, 32, 22, 34, 4, 0, 17, 3, 9, 16, 28, 8, 36, 24, 18, 5, 21, 7, 11, 14, 12, 2, 37, 1, 26, 27, 25, 6, 35, 30, 20, 38]}, {"capacity": 724, "impossibleCargos": [2, 5, 11, 12, 13, 21, 22], "neighbors": [1, 27, 24, 10, 8, 32, 15, 16, 11, 6, 34, 12, 14, 21, 35, 22, 7, 39, 18, 25, 0, 4, 36, 33, 31, 19, 29, 28]}, {"capacity": 377, "impossibleCargos": [6, 7, 9, 19, 20], "neighbors": [14, 32, 25, 13, 22, 31, 36, 19, 23, 11, 30, 20, 26, 34, 2, 6, 29, 18, 38, 7, 9, 33, 17, 35, 37, 4, 0]}, {"capacity": 611, "impossibleCargos": [0, 3, 6, 16], "neighbors": [8, 11, 23, 9, 19, 21, 0, 39, 2, 38, 12, 5, 10, 20, 33, 25, 7, 1, 16, 32, 26, 29, 34, 3, 17, 36, 14, 6, 24, 30, 15]}, {"capacity": 221, "impossibleCargos": [1, 3, 4, 8, 11, 14, 21, 22], "neighbors": [9, 0, 1, 22, 14, 26, 10, 21, 5, 6, 16, 3, 7, 25, 32, 27, 11, 12, 39, 30, 37, 2, 13, 31, 15, 4, 29, 34, 17]}, {"capacity": 950, "impossibleCargos": [3, 10, 21], "neighbors": [28, 16, 20, 8, 9, 33, 27, 38, 4, 19, 25, 36, 2, 11, 13, 37, 0, 32, 10, 18, 6, 30, 29, 22, 35, 26, 39, 1, 5]}, {"capacity": 805, "impossibleCargos": [17, 18, 20, 21, 23], "neighbors": [5, 16, 14, 27, 28, 18, 21, 6, 24, 11, 31, 3, 12, 23, 22, 9, 29, 7, 20, 2, 39, 1, 36, 26, 4, 19, 17, 10, 34]}, {"capacity": 865, "impossibleCargos": [2, 6, 17, 18], "neighbors": [18, 14, 35, 13, 15, 23, 32, 28, 8, 5, 0, 38, 36, 16, 21, 11, 12, 4, 33, 7, 3, 22, 19, 29, 25, 2, 9, 27, 10, 24, 6]}, {"capacity": 249, "impossibleCargos": [1, 2, 3, 4, 7, 8, 9, 21, 24], "neighbors": [20, 17, 1, 38, 3, 31, 7, 14, 35, 25, 2, 24, 29, 4, 30, 34, 39, 0, 10, 9, 36, 23, 8, 15, 11, 5, 33, 19, 6, 32, 18, 12, 26, 37]}, {"capacity": 717, "impossibleCargos": [0, 7, 8, 21, 23], "neighbors": [24, 7, 36, 2, 29, 30, 25, 39, 14, 19, 26, 12, 11, 13, 16, 31, 33, 1, 38, 4, 17, 32, 35, 5, 37, 34, 20, 8, 15]}, {"capacity": 309, "impossibleCargos": [0, 2, 6, 10, 17, 19, 24], "neighbors": [9, 15, 17, 38, 11, 1, 28, 39, 5, 3, 27, 16, 30, 4, 37, 32, 36, 6, 21, 25, 33, 22, 24, 26, 18, 35, 8, 23, 12, 20, 34, 31]}, {"capacity": 637, "impossibleCargos": [2, 4, 10, 14, 15, 22], "neighbors": [4, 15, 2, 28, 6, 0, 32, 16, 27, 34, 9, 36, 13, 29, 21, 33, 7, 5, 11, 37, 23, 38, 35, 24, 10, 22, 19, 14]}, {"capacity": 876, "impossibleCargos": [7, 18, 24], "neighbors": [27, 39, 17, 32, 21, 1, 25, 5, 37, 35, 2, 34, 28, 10, 15, 11, 12, 8, 23, 4, 0, 20, 3, 16, 9, 14, 29]}, {"capacity": 817, "impossibleCargos": [1, 6, 9, 14, 18, 21], "neighbors": [0, 18, 1, 37, 21, 38, 5, 19, 20, 26, 6, 30, 17, 11, 31, 2, 29, 23, 22, 24, 10, 4, 14, 28, 33, 27, 3, 13]}, {"capacity": 242, "impossibleCargos": [9, 19], "neighbors": [37, 17, 34, 2, 5, 19, 9, 39, 15, 35, 14, 24, 13, 12, 8, 30, 22, 4, 26, 28, 7, 11, 29, 27, 6, 32, 21, 20, 36, 1]}, {"capacity": 302, "impossibleCargos": [0, 6, 7, 8, 12, 15, 24], "neighbors": [33, 0, 36, 4, 19, 6, 16, 14, 30, 27, 38, 20, 5, 13, 35, 31, 21, 11, 2, 8, 37, 10, 1, 18, 22, 3, 28, 17, 23, 25, 29, 39]}, {"capacity": 808, "impossibleCargos": [1, 12, 17, 18, 21, 23], "neighbors": [26, 36, 27, 33, 11, 4, 37, 39, 31, 20, 3, 14, 34, 15, 18, 8, 0, 16, 30, 28, 29, 10, 13, 19, 5, 6, 1, 24, 21]}, {"capacity": 735, "impossibleCargos": [0, 15], "neighbors": [28, 35, 34, 18, 1, 10, 9, 19, 8, 30, 21, 6, 26, 13, 2, 3, 38, 24, 27, 12, 29, 11, 37, 20, 5, 25, 0, 22, 14, 33]}, {"capacity": 445, "impossibleCargos": [9, 12, 20, 23, 24], "neighbors": [33, 32, 39, 2, 18, 12, 1, 7, 0, 35, 11, 31, 3, 29, 24, 34, 30, 19, 23, 36, 38, 6, 4, 28, 13, 14, 9, 21, 27, 15]}, {"capacity": 994, "impossibleCargos": [3, 11, 13, 14, 21, 22], "neighbors": [15, 3, 27, 29, 32, 6, 5, 0, 9, 11, 2, 24, 22, 10, 34, 26, 36, 28, 21, 30, 17, 37, 12, 16, 8, 13, 1, 39, 7, 19]}, {"capacity": 741, "impossibleCargos": [3, 9, 15, 19], "neighbors": [15, 37, 33, 29, 31, 28, 22, 1, 7, 27, 35, 5, 12, 20, 16, 23, 9, 25, 6, 14, 13, 8, 0, 10, 3, 24, 38, 2, 34]}]}