{"volumes": [988, 275, 2475, 1089, 1859, 3191, 0, 234, 0, 505, 1267, 284, 533, 373, 1729, 0, 0, 669, 0, 512, 0, 3903, 657, 262, 644], "conflicts": [[0, 6], [0, 8], [0, 15], [0, 16], [0, 18], [0, 20], [1, 6], [1, 7], [1, 8], [1, 10], [1, 15], [1, 16], [1, 18], [1, 20], [1, 24], [2, 6], [2, 8], [2, 15], [2, 16], [2, 18], [2, 20], [3, 8], [3, 15], [3, 16], [3, 18], [3, 20], [4, 6], [4, 8], [4, 15], [4, 18], [4, 20], [4, 23], [5, 6], [5, 8], [5, 15], [5, 16], [5, 18], [5, 20], [6, 7], [6, 8], [6, 9], [6, 10], [6, 11], [6, 12], [6, 13], [6, 15], [6, 16], [6, 18], [6, 19], [6, 20], [6, 21], [6, 22], [6, 23], [6, 24], [7, 8], [7, 12], [7, 15], [7, 16], [7, 18], [7, 19], [7, 24], [8, 9], [8, 10], [8, 12], [8, 13], [8, 15], [8, 17], [8, 19], [8, 21], [8, 22], [8, 23], [8, 24], [9, 15], [9, 16], [9, 18], [9, 20], [10, 15], [10, 16], [10, 18], [10, 20], [10, 24], [11, 15], [11, 16], [11, 18], [11, 20], [11, 23], [12, 15], [12, 16], [12, 18], [12, 20], [13, 16], [13, 17], [13, 18], [13, 20], [14, 15], [14, 18], [15, 16], [15, 17], [15, 18], [15, 19], [15, 20], [15, 21], [15, 22], [15, 24], [16, 18], [16, 19], [16, 20], [16, 21], [16, 22], [16, 23], [16, 24], [17, 18], [17, 23], [18, 19], [18, 22], [18, 23], [18, 24], [19, 20], [20, 21], [20, 22], [20, 24]], "tanks": [{"capacity": 759, "impossibleCargos": [0, 1, 7, 12, 13, 18, 20], "neighbors": [15, 21, 16, 10, 36, 1, 5, 22, 4, 32, 14, 20, 7, 38, 18, 12, 30, 26, 24, 17, 13, 25, 33, 34, 9, 11, 35, 28]}, {"capacity": 732, "impossibleCargos": [11, 15], "neighbors": [18, 29, 11, 35, 33, 22, 27, 34, 24, 0, 20, 4, 30, 3, 32, 9, 13, 10, 6, 39, 26, 25, 31, 14, 16, 28, 23, 37, 19, 17, 8]}, {"capacity": 704, "impossibleCargos": [0, 2, 4, 6, 7, 11, 18, 21], "neighbors": [37, 38, 13, 29, 16, 22, 11, 9, 8, 24, 32, 36, 4, 23, 39, 7, 27, 30, 26, 17, 12, 18, 14, 5, 19]}, {"capacity": 619, "impossibleCargos": [2, 4, 5, 11, 16, 18, 22, 23, 24], "neighbors": [8, 15, 20, 33, 12, 26, 11, 28, 35, 25, 30, 16, 14, 27, 1, 9, 34, 5, 10, 6, 37, 23, 13, 24, 38, 4, 7, 17, 22, 29]}, {"capacity": 285, "impossibleCargos": [2, 3, 6, 7, 12, 15, 17, 20], "neighbors": [36, 24, 30, 10, 9, 18, 1, 13, 26, 0, 2, 39, 15, 28, 25, 27, 7, 29, 33, 6, 31, 3, 8, 20, 22, 16, 14, 5, 19, 32, 17]}, {"capacity": 409, "impossibleCargos": [4, 7, 16, 18, 20, 22, 24], "neighbors": [15, 21, 20, 31, 32, 34, 36, 9, 18, 0, 19, 30, 29, 24, 3, 8, 16, 12, 27, 39, 22, 10, 11, 33, 38, 35, 17, 6, 4, 13, 14, 2]}, {"capacity": 543, "impossibleCargos": [12, 18, 22, 23], "neighbors": [37, 38, 28, 18, 11, 35, 8, 36, 3, 24, 12, 4, 1, 26, 21, 10, 20, 14, 27, 5, 33, 25, 7, 13, 34, 15, 32]}, {"capacity": 721, "impossibleCargos": [5, 7, 12, 13, 17, 18], "neighbors": [32, 18, 17, 38, 34, 30, 25, 12, 37, 28, 20, 4, 10, 2, 21, 19, 16, 26, 0, 22, 24, 31, 15, 3, 9, 11, 13, 39, 6, 23]}, {"capacity": 260, "impossibleCargos": [5, 7], "neighbors": [34, 3, 31, 15, 37, 25, 2, 12, 16, 29, 18, 6, 5, 20, 38, 22, 10, 33, 32, 4, 28, 17, 19, 14, 1, 23, 30]}, {"capacity": 928, "impossibleCargos": [5, 6, 11, 16, 17, 20], "neighbors": [25, 22, 10, 12, 36, 19, 11, 34, 24, 33, 2, 18, 4, 5, 3, 23, 1, 37, 21, 17, 26, 13, 7, 38, 32, 16, 30, 0, 35]}, {"capacity": 299, "impossibleCargos": [10, 13, 18, 23], "neighbors": [24, 12, 32, 37, 9, 14, 34, 0, 4, 13, 22, 17, 28, 39, 3, 35, 7, 1, 38, 8, 26, 29, 5, 16, 6, 19, 15, 30, 11, 23]}, {"capacity": 793, "impossibleCargos": [0, 2, 17, 19, 22, 24], "neighbors": [18, 25, 27, 35, 1, 38, 9, 34, 3, 2, 17, 24, 37, 6, 31, 22, 12, 32, 30, 16, 5, 21, 15, 29, 39, 14, 36, 7, 10, 19, 33, 28, 0, 20]}, {"capacity": 844, "impossibleCargos": [1, 2, 3, 11, 12, 13, 14, 24], "neighbors": [35, 10, 9, 33, 3, 14, 7, 8, 23, 34, 36, 28, 39, 21, 11, 30, 22, 17, 19, 6, 5, 24, 18, 0, 26, 2, 16]}, {"capacity": 530, "impossibleCargos": [5, 9, 10, 13, 15, 17, 23], "neighbors": [25, 21, 27, 18, 23, 2, 24, 29, 10, 35, 16, 4, 14, 20, 39, 1, 3, 19, 37, 9, 38, 7, 0, 5, 30, 6, 32, 31, 34]}, {"capacity": 563, "impossibleCargos": [2, 5, 8, 13, 21], "neighbors": [33, 10, 36, 12, 35, 24, 31, 13, 3, 37, 29, 23, 0, 38, 20, 26, 39, 32, 25, 27, 6, 19, 1, 4, 16, 22, 11, 8, 5, 2, 28]}, {"capacity": 956, "impossibleCargos": [0, 6, 7, 8, 12, 14, 16, 19, 20], "neighbors": [35, 28, 3, 37, 32, 0, 8, 38, 5, 23, 36, 33, 17, 4, 26, 18, 31, 16, 11, 19, 7, 10, 22, 27, 6, 20, 34]}, {"capacity": 303, "impossibleCargos": [5, 14], "neighbors": [39, 2, 24, 0, 13, 3, 8, 22, 17, 5, 7, 32, 25, 23, 28, 11, 35, 10, 15, 33, 4, 1, 14, 27, 9, 37, 31, 18, 29, 21, 12]}, {"capacity": 414, "impossibleCargos": [14, 16, 19, 24], "neighbors": [7, 34, 23, 30, 11, 22, 15, 16, 10, 24, 12, 9, 29, 31, 37, 5, 8, 2, 0, 3, 39, 18, 32, 1, 19, 4]}, {"capacity": 569, "impossibleCargos": [3, 4, 6, 8, 12, 17], "neighbors": [7, 39, 11, 1, 27, 21, 13, 37, 24, 6, 38, 34, 9, 4, 5, 26, 8, 25, 15, 31, 28, 12, 0, 20, 35, 19, 2, 17, 16, 29]}, {"capacity": 480, "impossibleCargos": [0, 4, 8, 13, 20], "neighbors": [37, 26, 22, 9, 32, 28, 38, 39, 23, 27, 36, 5, 29, 7, 12, 13, 30, 35, 15, 14, 34, 10, 8, 18, 1, 20, 24, 11, 4, 17, 33, 2]}, {"capacity": 756, "impossibleCargos": [0, 4, 10, 15, 16, 17, 18], "neighbors": [22, 3, 24, 34, 5, 1, 36, 13, 7, 21, 8, 29, 14, 28, 0, 39, 35, 27, 25, 18, 30, 4, 6, 33, 32, 19, 37, 15, 11, 23]}, {"capacity": 583, "impossibleCargos": [0, 1, 6, 8, 9, 11, 12, 14, 23], "neighbors": [13, 18, 30, 5, 0, 33, 12, 24, 20, 32, 27, 7, 23, 26, 9, 6, 11, 38, 37, 35, 31, 25, 39, 16, 29, 28]}, {"capacity": 424, "impossibleCargos": [5, 7, 12, 13, 19, 20, 22, 23], "neighbors": [9, 20, 19, 34, 1, 28, 2, 17, 0, 16, 10, 11, 39, 35, 12, 31, 29, 8, 5, 25, 7, 30, 4, 27, 14, 33, 15, 38, 36, 3, 24, 23, 26]}, {"capacity": 577, "impossibleCargos": [8, 13, 23], "neighbors": [32, 24, 13, 15, 17, 28, 33, 38, 19, 12, 31, 26, 29, 2, 9, 14, 3, 39, 21, 16, 36, 27, 34, 1, 30, 7, 10, 8, 22, 20]}, {"capacity": 650, "impossibleCargos": [1, 10, 12, 13, 15], "neighbors": [10, 31, 23, 18, 13, 20, 16, 36, 25, 4, 9, 1, 14, 11, 2, 32, 39, 5, 21, 34, 17, 3, 6, 12, 30, 7, 29, 35, 28, 0, 19, 26, 22]}, {"capacity": 768, "impossibleCargos": [6, 8, 9, 15, 19], "neighbors": [9, 13, 11, 37, 8, 24, 29, 7, 3, 33, 35, 4, 18, 27, 16, 22, 20, 30, 38, 14, 1, 31, 39, 6, 21, 0, 32, 34]}, {"capacity": 950, "impossibleCargos": [4, 8, 10, 13, 16, 17, 20, 22], "neighbors": [19, 37, 3, 32, 34, 4, 18, 23, 15, 33, 21, 7, 6, 14, 10, 30, 9, 1, 0, 2, 29, 12, 35, 38, 36, 24, 22]}, {"capacity": 289, "impossibleCargos": [0, 14, 16, 19], "neighbors": [18, 13, 11, 1, 36, 19, 3, 29, 4, 31, 21, 2, 32, 25, 38, 5, 23, 37, 20, 28, 14, 22, 6, 33, 15, 16, 39]}, {"capacity": 747, "impossibleCargos": [3, 7, 10, 22, 23], "neighbors": [15, 6, 30, 19, 3, 22, 23, 39, 38, 12, 4, 10, 29, 7, 34, 33, 20, 16, 18, 27, 8, 32, 1, 24, 35, 14, 11, 31, 0, 21]}, {"capacity": 836, "impossibleCargos": [2, 3, 4, 5, 10, 22, 23], "neighbors": [1, 37, 2, 25, 13, 34, 8, 5, 23, 27, 14, 28, 32, 4, 19, 22, 20, 10, 39, 30, 17, 24, 11, 26, 38, 35, 16, 18, 3, 21]}, {"capacity": 403, "impossibleCargos": [6, 9, 10, 12, 13, 14, 19, 21], "neighbors": [38, 7, 28, 21, 17, 4, 3, 5, 1, 31, 33, 32, 12, 39, 11, 34, 2, 19, 29, 25, 26, 24, 20, 22, 0, 36, 23, 10, 13, 9, 8]}, {"capacity": 288, "impossibleCargos": [7, 8, 10, 13, 14, 18, 23], "neighbors": [24, 8, 5, 14, 23, 30, 11, 22, 27, 4, 18, 15, 17, 7, 39, 33, 1, 38, 36, 25, 32, 21, 13, 16, 28]}, {"capacity": 832, "impossibleCargos": [6, 11, 12, 16], "neighbors": [7, 10, 34, 15, 23, 19, 26, 5, 2, 39, 24, 33, 36, 1, 30, 29, 0, 21, 11, 37, 27, 16, 8, 14, 28, 20, 31, 9, 13, 17, 4, 6, 25]}, {"capacity": 962, "impossibleCargos": [4, 6, 19], "neighbors": [14, 12, 39, 37, 3, 1, 34, 23, 38, 9, 15, 25, 32, 21, 30, 4, 26, 28, 8, 5, 16, 20, 31, 27, 22, 6, 0, 11, 19]}, {"capacity": 253, "impossibleCargos": [4, 5, 10, 11, 16, 19], "neighbors": [32, 8, 7, 35, 22, 10, 17, 33, 11, 9, 20, 1, 18, 26, 5, 29, 12, 3, 24, 28, 38, 30, 23, 19, 37, 36, 6, 13, 0, 15, 25]}, {"capacity": 804, "impossibleCargos": [3, 4, 5, 11, 14, 18, 20], "neighbors": [12, 15, 36, 34, 11, 1, 14, 3, 13, 38, 25, 6, 39, 10, 22, 20, 19, 16, 5, 24, 21, 18, 28, 26, 29, 9, 0]}, {"capacity": 278, "impossibleCargos": [2, 8, 14], "neighbors": [4, 35, 9, 14, 24, 15, 27, 0, 5, 19, 12, 32, 2, 20, 39, 6, 23, 31, 30, 38, 11, 34, 22, 26, 37]}, {"capacity": 629, "impossibleCargos": [0, 9, 12, 13, 14, 15, 19, 22], "neighbors": [10, 19, 15, 2, 6, 26, 8, 29, 33, 25, 18, 7, 11, 14, 3, 9, 32, 13, 27, 38, 21, 17, 1, 34, 20, 16, 36]}, {"capacity": 425, "impossibleCargos": [1, 5, 8, 12, 13, 19], "neighbors": [39, 7, 6, 30, 15, 2, 11, 19, 18, 33, 28, 23, 35, 34, 8, 10, 14, 3, 27, 21, 0, 25, 37, 5, 31, 36, 9, 29, 13, 22, 26]}, {"capacity": 589, "impossibleCargos": [1, 2, 3, 6, 15, 18, 20], "neighbors": [38, 18, 16, 33, 19, 28, 32, 4, 36, 12, 24, 2, 35, 10, 13, 22, 30, 23, 5, 14, 20, 29, 1, 31, 11, 25, 7, 17, 21, 27]}]}