{"volumes": [1032, 624, 1071, 708, 0, 3634, 283, 552, 1003, 0, 584, 1056, 462, 2409, 823, 495, 944, 1488, 0, 0, 517, 254, 1148, 817, 752], "conflicts": [[0, 4], [0, 7], [0, 9], [0, 18], [0, 19], [1, 4], [1, 9], [1, 10], [1, 18], [1, 19], [2, 9], [2, 19], [3, 4], [3, 9], [3, 18], [3, 19], [4, 5], [4, 8], [4, 9], [4, 10], [4, 11], [4, 12], [4, 13], [4, 14], [4, 15], [4, 16], [4, 17], [4, 19], [4, 21], [4, 22], [4, 23], [5, 9], [5, 18], [5, 19], [6, 9], [6, 15], [6, 18], [7, 9], [7, 12], [7, 15], [7, 18], [7, 19], [7, 23], [8, 19], [9, 11], [9, 12], [9, 13], [9, 14], [9, 15], [9, 16], [9, 18], [9, 22], [9, 23], [9, 24], [10, 18], [10, 23], [11, 18], [12, 18], [12, 23], [13, 18], [13, 19], [14, 18], [14, 19], [15, 18], [15, 19], [16, 19], [17, 18], [17, 19], [18, 19], [18, 21], [18, 22], [18, 23], [18, 24], [19, 20], [19, 21], [19, 22], [19, 23], [19, 24], [20, 21], [21, 23]], "tanks": [{"capacity": 474, "impossibleCargos": [3, 6, 15, 18, 19, 21], "neighbors": [37, 35, 22, 34, 13, 4, 26, 9, 7, 27, 2, 28, 20, 24, 21, 31, 32, 15, 17, 1, 11, 19, 38, 18, 8, 23, 3, 39, 33]}, {"capacity": 469, "impossibleCargos": [1, 4, 5], "neighbors": [22, 30, 25, 31, 33, 4, 11, 32, 35, 28, 3, 39, 20, 16, 10, 6, 14, 38, 26, 37, 36, 0, 17, 15, 7, 8, 24, 9, 5, 18, 19]}, {"capacity": 417, "impossibleCargos": [2, 6, 9, 13, 15], "neighbors": [28, 15, 11, 13, 38, 27, 16, 7, 0, 14, 6, 20, 10, 30, 32, 9, 29, 35, 24, 25, 23, 5, 8, 4, 37, 19, 22, 31, 17]}, {"capacity": 473, "impossibleCargos": [1, 4, 11], "neighbors": [18, 24, 11, 5, 1, 6, 7, 28, 12, 39, 29, 27, 16, 8, 15, 30, 36, 34, 22, 26, 19, 4, 0, 14, 35, 21, 17, 25]}, {"capacity": 335, "impossibleCargos": [0, 3, 13, 19, 21], "neighbors": [39, 36, 26, 0, 15, 35, 1, 18, 7, 5, 16, 32, 27, 29, 28, 6, 21, 10, 19, 20, 24, 2, 9, 37, 3, 23, 17, 30, 22, 25, 38, 31, 11]}, {"capacity": 920, "impossibleCargos": [4, 6, 9, 11, 12, 14, 18, 21, 22, 23], "neighbors": [26, 11, 12, 30, 17, 33, 39, 23, 3, 4, 36, 13, 8, 19, 21, 14, 34, 29, 2, 18, 6, 22, 35, 20, 38, 32, 31, 24, 9, 1, 28, 27, 25]}, {"capacity": 529, "impossibleCargos": [0, 7, 8, 10, 12, 13, 15, 17, 19, 23], "neighbors": [26, 28, 34, 36, 2, 9, 19, 25, 3, 4, 1, 12, 20, 14, 21, 5, 16, 17, 39, 11, 10, 30, 37, 27, 32, 31, 23, 22, 24]}, {"capacity": 512, "impossibleCargos": [3, 6, 7, 22], "neighbors": [28, 23, 18, 12, 31, 13, 22, 8, 4, 2, 0, 39, 32, 36, 3, 30, 19, 21, 20, 1, 10, 38, 24, 27, 34, 35, 25, 15]}, {"capacity": 706, "impossibleCargos": [1, 5, 9, 18, 19], "neighbors": [26, 13, 14, 31, 7, 25, 20, 22, 5, 37, 10, 17, 3, 2, 23, 15, 18, 39, 38, 0, 36, 29, 1, 11, 32, 35, 21, 19, 30, 34]}, {"capacity": 340, "impossibleCargos": [5, 6, 20, 22, 23], "neighbors": [25, 22, 24, 35, 0, 36, 6, 12, 15, 2, 27, 32, 23, 38, 33, 29, 4, 14, 20, 34, 11, 26, 21, 1, 28, 5, 17, 39, 19]}, {"capacity": 679, "impossibleCargos": [3, 13, 16, 19, 21], "neighbors": [36, 17, 21, 11, 38, 22, 23, 28, 13, 14, 18, 2, 33, 20, 1, 12, 26, 8, 4, 34, 6, 30, 31, 7, 16, 25]}, {"capacity": 288, "impossibleCargos": [0, 7, 10, 14], "neighbors": [10, 2, 5, 19, 3, 1, 30, 12, 36, 14, 37, 15, 25, 35, 0, 6, 16, 18, 24, 38, 9, 22, 8, 33, 32, 4, 31, 34, 17, 21]}, {"capacity": 847, "impossibleCargos": [2, 5, 8, 14, 18, 21, 24], "neighbors": [14, 5, 13, 27, 7, 11, 29, 24, 9, 15, 33, 6, 32, 10, 18, 3, 28, 20, 25, 34, 17, 31, 36]}, {"capacity": 963, "impossibleCargos": [2, 15], "neighbors": [21, 18, 15, 8, 19, 2, 0, 38, 12, 34, 27, 36, 7, 20, 28, 10, 5, 16, 23, 31, 25, 37, 22, 35, 32, 17, 39]}, {"capacity": 521, "impossibleCargos": [4, 18, 19], "neighbors": [28, 15, 18, 12, 22, 8, 26, 20, 29, 10, 35, 2, 39, 32, 11, 5, 6, 1, 34, 37, 9, 17, 33, 21, 19, 3, 27, 23, 30]}, {"capacity": 716, "impossibleCargos": [0, 11, 17], "neighbors": [14, 29, 2, 24, 13, 37, 4, 16, 39, 9, 12, 38, 11, 0, 19, 3, 32, 8, 1, 27, 28, 22, 21, 20, 33, 31, 34, 7]}, {"capacity": 578, "impossibleCargos": [4, 8, 15, 18, 22], "neighbors": [17, 31, 24, 32, 2, 4, 36, 15, 23, 22, 1, 29, 28, 21, 13, 3, 6, 38, 20, 30, 39, 11, 33, 34, 10]}, {"capacity": 710, "impossibleCargos": [0, 2, 3, 13, 21, 24], "neighbors": [16, 10, 5, 29, 27, 25, 24, 26, 38, 19, 30, 36, 20, 22, 8, 35, 0, 6, 33, 12, 32, 1, 14, 28, 34, 37, 4, 9, 3, 13, 11, 23, 2]}, {"capacity": 325, "impossibleCargos": [13, 15, 22], "neighbors": [3, 14, 36, 13, 7, 35, 27, 29, 33, 4, 39, 26, 10, 31, 19, 23, 12, 22, 5, 37, 30, 20, 32, 11, 8, 34, 0, 1]}, {"capacity": 832, "impossibleCargos": [0, 5, 7, 11, 18, 21, 22], "neighbors": [24, 13, 11, 23, 29, 38, 32, 33, 6, 5, 18, 28, 17, 39, 4, 15, 7, 36, 3, 2, 0, 26, 14, 8, 9, 35, 1]}, {"capacity": 794, "impossibleCargos": [1, 4, 6, 8, 13], "neighbors": [31, 23, 39, 14, 8, 33, 13, 2, 0, 36, 1, 10, 17, 6, 37, 12, 18, 4, 16, 34, 24, 5, 9, 7, 32, 27, 30, 15, 29, 26]}, {"capacity": 535, "impossibleCargos": [2, 5, 6, 8, 12, 14, 18], "neighbors": [13, 10, 28, 35, 31, 5, 0, 33, 16, 4, 6, 38, 26, 7, 25, 39, 32, 14, 27, 15, 34, 9, 8, 3, 29, 11]}, {"capacity": 840, "impossibleCargos": [0, 3, 4, 6, 8, 12, 13, 24], "neighbors": [9, 31, 0, 23, 1, 10, 14, 30, 33, 37, 7, 35, 24, 25, 8, 27, 16, 17, 18, 26, 5, 3, 38, 13, 2, 15, 11, 32, 29, 39, 4, 6, 28]}, {"capacity": 269, "impossibleCargos": [0, 5, 8, 10], "neighbors": [20, 26, 7, 22, 10, 19, 30, 5, 34, 27, 16, 31, 18, 2, 9, 13, 35, 36, 8, 38, 28, 37, 4, 0, 24, 6, 32, 14, 17, 39]}, {"capacity": 275, "impossibleCargos": [8, 12, 14, 17, 23, 24], "neighbors": [15, 19, 27, 3, 9, 16, 29, 26, 28, 12, 22, 17, 35, 0, 36, 25, 2, 33, 38, 32, 37, 4, 20, 11, 30, 7, 23, 1, 5, 6]}, {"capacity": 704, "impossibleCargos": [0, 4, 5, 6, 17], "neighbors": [9, 35, 1, 29, 27, 8, 22, 33, 17, 6, 24, 2, 28, 11, 37, 12, 39, 13, 21, 32, 31, 4, 10, 7, 30, 3, 5]}, {"capacity": 572, "impossibleCargos": [1, 4, 10, 16], "neighbors": [6, 23, 5, 8, 34, 4, 0, 14, 24, 18, 17, 38, 37, 28, 10, 30, 1, 22, 21, 33, 3, 27, 31, 19, 9, 32, 35, 20]}, {"capacity": 515, "impossibleCargos": [2, 6, 8], "neighbors": [28, 24, 18, 36, 12, 13, 2, 25, 35, 0, 23, 17, 22, 32, 29, 4, 9, 30, 3, 39, 33, 31, 37, 34, 26, 15, 21, 20, 7, 6, 14, 5]}, {"capacity": 787, "impossibleCargos": [9, 10, 11, 14, 18, 21], "neighbors": [14, 39, 2, 7, 27, 33, 21, 6, 10, 31, 13, 24, 38, 0, 1, 37, 4, 16, 19, 25, 26, 3, 12, 30, 29, 36, 15, 17, 23, 9, 34, 5, 22]}, {"capacity": 360, "impossibleCargos": [6, 21, 22, 23], "neighbors": [15, 18, 24, 14, 19, 25, 17, 12, 38, 27, 4, 36, 2, 32, 16, 34, 33, 5, 37, 3, 30, 28, 9, 22, 8, 20, 21]}, {"capacity": 781, "impossibleCargos": [4, 7, 8, 12, 13, 15, 18, 20, 21, 22], "neighbors": [1, 22, 5, 31, 23, 11, 2, 39, 33, 35, 27, 17, 7, 29, 38, 18, 26, 28, 3, 16, 10, 6, 24, 20, 4, 25, 8, 34, 14]}, {"capacity": 342, "impossibleCargos": [3, 7, 15, 17, 19], "neighbors": [20, 22, 16, 34, 36, 1, 35, 8, 30, 7, 28, 39, 32, 37, 21, 23, 18, 33, 0, 27, 13, 12, 26, 10, 5, 25, 6, 2, 4, 11, 15]}, {"capacity": 335, "impossibleCargos": [5, 6, 7, 10, 13, 17, 22], "neighbors": [38, 39, 16, 1, 19, 34, 31, 4, 27, 2, 33, 7, 14, 29, 9, 12, 0, 35, 18, 24, 15, 17, 20, 21, 25, 22, 5, 26, 6, 8, 11, 13, 23]}, {"capacity": 546, "impossibleCargos": [1, 7, 10], "neighbors": [28, 39, 1, 22, 18, 5, 20, 34, 19, 37, 25, 10, 32, 30, 12, 31, 36, 21, 29, 24, 9, 27, 26, 17, 14, 16, 35, 11, 15, 0]}, {"capacity": 250, "impossibleCargos": [0, 1, 2, 10, 12, 13, 14, 24], "neighbors": [39, 26, 35, 31, 0, 13, 6, 33, 32, 36, 23, 37, 29, 5, 10, 3, 12, 20, 14, 9, 27, 18, 17, 21, 7, 16, 28, 8, 11, 15, 30]}, {"capacity": 600, "impossibleCargos": [0, 4, 7, 13, 22], "neighbors": [25, 0, 18, 34, 9, 4, 38, 31, 27, 22, 1, 14, 21, 24, 2, 30, 36, 37, 11, 17, 32, 39, 23, 5, 33, 8, 13, 7, 26, 3, 19]}, {"capacity": 300, "impossibleCargos": [0, 7, 14, 19, 20, 23], "neighbors": [39, 10, 18, 4, 27, 31, 6, 13, 38, 5, 16, 9, 34, 37, 11, 24, 29, 20, 7, 33, 17, 35, 3, 1, 28, 23, 19, 12, 8]}, {"capacity": 447, "impossibleCargos": [0, 10, 13, 15, 17, 18], "neighbors": [0, 15, 39, 22, 36, 33, 31, 34, 28, 26, 11, 20, 8, 35, 29, 18, 25, 1, 24, 2, 27, 14, 4, 13, 17, 23, 6]}, {"capacity": 720, "impossibleCargos": [3, 6, 17, 22, 24], "neighbors": [10, 32, 13, 2, 35, 19, 36, 28, 29, 15, 26, 17, 1, 24, 9, 30, 39, 21, 16, 23, 22, 11, 8, 0, 7, 5, 4]}, {"capacity": 997, "impossibleCargos": [3, 6, 10, 11, 18, 24], "neighbors": [36, 28, 4, 20, 34, 32, 33, 37, 5, 18, 31, 15, 7, 30, 14, 1, 19, 3, 27, 38, 35, 25, 6, 16, 8, 21, 0, 22, 9, 13, 23]}]}