{"volumes": [0, 847, 1349, 319, 1931, 1603, 0, 443, 0, 905, 0, 0, 704, 216, 0, 1994, 0, 707, 1607, 1445, 1617, 146, 439, 506, 638], "conflicts": [[0, 1], [0, 3], [0, 4], [0, 5], [0, 7], [0, 11], [0, 12], [0, 14], [0, 17], [0, 20], [0, 22], [0, 23], [0, 24], [1, 3], [1, 6], [1, 11], [1, 13], [1, 14], [1, 23], [2, 9], [2, 17], [2, 19], [3, 8], [3, 13], [3, 14], [3, 21], [3, 24], [4, 6], [4, 11], [4, 16], [4, 22], [4, 24], [5, 11], [5, 16], [5, 17], [5, 23], [6, 8], [6, 10], [6, 12], [6, 15], [6, 18], [6, 22], [6, 23], [7, 8], [7, 10], [7, 11], [7, 14], [7, 21], [7, 22], [8, 9], [8, 10], [8, 11], [8, 14], [8, 15], [8, 16], [8, 17], [8, 18], [8, 20], [8, 23], [8, 24], [9, 10], [9, 11], [9, 24], [10, 11], [10, 13], [10, 15], [10, 18], [10, 20], [10, 21], [10, 24], [11, 13], [11, 16], [11, 17], [11, 19], [11, 22], [11, 23], [11, 24], [12, 23], [13, 16], [13, 18], [13, 23], [14, 21], [14, 22], [14, 24], [15, 16], [16, 18], [16, 19], [17, 18], [17, 24], [20, 21], [20, 22], [20, 23], [21, 22], [21, 23], [22, 24]], "tanks": [{"capacity": 460, "impossibleCargos": [3, 4, 10, 14, 15, 17, 19, 22, 24], "neighbors": [9, 12, 36, 4, 16, 39, 18, 22, 30, 28]}, {"capacity": 238, "impossibleCargos": [2, 6, 7, 8, 17, 21, 23], "neighbors": [27, 30, 9, 37, 14, 34, 7, 32, 20, 4, 18, 19, 39]}, {"capacity": 324, "impossibleCargos": [0, 4, 7, 15, 18, 20, 24], "neighbors": [32, 24, 18, 23, 22, 28, 15, 5, 6, 10, 3, 16, 33, 4, 17]}, {"capacity": 791, "impossibleCargos": [1, 15, 16], "neighbors": [22, 23, 6, 8, 28, 2, 21, 39]}, {"capacity": 393, "impossibleCargos": [2, 5, 7, 9, 10, 16, 24], "neighbors": [31, 33, 0, 8, 22, 23, 28, 6, 1, 39, 2, 38]}, {"capacity": 981, "impossibleCargos": [1, 3, 22], "neighbors": [11, 8, 2, 9, 7, 31, 34]}, {"capacity": 307, "impossibleCargos": [2, 4, 7, 8, 14, 15, 21, 23], "neighbors": [34, 39, 3, 31, 2, 16, 4, 37, 33, 12]}, {"capacity": 357, "impossibleCargos": [2, 12, 15, 17, 18, 19, 23], "neighbors": [12, 18, 8, 35, 27, 13, 25, 1, 5, 34, 16, 32, 36]}, {"capacity": 295, "impossibleCargos": [0, 5, 12, 18, 20], "neighbors": [22, 20, 23, 39, 5, 4, 10, 35, 7, 3, 38, 18, 34, 25]}, {"capacity": 897, "impossibleCargos": [0, 3, 4, 10, 12, 21], "neighbors": [0, 26, 33, 14, 12, 5, 30, 1, 31, 27, 28, 39]}, {"capacity": 378, "impossibleCargos": [1, 3, 10, 17], "neighbors": [18, 8, 2]}, {"capacity": 475, "impossibleCargos": [0, 2, 5, 8, 11, 19, 22, 23], "neighbors": [5, 21, 37, 22, 30, 39]}, {"capacity": 770, "impossibleCargos": [0, 14, 21], "neighbors": [0, 7, 33, 22, 9, 15, 6]}, {"capacity": 824, "impossibleCargos": [2, 8, 10, 11, 14], "neighbors": [39, 23, 25, 20, 22, 7]}, {"capacity": 517, "impossibleCargos": [3, 7, 11, 16, 23], "neighbors": [30, 9, 23, 1, 35, 32, 17, 20, 26, 29, 18]}, {"capacity": 980, "impossibleCargos": [4, 7, 9, 10, 11, 13, 23], "neighbors": [35, 2, 28, 37, 12]}, {"capacity": 427, "impossibleCargos": [8, 9, 13, 22], "neighbors": [32, 20, 0, 26, 21, 6, 7, 34, 2, 39]}, {"capacity": 951, "impossibleCargos": [1, 4, 5, 12, 14, 15, 16, 18, 24], "neighbors": [25, 14, 22, 38, 23, 2]}, {"capacity": 944, "impossibleCargos": [9, 10, 16, 17, 18, 21], "neighbors": [38, 2, 32, 10, 30, 7, 0, 8, 1, 35, 24, 14, 39, 25]}, {"capacity": 276, "impossibleCargos": [0, 7, 18, 19, 22], "neighbors": [21, 37, 38, 28, 26, 36, 31, 1]}, {"capacity": 548, "impossibleCargos": [2, 3, 5, 8, 10, 12, 19], "neighbors": [16, 37, 8, 31, 13, 26, 14, 1]}, {"capacity": 798, "impossibleCargos": [4, 14, 23], "neighbors": [19, 36, 34, 11, 24, 30, 16, 28, 23, 26, 3, 31]}, {"capacity": 217, "impossibleCargos": [2, 3, 9, 13, 14, 16, 19, 21, 24], "neighbors": [8, 2, 12, 3, 4, 31, 11, 13, 28, 0, 17]}, {"capacity": 688, "impossibleCargos": [3, 10, 12, 13], "neighbors": [13, 8, 2, 33, 39, 4, 3, 14, 32, 21, 27, 17, 36]}, {"capacity": 903, "impossibleCargos": [3, 4, 6, 15, 18], "neighbors": [28, 2, 21, 38, 37, 25, 18, 36]}, {"capacity": 282, "impossibleCargos": [0, 2, 3, 6], "neighbors": [13, 17, 37, 32, 31, 38, 7, 8, 24, 18]}, {"capacity": 315, "impossibleCargos": [1, 3, 10, 11, 23], "neighbors": [37, 9, 19, 16, 20, 14, 38, 21]}, {"capacity": 562, "impossibleCargos": [1, 3, 5, 10, 11, 23, 24], "neighbors": [1, 31, 37, 35, 7, 36, 9, 28, 23]}, {"capacity": 489, "impossibleCargos": [3, 14, 15, 18], "neighbors": [24, 2, 19, 4, 15, 3, 21, 22, 34, 9, 27, 0, 33, 31]}, {"capacity": 713, "impossibleCargos": [7, 9, 10, 15, 16, 19, 20, 24], "neighbors": [33, 31, 14]}, {"capacity": 670, "impossibleCargos": [0, 4, 7, 9, 11, 12, 14, 21, 22], "neighbors": [14, 18, 9, 21, 1, 35, 0, 33, 11, 37]}, {"capacity": 715, "impossibleCargos": [12, 13, 16, 17, 20], "neighbors": [27, 4, 36, 20, 22, 25, 6, 9, 19, 5, 29, 32, 28, 21]}, {"capacity": 653, "impossibleCargos": [3, 6, 9, 12, 13, 24], "neighbors": [2, 16, 39, 18, 25, 23, 14, 1, 7, 31]}, {"capacity": 477, "impossibleCargos": [6, 7, 10, 11, 13, 14, 16], "neighbors": [29, 12, 4, 9, 23, 6, 30, 28, 2]}, {"capacity": 662, "impossibleCargos": [1, 2, 8, 10, 16], "neighbors": [21, 6, 1, 8, 28, 7, 16, 36, 5]}, {"capacity": 611, "impossibleCargos": [2, 10, 13, 22, 23], "neighbors": [15, 8, 7, 27, 14, 30, 18]}, {"capacity": 290, "impossibleCargos": [0, 1, 3, 6, 7, 12], "neighbors": [21, 0, 31, 19, 27, 34, 38, 24, 7, 23]}, {"capacity": 426, "impossibleCargos": [7, 9, 11, 14, 17, 18, 22, 23], "neighbors": [19, 39, 20, 26, 27, 11, 25, 15, 1, 24, 6, 30]}, {"capacity": 976, "impossibleCargos": [2, 9, 10, 11, 14, 17, 19, 23, 24], "neighbors": [18, 19, 24, 25, 8, 36, 17, 26, 4]}, {"capacity": 901, "impossibleCargos": [1, 4, 6, 10, 13, 17, 18, 20, 23], "neighbors": [13, 37, 32, 8, 23, 6, 0, 4, 9, 16, 18, 11, 1, 3]}]}