{"volumes": [791, 748, 786, 971, 0, 110, 0, 314, 1578, 1192, 1897, 1337, 456, 0, 1480, 1314, 957, 509, 465, 0, 953, 262, 651, 0, 442], "conflicts": [[0, 4], [0, 5], [0, 6], [0, 13], [0, 17], [0, 18], [0, 19], [0, 21], [0, 23], [1, 2], [1, 3], [1, 4], [1, 5], [1, 6], [1, 7], [1, 12], [1, 14], [1, 15], [1, 18], [1, 19], [1, 22], [1, 23], [2, 4], [2, 5], [2, 6], [2, 7], [2, 8], [2, 10], [2, 13], [2, 15], [2, 17], [2, 19], [2, 21], [2, 22], [3, 4], [3, 5], [3, 6], [3, 8], [3, 13], [3, 18], [3, 19], [3, 23], [4, 5], [4, 6], [4, 7], [4, 8], [4, 9], [4, 10], [4, 11], [4, 13], [4, 14], [4, 15], [4, 16], [4, 19], [4, 20], [4, 21], [4, 22], [4, 23], [5, 7], [5, 9], [5, 12], [5, 13], [5, 16], [5, 17], [5, 19], [5, 22], [5, 23], [5, 24], [6, 7], [6, 8], [6, 9], [6, 10], [6, 12], [6, 14], [6, 15], [6, 16], [6, 17], [6, 19], [6, 20], [6, 21], [6, 22], [6, 24], [7, 13], [7, 14], [7, 17], [7, 19], [7, 20], [7, 21], [7, 23], [8, 10], [8, 13], [8, 18], [8, 19], [8, 21], [8, 23], [9, 11], [9, 13], [9, 17], [9, 19], [9, 21], [9, 23], [9, 24], [10, 19], [10, 23], [11, 13], [11, 23], [11, 24], [12, 13], [12, 17], [12, 18], [12, 21], [12, 23], [13, 15], [13, 16], [13, 17], [13, 18], [13, 19], [13, 23], [13, 24], [14, 16], [14, 17], [14, 19], [14, 21], [14, 22], [15, 19], [15, 20], [15, 24], [16, 17], [16, 18], [16, 19], [16, 21], [16, 23], [16, 24], [17, 20], [17, 22], [17, 23], [17, 24], [18, 21], [18, 22], [18, 23], [18, 24], [19, 20], [19, 21], [19, 22], [19, 24], [20, 21], [20, 23], [21, 23], [21, 24], [23, 24]], "tanks": [{"capacity": 745, "impossibleCargos": [7, 9, 16, 17, 18], "neighbors": [12, 33, 27, 39, 7, 25, 32, 23, 30, 37, 36, 29]}, {"capacity": 323, "impossibleCargos": [11, 17, 19, 23], "neighbors": [17, 23, 7, 27, 36, 39, 22]}, {"capacity": 477, "impossibleCargos": [3, 4, 12, 14, 17, 24], "neighbors": [16, 32, 22, 12, 38, 36, 37, 3, 5]}, {"capacity": 743, "impossibleCargos": [2, 6, 8, 14, 15, 16, 20], "neighbors": [31, 19, 36, 10, 14, 5, 12, 8, 2, 27]}, {"capacity": 422, "impossibleCargos": [0, 1, 3, 5, 7, 9, 14, 15, 17, 20, 24], "neighbors": [25, 22, 38, 37, 34, 19, 16, 31]}, {"capacity": 628, "impossibleCargos": [8, 12, 14, 17, 19, 21], "neighbors": [25, 9, 17, 22, 19, 3, 30, 34, 18, 13, 14, 11, 2]}, {"capacity": 656, "impossibleCargos": [5, 9, 12, 13, 21, 22, 23, 24], "neighbors": [21, 32, 19, 13, 38, 34, 14, 18]}, {"capacity": 785, "impossibleCargos": [1, 8, 18], "neighbors": [17, 29, 28, 1, 0, 31, 12, 37, 16, 8, 38, 33, 13, 20]}, {"capacity": 292, "impossibleCargos": [2, 8, 14, 17, 19, 20, 21], "neighbors": [12, 19, 7, 14, 34, 3]}, {"capacity": 784, "impossibleCargos": [14, 21], "neighbors": [28, 39, 5, 31, 38, 34, 13, 24, 17, 26, 15, 32]}, {"capacity": 202, "impossibleCargos": [0, 1, 2, 8, 9, 11, 14, 17, 19, 22], "neighbors": [19, 16, 27, 32, 3, 29]}, {"capacity": 581, "impossibleCargos": [4, 6, 9, 12, 23], "neighbors": [19, 26, 38, 13, 5]}, {"capacity": 286, "impossibleCargos": [2, 3, 4, 8, 16, 19, 23], "neighbors": [0, 8, 18, 35, 2, 7, 36, 14, 24, 3, 38, 13]}, {"capacity": 472, "impossibleCargos": [8, 10, 11, 21, 24], "neighbors": [19, 32, 24, 17, 9, 7, 34, 6, 11, 39, 5, 12]}, {"capacity": 265, "impossibleCargos": [2, 7, 12, 16, 20], "neighbors": [31, 33, 18, 12, 3, 32, 17, 6, 8, 34, 5]}, {"capacity": 861, "impossibleCargos": [5, 9, 10, 16, 17, 21, 22], "neighbors": [24, 18, 21, 37, 23, 28, 25, 38, 9]}, {"capacity": 840, "impossibleCargos": [0, 6, 8, 10, 14, 17, 22, 24], "neighbors": [2, 10, 29, 18, 7, 4, 30, 32, 37]}, {"capacity": 300, "impossibleCargos": [0, 1, 2, 8, 9, 10, 17], "neighbors": [7, 1, 5, 13, 25, 27, 33, 9, 23, 14]}, {"capacity": 669, "impossibleCargos": [0, 3, 4, 6, 7, 11, 15], "neighbors": [35, 25, 15, 30, 12, 16, 14, 26, 5, 6, 29, 31]}, {"capacity": 551, "impossibleCargos": [0, 10, 12, 21, 23], "neighbors": [13, 29, 10, 8, 35, 11, 27, 3, 6, 37, 5, 4, 21]}, {"capacity": 637, "impossibleCargos": [3, 7, 8, 19, 24], "neighbors": [27, 32, 7, 28, 22]}, {"capacity": 748, "impossibleCargos": [0, 3, 9, 11, 16, 21, 24], "neighbors": [15, 6, 38, 31, 22, 36, 19, 30]}, {"capacity": 521, "impossibleCargos": [3, 17, 18, 24], "neighbors": [39, 4, 2, 25, 5, 21, 1, 20]}, {"capacity": 877, "impossibleCargos": [0, 3, 4, 6, 7, 9, 16, 18, 20], "neighbors": [27, 28, 1, 34, 36, 0, 15, 31, 32, 17]}, {"capacity": 694, "impossibleCargos": [2, 4, 5, 12, 13, 15, 17, 21, 24], "neighbors": [28, 15, 13, 35, 29, 32, 9, 25, 36, 12, 26]}, {"capacity": 485, "impossibleCargos": [2, 5, 7, 8, 9, 12, 16, 18, 20], "neighbors": [32, 5, 4, 18, 27, 22, 0, 26, 17, 24, 15, 29]}, {"capacity": 872, "impossibleCargos": [0, 3, 11, 13, 15, 18, 19, 21, 24], "neighbors": [31, 25, 11, 18, 9, 24, 34, 28, 38]}, {"capacity": 812, "impossibleCargos": [0, 1, 7, 16, 17, 22, 23], "neighbors": [23, 20, 10, 0, 25, 35, 38, 1, 19, 17, 33, 3]}, {"capacity": 424, "impossibleCargos": [0, 6, 12, 20, 21, 24], "neighbors": [9, 23, 7, 24, 35, 15, 38, 20, 33, 26]}, {"capacity": 701, "impossibleCargos": [4, 6, 11, 12, 13, 22], "neighbors": [19, 7, 16, 31, 24, 25, 10, 0, 18]}, {"capacity": 590, "impossibleCargos": [2, 5, 6, 7, 11, 16, 19, 22], "neighbors": [34, 18, 0, 5, 16, 21, 33]}, {"capacity": 845, "impossibleCargos": [2, 10, 13, 18, 20, 21], "neighbors": [14, 9, 36, 29, 26, 7, 3, 21, 23, 4, 18]}, {"capacity": 728, "impossibleCargos": [5, 6, 8, 11, 13, 17, 18, 21, 24], "neighbors": [25, 13, 2, 20, 0, 10, 24, 6, 14, 23, 16, 9]}, {"capacity": 390, "impossibleCargos": [2, 6, 14, 15, 17, 18, 21, 23], "neighbors": [0, 14, 35, 17, 27, 7, 28, 30]}, {"capacity": 288, "impossibleCargos": [0, 9, 10, 11, 16], "neighbors": [35, 23, 30, 9, 4, 5, 13, 6, 8, 14, 26]}, {"capacity": 658, "impossibleCargos": [2, 11, 18, 23, 24], "neighbors": [34, 28, 18, 37, 19, 27, 24, 12, 33, 38, 39, 36]}, {"capacity": 843, "impossibleCargos": [3, 10, 11, 12, 15, 17, 19, 20], "neighbors": [31, 23, 1, 12, 24, 3, 35, 2, 21, 0]}, {"capacity": 618, "impossibleCargos": [3, 6, 18, 23], "neighbors": [35, 4, 15, 7, 0, 19, 2, 16]}, {"capacity": 286, "impossibleCargos": [0, 4, 9, 20, 23], "neighbors": [9, 4, 27, 21, 7, 11, 35, 2, 28, 15, 12, 6, 26]}, {"capacity": 914, "impossibleCargos": [1, 6, 16], "neighbors": [9, 22, 0, 35, 1, 13]}]}