{"volumes": [2109, 853, 1645, 404, 175, 627, 0, 0, 981, 466, 0, 163, 1238, 0, 1031, 1317, 0, 1645, 833, 1057, 1363, 531, 0, 432, 360], "conflicts": [[0, 10], [0, 16], [0, 22], [1, 3], [1, 22], [3, 4], [3, 13], [3, 15], [3, 23], [4, 24], [5, 9], [5, 15], [5, 24], [6, 9], [6, 16], [7, 8], [7, 9], [7, 14], [7, 16], [7, 18], [7, 22], [7, 23], [8, 9], [8, 22], [9, 17], [9, 18], [10, 11], [10, 19], [10, 20], [11, 16], [11, 22], [12, 13], [13, 14], [13, 16], [13, 20], [14, 18], [14, 24], [16, 22], [16, 24], [18, 24], [20, 22], [21, 23], [21, 24]], "tanks": [{"capacity": 281, "impossibleCargos": [0, 2, 4, 10, 13, 14, 15, 16, 18, 19, 20, 21], "neighbors": [19, 27, 12, 35, 4, 13, 2, 36]}, {"capacity": 532, "impossibleCargos": [0, 2, 3, 6, 7, 8, 11, 12, 14, 17, 18, 19, 21, 24], "neighbors": [19, 34, 22, 9, 11, 15, 10, 30]}, {"capacity": 755, "impossibleCargos": [1, 3, 6, 7, 8, 11, 13, 14, 17, 20], "neighbors": [38, 24, 11, 37, 25, 21, 0, 31]}, {"capacity": 852, "impossibleCargos": [4, 6, 7, 10, 12, 15, 21, 22], "neighbors": [26, 36, 38, 13, 23, 27, 32, 4, 20, 12, 37]}, {"capacity": 275, "impossibleCargos": [2, 3, 5, 7, 8, 9, 12, 13, 15, 16, 17], "neighbors": [24, 37, 34, 6, 9, 17, 15, 16, 3, 22, 0, 33, 30]}, {"capacity": 556, "impossibleCargos": [3, 7, 8, 9, 11, 12, 13, 14, 22], "neighbors": [16, 27, 29, 18, 7, 31, 38, 14]}, {"capacity": 845, "impossibleCargos": [1, 2, 3, 7, 8, 9, 10, 16, 17, 20, 21, 23], "neighbors": [8, 4, 34, 36, 18, 10, 9, 35, 14, 28]}, {"capacity": 923, "impossibleCargos": [0, 4, 5, 6, 7, 10, 12, 13, 18, 19, 22, 23], "neighbors": [12, 32, 28, 18, 5, 13, 10, 17, 16, 34, 39]}, {"capacity": 546, "impossibleCargos": [2, 3, 4, 6, 10, 12, 15, 18, 19, 21, 24], "neighbors": [6, 30, 23, 13, 25]}, {"capacity": 897, "impossibleCargos": [0, 2, 4, 5, 8, 12, 13, 15, 17, 18, 21, 22], "neighbors": [14, 4, 29, 1, 16, 31, 6, 33]}, {"capacity": 458, "impossibleCargos": [3, 7, 8, 9, 11, 12, 13, 17, 18, 19, 20, 23], "neighbors": [30, 32, 29, 14, 22, 28, 11, 13, 7, 6, 1, 39]}, {"capacity": 458, "impossibleCargos": [1, 2, 3, 4, 5, 8, 12, 14, 15, 18, 19, 20, 22, 24], "neighbors": [38, 18, 36, 31, 2, 19, 39, 1, 10, 14, 15, 32, 22]}, {"capacity": 660, "impossibleCargos": [1, 3, 4, 6, 7, 10, 12, 13, 14, 15, 16, 18, 19, 20, 21, 23], "neighbors": [35, 7, 20, 22, 37, 18, 0, 33, 3]}, {"capacity": 877, "impossibleCargos": [0, 1, 2, 3, 4, 6, 8, 10, 13, 18, 20, 22], "neighbors": [38, 34, 3, 15, 28, 10, 7, 0, 16, 8]}, {"capacity": 911, "impossibleCargos": [0, 1, 3, 4, 5, 6, 7, 10, 11, 12, 13, 14, 15, 17, 18, 19, 21, 22, 23, 24], "neighbors": [33, 9, 19, 24, 34, 10, 11, 30, 15, 5, 6]}, {"capacity": 436, "impossibleCargos": [3, 4, 5, 6, 7, 8, 9, 10, 13, 16, 17, 22], "neighbors": [13, 4, 37, 31, 18, 1, 11, 32, 14, 34, 29, 20]}, {"capacity": 472, "impossibleCargos": [3, 8, 10, 12, 13, 14, 15, 17, 18, 19, 20, 23, 24], "neighbors": [17, 21, 5, 32, 4, 26, 24, 9, 19, 20, 7, 31, 13]}, {"capacity": 598, "impossibleCargos": [2, 3, 4, 6, 11, 14, 16, 17, 18, 22], "neighbors": [16, 34, 30, 4, 32, 35, 7, 24]}, {"capacity": 408, "impossibleCargos": [1, 4, 9, 10, 12, 14, 15, 16, 17, 23], "neighbors": [38, 11, 28, 7, 5, 12, 6, 35, 15, 31, 32]}, {"capacity": 534, "impossibleCargos": [0, 6, 8, 14, 20, 21, 22, 23, 24], "neighbors": [1, 26, 14, 35, 33, 0, 11, 16, 20, 37, 24]}, {"capacity": 794, "impossibleCargos": [5, 6, 8, 11, 12, 14, 22, 24], "neighbors": [12, 31, 16, 19, 15, 3, 27]}, {"capacity": 587, "impossibleCargos": [1, 7, 8, 12, 15, 16, 17, 18, 21, 22, 24], "neighbors": [33, 36, 16, 31, 24, 23, 28, 39, 29, 27, 2, 35, 34]}, {"capacity": 840, "impossibleCargos": [0, 3, 6, 8, 10, 16, 17, 20, 23], "neighbors": [12, 32, 23, 10, 1, 4, 30, 11, 25]}, {"capacity": 803, "impossibleCargos": [1, 2, 4, 5, 6, 8, 11, 13, 16, 19, 22], "neighbors": [33, 32, 21, 3, 22, 24, 36, 8]}, {"capacity": 466, "impossibleCargos": [8, 10, 12, 13, 14, 15, 16, 17, 18, 20, 21], "neighbors": [4, 38, 21, 14, 34, 2, 26, 23, 16, 29, 17, 27, 19]}, {"capacity": 250, "impossibleCargos": [0, 2, 3, 7, 8, 9, 11, 12, 17, 21], "neighbors": [31, 2, 38, 26, 32, 33, 8, 22]}, {"capacity": 672, "impossibleCargos": [3, 8, 10, 11, 12, 14, 16, 17, 18, 21], "neighbors": [3, 19, 39, 29, 24, 16, 25]}, {"capacity": 781, "impossibleCargos": [0, 3, 4, 5, 7, 8, 10, 11, 13, 16, 18, 19, 20, 22], "neighbors": [38, 32, 30, 5, 3, 0, 21, 24, 20]}, {"capacity": 675, "impossibleCargos": [1, 2, 9, 11, 12, 13, 14, 15, 16, 18, 20, 21, 22], "neighbors": [18, 7, 13, 21, 10, 36, 34, 33, 38, 6]}, {"capacity": 520, "impossibleCargos": [0, 1, 3, 4, 5, 11, 13, 14, 17, 21, 24], "neighbors": [10, 26, 5, 9, 30, 21, 24, 15]}, {"capacity": 618, "impossibleCargos": [1, 4, 5, 7, 9, 13, 14, 15, 16, 21, 23, 24], "neighbors": [10, 8, 27, 17, 29, 14, 22, 4, 1]}, {"capacity": 514, "impossibleCargos": [1, 2, 4, 8, 10, 11, 12, 13, 15, 18, 20, 21, 22, 24], "neighbors": [21, 25, 20, 39, 11, 36, 5, 15, 16, 18, 9, 2]}, {"capacity": 656, "impossibleCargos": [1, 2, 3, 4, 5, 6, 8, 9, 10, 15, 16, 17, 21, 23], "neighbors": [27, 10, 23, 36, 7, 16, 22, 17, 3, 33, 25, 18, 11, 15]}, {"capacity": 296, "impossibleCargos": [0, 3, 4, 5, 6, 10, 13, 14, 15, 16, 19], "neighbors": [23, 21, 14, 19, 12, 32, 25, 4, 28, 9, 39]}, {"capacity": 523, "impossibleCargos": [0, 1, 4, 5, 7, 9, 11, 12, 14, 18, 22], "neighbors": [4, 24, 6, 13, 17, 1, 14, 28, 7, 15, 21]}, {"capacity": 204, "impossibleCargos": [0, 1, 2, 3, 6, 8, 9, 11, 13, 14, 15, 16, 17, 20], "neighbors": [12, 19, 17, 18, 0, 21, 6]}, {"capacity": 988, "impossibleCargos": [1, 2, 3, 4, 8, 10, 13, 14, 15, 16, 18, 19, 20, 22], "neighbors": [21, 3, 32, 11, 6, 31, 38, 28, 23, 0]}, {"capacity": 703, "impossibleCargos": [2, 4, 5, 6, 7, 8, 13, 18, 19, 20, 21, 22, 24], "neighbors": [4, 12, 15, 2, 19, 3]}, {"capacity": 625, "impossibleCargos": [0, 1, 5, 7, 8, 11, 12, 15, 16, 17, 18, 22, 24], "neighbors": [11, 13, 27, 24, 18, 2, 3, 36, 25, 5, 28]}, {"capacity": 512, "impossibleCargos": [4, 6, 10, 12, 13, 14, 16, 17, 19, 20, 22, 23, 24], "neighbors": [26, 31, 11, 21, 7, 10, 33]}]}