{"volumes": [996, 1139, 1089, 0, 0, 387, 0, 464, 717, 1255, 1269, 1387, 385, 849, 607, 760, 0, 0, 1285, 0, 1530, 0, 0, 1408, 1592], "conflicts": [[0, 3], [0, 4], [0, 14], [0, 19], [0, 21], [2, 14], [3, 5], [3, 8], [3, 9], [3, 12], [3, 15], [3, 19], [3, 20], [4, 8], [4, 10], [4, 12], [4, 18], [4, 20], [5, 13], [5, 16], [5, 17], [5, 21], [5, 22], [5, 24], [6, 10], [6, 11], [6, 16], [7, 10], [7, 14], [7, 15], [7, 17], [8, 11], [10, 19], [10, 21], [11, 17], [11, 21], [12, 17], [12, 22], [13, 14], [13, 17], [13, 21], [14, 18], [14, 21], [14, 22], [15, 19], [16, 18], [16, 22], [16, 23], [17, 22], [18, 21], [19, 20]], "tanks": [{"capacity": 308, "impossibleCargos": [0, 1, 3, 6, 8, 9, 11, 13, 15, 16, 17, 19, 21, 22, 23], "neighbors": [18, 2, 11, 1, 7, 26, 12, 31, 34, 21]}, {"capacity": 263, "impossibleCargos": [0, 2, 3, 4, 6, 7, 9, 11, 13, 18, 19, 21], "neighbors": [5, 36, 29, 2, 23, 38, 19, 0, 15, 37, 32, 14]}, {"capacity": 823, "impossibleCargos": [0, 1, 9, 11, 14, 19, 22, 24], "neighbors": [28, 0, 34, 8, 7, 1, 22, 36, 15, 13, 29, 11]}, {"capacity": 775, "impossibleCargos": [1, 2, 4, 6, 9, 10, 11, 13, 14, 16, 18, 21], "neighbors": [23, 29, 13, 38, 31, 36, 19, 7, 24]}, {"capacity": 681, "impossibleCargos": [0, 3, 4, 5, 7, 9, 10, 12, 15, 16, 17, 23, 24], "neighbors": [37, 16, 18, 17, 33, 30, 21, 39, 6]}, {"capacity": 266, "impossibleCargos": [0, 1, 3, 6, 9, 10, 11, 12, 13, 14, 17, 19, 22, 23], "neighbors": [1, 13, 33, 31, 7, 32, 38, 14, 17, 19]}, {"capacity": 504, "impossibleCargos": [1, 2, 4, 5, 7, 8, 9, 14, 15, 16, 18, 21], "neighbors": [34, 32, 33, 15, 26, 4, 38]}, {"capacity": 964, "impossibleCargos": [0, 4, 5, 8, 10, 11, 13, 16, 17, 19, 21], "neighbors": [11, 38, 31, 36, 30, 8, 2, 5, 21, 0, 17, 3, 39]}, {"capacity": 945, "impossibleCargos": [0, 1, 4, 5, 6, 8, 10, 11, 12, 13, 14, 17, 19, 22, 23, 24], "neighbors": [11, 2, 30, 7, 35, 23, 12]}, {"capacity": 460, "impossibleCargos": [0, 1, 2, 6, 7, 8, 9, 10, 12, 13, 14, 15, 16, 17, 19, 20, 21, 24], "neighbors": [16, 11, 14, 32, 13]}, {"capacity": 621, "impossibleCargos": [1, 2, 5, 6, 9, 11, 16, 19, 22, 23, 24], "neighbors": [34, 21, 15, 13, 22, 32, 31, 27]}, {"capacity": 802, "impossibleCargos": [0, 1, 2, 5, 7, 8, 10, 13, 17, 20, 21, 23], "neighbors": [7, 27, 12, 8, 9, 0, 23, 2, 35, 20]}, {"capacity": 738, "impossibleCargos": [0, 1, 2, 3, 4, 6, 7, 8, 9, 10, 12, 13, 16, 17, 18, 19, 21, 22, 23, 24], "neighbors": [32, 11, 34, 16, 30, 36, 0, 38, 39, 33, 8, 28]}, {"capacity": 491, "impossibleCargos": [0, 1, 2, 3, 5, 8, 9, 10, 12, 13, 14, 17, 19, 20, 21, 23], "neighbors": [20, 5, 3, 15, 25, 14, 10, 39, 9, 2]}, {"capacity": 657, "impossibleCargos": [2, 4, 6, 8, 12, 13, 14, 16, 17, 19, 24], "neighbors": [23, 31, 37, 26, 17, 13, 21, 9, 35, 5, 1]}, {"capacity": 865, "impossibleCargos": [0, 3, 4, 5, 8, 9, 12, 13, 14, 16, 17, 19, 20, 21, 23, 24], "neighbors": [31, 13, 34, 37, 36, 1, 6, 10, 2, 23]}, {"capacity": 732, "impossibleCargos": [1, 4, 5, 9, 12, 13, 14, 15, 17, 20, 21, 23], "neighbors": [9, 4, 37, 12, 29, 23]}, {"capacity": 236, "impossibleCargos": [0, 1, 3, 5, 6, 8, 11, 12, 18, 19, 20, 21, 22], "neighbors": [30, 28, 22, 14, 4, 37, 36, 7, 5]}, {"capacity": 370, "impossibleCargos": [2, 4, 6, 14, 15, 16, 17, 23, 24], "neighbors": [21, 0, 35, 4, 38, 25, 27, 26, 32]}, {"capacity": 927, "impossibleCargos": [0, 1, 4, 8, 11, 12, 16, 17, 18, 19, 20], "neighbors": [29, 26, 1, 33, 39, 20, 3, 5]}, {"capacity": 808, "impossibleCargos": [2, 4, 6, 7, 9, 10, 11, 12, 15, 16, 17, 20, 21, 22], "neighbors": [13, 25, 34, 36, 32, 22, 19, 39, 28, 11]}, {"capacity": 558, "impossibleCargos": [1, 2, 3, 7, 9, 11, 12, 14, 16, 18, 19, 21, 23], "neighbors": [35, 24, 18, 37, 10, 32, 26, 14, 7, 4, 0]}, {"capacity": 522, "impossibleCargos": [0, 1, 2, 10, 11, 12, 13, 14, 17, 22, 24], "neighbors": [32, 17, 27, 25, 34, 2, 10, 20]}, {"capacity": 466, "impossibleCargos": [0, 1, 2, 3, 6, 11, 19, 21, 22, 23], "neighbors": [14, 3, 33, 24, 1, 16, 8, 11, 32, 15, 36]}, {"capacity": 866, "impossibleCargos": [1, 3, 6, 7, 10, 12, 13, 14, 15, 18, 21, 22, 24], "neighbors": [21, 30, 39, 32, 25, 23, 38, 3]}, {"capacity": 901, "impossibleCargos": [2, 3, 4, 9, 10, 14, 15, 17, 18, 21, 22, 23, 24], "neighbors": [31, 20, 24, 27, 13, 18, 22, 38, 33, 35]}, {"capacity": 416, "impossibleCargos": [1, 2, 4, 6, 7, 9, 11, 13, 14, 16, 19, 20, 22, 23, 24], "neighbors": [28, 14, 21, 19, 0, 31, 34, 32, 6, 30, 38, 18]}, {"capacity": 720, "impossibleCargos": [0, 4, 5, 7, 10, 12, 13, 15, 17, 19, 21, 22], "neighbors": [11, 30, 25, 22, 39, 18, 10]}, {"capacity": 709, "impossibleCargos": [0, 1, 5, 6, 7, 11, 15, 18, 19, 23, 24], "neighbors": [2, 26, 17, 36, 20, 12]}, {"capacity": 577, "impossibleCargos": [0, 2, 7, 8, 11, 12, 13, 16, 19, 20, 21, 22, 23, 24], "neighbors": [3, 1, 19, 16, 2]}, {"capacity": 307, "impossibleCargos": [0, 2, 3, 9, 10, 11, 13, 15, 18, 21], "neighbors": [27, 24, 36, 17, 8, 7, 12, 32, 4, 26, 38]}, {"capacity": 527, "impossibleCargos": [1, 5, 6, 8, 10, 11, 14, 15, 16, 18, 19, 20, 21, 22, 23], "neighbors": [25, 15, 14, 7, 5, 26, 0, 34, 3, 10]}, {"capacity": 453, "impossibleCargos": [0, 1, 2, 4, 10, 11, 13, 14, 15, 20, 22, 23], "neighbors": [12, 33, 6, 22, 24, 37, 30, 21, 5, 9, 1, 20, 26, 10, 23, 18]}, {"capacity": 549, "impossibleCargos": [2, 5, 7, 9, 10, 11, 14, 15, 21, 22, 24], "neighbors": [32, 23, 5, 39, 4, 6, 19, 25, 12]}, {"capacity": 729, "impossibleCargos": [6, 7, 9, 10, 11, 12, 15, 16, 18, 21, 22], "neighbors": [10, 6, 20, 35, 2, 12, 15, 22, 39, 38, 26, 31, 0]}, {"capacity": 748, "impossibleCargos": [1, 2, 3, 7, 12, 15, 17, 21, 22, 23], "neighbors": [21, 34, 18, 8, 14, 11, 37, 25]}, {"capacity": 483, "impossibleCargos": [2, 4, 7, 8, 9, 11, 13, 15, 17, 19, 21, 23, 24], "neighbors": [1, 30, 7, 39, 12, 15, 20, 37, 2, 17, 38, 3, 28, 23]}, {"capacity": 677, "impossibleCargos": [0, 3, 4, 5, 7, 8, 9, 12, 14, 16, 17, 18, 20, 23, 24], "neighbors": [4, 14, 21, 16, 32, 15, 36, 1, 17, 35]}, {"capacity": 437, "impossibleCargos": [2, 3, 4, 7, 8, 9, 10, 12, 14, 17, 19, 22, 23, 24], "neighbors": [7, 3, 18, 24, 1, 25, 34, 36, 5, 12, 26, 6, 30]}, {"capacity": 616, "impossibleCargos": [0, 2, 3, 4, 5, 6, 8, 12, 14, 15, 16, 20, 21], "neighbors": [24, 33, 36, 27, 34, 13, 19, 20, 12, 4, 7]}]}