{"volumes": [1215, 812, 297, 1586, 0, 1436, 0, 599, 1669, 1443, 269, 484, 386, 0, 458, 116, 446, 369, 2013, 0, 0, 1717, 261, 0, 284], "conflicts": [[0, 4], [0, 5], [0, 6], [0, 7], [0, 10], [0, 13], [0, 20], [0, 23], [0, 24], [1, 4], [1, 10], [1, 13], [1, 15], [1, 17], [1, 19], [1, 20], [1, 23], [2, 4], [2, 5], [2, 6], [2, 8], [2, 9], [2, 13], [2, 14], [2, 15], [2, 16], [2, 17], [2, 19], [2, 20], [3, 6], [3, 10], [3, 13], [3, 15], [3, 19], [3, 20], [3, 23], [4, 5], [4, 7], [4, 8], [4, 11], [4, 12], [4, 13], [4, 14], [4, 15], [4, 16], [4, 17], [4, 18], [4, 19], [4, 21], [4, 22], [4, 24], [5, 6], [5, 10], [5, 13], [5, 14], [5, 19], [5, 20], [5, 23], [6, 7], [6, 8], [6, 9], [6, 11], [6, 12], [6, 14], [6, 16], [6, 17], [6, 18], [6, 19], [6, 20], [6, 21], [6, 22], [6, 23], [6, 24], [7, 10], [7, 13], [7, 14], [7, 15], [7, 16], [7, 19], [7, 23], [8, 10], [8, 14], [8, 15], [8, 19], [8, 20], [8, 22], [9, 12], [9, 13], [9, 14], [9, 19], [9, 20], [9, 22], [9, 23], [10, 12], [10, 14], [10, 15], [10, 19], [10, 20], [10, 22], [10, 23], [11, 12], [11, 13], [11, 16], [11, 18], [11, 19], [11, 20], [11, 24], [12, 13], [12, 17], [12, 18], [12, 19], [12, 20], [12, 21], [12, 22], [12, 23], [12, 24], [13, 14], [13, 15], [13, 16], [13, 17], [13, 18], [13, 19], [13, 21], [13, 22], [13, 23], [13, 24], [14, 16], [14, 19], [14, 20], [15, 17], [15, 19], [15, 20], [15, 22], [16, 20], [16, 22], [16, 23], [17, 19], [17, 20], [17, 22], [18, 19], [18, 20], [18, 23], [18, 24], [19, 20], [19, 21], [19, 22], [19, 23], [19, 24], [20, 21], [20, 22], [20, 24], [21, 22], [21, 24], [22, 23], [23, 24]], "tanks": [{"capacity": 225, "impossibleCargos": [2, 4, 6, 7, 8, 9, 10, 11, 12, 14, 16, 17, 18, 19, 20, 21, 23, 24], "neighbors": [18, 11, 7, 24, 9, 28, 33]}, {"capacity": 332, "impossibleCargos": [0, 1, 4, 5, 7, 9, 10, 11, 12, 13, 14, 16, 17, 18, 19, 21, 22, 23, 24], "neighbors": [21, 33, 35, 29, 5, 23, 10, 2, 7]}, {"capacity": 896, "impossibleCargos": [0, 3, 4, 5, 6, 7, 8, 10, 11, 12, 13, 14, 18, 20, 21, 22, 23, 24], "neighbors": [36, 26, 34, 13, 3, 12, 14, 39, 1, 29]}, {"capacity": 704, "impossibleCargos": [0, 1, 2, 3, 4, 6, 7, 8, 10, 11, 12, 14, 15, 16, 19, 20, 21, 23], "neighbors": [24, 38, 17, 33, 23, 2, 39, 12, 8, 18, 31, 19]}, {"capacity": 582, "impossibleCargos": [1, 2, 4, 6, 7, 8, 10, 11, 12, 13, 15, 16, 17, 18, 20, 21, 23, 24], "neighbors": [30, 25, 23, 29, 38, 18, 28, 37, 36, 24, 6]}, {"capacity": 526, "impossibleCargos": [1, 2, 4, 5, 6, 7, 8, 12, 13, 14, 15, 16, 17, 18, 19, 20, 21, 22, 23, 24], "neighbors": [7, 23, 19, 18, 1, 25, 27, 31, 12, 29, 24]}, {"capacity": 304, "impossibleCargos": [3, 4, 5, 6, 8, 9, 10, 11, 14, 15, 17, 18, 19, 20, 21, 22, 23, 24], "neighbors": [24, 23, 37, 28, 13, 31, 36, 30, 4]}, {"capacity": 579, "impossibleCargos": [0, 2, 3, 4, 5, 7, 8, 9, 10, 11, 12, 13, 15, 17, 18, 19, 20, 22, 23, 24], "neighbors": [5, 10, 8, 21, 0, 22, 18, 16, 9, 17, 1]}, {"capacity": 400, "impossibleCargos": [0, 2, 3, 5, 8, 9, 10, 11, 12, 14, 16, 17, 18, 19, 20, 21, 22, 23, 24], "neighbors": [31, 37, 12, 7, 34, 23, 16, 28, 35, 38, 3]}, {"capacity": 622, "impossibleCargos": [0, 1, 3, 4, 5, 6, 7, 8, 10, 11, 12, 13, 14, 15, 16, 17, 20, 22, 23, 24], "neighbors": [36, 12, 21, 16, 39, 11, 19, 7, 31, 0]}, {"capacity": 271, "impossibleCargos": [1, 2, 6, 7, 8, 9, 10, 11, 12, 13, 14, 15, 18, 19, 21, 22, 23, 24], "neighbors": [38, 7, 16, 18, 25, 1, 30, 20]}, {"capacity": 803, "impossibleCargos": [0, 2, 3, 4, 5, 6, 7, 8, 10, 11, 12, 13, 14, 15, 16, 17, 18, 19, 20, 22, 23], "neighbors": [27, 0, 30, 33, 9, 13]}, {"capacity": 428, "impossibleCargos": [0, 1, 2, 3, 4, 5, 6, 7, 8, 9, 10, 11, 13, 15, 16, 18, 19, 20, 22, 23, 24], "neighbors": [8, 9, 21, 22, 15, 2, 5, 3, 26, 16, 17, 36]}, {"capacity": 889, "impossibleCargos": [0, 1, 2, 3, 6, 7, 8, 9, 10, 12, 13, 14, 16, 17, 20, 22, 23], "neighbors": [15, 31, 21, 2, 6, 16, 11, 18, 34, 37]}, {"capacity": 400, "impossibleCargos": [0, 1, 2, 3, 4, 5, 6, 8, 9, 13, 14, 15, 16, 17, 18, 19, 21, 22, 23, 24], "neighbors": [23, 22, 28, 33, 2, 17, 25]}, {"capacity": 902, "impossibleCargos": [0, 1, 4, 5, 6, 7, 11, 13, 14, 15, 16, 17, 19, 20, 21, 23, 24], "neighbors": [13, 26, 28, 30, 12, 37, 35]}, {"capacity": 419, "impossibleCargos": [1, 2, 3, 4, 5, 7, 8, 9, 10, 12, 13, 14, 15, 17, 19, 20, 21, 22, 23, 24], "neighbors": [10, 9, 8, 13, 7, 17, 18, 33, 12, 19]}, {"capacity": 258, "impossibleCargos": [1, 2, 4, 5, 7, 8, 9, 10, 11, 12, 14, 15, 16, 17, 19, 20, 21, 22, 23, 24], "neighbors": [3, 32, 25, 38, 20, 27, 16, 22, 14, 7, 19, 30, 12]}, {"capacity": 352, "impossibleCargos": [0, 1, 3, 4, 5, 6, 7, 9, 10, 11, 12, 13, 14, 15, 16, 17, 18, 19, 20, 21, 24], "neighbors": [20, 0, 5, 22, 10, 4, 7, 38, 29, 13, 16, 23, 3]}, {"capacity": 254, "impossibleCargos": [0, 2, 3, 4, 5, 6, 9, 10, 13, 14, 15, 16, 18, 20, 22, 23], "neighbors": [24, 5, 37, 38, 9, 17, 3, 16]}, {"capacity": 502, "impossibleCargos": [0, 2, 4, 5, 6, 8, 9, 10, 11, 12, 13, 16, 17, 18, 19, 21, 22, 24], "neighbors": [18, 24, 25, 17, 21, 29, 36, 10]}, {"capacity": 723, "impossibleCargos": [1, 5, 6, 7, 8, 9, 10, 11, 14, 15, 16, 17, 19, 20, 21, 22, 23, 24], "neighbors": [1, 9, 12, 33, 7, 13, 37, 20, 32, 24]}, {"capacity": 554, "impossibleCargos": [0, 1, 3, 5, 6, 7, 8, 9, 11, 13, 15, 17, 19, 23], "neighbors": [27, 18, 14, 7, 12, 17, 32, 24, 39, 38]}, {"capacity": 693, "impossibleCargos": [0, 1, 2, 5, 6, 7, 8, 9, 11, 12, 13, 15, 16, 17, 18, 20, 21, 22, 23, 24], "neighbors": [31, 5, 6, 38, 14, 4, 8, 3, 30, 1, 18, 33, 32, 25]}, {"capacity": 227, "impossibleCargos": [0, 1, 2, 3, 4, 5, 7, 9, 10, 12, 13, 14, 16, 17, 18, 19, 20, 21, 22, 23, 24], "neighbors": [3, 19, 26, 6, 20, 0, 25, 31, 30, 22, 21, 27, 5, 4]}, {"capacity": 648, "impossibleCargos": [1, 2, 3, 7, 8, 10, 11, 13, 14, 16, 17, 18, 19, 22, 24], "neighbors": [4, 33, 17, 10, 20, 5, 24, 35, 14, 34, 38, 23]}, {"capacity": 722, "impossibleCargos": [0, 1, 3, 8, 9, 10, 11, 12, 13, 15, 16, 17, 19, 22, 23, 24], "neighbors": [33, 24, 15, 2, 38, 39, 28, 12]}, {"capacity": 397, "impossibleCargos": [0, 1, 2, 3, 4, 5, 6, 7, 8, 9, 11, 12, 13, 14, 15, 17, 18, 19, 20, 23], "neighbors": [11, 22, 17, 5, 24]}, {"capacity": 699, "impossibleCargos": [0, 1, 3, 4, 5, 6, 7, 9, 10, 11, 12, 13, 14, 16, 17, 18, 19, 20, 22, 23], "neighbors": [35, 6, 26, 15, 8, 14, 4, 38, 32, 0]}, {"capacity": 378, "impossibleCargos": [0, 1, 2, 4, 5, 6, 7, 8, 12, 13, 14, 15, 16, 18, 19, 21, 22, 23, 24], "neighbors": [1, 4, 33, 18, 20, 39, 5, 2]}, {"capacity": 691, "impossibleCargos": [0, 3, 4, 6, 7, 11, 12, 14, 15, 16, 17, 18, 20, 22, 23, 24], "neighbors": [4, 34, 31, 11, 23, 33, 15, 24, 10, 17, 6]}, {"capacity": 261, "impossibleCargos": [0, 4, 5, 6, 7, 8, 9, 10, 11, 13, 14, 15, 16, 17, 19, 20, 21, 22, 23, 24], "neighbors": [23, 8, 13, 30, 36, 24, 6, 37, 5, 9, 3, 39]}, {"capacity": 852, "impossibleCargos": [0, 2, 4, 5, 6, 7, 9, 10, 12, 17, 18, 19, 21, 22, 23], "neighbors": [17, 36, 22, 21, 23, 28]}, {"capacity": 802, "impossibleCargos": [0, 1, 2, 3, 4, 5, 6, 7, 9, 10, 12, 13, 14, 16, 18, 19, 20, 21, 23, 24], "neighbors": [26, 1, 21, 3, 25, 11, 29, 37, 30, 14, 35, 23, 16, 0]}, {"capacity": 563, "impossibleCargos": [0, 2, 3, 6, 7, 8, 9, 10, 11, 12, 15, 17, 18, 21, 23, 24], "neighbors": [30, 2, 8, 13, 36, 25]}, {"capacity": 887, "impossibleCargos": [1, 2, 3, 6, 9, 10, 12, 13, 14, 15, 16, 17, 18, 19, 20, 21, 22, 23, 24], "neighbors": [28, 1, 25, 8, 33, 15]}, {"capacity": 559, "impossibleCargos": [0, 2, 3, 4, 5, 9, 10, 12, 13, 14, 15, 16, 17, 18, 19, 23, 24], "neighbors": [9, 2, 32, 31, 38, 20, 6, 34, 4, 39, 12]}, {"capacity": 571, "impossibleCargos": [2, 3, 4, 5, 8, 10, 13, 14, 16, 19, 20, 21, 22, 23, 24], "neighbors": [8, 6, 19, 33, 21, 31, 4, 15, 13]}, {"capacity": 340, "impossibleCargos": [1, 3, 4, 5, 6, 7, 8, 9, 11, 13, 14, 15, 16, 18, 19, 20, 21, 22, 23], "neighbors": [10, 3, 23, 26, 17, 4, 18, 36, 28, 19, 8, 22, 25]}, {"capacity": 505, "impossibleCargos": [0, 1, 2, 3, 4, 6, 8, 11, 13, 14, 16, 17, 18, 19, 22, 23, 24], "neighbors": [26, 9, 29, 3, 2, 22, 36, 31]}]}