{"volumes": [0, 994, 195, 1290, 0, 3052, 0, 193, 966, 1072, 667, 0, 313, 411, 1753, 0, 2634, 756, 952, 0, 0, 558, 0, 1446, 2094], "conflicts": [[0, 2], [0, 6], [0, 8], [0, 11], [0, 12], [0, 14], [0, 17], [0, 23], [1, 4], [1, 11], [1, 15], [2, 12], [2, 19], [3, 6], [3, 20], [3, 22], [4, 9], [4, 10], [4, 12], [4, 15], [4, 16], [4, 18], [4, 22], [4, 23], [5, 6], [5, 11], [5, 12], [6, 9], [6, 11], [6, 12], [6, 20], [6, 21], [7, 9], [7, 15], [7, 20], [8, 15], [9, 19], [9, 20], [10, 11], [10, 19], [11, 12], [11, 14], [13, 15], [14, 22], [15, 16], [15, 17], [15, 24], [16, 19], [16, 22], [17, 20], [19, 20], [19, 21], [19, 22], [19, 23], [22, 23]], "tanks": [{"capacity": 733, "impossibleCargos": [7, 12, 19, 23], "neighbors": [30, 20, 31, 27, 22, 11, 3, 38, 4, 16, 15, 1, 32, 35, 33, 39, 2, 8, 24, 19, 18]}, {"capacity": 900, "impossibleCargos": [7, 8, 9, 11, 13, 15, 21, 24], "neighbors": [6, 18, 20, 13, 23, 36, 24, 22, 0, 9, 39, 14, 11, 30, 28, 32, 12, 7]}, {"capacity": 823, "impossibleCargos": [3, 6, 8, 13, 15, 16, 23], "neighbors": [30, 16, 12, 37, 18, 33, 13, 24, 26, 28, 36, 0, 8, 29, 25, 39, 15, 32, 19, 3]}, {"capacity": 226, "impossibleCargos": [1, 3, 13, 16, 18, 23], "neighbors": [4, 29, 0, 13, 21, 35, 16, 25, 32, 34, 37, 11, 36, 10, 20, 8, 2]}, {"capacity": 308, "impossibleCargos": [4, 6, 16, 17], "neighbors": [3, 20, 15, 12, 33, 22, 11, 23, 30, 28, 35, 25, 8, 0, 9, 14, 13, 10, 38, 17, 37, 32, 39]}, {"capacity": 459, "impossibleCargos": [13, 17, 19], "neighbors": [24, 30, 14, 34, 33, 38, 22, 36, 26, 25, 23, 12, 7]}, {"capacity": 763, "impossibleCargos": [3, 5, 7, 11, 17, 18], "neighbors": [20, 26, 1, 23, 25, 17, 22, 7, 15, 27, 31, 12, 37, 36, 13, 29, 14, 8, 18, 34, 16, 24]}, {"capacity": 703, "impossibleCargos": [1, 21], "neighbors": [36, 14, 9, 26, 6, 27, 11, 35, 34, 12, 10, 22, 20, 33, 15, 1, 5, 39]}, {"capacity": 883, "impossibleCargos": [0, 1, 3, 14, 19, 22], "neighbors": [38, 32, 22, 4, 20, 10, 16, 11, 18, 29, 2, 12, 21, 6, 24, 34, 33, 35, 0, 17, 3, 36]}, {"capacity": 397, "impossibleCargos": [2, 5, 6, 15, 22], "neighbors": [26, 20, 10, 7, 38, 33, 23, 34, 21, 4, 24, 29, 1, 11, 22, 31, 32, 12]}, {"capacity": 835, "impossibleCargos": [6, 10, 17], "neighbors": [36, 15, 18, 37, 9, 22, 8, 38, 12, 7, 30, 26, 35, 4, 31, 3, 24, 33]}, {"capacity": 387, "impossibleCargos": [2, 3, 5, 8, 22, 24], "neighbors": [32, 30, 4, 27, 0, 7, 13, 8, 22, 14, 9, 17, 1, 31, 26, 3]}, {"capacity": 649, "impossibleCargos": [18, 19], "neighbors": [30, 4, 2, 28, 33, 22, 6, 7, 14, 10, 36, 23, 29, 31, 8, 21, 18, 27, 39, 9, 1, 5]}, {"capacity": 627, "impossibleCargos": [3, 7, 8, 10, 14, 15, 16, 19, 23], "neighbors": [28, 20, 19, 17, 35, 1, 30, 37, 3, 15, 11, 2, 4, 6, 27, 39, 34, 36, 21, 32, 24, 25]}, {"capacity": 436, "impossibleCargos": [0, 2, 9, 14, 21], "neighbors": [31, 32, 17, 7, 23, 28, 19, 27, 22, 5, 12, 4, 39, 11, 20, 18, 1, 6, 33, 34, 30, 26, 25, 15]}, {"capacity": 781, "impossibleCargos": [1, 4, 9, 10, 21], "neighbors": [4, 25, 28, 10, 6, 23, 13, 0, 33, 31, 32, 27, 16, 7, 2, 14]}, {"capacity": 768, "impossibleCargos": [0, 1, 6, 8, 10, 18, 19, 22, 23], "neighbors": [2, 34, 32, 39, 17, 35, 19, 26, 0, 3, 25, 21, 8, 28, 31, 29, 15, 18, 38, 23, 6]}, {"capacity": 740, "impossibleCargos": [4, 17, 18], "neighbors": [26, 34, 25, 14, 13, 6, 22, 16, 28, 36, 29, 38, 11, 37, 27, 4, 35, 8]}, {"capacity": 916, "impossibleCargos": [4, 6, 10, 14, 15], "neighbors": [25, 35, 10, 1, 26, 36, 2, 28, 34, 23, 14, 8, 24, 19, 12, 30, 6, 39, 16, 21, 0]}, {"capacity": 811, "impossibleCargos": [2, 3, 5, 17, 19, 22], "neighbors": [33, 13, 23, 36, 16, 35, 20, 14, 30, 39, 37, 18, 38, 34, 26, 0, 2, 32, 27]}, {"capacity": 917, "impossibleCargos": [6, 10, 15, 16, 18, 20, 21], "neighbors": [0, 4, 6, 13, 9, 23, 22, 38, 24, 21, 1, 36, 29, 19, 8, 37, 34, 14, 31, 7, 3]}, {"capacity": 704, "impossibleCargos": [9, 11, 14, 15, 17], "neighbors": [22, 29, 20, 24, 30, 3, 9, 16, 8, 12, 13, 23, 25, 37, 36, 18, 33, 26]}, {"capacity": 543, "impossibleCargos": [0, 1, 7, 9, 11, 12, 13, 15, 24], "neighbors": [30, 24, 36, 20, 21, 4, 10, 0, 8, 37, 6, 17, 38, 12, 1, 14, 7, 11, 26, 9, 5, 29, 35, 23]}, {"capacity": 564, "impossibleCargos": [5, 11, 13, 14, 15], "neighbors": [6, 20, 19, 30, 4, 14, 1, 15, 9, 35, 18, 12, 21, 5, 16, 22]}, {"capacity": 317, "impossibleCargos": [4, 12, 14, 18], "neighbors": [22, 5, 20, 21, 1, 37, 2, 34, 9, 18, 8, 38, 10, 35, 13, 0, 6]}, {"capacity": 679, "impossibleCargos": [0, 7, 13, 17, 21, 23, 24], "neighbors": [18, 15, 17, 27, 26, 6, 38, 4, 30, 16, 29, 3, 37, 5, 36, 32, 2, 13, 21, 34, 14]}, {"capacity": 974, "impossibleCargos": [5, 8, 11, 20, 21], "neighbors": [9, 6, 17, 25, 18, 27, 7, 16, 2, 10, 32, 22, 39, 11, 5, 38, 14, 19, 37, 33, 21]}, {"capacity": 983, "impossibleCargos": [4, 5, 19, 20, 24], "neighbors": [25, 11, 0, 26, 37, 7, 6, 14, 36, 13, 17, 15, 12, 31, 19]}, {"capacity": 851, "impossibleCargos": [2, 4, 5, 6, 7, 8, 11], "neighbors": [35, 13, 15, 12, 31, 32, 4, 39, 14, 18, 17, 2, 38, 34, 16, 30, 1, 33]}, {"capacity": 361, "impossibleCargos": [12, 13, 16, 20, 24], "neighbors": [21, 38, 3, 34, 20, 33, 35, 32, 31, 17, 25, 9, 12, 6, 8, 39, 16, 22, 2]}, {"capacity": 849, "impossibleCargos": [2, 5, 6, 8, 11, 14, 19, 21, 23, 24], "neighbors": [0, 2, 22, 12, 11, 5, 23, 21, 4, 13, 25, 19, 10, 35, 38, 28, 1, 18, 14, 32, 37, 33]}, {"capacity": 393, "impossibleCargos": [6, 8, 11, 12, 17, 19], "neighbors": [14, 0, 28, 35, 6, 33, 38, 29, 37, 16, 20, 11, 9, 15, 12, 10, 27]}, {"capacity": 235, "impossibleCargos": [0, 1, 5, 16, 17], "neighbors": [11, 35, 8, 14, 37, 28, 16, 29, 0, 26, 3, 15, 9, 1, 13, 25, 2, 30, 4, 19]}, {"capacity": 739, "impossibleCargos": [5, 7, 8, 17, 18], "neighbors": [34, 19, 4, 39, 12, 36, 9, 31, 29, 2, 5, 0, 37, 15, 14, 7, 8, 28, 21, 10, 26, 30]}, {"capacity": 369, "impossibleCargos": [8, 17, 22], "neighbors": [33, 17, 16, 36, 38, 29, 9, 7, 20, 5, 24, 18, 28, 3, 13, 14, 8, 6, 19, 25]}, {"capacity": 552, "impossibleCargos": [0, 3, 6, 8, 10, 11, 13, 14, 17, 20, 23], "neighbors": [28, 32, 36, 18, 38, 13, 31, 16, 4, 19, 7, 3, 29, 23, 0, 30, 10, 22, 8, 24, 17]}, {"capacity": 618, "impossibleCargos": [9, 12, 17, 23], "neighbors": [35, 22, 10, 34, 20, 19, 7, 33, 18, 1, 17, 6, 27, 12, 2, 37, 13, 5, 3, 25, 21, 8]}, {"capacity": 987, "impossibleCargos": [2, 3, 4, 19, 22, 24], "neighbors": [38, 10, 2, 32, 22, 27, 13, 24, 31, 20, 6, 36, 33, 17, 19, 3, 25, 4, 21, 26, 30]}, {"capacity": 251, "impossibleCargos": [0, 2, 3, 6, 16, 21, 24], "neighbors": [8, 37, 35, 20, 34, 25, 9, 29, 22, 0, 31, 17, 10, 28, 5, 30, 4, 24, 26, 16, 19]}, {"capacity": 909, "impossibleCargos": [1, 5, 10, 11, 14, 15, 18, 20, 21], "neighbors": [33, 16, 28, 14, 19, 1, 13, 0, 26, 29, 18, 12, 2, 4, 7]}]}