{"volumes": [484, 1798, 984, 1040, 489, 1574, 688, 396, 487, 394, 401, 297, 279, 760, 2218, 600, 841, 0, 244, 703, 0, 1437, 412, 1655, 0], "conflicts": [[0, 6], [0, 7], [0, 10], [0, 18], [0, 24], [1, 4], [2, 19], [2, 20], [3, 4], [4, 11], [4, 12], [4, 17], [6, 15], [7, 12], [7, 24], [9, 15], [9, 19], [10, 19], [10, 20], [11, 18], [12, 13], [12, 17], [13, 17], [14, 24], [16, 24], [17, 21], [17, 22], [18, 20]], "tanks": [{"capacity": 629, "impossibleCargos": [0, 2, 7, 8, 10, 14, 15, 16, 18, 20, 21, 24], "neighbors": [25, 32, 2, 14, 17, 19, 15, 35, 3, 28, 9, 34, 4, 24, 20, 38, 23, 12, 18, 30, 37, 22]}, {"capacity": 597, "impossibleCargos": [1, 2, 3, 6, 7, 8, 9, 10, 11, 12, 13, 14, 15, 18, 19, 20, 21, 24], "neighbors": [21, 36, 14, 7, 37, 27, 18, 35, 10, 34, 9, 23, 17, 39, 11, 2, 29, 20]}, {"capacity": 750, "impossibleCargos": [0, 2, 3, 5, 7, 9, 10, 14, 15, 17, 19, 21, 22, 23, 24], "neighbors": [0, 31, 18, 21, 36, 29, 11, 3, 22, 19, 7, 10, 23, 33, 30, 32, 6, 5, 1, 28, 14, 38]}, {"capacity": 605, "impossibleCargos": [1, 3, 4, 5, 7, 8, 9, 10, 11, 12, 13, 15, 16, 17, 18, 19, 20, 21, 23, 24], "neighbors": [26, 16, 31, 37, 36, 15, 13, 6, 2, 19, 0, 21, 24, 35, 39, 29, 34, 11, 18, 22]}, {"capacity": 876, "impossibleCargos": [1, 2, 3, 4, 5, 8, 13, 14, 15, 16, 17, 18, 19, 21, 23], "neighbors": [13, 24, 21, 28, 6, 31, 17, 23, 33, 9, 15, 0, 22, 20, 8, 32, 11, 27, 5, 14, 19, 34, 29, 18]}, {"capacity": 543, "impossibleCargos": [0, 1, 2, 3, 4, 5, 6, 8, 9, 10, 11, 12, 13, 14, 15, 16, 17, 18, 20, 22, 23, 24], "neighbors": [12, 39, 8, 7, 17, 26, 37, 25, 21, 2, 11, 31, 27, 4, 32]}, {"capacity": 951, "impossibleCargos": [0, 2, 3, 4, 5, 6, 8, 9, 10, 11, 12, 13, 14, 15, 17, 18, 19, 20, 22, 23, 24], "neighbors": [27, 4, 25, 36, 3, 30, 19, 38, 8, 7, 13, 2, 37, 10]}, {"capacity": 747, "impossibleCargos": [0, 1, 2, 3, 4, 5, 7, 8, 9, 11, 12, 13, 16, 17, 18, 20, 21, 22, 23, 24], "neighbors": [37, 30, 34, 19, 1, 5, 14, 29, 21, 36, 11, 31, 2, 25, 20, 24, 6, 8, 13, 33, 17]}, {"capacity": 456, "impossibleCargos": [0, 1, 3, 4, 5, 6, 7, 10, 12, 13, 14, 17, 18, 20, 21, 22, 23, 24], "neighbors": [27, 35, 5, 10, 19, 12, 26, 9, 21, 13, 6, 36, 7, 17, 38, 29, 4, 34]}, {"capacity": 287, "impossibleCargos": [0, 1, 3, 6, 9, 11, 13, 15, 17, 18, 19, 20, 23], "neighbors": [32, 26, 18, 8, 27, 38, 12, 33, 1, 16, 4, 23, 0, 29, 11, 13, 20, 14, 15, 30, 21]}, {"capacity": 317, "impossibleCargos": [0, 1, 2, 3, 4, 7, 8, 9, 10, 12, 13, 14, 16, 18, 19, 21, 22, 24], "neighbors": [20, 34, 19, 8, 21, 27, 15, 1, 18, 29, 2, 33, 32, 37, 35, 6]}, {"capacity": 836, "impossibleCargos": [2, 3, 4, 5, 6, 9, 10, 12, 13, 14, 15, 17, 20, 21, 23, 24], "neighbors": [38, 28, 37, 14, 32, 16, 21, 2, 7, 26, 1, 9, 29, 5, 4, 3, 31]}, {"capacity": 704, "impossibleCargos": [0, 2, 5, 6, 7, 8, 9, 12, 13, 14, 16, 17, 18, 19, 23], "neighbors": [16, 15, 5, 19, 18, 29, 31, 32, 8, 26, 13, 35, 9, 39, 14, 30, 0, 36, 27]}, {"capacity": 531, "impossibleCargos": [0, 1, 2, 3, 5, 6, 7, 8, 9, 11, 12, 14, 15, 20, 21, 22, 23, 24], "neighbors": [4, 21, 15, 36, 32, 35, 3, 30, 33, 38, 12, 39, 31, 8, 14, 19, 6, 20, 9, 7, 37, 23]}, {"capacity": 456, "impossibleCargos": [0, 1, 2, 3, 5, 6, 8, 9, 11, 12, 13, 15, 16, 17, 18, 19, 20, 21, 24], "neighbors": [38, 36, 1, 11, 7, 0, 15, 13, 12, 23, 27, 35, 37, 9, 31, 16, 4, 2, 26]}, {"capacity": 775, "impossibleCargos": [1, 2, 3, 4, 7, 9, 10, 11, 13, 14, 15, 17, 18, 21], "neighbors": [39, 12, 13, 37, 3, 30, 18, 10, 20, 0, 14, 16, 35, 36, 33, 4, 27, 26, 38, 21, 9, 28, 24]}, {"capacity": 762, "impossibleCargos": [0, 1, 2, 5, 7, 8, 9, 12, 13, 14, 15, 16, 17, 21, 22, 23, 24], "neighbors": [12, 3, 17, 22, 11, 25, 9, 15, 35, 31, 20, 37, 34, 14, 24, 27]}, {"capacity": 286, "impossibleCargos": [0, 1, 2, 3, 4, 5, 12, 13, 14, 15, 16, 17, 18, 19, 20, 22, 23], "neighbors": [31, 27, 16, 5, 0, 4, 1, 18, 8, 37, 33, 24, 38, 7, 29]}, {"capacity": 620, "impossibleCargos": [0, 1, 2, 3, 4, 6, 7, 8, 10, 11, 14, 15, 16, 17, 18, 20, 21, 24], "neighbors": [39, 32, 12, 2, 27, 9, 1, 30, 15, 35, 29, 10, 31, 17, 0, 28, 24, 3, 4]}, {"capacity": 989, "impossibleCargos": [1, 2, 3, 4, 5, 6, 7, 8, 10, 11, 13, 15, 16, 17, 18, 21, 23], "neighbors": [23, 12, 7, 26, 10, 8, 35, 0, 33, 6, 2, 3, 22, 13, 21, 4, 38]}, {"capacity": 886, "impossibleCargos": [0, 1, 4, 5, 6, 9, 10, 11, 12, 13, 15, 16, 17, 18, 19, 20, 21, 22, 23], "neighbors": [10, 15, 31, 28, 27, 38, 7, 29, 25, 33, 13, 30, 9, 4, 16, 0, 1, 24]}, {"capacity": 525, "impossibleCargos": [0, 1, 3, 5, 6, 7, 8, 11, 12, 13, 14, 15, 17, 18, 19, 20, 21, 22], "neighbors": [13, 1, 4, 26, 39, 10, 2, 25, 36, 24, 7, 11, 37, 8, 3, 5, 34, 29, 38, 27, 19, 30, 15, 31, 9]}, {"capacity": 809, "impossibleCargos": [0, 1, 3, 5, 6, 7, 8, 9, 11, 13, 14, 15, 16, 17, 18, 19, 22, 23, 24], "neighbors": [16, 36, 34, 2, 33, 29, 27, 35, 24, 26, 19, 25, 4, 28, 3, 0]}, {"capacity": 344, "impossibleCargos": [0, 2, 3, 5, 6, 7, 8, 10, 14, 15, 16, 17, 18, 19, 20, 21, 24], "neighbors": [19, 31, 30, 38, 26, 4, 37, 1, 2, 9, 36, 14, 0, 29, 25, 13]}, {"capacity": 965, "impossibleCargos": [0, 1, 2, 3, 4, 9, 10, 11, 12, 13, 14, 15, 16, 17, 18, 19, 20, 21, 23], "neighbors": [4, 28, 21, 37, 22, 7, 35, 38, 3, 34, 0, 18, 17, 26, 32, 16, 15, 20]}, {"capacity": 581, "impossibleCargos": [0, 1, 4, 6, 7, 9, 10, 11, 12, 13, 15, 18, 20, 21, 22, 23, 24], "neighbors": [0, 6, 38, 21, 35, 29, 32, 16, 7, 5, 20, 22, 27, 34, 23, 36]}, {"capacity": 680, "impossibleCargos": [0, 1, 2, 3, 6, 8, 10, 11, 12, 13, 14, 16, 19, 23, 24], "neighbors": [3, 9, 21, 19, 35, 8, 36, 12, 5, 23, 29, 22, 11, 33, 34, 15, 37, 24, 14]}, {"capacity": 233, "impossibleCargos": [0, 2, 3, 6, 7, 8, 10, 11, 12, 14, 15, 18, 19, 20, 21, 22], "neighbors": [8, 17, 6, 10, 18, 36, 1, 9, 29, 33, 20, 22, 32, 34, 14, 15, 21, 25, 31, 4, 5, 12, 16, 30]}, {"capacity": 765, "impossibleCargos": [0, 1, 4, 5, 6, 7, 8, 9, 10, 11, 14, 16, 17, 18, 20, 23, 24], "neighbors": [4, 11, 24, 20, 0, 39, 30, 31, 2, 18, 35, 33, 22, 15]}, {"capacity": 516, "impossibleCargos": [0, 1, 2, 4, 7, 9, 10, 11, 12, 13, 14, 15, 19, 20, 21, 23], "neighbors": [31, 12, 39, 38, 7, 27, 2, 34, 18, 25, 10, 22, 26, 20, 9, 32, 21, 8, 11, 3, 23, 1, 4, 17]}, {"capacity": 643, "impossibleCargos": [0, 1, 2, 3, 4, 5, 6, 7, 8, 9, 11, 12, 15, 16, 18, 20, 21, 22, 24], "neighbors": [35, 7, 37, 13, 23, 32, 18, 15, 31, 6, 38, 28, 2, 12, 20, 21, 0, 34, 39, 27, 9]}, {"capacity": 473, "impossibleCargos": [0, 1, 4, 6, 8, 9, 10, 11, 12, 13, 14, 15, 17, 19, 20, 22, 23, 24], "neighbors": [17, 29, 3, 12, 2, 23, 32, 39, 4, 33, 30, 13, 20, 7, 18, 16, 27, 28, 5, 14, 21, 34, 11]}, {"capacity": 886, "impossibleCargos": [2, 3, 6, 7, 8, 9, 11, 12, 13, 14, 18, 20, 21, 24], "neighbors": [9, 18, 0, 13, 12, 31, 34, 11, 30, 25, 38, 27, 2, 29, 10, 4, 33, 24, 5]}, {"capacity": 903, "impossibleCargos": [0, 1, 2, 3, 4, 5, 7, 8, 9, 10, 11, 12, 14, 16, 17, 18, 19, 20, 21, 22], "neighbors": [13, 31, 19, 27, 9, 22, 37, 4, 2, 15, 26, 39, 10, 34, 20, 36, 17, 32, 7, 28, 38]}, {"capacity": 414, "impossibleCargos": [0, 1, 2, 4, 9, 10, 11, 12, 13, 14, 15, 16, 18, 19, 20, 21, 22, 24], "neighbors": [10, 7, 32, 22, 29, 35, 1, 0, 26, 33, 21, 27, 36, 38, 37, 24, 25, 3, 16, 31, 30, 4, 8]}, {"capacity": 798, "impossibleCargos": [0, 1, 5, 6, 7, 8, 9, 11, 12, 13, 15, 16, 19, 21, 24], "neighbors": [8, 30, 13, 26, 19, 1, 25, 38, 18, 12, 34, 0, 22, 24, 16, 39, 15, 3, 14, 10, 28]}, {"capacity": 996, "impossibleCargos": [0, 1, 2, 4, 5, 6, 7, 8, 9, 10, 11, 12, 13, 14, 15, 16, 17, 18, 19, 20, 21, 22, 24], "neighbors": [14, 13, 1, 3, 6, 22, 37, 27, 38, 2, 21, 26, 39, 7, 8, 15, 23, 34, 33, 12, 25]}, {"capacity": 745, "impossibleCargos": [0, 1, 2, 3, 4, 6, 8, 9, 10, 11, 12, 13, 14, 15, 20, 21], "neighbors": [15, 7, 3, 30, 11, 1, 36, 21, 24, 23, 33, 38, 5, 17, 34, 10, 26, 14, 16, 6, 0, 13]}, {"capacity": 620, "impossibleCargos": [0, 1, 2, 5, 6, 10, 11, 12, 13, 14, 16, 19, 20, 21, 24], "neighbors": [11, 39, 14, 29, 25, 23, 36, 13, 35, 9, 32, 6, 20, 37, 30, 24, 21, 8, 34, 0, 15, 17, 33, 2, 19]}, {"capacity": 914, "impossibleCargos": [0, 2, 4, 5, 7, 8, 9, 10, 11, 12, 13, 15, 17, 20, 24], "neighbors": [18, 15, 38, 5, 29, 21, 31, 13, 36, 12, 1, 28, 35, 33, 3, 30]}]}