{"volumes": [173, 315, 242, 1589, 803, 630, 707, 1209, 0, 772, 162, 879, 697, 1186, 250, 389, 0, 2010, 0, 1216, 994, 885, 1493, 0, 279], "conflicts": [[0, 2], [0, 6], [0, 23], [2, 22], [3, 16], [4, 8], [4, 15], [5, 8], [5, 16], [5, 18], [5, 23], [6, 8], [6, 10], [6, 20], [7, 16], [7, 18], [7, 23], [8, 10], [8, 12], [8, 16], [8, 20], [8, 24], [9, 20], [11, 16], [11, 19], [11, 23], [12, 13], [12, 16], [16, 17], [16, 18], [16, 20], [16, 22], [18, 21], [20, 23], [22, 23]], "tanks": [{"capacity": 958, "impossibleCargos": [0, 2, 4, 5, 6, 7, 9, 10, 11, 12, 14, 16, 18, 19, 20, 21, 22, 23], "neighbors": [3, 6, 2, 26, 23, 8, 33, 10, 20, 1, 13, 4, 32, 9, 12, 39, 14]}, {"capacity": 467, "impossibleCargos": [0, 1, 2, 3, 4, 5, 7, 8, 9, 10, 11, 13, 14, 15, 16, 17, 18, 20, 22, 24], "neighbors": [24, 36, 38, 12, 22, 34, 32, 37, 29, 4, 16, 31, 0, 3, 19, 5, 20, 14, 28]}, {"capacity": 920, "impossibleCargos": [1, 3, 4, 5, 6, 8, 9, 12, 14, 17, 18, 20, 21, 24], "neighbors": [6, 22, 18, 9, 29, 31, 17, 0, 38, 28, 36, 7, 27, 19, 13, 34, 23, 39]}, {"capacity": 925, "impossibleCargos": [1, 2, 4, 5, 7, 8, 10, 12, 13, 16, 17, 18, 19, 20, 23, 24], "neighbors": [39, 11, 0, 36, 35, 8, 38, 17, 21, 18, 1, 31, 12, 13, 14, 23, 37]}, {"capacity": 284, "impossibleCargos": [1, 2, 3, 5, 9, 10, 12, 13, 15, 16, 18, 19, 21, 22], "neighbors": [9, 12, 15, 27, 16, 17, 23, 14, 28, 18, 1, 19, 5, 10, 0, 38, 30, 6, 7, 32, 29, 25, 37]}, {"capacity": 826, "impossibleCargos": [0, 2, 3, 5, 6, 7, 9, 11, 12, 13, 14, 15, 16, 17, 18, 20, 21, 22, 23, 24], "neighbors": [7, 15, 13, 12, 25, 34, 27, 31, 6, 17, 4, 20, 38, 1, 36, 8, 9, 32, 28, 39]}, {"capacity": 298, "impossibleCargos": [0, 1, 3, 4, 5, 6, 7, 9, 10, 11, 12, 13, 16, 17, 18, 20, 21, 23, 24], "neighbors": [23, 30, 2, 0, 33, 7, 14, 15, 20, 19, 16, 37, 36, 34, 5, 12, 4, 24, 9, 10, 17, 13]}, {"capacity": 864, "impossibleCargos": [0, 2, 4, 5, 7, 8, 11, 12, 13, 14, 15, 16, 18, 19, 21, 22, 23, 24], "neighbors": [24, 31, 35, 5, 6, 25, 32, 39, 36, 28, 8, 20, 13, 38, 33, 30, 11, 2, 4, 19, 9, 21]}, {"capacity": 723, "impossibleCargos": [1, 2, 3, 5, 7, 8, 12, 13, 14, 15, 16, 18, 19, 20, 21, 23, 24], "neighbors": [11, 24, 21, 15, 36, 9, 13, 28, 12, 37, 30, 22, 3, 19, 7, 0, 34, 18, 16, 5, 10, 31, 29]}, {"capacity": 371, "impossibleCargos": [0, 2, 5, 6, 7, 8, 12, 14, 15, 16, 17, 18, 19, 22, 23, 24], "neighbors": [4, 15, 2, 8, 29, 27, 20, 23, 30, 16, 21, 0, 5, 24, 33, 7, 6, 22, 39]}, {"capacity": 382, "impossibleCargos": [0, 1, 2, 3, 5, 7, 8, 9, 11, 14, 15, 16, 18, 20, 22, 23, 24], "neighbors": [26, 32, 36, 27, 33, 39, 34, 0, 19, 13, 4, 15, 22, 8, 38, 6]}, {"capacity": 739, "impossibleCargos": [0, 1, 2, 4, 7, 10, 12, 13, 14, 15, 16, 17, 19, 21, 22, 23, 24], "neighbors": [8, 3, 19, 13, 34, 27, 17, 28, 24, 38, 33, 15, 32, 22, 12, 7, 23, 30, 36, 29]}, {"capacity": 359, "impossibleCargos": [3, 4, 6, 7, 8, 9, 10, 14, 15, 16, 18, 19, 20, 22], "neighbors": [25, 4, 33, 31, 24, 23, 8, 5, 1, 34, 18, 28, 11, 6, 3, 17, 26, 0, 38, 32]}, {"capacity": 328, "impossibleCargos": [0, 1, 4, 6, 7, 10, 11, 12, 13, 14, 15, 16, 17, 19, 21, 22, 23, 24], "neighbors": [23, 11, 27, 25, 8, 5, 37, 32, 38, 24, 35, 19, 17, 7, 10, 29, 0, 36, 14, 15, 2, 3, 6]}, {"capacity": 441, "impossibleCargos": [0, 1, 2, 4, 6, 11, 12, 14, 15, 16, 18, 20, 21, 22, 23], "neighbors": [35, 22, 20, 17, 6, 32, 37, 4, 39, 31, 34, 36, 15, 18, 13, 1, 3, 29, 25, 0]}, {"capacity": 956, "impossibleCargos": [0, 2, 3, 4, 5, 7, 8, 10, 11, 12, 13, 14, 15, 18, 19, 20, 22, 23, 24], "neighbors": [39, 18, 30, 34, 4, 35, 9, 8, 5, 6, 33, 36, 11, 16, 14, 26, 10, 13]}, {"capacity": 476, "impossibleCargos": [0, 1, 2, 3, 4, 6, 7, 9, 12, 13, 14, 17, 18, 20, 21, 23, 24], "neighbors": [33, 31, 19, 4, 21, 34, 6, 29, 36, 9, 38, 15, 1, 25, 8, 37, 35, 27, 30, 39]}, {"capacity": 204, "impossibleCargos": [0, 1, 3, 4, 5, 7, 9, 14, 15, 17, 18, 21, 23, 24], "neighbors": [21, 25, 14, 34, 2, 4, 11, 29, 3, 19, 13, 22, 32, 38, 5, 35, 30, 39, 36, 12, 6, 20]}, {"capacity": 539, "impossibleCargos": [0, 1, 3, 4, 5, 6, 8, 9, 12, 16, 17, 18, 20, 21, 23, 24], "neighbors": [28, 15, 2, 26, 27, 33, 34, 12, 4, 3, 14, 8, 29]}, {"capacity": 531, "impossibleCargos": [0, 1, 3, 4, 5, 7, 8, 10, 11, 12, 16, 17, 19, 22, 23, 24], "neighbors": [16, 11, 6, 8, 25, 13, 17, 33, 31, 4, 10, 1, 22, 28, 2, 30, 7, 35, 24]}, {"capacity": 687, "impossibleCargos": [0, 1, 2, 3, 4, 5, 6, 7, 8, 9, 11, 12, 13, 15, 16, 17, 18, 22, 24], "neighbors": [14, 29, 38, 24, 6, 9, 31, 22, 36, 7, 0, 23, 5, 21, 1, 37, 28, 39, 17]}, {"capacity": 626, "impossibleCargos": [0, 1, 2, 4, 6, 7, 8, 9, 10, 11, 13, 14, 16, 17, 18, 19, 21, 22, 24], "neighbors": [17, 23, 8, 38, 30, 29, 33, 16, 35, 3, 9, 20, 26, 28, 27, 7, 37]}, {"capacity": 240, "impossibleCargos": [2, 3, 4, 5, 6, 7, 10, 11, 12, 13, 14, 16, 17, 18, 19, 21, 23, 24], "neighbors": [14, 24, 33, 2, 8, 35, 1, 39, 29, 20, 17, 32, 31, 34, 11, 38, 25, 30, 10, 19, 26, 9, 23]}, {"capacity": 763, "impossibleCargos": [0, 1, 2, 4, 5, 6, 7, 9, 10, 11, 13, 14, 15, 16, 17, 19, 20, 21, 22, 23, 24], "neighbors": [21, 6, 13, 33, 12, 4, 9, 0, 24, 20, 25, 11, 30, 2, 29, 3, 31, 22]}, {"capacity": 325, "impossibleCargos": [2, 3, 5, 6, 7, 8, 10, 12, 13, 14, 16, 17, 18, 19, 20, 21, 22, 24], "neighbors": [31, 8, 22, 34, 1, 7, 20, 12, 13, 11, 33, 30, 35, 23, 25, 26, 36, 9, 19, 6]}, {"capacity": 350, "impossibleCargos": [0, 1, 2, 3, 4, 5, 7, 9, 10, 12, 13, 14, 15, 19, 20, 21, 24], "neighbors": [12, 17, 27, 32, 13, 7, 5, 19, 37, 36, 24, 23, 16, 22, 38, 28, 4, 14]}, {"capacity": 662, "impossibleCargos": [0, 1, 2, 4, 8, 10, 12, 13, 14, 16, 18, 20, 23, 24], "neighbors": [10, 30, 28, 18, 31, 33, 0, 39, 15, 24, 35, 27, 21, 36, 12, 22]}, {"capacity": 263, "impossibleCargos": [0, 1, 4, 6, 10, 11, 12, 14, 15, 16, 18, 19, 21, 22, 23, 24], "neighbors": [32, 4, 25, 13, 11, 9, 18, 10, 38, 5, 26, 29, 2, 39, 16, 21]}, {"capacity": 958, "impossibleCargos": [0, 1, 2, 3, 4, 5, 7, 8, 9, 10, 11, 12, 13, 14, 15, 16, 18, 19, 20, 21, 22, 24], "neighbors": [18, 26, 30, 8, 11, 7, 4, 12, 37, 2, 19, 21, 38, 20, 25, 5, 33, 1, 35]}, {"capacity": 532, "impossibleCargos": [0, 1, 2, 4, 5, 6, 7, 8, 10, 11, 12, 13, 14, 15, 16, 18, 20, 21, 22, 23, 24], "neighbors": [30, 20, 39, 38, 21, 2, 9, 17, 33, 37, 16, 22, 34, 1, 13, 27, 4, 23, 14, 11, 8, 18]}, {"capacity": 748, "impossibleCargos": [1, 2, 4, 6, 7, 9, 10, 11, 13, 14, 15, 16, 18, 21, 22, 23], "neighbors": [29, 26, 6, 32, 15, 28, 21, 8, 9, 24, 33, 7, 17, 22, 4, 11, 16, 19, 38, 23, 37, 31]}, {"capacity": 375, "impossibleCargos": [0, 2, 3, 4, 5, 6, 7, 8, 9, 10, 11, 12, 14, 15, 16, 17, 19, 20, 21, 23], "neighbors": [24, 16, 35, 12, 7, 34, 2, 26, 20, 14, 32, 19, 5, 22, 1, 3, 39, 8, 23, 30]}, {"capacity": 620, "impossibleCargos": [0, 1, 3, 4, 5, 7, 9, 10, 11, 12, 13, 14, 15, 16, 17, 18, 20, 21, 22, 23], "neighbors": [27, 30, 10, 25, 14, 7, 13, 1, 31, 22, 17, 36, 11, 0, 5, 4, 33, 12]}, {"capacity": 424, "impossibleCargos": [0, 1, 6, 8, 9, 10, 15, 16, 18, 19, 20, 21, 22, 23, 24], "neighbors": [16, 37, 22, 12, 6, 23, 21, 15, 26, 18, 29, 10, 24, 11, 19, 0, 36, 7, 30, 32, 9, 28]}, {"capacity": 889, "impossibleCargos": [0, 1, 4, 5, 11, 12, 13, 14, 15, 16, 19, 21, 24], "neighbors": [24, 15, 11, 31, 17, 39, 16, 12, 1, 18, 14, 5, 29, 10, 6, 8, 22, 35, 2, 37]}, {"capacity": 362, "impossibleCargos": [0, 1, 3, 4, 6, 7, 8, 9, 10, 11, 13, 14, 15, 16, 17, 18, 19, 20, 21, 22, 23, 24], "neighbors": [14, 15, 31, 7, 3, 21, 22, 13, 24, 17, 36, 34, 26, 16, 19, 28, 37]}, {"capacity": 878, "impossibleCargos": [0, 1, 2, 5, 6, 11, 13, 15, 16, 19, 21, 23], "neighbors": [3, 1, 10, 8, 7, 15, 20, 16, 6, 33, 25, 14, 32, 13, 35, 2, 24, 5, 17, 26, 11, 39]}, {"capacity": 750, "impossibleCargos": [0, 1, 2, 3, 4, 5, 6, 8, 9, 10, 11, 12, 13, 14, 15, 17, 18, 19, 21, 22, 23, 24], "neighbors": [39, 33, 13, 14, 8, 38, 29, 6, 25, 1, 28, 16, 20, 34, 4, 35, 3, 30, 21]}, {"capacity": 599, "impossibleCargos": [0, 4, 6, 8, 11, 14, 16, 19, 20, 22, 23, 24], "neighbors": [21, 20, 29, 37, 1, 13, 3, 11, 2, 16, 27, 7, 17, 5, 22, 4, 25, 10, 28, 30, 12]}, {"capacity": 942, "impossibleCargos": [2, 5, 7, 9, 10, 11, 12, 15, 16, 18, 19, 20, 21, 22, 23, 24], "neighbors": [37, 3, 15, 29, 7, 34, 14, 22, 26, 10, 27, 17, 31, 20, 2, 16, 0, 5, 9, 36]}]}