{"volumes": [0, 196, 0, 516, 441, 515, 1025, 894, 1966, 933, 1035, 611, 441, 1232, 313, 0, 1300, 519, 346, 1114, 160, 616, 687, 1444, 189], "conflicts": [[0, 5], [0, 6], [0, 14], [0, 17], [0, 19], [0, 20], [0, 23], [0, 24], [1, 2], [1, 4], [1, 14], [1, 17], [1, 20], [2, 5], [2, 6], [2, 7], [2, 9], [2, 11], [2, 12], [2, 13], [2, 15], [2, 16], [2, 18], [2, 19], [2, 20], [2, 21], [2, 22], [2, 23], [3, 7], [3, 11], [4, 7], [4, 14], [4, 15], [4, 18], [4, 22], [6, 15], [6, 18], [6, 21], [6, 22], [7, 15], [7, 21], [8, 15], [10, 22], [11, 15], [11, 17], [12, 22], [12, 24], [13, 15], [14, 15], [14, 17], [14, 21], [14, 24], [15, 19], [15, 21], [15, 24], [17, 21], [17, 24], [18, 20], [19, 22], [20, 22]], "tanks": [{"capacity": 211, "impossibleCargos": [1, 2, 4, 5, 6, 7, 9, 10, 11, 12, 13, 14, 15, 16, 17, 19, 20, 21, 23], "neighbors": [7, 8, 33, 17, 30, 34, 32, 37, 1, 38, 25, 10, 12, 22, 2]}, {"capacity": 581, "impossibleCargos": [1, 2, 3, 5, 6, 7, 8, 9, 11, 13, 14, 15, 16, 18, 19, 20, 21, 22, 23, 24], "neighbors": [13, 9, 7, 37, 16, 6, 33, 34, 31, 35, 2, 39, 0, 5, 27, 11, 25, 32]}, {"capacity": 421, "impossibleCargos": [0, 1, 2, 4, 6, 7, 9, 10, 11, 13, 14, 15, 16, 18, 19, 20, 22, 23], "neighbors": [29, 37, 6, 33, 9, 39, 21, 8, 24, 38, 1, 20, 15, 13, 16, 30, 35, 18, 0, 11, 36]}, {"capacity": 401, "impossibleCargos": [0, 2, 3, 4, 6, 7, 8, 9, 10, 14, 15, 16, 17, 18, 20, 21, 22, 24], "neighbors": [19, 37, 27, 7, 20, 22, 33, 30, 15, 38, 31, 6, 24, 8]}, {"capacity": 517, "impossibleCargos": [0, 1, 2, 3, 4, 5, 6, 7, 8, 9, 10, 12, 13, 14, 15, 16, 18, 23], "neighbors": [37, 31, 12, 34, 25, 29, 16, 21, 26, 15, 5, 11, 35, 9, 20, 28, 22, 38, 36, 17, 8]}, {"capacity": 309, "impossibleCargos": [0, 1, 2, 3, 5, 6, 7, 12, 13, 14, 15, 16, 17, 18, 19, 21, 22, 23], "neighbors": [28, 35, 27, 15, 23, 20, 34, 13, 12, 4, 30, 37, 1, 31, 16, 32, 14, 26, 9]}, {"capacity": 269, "impossibleCargos": [2, 3, 4, 5, 6, 10, 11, 13, 14, 17, 18, 21, 22, 24], "neighbors": [24, 1, 15, 21, 32, 2, 31, 19, 20, 17, 18, 22, 34, 16, 13, 9, 30, 3, 35, 28]}, {"capacity": 483, "impossibleCargos": [0, 2, 3, 4, 5, 7, 8, 9, 12, 13, 14, 15, 16, 17, 18, 19, 20, 21, 22, 24], "neighbors": [15, 0, 1, 39, 20, 33, 16, 3, 34, 19, 13, 24, 30, 17, 26, 12, 37, 11, 25, 10, 21, 36]}, {"capacity": 293, "impossibleCargos": [1, 3, 5, 6, 7, 8, 9, 10, 12, 13, 14, 15, 16, 18, 20, 22, 23], "neighbors": [37, 0, 30, 22, 28, 2, 24, 25, 12, 10, 9, 14, 4, 21, 3]}, {"capacity": 949, "impossibleCargos": [0, 1, 2, 3, 4, 5, 7, 8, 9, 10, 11, 12, 13, 15, 16, 17, 18, 21, 23, 24], "neighbors": [38, 1, 16, 2, 15, 32, 35, 4, 19, 26, 23, 37, 13, 8, 6, 18, 25, 5]}, {"capacity": 914, "impossibleCargos": [0, 2, 3, 7, 8, 9, 11, 12, 13, 14, 15, 17, 19, 21, 22, 23], "neighbors": [21, 25, 32, 36, 38, 11, 22, 14, 34, 15, 29, 16, 13, 8, 0, 17, 7, 23, 28, 30, 24]}, {"capacity": 284, "impossibleCargos": [0, 1, 3, 4, 5, 7, 8, 9, 10, 11, 13, 14, 16, 17, 18, 19, 20, 22], "neighbors": [17, 29, 26, 31, 4, 22, 34, 18, 10, 15, 27, 16, 7, 33, 1, 36, 20, 2, 37]}, {"capacity": 757, "impossibleCargos": [2, 3, 7, 8, 9, 10, 11, 12, 13, 14, 15, 17, 18, 20, 23, 24], "neighbors": [19, 25, 31, 4, 17, 5, 27, 15, 36, 7, 37, 8, 13, 0]}, {"capacity": 674, "impossibleCargos": [0, 1, 2, 3, 5, 6, 8, 10, 11, 15, 16, 18, 19, 20, 21, 22, 24], "neighbors": [1, 20, 24, 7, 5, 38, 32, 14, 37, 29, 30, 28, 18, 19, 2, 25, 9, 10, 12, 15, 6, 35, 31, 17]}, {"capacity": 965, "impossibleCargos": [3, 4, 8, 9, 10, 12, 13, 14, 18, 19, 20, 21, 22, 23, 24], "neighbors": [38, 18, 32, 20, 19, 25, 13, 27, 10, 37, 28, 21, 26, 34, 29, 33, 8, 16, 39, 5, 36]}, {"capacity": 251, "impossibleCargos": [1, 2, 3, 4, 5, 6, 9, 10, 11, 13, 14, 15, 16, 17, 18, 20, 21, 22, 23, 24], "neighbors": [7, 17, 16, 5, 6, 24, 27, 9, 28, 4, 31, 34, 30, 33, 11, 2, 37, 12, 10, 25, 20, 3, 13, 32, 19, 39]}, {"capacity": 326, "impossibleCargos": [0, 1, 3, 4, 5, 8, 10, 11, 12, 13, 14, 15, 16, 17, 18, 19, 20, 22, 24], "neighbors": [15, 1, 39, 17, 7, 23, 9, 37, 4, 29, 36, 25, 11, 24, 2, 6, 22, 30, 10, 32, 14, 5, 21]}, {"capacity": 889, "impossibleCargos": [0, 1, 3, 4, 5, 6, 7, 10, 11, 13, 15, 16, 17, 18, 19, 22, 23], "neighbors": [15, 31, 11, 16, 0, 12, 24, 28, 7, 34, 6, 23, 26, 30, 20, 19, 10, 4, 27, 22, 13, 18, 33]}, {"capacity": 962, "impossibleCargos": [1, 3, 4, 5, 6, 7, 9, 10, 11, 12, 13, 14, 15, 17, 18, 19, 20, 21, 22, 23, 24], "neighbors": [30, 14, 21, 22, 36, 35, 32, 11, 13, 26, 6, 9, 2, 34, 17, 24]}, {"capacity": 709, "impossibleCargos": [1, 3, 5, 6, 7, 8, 9, 12, 14, 15, 18, 19, 21, 22], "neighbors": [12, 39, 3, 38, 37, 14, 7, 6, 21, 9, 29, 27, 13, 31, 24, 26, 17, 15, 36]}, {"capacity": 531, "impossibleCargos": [0, 2, 5, 8, 9, 10, 12, 13, 17, 19, 20, 23, 24], "neighbors": [7, 13, 14, 38, 32, 25, 5, 34, 3, 21, 4, 29, 2, 6, 15, 17, 22, 11, 26, 27]}, {"capacity": 940, "impossibleCargos": [0, 1, 3, 4, 5, 7, 8, 10, 11, 12, 13, 15, 16, 17, 18, 19, 20, 21, 23], "neighbors": [10, 18, 35, 6, 20, 2, 4, 19, 26, 34, 14, 30, 33, 24, 7, 8, 16]}, {"capacity": 677, "impossibleCargos": [0, 2, 3, 4, 5, 6, 7, 9, 10, 11, 12, 13, 14, 17, 18, 19, 20, 22, 23], "neighbors": [18, 8, 3, 31, 11, 23, 37, 32, 10, 35, 26, 6, 30, 16, 4, 20, 28, 25, 17, 0, 36]}, {"capacity": 557, "impossibleCargos": [0, 3, 7, 8, 9, 13, 14, 15, 16, 20, 21, 22, 23, 24], "neighbors": [31, 5, 32, 16, 39, 36, 34, 22, 29, 9, 17, 33, 10, 37, 26]}, {"capacity": 240, "impossibleCargos": [0, 1, 2, 4, 6, 7, 8, 9, 10, 12, 14, 15, 17, 18, 19, 20, 22, 23, 24], "neighbors": [31, 6, 15, 13, 17, 7, 2, 8, 34, 16, 39, 36, 38, 19, 21, 3, 10, 26, 18, 27]}, {"capacity": 302, "impossibleCargos": [1, 2, 3, 4, 5, 6, 8, 9, 10, 11, 12, 13, 14, 16, 17, 21, 22, 23], "neighbors": [26, 12, 36, 38, 30, 10, 4, 37, 31, 20, 14, 16, 39, 27, 13, 8, 15, 7, 32, 0, 22, 9, 33, 1]}, {"capacity": 459, "impossibleCargos": [0, 2, 3, 4, 5, 6, 7, 8, 10, 11, 12, 13, 14, 15, 16, 17, 20, 21, 22, 23], "neighbors": [25, 11, 4, 31, 9, 32, 21, 38, 18, 7, 22, 17, 14, 19, 35, 24, 20, 33, 23, 5]}, {"capacity": 377, "impossibleCargos": [1, 2, 3, 5, 7, 8, 9, 10, 11, 12, 13, 14, 16, 18, 19, 20, 21, 22, 24], "neighbors": [35, 33, 5, 32, 3, 38, 15, 39, 14, 19, 11, 25, 12, 1, 17, 37, 24, 20]}, {"capacity": 281, "impossibleCargos": [0, 1, 2, 4, 5, 6, 7, 8, 9, 10, 12, 13, 14, 15, 16, 17, 19, 20, 21, 23], "neighbors": [5, 39, 36, 30, 37, 15, 8, 17, 29, 13, 14, 4, 22, 10, 6]}, {"capacity": 540, "impossibleCargos": [0, 1, 4, 7, 8, 9, 10, 11, 13, 15, 17, 18, 19, 20, 21, 24], "neighbors": [37, 2, 30, 11, 4, 16, 39, 36, 28, 23, 13, 20, 19, 35, 10, 14, 38]}, {"capacity": 679, "impossibleCargos": [0, 3, 4, 5, 6, 7, 8, 9, 11, 12, 13, 14, 15, 16, 18, 19, 20, 22], "neighbors": [18, 29, 25, 28, 8, 39, 0, 7, 15, 13, 5, 34, 2, 3, 17, 22, 16, 21, 35, 6, 10]}, {"capacity": 931, "impossibleCargos": [1, 3, 4, 5, 6, 7, 8, 9, 10, 12, 14, 15, 17, 19, 20, 23, 24], "neighbors": [24, 12, 4, 17, 23, 25, 34, 1, 6, 11, 22, 39, 26, 15, 36, 19, 3, 13, 5, 35]}, {"capacity": 211, "impossibleCargos": [0, 1, 2, 3, 4, 5, 6, 7, 8, 9, 10, 11, 13, 14, 15, 16, 17, 18, 20, 21, 23, 24], "neighbors": [37, 14, 10, 23, 27, 6, 20, 9, 34, 13, 18, 22, 26, 33, 0, 25, 38, 16, 15, 5, 1, 35]}, {"capacity": 537, "impossibleCargos": [0, 1, 2, 3, 5, 6, 7, 9, 10, 13, 14, 16, 18, 20, 21, 22], "neighbors": [27, 7, 36, 0, 1, 2, 3, 15, 32, 14, 11, 21, 23, 34, 35, 25, 17, 26]}, {"capacity": 505, "impossibleCargos": [0, 1, 2, 3, 4, 5, 6, 7, 8, 10, 12, 13, 14, 16, 17, 19, 20, 21, 23, 24], "neighbors": [4, 1, 31, 20, 7, 23, 5, 32, 11, 15, 24, 21, 0, 10, 35, 17, 30, 37, 6, 14, 33, 18]}, {"capacity": 285, "impossibleCargos": [5, 8, 9, 10, 11, 13, 15, 16, 19, 20, 21, 22, 23, 24], "neighbors": [27, 5, 39, 21, 1, 9, 4, 18, 29, 22, 34, 2, 26, 30, 36, 13, 33, 6, 38, 31, 32]}, {"capacity": 775, "impossibleCargos": [0, 2, 4, 6, 9, 10, 11, 12, 13, 15, 16, 17, 18, 19, 20, 21, 22, 23, 24], "neighbors": [25, 28, 33, 10, 23, 18, 16, 29, 31, 12, 24, 4, 35, 22, 11, 7, 2, 19, 14]}, {"capacity": 881, "impossibleCargos": [1, 7, 8, 9, 10, 11, 12, 13, 14, 15, 17, 18, 20, 22, 23, 24], "neighbors": [29, 32, 4, 8, 2, 1, 28, 19, 25, 3, 16, 13, 22, 14, 15, 34, 5, 0, 9, 12, 7, 23, 11, 27, 39]}, {"capacity": 998, "impossibleCargos": [0, 1, 2, 4, 5, 7, 9, 11, 12, 15, 16, 18, 19, 21, 22, 23], "neighbors": [9, 14, 25, 39, 19, 20, 27, 10, 13, 2, 26, 24, 0, 4, 32, 3, 35, 29]}, {"capacity": 412, "impossibleCargos": [0, 3, 4, 5, 6, 8, 9, 12, 13, 14, 15, 17, 18, 20, 22, 23, 24], "neighbors": [28, 35, 19, 7, 38, 16, 23, 27, 2, 30, 29, 31, 1, 25, 24, 14, 15, 37]}]}