{"volumes": [538, 377, 2503, 0, 709, 1806, 410, 836, 0, 0, 486, 832, 415, 0, 596, 0, 2306, 295, 1006, 444, 374, 1873, 752, 1433, 0], "conflicts": [[0, 3], [0, 8], [0, 11], [0, 15], [0, 22], [1, 6], [1, 9], [1, 13], [1, 15], [2, 3], [2, 8], [3, 6], [3, 9], [3, 12], [3, 13], [3, 17], [3, 18], [3, 21], [3, 22], [3, 23], [3, 24], [4, 13], [4, 24], [5, 8], [5, 9], [6, 9], [6, 13], [6, 24], [7, 9], [7, 15], [8, 10], [8, 11], [8, 12], [8, 13], [8, 14], [8, 17], [8, 18], [8, 19], [8, 21], [8, 22], [8, 23], [8, 24], [9, 10], [9, 14], [9, 15], [9, 17], [9, 18], [9, 19], [9, 20], [9, 21], [9, 22], [10, 13], [10, 15], [10, 22], [11, 15], [11, 22], [12, 13], [12, 14], [12, 19], [12, 24], [13, 15], [13, 17], [13, 20], [13, 22], [14, 19], [15, 17], [15, 18], [15, 19], [15, 23], [16, 24], [17, 24], [18, 22], [18, 24], [22, 24], [23, 24]], "tanks": [{"capacity": 679, "impossibleCargos": [0, 1, 6, 8, 10, 12, 13, 14, 16, 17, 18, 20, 21, 22, 23, 24], "neighbors": [38, 34, 31, 1, 4, 27, 12, 39, 36, 13, 35, 19, 3, 24, 9, 33, 18, 29, 8, 16, 25, 11, 5]}, {"capacity": 381, "impossibleCargos": [0, 2, 3, 4, 7, 8, 11, 12, 13, 14, 16, 17, 18, 19, 22], "neighbors": [18, 9, 31, 5, 0, 3, 10, 15, 11, 30, 27, 32, 24, 25, 33, 14, 37, 6, 13, 21, 2, 23, 17, 39]}, {"capacity": 676, "impossibleCargos": [1, 2, 3, 4, 6, 7, 8, 10, 13, 14, 15, 18, 20, 21, 22, 23, 24], "neighbors": [6, 34, 32, 11, 24, 5, 14, 39, 3, 31, 33, 26, 18, 1, 20, 37, 4, 35, 16, 36, 29, 17, 25]}, {"capacity": 984, "impossibleCargos": [2, 3, 4, 5, 6, 7, 10, 11, 12, 13, 19, 20, 23], "neighbors": [19, 38, 31, 28, 24, 1, 9, 10, 34, 5, 25, 2, 0, 7, 36, 20, 6, 29, 26, 37, 11, 39, 30]}, {"capacity": 350, "impossibleCargos": [0, 1, 2, 3, 4, 6, 7, 8, 9, 12, 15, 16, 17, 19, 20, 22, 23, 24], "neighbors": [15, 28, 0, 14, 25, 27, 31, 13, 24, 11, 37, 20, 26, 32, 22, 34, 33, 16, 29, 2, 9]}, {"capacity": 523, "impossibleCargos": [0, 1, 3, 4, 5, 6, 7, 9, 10, 11, 13, 14, 15, 16, 18, 19, 20, 22, 23], "neighbors": [27, 21, 1, 37, 6, 2, 8, 9, 22, 3, 31, 28, 29, 30, 16, 7, 35, 0, 24, 15, 32, 14]}, {"capacity": 392, "impossibleCargos": [0, 1, 4, 5, 6, 7, 8, 9, 11, 12, 13, 15, 18, 19, 20, 21, 22], "neighbors": [2, 33, 25, 15, 9, 5, 18, 10, 11, 38, 29, 8, 1, 3, 14, 39, 23, 7, 22, 17, 36, 35]}, {"capacity": 595, "impossibleCargos": [0, 2, 3, 4, 6, 7, 8, 9, 12, 16, 17, 19, 20, 21, 22, 23], "neighbors": [36, 39, 8, 27, 3, 33, 34, 16, 9, 6, 25, 5, 21, 37, 14]}, {"capacity": 850, "impossibleCargos": [0, 1, 2, 4, 5, 6, 8, 10, 11, 12, 13, 14, 15, 16, 18, 19, 20, 21, 24], "neighbors": [33, 9, 12, 10, 13, 24, 7, 5, 23, 35, 38, 27, 37, 20, 29, 14, 6, 32, 0, 19, 34]}, {"capacity": 870, "impossibleCargos": [0, 3, 4, 5, 7, 8, 9, 13, 14, 17, 18, 19, 20, 21, 22, 23, 24], "neighbors": [1, 8, 10, 36, 3, 32, 14, 6, 5, 19, 30, 38, 20, 21, 31, 0, 15, 7, 22, 16, 17, 4]}, {"capacity": 334, "impossibleCargos": [1, 2, 3, 4, 5, 9, 11, 12, 13, 14, 15, 18, 19, 20, 22, 23, 24], "neighbors": [38, 23, 26, 9, 1, 8, 27, 6, 11, 15, 3, 25, 34, 18, 37, 22, 13, 28, 20]}, {"capacity": 958, "impossibleCargos": [0, 2, 3, 4, 5, 6, 7, 8, 9, 10, 11, 12, 13, 16, 17, 19, 20, 22, 24], "neighbors": [35, 37, 21, 2, 1, 10, 6, 4, 19, 32, 17, 13, 26, 14, 25, 12, 0, 18, 39, 3, 27]}, {"capacity": 851, "impossibleCargos": [0, 4, 6, 7, 9, 12, 13, 15, 16, 18, 19, 20, 21, 24], "neighbors": [31, 13, 8, 0, 24, 20, 32, 16, 18, 11, 23, 39, 15, 36, 17]}, {"capacity": 650, "impossibleCargos": [1, 3, 5, 6, 7, 8, 9, 13, 14, 15, 16, 19, 21, 22, 23, 24], "neighbors": [12, 27, 16, 8, 15, 0, 18, 35, 4, 39, 11, 1, 10, 19, 31, 22, 14]}, {"capacity": 448, "impossibleCargos": [0, 1, 2, 4, 5, 7, 10, 13, 15, 16, 17, 18, 19, 23, 24], "neighbors": [23, 19, 4, 9, 27, 2, 24, 39, 38, 36, 8, 1, 25, 31, 15, 6, 11, 30, 34, 35, 7, 13, 5]}, {"capacity": 359, "impossibleCargos": [1, 2, 4, 5, 6, 7, 8, 10, 11, 12, 13, 15, 16, 17, 18, 19, 20, 21, 22, 23, 24], "neighbors": [4, 1, 35, 6, 13, 17, 10, 30, 32, 9, 20, 28, 14, 24, 37, 12, 21, 5, 16]}, {"capacity": 285, "impossibleCargos": [1, 2, 3, 6, 8, 10, 11, 13, 14, 15, 17, 18, 19, 20, 21, 24], "neighbors": [18, 13, 24, 25, 38, 32, 12, 7, 21, 37, 19, 33, 0, 9, 5, 4, 28, 23, 30, 2, 15]}, {"capacity": 993, "impossibleCargos": [0, 1, 2, 3, 4, 5, 6, 7, 8, 10, 11, 13, 16, 17, 19, 20, 21, 22, 23, 24], "neighbors": [36, 15, 34, 39, 27, 11, 19, 22, 35, 9, 1, 12, 6, 2, 31]}, {"capacity": 530, "impossibleCargos": [0, 4, 5, 6, 8, 9, 10, 11, 12, 13, 14, 15, 16, 17, 18, 20, 21, 22, 23, 24], "neighbors": [1, 16, 31, 6, 30, 28, 13, 39, 12, 26, 10, 2, 0, 24, 25, 37, 11, 34, 23]}, {"capacity": 541, "impossibleCargos": [0, 1, 2, 3, 4, 5, 6, 8, 9, 11, 12, 13, 14, 15, 16, 18, 20, 21, 22, 23, 24], "neighbors": [3, 14, 35, 9, 36, 0, 23, 27, 31, 11, 37, 22, 21, 29, 16, 30, 17, 25, 8, 13, 32, 33]}, {"capacity": 620, "impossibleCargos": [1, 4, 5, 7, 8, 10, 11, 13, 14, 15, 16, 17, 18, 19, 20, 21, 22, 24], "neighbors": [22, 21, 29, 12, 39, 9, 8, 4, 15, 34, 37, 3, 2, 26, 10]}, {"capacity": 439, "impossibleCargos": [1, 2, 3, 4, 5, 7, 8, 9, 10, 12, 13, 14, 16, 17, 19, 23, 24], "neighbors": [31, 37, 11, 20, 5, 32, 26, 30, 9, 39, 16, 33, 19, 1, 15, 7, 28]}, {"capacity": 711, "impossibleCargos": [0, 2, 3, 4, 5, 7, 8, 9, 10, 12, 13, 14, 15, 17, 18, 19, 20, 22, 23, 24], "neighbors": [20, 26, 5, 23, 29, 28, 19, 4, 9, 10, 27, 17, 13, 6, 39, 24]}, {"capacity": 243, "impossibleCargos": [0, 1, 2, 4, 5, 6, 8, 12, 14, 15, 17, 18, 19, 20, 21, 23, 24], "neighbors": [14, 10, 38, 32, 8, 22, 19, 39, 35, 36, 25, 28, 6, 1, 12, 34, 16, 18]}, {"capacity": 842, "impossibleCargos": [0, 3, 4, 5, 6, 8, 9, 10, 12, 13, 14, 15, 18, 20, 21, 22, 24], "neighbors": [25, 3, 2, 26, 12, 16, 8, 14, 1, 4, 28, 39, 34, 0, 27, 15, 36, 31, 18, 5, 22]}, {"capacity": 482, "impossibleCargos": [0, 1, 2, 3, 4, 6, 10, 12, 13, 14, 15, 16, 17, 18, 19, 20, 21, 22, 23, 24], "neighbors": [24, 6, 39, 28, 4, 32, 10, 3, 16, 37, 1, 14, 23, 19, 11, 36, 18, 7, 0, 38, 26, 2]}, {"capacity": 844, "impossibleCargos": [0, 2, 3, 4, 5, 6, 7, 8, 9, 10, 11, 12, 14, 15, 18, 19, 20, 21, 23, 24], "neighbors": [10, 37, 22, 21, 24, 28, 31, 4, 33, 18, 30, 11, 2, 3, 20, 34, 29, 25, 36]}, {"capacity": 795, "impossibleCargos": [0, 1, 2, 3, 6, 7, 8, 10, 11, 12, 13, 16, 18, 20, 21, 22, 24], "neighbors": [5, 13, 0, 14, 10, 1, 4, 8, 19, 35, 7, 17, 30, 24, 34, 22, 32, 11]}, {"capacity": 333, "impossibleCargos": [0, 1, 2, 3, 4, 5, 6, 8, 10, 11, 12, 13, 15, 16, 17, 18, 19, 20, 21, 22, 23, 24], "neighbors": [4, 3, 29, 25, 26, 18, 35, 31, 5, 32, 38, 30, 24, 22, 15, 23, 10, 37, 16, 21]}, {"capacity": 930, "impossibleCargos": [1, 2, 3, 4, 5, 6, 7, 8, 9, 10, 12, 13, 17, 19, 20, 21, 23, 24], "neighbors": [20, 28, 8, 6, 22, 5, 19, 30, 0, 3, 39, 4, 2, 26, 31]}, {"capacity": 325, "impossibleCargos": [0, 1, 3, 4, 6, 7, 8, 9, 10, 11, 12, 13, 15, 16, 17, 19, 20, 22, 23, 24], "neighbors": [1, 37, 18, 9, 39, 21, 28, 15, 27, 5, 26, 19, 29, 35, 14, 34, 16, 3, 38]}, {"capacity": 800, "impossibleCargos": [1, 4, 7, 8, 10, 11, 12, 14, 15, 16, 17, 18, 20, 21, 22, 23, 24], "neighbors": [21, 1, 12, 3, 0, 18, 32, 5, 4, 28, 2, 19, 26, 9, 14, 38, 39, 37, 24, 13, 36, 29, 17]}, {"capacity": 805, "impossibleCargos": [0, 1, 5, 8, 10, 15, 16, 17, 18, 19, 20, 21], "neighbors": [2, 21, 23, 9, 25, 38, 12, 36, 1, 31, 28, 16, 11, 4, 15, 33, 8, 19, 35, 27, 5]}, {"capacity": 752, "impossibleCargos": [0, 2, 3, 4, 5, 6, 7, 8, 10, 11, 13, 14, 16, 17, 20, 21, 22, 23, 24], "neighbors": [6, 8, 38, 1, 7, 2, 26, 35, 21, 32, 16, 0, 4, 19]}, {"capacity": 597, "impossibleCargos": [0, 1, 3, 5, 6, 7, 8, 9, 10, 11, 12, 14, 15, 16, 20, 21], "neighbors": [2, 0, 3, 10, 39, 17, 7, 24, 20, 35, 4, 27, 30, 26, 23, 8, 18, 14]}, {"capacity": 257, "impossibleCargos": [0, 1, 2, 5, 6, 7, 10, 11, 12, 13, 14, 15, 16, 19, 22, 23, 24], "neighbors": [11, 15, 19, 8, 0, 28, 27, 13, 23, 33, 30, 34, 17, 32, 37, 5, 2, 14, 6]}, {"capacity": 990, "impossibleCargos": [0, 1, 2, 3, 7, 8, 10, 11, 12, 13, 14, 15, 16, 17, 18, 19, 20, 21, 22, 23, 24], "neighbors": [17, 7, 9, 0, 32, 19, 14, 39, 3, 23, 24, 25, 31, 12, 2, 6, 26]}, {"capacity": 725, "impossibleCargos": [1, 3, 4, 5, 7, 9, 10, 12, 13, 14, 15, 16, 17, 19, 20, 22], "neighbors": [21, 11, 26, 5, 30, 8, 25, 4, 19, 39, 16, 1, 20, 10, 31, 15, 18, 28, 2, 35, 3, 7]}, {"capacity": 326, "impossibleCargos": [0, 1, 3, 4, 6, 7, 10, 11, 13, 14, 15, 17, 18, 20, 24], "neighbors": [0, 10, 3, 23, 33, 32, 8, 9, 16, 14, 6, 28, 31, 25, 30]}, {"capacity": 800, "impossibleCargos": [0, 2, 3, 4, 5, 6, 7, 8, 9, 10, 11, 12, 13, 14, 17, 18, 19, 20, 21, 22, 23, 24], "neighbors": [25, 7, 0, 20, 2, 30, 14, 18, 23, 34, 36, 17, 21, 13, 24, 37, 31, 6, 29, 11, 12, 1, 22, 3]}]}