{"volumes": [192, 280, 201, 230, 440, 222, 234, 207, 288, 0, 1433, 201, 467, 542, 252, 266, 187, 202, 942, 494, 281, 0, 425, 442, 677], "conflicts": [[0, 2], [0, 5], [0, 21], [1, 23], [2, 8], [2, 12], [2, 13], [2, 19], [3, 11], [3, 18], [4, 9], [4, 21], [5, 6], [5, 19], [5, 20], [5, 24], [6, 7], [6, 9], [6, 12], [6, 14], [6, 17], [7, 21], [7, 24], [8, 12], [8, 14], [8, 21], [9, 17], [9, 20], [9, 22], [9, 23], [10, 14], [11, 14], [12, 14], [12, 16], [12, 22], [13, 15], [13, 17], [14, 15], [14, 21], [14, 22], [15, 17], [15, 21], [16, 20], [20, 24], [21, 22], [21, 23]], "tanks": [{"capacity": 298, "impossibleCargos": [1, 3, 5, 6, 19], "neighbors": [1, 19, 33, 10, 37, 5, 8, 22, 20, 21]}, {"capacity": 230, "impossibleCargos": [6, 8, 12, 16, 17, 23], "neighbors": [0, 7, 38, 26, 35, 22, 36, 31, 23, 37, 11, 9]}, {"capacity": 256, "impossibleCargos": [0, 4, 13, 17, 20, 22], "neighbors": [18, 23, 25, 37, 31, 35, 30, 15]}, {"capacity": 220, "impossibleCargos": [1, 18, 19], "neighbors": [22, 28, 21, 8, 38, 33, 25, 16, 10, 18, 30]}, {"capacity": 223, "impossibleCargos": [5, 6, 12, 21], "neighbors": [39, 26, 34, 7, 15, 28, 20, 14, 19, 18]}, {"capacity": 270, "impossibleCargos": [0, 2, 4, 6, 12, 13, 15, 16, 24], "neighbors": [7, 35, 33, 23, 21, 0, 15, 17, 39, 20, 13]}, {"capacity": 267, "impossibleCargos": [5, 6, 11, 13, 15, 24], "neighbors": [22, 8, 36, 25, 16, 23, 35, 32, 14, 20, 19]}, {"capacity": 269, "impossibleCargos": [3, 4, 5, 14, 18, 21, 23], "neighbors": [5, 29, 1, 23, 26, 4, 37, 19]}, {"capacity": 235, "impossibleCargos": [7, 11, 22, 24], "neighbors": [3, 17, 12, 6, 0, 22, 38]}, {"capacity": 272, "impossibleCargos": [5, 16, 17, 19], "neighbors": [39, 30, 25, 1]}, {"capacity": 252, "impossibleCargos": [4, 7, 8, 22, 23], "neighbors": [36, 28, 0, 16, 26, 35, 33, 22, 29, 3]}, {"capacity": 209, "impossibleCargos": [2, 7, 11, 13, 16, 18, 20], "neighbors": [21, 17, 32, 1]}, {"capacity": 263, "impossibleCargos": [0, 2, 4, 7, 11, 19, 21, 22, 24], "neighbors": [15, 8, 18, 37, 20, 31, 33, 27, 14, 13]}, {"capacity": 220, "impossibleCargos": [3, 4, 7, 19, 23, 24], "neighbors": [30, 31, 29, 21, 33, 28, 5, 32, 12, 22]}, {"capacity": 264, "impossibleCargos": [1, 2, 3, 8, 22, 23], "neighbors": [18, 36, 22, 4, 6, 12]}, {"capacity": 251, "impossibleCargos": [5, 7, 8, 9, 16, 20, 23], "neighbors": [12, 34, 4, 5, 27, 37, 2, 16, 33]}, {"capacity": 207, "impossibleCargos": [1, 3, 11, 12, 13, 21], "neighbors": [36, 10, 17, 28, 22, 6, 3, 26, 21, 15]}, {"capacity": 238, "impossibleCargos": [1, 4, 5, 7, 8, 9, 10, 11, 18, 24], "neighbors": [8, 23, 11, 25, 37, 16, 38, 5, 19]}, {"capacity": 272, "impossibleCargos": [3, 5, 13, 14, 19, 20, 21, 24], "neighbors": [26, 30, 2, 19, 12, 35, 34, 14, 29, 31, 3, 4]}, {"capacity": 245, "impossibleCargos": [12, 13, 15, 17], "neighbors": [0, 18, 25, 37, 31, 23, 33, 4, 22, 7, 6, 17]}, {"capacity": 202, "impossibleCargos": [1, 6, 7, 15, 16, 20], "neighbors": [30, 33, 12, 4, 0, 5, 6]}, {"capacity": 208, "impossibleCargos": [13, 16], "neighbors": [3, 36, 11, 23, 5, 34, 25, 35, 13, 27, 16, 33, 0, 22]}, {"capacity": 242, "impossibleCargos": [5, 19], "neighbors": [3, 6, 1, 25, 36, 24, 16, 27, 10, 31, 34, 0, 14, 8, 32, 29, 19, 13, 21]}, {"capacity": 292, "impossibleCargos": [0, 6, 7, 11, 21, 23], "neighbors": [29, 7, 17, 2, 21, 1, 5, 30, 6, 36, 19, 39]}, {"capacity": 210, "impossibleCargos": [5, 12, 13, 20, 21], "neighbors": [27, 22, 39, 26]}, {"capacity": 256, "impossibleCargos": [2, 12], "neighbors": [35, 17, 19, 22, 27, 6, 2, 9, 21, 3, 33, 32]}, {"capacity": 276, "impossibleCargos": [8, 11, 13, 18, 22], "neighbors": [18, 4, 1, 28, 7, 10, 38, 16, 24, 31]}, {"capacity": 207, "impossibleCargos": [0, 1, 7, 10, 12, 18, 23, 24], "neighbors": [24, 25, 22, 39, 15, 28, 12, 21]}, {"capacity": 221, "impossibleCargos": [3, 10, 12, 13, 15, 16, 17], "neighbors": [39, 3, 10, 26, 16, 4, 36, 27, 13, 37]}, {"capacity": 241, "impossibleCargos": [2, 4, 12, 14, 15], "neighbors": [7, 35, 23, 18, 13, 10, 22, 32]}, {"capacity": 240, "impossibleCargos": [0, 6, 9, 10, 11, 19, 21, 23], "neighbors": [18, 13, 38, 20, 37, 35, 9, 23, 2, 3]}, {"capacity": 261, "impossibleCargos": [4, 6, 14, 15], "neighbors": [13, 1, 39, 12, 19, 18, 22, 2, 37, 26, 38]}, {"capacity": 251, "impossibleCargos": [4, 7, 14, 15, 16, 21, 23], "neighbors": [11, 6, 22, 25, 38, 13, 29]}, {"capacity": 293, "impossibleCargos": [6, 7, 10, 11, 13], "neighbors": [0, 20, 5, 3, 35, 10, 19, 25, 13, 34, 12, 21, 36, 15]}, {"capacity": 225, "impossibleCargos": [7, 17, 21], "neighbors": [4, 15, 18, 21, 22, 33, 39]}, {"capacity": 270, "impossibleCargos": [0, 1, 9, 11, 21, 22], "neighbors": [29, 5, 25, 1, 18, 30, 10, 33, 6, 21, 2, 38]}, {"capacity": 208, "impossibleCargos": [14, 16, 22], "neighbors": [16, 10, 21, 22, 1, 6, 14, 23, 28, 38, 33]}, {"capacity": 261, "impossibleCargos": [0, 1, 6, 9, 20], "neighbors": [30, 0, 12, 17, 19, 1, 7, 2, 31, 15, 28]}, {"capacity": 260, "impossibleCargos": [3, 7, 18, 22, 23], "neighbors": [1, 30, 3, 17, 26, 36, 8, 32, 35, 31]}, {"capacity": 289, "impossibleCargos": [0, 1, 6, 7, 12, 18, 19, 23], "neighbors": [28, 9, 4, 31, 27, 24, 5, 23, 34]}]}