{"volumes": [455, 495, 0, 274, 498, 231, 450, 215, 0, 676, 0, 270, 198, 406, 676, 482, 781, 484, 0, 198, 843, 218, 265, 478, 490], "conflicts": [[0, 1], [0, 2], [0, 9], [0, 10], [0, 19], [0, 24], [1, 2], [1, 3], [1, 8], [1, 10], [1, 14], [1, 18], [1, 21], [1, 22], [2, 3], [2, 4], [2, 5], [2, 6], [2, 7], [2, 8], [2, 9], [2, 12], [2, 14], [2, 16], [2, 17], [2, 19], [2, 20], [2, 22], [2, 24], [3, 4], [3, 5], [3, 7], [3, 8], [3, 9], [3, 12], [3, 13], [3, 16], [3, 18], [3, 24], [4, 6], [4, 7], [4, 15], [4, 18], [4, 23], [5, 6], [5, 8], [5, 13], [5, 21], [5, 22], [5, 23], [6, 10], [6, 13], [6, 16], [6, 17], [6, 21], [6, 22], [7, 10], [7, 16], [7, 17], [7, 19], [7, 23], [8, 10], [8, 11], [8, 13], [8, 14], [8, 15], [8, 18], [8, 19], [8, 22], [10, 11], [10, 13], [10, 16], [10, 17], [10, 18], [10, 21], [10, 23], [10, 24], [11, 13], [11, 18], [11, 20], [11, 21], [11, 23], [12, 13], [12, 14], [12, 16], [12, 19], [12, 21], [12, 23], [13, 18], [13, 19], [13, 21], [13, 22], [13, 23], [14, 18], [15, 18], [17, 18], [17, 19], [18, 21], [18, 22], [19, 21], [19, 24], [20, 21]], "tanks": [{"capacity": 285, "impossibleCargos": [7, 10, 23, 24], "neighbors": [7, 32, 10, 28, 30, 20, 8, 37, 3, 14, 38]}, {"capacity": 212, "impossibleCargos": [2, 10, 12, 14, 15, 19], "neighbors": [25, 17, 2, 21, 6, 35, 18, 33, 30]}, {"capacity": 276, "impossibleCargos": [12, 18, 20], "neighbors": [25, 19, 36, 1, 17, 22, 7, 14, 23, 29]}, {"capacity": 295, "impossibleCargos": [6, 7, 9, 13], "neighbors": [13, 32, 25, 31, 33, 16, 36, 0, 26]}, {"capacity": 210, "impossibleCargos": [1, 7, 10, 19, 21], "neighbors": [10, 39, 6, 31, 8, 19, 11, 36, 13, 30, 5, 12, 23, 16, 17]}, {"capacity": 259, "impossibleCargos": [5, 7, 10, 11, 16, 23], "neighbors": [26, 23, 39, 4, 30, 7]}, {"capacity": 287, "impossibleCargos": [4, 8, 17, 19], "neighbors": [4, 38, 32, 16, 25, 37, 11, 29, 17, 1, 8, 9, 24]}, {"capacity": 232, "impossibleCargos": [2, 3, 7, 13, 19, 20], "neighbors": [17, 0, 22, 30, 16, 33, 2, 9, 14, 5]}, {"capacity": 296, "impossibleCargos": [11, 20, 23], "neighbors": [4, 34, 24, 0, 18, 6, 12]}, {"capacity": 261, "impossibleCargos": [7, 8, 14, 15, 17, 18, 19, 23], "neighbors": [29, 12, 35, 20, 31, 37, 38, 33, 21, 7, 6, 14]}, {"capacity": 220, "impossibleCargos": [0, 5, 6, 7, 10, 12, 13, 17, 20, 22], "neighbors": [4, 18, 26, 0, 33, 25, 19, 15, 21]}, {"capacity": 245, "impossibleCargos": [1, 5, 13, 18, 23], "neighbors": [29, 4, 33, 13, 6, 27, 18, 36, 34]}, {"capacity": 203, "impossibleCargos": [0, 14, 15, 17], "neighbors": [28, 9, 22, 21, 33, 36, 39, 32, 34, 4, 18, 8]}, {"capacity": 213, "impossibleCargos": [4, 10, 13, 17, 18, 20, 22], "neighbors": [3, 4, 11, 25, 17, 26, 29, 20, 36, 35, 21]}, {"capacity": 248, "impossibleCargos": [8, 13, 16, 19, 21, 23], "neighbors": [23, 35, 24, 2, 18, 34, 0, 9, 7]}, {"capacity": 246, "impossibleCargos": [0, 2, 8, 9, 10, 14, 15, 16, 20, 21, 22, 24], "neighbors": [26, 30, 29, 24, 10, 16, 23]}, {"capacity": 223, "impossibleCargos": [2, 4, 8, 10, 12, 16, 17], "neighbors": [22, 6, 33, 24, 7, 3, 26, 15, 4, 36]}, {"capacity": 201, "impossibleCargos": [5, 6, 7, 8, 17, 23], "neighbors": [7, 1, 24, 2, 13, 6, 39, 4, 20]}, {"capacity": 224, "impossibleCargos": [6, 7, 8, 14, 15, 17, 18, 20], "neighbors": [10, 21, 11, 8, 27, 14, 26, 1, 12]}, {"capacity": 272, "impossibleCargos": [3, 5, 8, 10, 20, 23], "neighbors": [2, 25, 4, 38, 29, 23, 27, 10]}, {"capacity": 271, "impossibleCargos": [6, 9, 14, 19, 21, 24], "neighbors": [24, 9, 29, 13, 0, 26, 39, 21, 33, 17]}, {"capacity": 254, "impossibleCargos": [18, 21, 23], "neighbors": [12, 1, 18, 39, 9, 32, 20, 10, 13]}, {"capacity": 282, "impossibleCargos": [6, 15, 17, 19], "neighbors": [12, 7, 30, 16, 2, 27, 26, 28]}, {"capacity": 258, "impossibleCargos": [1, 2, 5, 7, 10, 11, 15], "neighbors": [30, 33, 14, 38, 5, 27, 24, 19, 31, 34, 26, 2, 15, 4, 35]}, {"capacity": 244, "impossibleCargos": [0, 7, 12, 14], "neighbors": [20, 17, 16, 14, 23, 8, 26, 35, 15, 31, 25, 28, 6]}, {"capacity": 232, "impossibleCargos": [1, 2, 5, 13, 16, 18], "neighbors": [1, 2, 19, 3, 6, 13, 37, 10, 33, 26, 27, 24]}, {"capacity": 252, "impossibleCargos": [7, 8, 11, 24], "neighbors": [15, 5, 10, 13, 24, 27, 22, 16, 20, 25, 23, 31, 18, 33, 3]}, {"capacity": 238, "impossibleCargos": [0, 3, 6, 10, 11, 18, 22], "neighbors": [23, 35, 11, 26, 22, 19, 18, 25]}, {"capacity": 218, "impossibleCargos": [6, 9, 10, 11, 13, 16, 21], "neighbors": [12, 36, 35, 0, 34, 39, 22, 24]}, {"capacity": 271, "impossibleCargos": [0, 4, 5, 7, 8, 13, 19, 20, 22, 23], "neighbors": [9, 11, 20, 15, 13, 19, 6, 39, 2]}, {"capacity": 242, "impossibleCargos": [1, 2, 9, 10, 12, 15, 19, 21], "neighbors": [23, 31, 22, 7, 15, 4, 0, 5, 1]}, {"capacity": 263, "impossibleCargos": [3, 5], "neighbors": [4, 30, 34, 3, 9, 23, 26, 39, 24]}, {"capacity": 203, "impossibleCargos": [3, 5, 6, 8, 9, 13, 15, 20, 22, 24], "neighbors": [3, 6, 0, 34, 12, 21]}, {"capacity": 212, "impossibleCargos": [2, 3, 5, 6, 7, 16, 20, 21, 24], "neighbors": [23, 16, 11, 38, 12, 10, 3, 25, 7, 9, 20, 26, 1]}, {"capacity": 236, "impossibleCargos": [1, 2, 6, 16, 19, 22], "neighbors": [31, 32, 8, 28, 23, 12, 14, 11, 37]}, {"capacity": 238, "impossibleCargos": [1, 3, 12, 14, 21, 24], "neighbors": [9, 14, 28, 27, 24, 13, 1, 36, 23]}, {"capacity": 246, "impossibleCargos": [1, 3, 4, 5, 12, 16, 17, 19, 24], "neighbors": [2, 28, 4, 11, 12, 3, 13, 35, 38, 16]}, {"capacity": 241, "impossibleCargos": [1, 9, 17, 20, 21, 24], "neighbors": [9, 6, 25, 0, 34]}, {"capacity": 226, "impossibleCargos": [1, 3, 8, 10, 13, 18, 21], "neighbors": [6, 19, 23, 39, 33, 9, 0, 36]}, {"capacity": 267, "impossibleCargos": [4, 8, 10, 12, 14, 20, 23], "neighbors": [4, 38, 5, 12, 17, 21, 20, 29, 28, 31]}]}