{"volumes": [517, 274, 927, 279, 273, 729, 248, 497, 256, 0, 0, 678, 930, 488, 205, 194, 273, 459, 289, 458, 258, 0, 271, 462, 475], "conflicts": [[0, 3], [0, 4], [0, 8], [0, 9], [0, 10], [0, 13], [0, 15], [0, 18], [0, 20], [0, 21], [0, 24], [1, 3], [1, 4], [1, 5], [1, 6], [1, 7], [1, 8], [1, 9], [1, 10], [1, 12], [1, 15], [1, 16], [1, 18], [1, 21], [1, 23], [1, 24], [2, 9], [2, 10], [2, 13], [3, 7], [3, 8], [3, 9], [3, 10], [3, 11], [3, 13], [3, 14], [3, 15], [3, 17], [3, 20], [3, 22], [4, 6], [4, 8], [4, 9], [4, 13], [4, 14], [4, 16], [4, 18], [4, 19], [5, 6], [5, 9], [5, 10], [5, 23], [6, 7], [6, 11], [6, 16], [6, 18], [6, 20], [6, 21], [6, 22], [7, 9], [7, 10], [7, 17], [7, 19], [7, 20], [7, 21], [7, 23], [8, 9], [8, 10], [8, 14], [8, 15], [8, 19], [8, 21], [8, 22], [8, 24], [9, 11], [9, 13], [9, 14], [9, 15], [9, 16], [9, 17], [9, 18], [9, 19], [9, 21], [9, 22], [9, 23], [9, 24], [10, 13], [10, 15], [10, 16], [10, 18], [10, 19], [10, 20], [10, 21], [10, 23], [11, 14], [11, 15], [11, 17], [11, 20], [11, 21], [12, 21], [13, 14], [13, 16], [13, 17], [13, 18], [13, 24], [14, 17], [14, 18], [14, 20], [14, 21], [14, 22], [14, 24], [15, 18], [15, 19], [15, 20], [15, 21], [15, 22], [15, 23], [16, 17], [16, 18], [16, 19], [16, 21], [17, 20], [17, 21], [17, 22], [17, 23], [17, 24], [18, 21], [18, 22], [18, 24], [19, 20], [19, 21], [19, 22], [19, 23], [20, 21], [21, 23], [21, 24], [22, 23], [22, 24]], "tanks": [{"capacity": 215, "impossibleCargos": [0, 3, 12, 20, 21, 23], "neighbors": [14, 32, 17, 5, 39, 11, 7, 37, 25, 16, 12]}, {"capacity": 295, "impossibleCargos": [10, 14], "neighbors": [18, 29, 15, 14, 39, 8, 19, 24, 2]}, {"capacity": 233, "impossibleCargos": [1, 10, 12, 13, 15, 17, 18], "neighbors": [12, 8, 37, 3, 18, 23, 28, 33, 27, 26, 1, 4]}, {"capacity": 286, "impossibleCargos": [3, 5, 12, 15, 18, 21, 24], "neighbors": [33, 18, 2, 21, 36, 31]}, {"capacity": 259, "impossibleCargos": [6, 7, 11, 12, 17, 22, 23], "neighbors": [28, 38, 27, 7, 34, 30, 10, 17, 5, 2]}, {"capacity": 284, "impossibleCargos": [1, 10, 11, 14, 16, 19, 21], "neighbors": [7, 34, 11, 37, 0, 16, 18, 28, 25, 29, 4]}, {"capacity": 231, "impossibleCargos": [3, 22, 24], "neighbors": [8, 29, 37, 15, 14, 24, 9, 26, 25, 11, 31]}, {"capacity": 257, "impossibleCargos": [2, 9, 10, 17, 22, 23], "neighbors": [5, 11, 10, 19, 38, 4, 15, 34, 31, 0]}, {"capacity": 283, "impossibleCargos": [4, 15, 16, 18, 20, 21], "neighbors": [20, 2, 6, 39, 28, 17, 32, 16, 9, 1, 14]}, {"capacity": 244, "impossibleCargos": [1, 6, 8, 11, 14, 15, 16, 19, 22, 24], "neighbors": [39, 16, 21, 24, 6, 12, 8]}, {"capacity": 270, "impossibleCargos": [6, 10, 19, 20, 22], "neighbors": [7, 29, 23, 30, 4, 12]}, {"capacity": 236, "impossibleCargos": [16], "neighbors": [37, 25, 7, 18, 5, 30, 34, 35, 36, 33, 20, 0, 6, 39, 22]}, {"capacity": 260, "impossibleCargos": [1, 7, 9, 14, 18, 23], "neighbors": [2, 16, 25, 33, 37, 9, 19, 29, 0, 10]}, {"capacity": 240, "impossibleCargos": [0, 1, 2, 4, 5, 10, 16], "neighbors": [20, 30, 15, 37, 39]}, {"capacity": 283, "impossibleCargos": [2, 3, 6, 17, 19], "neighbors": [30, 33, 38, 0, 34, 24, 1, 32, 6, 29, 27, 22, 15, 8]}, {"capacity": 202, "impossibleCargos": [3, 7, 9, 18, 23], "neighbors": [13, 25, 7, 1, 6, 35, 34, 32, 14, 28]}, {"capacity": 229, "impossibleCargos": [4, 7, 17, 18, 21], "neighbors": [19, 12, 9, 5, 26, 38, 8, 24, 27, 23, 0]}, {"capacity": 253, "impossibleCargos": [1, 3, 7, 8, 11, 15, 18, 23], "neighbors": [31, 37, 8, 0, 30, 29, 35, 32, 4, 24]}, {"capacity": 248, "impossibleCargos": [4, 5, 7, 8, 14, 18, 21], "neighbors": [1, 3, 11, 21, 2, 5, 28, 23, 26]}, {"capacity": 213, "impossibleCargos": [1, 9, 13, 20, 21, 22], "neighbors": [16, 39, 28, 7, 30, 37, 35, 38, 12, 33, 1]}, {"capacity": 298, "impossibleCargos": [7, 13, 15, 22], "neighbors": [13, 8, 28, 31, 11, 37, 29]}, {"capacity": 288, "impossibleCargos": [3, 5, 6, 7, 10, 12, 15, 18], "neighbors": [28, 26, 18, 9, 3, 27, 22]}, {"capacity": 281, "impossibleCargos": [2, 9, 15, 16, 20, 21], "neighbors": [33, 31, 14, 21, 32, 23, 11]}, {"capacity": 232, "impossibleCargos": [3, 7, 9, 10, 13, 16, 18, 22, 24], "neighbors": [35, 10, 27, 2, 16, 36, 18, 22]}, {"capacity": 272, "impossibleCargos": [2, 3, 6, 12, 14, 22], "neighbors": [14, 9, 29, 6, 16, 35, 17, 1]}, {"capacity": 241, "impossibleCargos": [2, 20], "neighbors": [30, 11, 31, 15, 12, 28, 5, 6, 39, 0, 29]}, {"capacity": 267, "impossibleCargos": [3, 5, 7, 12, 13, 19, 20, 23], "neighbors": [21, 39, 16, 6, 36, 2, 32, 18]}, {"capacity": 203, "impossibleCargos": [0, 3, 7, 20, 21, 23, 24], "neighbors": [4, 32, 23, 21, 14, 16, 2]}, {"capacity": 239, "impossibleCargos": [2, 8, 15, 18, 20, 23], "neighbors": [4, 21, 19, 8, 30, 20, 25, 38, 36, 5, 2, 18, 39, 33, 15, 37]}, {"capacity": 279, "impossibleCargos": [5, 6, 16, 18, 22], "neighbors": [1, 6, 37, 10, 17, 14, 24, 35, 30, 5, 12, 20, 25]}, {"capacity": 224, "impossibleCargos": [2, 4, 23], "neighbors": [14, 13, 25, 19, 38, 36, 17, 28, 4, 11, 10, 29]}, {"capacity": 206, "impossibleCargos": [0, 8, 10, 16, 18, 20, 21], "neighbors": [17, 25, 20, 7, 22, 3, 6]}, {"capacity": 245, "impossibleCargos": [13, 19, 21], "neighbors": [0, 27, 8, 14, 33, 17, 39, 22, 15, 36, 26]}, {"capacity": 223, "impossibleCargos": [1, 5, 7, 12, 13, 20], "neighbors": [3, 14, 12, 32, 22, 11, 2, 28, 19]}, {"capacity": 275, "impossibleCargos": [0, 1, 15, 19, 20, 21, 24], "neighbors": [5, 14, 4, 11, 7, 15, 37, 39]}, {"capacity": 257, "impossibleCargos": [1, 2, 4, 9, 10, 11, 17, 21, 22, 23], "neighbors": [23, 36, 19, 11, 17, 29, 15, 24]}, {"capacity": 247, "impossibleCargos": [0, 1, 2, 3, 7, 8, 12, 14, 16, 24], "neighbors": [30, 35, 3, 11, 28, 23, 26, 32]}, {"capacity": 257, "impossibleCargos": [7, 18, 19, 20], "neighbors": [11, 17, 6, 29, 19, 5, 2, 12, 13, 20, 0, 34, 28, 38]}, {"capacity": 265, "impossibleCargos": [0, 3, 9, 11, 14, 16, 19], "neighbors": [4, 14, 7, 30, 39, 19, 28, 16, 37]}, {"capacity": 285, "impossibleCargos": [0, 1, 8, 9, 12, 16, 22], "neighbors": [9, 19, 8, 38, 26, 0, 32, 1, 25, 28, 11, 13, 34]}]}