{"volumes": [232, 982, 456, 0, 394, 468, 510, 1012, 263, 884, 277, 0, 505, 289, 0, 0, 195, 486, 230, 478, 281, 270, 527, 243, 514], "conflicts": [[0, 7], [0, 10], [0, 15], [0, 21], [1, 11], [1, 14], [1, 15], [1, 16], [2, 10], [2, 18], [3, 10], [3, 14], [4, 5], [4, 6], [4, 14], [4, 15], [4, 22], [6, 7], [6, 12], [6, 14], [6, 21], [7, 13], [7, 21], [8, 16], [8, 17], [8, 21], [9, 11], [9, 19], [10, 18], [10, 21], [11, 13], [11, 16], [11, 19], [11, 20], [11, 21], [11, 24], [12, 23], [13, 16], [13, 18], [14, 19], [14, 20], [15, 20], [17, 23], [20, 23]], "tanks": [{"capacity": 225, "impossibleCargos": [0, 1, 3, 5, 9, 10, 11, 12, 14, 15, 18, 19, 21, 22, 23], "neighbors": [6, 12, 35, 23, 34, 11, 14, 31, 36, 4]}, {"capacity": 240, "impossibleCargos": [0, 3, 5, 6, 7, 10, 15, 16, 17, 18, 19, 20, 24], "neighbors": [36, 12, 23, 13, 5, 18, 19, 8, 35]}, {"capacity": 223, "impossibleCargos": [5, 6, 8, 13, 14, 15, 20, 21, 22], "neighbors": [14, 24, 16, 21, 31, 34, 10, 39, 5, 12, 9]}, {"capacity": 239, "impossibleCargos": [1, 4, 6, 8, 9, 10, 13, 14, 17, 20, 21, 22], "neighbors": [31, 12, 17, 13, 5, 11, 23, 22, 25]}, {"capacity": 288, "impossibleCargos": [2, 3, 4, 7, 8, 10, 11, 14, 17, 20, 21, 22], "neighbors": [27, 12, 18, 25, 8, 35, 38, 33, 26, 28, 0]}, {"capacity": 251, "impossibleCargos": [0, 2, 6, 7, 8, 9, 10, 11, 12, 16, 17, 18, 20, 24], "neighbors": [31, 3, 24, 36, 21, 19, 8, 32, 14, 2, 1, 23]}, {"capacity": 240, "impossibleCargos": [1, 3, 4, 5, 6, 8, 11, 12, 13, 14, 20, 21, 22, 24], "neighbors": [23, 17, 0, 9, 20, 35, 28, 38, 7, 10]}, {"capacity": 235, "impossibleCargos": [4, 7, 8, 11, 14, 15, 19, 20, 22], "neighbors": [36, 24, 15, 11, 18, 17, 9, 28, 34, 6]}, {"capacity": 297, "impossibleCargos": [1, 2, 3, 7, 9, 10, 11, 14, 15, 16, 17, 18, 19, 20, 23, 24], "neighbors": [29, 20, 16, 10, 35, 4, 5, 30, 1]}, {"capacity": 285, "impossibleCargos": [0, 1, 3, 5, 6, 7, 8, 9, 12, 14, 16, 17, 19, 20, 22], "neighbors": [18, 29, 6, 7, 23, 26, 16, 13, 2]}, {"capacity": 214, "impossibleCargos": [1, 3, 4, 5, 6, 8, 10, 12, 14, 15, 17, 19, 20, 22, 24], "neighbors": [18, 8, 32, 26, 13, 2, 21, 16, 6, 11, 17]}, {"capacity": 286, "impossibleCargos": [0, 6, 7, 10, 23], "neighbors": [7, 37, 13, 32, 3, 19, 29, 15, 0, 23, 10]}, {"capacity": 261, "impossibleCargos": [1, 3, 4, 5, 8, 10, 16, 19, 21, 23], "neighbors": [3, 32, 4, 1, 38, 15, 22, 35, 0, 34, 18, 2]}, {"capacity": 275, "impossibleCargos": [0, 6, 8, 12, 13, 15, 16, 17, 19, 20, 22, 23], "neighbors": [35, 3, 11, 27, 10, 26, 1, 17, 9]}, {"capacity": 220, "impossibleCargos": [1, 2, 3, 6, 7, 8, 10, 13, 14, 16, 17, 18, 20, 22, 24], "neighbors": [2, 20, 18, 39, 19, 36, 24, 5, 0, 34]}, {"capacity": 280, "impossibleCargos": [1, 6, 9, 11, 12, 13, 15, 16, 17, 18, 19, 20, 23, 24], "neighbors": [12, 7, 39, 25, 28, 20, 11]}, {"capacity": 243, "impossibleCargos": [0, 2, 3, 6, 8, 11, 13, 24], "neighbors": [39, 2, 8, 32, 30, 29, 36, 10, 9]}, {"capacity": 248, "impossibleCargos": [0, 9, 11, 14, 15, 16, 19, 22, 24], "neighbors": [25, 34, 3, 6, 7, 38, 13, 36, 10]}, {"capacity": 273, "impossibleCargos": [2, 6, 7, 11, 13, 14, 15, 16, 18, 19, 21, 23, 24], "neighbors": [10, 30, 4, 20, 9, 14, 36, 7, 33, 27, 39, 1, 12, 29]}, {"capacity": 244, "impossibleCargos": [3, 4, 5, 10, 11, 12, 13, 15, 17, 19, 23, 24], "neighbors": [30, 14, 5, 11, 1]}, {"capacity": 297, "impossibleCargos": [2, 3, 5, 6, 12, 14, 16, 17, 20, 21, 23, 24], "neighbors": [23, 18, 8, 14, 33, 22, 27, 15, 6, 28]}, {"capacity": 218, "impossibleCargos": [0, 5, 6, 8, 11, 12, 13, 15, 17, 19], "neighbors": [37, 2, 26, 5, 36, 39, 10, 22, 29, 23, 24]}, {"capacity": 284, "impossibleCargos": [0, 1, 3, 4, 5, 6, 9, 10, 13, 16, 17, 18, 20, 21], "neighbors": [34, 39, 20, 12, 37, 21, 3]}, {"capacity": 291, "impossibleCargos": [3, 5, 7, 8, 9, 11, 14, 16, 18, 22, 23], "neighbors": [6, 20, 1, 39, 9, 32, 29, 0, 3, 21, 11, 5]}, {"capacity": 279, "impossibleCargos": [0, 1, 3, 5, 11, 13, 16, 17, 18, 20, 21, 23, 24], "neighbors": [38, 2, 37, 7, 5, 34, 14, 21]}, {"capacity": 266, "impossibleCargos": [0, 4, 6, 7, 10, 16, 18, 19, 20, 21, 23], "neighbors": [17, 30, 4, 36, 15, 32, 26, 3]}, {"capacity": 268, "impossibleCargos": [4, 6, 10, 11, 13, 16, 18, 20, 22], "neighbors": [39, 21, 30, 10, 25, 13, 28, 4, 9]}, {"capacity": 256, "impossibleCargos": [1, 2, 3, 4, 5, 7, 8, 13, 16, 17, 18, 19, 21, 23, 24], "neighbors": [4, 13, 20, 34, 18]}, {"capacity": 224, "impossibleCargos": [0, 2, 3, 5, 10, 11, 15, 16, 17, 23, 24], "neighbors": [30, 35, 31, 32, 7, 15, 26, 6, 20, 39, 4]}, {"capacity": 255, "impossibleCargos": [2, 5, 6, 7, 8, 9, 10, 12, 14, 15, 21, 22], "neighbors": [31, 8, 9, 16, 23, 34, 21, 11, 18, 35]}, {"capacity": 285, "impossibleCargos": [1, 3, 4, 5, 6, 7, 10, 11, 14, 15, 16, 17, 18, 20, 21, 22, 23, 24], "neighbors": [28, 18, 25, 35, 19, 26, 16, 32, 8, 38]}, {"capacity": 264, "impossibleCargos": [0, 4, 5, 7, 8, 11, 13, 16, 17, 19, 20, 21, 22, 23, 24], "neighbors": [3, 29, 5, 34, 28, 2, 33, 0]}, {"capacity": 290, "impossibleCargos": [2, 3, 5, 7, 9, 12, 13, 15, 17, 18, 20, 22, 24], "neighbors": [12, 16, 28, 10, 11, 25, 23, 5, 30, 34]}, {"capacity": 200, "impossibleCargos": [0, 3, 5, 6, 7, 8, 11, 13, 14, 15, 18, 20, 21, 23, 24], "neighbors": [20, 37, 18, 31, 4]}, {"capacity": 294, "impossibleCargos": [0, 2, 4, 6, 8, 9, 11, 13, 14, 15, 16, 18, 20, 21, 23], "neighbors": [17, 31, 22, 2, 24, 27, 12, 29, 7, 0, 37, 32, 14, 35]}, {"capacity": 217, "impossibleCargos": [0, 1, 4, 6, 10, 13, 16, 17, 18, 19, 21, 22, 24], "neighbors": [28, 13, 30, 38, 37, 12, 8, 4, 0, 6, 34, 29, 1]}, {"capacity": 237, "impossibleCargos": [0, 5, 6, 8, 9, 11, 12, 13, 14, 15, 16, 19, 20, 21, 22, 24], "neighbors": [7, 1, 37, 25, 39, 18, 14, 38, 5, 21, 16, 0, 17]}, {"capacity": 210, "impossibleCargos": [2, 9, 10, 11, 12, 13, 15, 16, 17, 19, 21, 22, 23], "neighbors": [36, 21, 24, 38, 11, 33, 35, 22, 34]}, {"capacity": 256, "impossibleCargos": [2, 5, 6, 8, 9, 13, 14, 18, 19, 20], "neighbors": [24, 12, 37, 35, 36, 4, 17, 6, 30]}, {"capacity": 280, "impossibleCargos": [0, 2, 4, 6, 7, 8, 12, 17, 19, 21, 22], "neighbors": [16, 26, 36, 14, 15, 22, 23, 21, 2, 18, 28]}]}