{"volumes": [191, 0, 498, 461, 0, 430, 719, 434, 0, 770, 505, 218, 203, 822, 406, 541, 250, 910, 0, 728, 281, 0, 253, 400, 0], "conflicts": [[0, 3], [0, 5], [0, 17], [0, 18], [0, 21], [1, 3], [1, 5], [1, 7], [1, 12], [1, 17], [1, 20], [1, 23], [1, 24], [2, 18], [3, 4], [3, 24], [4, 5], [4, 6], [4, 10], [4, 11], [4, 15], [4, 16], [4, 21], [5, 24], [6, 14], [6, 18], [8, 12], [8, 14], [8, 24], [10, 11], [10, 16], [10, 21], [10, 24], [11, 12], [11, 14], [11, 18], [12, 16], [12, 21], [13, 20], [14, 20], [14, 21], [15, 18], [15, 20], [16, 23], [18, 22], [21, 22], [21, 23]], "tanks": [{"capacity": 241, "impossibleCargos": [5, 6, 7, 8, 13, 19], "neighbors": [11, 26, 39, 4, 10, 37, 28, 22, 23, 20, 16]}, {"capacity": 239, "impossibleCargos": [1, 2, 3, 4, 5, 7, 8, 10, 11, 13, 15, 16, 20, 21, 22, 23], "neighbors": [32, 29, 23, 28, 21, 6, 19, 34]}, {"capacity": 206, "impossibleCargos": [0, 1, 3, 4, 6, 12, 13, 14, 19, 22], "neighbors": [16, 12, 6, 3, 22, 14, 7, 19, 21, 32]}, {"capacity": 206, "impossibleCargos": [0, 2, 3, 6, 7, 9, 10, 12, 15, 18, 19, 22], "neighbors": [38, 25, 35, 4, 20, 39, 33, 2, 36, 7]}, {"capacity": 261, "impossibleCargos": [1, 2, 3, 4, 11, 12, 15, 17, 21], "neighbors": [37, 39, 19, 7, 13, 27, 18, 0, 3, 14, 20, 32]}, {"capacity": 235, "impossibleCargos": [0, 1, 2, 3, 5, 6, 9, 10, 13, 15, 17, 18, 19, 20, 23, 24], "neighbors": [39, 34, 35, 13, 17, 16, 7]}, {"capacity": 261, "impossibleCargos": [0, 3, 5, 7, 10, 11, 12, 14, 17, 21, 22, 23], "neighbors": [38, 34, 32, 27, 28, 19, 9, 1, 2]}, {"capacity": 221, "impossibleCargos": [0, 3, 7, 9, 10, 11, 12, 16, 17, 20, 24], "neighbors": [38, 4, 18, 35, 25, 23, 39, 2, 3, 5, 28, 13]}, {"capacity": 201, "impossibleCargos": [0, 2, 4, 9, 10, 12, 13, 15, 18, 19, 21, 23, 24], "neighbors": [18, 36, 17, 19, 29]}, {"capacity": 273, "impossibleCargos": [3, 5, 6, 7, 8, 9, 10, 16, 17, 21, 23, 24], "neighbors": [36, 19, 34, 23, 6, 17, 27, 32]}, {"capacity": 200, "impossibleCargos": [0, 2, 7, 8, 10, 12, 14, 16, 17, 18, 19, 21], "neighbors": [22, 30, 0, 15, 17, 13, 12, 37]}, {"capacity": 217, "impossibleCargos": [1, 2, 3, 5, 6, 7, 8, 9, 10, 13, 14, 17, 18, 20, 21], "neighbors": [0, 38, 39, 31, 16, 35, 26, 27, 33]}, {"capacity": 286, "impossibleCargos": [1, 6, 11, 12, 13, 15, 16, 17, 19], "neighbors": [18, 30, 31, 21, 28, 35, 2, 27, 10]}, {"capacity": 289, "impossibleCargos": [0, 3, 4, 5, 6, 7, 10, 11, 12, 16, 17, 19, 21, 22], "neighbors": [4, 26, 5, 31, 15, 39, 10, 7, 16]}, {"capacity": 203, "impossibleCargos": [1, 5, 7, 8, 10, 11, 13, 16, 17, 20, 22, 23], "neighbors": [31, 28, 36, 4, 22, 20, 2, 18, 23]}, {"capacity": 236, "impossibleCargos": [1, 6, 10, 13, 15, 17, 19, 21, 24], "neighbors": [32, 10, 29, 30, 13, 18]}, {"capacity": 247, "impossibleCargos": [0, 1, 2, 3, 5, 7, 8, 11, 14, 16, 18, 23, 24], "neighbors": [37, 35, 18, 23, 25, 22, 11, 2, 5, 17, 0, 27, 13]}, {"capacity": 230, "impossibleCargos": [4, 6, 7, 9, 10, 22, 24], "neighbors": [38, 39, 18, 5, 8, 16, 10, 28, 27, 9, 21]}, {"capacity": 208, "impossibleCargos": [0, 8, 9, 18, 19, 20, 22], "neighbors": [32, 16, 12, 7, 35, 4, 38, 8, 17, 15, 14]}, {"capacity": 267, "impossibleCargos": [1, 3, 4, 5, 7, 9, 11, 12, 13, 16, 17, 20, 21, 22], "neighbors": [9, 4, 6, 25, 30, 1, 8, 21, 28, 31, 2, 36, 29]}, {"capacity": 279, "impossibleCargos": [1, 2, 3, 8, 10, 11, 12, 14, 16, 17, 21, 22, 24], "neighbors": [35, 32, 26, 3, 29, 33, 28, 14, 34, 0, 36, 4, 31, 27]}, {"capacity": 299, "impossibleCargos": [0, 2, 4, 10, 12, 15, 16, 18, 19, 20, 22, 24], "neighbors": [36, 23, 30, 1, 39, 12, 19, 2, 25, 17]}, {"capacity": 248, "impossibleCargos": [3, 5, 10, 11, 14, 15, 16, 17, 18, 19, 22, 23, 24], "neighbors": [36, 10, 16, 0, 14, 2, 27]}, {"capacity": 285, "impossibleCargos": [4, 6, 8, 10, 11, 14, 23], "neighbors": [21, 16, 1, 37, 24, 38, 35, 9, 0, 7, 32, 29, 14, 27]}, {"capacity": 250, "impossibleCargos": [0, 3, 6, 7, 8, 12, 18, 19, 22], "neighbors": [23]}, {"capacity": 231, "impossibleCargos": [4, 8, 9, 10, 11, 12, 19, 20, 21, 22, 23, 24], "neighbors": [3, 16, 19, 7, 39, 21]}, {"capacity": 278, "impossibleCargos": [2, 3, 9, 11, 13, 14, 18, 19, 21, 22, 24], "neighbors": [0, 13, 27, 20, 31, 34, 38, 11, 30]}, {"capacity": 200, "impossibleCargos": [0, 5, 7, 8, 10, 13, 14, 15, 16, 18, 21], "neighbors": [6, 4, 26, 34, 32, 17, 16, 30, 9, 12, 23, 11, 20, 22]}, {"capacity": 271, "impossibleCargos": [1, 2, 4, 5, 6, 9, 11, 12, 18, 19], "neighbors": [30, 6, 33, 31, 14, 1, 29, 0, 12, 20, 19, 17, 7]}, {"capacity": 251, "impossibleCargos": [0, 1, 3, 5, 7, 8, 9, 11, 12, 13, 14, 15, 19, 20, 21], "neighbors": [1, 20, 28, 15, 37, 35, 23, 8, 19]}, {"capacity": 209, "impossibleCargos": [0, 1, 2, 5, 7, 8, 9, 10, 14, 15, 16, 17, 19, 21, 24], "neighbors": [38, 33, 21, 10, 28, 12, 19, 15, 27, 26]}, {"capacity": 278, "impossibleCargos": [0, 5, 6, 7, 8, 9, 12, 15, 16, 18, 19, 22, 24], "neighbors": [14, 33, 11, 28, 12, 26, 13, 19, 20]}, {"capacity": 294, "impossibleCargos": [0, 1, 4, 5, 11, 12, 13, 15, 16, 17, 21, 24], "neighbors": [18, 1, 15, 20, 6, 33, 23, 27, 4, 2, 9]}, {"capacity": 224, "impossibleCargos": [0, 3, 6, 7, 9, 12, 14, 21, 22, 23, 24], "neighbors": [32, 30, 31, 28, 37, 34, 20, 3, 11]}, {"capacity": 234, "impossibleCargos": [0, 2, 4, 5, 8, 9, 10, 12, 16, 17], "neighbors": [38, 6, 5, 9, 33, 27, 26, 37, 20, 1]}, {"capacity": 211, "impossibleCargos": [3, 4, 7, 12, 13, 14, 17, 19, 21, 23], "neighbors": [20, 16, 36, 18, 5, 3, 7, 11, 23, 12, 29]}, {"capacity": 223, "impossibleCargos": [1, 2, 4, 5, 7, 8, 9, 10, 11, 12, 16, 18, 20], "neighbors": [21, 9, 22, 35, 39, 38, 8, 14, 20, 3, 19]}, {"capacity": 277, "impossibleCargos": [2, 6, 7, 9, 10, 14, 17, 19, 20, 22], "neighbors": [4, 16, 23, 33, 0, 29, 34, 10]}, {"capacity": 268, "impossibleCargos": [0, 3, 5, 7, 8, 10, 11, 12, 13, 15, 16, 17, 19, 20, 21, 22, 24], "neighbors": [7, 34, 6, 30, 11, 17, 3, 39, 18, 36, 23, 26]}, {"capacity": 300, "impossibleCargos": [0, 1, 2, 3, 5, 6, 8, 10, 12, 15, 18, 20], "neighbors": [0, 5, 4, 38, 11, 17, 36, 21, 3, 7, 13, 25]}]}