{"volumes": [899, 211, 0, 221, 206, 987, 198, 242, 268, 714, 212, 0, 208, 438, 0, 951, 421, 273, 0, 0, 518, 211, 968, 481, 520], "conflicts": [[1, 2], [1, 6], [1, 17], [1, 19], [1, 21], [2, 3], [2, 4], [2, 6], [2, 7], [2, 8], [2, 11], [2, 12], [2, 13], [2, 18], [2, 23], [2, 24], [3, 6], [3, 8], [3, 11], [3, 13], [3, 17], [3, 20], [3, 22], [3, 24], [4, 10], [4, 16], [4, 20], [5, 11], [5, 19], [6, 8], [7, 11], [7, 14], [8, 9], [8, 13], [8, 14], [8, 15], [9, 10], [9, 18], [9, 21], [10, 11], [10, 22], [11, 16], [11, 18], [11, 20], [12, 14], [12, 16], [12, 18], [13, 17], [13, 19], [14, 18], [14, 21], [14, 23], [15, 18], [15, 21], [16, 19], [16, 20], [17, 19], [19, 21]], "tanks": [{"capacity": 225, "impossibleCargos": [0, 1, 2, 3, 4, 5, 6, 7, 8, 9, 10, 11, 12, 13, 16, 17, 19, 20, 24], "neighbors": [8, 2, 29, 3, 15, 33, 27, 1, 39, 14]}, {"capacity": 237, "impossibleCargos": [0, 2, 3, 4, 5, 6, 8, 9, 10, 11, 13, 16, 17, 18, 19, 20, 22, 23, 24], "neighbors": [16, 33, 31, 27, 4, 36, 12, 7, 0, 8, 29, 18, 26]}, {"capacity": 256, "impossibleCargos": [0, 1, 2, 4, 5, 6, 8, 11, 13, 14, 15, 16, 17, 18, 19, 20, 22, 24], "neighbors": [10, 16, 0, 20, 8, 26, 3, 24, 32, 35, 17, 37, 31, 22, 13]}, {"capacity": 216, "impossibleCargos": [2, 3, 4, 6, 7, 8, 9, 10, 11, 12, 15, 17, 18, 19, 20, 21, 22, 24], "neighbors": [10, 0, 2, 16, 18, 13, 14, 20]}, {"capacity": 274, "impossibleCargos": [4, 6, 8, 9, 10, 11, 12, 13, 14, 15, 16, 17, 19, 20, 21, 24], "neighbors": [27, 33, 5, 23, 8, 15, 1, 28, 26]}, {"capacity": 269, "impossibleCargos": [0, 1, 2, 3, 4, 5, 6, 7, 9, 10, 11, 13, 16, 17, 18, 21, 22, 23, 24], "neighbors": [6, 4, 37, 28]}, {"capacity": 230, "impossibleCargos": [0, 3, 4, 6, 7, 8, 9, 12, 13, 14, 16, 17, 19, 20, 21, 22, 24], "neighbors": [22, 5, 24, 34, 30, 15, 18]}, {"capacity": 276, "impossibleCargos": [0, 1, 3, 4, 5, 6, 7, 9, 10, 12, 13, 14, 15, 16, 19, 21, 24], "neighbors": [25, 34, 19, 35, 16, 30, 1, 11, 29, 15]}, {"capacity": 210, "impossibleCargos": [0, 1, 2, 3, 4, 7, 8, 10, 12, 13, 15, 16, 17, 19, 20, 21, 22, 24], "neighbors": [0, 24, 9, 11, 2, 16, 4, 36, 39, 28, 1, 14, 26]}, {"capacity": 269, "impossibleCargos": [0, 1, 2, 3, 4, 5, 6, 7, 9, 11, 12, 14, 15, 16, 17, 18, 21, 22, 23], "neighbors": [26, 8, 10, 28, 12, 18, 11, 20]}, {"capacity": 260, "impossibleCargos": [1, 4, 5, 7, 8, 9, 10, 12, 13, 14, 15, 17, 21, 22, 23], "neighbors": [39, 34, 2, 38, 3, 9, 33, 28, 12, 19]}, {"capacity": 252, "impossibleCargos": [1, 2, 3, 4, 5, 6, 7, 8, 9, 10, 11, 14, 19, 20, 21, 24], "neighbors": [37, 8, 14, 38, 32, 35, 7, 9]}, {"capacity": 206, "impossibleCargos": [2, 7, 8, 10, 11, 13, 14, 15, 16, 17, 18, 20, 21, 22], "neighbors": [15, 27, 19, 1, 24, 28, 9, 21, 37, 10, 18]}, {"capacity": 234, "impossibleCargos": [0, 1, 2, 5, 6, 7, 8, 9, 10, 11, 12, 14, 15, 17, 18, 19, 20, 21, 22, 24], "neighbors": [27, 36, 26, 17, 33, 19, 3, 31, 39, 35, 2]}, {"capacity": 299, "impossibleCargos": [0, 1, 4, 5, 8, 10, 11, 13, 14, 16, 17, 18, 19, 22, 23], "neighbors": [11, 27, 8, 33, 18, 0, 35, 39, 37, 3]}, {"capacity": 208, "impossibleCargos": [0, 2, 4, 5, 6, 7, 9, 10, 11, 12, 16, 17, 18, 19, 21, 24], "neighbors": [12, 32, 20, 4, 0, 6, 23, 7, 28]}, {"capacity": 252, "impossibleCargos": [0, 1, 6, 7, 8, 10, 11, 12, 14, 15, 17, 19, 20, 21, 22, 23, 24], "neighbors": [21, 1, 2, 36, 8, 28, 7, 37, 3, 38, 30, 32, 24]}, {"capacity": 240, "impossibleCargos": [2, 3, 4, 5, 7, 9, 10, 11, 12, 13, 14, 17, 18, 20, 22, 23, 24], "neighbors": [25, 21, 13, 36, 28, 24, 18, 20, 22, 2]}, {"capacity": 235, "impossibleCargos": [0, 2, 3, 5, 6, 7, 8, 9, 10, 12, 13, 14, 15, 16, 17, 18, 19, 20, 21, 22, 24], "neighbors": [17, 3, 6, 14, 25, 9, 27, 1, 12, 22, 28]}, {"capacity": 228, "impossibleCargos": [0, 1, 2, 3, 4, 5, 6, 7, 9, 11, 12, 14, 15, 16, 17, 19, 20, 21, 22, 23, 24], "neighbors": [25, 35, 7, 23, 27, 20, 21, 12, 13, 37, 26, 10, 38]}, {"capacity": 253, "impossibleCargos": [1, 3, 4, 5, 6, 7, 8, 9, 10, 12, 13, 14, 17, 18, 19, 20, 21, 22, 23, 24], "neighbors": [15, 2, 19, 34, 21, 17, 23, 9, 3]}, {"capacity": 223, "impossibleCargos": [0, 1, 2, 3, 4, 5, 8, 9, 10, 13, 14, 15, 16, 18, 20, 21, 22, 23, 24], "neighbors": [16, 17, 24, 19, 20, 12, 31]}, {"capacity": 247, "impossibleCargos": [0, 2, 3, 4, 7, 8, 9, 10, 11, 12, 13, 14, 15, 17, 18, 19, 20, 21, 22, 23], "neighbors": [6, 35, 17, 25, 34, 2, 18]}, {"capacity": 227, "impossibleCargos": [0, 1, 2, 3, 4, 5, 6, 7, 8, 11, 12, 13, 14, 16, 18, 19, 20, 22, 24], "neighbors": [35, 39, 33, 4, 25, 19, 37, 15, 26, 20]}, {"capacity": 241, "impossibleCargos": [0, 2, 3, 4, 5, 6, 8, 10, 11, 12, 14, 15, 16, 17, 18, 19, 20, 21, 23], "neighbors": [8, 6, 21, 30, 17, 38, 12, 2, 16]}, {"capacity": 256, "impossibleCargos": [1, 2, 3, 4, 6, 7, 8, 10, 12, 13, 14, 15, 20, 21, 22, 23, 24], "neighbors": [19, 17, 7, 38, 23, 22, 18, 31]}, {"capacity": 281, "impossibleCargos": [0, 1, 3, 4, 8, 11, 12, 13, 14, 15, 17, 19, 20, 21, 24], "neighbors": [9, 13, 37, 36, 2, 32, 38, 33, 19, 4, 23, 8, 34, 1]}, {"capacity": 229, "impossibleCargos": [2, 5, 7, 8, 10, 11, 12, 14, 15, 16, 19, 20, 22, 23, 24], "neighbors": [13, 4, 35, 12, 1, 19, 14, 34, 0, 37, 18]}, {"capacity": 201, "impossibleCargos": [1, 2, 3, 4, 6, 7, 8, 9, 10, 11, 12, 13, 14, 15, 16, 17, 19, 20, 21, 23, 24], "neighbors": [16, 33, 17, 5, 4, 8, 35, 9, 10, 12, 34, 15, 18]}, {"capacity": 267, "impossibleCargos": [0, 1, 2, 3, 5, 7, 8, 9, 10, 11, 13, 14, 16, 18, 20, 21, 24], "neighbors": [0, 7, 31, 1, 30]}, {"capacity": 290, "impossibleCargos": [1, 2, 4, 5, 6, 8, 9, 11, 12, 14, 15, 16, 17, 18, 20, 21, 22], "neighbors": [6, 24, 7, 31, 16, 29]}, {"capacity": 214, "impossibleCargos": [1, 3, 4, 5, 6, 7, 8, 10, 11, 12, 13, 15, 16, 17, 18, 19, 20, 22, 23, 24], "neighbors": [36, 38, 1, 30, 13, 29, 21, 32, 25, 37, 2]}, {"capacity": 299, "impossibleCargos": [0, 1, 3, 6, 8, 9, 10, 11, 13, 14, 15, 16, 18, 20, 21, 23, 24], "neighbors": [15, 26, 11, 2, 16, 39, 31, 38]}, {"capacity": 257, "impossibleCargos": [0, 1, 2, 3, 6, 7, 8, 9, 10, 14, 15, 16, 17, 19, 20, 21, 23, 24], "neighbors": [1, 4, 23, 13, 28, 0, 10, 26, 35, 14]}, {"capacity": 268, "impossibleCargos": [1, 2, 3, 4, 7, 8, 9, 10, 11, 12, 13, 14, 15, 16, 17, 18, 19, 21, 23, 24], "neighbors": [7, 10, 6, 38, 27, 20, 22, 37, 28, 26]}, {"capacity": 237, "impossibleCargos": [1, 2, 4, 6, 7, 8, 9, 10, 13, 14, 15, 17, 18, 19, 20, 21, 22, 23], "neighbors": [23, 27, 19, 7, 11, 22, 28, 33, 2, 14, 13]}, {"capacity": 257, "impossibleCargos": [1, 2, 3, 4, 5, 6, 9, 10, 11, 12, 14, 16, 17, 18, 19, 21, 23, 24], "neighbors": [31, 13, 26, 16, 17, 38, 8, 1]}, {"capacity": 279, "impossibleCargos": [0, 2, 4, 5, 6, 7, 9, 11, 14, 15, 16, 18, 20, 21, 22, 23], "neighbors": [11, 26, 23, 5, 16, 27, 19, 12, 34, 2, 31, 14]}, {"capacity": 294, "impossibleCargos": [0, 3, 6, 7, 8, 9, 11, 12, 13, 15, 16, 18, 19, 21, 22, 23], "neighbors": [31, 10, 25, 11, 36, 34, 26, 24, 16, 32, 19]}, {"capacity": 223, "impossibleCargos": [0, 1, 2, 3, 5, 6, 7, 9, 10, 11, 13, 14, 15, 16, 18, 19, 20, 21, 23, 24], "neighbors": [23, 10, 8, 0, 13, 32, 14]}]}