{"volumes": [0, 472, 498, 0, 1251, 215, 0, 260, 780, 245, 440, 270, 248, 540, 291, 0, 443, 0, 466, 446, 750, 196, 1072, 230, 430], "conflicts": [[0, 1], [0, 4], [0, 5], [0, 6], [0, 7], [0, 10], [0, 11], [0, 18], [1, 3], [1, 5], [1, 15], [2, 6], [2, 7], [2, 9], [2, 10], [2, 12], [2, 14], [2, 15], [2, 19], [2, 24], [3, 4], [3, 5], [3, 12], [3, 14], [3, 15], [3, 16], [3, 17], [3, 20], [3, 23], [3, 24], [4, 15], [5, 10], [5, 11], [5, 12], [5, 13], [5, 14], [5, 17], [5, 18], [5, 19], [5, 20], [5, 21], [5, 24], [6, 7], [6, 10], [6, 11], [6, 19], [6, 23], [7, 9], [7, 15], [7, 19], [7, 24], [8, 12], [8, 14], [8, 21], [9, 14], [9, 15], [9, 16], [10, 15], [10, 17], [11, 13], [11, 14], [11, 15], [11, 17], [11, 23], [12, 15], [12, 17], [13, 17], [14, 17], [14, 19], [14, 21], [15, 18], [15, 19], [15, 22], [16, 19], [17, 18], [17, 21], [17, 23], [19, 23], [20, 23], [20, 24]], "tanks": [{"capacity": 257, "impossibleCargos": [0, 1, 3, 4, 5, 7, 9, 10, 11, 13, 14, 17, 18, 19, 20, 21, 22, 24], "neighbors": [22, 32, 20, 13, 39, 29, 5, 4, 15]}, {"capacity": 276, "impossibleCargos": [1, 2, 3, 4, 5, 6, 9, 11, 12, 13, 14, 15, 16, 17, 18, 20, 21, 22, 23], "neighbors": [23, 36, 2, 5, 24, 10, 26, 4, 7, 6, 22, 18]}, {"capacity": 249, "impossibleCargos": [0, 3, 4, 5, 6, 7, 8, 9, 10, 11, 12, 13, 14, 18, 19, 20, 21, 22, 23], "neighbors": [3, 11, 1, 30, 27, 13, 8, 6, 16, 36, 34, 32, 29]}, {"capacity": 286, "impossibleCargos": [0, 1, 3, 4, 5, 6, 7, 9, 10, 11, 12, 13, 14, 15, 16, 17, 18, 19, 21, 22, 23, 24], "neighbors": [2, 23, 38, 15, 26, 21, 20]}, {"capacity": 274, "impossibleCargos": [1, 2, 3, 4, 7, 8, 10, 12, 14, 17, 18, 21, 22, 23, 24], "neighbors": [9, 19, 31, 28, 1, 35, 14, 16, 0, 8]}, {"capacity": 241, "impossibleCargos": [0, 2, 3, 4, 6, 7, 8, 9, 11, 12, 13, 15, 16, 17, 18, 19, 20, 24], "neighbors": [25, 1, 34, 22, 9, 35, 39, 27, 6, 0, 13, 23, 30, 36, 18]}, {"capacity": 298, "impossibleCargos": [0, 1, 2, 3, 5, 7, 8, 9, 10, 11, 12, 13, 16, 18, 19, 20, 21], "neighbors": [22, 26, 20, 36, 39, 16, 2, 30, 5, 1, 38, 11]}, {"capacity": 224, "impossibleCargos": [1, 2, 3, 5, 7, 8, 9, 11, 12, 13, 14, 15, 16, 17, 19, 20, 21, 22, 23, 24], "neighbors": [30, 39, 17, 37, 1, 28, 38]}, {"capacity": 296, "impossibleCargos": [1, 2, 3, 4, 5, 6, 8, 9, 10, 11, 12, 13, 14, 15, 16, 17, 18, 19, 20, 23], "neighbors": [15, 12, 13, 17, 28, 34, 2, 37, 14, 31, 29, 27, 4, 20, 38]}, {"capacity": 280, "impossibleCargos": [0, 1, 2, 5, 6, 7, 8, 9, 11, 12, 13, 14, 15, 17, 18, 19, 20, 21, 22, 23, 24], "neighbors": [4, 37, 5, 27, 25, 33, 12, 22, 32, 16]}, {"capacity": 284, "impossibleCargos": [0, 1, 2, 3, 4, 5, 6, 7, 9, 10, 11, 12, 13, 19, 20, 21, 22, 23, 24], "neighbors": [28, 36, 22, 18, 34, 32, 16, 1, 37, 25, 13, 20]}, {"capacity": 273, "impossibleCargos": [2, 3, 4, 5, 6, 8, 10, 11, 13, 14, 16, 17, 18, 19, 20, 21, 22, 24], "neighbors": [2, 13, 39, 25, 19, 12, 6]}, {"capacity": 241, "impossibleCargos": [0, 2, 4, 5, 6, 7, 8, 9, 10, 11, 12, 13, 14, 15, 16, 17, 21, 22, 23], "neighbors": [21, 31, 8, 17, 34, 11, 9, 20, 22]}, {"capacity": 275, "impossibleCargos": [0, 2, 3, 4, 6, 7, 8, 11, 12, 13, 14, 15, 16, 17, 18, 19, 20, 21, 24], "neighbors": [16, 11, 34, 19, 39, 8, 2, 18, 0, 10, 5, 37]}, {"capacity": 256, "impossibleCargos": [1, 2, 4, 5, 7, 8, 10, 11, 12, 14, 17, 18, 19, 20, 22, 23, 24], "neighbors": [37, 23, 8, 4]}, {"capacity": 223, "impossibleCargos": [0, 1, 2, 3, 8, 10, 11, 13, 14, 15, 18, 19, 20, 21, 22, 23], "neighbors": [31, 8, 21, 3, 19, 26, 0]}, {"capacity": 206, "impossibleCargos": [0, 1, 2, 3, 4, 5, 7, 8, 9, 10, 11, 14, 15, 16, 17, 18, 23, 24], "neighbors": [13, 18, 27, 10, 6, 36, 2, 23, 4, 9, 34, 29]}, {"capacity": 225, "impossibleCargos": [0, 1, 3, 4, 5, 6, 8, 9, 10, 11, 12, 13, 14, 17, 19, 22, 23, 24], "neighbors": [39, 12, 8, 35, 7, 25, 38]}, {"capacity": 200, "impossibleCargos": [0, 2, 3, 4, 5, 6, 8, 9, 11, 12, 14, 15, 17, 18, 19, 21, 22, 23], "neighbors": [29, 32, 10, 16, 24, 13, 37, 23, 5, 20, 1]}, {"capacity": 282, "impossibleCargos": [0, 1, 2, 3, 6, 8, 9, 10, 11, 12, 13, 15, 16, 17, 18, 19, 21, 22, 23], "neighbors": [13, 11, 4, 35, 15]}, {"capacity": 237, "impossibleCargos": [0, 1, 2, 3, 4, 5, 6, 8, 9, 10, 11, 13, 15, 16, 17, 19, 20, 21, 22, 24], "neighbors": [38, 6, 35, 0, 26, 12, 34, 18, 10, 3, 8]}, {"capacity": 299, "impossibleCargos": [0, 1, 4, 5, 6, 7, 9, 10, 11, 12, 13, 14, 15, 16, 17, 18, 19, 20, 21, 22, 23, 24], "neighbors": [12, 15, 3]}, {"capacity": 204, "impossibleCargos": [0, 2, 3, 5, 6, 8, 9, 11, 12, 13, 14, 15, 17, 18, 19, 21, 22, 24], "neighbors": [6, 10, 5, 34, 36, 27, 0, 30, 28, 9, 1, 12]}, {"capacity": 270, "impossibleCargos": [0, 2, 4, 6, 7, 9, 10, 11, 14, 15, 17, 18, 19, 20, 22, 23, 24], "neighbors": [1, 33, 3, 32, 36, 14, 18, 16, 5]}, {"capacity": 293, "impossibleCargos": [0, 1, 2, 3, 5, 6, 9, 10, 11, 12, 13, 14, 16, 17, 18, 19, 20, 21, 22, 23, 24], "neighbors": [32, 1, 26, 28, 27, 37, 18, 29, 34]}, {"capacity": 260, "impossibleCargos": [0, 2, 3, 4, 5, 6, 8, 11, 12, 13, 14, 15, 17, 19, 21], "neighbors": [28, 5, 11, 38, 27, 36, 9, 17, 10, 31, 32]}, {"capacity": 287, "impossibleCargos": [1, 2, 4, 5, 7, 10, 11, 12, 13, 14, 15, 16, 18, 19, 20, 21, 23, 24], "neighbors": [30, 36, 6, 24, 1, 33, 20, 3, 34, 15, 27]}, {"capacity": 285, "impossibleCargos": [0, 1, 3, 5, 6, 9, 10, 11, 12, 15, 16, 17, 20, 21, 22, 24], "neighbors": [28, 25, 16, 2, 22, 9, 24, 5, 36, 8, 26, 31, 30]}, {"capacity": 299, "impossibleCargos": [0, 1, 5, 6, 7, 8, 10, 11, 12, 13, 14, 15, 16, 19, 20, 21, 22, 23, 24], "neighbors": [38, 25, 10, 27, 32, 8, 4, 24, 7, 22, 31]}, {"capacity": 255, "impossibleCargos": [1, 2, 3, 4, 7, 8, 9, 10, 11, 12, 14, 15, 16, 17, 18, 20, 21, 22, 23, 24], "neighbors": [18, 38, 34, 0, 24, 35, 8, 2, 16]}, {"capacity": 219, "impossibleCargos": [0, 1, 2, 3, 4, 6, 8, 9, 11, 12, 13, 14, 15, 18, 19, 20, 21, 22, 23, 24], "neighbors": [26, 2, 7, 6, 22, 5, 33, 27]}, {"capacity": 210, "impossibleCargos": [0, 1, 2, 6, 7, 8, 9, 10, 12, 13, 14, 15, 16, 17, 18, 19, 20], "neighbors": [38, 15, 12, 4, 8, 27, 25, 28]}, {"capacity": 276, "impossibleCargos": [1, 2, 4, 5, 6, 7, 8, 9, 10, 11, 12, 15, 16, 17, 18, 19, 21, 22, 23, 24], "neighbors": [34, 24, 18, 28, 10, 23, 0, 9, 2, 25]}, {"capacity": 253, "impossibleCargos": [0, 1, 2, 4, 5, 6, 7, 11, 12, 13, 14, 15, 24], "neighbors": [23, 26, 34, 9, 30]}, {"capacity": 271, "impossibleCargos": [1, 2, 3, 4, 6, 7, 8, 10, 11, 13, 14, 15, 16, 17, 19, 20, 21, 23, 24], "neighbors": [32, 5, 13, 22, 35, 29, 10, 38, 8, 12, 33, 26, 20, 2, 24, 16]}, {"capacity": 219, "impossibleCargos": [0, 3, 4, 5, 7, 8, 9, 10, 11, 12, 13, 14, 15, 17, 19, 20, 21, 22, 23], "neighbors": [34, 17, 20, 5, 39, 4, 19, 29]}, {"capacity": 206, "impossibleCargos": [1, 2, 5, 6, 7, 9, 10, 11, 14, 15, 17, 18, 21, 23, 24], "neighbors": [10, 1, 26, 22, 25, 6, 23, 16, 2, 27, 5, 39]}, {"capacity": 297, "impossibleCargos": [0, 1, 2, 4, 5, 6, 8, 9, 11, 13, 16, 17, 18, 19, 20, 21, 22, 23, 24], "neighbors": [9, 24, 7, 10, 14, 8, 18, 13]}, {"capacity": 291, "impossibleCargos": [0, 1, 2, 3, 4, 5, 7, 9, 10, 11, 12, 15, 16, 18, 19, 22, 23, 24], "neighbors": [28, 31, 20, 29, 25, 3, 34, 6, 17, 7, 8]}, {"capacity": 278, "impossibleCargos": [1, 4, 5, 6, 7, 8, 9, 10, 11, 12, 13, 14, 15, 16, 17, 18, 19, 21, 22, 23, 24], "neighbors": [11, 17, 13, 7, 6, 35, 5, 0, 36]}]}