{"volumes": [245, 0, 215, 204, 638, 438, 493, 0, 202, 203, 0, 443, 232, 242, 506, 700, 1296, 261, 703, 202, 244, 219, 1236, 0, 272], "conflicts": [[0, 5], [0, 9], [0, 10], [0, 13], [0, 14], [1, 5], [1, 6], [1, 10], [1, 12], [1, 13], [1, 15], [1, 17], [1, 19], [1, 20], [1, 21], [1, 22], [2, 9], [2, 10], [2, 13], [2, 20], [2, 21], [2, 23], [3, 4], [3, 5], [3, 7], [3, 12], [3, 14], [3, 17], [3, 18], [3, 20], [3, 24], [4, 7], [4, 9], [5, 23], [6, 7], [6, 10], [6, 23], [7, 9], [7, 12], [7, 13], [7, 14], [7, 15], [7, 19], [7, 22], [7, 23], [8, 10], [8, 12], [8, 13], [8, 19], [8, 20], [9, 13], [9, 23], [10, 13], [10, 14], [10, 15], [10, 16], [10, 17], [10, 18], [10, 19], [10, 21], [10, 22], [10, 23], [10, 24], [12, 13], [12, 19], [12, 23], [13, 20], [13, 23], [14, 19], [17, 23], [17, 24], [18, 23], [19, 23], [22, 23]], "tanks": [{"capacity": 266, "impossibleCargos": [2, 6, 8, 9, 12, 14, 22, 24], "neighbors": [37, 28, 4, 26, 39, 35, 17, 16, 13, 38, 34, 33, 7, 30, 10, 8, 36, 5, 32]}, {"capacity": 222, "impossibleCargos": [0, 5, 10, 11, 12, 17], "neighbors": [23, 38, 9, 26, 34, 25, 20, 2, 4, 10, 35, 14, 33, 22, 13, 6, 12, 36, 15]}, {"capacity": 234, "impossibleCargos": [9, 11, 19, 21, 23, 24], "neighbors": [20, 6, 36, 1, 33, 10, 24, 4, 3, 8, 28, 18, 37, 22, 9, 5, 13, 38, 31, 19, 34, 27, 16, 29]}, {"capacity": 266, "impossibleCargos": [6, 8, 11, 15, 18, 23], "neighbors": [28, 34, 16, 19, 24, 22, 12, 17, 2, 36, 23, 14, 37, 7, 38, 6, 20, 33, 25, 32]}, {"capacity": 275, "impossibleCargos": [6, 13, 22], "neighbors": [36, 5, 15, 22, 0, 1, 17, 2, 28, 30, 7, 37, 29, 8, 6, 33, 21, 9, 32, 11, 26, 31]}, {"capacity": 268, "impossibleCargos": [1, 2, 7, 18, 19, 24], "neighbors": [14, 13, 34, 4, 16, 10, 11, 12, 29, 20, 24, 2, 32, 38, 7, 31, 19, 22, 0, 30, 27, 21, 28, 6]}, {"capacity": 282, "impossibleCargos": [5, 6, 18, 22], "neighbors": [29, 2, 32, 28, 39, 33, 24, 13, 23, 31, 4, 16, 3, 26, 1, 30, 7, 14, 9, 5, 20]}, {"capacity": 245, "impossibleCargos": [2, 13, 17, 18, 24], "neighbors": [26, 25, 17, 16, 29, 39, 4, 28, 12, 27, 37, 3, 30, 19, 10, 0, 23, 5, 21, 36, 34, 33, 9, 18, 6, 31]}, {"capacity": 265, "impossibleCargos": [6, 9, 14, 15], "neighbors": [32, 31, 38, 30, 34, 2, 22, 4, 29, 15, 14, 24, 0, 19, 33, 9, 37, 27, 36, 35]}, {"capacity": 234, "impossibleCargos": [0, 1, 4, 8, 9, 10, 15, 17, 23], "neighbors": [1, 28, 19, 11, 2, 4, 21, 29, 39, 38, 10, 8, 7, 12, 22, 6]}, {"capacity": 242, "impossibleCargos": [2, 7, 8, 10, 17], "neighbors": [14, 5, 2, 15, 1, 29, 28, 24, 39, 20, 21, 19, 27, 7, 36, 0, 9, 13, 33, 38, 23]}, {"capacity": 249, "impossibleCargos": [2, 7, 10, 12, 17, 22], "neighbors": [24, 19, 29, 5, 35, 14, 9, 25, 20, 21, 33, 4, 28, 34, 16, 18, 27, 12, 17]}, {"capacity": 290, "impossibleCargos": [2, 11, 16, 23], "neighbors": [18, 13, 17, 30, 39, 37, 5, 35, 3, 7, 27, 24, 23, 31, 29, 19, 21, 36, 25, 1, 38, 9, 11]}, {"capacity": 207, "impossibleCargos": [9, 17, 19, 23], "neighbors": [5, 12, 34, 36, 22, 0, 6, 2, 23, 37, 26, 21, 1, 32, 35, 10, 18, 20]}, {"capacity": 251, "impossibleCargos": [1, 5, 10, 12, 18, 20], "neighbors": [5, 22, 10, 11, 15, 23, 29, 3, 1, 20, 18, 33, 8, 25, 35, 32, 24, 27, 19, 28, 6]}, {"capacity": 226, "impossibleCargos": [0, 7, 8, 13, 19, 21, 22], "neighbors": [26, 4, 10, 34, 24, 14, 16, 38, 8, 31, 32, 19, 1]}, {"capacity": 258, "impossibleCargos": [6, 7, 8, 11, 14, 18, 19, 23, 24], "neighbors": [5, 23, 3, 7, 34, 24, 37, 19, 38, 39, 0, 15, 20, 6, 31, 11, 2, 26]}, {"capacity": 224, "impossibleCargos": [0, 3, 4, 7, 9, 10, 13, 24], "neighbors": [39, 35, 12, 38, 22, 7, 31, 4, 33, 29, 37, 3, 0, 34, 24, 30, 11]}, {"capacity": 281, "impossibleCargos": [0, 2, 6, 10, 12, 15, 17, 18, 22, 23], "neighbors": [27, 12, 38, 21, 32, 2, 14, 26, 36, 13, 7, 29, 11]}, {"capacity": 265, "impossibleCargos": [2, 4, 7, 8, 10, 11, 13, 17], "neighbors": [32, 9, 23, 11, 3, 21, 16, 10, 29, 7, 34, 36, 2, 12, 31, 8, 5, 38, 15, 30, 25, 14]}, {"capacity": 254, "impossibleCargos": [8, 15, 23], "neighbors": [2, 24, 23, 38, 1, 37, 10, 11, 30, 21, 28, 14, 5, 16, 3, 26, 13, 6]}, {"capacity": 225, "impossibleCargos": [8, 13, 16, 17, 19, 20, 21, 22, 24], "neighbors": [26, 19, 18, 20, 10, 33, 11, 23, 34, 13, 4, 9, 36, 12, 7, 39, 29, 5, 35]}, {"capacity": 217, "impossibleCargos": [4, 8, 9, 10, 11, 13, 14, 20, 22], "neighbors": [27, 14, 17, 4, 3, 13, 31, 2, 8, 1, 37, 23, 30, 5, 38, 9]}, {"capacity": 293, "impossibleCargos": [4, 6, 8, 12, 13, 16, 18, 21, 23], "neighbors": [1, 16, 20, 19, 24, 3, 14, 6, 21, 13, 29, 37, 12, 7, 22, 31, 10]}, {"capacity": 229, "impossibleCargos": [4, 6, 9, 11, 13, 14, 22, 23], "neighbors": [11, 26, 20, 3, 35, 33, 2, 15, 16, 34, 28, 10, 36, 23, 6, 37, 5, 38, 12, 8, 17, 39, 32, 14]}, {"capacity": 217, "impossibleCargos": [6, 15, 17, 18, 20, 21], "neighbors": [1, 7, 37, 11, 33, 34, 39, 30, 26, 14, 35, 12, 3, 19]}, {"capacity": 215, "impossibleCargos": [3, 7, 19, 23, 24], "neighbors": [29, 24, 21, 27, 1, 15, 7, 32, 0, 37, 18, 13, 31, 6, 25, 4, 20, 33, 16, 35]}, {"capacity": 294, "impossibleCargos": [17, 18, 20, 24], "neighbors": [18, 26, 22, 7, 34, 12, 38, 29, 10, 37, 31, 5, 11, 39, 2, 14, 8]}, {"capacity": 230, "impossibleCargos": [7, 14], "neighbors": [3, 9, 0, 10, 24, 4, 2, 6, 7, 39, 35, 20, 37, 33, 11, 5, 14]}, {"capacity": 224, "impossibleCargos": [3, 5, 13, 16, 19, 20, 24], "neighbors": [26, 6, 11, 7, 10, 17, 4, 5, 14, 8, 27, 19, 23, 34, 12, 9, 39, 30, 21, 18, 38, 37, 2, 33]}, {"capacity": 272, "impossibleCargos": [12, 14, 17, 23], "neighbors": [12, 8, 4, 33, 20, 31, 7, 25, 0, 29, 22, 17, 6, 5, 19, 38]}, {"capacity": 227, "impossibleCargos": [6, 14, 17, 18, 20, 23], "neighbors": [8, 32, 17, 22, 30, 6, 26, 2, 15, 38, 12, 19, 5, 16, 23, 27, 4, 7]}, {"capacity": 290, "impossibleCargos": [0, 1, 6, 10, 13, 16, 18, 20], "neighbors": [8, 19, 31, 26, 6, 18, 39, 5, 13, 4, 24, 14, 15, 33, 3, 0]}, {"capacity": 267, "impossibleCargos": [5, 7, 12, 13, 19, 23, 24], "neighbors": [2, 24, 17, 30, 6, 21, 25, 1, 0, 14, 4, 28, 11, 3, 35, 38, 8, 26, 7, 37, 32, 10, 29]}, {"capacity": 213, "impossibleCargos": [0, 1, 5, 9, 10, 18, 21, 23], "neighbors": [5, 1, 3, 13, 15, 16, 24, 8, 37, 27, 25, 0, 21, 29, 19, 17, 7, 11, 2, 35, 38]}, {"capacity": 269, "impossibleCargos": [0, 4, 6, 7, 14, 20, 21, 22], "neighbors": [37, 17, 11, 24, 12, 0, 1, 28, 36, 33, 13, 25, 14, 34, 21, 39, 38, 26, 8]}, {"capacity": 276, "impossibleCargos": [8, 12, 16], "neighbors": [4, 2, 37, 13, 3, 24, 39, 10, 35, 19, 21, 12, 7, 0, 18, 1, 8]}, {"capacity": 202, "impossibleCargos": [7, 8, 10, 14, 19, 20, 22, 24], "neighbors": [0, 35, 12, 36, 20, 25, 17, 16, 4, 39, 34, 2, 24, 7, 3, 26, 28, 13, 23, 22, 27, 8, 33, 29]}, {"capacity": 260, "impossibleCargos": [2, 3, 6, 10, 11, 21], "neighbors": [1, 17, 20, 8, 18, 16, 0, 27, 24, 15, 2, 39, 5, 31, 3, 33, 9, 19, 30, 22, 12, 29, 35, 10, 34]}, {"capacity": 204, "impossibleCargos": [0, 4, 7, 10, 13], "neighbors": [17, 12, 0, 7, 10, 37, 6, 28, 36, 16, 32, 38, 25, 9, 24, 29, 21, 27, 35]}]}