{"volumes": [257, 226, 243, 499, 0, 765, 400, 567, 431, 0, 185, 875, 471, 1167, 214, 233, 415, 235, 406, 1067, 266, 247, 0, 0, 0], "conflicts": [[0, 1], [0, 4], [0, 5], [0, 9], [0, 15], [0, 17], [0, 22], [0, 23], [0, 24], [1, 4], [1, 9], [1, 13], [1, 14], [1, 15], [1, 17], [1, 22], [1, 23], [1, 24], [2, 4], [2, 9], [2, 10], [2, 22], [2, 24], [3, 4], [3, 9], [3, 14], [3, 22], [4, 5], [4, 6], [4, 7], [4, 8], [4, 9], [4, 10], [4, 11], [4, 12], [4, 13], [4, 14], [4, 15], [4, 16], [4, 18], [4, 20], [4, 21], [4, 22], [4, 23], [5, 9], [5, 23], [5, 24], [6, 9], [6, 20], [6, 22], [6, 24], [7, 9], [7, 22], [7, 23], [8, 9], [8, 22], [8, 23], [8, 24], [9, 10], [9, 12], [9, 13], [9, 14], [9, 15], [9, 16], [9, 17], [9, 18], [9, 19], [9, 20], [9, 21], [9, 22], [9, 24], [10, 14], [10, 17], [10, 21], [10, 22], [10, 23], [10, 24], [12, 15], [12, 22], [12, 24], [13, 22], [13, 23], [13, 24], [14, 18], [14, 20], [14, 22], [14, 23], [15, 16], [15, 20], [15, 23], [15, 24], [16, 18], [16, 23], [16, 24], [17, 18], [17, 20], [17, 23], [17, 24], [18, 22], [19, 22], [20, 23], [20, 24], [21, 23], [21, 24], [22, 23], [22, 24]], "tanks": [{"capacity": 293, "impossibleCargos": [6, 8, 15, 18, 20, 21, 24], "neighbors": [30, 38, 19, 16, 22, 3, 2, 11, 1, 24, 13, 33, 21, 4, 6, 5, 14, 25, 15, 12, 7]}, {"capacity": 225, "impossibleCargos": [1, 3, 4, 5, 9, 21, 24], "neighbors": [5, 23, 32, 16, 12, 25, 39, 6, 18, 2, 24, 8, 0, 14, 27, 4, 30, 33, 20, 35, 37, 10]}, {"capacity": 205, "impossibleCargos": [3, 4, 9, 10, 11, 13, 14, 15, 17, 18], "neighbors": [5, 10, 27, 0, 17, 1, 33, 8, 34, 29, 21, 26, 13, 35, 16]}, {"capacity": 258, "impossibleCargos": [0, 7, 8, 12, 14, 20, 22], "neighbors": [7, 6, 0, 30, 15, 31, 23, 35, 37, 36, 32, 11, 10, 8, 13, 29, 14, 19, 22, 9, 27]}, {"capacity": 212, "impossibleCargos": [0, 3, 5, 6, 7, 11, 12, 14], "neighbors": [9, 36, 35, 24, 29, 12, 10, 30, 23, 31, 1, 5, 0, 16, 18, 6, 37, 39, 11, 17]}, {"capacity": 282, "impossibleCargos": [0, 3, 4, 13, 17, 19, 21], "neighbors": [1, 14, 2, 8, 23, 15, 13, 31, 26, 28, 24, 16, 11, 29, 18, 4, 0, 38, 17, 39, 35, 30]}, {"capacity": 283, "impossibleCargos": [3, 4, 8, 11, 16, 20], "neighbors": [17, 26, 21, 7, 33, 3, 1, 13, 24, 36, 35, 27, 37, 9, 18, 4, 0, 23, 28]}, {"capacity": 275, "impossibleCargos": [1, 6, 11, 12, 13, 18, 19], "neighbors": [3, 32, 6, 38, 20, 18, 33, 39, 8, 24, 34, 27, 14, 9, 15, 0, 22]}, {"capacity": 218, "impossibleCargos": [0, 5, 17, 23], "neighbors": [5, 17, 38, 39, 1, 19, 33, 15, 2, 7, 21, 20, 3, 14, 24, 22, 35, 10, 29, 13, 31]}, {"capacity": 228, "impossibleCargos": [1, 3, 6, 9, 13, 17, 22], "neighbors": [34, 4, 17, 25, 23, 33, 36, 13, 14, 15, 24, 38, 39, 6, 22, 27, 7, 30, 10, 3, 29, 19]}, {"capacity": 246, "impossibleCargos": [0, 11, 16, 18, 24], "neighbors": [34, 2, 33, 15, 37, 4, 22, 3, 36, 18, 39, 31, 35, 9, 8, 19, 1]}, {"capacity": 297, "impossibleCargos": [2, 6, 7, 11, 20, 23, 24], "neighbors": [17, 0, 26, 33, 30, 3, 5, 20, 15, 4, 35]}, {"capacity": 246, "impossibleCargos": [2, 3, 16, 18, 19], "neighbors": [13, 22, 19, 1, 4, 16, 34, 37, 15, 35, 28, 38, 18, 20, 36, 33, 31, 32, 26, 0]}, {"capacity": 286, "impossibleCargos": [4, 6, 23], "neighbors": [17, 12, 5, 20, 26, 39, 21, 6, 24, 9, 0, 35, 3, 32, 22, 29, 23, 33, 15, 2, 8, 16]}, {"capacity": 238, "impossibleCargos": [0, 5, 6, 12, 15, 16, 18], "neighbors": [29, 5, 28, 15, 23, 1, 9, 38, 22, 27, 34, 8, 26, 3, 16, 7, 0, 39, 37, 33, 17]}, {"capacity": 258, "impossibleCargos": [7, 13, 15, 17, 19], "neighbors": [30, 35, 14, 5, 20, 10, 3, 8, 21, 32, 29, 23, 9, 36, 12, 33, 19, 17, 11, 0, 34, 7, 13]}, {"capacity": 254, "impossibleCargos": [2, 4, 17, 18, 23], "neighbors": [1, 0, 35, 18, 12, 22, 34, 5, 26, 23, 14, 4, 39, 24, 29, 13, 2]}, {"capacity": 267, "impossibleCargos": [3, 9, 13, 15, 16, 20, 24], "neighbors": [13, 18, 6, 8, 11, 9, 39, 2, 21, 35, 36, 26, 27, 32, 15, 29, 5, 4, 14, 20]}, {"capacity": 297, "impossibleCargos": [2, 9, 16, 20, 23], "neighbors": [23, 17, 32, 16, 7, 1, 5, 10, 4, 12, 6, 33, 27, 35, 24]}, {"capacity": 234, "impossibleCargos": [2, 7, 13, 23], "neighbors": [31, 39, 0, 12, 23, 8, 20, 35, 25, 15, 37, 32, 3, 21, 10, 9]}, {"capacity": 225, "impossibleCargos": [3, 5, 8, 9, 10, 17, 18, 21], "neighbors": [35, 13, 7, 15, 21, 38, 19, 22, 8, 11, 12, 1, 39, 36, 17]}, {"capacity": 222, "impossibleCargos": [1, 2, 4, 5, 7, 8, 11, 14, 16, 22], "neighbors": [30, 6, 23, 13, 31, 17, 27, 15, 20, 8, 22, 35, 36, 0, 2, 33, 19, 32, 34, 24]}, {"capacity": 285, "impossibleCargos": [2, 5, 11, 12, 18, 21], "neighbors": [27, 12, 0, 26, 30, 16, 10, 14, 20, 23, 21, 8, 9, 13, 31, 36, 39, 3, 7]}, {"capacity": 260, "impossibleCargos": [0, 2, 5, 7, 9, 10, 19, 21], "neighbors": [18, 27, 35, 1, 5, 21, 19, 14, 37, 36, 9, 3, 26, 25, 15, 22, 4, 32, 16, 13, 31, 38, 6, 39]}, {"capacity": 243, "impossibleCargos": [8, 11, 13, 20, 21], "neighbors": [30, 1, 4, 35, 38, 26, 13, 6, 0, 9, 5, 7, 8, 33, 34, 28, 31, 27, 16, 21, 18]}, {"capacity": 266, "impossibleCargos": [0, 4, 5, 20, 23], "neighbors": [1, 28, 30, 9, 32, 39, 23, 34, 29, 19, 0, 38]}, {"capacity": 200, "impossibleCargos": [0, 9, 13, 15, 20], "neighbors": [27, 38, 6, 35, 22, 13, 11, 37, 23, 5, 24, 17, 32, 28, 30, 16, 31, 14, 12, 2, 39]}, {"capacity": 203, "impossibleCargos": [7, 10, 18, 22], "neighbors": [26, 22, 23, 33, 2, 21, 17, 6, 32, 14, 29, 1, 9, 7, 39, 18, 24, 35, 34, 3]}, {"capacity": 223, "impossibleCargos": [0, 7, 13, 18, 19, 21, 22], "neighbors": [14, 25, 34, 5, 26, 36, 12, 39, 30, 33, 24, 35, 6]}, {"capacity": 208, "impossibleCargos": [1, 2, 3, 11, 15], "neighbors": [14, 35, 39, 31, 36, 4, 15, 25, 37, 2, 30, 27, 5, 3, 13, 17, 32, 9, 8, 16, 33]}, {"capacity": 293, "impossibleCargos": [0, 3, 10, 14, 15, 18, 20, 21, 22], "neighbors": [38, 15, 0, 21, 24, 25, 31, 3, 22, 33, 4, 11, 37, 29, 26, 28, 1, 32, 34, 9, 5]}, {"capacity": 292, "impossibleCargos": [2, 6, 10, 11, 14, 17, 19], "neighbors": [19, 33, 32, 29, 38, 5, 30, 21, 3, 34, 4, 26, 37, 22, 10, 36, 12, 24, 23, 8]}, {"capacity": 253, "impossibleCargos": [4, 13, 16, 19], "neighbors": [1, 7, 31, 18, 25, 34, 15, 26, 3, 27, 17, 23, 13, 30, 33, 12, 19, 29, 36, 21, 38, 35]}, {"capacity": 300, "impossibleCargos": [0, 3, 6, 9, 16, 24], "neighbors": [37, 31, 27, 6, 11, 10, 7, 2, 30, 9, 35, 8, 0, 24, 1, 15, 21, 34, 18, 12, 28, 32, 39, 13, 14, 29]}, {"capacity": 216, "impossibleCargos": [3, 7, 9, 10, 14, 15, 18], "neighbors": [9, 10, 28, 32, 12, 25, 2, 31, 16, 14, 7, 33, 24, 30, 15, 21, 38, 27]}, {"capacity": 267, "impossibleCargos": [0, 3, 7, 13, 14, 17], "neighbors": [23, 20, 29, 26, 15, 16, 33, 4, 24, 17, 3, 6, 19, 13, 12, 36, 21, 10, 38, 8, 28, 1, 18, 5, 11, 27, 2, 32]}, {"capacity": 232, "impossibleCargos": [0, 5, 6, 10], "neighbors": [37, 23, 4, 29, 9, 17, 6, 3, 15, 28, 35, 10, 21, 22, 12, 31, 32, 20]}, {"capacity": 222, "impossibleCargos": [2, 4, 22, 23], "neighbors": [33, 23, 36, 26, 10, 30, 3, 29, 38, 12, 6, 39, 31, 4, 19, 14, 1]}, {"capacity": 246, "impossibleCargos": [0, 3, 5, 6, 7, 8, 9, 10, 13, 21, 23], "neighbors": [26, 30, 0, 7, 31, 8, 24, 14, 20, 37, 9, 39, 12, 35, 25, 23, 5, 34, 32]}, {"capacity": 201, "impossibleCargos": [1, 2, 3, 7, 8, 9, 12, 17, 23], "neighbors": [19, 29, 1, 13, 8, 17, 7, 25, 37, 9, 38, 28, 10, 22, 27, 4, 33, 14, 16, 20, 26, 5, 23]}]}