{"volumes": [777, 1007, 190, 259, 252, 508, 246, 937, 0, 688, 432, 0, 286, 471, 194, 464, 505, 261, 484, 462, 290, 527, 0, 0, 268], "conflicts": [[0, 11], [0, 22], [3, 12], [3, 23], [4, 22], [5, 8], [5, 18], [6, 11], [6, 18], [6, 24], [8, 10], [8, 12], [8, 17], [8, 24], [10, 12], [10, 22], [11, 17], [11, 18], [14, 16], [14, 19], [16, 22], [16, 23], [17, 23], [17, 24], [20, 22], [20, 23], [23, 24]], "tanks": [{"capacity": 209, "impossibleCargos": [0, 1, 3, 5, 8, 10, 15, 16, 19, 20, 23], "neighbors": [39, 37, 7, 22, 4, 27, 23, 11, 1, 28, 30, 16, 10, 38, 18, 3, 15, 20, 36, 12, 14, 25, 33]}, {"capacity": 272, "impossibleCargos": [0, 2, 4, 6, 9, 10, 11, 12, 13, 15, 16, 19, 20, 21, 22, 23], "neighbors": [15, 29, 7, 17, 3, 37, 32, 19, 18, 0, 25, 13, 6, 33, 38, 14, 8, 35, 20, 5]}, {"capacity": 239, "impossibleCargos": [1, 2, 4, 5, 6, 8, 9, 10, 12, 14, 17, 18, 19, 22], "neighbors": [34, 35, 18, 7, 12, 13, 25, 26, 23, 39, 3, 17, 29, 8, 16, 28, 14, 11]}, {"capacity": 294, "impossibleCargos": [0, 1, 2, 4, 7, 8, 11, 13, 15, 17, 18, 21, 24], "neighbors": [23, 38, 11, 18, 1, 8, 35, 12, 36, 28, 13, 0, 10, 27, 2, 15, 24, 19, 32, 21, 17]}, {"capacity": 268, "impossibleCargos": [1, 3, 4, 6, 7, 8, 14, 16, 17, 18, 19, 20, 22], "neighbors": [18, 6, 16, 32, 27, 30, 0, 37, 19, 28, 10, 14, 12, 29, 5, 20, 22]}, {"capacity": 285, "impossibleCargos": [0, 1, 2, 3, 4, 6, 9, 10, 12, 13, 15, 16, 20, 22, 23], "neighbors": [18, 12, 30, 38, 39, 8, 10, 28, 6, 17, 19, 13, 4, 26, 1, 16, 36, 21, 29]}, {"capacity": 204, "impossibleCargos": [0, 3, 5, 7, 11, 12, 13, 15, 16, 19, 20], "neighbors": [21, 38, 4, 32, 16, 23, 5, 1, 14, 12, 30, 17, 24, 20, 26, 39, 19]}, {"capacity": 282, "impossibleCargos": [0, 1, 6, 9, 10, 12, 13, 16, 17, 18, 20, 22, 24], "neighbors": [1, 0, 16, 18, 22, 25, 2, 34, 38, 9, 12, 29, 39, 35, 19, 11, 28, 14, 20, 24, 13, 33]}, {"capacity": 284, "impossibleCargos": [3, 5, 7, 9, 12, 13, 14, 15, 16, 17, 18, 20, 23], "neighbors": [22, 5, 10, 36, 26, 3, 19, 37, 27, 32, 11, 18, 1, 2, 13, 39]}, {"capacity": 255, "impossibleCargos": [1, 5, 6, 7, 9, 11, 12, 13, 14, 16, 19, 21, 22, 24], "neighbors": [31, 27, 28, 10, 17, 23, 35, 7, 21, 38, 19, 39, 16, 36]}, {"capacity": 275, "impossibleCargos": [0, 1, 3, 4, 5, 6, 8, 9, 10, 11, 13, 17, 20, 22, 23, 24], "neighbors": [39, 19, 33, 27, 23, 13, 8, 5, 9, 24, 15, 32, 38, 28, 11, 0, 29, 4, 3, 37, 18, 34, 22]}, {"capacity": 263, "impossibleCargos": [5, 6, 8, 11, 14, 22], "neighbors": [3, 14, 21, 23, 16, 31, 34, 20, 22, 18, 0, 10, 8, 33, 28, 29, 19, 39, 7, 35, 38, 2]}, {"capacity": 228, "impossibleCargos": [0, 1, 2, 4, 5, 6, 10, 11, 13, 15, 17, 20, 21, 24], "neighbors": [5, 23, 37, 27, 3, 30, 2, 6, 34, 7, 24, 4, 0, 18, 32, 26, 13, 35, 14]}, {"capacity": 298, "impossibleCargos": [0, 2, 4, 6, 10, 12, 13, 14, 15, 16, 17, 20, 21, 23, 24], "neighbors": [27, 34, 33, 39, 10, 17, 1, 2, 5, 16, 3, 15, 31, 36, 14, 12, 25, 30, 8, 28, 7]}, {"capacity": 243, "impossibleCargos": [0, 1, 9, 10, 11, 14, 20, 24], "neighbors": [11, 20, 18, 38, 24, 35, 6, 21, 1, 13, 26, 4, 7, 0, 12, 2]}, {"capacity": 282, "impossibleCargos": [6, 7, 8, 11, 13, 14, 17, 22], "neighbors": [1, 22, 30, 35, 38, 29, 25, 17, 10, 27, 18, 26, 13, 0, 23, 19, 3, 33, 21]}, {"capacity": 276, "impossibleCargos": [3, 5, 8, 11, 12, 13, 15, 16, 17, 18, 19, 20, 21, 22, 23, 24], "neighbors": [21, 4, 6, 17, 31, 7, 11, 33, 25, 39, 0, 23, 34, 13, 38, 32, 20, 2, 5, 9, 26, 35]}, {"capacity": 254, "impossibleCargos": [1, 2, 3, 10, 12, 13, 17, 18, 19, 23], "neighbors": [36, 18, 33, 25, 1, 16, 15, 28, 21, 9, 34, 22, 13, 37, 5, 26, 24, 38, 6, 32, 2, 3]}, {"capacity": 237, "impossibleCargos": [1, 3, 5, 11, 16, 17, 18, 19, 22, 24], "neighbors": [17, 5, 4, 3, 36, 2, 14, 7, 32, 24, 25, 11, 1, 15, 29, 8, 0, 27, 12, 10, 21]}, {"capacity": 300, "impossibleCargos": [5, 8, 14, 15, 16, 17, 22, 23, 24], "neighbors": [20, 10, 22, 8, 1, 4, 5, 31, 38, 32, 7, 11, 36, 33, 15, 9, 3, 6]}, {"capacity": 200, "impossibleCargos": [0, 3, 4, 7, 8, 11, 13, 14, 17, 18, 21, 23, 24], "neighbors": [19, 25, 14, 34, 27, 30, 24, 32, 11, 38, 26, 33, 28, 0, 6, 16, 1, 7, 4, 31, 23, 22]}, {"capacity": 227, "impossibleCargos": [1, 2, 4, 5, 6, 9, 10, 11, 12, 15, 16, 18, 19, 24], "neighbors": [16, 30, 25, 6, 24, 28, 11, 23, 17, 27, 35, 31, 14, 9, 36, 18, 39, 3, 15, 5]}, {"capacity": 275, "impossibleCargos": [1, 3, 5, 7, 10, 11, 12, 13, 14, 15, 16, 18, 19, 20, 22, 24], "neighbors": [8, 15, 19, 26, 31, 7, 0, 30, 38, 17, 11, 37, 36, 34, 33, 10, 28, 4, 20]}, {"capacity": 210, "impossibleCargos": [0, 2, 5, 9, 10, 11, 13, 14, 21, 24], "neighbors": [3, 12, 10, 21, 39, 11, 30, 33, 9, 6, 0, 35, 16, 25, 2, 26, 38, 24, 15, 20]}, {"capacity": 240, "impossibleCargos": [0, 1, 2, 4, 6, 7, 8, 9, 11, 12, 13, 17, 19, 20, 21, 23], "neighbors": [21, 32, 10, 31, 14, 20, 18, 29, 37, 17, 12, 39, 6, 23, 34, 3, 25, 35, 7]}, {"capacity": 258, "impossibleCargos": [0, 2, 9, 12, 14, 15, 16, 18, 19, 23, 24], "neighbors": [21, 20, 17, 36, 15, 7, 39, 16, 18, 1, 2, 23, 27, 31, 26, 32, 13, 24, 34, 0, 28]}, {"capacity": 256, "impossibleCargos": [0, 1, 3, 7, 8, 13, 14, 15, 21, 22, 24], "neighbors": [8, 22, 37, 17, 15, 20, 2, 38, 23, 14, 6, 12, 5, 25, 27, 31, 16, 28]}, {"capacity": 243, "impossibleCargos": [0, 1, 4, 7, 8, 10, 11, 15, 17, 19, 20, 21, 22, 24], "neighbors": [13, 9, 10, 12, 20, 35, 29, 15, 4, 21, 8, 0, 38, 33, 25, 3, 30, 18, 26]}, {"capacity": 267, "impossibleCargos": [0, 2, 3, 5, 8, 9, 10, 12, 15, 16, 19], "neighbors": [39, 21, 9, 5, 30, 17, 3, 37, 0, 29, 10, 32, 4, 11, 20, 7, 36, 22, 2, 13, 25, 35, 26]}, {"capacity": 200, "impossibleCargos": [1, 3, 5, 6, 7, 8, 11, 13, 14, 15, 16, 17, 18, 24], "neighbors": [1, 33, 15, 27, 24, 28, 39, 38, 10, 18, 34, 11, 7, 4, 31, 32, 2, 5]}, {"capacity": 268, "impossibleCargos": [0, 3, 9, 10, 11, 12, 15, 16, 18, 20, 21], "neighbors": [21, 5, 15, 28, 20, 23, 22, 4, 12, 0, 6, 36, 39, 27, 33, 13]}, {"capacity": 214, "impossibleCargos": [1, 11, 13, 14, 15, 20, 24], "neighbors": [9, 35, 22, 16, 24, 11, 34, 21, 19, 13, 25, 29, 32, 26, 20]}, {"capacity": 284, "impossibleCargos": [3, 4, 6, 7, 8, 10, 11, 12, 15, 16, 17, 18, 20, 24], "neighbors": [6, 24, 4, 1, 18, 10, 36, 20, 39, 8, 28, 19, 37, 34, 17, 16, 12, 25, 29, 31, 3]}, {"capacity": 286, "impossibleCargos": [1, 4, 6, 9, 12, 15, 16, 18, 21, 24], "neighbors": [17, 13, 10, 39, 29, 23, 16, 36, 38, 20, 1, 27, 11, 19, 22, 30, 15, 0, 7]}, {"capacity": 288, "impossibleCargos": [2, 3, 5, 6, 10, 11, 13, 15, 17, 20, 22], "neighbors": [2, 13, 20, 38, 36, 31, 37, 11, 17, 16, 39, 12, 7, 29, 22, 32, 24, 10, 25]}, {"capacity": 281, "impossibleCargos": [1, 2, 3, 4, 5, 7, 8, 12, 13, 14, 15, 17, 20, 22, 23, 24], "neighbors": [2, 15, 31, 27, 3, 38, 14, 39, 21, 23, 9, 7, 11, 1, 12, 24, 16, 28]}, {"capacity": 296, "impossibleCargos": [2, 4, 5, 7, 9, 10, 11, 17, 19, 23], "neighbors": [17, 18, 25, 8, 34, 33, 3, 32, 22, 37, 30, 13, 19, 0, 21, 28, 5, 9]}, {"capacity": 272, "impossibleCargos": [0, 1, 5, 7, 13, 15, 18, 20, 21, 23, 24], "neighbors": [12, 39, 0, 1, 34, 8, 28, 24, 17, 4, 22, 26, 36, 32, 10, 38]}, {"capacity": 234, "impossibleCargos": [2, 7, 10, 13, 15, 17, 19, 20, 22, 24], "neighbors": [3, 5, 6, 39, 15, 34, 14, 35, 22, 10, 33, 20, 27, 29, 0, 7, 26, 19, 17, 1, 23, 16, 9, 11, 37]}, {"capacity": 209, "impossibleCargos": [0, 1, 2, 6, 7, 8, 9, 10, 11, 12, 14, 18, 22], "neighbors": [10, 0, 28, 13, 5, 37, 33, 38, 23, 25, 16, 35, 32, 29, 34, 7, 24, 2, 11, 30, 6, 21, 9, 8]}]}