{"volumes": [295, 862, 707, 0, 0, 231, 1200, 0, 0, 725, 475, 0, 0, 197, 225, 259, 956, 0, 270, 0, 996, 441, 277, 0, 1215], "conflicts": [[0, 4], [0, 12], [0, 17], [0, 21], [1, 3], [1, 8], [1, 11], [1, 19], [1, 23], [2, 8], [2, 12], [2, 17], [2, 23], [3, 6], [3, 7], [3, 9], [3, 10], [3, 13], [3, 16], [3, 18], [3, 19], [3, 22], [3, 23], [4, 5], [4, 6], [4, 8], [4, 9], [4, 10], [4, 15], [4, 16], [4, 17], [4, 20], [4, 21], [4, 22], [4, 24], [5, 11], [5, 17], [5, 18], [5, 19], [5, 23], [6, 7], [6, 8], [6, 23], [7, 9], [7, 10], [7, 14], [7, 15], [7, 17], [7, 18], [7, 20], [7, 22], [7, 24], [8, 10], [8, 11], [8, 13], [8, 16], [8, 17], [8, 19], [8, 20], [8, 21], [9, 11], [9, 12], [9, 17], [9, 19], [9, 23], [10, 11], [10, 17], [10, 19], [11, 12], [11, 15], [11, 18], [11, 19], [11, 21], [11, 22], [12, 13], [12, 15], [12, 19], [12, 22], [12, 24], [13, 14], [13, 17], [13, 23], [14, 15], [14, 17], [14, 19], [14, 22], [15, 17], [16, 23], [17, 20], [17, 21], [17, 24], [18, 19], [18, 22], [18, 23], [19, 20], [19, 21], [19, 22], [21, 22]], "tanks": [{"capacity": 269, "impossibleCargos": [0, 1, 3, 5, 8, 9, 11, 12, 13, 14, 16, 17, 18, 19, 20], "neighbors": [20, 3, 21, 8, 12, 6, 25, 34, 31, 28, 16, 2, 38, 29, 17, 19, 26, 5]}, {"capacity": 226, "impossibleCargos": [3, 4, 6, 7, 8, 9, 11, 13, 14, 15, 16, 17, 19], "neighbors": [6, 23, 29, 39, 36, 18, 5, 2, 11, 27, 25, 34, 28, 26, 14, 12, 20, 4]}, {"capacity": 237, "impossibleCargos": [5, 8, 10, 14, 15, 16, 19, 21, 22, 23, 24], "neighbors": [25, 9, 11, 34, 19, 1, 33, 26, 13, 14, 5, 0, 18, 22, 4, 31, 7, 37, 24, 36, 21]}, {"capacity": 279, "impossibleCargos": [0, 3, 12, 18, 19, 20, 22, 24], "neighbors": [34, 32, 0, 22, 5, 39, 9, 13, 24, 38, 36, 21, 17, 11, 37, 25, 20, 27, 35, 18, 7]}, {"capacity": 211, "impossibleCargos": [1, 3, 4, 5, 8, 12, 14, 15, 17, 18, 19, 20, 21], "neighbors": [19, 16, 15, 27, 9, 13, 36, 8, 37, 2, 17, 18, 7, 31, 34, 28, 14, 24, 1, 30, 11]}, {"capacity": 238, "impossibleCargos": [0, 4, 6, 7, 11, 12, 13, 15, 19, 20, 21, 23, 24], "neighbors": [16, 38, 34, 24, 11, 1, 3, 15, 10, 21, 2, 26, 39, 0, 23, 28]}, {"capacity": 231, "impossibleCargos": [2, 4, 5, 7, 9, 13, 15, 18, 21, 22], "neighbors": [1, 31, 37, 20, 23, 24, 14, 0, 7, 29, 10, 18, 36, 11, 28, 39, 22, 15, 38, 12, 32]}, {"capacity": 291, "impossibleCargos": [2, 3, 6, 8, 10, 12, 14, 17, 18, 19, 21, 24], "neighbors": [35, 36, 9, 31, 22, 39, 6, 20, 34, 4, 2, 12, 23, 27, 3]}, {"capacity": 268, "impossibleCargos": [4, 6, 7, 8, 9, 10, 12, 15, 20, 22, 23], "neighbors": [25, 22, 27, 14, 0, 33, 38, 11, 4, 34, 15, 35, 26, 18, 20, 36]}, {"capacity": 268, "impossibleCargos": [0, 2, 4, 6, 9, 13, 14, 15, 16, 19, 21, 22], "neighbors": [24, 30, 37, 13, 2, 28, 32, 7, 27, 4, 21, 3, 35, 18, 14, 25, 11, 19, 31]}, {"capacity": 286, "impossibleCargos": [1, 2, 3, 7, 8, 11, 12, 14, 16, 17, 18, 19, 21, 22, 24], "neighbors": [36, 25, 15, 31, 33, 11, 22, 17, 23, 5, 24, 6, 14, 28, 32, 21, 34, 20, 30, 29]}, {"capacity": 211, "impossibleCargos": [0, 1, 5, 8, 9, 12, 13, 14, 15, 16, 19, 21], "neighbors": [27, 19, 32, 20, 29, 10, 5, 2, 18, 24, 39, 1, 30, 38, 8, 17, 21, 6, 3, 9, 4]}, {"capacity": 263, "impossibleCargos": [4, 6, 8, 9, 11, 12, 16, 18, 19, 21, 22], "neighbors": [33, 25, 24, 30, 15, 27, 31, 18, 34, 36, 0, 26, 38, 13, 1, 16, 7, 14, 6]}, {"capacity": 270, "impossibleCargos": [1, 6, 8, 9, 17, 18, 20, 23, 24], "neighbors": [36, 16, 9, 18, 19, 26, 24, 15, 4, 37, 27, 2, 3, 35, 14, 25, 12, 28, 30, 17]}, {"capacity": 210, "impossibleCargos": [0, 1, 2, 3, 4, 6, 10, 17, 23, 24], "neighbors": [32, 19, 33, 31, 18, 8, 16, 6, 26, 23, 24, 28, 39, 2, 13, 10, 9, 1, 4, 36, 12, 34, 30]}, {"capacity": 268, "impossibleCargos": [2, 4, 6, 10, 17, 19, 20, 21, 22, 23], "neighbors": [32, 22, 12, 10, 29, 4, 18, 39, 5, 13, 36, 27, 8, 23, 25, 6, 28]}, {"capacity": 268, "impossibleCargos": [0, 2, 3, 5, 6, 8, 12, 14, 15, 16, 18, 19, 20], "neighbors": [5, 13, 4, 19, 39, 21, 17, 24, 20, 14, 32, 22, 28, 0, 27, 12, 31]}, {"capacity": 201, "impossibleCargos": [3, 4, 6, 7, 8, 11, 12, 13, 15, 16, 17, 18, 21, 22, 23, 24], "neighbors": [39, 36, 23, 28, 31, 10, 30, 16, 38, 25, 34, 24, 11, 0, 33, 4, 3, 29, 27, 32, 18, 13]}, {"capacity": 267, "impossibleCargos": [1, 2, 3, 4, 5, 10, 12, 13, 14, 15, 16, 17, 19], "neighbors": [13, 38, 27, 1, 12, 15, 11, 14, 33, 26, 6, 2, 39, 9, 4, 24, 23, 37, 35, 17, 8, 3]}, {"capacity": 257, "impossibleCargos": [0, 4, 9, 11, 12, 13, 15, 16, 18, 19, 20, 21, 22, 23], "neighbors": [23, 11, 4, 13, 14, 26, 16, 21, 35, 2, 31, 30, 37, 27, 38, 0, 25, 9, 36, 28]}, {"capacity": 216, "impossibleCargos": [2, 3, 7, 11, 12, 13, 15, 17, 18, 19, 21, 23, 24], "neighbors": [29, 11, 0, 6, 23, 24, 37, 38, 16, 28, 7, 35, 1, 3, 8, 36, 10]}, {"capacity": 251, "impossibleCargos": [1, 3, 4, 6, 8, 12, 15, 20, 21], "neighbors": [34, 37, 26, 36, 0, 19, 16, 28, 9, 5, 32, 30, 11, 3, 24, 31, 33, 38, 10, 29, 2]}, {"capacity": 299, "impossibleCargos": [2, 6, 9, 10, 14, 17, 21, 23], "neighbors": [15, 3, 10, 8, 37, 7, 16, 32, 31, 2, 6, 38]}, {"capacity": 201, "impossibleCargos": [0, 2, 4, 7, 8, 10, 12, 13, 14, 15, 17, 19, 20, 22], "neighbors": [19, 32, 1, 17, 6, 20, 24, 28, 29, 10, 14, 36, 33, 18, 15, 25, 7, 5]}, {"capacity": 278, "impossibleCargos": [0, 1, 2, 3, 5, 6, 7, 8, 9, 10, 13, 14, 15, 17, 21, 22, 23, 24], "neighbors": [39, 9, 33, 12, 5, 35, 30, 20, 16, 23, 6, 13, 11, 27, 10, 37, 14, 17, 3, 18, 21, 38, 2, 28, 4]}, {"capacity": 241, "impossibleCargos": [6, 7, 10, 11, 12, 13, 14, 15, 18, 22, 23, 24], "neighbors": [12, 2, 10, 33, 8, 17, 0, 1, 13, 37, 31, 27, 19, 28, 9, 23, 3, 34, 15]}, {"capacity": 280, "impossibleCargos": [0, 1, 6, 9, 10, 12, 14, 16, 17, 18, 22, 23], "neighbors": [21, 28, 35, 19, 30, 13, 2, 27, 12, 14, 33, 18, 1, 32, 5, 38, 39, 0, 34, 8, 29]}, {"capacity": 224, "impossibleCargos": [2, 3, 5, 6, 7, 9, 10, 12, 18, 19, 20, 22, 23], "neighbors": [11, 28, 18, 12, 38, 4, 9, 8, 26, 24, 1, 13, 15, 31, 16, 19, 36, 25, 29, 30, 17, 3, 7, 34]}, {"capacity": 281, "impossibleCargos": [0, 4, 5, 6, 8, 9, 10, 14, 15, 17, 20, 21], "neighbors": [27, 9, 26, 32, 17, 23, 21, 20, 16, 14, 0, 30, 1, 10, 38, 13, 36, 35, 6, 25, 4, 24, 15, 19, 5]}, {"capacity": 253, "impossibleCargos": [2, 5, 6, 9, 10, 11, 15, 16, 17, 18, 21, 22, 23], "neighbors": [20, 1, 11, 35, 15, 23, 36, 6, 0, 17, 27, 21, 26, 10]}, {"capacity": 201, "impossibleCargos": [0, 1, 3, 4, 5, 7, 8, 11, 12, 16, 17, 18, 20, 22, 23, 24], "neighbors": [32, 33, 9, 12, 34, 39, 24, 26, 17, 11, 21, 28, 19, 13, 27, 37, 4, 36, 14, 10]}, {"capacity": 261, "impossibleCargos": [2, 4, 6, 7, 9, 15, 16, 17, 18, 20, 22, 23], "neighbors": [6, 10, 12, 17, 14, 7, 33, 19, 0, 32, 22, 27, 2, 25, 4, 36, 21, 16, 9]}, {"capacity": 230, "impossibleCargos": [2, 4, 7, 9, 11, 12, 13, 19, 21], "neighbors": [15, 30, 23, 11, 14, 28, 9, 3, 16, 21, 22, 31, 34, 38, 26, 39, 33, 36, 17, 10, 6]}, {"capacity": 283, "impossibleCargos": [0, 1, 4, 9, 10, 12, 13, 15, 16, 17, 18, 19], "neighbors": [39, 24, 30, 37, 12, 25, 10, 14, 2, 8, 31, 26, 18, 23, 17, 32, 21]}, {"capacity": 250, "impossibleCargos": [0, 1, 3, 4, 6, 9, 10, 12, 17, 20, 23, 24], "neighbors": [21, 3, 5, 30, 12, 2, 39, 17, 36, 0, 32, 7, 1, 35, 8, 38, 4, 25, 26, 10, 14, 27]}, {"capacity": 282, "impossibleCargos": [3, 8, 13, 14, 16, 17, 18, 19, 22, 24], "neighbors": [7, 26, 29, 24, 19, 9, 13, 37, 34, 28, 8, 20, 18, 3]}, {"capacity": 281, "impossibleCargos": [0, 1, 5, 6, 10, 12, 15, 17, 18, 19, 21, 23], "neighbors": [17, 13, 10, 21, 1, 7, 12, 37, 15, 29, 4, 34, 23, 38, 3, 6, 27, 28, 32, 31, 19, 14, 20, 2, 30, 8]}, {"capacity": 220, "impossibleCargos": [3, 5, 8, 9, 10, 11, 13, 15, 19, 20], "neighbors": [33, 9, 21, 6, 38, 22, 20, 36, 13, 24, 35, 4, 25, 19, 3, 30, 18, 2, 39]}, {"capacity": 296, "impossibleCargos": [1, 3, 4, 7, 10, 12, 14, 15, 16, 17, 19, 20, 22, 23], "neighbors": [5, 18, 37, 27, 17, 20, 8, 11, 12, 3, 36, 0, 32, 28, 19, 34, 26, 24, 21, 6, 22]}, {"capacity": 217, "impossibleCargos": [1, 2, 3, 6, 7, 11, 14, 16, 18, 20, 23, 24], "neighbors": [17, 24, 33, 30, 1, 16, 15, 34, 3, 11, 7, 14, 18, 32, 6, 26, 5, 37]}]}