{"volumes": [0, 249, 238, 0, 212, 494, 243, 438, 705, 479, 0, 199, 0, 0, 520, 942, 231, 924, 969, 273, 261, 765, 697, 0, 411], "conflicts": [[0, 3], [0, 5], [0, 6], [0, 7], [0, 9], [0, 11], [0, 12], [0, 13], [0, 14], [0, 16], [0, 17], [0, 18], [0, 19], [0, 21], [0, 22], [0, 24], [1, 3], [1, 6], [1, 10], [1, 13], [1, 23], [2, 3], [2, 4], [2, 7], [2, 10], [2, 12], [2, 19], [2, 23], [3, 4], [3, 5], [3, 6], [3, 7], [3, 8], [3, 10], [3, 11], [3, 13], [3, 14], [3, 16], [3, 17], [3, 18], [3, 19], [3, 20], [3, 22], [3, 23], [4, 11], [4, 13], [4, 16], [4, 19], [4, 20], [4, 23], [5, 10], [5, 12], [5, 13], [5, 23], [6, 10], [6, 11], [6, 13], [6, 14], [6, 16], [6, 18], [6, 19], [6, 23], [7, 10], [7, 12], [7, 13], [7, 19], [7, 23], [8, 10], [8, 11], [8, 12], [8, 13], [8, 16], [8, 23], [9, 10], [9, 12], [9, 13], [9, 16], [9, 22], [9, 23], [10, 11], [10, 13], [10, 14], [10, 15], [10, 16], [10, 17], [10, 18], [10, 19], [10, 20], [10, 21], [10, 22], [10, 23], [10, 24], [11, 16], [11, 20], [11, 23], [12, 13], [12, 16], [12, 17], [12, 18], [12, 20], [12, 22], [12, 23], [13, 14], [13, 15], [13, 16], [13, 17], [13, 19], [13, 20], [13, 21], [13, 22], [13, 23], [13, 24], [14, 23], [15, 19], [15, 23], [16, 23], [17, 23], [18, 23], [19, 20], [19, 23], [20, 23], [20, 24], [23, 24]], "tanks": [{"capacity": 222, "impossibleCargos": [2, 3, 6, 8, 9, 10, 11, 12, 13, 14, 15, 17, 19, 20, 22, 23], "neighbors": [13, 36, 32, 30, 1, 12, 31, 10, 33, 14, 17, 19, 22, 15, 23, 7, 35, 11, 21, 25, 20, 24, 4, 5]}, {"capacity": 262, "impossibleCargos": [2, 4, 5, 6, 7, 9, 11, 12, 13, 14, 15, 16, 17, 18, 19, 20, 21], "neighbors": [33, 2, 36, 0, 10, 6, 11, 31, 19, 18, 16, 12, 15, 37, 35, 3, 28, 4, 25, 20, 22, 5, 14]}, {"capacity": 286, "impossibleCargos": [0, 1, 2, 3, 4, 6, 7, 8, 9, 10, 11, 12, 15, 16, 17, 18, 22, 23, 24], "neighbors": [39, 1, 3, 21, 30, 29, 22, 15, 11, 36, 4, 32, 33, 28, 27, 25, 8, 37, 18, 24, 14, 23, 9, 35]}, {"capacity": 225, "impossibleCargos": [0, 3, 4, 5, 6, 9, 10, 14, 16, 17, 18, 19, 20, 22, 24], "neighbors": [29, 39, 2, 37, 38, 32, 31, 25, 20, 13, 34, 11, 19, 1, 8, 16, 22, 9, 28]}, {"capacity": 238, "impossibleCargos": [0, 2, 3, 5, 6, 7, 8, 9, 10, 11, 12, 14, 15, 19, 20, 21, 22, 23, 24], "neighbors": [38, 17, 16, 37, 14, 23, 35, 2, 9, 25, 26, 1, 28, 30, 34, 39, 0, 32]}, {"capacity": 253, "impossibleCargos": [0, 1, 2, 3, 4, 5, 6, 8, 9, 10, 11, 12, 16, 17, 18, 19, 21, 22, 23], "neighbors": [17, 19, 15, 29, 26, 21, 14, 8, 20, 7, 30, 28, 39, 6, 31, 1, 23, 11, 0, 32]}, {"capacity": 216, "impossibleCargos": [0, 1, 2, 6, 8, 9, 10, 12, 13, 15, 17, 18, 20, 23, 24], "neighbors": [18, 15, 1, 19, 34, 20, 9, 25, 31, 16, 10, 39, 17, 29, 5, 36, 38, 22, 30]}, {"capacity": 210, "impossibleCargos": [0, 1, 3, 4, 5, 6, 7, 8, 10, 11, 12, 13, 14, 15, 16, 17, 19, 20, 21, 22, 23, 24], "neighbors": [23, 38, 27, 37, 5, 8, 18, 28, 32, 10, 0, 20, 39, 11, 34, 19, 22]}, {"capacity": 296, "impossibleCargos": [1, 4, 5, 6, 7, 9, 11, 12, 13, 14, 16, 17, 18, 20, 21, 23], "neighbors": [37, 35, 13, 33, 23, 38, 5, 28, 7, 34, 11, 10, 24, 9, 22, 2, 25, 3, 20]}, {"capacity": 256, "impossibleCargos": [0, 1, 2, 3, 4, 6, 10, 11, 12, 14, 16, 17, 18, 19, 20, 22, 23], "neighbors": [39, 32, 11, 19, 28, 16, 38, 6, 13, 34, 35, 4, 8, 31, 23, 2, 33, 3, 21]}, {"capacity": 284, "impossibleCargos": [0, 1, 2, 4, 5, 6, 7, 8, 10, 11, 13, 14, 15, 17, 20, 21, 22, 23, 24], "neighbors": [1, 0, 21, 31, 27, 14, 34, 6, 8, 30, 7, 29, 23, 37, 26, 33]}, {"capacity": 215, "impossibleCargos": [0, 1, 2, 3, 4, 5, 8, 15, 16, 17, 18, 20, 21, 22, 23], "neighbors": [28, 9, 31, 1, 34, 38, 24, 2, 13, 33, 26, 12, 8, 3, 17, 16, 30, 7, 0, 21, 5, 22]}, {"capacity": 296, "impossibleCargos": [0, 1, 3, 4, 5, 6, 7, 8, 9, 10, 11, 13, 14, 16, 17, 19, 20, 21, 22, 24], "neighbors": [34, 24, 0, 23, 1, 16, 22, 31, 37, 14, 32, 11, 17, 30, 21, 18, 33]}, {"capacity": 263, "impossibleCargos": [0, 1, 2, 4, 5, 8, 9, 10, 11, 12, 13, 14, 18, 19, 20, 21, 22, 23, 24], "neighbors": [0, 23, 29, 8, 36, 9, 20, 11, 3, 28, 18, 24, 17, 25, 35, 38, 19, 37, 16, 32, 14, 39, 15, 31, 27]}, {"capacity": 234, "impossibleCargos": [0, 1, 2, 3, 4, 5, 6, 7, 8, 9, 10, 12, 13, 16, 17, 19, 20, 21, 23, 24], "neighbors": [4, 10, 27, 0, 5, 12, 19, 33, 35, 22, 15, 24, 1, 2, 13, 39]}, {"capacity": 258, "impossibleCargos": [0, 3, 4, 5, 6, 7, 8, 9, 10, 11, 13, 14, 15, 16, 20, 21, 22, 23, 24], "neighbors": [6, 5, 2, 34, 19, 1, 0, 36, 37, 23, 18, 24, 22, 14, 32, 16, 39, 13]}, {"capacity": 285, "impossibleCargos": [0, 2, 3, 4, 5, 6, 7, 10, 11, 12, 13, 14, 18, 20], "neighbors": [4, 9, 24, 1, 12, 32, 26, 6, 35, 31, 37, 11, 21, 39, 13, 38, 36, 3, 15, 28, 29]}, {"capacity": 256, "impossibleCargos": [1, 2, 4, 6, 8, 9, 10, 11, 13, 15, 17, 19, 20, 21, 22, 23, 24], "neighbors": [4, 5, 21, 32, 20, 34, 0, 37, 13, 6, 12, 35, 11, 39, 38, 27, 22, 25, 23, 28]}, {"capacity": 275, "impossibleCargos": [0, 2, 3, 7, 8, 10, 11, 12, 13, 15, 19, 20, 21, 24], "neighbors": [6, 32, 37, 23, 21, 1, 13, 7, 22, 28, 15, 24, 36, 12, 2, 30]}, {"capacity": 278, "impossibleCargos": [1, 2, 3, 4, 5, 7, 8, 9, 10, 11, 12, 13, 14, 16, 17, 18, 19, 20, 22, 23, 24], "neighbors": [5, 9, 6, 1, 15, 0, 14, 31, 3, 39, 22, 37, 33, 13, 38, 34, 7, 29, 27]}, {"capacity": 231, "impossibleCargos": [0, 1, 3, 5, 6, 7, 10, 11, 12, 13, 15, 16, 17, 19, 20, 23, 24], "neighbors": [39, 28, 6, 21, 25, 17, 3, 13, 5, 22, 38, 24, 7, 1, 0, 27, 8, 36, 34, 35, 31]}, {"capacity": 289, "impossibleCargos": [1, 2, 3, 4, 6, 7, 8, 10, 11, 12, 13, 14, 16, 17, 18, 19, 20, 22, 23, 24], "neighbors": [36, 2, 18, 17, 10, 20, 5, 28, 22, 32, 16, 12, 35, 0, 29, 11, 9, 37]}, {"capacity": 247, "impossibleCargos": [0, 1, 2, 3, 4, 5, 6, 7, 11, 12, 13, 14, 15, 16, 18, 19, 20, 22, 23, 24], "neighbors": [29, 24, 2, 23, 12, 21, 0, 33, 20, 18, 8, 38, 14, 36, 19, 1, 15, 35, 31, 17, 3, 7, 6, 11]}, {"capacity": 262, "impossibleCargos": [0, 1, 2, 3, 4, 5, 6, 8, 9, 10, 11, 12, 13, 14, 15, 16, 17, 19, 20, 22, 23, 24], "neighbors": [35, 18, 13, 26, 7, 12, 33, 22, 8, 4, 0, 15, 10, 39, 30, 9, 25, 5, 17, 32, 2, 36]}, {"capacity": 269, "impossibleCargos": [0, 1, 2, 6, 8, 10, 11, 13, 14, 16, 18, 19, 20, 23, 24], "neighbors": [12, 27, 22, 36, 28, 16, 11, 13, 8, 20, 39, 15, 29, 18, 14, 2, 0, 25]}, {"capacity": 208, "impossibleCargos": [0, 1, 2, 3, 4, 5, 6, 8, 10, 11, 12, 14, 15, 16, 18, 20, 21, 22, 23, 24], "neighbors": [37, 20, 3, 6, 32, 4, 13, 33, 1, 39, 2, 8, 17, 0, 23, 24]}, {"capacity": 278, "impossibleCargos": [1, 2, 3, 4, 5, 6, 7, 9, 10, 11, 12, 13, 14, 15, 16, 19, 20, 22, 23], "neighbors": [37, 30, 27, 29, 23, 5, 16, 39, 11, 33, 4, 34, 10, 35]}, {"capacity": 250, "impossibleCargos": [0, 1, 2, 3, 5, 6, 7, 9, 10, 12, 13, 14, 15, 16, 18, 19, 20, 21, 22, 24], "neighbors": [33, 26, 24, 34, 36, 7, 10, 14, 30, 35, 17, 2, 28, 20, 13, 19]}, {"capacity": 234, "impossibleCargos": [0, 1, 2, 3, 4, 6, 7, 9, 10, 11, 12, 13, 14, 15, 16, 18, 19, 20, 21, 22, 23, 24], "neighbors": [11, 33, 39, 34, 20, 9, 24, 21, 13, 8, 5, 38, 37, 7, 1, 2, 18, 4, 27, 16, 17, 3]}, {"capacity": 278, "impossibleCargos": [0, 1, 2, 3, 4, 5, 8, 10, 11, 12, 14, 15, 16, 17, 18, 19, 20, 22, 23, 24], "neighbors": [3, 26, 22, 37, 5, 13, 2, 10, 6, 24, 21, 35, 19, 16]}, {"capacity": 293, "impossibleCargos": [1, 3, 4, 5, 7, 10, 12, 13, 15, 16, 17, 18, 21, 23, 24], "neighbors": [0, 26, 31, 2, 35, 34, 5, 10, 12, 27, 23, 11, 4, 32, 18, 6]}, {"capacity": 204, "impossibleCargos": [0, 1, 2, 3, 4, 5, 6, 7, 8, 10, 11, 13, 14, 17, 18, 19, 20, 23], "neighbors": [0, 30, 11, 1, 10, 3, 12, 6, 35, 19, 16, 32, 9, 39, 5, 34, 38, 22, 36, 13, 20]}, {"capacity": 260, "impossibleCargos": [0, 2, 3, 5, 6, 7, 9, 10, 11, 12, 15, 16, 18, 19, 21, 22, 24], "neighbors": [9, 18, 0, 3, 17, 33, 16, 25, 12, 2, 21, 7, 31, 37, 38, 15, 30, 13, 23, 4, 5]}, {"capacity": 230, "impossibleCargos": [0, 1, 2, 3, 5, 6, 7, 8, 9, 10, 12, 13, 14, 15, 17, 18, 19, 20, 21, 22, 23, 24], "neighbors": [27, 28, 1, 23, 0, 8, 32, 11, 14, 22, 36, 2, 35, 25, 26, 39, 19, 10, 12, 9]}, {"capacity": 232, "impossibleCargos": [0, 2, 3, 4, 5, 6, 7, 8, 10, 11, 12, 13, 15, 16, 19, 20, 21, 24], "neighbors": [12, 27, 28, 6, 11, 10, 17, 15, 9, 3, 30, 8, 26, 4, 31, 7, 19, 35, 38, 20]}, {"capacity": 226, "impossibleCargos": [0, 1, 3, 4, 5, 6, 7, 8, 9, 11, 13, 14, 15, 16, 21, 22, 23, 24], "neighbors": [23, 8, 30, 4, 39, 9, 1, 31, 17, 16, 33, 13, 14, 27, 0, 22, 21, 38, 34, 26, 2, 29, 20]}, {"capacity": 202, "impossibleCargos": [2, 3, 4, 5, 8, 9, 10, 11, 12, 13, 14, 16, 17, 18, 19, 20, 21, 22, 23], "neighbors": [0, 1, 21, 27, 24, 13, 2, 15, 33, 22, 18, 16, 6, 31, 37, 20, 23]}, {"capacity": 275, "impossibleCargos": [0, 1, 2, 3, 4, 5, 6, 7, 9, 13, 14, 15, 18, 19, 21, 22, 24], "neighbors": [26, 8, 18, 3, 25, 4, 29, 39, 7, 1, 12, 17, 28, 15, 16, 10, 32, 19, 13, 2, 36, 21]}, {"capacity": 203, "impossibleCargos": [1, 2, 3, 5, 6, 7, 8, 10, 13, 16, 18, 19, 22, 23], "neighbors": [4, 3, 7, 11, 9, 8, 39, 28, 20, 22, 17, 13, 31, 19, 16, 32, 35, 34, 6]}, {"capacity": 243, "impossibleCargos": [0, 1, 5, 6, 7, 8, 9, 10, 12, 13, 15, 17, 20, 22], "neighbors": [9, 3, 2, 28, 20, 37, 26, 35, 38, 6, 5, 23, 19, 17, 31, 7, 24, 25, 16, 33, 14, 4, 15, 13]}]}