{"volumes": [527, 223, 697, 232, 445, 0, 451, 553, 0, 0, 482, 479, 0, 954, 793, 0, 243, 274, 0, 236, 1195, 0, 242, 795, 642], "conflicts": [[0, 8], [0, 9], [0, 12], [1, 8], [1, 21], [2, 8], [2, 21], [3, 18], [4, 8], [4, 15], [4, 21], [5, 9], [5, 11], [5, 12], [5, 20], [5, 21], [5, 22], [5, 24], [6, 8], [6, 9], [8, 9], [8, 13], [8, 14], [8, 18], [8, 20], [9, 10], [9, 14], [9, 16], [9, 20], [9, 24], [10, 21], [11, 15], [11, 18], [12, 13], [12, 16], [12, 18], [15, 19], [15, 20], [15, 21], [16, 21], [18, 19], [18, 21], [21, 22], [21, 24]], "tanks": [{"capacity": 274, "impossibleCargos": [0, 3, 5, 7, 8, 9, 16, 20, 21], "neighbors": [18, 30, 8, 4, 25, 12, 24, 6, 14, 39, 28, 31, 33, 15, 7, 26, 35, 5, 21, 22, 11, 9, 3, 16, 38, 36, 29, 23, 37, 27]}, {"capacity": 257, "impossibleCargos": [2, 11, 15], "neighbors": [39, 24, 11, 18, 12, 6, 13, 3, 9, 38, 33, 32, 35, 7, 10, 21, 28, 36, 29, 31, 8, 37, 20, 15, 14, 26, 23]}, {"capacity": 245, "impossibleCargos": [8, 9, 23], "neighbors": [36, 22, 34, 23, 27, 7, 3, 18, 16, 37, 35, 4, 29, 24, 15, 20, 8, 32, 9, 11, 6, 38, 39, 17, 10, 13, 19, 31, 12, 5, 26]}, {"capacity": 299, "impossibleCargos": [4, 7, 11, 22, 24], "neighbors": [6, 7, 13, 9, 2, 21, 25, 1, 30, 8, 18, 12, 32, 39, 27, 24, 33, 22, 28, 0, 29, 26, 35, 11, 16, 20]}, {"capacity": 282, "impossibleCargos": [2, 5, 9, 10, 14, 15, 18, 20], "neighbors": [30, 14, 18, 0, 33, 28, 2, 10, 36, 23, 39, 21, 17, 16, 31, 38, 27, 20, 15, 7, 19, 8, 25, 22, 12]}, {"capacity": 249, "impossibleCargos": [1, 2, 6, 7, 14, 17, 19, 20, 21, 24], "neighbors": [22, 27, 6, 30, 25, 11, 7, 12, 20, 38, 19, 0, 32, 8, 26, 21, 33, 18, 39, 24, 29, 36, 14, 2, 31, 17]}, {"capacity": 228, "impossibleCargos": [4, 6, 7, 17, 18, 20, 22], "neighbors": [3, 28, 38, 27, 33, 29, 1, 5, 31, 0, 11, 10, 17, 35, 23, 13, 21, 30, 26, 12, 9, 25, 20, 19, 14, 18, 2, 37, 7, 36, 32, 39]}, {"capacity": 295, "impossibleCargos": [1, 2, 7, 9, 14, 18, 20, 23], "neighbors": [21, 3, 25, 31, 2, 12, 10, 27, 19, 5, 36, 11, 29, 17, 34, 0, 8, 15, 38, 13, 33, 28, 9, 1, 23, 26, 6, 39, 4, 16, 14]}, {"capacity": 269, "impossibleCargos": [0, 1, 8, 11, 19, 21], "neighbors": [24, 19, 18, 36, 38, 0, 17, 22, 29, 12, 26, 33, 23, 10, 2, 3, 35, 7, 13, 20, 5, 15, 27, 37, 21, 1, 16, 14, 4, 25]}, {"capacity": 213, "impossibleCargos": [10, 11, 13, 14, 21], "neighbors": [32, 20, 12, 3, 22, 28, 13, 1, 10, 36, 21, 2, 17, 6, 34, 37, 7, 15, 0, 29, 33, 35, 26]}, {"capacity": 276, "impossibleCargos": [1, 3, 10, 21, 23, 24], "neighbors": [13, 31, 21, 37, 7, 16, 23, 6, 4, 33, 12, 8, 11, 9, 14, 26, 28, 25, 29, 1, 24, 18, 30, 2, 19, 36, 34]}, {"capacity": 267, "impossibleCargos": [1, 2, 11, 16, 22, 24], "neighbors": [25, 33, 15, 1, 30, 24, 19, 29, 6, 5, 27, 10, 7, 20, 28, 39, 21, 38, 14, 26, 22, 32, 0, 16, 2, 36, 17, 35, 34, 3, 31, 13, 37]}, {"capacity": 207, "impossibleCargos": [8, 17, 21], "neighbors": [16, 38, 25, 23, 17, 9, 1, 14, 33, 8, 0, 7, 28, 34, 18, 26, 37, 39, 22, 10, 5, 30, 15, 3, 29, 21, 6, 19, 13, 32, 20, 2, 4, 27]}, {"capacity": 272, "impossibleCargos": [0, 1, 2, 4, 8, 9, 16, 22], "neighbors": [10, 18, 31, 3, 16, 29, 1, 30, 23, 36, 17, 28, 24, 20, 19, 9, 25, 35, 32, 37, 6, 15, 7, 8, 39, 34, 22, 27, 2, 12, 14, 11]}, {"capacity": 245, "impossibleCargos": [3, 5, 15, 18, 22, 23], "neighbors": [16, 15, 30, 4, 25, 36, 12, 26, 0, 39, 37, 34, 38, 24, 10, 32, 17, 31, 29, 11, 21, 6, 20, 8, 33, 13, 5, 23, 1, 7]}, {"capacity": 231, "impossibleCargos": [3, 5, 8, 22], "neighbors": [14, 39, 11, 20, 18, 25, 28, 30, 27, 2, 12, 0, 33, 13, 7, 8, 9, 38, 26, 29, 4, 23, 32, 1, 22, 24, 16, 37, 36]}, {"capacity": 276, "impossibleCargos": [0, 3, 12, 14, 17, 23, 24], "neighbors": [14, 12, 38, 13, 2, 17, 34, 33, 10, 22, 18, 20, 25, 29, 24, 37, 4, 11, 23, 32, 21, 19, 27, 28, 8, 0, 39, 7, 3, 31, 15]}, {"capacity": 252, "impossibleCargos": [9, 11, 13, 14, 24], "neighbors": [8, 34, 37, 12, 20, 16, 35, 13, 29, 6, 26, 27, 7, 39, 14, 4, 33, 9, 25, 36, 31, 11, 2, 30, 21, 19, 23, 5]}, {"capacity": 287, "impossibleCargos": [7, 19], "neighbors": [38, 30, 0, 8, 4, 31, 13, 1, 15, 2, 36, 24, 21, 12, 25, 39, 16, 26, 29, 34, 3, 23, 35, 22, 6, 5, 32, 10, 20, 37]}, {"capacity": 249, "impossibleCargos": [2, 11, 13, 15], "neighbors": [39, 8, 38, 31, 34, 11, 32, 25, 13, 7, 23, 33, 22, 5, 12, 6, 28, 21, 16, 37, 29, 10, 20, 2, 4, 36, 26, 17]}, {"capacity": 294, "impossibleCargos": [5, 9, 10, 12, 19, 22], "neighbors": [9, 26, 24, 15, 39, 17, 33, 13, 2, 16, 11, 5, 31, 27, 8, 6, 23, 14, 29, 30, 4, 32, 19, 1, 12, 18, 36, 3]}, {"capacity": 227, "impossibleCargos": [5, 19, 23], "neighbors": [7, 25, 10, 3, 37, 18, 33, 27, 31, 4, 9, 11, 12, 6, 22, 0, 35, 39, 28, 5, 14, 1, 16, 19, 32, 8, 30, 17, 36, 29]}, {"capacity": 218, "impossibleCargos": [5, 6, 8, 12, 14, 18, 19, 23], "neighbors": [5, 2, 8, 9, 31, 26, 16, 33, 12, 38, 25, 27, 19, 21, 11, 0, 37, 18, 3, 30, 13, 36, 15, 34, 28, 29, 4, 39]}, {"capacity": 230, "impossibleCargos": [1, 7, 12], "neighbors": [2, 12, 39, 24, 29, 13, 10, 8, 4, 26, 19, 6, 18, 28, 32, 7, 31, 33, 16, 20, 37, 35, 15, 25, 14, 0, 1, 38, 17]}, {"capacity": 288, "impossibleCargos": [0, 8, 9, 16, 20], "neighbors": [8, 1, 23, 20, 35, 11, 39, 18, 0, 28, 30, 38, 2, 13, 36, 14, 16, 27, 25, 3, 29, 10, 33, 37, 5, 15, 34, 26]}, {"capacity": 271, "impossibleCargos": [2, 3, 8, 10, 16, 17, 20, 24], "neighbors": [11, 39, 21, 38, 35, 12, 14, 7, 37, 0, 32, 31, 3, 15, 5, 26, 19, 18, 29, 27, 13, 16, 22, 10, 6, 24, 36, 17, 34, 33, 28, 23, 8, 30, 4]}, {"capacity": 274, "impossibleCargos": [4, 5, 6, 16, 17, 20, 21], "neighbors": [20, 33, 14, 25, 8, 22, 12, 17, 18, 23, 38, 10, 6, 0, 29, 28, 11, 27, 5, 34, 30, 7, 39, 15, 3, 9, 31, 19, 1, 24, 2]}, {"capacity": 207, "impossibleCargos": [0, 9, 12, 14, 17, 19, 20], "neighbors": [6, 30, 2, 5, 7, 15, 11, 25, 21, 28, 17, 38, 29, 39, 22, 20, 3, 24, 26, 8, 37, 16, 4, 13, 34, 35, 0, 12, 33]}, {"capacity": 219, "impossibleCargos": [0, 1, 2, 3, 4, 10, 16, 21, 22], "neighbors": [6, 39, 32, 4, 15, 24, 12, 0, 9, 13, 27, 11, 30, 23, 10, 7, 33, 26, 21, 1, 19, 3, 34, 37, 16, 25, 22, 36, 29]}, {"capacity": 237, "impossibleCargos": [6, 10, 14, 16, 21, 22], "neighbors": [38, 36, 6, 23, 13, 8, 11, 2, 39, 17, 30, 25, 18, 7, 12, 16, 33, 27, 31, 14, 26, 10, 24, 9, 1, 20, 3, 19, 15, 37, 5, 0, 21, 28, 22, 35]}, {"capacity": 270, "impossibleCargos": [2, 4, 12, 14, 16, 18, 20, 22], "neighbors": [18, 4, 14, 0, 27, 33, 11, 13, 5, 15, 24, 29, 12, 3, 36, 28, 6, 38, 22, 31, 21, 20, 26, 37, 35, 10, 17, 25]}, {"capacity": 244, "impossibleCargos": [3, 6, 13, 17, 22], "neighbors": [18, 10, 7, 19, 13, 25, 6, 22, 0, 21, 37, 20, 14, 29, 32, 4, 23, 30, 1, 17, 11, 2, 26, 16, 5]}, {"capacity": 262, "impossibleCargos": [3, 9, 12, 14, 17], "neighbors": [9, 28, 25, 39, 19, 13, 36, 14, 2, 3, 37, 1, 38, 5, 31, 11, 23, 16, 21, 18, 34, 20, 6, 15, 12, 33]}, {"capacity": 296, "impossibleCargos": [1, 2, 5, 11, 16], "neighbors": [11, 6, 4, 30, 26, 12, 16, 21, 8, 20, 0, 10, 22, 1, 29, 15, 19, 17, 7, 28, 38, 35, 39, 3, 36, 23, 9, 5, 37, 25, 24, 14, 34, 27, 32]}, {"capacity": 251, "impossibleCargos": [8, 15, 17, 19, 21], "neighbors": [2, 17, 19, 36, 38, 16, 12, 14, 18, 7, 9, 39, 26, 25, 28, 32, 13, 11, 27, 33, 22, 24, 10]}, {"capacity": 221, "impossibleCargos": [2, 3, 5, 7, 11, 17, 23], "neighbors": [39, 25, 24, 2, 17, 13, 8, 6, 1, 0, 38, 33, 18, 21, 9, 36, 30, 11, 23, 3, 27, 29]}, {"capacity": 262, "impossibleCargos": [0, 11], "neighbors": [2, 8, 29, 14, 34, 18, 13, 4, 24, 7, 32, 30, 9, 25, 33, 17, 1, 35, 11, 22, 6, 0, 37, 10, 5, 19, 21, 38, 15, 28, 20]}, {"capacity": 238, "impossibleCargos": [0, 1, 10, 15], "neighbors": [25, 17, 2, 21, 10, 14, 12, 39, 13, 31, 38, 32, 16, 9, 8, 27, 22, 23, 33, 28, 19, 30, 6, 36, 24, 29, 1, 15, 18, 11, 0]}, {"capacity": 252, "impossibleCargos": [3, 4, 6, 13], "neighbors": [18, 29, 12, 8, 25, 6, 19, 16, 34, 24, 14, 22, 1, 26, 37, 27, 5, 11, 7, 32, 35, 33, 30, 15, 4, 2, 0, 39, 36, 23]}, {"capacity": 284, "impossibleCargos": [0, 5, 12, 15, 18, 20, 22], "neighbors": [25, 19, 35, 28, 1, 15, 23, 20, 24, 32, 0, 14, 29, 18, 12, 4, 37, 17, 11, 27, 3, 21, 33, 34, 13, 26, 5, 2, 7, 16, 38, 6, 22]}]}