{"volumes": [669, 0, 278, 521, 236, 225, 450, 645, 463, 521, 643, 439, 706, 0, 0, 470, 219, 481, 246, 275, 260, 0, 0, 184, 1180], "conflicts": [[0, 1], [0, 13], [0, 14], [1, 4], [1, 8], [1, 9], [1, 10], [1, 12], [1, 13], [1, 14], [1, 15], [1, 16], [1, 18], [1, 19], [1, 21], [1, 22], [1, 23], [2, 13], [2, 14], [2, 22], [3, 21], [3, 22], [4, 13], [4, 15], [4, 21], [4, 22], [5, 16], [5, 22], [6, 13], [6, 18], [6, 22], [7, 13], [8, 21], [8, 22], [9, 14], [9, 21], [10, 22], [12, 13], [12, 21], [13, 16], [13, 22], [13, 23], [14, 15], [14, 16], [14, 17], [14, 19], [14, 24], [15, 22], [18, 22], [18, 23], [19, 22], [20, 21], [20, 22], [21, 22], [21, 23], [22, 24]], "tanks": [{"capacity": 253, "impossibleCargos": [0, 8, 11, 12, 16, 18], "neighbors": [22, 4, 28, 27, 26, 11, 12, 13, 7, 18, 23, 8, 6, 36, 39, 17, 19, 30, 3, 32, 34, 21, 5, 15, 29, 24, 9]}, {"capacity": 258, "impossibleCargos": [9, 11, 16], "neighbors": [13, 35, 3, 33, 14, 21, 36, 24, 19, 7, 4, 6, 5, 30, 15, 26, 10, 37, 22, 25, 11, 23, 17, 27, 2, 31, 12, 34, 32, 9, 16]}, {"capacity": 232, "impossibleCargos": [1, 2, 8, 14, 19], "neighbors": [38, 25, 37, 28, 26, 29, 7, 3, 10, 14, 18, 13, 16, 33, 36, 17, 8, 15, 22, 4, 1, 31, 21]}, {"capacity": 284, "impossibleCargos": [0, 5, 6, 8, 12, 14, 16, 20, 22, 23, 24], "neighbors": [16, 20, 29, 35, 22, 4, 28, 1, 32, 19, 31, 18, 21, 15, 30, 2, 7, 8, 33, 24, 5, 12, 27, 10, 11, 25, 0, 13, 39, 37, 9, 14, 17, 34]}, {"capacity": 254, "impossibleCargos": [2, 5, 12, 14, 17], "neighbors": [15, 35, 33, 34, 0, 3, 27, 19, 24, 36, 1, 32, 23, 31, 14, 38, 13, 26, 30, 5, 20, 2, 12, 21, 39, 25, 28, 18, 9, 29]}, {"capacity": 286, "impossibleCargos": [0, 1, 3, 8, 9, 14, 24], "neighbors": [35, 9, 22, 16, 11, 18, 10, 15, 37, 26, 27, 19, 13, 34, 30, 14, 33, 3, 39, 1, 29, 21, 31, 12, 24, 20, 4, 0, 17, 7]}, {"capacity": 206, "impossibleCargos": [0, 1, 3, 6, 12, 21], "neighbors": [9, 11, 39, 34, 20, 38, 30, 0, 19, 7, 1, 8, 33, 12, 22, 16, 10, 18, 32, 17, 13, 27, 14, 24, 31, 37]}, {"capacity": 230, "impossibleCargos": [3, 6, 10, 14, 23], "neighbors": [31, 10, 36, 20, 12, 9, 28, 0, 2, 26, 3, 37, 1, 13, 6, 27, 18, 23, 39, 16, 19, 15, 8, 5, 35, 21, 24, 38, 34, 32, 22, 11]}, {"capacity": 248, "impossibleCargos": [0, 1, 2, 3, 7, 20], "neighbors": [29, 11, 16, 34, 24, 35, 27, 37, 32, 9, 31, 33, 3, 22, 0, 13, 26, 6, 36, 39, 19, 15, 25, 30, 2, 28, 10, 7, 17, 20, 18]}, {"capacity": 202, "impossibleCargos": [0, 2, 8, 12, 21], "neighbors": [6, 26, 16, 23, 20, 10, 30, 15, 5, 22, 24, 7, 19, 8, 18, 36, 38, 28, 17, 14, 31, 33, 11, 3, 34, 39, 12, 4, 0, 1]}, {"capacity": 224, "impossibleCargos": [3, 4, 7, 13, 17, 19, 22, 23], "neighbors": [39, 18, 34, 9, 7, 33, 20, 5, 32, 12, 2, 36, 35, 37, 15, 3, 38, 26, 30, 1, 14, 21, 6, 8, 17, 29, 24, 25, 31]}, {"capacity": 258, "impossibleCargos": [0, 1, 2, 10, 18, 19, 20, 24], "neighbors": [6, 31, 12, 8, 14, 36, 0, 35, 5, 38, 32, 28, 16, 30, 3, 19, 15, 27, 23, 9, 1, 26, 22, 34, 39, 13, 29, 20, 37, 33, 21, 24, 7, 18]}, {"capacity": 210, "impossibleCargos": [5, 7, 8, 9, 11, 13, 14, 15, 17, 19], "neighbors": [33, 38, 24, 11, 30, 7, 0, 35, 29, 10, 15, 22, 3, 28, 25, 31, 19, 39, 13, 6, 5, 26, 27, 18, 23, 4, 1, 36, 9, 32, 14, 16]}, {"capacity": 245, "impossibleCargos": [2, 4, 7, 15, 16, 18, 23], "neighbors": [18, 15, 24, 1, 26, 17, 30, 20, 33, 0, 22, 28, 5, 7, 8, 2, 36, 37, 16, 14, 4, 12, 27, 3, 6, 11, 25, 21]}, {"capacity": 200, "impossibleCargos": [2, 4, 5, 7, 17], "neighbors": [30, 31, 11, 28, 1, 32, 15, 23, 5, 2, 24, 29, 18, 9, 4, 13, 10, 19, 20, 38, 25, 39, 6, 3, 27, 36, 12, 37]}, {"capacity": 269, "impossibleCargos": [4, 6, 10, 15, 19, 23], "neighbors": [4, 13, 32, 28, 16, 9, 14, 5, 34, 12, 3, 24, 39, 10, 37, 11, 1, 17, 38, 21, 19, 8, 31, 7, 2, 35, 27, 0, 20, 30, 36]}, {"capacity": 245, "impossibleCargos": [2, 6, 11, 12, 13, 16, 19, 21, 23, 24], "neighbors": [37, 3, 15, 33, 31, 9, 8, 36, 38, 21, 5, 22, 32, 34, 29, 20, 28, 11, 25, 2, 17, 13, 27, 35, 7, 30, 6, 12, 1]}, {"capacity": 252, "impossibleCargos": [10, 14, 19, 23], "neighbors": [21, 13, 29, 27, 37, 28, 38, 31, 23, 35, 34, 36, 0, 9, 16, 15, 30, 39, 32, 25, 2, 1, 6, 5, 10, 8, 19, 3, 24, 26]}, {"capacity": 231, "impossibleCargos": [5, 6, 14, 19, 20, 21, 24], "neighbors": [13, 26, 10, 5, 33, 3, 0, 9, 2, 14, 7, 27, 30, 21, 12, 6, 28, 24, 20, 25, 23, 4, 36, 8, 31, 32, 11]}, {"capacity": 229, "impossibleCargos": [1, 2, 4, 9, 15, 16, 17], "neighbors": [27, 3, 31, 4, 9, 24, 29, 38, 1, 5, 25, 21, 6, 26, 11, 33, 20, 0, 12, 23, 22, 15, 14, 8, 7, 28, 30, 17, 35]}, {"capacity": 277, "impossibleCargos": [2, 6, 8, 10, 13, 16, 21], "neighbors": [3, 22, 9, 26, 10, 7, 13, 34, 6, 25, 16, 38, 19, 28, 14, 27, 5, 21, 4, 30, 18, 37, 15, 11, 33, 8]}, {"capacity": 248, "impossibleCargos": [0, 1, 5, 9, 11, 13, 14, 15, 17, 18, 21, 24], "neighbors": [17, 34, 16, 1, 27, 31, 3, 38, 32, 19, 36, 35, 39, 29, 5, 24, 26, 18, 15, 10, 30, 20, 37, 0, 4, 7, 11, 25, 13, 2, 23, 33]}, {"capacity": 236, "impossibleCargos": [0, 1, 2, 11, 12, 13, 14, 16, 21], "neighbors": [20, 29, 0, 36, 3, 33, 9, 5, 26, 35, 16, 13, 31, 8, 12, 27, 30, 32, 1, 19, 38, 11, 24, 6, 23, 2, 34, 28, 37, 7]}, {"capacity": 276, "impossibleCargos": [7, 16, 19, 21], "neighbors": [25, 9, 28, 14, 17, 29, 34, 36, 0, 4, 38, 7, 11, 19, 1, 22, 12, 27, 18, 39, 31, 21, 33, 35]}, {"capacity": 246, "impossibleCargos": [1, 3, 8, 13, 14, 15, 16], "neighbors": [29, 12, 13, 30, 8, 9, 19, 4, 1, 15, 26, 32, 34, 3, 14, 21, 31, 28, 22, 5, 25, 18, 10, 0, 7, 39, 27, 37, 6, 17, 11, 33]}, {"capacity": 270, "impossibleCargos": [4, 8, 15, 21, 22], "neighbors": [23, 2, 27, 20, 19, 34, 12, 28, 16, 39, 3, 1, 17, 14, 33, 8, 24, 29, 38, 18, 13, 26, 10, 4, 21, 35]}, {"capacity": 242, "impossibleCargos": [12, 14, 16, 18, 21], "neighbors": [9, 18, 13, 36, 20, 0, 22, 35, 2, 29, 5, 39, 27, 7, 24, 19, 8, 38, 1, 10, 4, 21, 11, 12, 33, 30, 37, 25, 17, 31]}, {"capacity": 282, "impossibleCargos": [2, 5, 9, 10, 17, 21, 23], "neighbors": [19, 4, 17, 0, 25, 21, 8, 31, 32, 5, 26, 33, 22, 3, 35, 7, 38, 11, 16, 18, 39, 13, 20, 12, 1, 15, 6, 23, 14, 24, 36, 29]}, {"capacity": 287, "impossibleCargos": [10, 12, 14, 17, 20], "neighbors": [15, 39, 38, 0, 3, 23, 32, 30, 14, 2, 17, 36, 7, 29, 13, 31, 16, 11, 12, 9, 25, 20, 33, 24, 35, 19, 8, 22, 18, 34, 4]}, {"capacity": 214, "impossibleCargos": [3, 4, 7, 13, 16, 21, 22, 23], "neighbors": [37, 24, 8, 3, 22, 17, 26, 19, 34, 2, 12, 23, 32, 16, 28, 31, 36, 33, 14, 35, 39, 5, 21, 25, 30, 0, 11, 10, 27, 4]}, {"capacity": 271, "impossibleCargos": [2, 3, 11, 12, 22, 23], "neighbors": [14, 24, 9, 28, 13, 32, 12, 34, 36, 3, 6, 5, 22, 11, 1, 0, 10, 35, 17, 18, 4, 16, 26, 21, 8, 19, 20, 29, 15]}, {"capacity": 229, "impossibleCargos": [3, 8, 10, 16, 18, 19], "neighbors": [7, 39, 11, 16, 14, 33, 32, 19, 3, 17, 27, 21, 8, 38, 22, 29, 28, 4, 12, 24, 9, 5, 15, 1, 23, 2, 18, 10, 34, 6, 26]}, {"capacity": 227, "impossibleCargos": [3, 7, 16, 22], "neighbors": [37, 15, 3, 28, 31, 14, 30, 38, 10, 16, 8, 29, 27, 24, 11, 21, 4, 22, 0, 34, 17, 39, 6, 35, 33, 36, 7, 18, 12, 1]}, {"capacity": 285, "impossibleCargos": [0, 5, 9, 11, 17, 18, 20], "neighbors": [12, 16, 4, 22, 31, 38, 1, 10, 18, 13, 37, 8, 35, 3, 39, 27, 5, 29, 19, 2, 6, 9, 28, 26, 25, 32, 11, 20, 21, 23, 24]}, {"capacity": 259, "impossibleCargos": [4, 5, 9, 12, 16, 17, 18, 20, 23], "neighbors": [4, 8, 21, 10, 6, 29, 30, 16, 20, 23, 35, 15, 5, 17, 25, 24, 38, 32, 11, 39, 0, 22, 28, 9, 1, 3, 7, 31]}, {"capacity": 202, "impossibleCargos": [8, 10, 14, 15, 16], "neighbors": [5, 4, 37, 3, 1, 38, 8, 11, 26, 22, 12, 34, 17, 33, 10, 29, 27, 21, 30, 16, 28, 32, 15, 7, 36, 19, 25, 23]}, {"capacity": 220, "impossibleCargos": [17, 18, 19, 20, 22], "neighbors": [38, 22, 16, 26, 11, 7, 28, 1, 30, 23, 10, 4, 17, 29, 9, 0, 13, 21, 8, 37, 2, 35, 18, 12, 32, 15, 14, 27]}, {"capacity": 253, "impossibleCargos": [4, 14, 15, 19, 24], "neighbors": [29, 16, 32, 35, 2, 17, 5, 8, 38, 33, 10, 7, 15, 13, 1, 36, 3, 26, 21, 20, 11, 24, 22, 6, 14]}, {"capacity": 220, "impossibleCargos": [0, 1, 3, 4, 5, 10, 12, 19, 23], "neighbors": [36, 12, 2, 28, 35, 33, 16, 17, 32, 19, 6, 37, 31, 11, 21, 39, 9, 20, 23, 10, 26, 27, 4, 15, 34, 22, 14, 25, 7]}, {"capacity": 241, "impossibleCargos": [7, 8, 9, 11, 17, 18], "neighbors": [6, 31, 10, 28, 26, 15, 33, 38, 0, 5, 29, 25, 21, 8, 12, 27, 7, 17, 3, 32, 14, 34, 11, 4, 23, 9, 24]}]}