{"volumes": [0, 198, 249, 720, 426, 0, 0, 456, 213, 702, 410, 0, 547, 0, 464, 201, 1151, 449, 456, 671, 412, 226, 0, 457, 499], "conflicts": [[0, 1], [0, 3], [0, 4], [0, 5], [0, 6], [0, 8], [0, 9], [0, 11], [0, 12], [0, 13], [0, 14], [0, 15], [0, 16], [0, 18], [0, 21], [0, 22], [0, 23], [1, 2], [1, 5], [1, 6], [1, 22], [2, 5], [2, 6], [2, 11], [2, 13], [2, 22], [3, 11], [3, 13], [3, 22], [4, 6], [4, 10], [4, 11], [4, 13], [4, 22], [5, 7], [5, 8], [5, 9], [5, 11], [5, 12], [5, 13], [5, 14], [5, 15], [5, 16], [5, 17], [5, 18], [5, 19], [5, 20], [5, 21], [5, 22], [5, 23], [5, 24], [6, 8], [6, 9], [6, 10], [6, 11], [6, 12], [6, 13], [6, 14], [6, 15], [6, 16], [6, 17], [6, 18], [6, 19], [6, 20], [6, 21], [6, 22], [6, 23], [6, 24], [7, 11], [7, 13], [7, 15], [8, 11], [8, 22], [9, 11], [9, 22], [10, 11], [10, 21], [11, 15], [11, 16], [11, 17], [11, 18], [11, 19], [11, 20], [11, 21], [11, 22], [11, 23], [11, 24], [12, 13], [12, 22], [13, 14], [13, 15], [13, 16], [13, 17], [13, 18], [13, 21], [13, 23], [13, 24], [14, 22], [15, 21], [17, 22], [18, 22], [19, 22], [20, 22], [21, 22], [21, 23], [22, 23], [22, 24]], "tanks": [{"capacity": 266, "impossibleCargos": [4, 7, 8, 10, 11, 13, 20, 23, 24], "neighbors": [6, 23, 2, 31, 11, 32, 26, 1, 35, 9, 10, 28, 4, 15, 39, 36, 27, 8, 13, 5, 21, 12, 34, 25, 38, 30, 3, 19, 7, 20, 16, 29, 33, 22, 18]}, {"capacity": 286, "impossibleCargos": [5, 13, 15, 16, 20, 22], "neighbors": [5, 13, 29, 34, 39, 26, 10, 15, 0, 18, 16, 33, 8, 30, 9, 20, 21, 27, 36, 17, 11, 23, 2, 14, 32, 37, 6, 3, 31, 24]}, {"capacity": 248, "impossibleCargos": [7, 11, 24], "neighbors": [37, 36, 31, 23, 24, 0, 6, 18, 8, 19, 28, 30, 33, 7, 20, 4, 25, 39, 15, 1, 13, 9, 14, 12, 21, 17, 16, 22]}, {"capacity": 206, "impossibleCargos": [1, 10, 14, 19, 20], "neighbors": [35, 39, 4, 8, 17, 27, 16, 21, 29, 12, 26, 36, 25, 19, 20, 30, 5, 34, 15, 28, 14, 9, 1, 7, 33, 31, 24, 37, 11, 0, 23, 18, 32]}, {"capacity": 214, "impossibleCargos": [0, 1, 7, 8, 9, 13, 18, 19, 20, 21, 24], "neighbors": [3, 29, 25, 6, 27, 30, 26, 28, 35, 21, 34, 23, 14, 22, 0, 11, 2, 24, 7, 5, 38, 37, 19, 36, 12, 10, 9]}, {"capacity": 211, "impossibleCargos": [4, 5, 16, 17, 24], "neighbors": [1, 26, 29, 17, 22, 39, 37, 25, 15, 34, 10, 6, 24, 33, 35, 12, 3, 20, 7, 4, 0, 16, 9, 38, 23, 30]}, {"capacity": 241, "impossibleCargos": [1, 3, 5, 8, 10, 14], "neighbors": [0, 18, 4, 15, 2, 7, 19, 14, 21, 24, 5, 10, 16, 9, 29, 35, 8, 30, 11, 31, 34, 36, 20, 1, 32, 28, 38]}, {"capacity": 212, "impossibleCargos": [1, 7, 8, 10, 11, 13, 14, 17, 19, 23, 24], "neighbors": [26, 16, 35, 24, 6, 20, 14, 37, 39, 12, 2, 36, 22, 32, 15, 8, 4, 29, 5, 19, 3, 9, 10, 30, 13, 34, 0, 38]}, {"capacity": 236, "impossibleCargos": [0, 6, 15, 21, 22], "neighbors": [30, 10, 13, 9, 2, 3, 29, 15, 18, 22, 34, 21, 35, 28, 19, 1, 6, 12, 32, 26, 0, 31, 7, 11, 36, 27, 39, 37, 24, 25, 17]}, {"capacity": 212, "impossibleCargos": [2, 9, 13, 18, 19, 23], "neighbors": [13, 8, 14, 31, 19, 38, 11, 30, 29, 33, 32, 26, 15, 37, 25, 39, 6, 36, 23, 0, 10, 1, 24, 20, 35, 34, 3, 12, 2, 7, 5, 28, 4, 27]}, {"capacity": 298, "impossibleCargos": [1, 21, 22], "neighbors": [19, 21, 8, 18, 34, 16, 29, 39, 33, 27, 5, 1, 6, 13, 30, 0, 9, 23, 15, 36, 31, 17, 37, 7, 12, 22, 4, 25, 35, 28]}, {"capacity": 208, "impossibleCargos": [0, 4, 14, 16, 18], "neighbors": [23, 37, 18, 16, 9, 31, 20, 0, 12, 32, 39, 14, 21, 38, 34, 4, 36, 1, 35, 6, 15, 8, 17, 3, 26, 13]}, {"capacity": 225, "impossibleCargos": [1, 4, 7, 10], "neighbors": [13, 26, 14, 18, 19, 17, 28, 34, 11, 35, 23, 38, 27, 15, 30, 7, 3, 36, 21, 8, 5, 9, 2, 20, 0, 10, 16, 24, 25, 4, 32]}, {"capacity": 218, "impossibleCargos": [3, 9, 12, 17, 20], "neighbors": [12, 1, 35, 16, 9, 37, 8, 25, 26, 23, 33, 22, 39, 29, 10, 17, 36, 32, 38, 0, 2, 28, 15, 7, 20, 14, 21, 30, 11, 18]}, {"capacity": 231, "impossibleCargos": [0, 7, 8, 9, 11, 21], "neighbors": [27, 12, 16, 9, 18, 32, 30, 39, 7, 6, 20, 24, 4, 22, 35, 34, 31, 11, 38, 21, 36, 1, 3, 2, 29, 25, 13]}, {"capacity": 281, "impossibleCargos": [0, 3, 5, 18, 20, 23], "neighbors": [17, 30, 37, 18, 23, 25, 33, 6, 19, 26, 5, 8, 20, 9, 21, 12, 1, 32, 24, 0, 16, 31, 3, 7, 35, 10, 2, 11, 34, 13, 36, 27]}, {"capacity": 243, "impossibleCargos": [1, 2, 4, 12, 17, 19, 24], "neighbors": [22, 13, 17, 14, 11, 7, 10, 27, 21, 32, 30, 3, 6, 26, 23, 35, 1, 15, 24, 20, 25, 5, 39, 12, 29, 18, 0, 2, 36]}, {"capacity": 280, "impossibleCargos": [4, 5, 6, 8, 9, 10, 13, 16, 17], "neighbors": [23, 15, 16, 5, 39, 31, 12, 3, 35, 13, 21, 33, 34, 37, 1, 26, 18, 19, 11, 22, 10, 27, 24, 25, 2, 32, 8]}, {"capacity": 207, "impossibleCargos": [1, 15], "neighbors": [29, 6, 10, 11, 15, 12, 34, 14, 26, 21, 2, 36, 8, 38, 35, 28, 1, 33, 37, 20, 17, 24, 22, 25, 31, 16, 32, 39, 0, 3, 13]}, {"capacity": 258, "impossibleCargos": [8, 9, 14, 15, 20], "neighbors": [10, 30, 23, 31, 28, 15, 33, 9, 12, 6, 2, 8, 26, 24, 39, 25, 3, 32, 17, 7, 22, 27, 20, 29, 4, 38, 0, 21]}, {"capacity": 258, "impossibleCargos": [1, 5, 8, 14, 17, 19, 22], "neighbors": [35, 37, 39, 31, 23, 7, 11, 34, 15, 26, 14, 38, 2, 9, 1, 3, 18, 33, 5, 16, 32, 6, 24, 12, 19, 28, 27, 13, 0, 36]}, {"capacity": 248, "impossibleCargos": [2, 3, 14, 17, 20], "neighbors": [10, 24, 25, 18, 4, 34, 6, 39, 23, 16, 8, 15, 37, 26, 3, 17, 12, 11, 27, 29, 30, 14, 1, 0, 2, 28, 38, 19, 13]}, {"capacity": 210, "impossibleCargos": [0, 1, 2, 3, 8, 14, 18], "neighbors": [32, 16, 30, 39, 5, 8, 37, 24, 13, 14, 4, 25, 7, 28, 29, 36, 19, 18, 27, 17, 35, 38, 10, 31, 0, 23, 2]}, {"capacity": 299, "impossibleCargos": [5, 8, 9, 11, 12, 13, 24], "neighbors": [11, 17, 19, 35, 2, 15, 0, 31, 13, 37, 20, 12, 29, 21, 24, 4, 16, 36, 9, 10, 25, 1, 5, 26, 3, 22]}, {"capacity": 204, "impossibleCargos": [3, 5, 8, 13, 17, 18, 20, 22, 23, 24], "neighbors": [21, 25, 28, 34, 2, 7, 31, 33, 37, 6, 22, 23, 14, 39, 26, 5, 38, 15, 19, 35, 9, 16, 4, 18, 20, 3, 29, 17, 12, 8, 32, 1, 27]}, {"capacity": 204, "impossibleCargos": [2, 11, 15, 18], "neighbors": [24, 21, 13, 4, 15, 33, 5, 29, 26, 9, 31, 22, 23, 3, 19, 37, 2, 34, 35, 38, 16, 30, 14, 0, 18, 27, 32, 17, 12, 10, 8]}, {"capacity": 295, "impossibleCargos": [3, 5, 7, 9, 11, 18, 23, 24], "neighbors": [5, 39, 12, 33, 13, 37, 15, 7, 4, 18, 31, 9, 32, 20, 1, 35, 21, 16, 24, 25, 0, 19, 3, 8, 29, 17, 36, 28, 23, 34, 11, 38]}, {"capacity": 251, "impossibleCargos": [0, 4, 5, 6, 22], "neighbors": [35, 14, 4, 16, 34, 3, 10, 12, 31, 21, 0, 1, 29, 28, 22, 19, 17, 32, 8, 20, 25, 15, 33, 9, 36, 24]}, {"capacity": 240, "impossibleCargos": [3, 4, 5, 9, 16, 17, 24], "neighbors": [19, 24, 4, 12, 31, 2, 39, 18, 8, 0, 36, 34, 22, 3, 27, 35, 13, 26, 20, 21, 30, 6, 38, 9, 29, 33, 10]}, {"capacity": 200, "impossibleCargos": [2, 8, 13, 16], "neighbors": [18, 5, 4, 1, 9, 10, 37, 8, 23, 32, 25, 13, 3, 6, 36, 21, 39, 26, 27, 33, 7, 35, 22, 14, 19, 24, 16, 0, 34, 31, 38, 28]}, {"capacity": 232, "impossibleCargos": [2, 5, 17, 18, 21, 23], "neighbors": [19, 8, 15, 22, 34, 4, 9, 14, 39, 37, 2, 38, 16, 12, 10, 1, 6, 21, 3, 25, 33, 7, 0, 28, 13, 35, 5]}, {"capacity": 291, "impossibleCargos": [3, 17, 19, 22, 23], "neighbors": [2, 19, 36, 17, 9, 38, 23, 20, 11, 0, 26, 24, 28, 25, 14, 27, 32, 15, 8, 6, 39, 10, 3, 18, 35, 1, 22, 29]}, {"capacity": 243, "impossibleCargos": [0, 1, 6, 7, 10, 11, 14, 17, 22], "neighbors": [22, 38, 14, 9, 26, 16, 29, 37, 39, 15, 0, 11, 31, 13, 8, 7, 19, 20, 1, 27, 33, 6, 34, 25, 18, 12, 24, 17, 3]}, {"capacity": 224, "impossibleCargos": [2, 7, 20, 21, 24], "neighbors": [26, 38, 15, 25, 19, 9, 13, 24, 10, 2, 36, 5, 17, 1, 18, 39, 20, 29, 37, 3, 30, 32, 0, 28, 27]}, {"capacity": 243, "impossibleCargos": [9, 10, 14, 18, 19, 21, 22], "neighbors": [37, 18, 30, 24, 10, 1, 12, 20, 27, 21, 5, 4, 8, 14, 11, 17, 9, 38, 3, 39, 25, 28, 6, 35, 15, 0, 32, 26, 7, 29]}, {"capacity": 217, "impossibleCargos": [5, 13, 18, 20], "neighbors": [37, 3, 27, 13, 38, 20, 23, 39, 7, 4, 12, 18, 8, 26, 17, 14, 0, 16, 5, 24, 6, 9, 15, 11, 25, 29, 28, 34, 22, 31, 30, 10, 36]}, {"capacity": 255, "impossibleCargos": [8, 13, 15, 20, 22], "neighbors": [2, 31, 18, 33, 23, 7, 12, 9, 3, 13, 29, 0, 1, 28, 11, 14, 6, 22, 8, 38, 10, 26, 4, 37, 15, 20, 35, 27, 16]}, {"capacity": 221, "impossibleCargos": [4, 8, 13, 14, 15, 18], "neighbors": [11, 2, 35, 13, 15, 26, 34, 20, 38, 23, 5, 30, 29, 24, 22, 32, 7, 9, 21, 18, 17, 25, 1, 33, 10, 4, 3, 8, 36]}, {"capacity": 219, "impossibleCargos": [3, 4, 9, 13, 18, 22], "neighbors": [35, 33, 32, 37, 31, 9, 30, 18, 12, 20, 24, 11, 14, 13, 34, 25, 36, 4, 0, 5, 22, 19, 28, 21, 29, 6, 26, 7]}, {"capacity": 251, "impossibleCargos": [2, 3, 7, 8, 10, 11, 19, 22, 23], "neighbors": [26, 3, 35, 22, 17, 5, 20, 1, 30, 14, 10, 21, 28, 24, 13, 7, 32, 9, 11, 19, 0, 29, 33, 34, 2, 31, 16, 8, 18]}]}