{"volumes": [0, 753, 438, 629, 206, 451, 0, 282, 203, 935, 443, 207, 219, 191, 704, 0, 240, 772, 223, 0, 198, 263, 499, 737, 442], "conflicts": [[0, 1], [0, 2], [0, 3], [0, 5], [0, 6], [0, 7], [0, 8], [0, 9], [0, 11], [0, 12], [0, 13], [0, 14], [0, 15], [0, 16], [0, 17], [0, 19], [0, 20], [0, 21], [0, 22], [0, 23], [0, 24], [1, 15], [1, 19], [2, 6], [2, 16], [2, 19], [3, 15], [3, 19], [4, 6], [4, 15], [4, 19], [4, 21], [5, 6], [5, 19], [5, 20], [6, 7], [6, 8], [6, 11], [6, 13], [6, 14], [6, 15], [6, 16], [6, 17], [6, 18], [6, 20], [6, 21], [6, 22], [6, 23], [6, 24], [7, 12], [7, 13], [7, 15], [8, 11], [8, 15], [8, 19], [8, 20], [9, 15], [9, 19], [10, 15], [10, 19], [11, 16], [11, 18], [11, 19], [11, 20], [11, 21], [12, 13], [12, 15], [12, 18], [12, 19], [13, 15], [13, 18], [13, 19], [14, 15], [15, 16], [15, 18], [15, 19], [15, 20], [15, 21], [15, 23], [16, 19], [17, 19], [18, 19], [19, 20], [19, 21], [19, 23], [19, 24]], "tanks": [{"capacity": 288, "impossibleCargos": [2, 4, 9, 11, 12, 14, 15, 16, 21, 22], "neighbors": [11, 31, 15, 18, 1, 33, 7, 39, 29, 26, 35, 14, 6, 13, 10, 2, 27, 25, 17, 37, 38, 19, 8, 16, 4, 12, 9, 5, 3, 20, 34]}, {"capacity": 238, "impossibleCargos": [4, 5, 8, 13, 15, 20, 23], "neighbors": [24, 20, 23, 12, 0, 19, 11, 16, 38, 6, 9, 37, 39, 29, 25, 7, 34, 18, 14, 30, 22, 2, 31, 27, 10, 36]}, {"capacity": 245, "impossibleCargos": [1, 5, 8, 12, 14, 18, 21], "neighbors": [18, 9, 23, 37, 12, 6, 21, 29, 35, 7, 16, 14, 8, 33, 19, 15, 36, 0, 5, 39, 27, 13, 20, 10, 24, 3, 4, 38, 1]}, {"capacity": 246, "impossibleCargos": [6, 13, 22], "neighbors": [21, 32, 29, 6, 16, 31, 7, 13, 30, 10, 22, 5, 4, 19, 15, 11, 35, 27, 26, 18, 20, 38, 17, 28, 39, 2, 24, 37, 33, 25, 0, 36]}, {"capacity": 216, "impossibleCargos": [5, 7, 11, 13], "neighbors": [10, 16, 38, 28, 17, 18, 31, 3, 21, 23, 35, 14, 7, 26, 36, 19, 6, 30, 27, 39, 33, 12, 34, 2, 15, 0, 5, 32, 29]}, {"capacity": 221, "impossibleCargos": [1, 3, 5, 6, 8, 10, 11, 17, 18, 19, 21], "neighbors": [39, 16, 11, 31, 7, 24, 28, 25, 22, 3, 26, 23, 10, 17, 21, 2, 35, 27, 38, 18, 30, 37, 12, 33, 4, 34, 0, 9, 14, 13, 29]}, {"capacity": 292, "impossibleCargos": [0, 6, 7, 8, 24], "neighbors": [38, 17, 37, 3, 35, 2, 10, 22, 16, 23, 27, 30, 34, 24, 1, 0, 19, 33, 13, 20, 11, 29, 8, 12, 21, 4, 18, 32, 28, 9, 36, 25, 26]}, {"capacity": 208, "impossibleCargos": [3, 8, 10, 15, 18, 19, 20], "neighbors": [37, 35, 25, 22, 30, 3, 5, 0, 2, 27, 13, 18, 17, 4, 38, 24, 32, 34, 11, 23, 12, 1, 8, 10, 21, 31, 26, 20, 29, 39]}, {"capacity": 204, "impossibleCargos": [8, 15, 16, 19, 24], "neighbors": [13, 16, 22, 20, 10, 25, 28, 15, 12, 39, 2, 21, 34, 35, 29, 6, 11, 33, 24, 7, 31, 23, 0, 36, 9, 38, 30]}, {"capacity": 262, "impossibleCargos": [3, 4, 6, 9, 11, 14, 19, 23], "neighbors": [26, 2, 39, 16, 14, 34, 15, 32, 38, 29, 20, 25, 18, 28, 1, 31, 35, 17, 12, 21, 24, 6, 13, 8, 0, 37, 5, 22, 10]}, {"capacity": 295, "impossibleCargos": [0, 2, 3, 8, 11, 14, 16, 21, 23, 24], "neighbors": [4, 38, 8, 25, 6, 36, 37, 35, 3, 20, 19, 26, 13, 18, 23, 5, 33, 0, 15, 29, 2, 24, 7, 34, 17, 16, 31, 32, 27, 1, 9]}, {"capacity": 215, "impossibleCargos": [2, 9, 13, 15, 19], "neighbors": [0, 21, 39, 5, 1, 23, 28, 34, 14, 3, 17, 38, 24, 18, 15, 22, 30, 6, 19, 8, 35, 7, 16, 37, 32, 33, 31, 27, 13, 12, 26]}, {"capacity": 249, "impossibleCargos": [6, 7, 11, 19, 24], "neighbors": [19, 21, 36, 18, 2, 1, 8, 15, 38, 27, 17, 13, 25, 26, 6, 7, 9, 20, 16, 29, 24, 4, 14, 5, 0, 23, 22, 33, 35, 31, 11, 30]}, {"capacity": 257, "impossibleCargos": [7, 11, 12, 24], "neighbors": [22, 8, 38, 30, 26, 32, 20, 3, 7, 10, 28, 14, 33, 0, 6, 12, 2, 29, 9, 34, 11, 37, 25, 5, 16, 21, 23]}, {"capacity": 268, "impossibleCargos": [6, 13, 14, 18, 20], "neighbors": [22, 9, 36, 37, 2, 30, 11, 25, 0, 21, 17, 13, 19, 4, 26, 15, 27, 28, 33, 16, 12, 1, 24, 18, 39, 38, 5]}, {"capacity": 287, "impossibleCargos": [2, 3, 5, 6, 8, 10, 14, 18, 21], "neighbors": [0, 35, 9, 8, 36, 12, 33, 3, 25, 11, 34, 30, 2, 18, 14, 10, 22, 31, 19, 21, 16, 37, 28, 4, 29, 20]}, {"capacity": 281, "impossibleCargos": [0, 2, 8, 11, 14, 15, 17], "neighbors": [29, 17, 8, 5, 9, 19, 3, 38, 6, 4, 25, 2, 1, 36, 22, 18, 27, 21, 33, 14, 12, 35, 11, 15, 10, 0, 34, 13, 31]}, {"capacity": 207, "impossibleCargos": [1, 11, 14, 15], "neighbors": [6, 34, 16, 4, 26, 33, 29, 14, 25, 11, 12, 5, 7, 22, 9, 28, 32, 3, 0, 38, 20, 10, 23, 30, 19]}, {"capacity": 203, "impossibleCargos": [0, 1, 4, 5, 6, 8, 15, 20], "neighbors": [33, 2, 38, 22, 12, 0, 25, 4, 31, 21, 30, 7, 27, 28, 9, 20, 10, 11, 24, 23, 16, 35, 15, 3, 29, 6, 5, 1, 19, 14, 34, 39, 37]}, {"capacity": 269, "impossibleCargos": [0, 3, 6, 11, 13, 15, 18], "neighbors": [39, 12, 36, 16, 1, 30, 10, 3, 23, 6, 22, 14, 2, 29, 24, 11, 35, 4, 38, 15, 26, 18, 31, 33, 0, 27, 28, 20, 17]}, {"capacity": 260, "impossibleCargos": [1, 3, 8, 12, 14, 24], "neighbors": [35, 1, 22, 8, 29, 26, 27, 13, 21, 9, 10, 37, 39, 24, 18, 32, 6, 3, 34, 33, 12, 2, 36, 17, 30, 38, 7, 25, 19, 0, 15]}, {"capacity": 248, "impossibleCargos": [0, 2, 3, 4], "neighbors": [3, 25, 12, 11, 2, 20, 39, 18, 4, 14, 8, 5, 33, 31, 22, 30, 36, 16, 6, 34, 9, 7, 32, 15, 28, 38, 35, 23, 27, 13]}, {"capacity": 260, "impossibleCargos": [1, 9, 10, 16, 17, 18, 19, 22], "neighbors": [13, 18, 8, 14, 20, 7, 35, 6, 38, 32, 3, 30, 5, 34, 27, 19, 16, 11, 21, 29, 17, 26, 36, 25, 15, 39, 23, 28, 37, 1, 24, 12, 33, 9]}, {"capacity": 244, "impossibleCargos": [4, 8, 13, 23], "neighbors": [2, 1, 34, 11, 6, 4, 19, 5, 10, 18, 33, 35, 7, 28, 24, 30, 36, 8, 22, 39, 12, 17, 25, 21, 29, 26, 13]}, {"capacity": 228, "impossibleCargos": [0, 3, 14, 17, 19], "neighbors": [1, 37, 36, 26, 30, 27, 5, 25, 6, 20, 11, 18, 35, 7, 19, 32, 23, 8, 10, 12, 9, 2, 3, 14, 33, 34, 39, 22]}, {"capacity": 227, "impossibleCargos": [3, 4, 6, 8, 10, 12, 16, 17, 19, 20, 21, 24], "neighbors": [21, 29, 8, 10, 7, 18, 16, 37, 39, 26, 35, 30, 27, 5, 24, 14, 9, 17, 15, 12, 28, 0, 22, 1, 6, 33, 20, 23, 3, 13]}, {"capacity": 207, "impossibleCargos": [0, 5, 6, 7, 17, 19, 21], "neighbors": [9, 13, 33, 20, 24, 35, 38, 29, 17, 28, 25, 10, 0, 5, 14, 39, 3, 4, 27, 22, 12, 36, 19, 7, 6, 32, 23, 11]}, {"capacity": 226, "impossibleCargos": [2, 3, 8, 12, 15, 17, 18, 19], "neighbors": [20, 33, 38, 35, 24, 37, 6, 7, 25, 30, 18, 22, 31, 28, 12, 34, 39, 32, 3, 16, 0, 26, 14, 5, 2, 4, 19, 29, 11, 10, 1, 21]}, {"capacity": 239, "impossibleCargos": [4, 5, 7, 8, 10, 14, 15, 16, 20, 23], "neighbors": [29, 4, 8, 26, 5, 11, 18, 27, 13, 9, 38, 25, 14, 39, 17, 23, 3, 6, 34, 15, 22, 21, 19, 35]}, {"capacity": 208, "impossibleCargos": [8, 9, 12, 23], "neighbors": [16, 28, 20, 3, 25, 38, 2, 26, 9, 0, 17, 30, 19, 8, 22, 6, 18, 1, 32, 10, 12, 13, 33, 34, 31, 35, 27, 7, 23, 15, 4, 5]}, {"capacity": 223, "impossibleCargos": [9, 11, 12, 13, 15, 16, 19, 22, 23, 24], "neighbors": [13, 38, 33, 24, 7, 34, 19, 25, 3, 6, 27, 22, 14, 18, 15, 29, 11, 21, 4, 35, 23, 5, 1, 32, 20, 31, 36, 17, 8, 39, 37, 12]}, {"capacity": 259, "impossibleCargos": [2, 12, 13], "neighbors": [32, 33, 0, 3, 5, 18, 4, 27, 36, 21, 9, 15, 34, 8, 19, 7, 38, 29, 10, 39, 30, 11, 1, 12, 16]}, {"capacity": 211, "impossibleCargos": [3, 4, 9, 10, 15], "neighbors": [31, 37, 3, 35, 13, 9, 22, 20, 27, 7, 24, 29, 17, 6, 21, 30, 11, 36, 26, 10, 34, 4, 33]}, {"capacity": 252, "impossibleCargos": [2, 3, 10, 12, 16, 19, 20, 21, 22, 23], "neighbors": [18, 34, 31, 26, 30, 27, 0, 38, 37, 17, 15, 2, 6, 13, 21, 10, 23, 8, 20, 16, 35, 14, 4, 29, 24, 19, 11, 5, 3, 25, 12, 22, 32]}, {"capacity": 236, "impossibleCargos": [16, 18], "neighbors": [33, 35, 17, 37, 9, 23, 30, 11, 39, 6, 22, 27, 15, 8, 20, 38, 21, 7, 1, 31, 28, 4, 10, 29, 24, 18, 13, 5, 32, 16, 0]}, {"capacity": 299, "impossibleCargos": [0, 4, 7, 8], "neighbors": [20, 34, 7, 32, 26, 6, 15, 22, 39, 27, 10, 2, 25, 0, 3, 4, 8, 18, 24, 23, 19, 9, 5, 33, 11, 30, 16, 37, 29, 21, 28, 12]}, {"capacity": 201, "impossibleCargos": [11, 12, 16], "neighbors": [24, 19, 12, 14, 10, 15, 16, 38, 31, 2, 21, 4, 22, 26, 20, 23, 39, 6, 32, 8, 30, 3, 37, 1]}, {"capacity": 265, "impossibleCargos": [2, 4, 5, 9, 17, 18, 21], "neighbors": [7, 6, 34, 39, 32, 24, 2, 10, 25, 33, 27, 14, 20, 38, 1, 0, 5, 15, 11, 3, 35, 22, 9, 13, 18, 36, 30]}, {"capacity": 269, "impossibleCargos": [12, 16, 22], "neighbors": [13, 18, 6, 10, 30, 16, 27, 26, 4, 29, 22, 33, 9, 12, 1, 11, 36, 28, 37, 3, 7, 34, 5, 19, 17, 0, 31, 20, 21, 2, 14, 8]}, {"capacity": 252, "impossibleCargos": [0, 2, 5, 7, 9, 10, 12], "neighbors": [19, 9, 37, 5, 11, 35, 8, 25, 21, 0, 34, 20, 27, 26, 1, 2, 28, 4, 22, 3, 36, 14, 31, 23, 18, 24, 30, 7]}]}