{"volumes": [693, 0, 0, 0, 373, 148, 287, 569, 328, 423, 185, 206, 179, 0, 348, 294, 490, 192, 638, 235, 431, 0, 817, 397, 158], "conflicts": [[0, 2], [0, 13], [1, 3], [1, 16], [2, 4], [2, 10], [2, 16], [2, 18], [2, 19], [2, 21], [2, 23], [3, 4], [3, 6], [3, 8], [3, 11], [3, 13], [3, 22], [3, 24], [4, 10], [5, 6], [5, 7], [5, 11], [5, 19], [5, 21], [6, 23], [8, 14], [8, 17], [8, 21], [9, 12], [10, 22], [11, 17], [11, 20], [12, 14], [12, 17], [12, 22], [13, 14], [13, 16], [13, 24], [15, 23], [20, 23], [20, 24], [21, 23], [21, 24], [23, 24]], "tanks": [{"capacity": 255, "impossibleCargos": [0, 1, 2, 3, 11, 13, 15, 16, 19, 20, 22], "neighbors": [35, 28, 24, 5, 29, 4, 32, 31, 13, 30]}, {"capacity": 206, "impossibleCargos": [1, 4, 7, 9, 10, 14, 15, 20, 22, 23], "neighbors": [29, 9, 12, 33, 6]}, {"capacity": 267, "impossibleCargos": [0, 1, 3, 4, 6, 8, 12, 14, 17, 18, 21], "neighbors": [31, 38, 14, 13, 6, 20, 9, 33]}, {"capacity": 286, "impossibleCargos": [0, 1, 3, 4, 5, 6, 11, 14, 15, 16, 20, 23, 24], "neighbors": [25, 10, 37, 4, 35, 39]}, {"capacity": 256, "impossibleCargos": [0, 1, 2, 4, 7, 11, 13, 14, 15, 17, 18, 19], "neighbors": [20, 16, 0, 37, 6, 27, 18, 3, 29, 33]}, {"capacity": 220, "impossibleCargos": [1, 3, 6, 9, 10, 13, 14, 15, 16, 17, 20, 22, 23], "neighbors": [30, 12, 21, 14, 34, 38, 0, 16, 27, 32]}, {"capacity": 274, "impossibleCargos": [2, 3, 6, 8, 10, 11, 13, 14, 15, 18, 19, 21, 23], "neighbors": [16, 35, 18, 2, 36, 7, 4, 1, 14, 15, 8]}, {"capacity": 267, "impossibleCargos": [0, 1, 7, 10, 11, 12, 14, 15, 16, 21], "neighbors": [16, 8, 36, 29, 21, 27, 11, 10, 6, 25, 35]}, {"capacity": 218, "impossibleCargos": [1, 3, 6, 7, 8, 10, 11, 13, 15, 17, 19, 20, 22, 24], "neighbors": [14, 7, 12, 9, 20, 35, 16, 15, 37, 6, 39, 18]}, {"capacity": 204, "impossibleCargos": [0, 2, 3, 5, 6, 7, 8, 9, 13, 14, 15, 19, 21, 22, 24], "neighbors": [11, 20, 1, 27, 8, 34, 31, 25, 2, 36]}, {"capacity": 235, "impossibleCargos": [2, 3, 5, 6, 8, 10, 11, 12, 13, 15, 19, 20, 21, 24], "neighbors": [15, 38, 17, 3, 16, 22, 36, 30, 18, 7]}, {"capacity": 283, "impossibleCargos": [1, 2, 3, 4, 5, 6, 7, 10, 11, 17, 23], "neighbors": [9, 28, 21, 30, 15, 7, 35, 38, 33, 24, 39]}, {"capacity": 244, "impossibleCargos": [1, 2, 4, 5, 6, 9, 11, 15, 18, 22, 23], "neighbors": [18, 5, 8, 34, 24, 39, 13, 1, 22, 23]}, {"capacity": 228, "impossibleCargos": [1, 8, 10, 16, 17, 19, 20, 22], "neighbors": [36, 31, 25, 15, 12, 2, 27, 39, 28, 0, 20]}, {"capacity": 266, "impossibleCargos": [1, 2, 3, 4, 5, 6, 7, 8, 14, 15, 17, 18, 19, 21, 23, 24], "neighbors": [20, 8, 5, 23, 2, 15, 28, 6, 32, 19]}, {"capacity": 255, "impossibleCargos": [0, 3, 4, 6, 7, 8, 9, 11, 14, 16, 17, 19, 21, 24], "neighbors": [39, 27, 10, 13, 16, 23, 11, 25, 14, 21, 24, 26, 8, 6]}, {"capacity": 298, "impossibleCargos": [0, 1, 6, 9, 10, 11, 12, 14, 16, 17, 18, 24], "neighbors": [7, 6, 15, 10, 30, 24, 4, 21, 36, 5, 17, 19, 8, 37]}, {"capacity": 285, "impossibleCargos": [0, 1, 3, 4, 8, 9, 15, 18, 19], "neighbors": [10, 18, 16, 24]}, {"capacity": 262, "impossibleCargos": [1, 3, 4, 5, 7, 8, 10, 11, 13, 14, 17, 18, 23], "neighbors": [12, 19, 6, 21, 17, 24, 10, 27, 4, 8]}, {"capacity": 283, "impossibleCargos": [2, 5, 6, 9, 13, 15, 18, 19, 20, 21], "neighbors": [18, 16, 20, 14]}, {"capacity": 300, "impossibleCargos": [0, 1, 3, 5, 7, 11, 14, 15, 17, 18, 19, 20, 22, 24], "neighbors": [14, 9, 28, 4, 2, 8, 33, 30, 39, 19, 13]}, {"capacity": 206, "impossibleCargos": [0, 2, 4, 5, 11, 14, 15, 16, 17, 19, 22], "neighbors": [24, 5, 32, 39, 37, 11, 7, 18, 16, 15, 34]}, {"capacity": 210, "impossibleCargos": [0, 1, 3, 4, 8, 10, 11, 12, 13, 16, 20, 21, 24], "neighbors": [25, 37, 36, 28, 38, 10, 34, 35, 12]}, {"capacity": 288, "impossibleCargos": [0, 1, 4, 6, 9, 11, 12, 16, 17, 18, 21, 24], "neighbors": [37, 14, 39, 15, 34, 12, 28]}, {"capacity": 300, "impossibleCargos": [0, 3, 4, 6, 7, 8, 9, 10, 11, 13, 15, 17, 18, 21, 24], "neighbors": [21, 12, 0, 29, 34, 16, 18, 25, 15, 17, 11]}, {"capacity": 268, "impossibleCargos": [0, 2, 3, 4, 6, 15, 18, 19, 21, 22], "neighbors": [22, 13, 3, 37, 15, 9, 24, 7, 26]}, {"capacity": 227, "impossibleCargos": [3, 4, 5, 6, 7, 10, 11, 14, 15, 16, 19, 20, 24], "neighbors": [30, 32, 34, 15, 28, 25, 31]}, {"capacity": 297, "impossibleCargos": [1, 6, 10, 14, 17, 19], "neighbors": [37, 15, 34, 9, 7, 13, 5, 18, 4]}, {"capacity": 295, "impossibleCargos": [3, 4, 7, 9, 10, 11, 12, 13, 14, 15, 16, 22, 23, 24], "neighbors": [32, 20, 22, 11, 0, 36, 14, 13, 23, 26]}, {"capacity": 254, "impossibleCargos": [6, 7, 8, 16, 17, 19, 20, 22, 24], "neighbors": [1, 33, 31, 7, 24, 0, 39, 36, 4]}, {"capacity": 293, "impossibleCargos": [0, 1, 4, 9, 12, 13, 14, 17, 20, 21, 24], "neighbors": [26, 5, 32, 11, 10, 16, 20, 0]}, {"capacity": 231, "impossibleCargos": [0, 2, 3, 4, 5, 11, 13, 16, 19, 20, 21, 22, 23, 24], "neighbors": [37, 2, 33, 13, 29, 35, 32, 9, 38, 0, 26]}, {"capacity": 206, "impossibleCargos": [0, 4, 6, 7, 9, 10, 13, 15, 19, 24], "neighbors": [28, 34, 21, 30, 33, 31, 26, 0, 5, 14]}, {"capacity": 271, "impossibleCargos": [2, 4, 8, 9, 10, 11, 16, 17, 18, 20, 22], "neighbors": [29, 36, 31, 34, 32, 20, 11, 1, 2, 4]}, {"capacity": 227, "impossibleCargos": [0, 2, 3, 5, 6, 7, 8, 9, 10, 14, 15, 16, 21, 22, 23], "neighbors": [32, 5, 12, 27, 37, 33, 22, 24, 9, 23, 26, 21, 36]}, {"capacity": 220, "impossibleCargos": [1, 3, 6, 9, 10, 12, 18, 19, 22], "neighbors": [37, 0, 6, 31, 11, 8, 39, 22, 7, 3]}, {"capacity": 293, "impossibleCargos": [1, 3, 4, 6, 8, 10, 11, 14, 16, 18, 19, 20, 21], "neighbors": [13, 33, 22, 7, 28, 10, 6, 16, 29, 34, 39, 9]}, {"capacity": 215, "impossibleCargos": [0, 2, 4, 10, 11, 12, 14, 15, 17, 21], "neighbors": [23, 31, 35, 22, 27, 34, 21, 3, 25, 4, 8, 16]}, {"capacity": 215, "impossibleCargos": [1, 2, 5, 7, 8, 9, 10, 11, 12, 13, 14, 15, 18, 19, 21, 22, 24], "neighbors": [22, 10, 2, 5, 11, 31, 39]}, {"capacity": 240, "impossibleCargos": [2, 3, 4, 5, 7, 9, 10, 11, 12, 13, 14, 16, 17, 19, 21, 23, 24], "neighbors": [15, 21, 12, 23, 35, 29, 38, 13, 20, 3, 36, 8, 11]}]}