{"volumes": [400, 240, 0, 247, 555, 409, 759, 163, 150, 519, 0, 240, 693, 0, 275, 175, 167, 412, 146, 0, 288, 615, 404, 0, 476], "conflicts": [[0, 2], [0, 5], [0, 7], [0, 9], [0, 10], [0, 16], [0, 17], [0, 19], [0, 20], [0, 22], [0, 23], [1, 3], [1, 7], [1, 9], [1, 10], [1, 12], [1, 13], [1, 16], [1, 18], [1, 19], [1, 20], [1, 21], [1, 22], [1, 23], [2, 3], [2, 4], [2, 6], [2, 7], [2, 8], [2, 9], [2, 11], [2, 12], [2, 13], [2, 15], [2, 18], [2, 19], [2, 20], [2, 21], [2, 24], [3, 10], [3, 11], [3, 12], [3, 13], [3, 14], [3, 16], [3, 18], [3, 19], [3, 20], [3, 21], [3, 22], [3, 23], [4, 10], [4, 19], [4, 23], [5, 7], [5, 10], [5, 13], [5, 15], [5, 18], [5, 19], [5, 23], [6, 10], [6, 13], [6, 17], [6, 18], [6, 19], [6, 22], [6, 23], [7, 10], [7, 11], [7, 13], [7, 14], [7, 16], [7, 18], [7, 19], [7, 20], [7, 22], [7, 23], [8, 9], [8, 10], [8, 11], [8, 14], [8, 16], [8, 19], [8, 20], [8, 22], [8, 23], [9, 15], [10, 13], [10, 14], [10, 15], [10, 16], [10, 18], [10, 19], [10, 20], [10, 21], [10, 22], [11, 13], [11, 15], [11, 16], [11, 17], [11, 20], [11, 23], [12, 13], [12, 19], [12, 23], [13, 14], [13, 15], [13, 16], [13, 19], [13, 20], [13, 21], [13, 22], [13, 23], [13, 24], [14, 15], [14, 18], [14, 19], [14, 22], [15, 17], [15, 18], [16, 17], [16, 18], [16, 20], [16, 21], [16, 22], [17, 19], [18, 22], [18, 23], [18, 24], [19, 20], [19, 21], [19, 22], [19, 23], [19, 24], [20, 23], [21, 23], [22, 23], [22, 24], [23, 24]], "tanks": [{"capacity": 220, "impossibleCargos": [0, 1, 4, 6, 7, 13, 14, 16, 17, 18, 19, 20, 24], "neighbors": [10, 24, 9, 25, 23]}, {"capacity": 247, "impossibleCargos": [0, 1, 3, 5, 7, 9, 11, 13, 15, 16, 23, 24], "neighbors": [19, 36, 32, 3, 26, 16, 33, 35, 34]}, {"capacity": 272, "impossibleCargos": [5, 7, 10, 13, 15, 16, 17, 18, 19, 22, 23], "neighbors": [36, 27, 5, 12, 29, 20, 4, 13]}, {"capacity": 297, "impossibleCargos": [2, 4, 6, 7, 9, 14, 15, 18, 19, 21, 24], "neighbors": [16, 1, 11, 23, 5, 9, 32, 7, 19, 18, 31, 29, 26]}, {"capacity": 209, "impossibleCargos": [0, 1, 5, 6, 7, 8, 10, 11, 15, 17, 18, 24], "neighbors": [31, 11, 18, 16, 2, 15, 17]}, {"capacity": 289, "impossibleCargos": [7, 9, 11, 13, 15, 16, 17, 21, 22], "neighbors": [14, 2, 8, 18, 3, 35, 26, 30, 12]}, {"capacity": 291, "impossibleCargos": [1, 2, 5, 7, 10, 15, 16, 17, 18, 19, 20, 23], "neighbors": [36, 18, 26, 17, 39, 21, 35, 33]}, {"capacity": 276, "impossibleCargos": [1, 4, 7, 8, 12, 14, 17, 18, 22, 23, 24], "neighbors": [20, 38, 39, 26, 3, 15, 13, 37]}, {"capacity": 251, "impossibleCargos": [6, 7, 9, 10, 13, 17, 18, 19, 21, 22], "neighbors": [28, 27, 5, 29, 16, 20, 34, 19, 18, 11, 14]}, {"capacity": 300, "impossibleCargos": [1, 2, 4, 5, 8, 11, 12, 15, 18, 19, 22, 23, 24], "neighbors": [24, 0, 3, 38, 14, 18, 11]}, {"capacity": 284, "impossibleCargos": [0, 4, 5, 6, 7, 8, 10, 11, 12, 13, 15, 20, 21, 24], "neighbors": [17, 19, 34, 0, 18, 20, 31, 24]}, {"capacity": 271, "impossibleCargos": [3, 6, 8, 9, 10, 11, 13, 14, 18, 20, 22], "neighbors": [36, 25, 4, 3, 26, 34, 8, 29, 9]}, {"capacity": 288, "impossibleCargos": [1, 2, 3, 4, 5, 6, 7, 10, 11, 13, 14, 15, 18, 20, 21, 22, 23, 24], "neighbors": [32, 15, 23, 20, 26, 29, 2, 16, 27, 33, 5, 21]}, {"capacity": 236, "impossibleCargos": [1, 3, 5, 6, 8, 9, 10, 12, 14, 15, 17, 18, 19, 20, 21, 22, 23], "neighbors": [20, 28, 19, 7, 18, 30, 2, 33]}, {"capacity": 215, "impossibleCargos": [3, 8, 10, 19, 21, 22, 23, 24], "neighbors": [27, 5, 19, 16, 37, 29, 18, 8, 35, 9, 21]}, {"capacity": 287, "impossibleCargos": [2, 4, 5, 8, 10, 11, 12, 23, 24], "neighbors": [24, 12, 33, 39, 31, 17, 27, 7, 19, 4, 35, 32]}, {"capacity": 294, "impossibleCargos": [1, 3, 6, 8, 9, 10, 12, 15, 18, 19, 20, 21], "neighbors": [33, 3, 8, 14, 19, 1, 32, 21, 12, 4, 24, 39]}, {"capacity": 275, "impossibleCargos": [0, 1, 3, 6, 9, 10, 16, 17, 19, 21], "neighbors": [10, 15, 6, 31, 34, 39, 21, 22, 37, 18, 4]}, {"capacity": 286, "impossibleCargos": [0, 1, 3, 5, 6, 7, 9, 10, 13, 15, 16, 17, 21, 24], "neighbors": [38, 10, 6, 24, 21, 5, 26, 27, 8, 4, 14, 13, 3, 30, 35, 9, 17]}, {"capacity": 274, "impossibleCargos": [0, 3, 8, 9, 11, 17, 18, 20, 21, 22], "neighbors": [1, 10, 23, 14, 26, 24, 33, 36, 16, 8, 27, 13, 3, 15, 32]}, {"capacity": 204, "impossibleCargos": [0, 3, 5, 6, 7, 8, 12, 13, 15, 16, 20, 23], "neighbors": [7, 10, 12, 8, 32, 29, 13, 39, 2, 27]}, {"capacity": 210, "impossibleCargos": [3, 4, 6, 7, 8, 9, 11, 14, 15, 16, 18], "neighbors": [18, 29, 16, 17, 22, 6, 30, 14, 12]}, {"capacity": 257, "impossibleCargos": [1, 3, 4, 6, 7, 8, 9, 10, 12, 13, 16, 17, 18, 23], "neighbors": [17, 21, 26, 34]}, {"capacity": 228, "impossibleCargos": [1, 5, 6, 7, 9, 11, 12, 14, 15, 18, 19, 20, 21, 22], "neighbors": [19, 29, 12, 3, 35, 24, 26, 31, 0]}, {"capacity": 209, "impossibleCargos": [0, 3, 5, 10, 11, 12, 15, 18, 22], "neighbors": [15, 9, 19, 18, 0, 26, 23, 16, 10]}, {"capacity": 262, "impossibleCargos": [1, 3, 5, 6, 10, 11, 12, 13, 16, 17, 19, 20, 21, 22, 23], "neighbors": [33, 11, 35, 32, 0, 39, 29, 30]}, {"capacity": 288, "impossibleCargos": [1, 3, 5, 6, 7, 8, 10, 13, 14, 17, 18, 19, 20], "neighbors": [19, 6, 1, 11, 12, 24, 18, 7, 37, 5, 23, 22, 33, 3]}, {"capacity": 206, "impossibleCargos": [0, 2, 6, 9, 10, 11, 12, 16, 17, 18, 20, 21, 23, 24], "neighbors": [14, 31, 8, 2, 35, 15, 19, 30, 18, 29, 12, 20, 36]}, {"capacity": 238, "impossibleCargos": [1, 3, 8, 10, 12, 14, 15, 16, 17, 19, 20, 21, 23, 24], "neighbors": [8, 35, 32, 13, 33, 29]}, {"capacity": 222, "impossibleCargos": [0, 1, 2, 3, 5, 6, 7, 9, 10, 11, 12, 13, 14, 15, 19, 21], "neighbors": [31, 23, 21, 8, 12, 38, 20, 27, 14, 2, 11, 28, 25, 3, 37]}, {"capacity": 234, "impossibleCargos": [0, 1, 2, 4, 8, 9, 10, 11, 16, 19, 21, 24], "neighbors": [27, 32, 18, 5, 21, 13, 25, 39]}, {"capacity": 245, "impossibleCargos": [1, 2, 4, 5, 8, 10, 11, 13, 18, 19, 21, 23], "neighbors": [27, 29, 4, 15, 17, 10, 35, 3, 23]}, {"capacity": 279, "impossibleCargos": [0, 1, 3, 9, 14, 15, 20, 22, 23, 24], "neighbors": [12, 1, 25, 3, 20, 16, 35, 28, 30, 33, 19, 15]}, {"capacity": 278, "impossibleCargos": [1, 3, 4, 5, 6, 9, 10, 13, 14, 17, 19, 23, 24], "neighbors": [16, 25, 15, 19, 35, 38, 1, 28, 32, 26, 13, 12, 6]}, {"capacity": 268, "impossibleCargos": [0, 3, 4, 5, 6, 7, 10, 12, 14, 16, 18, 21, 22, 24], "neighbors": [10, 11, 8, 17, 22, 38, 1]}, {"capacity": 296, "impossibleCargos": [1, 3, 4, 6, 8, 10, 11, 15, 16, 17, 20], "neighbors": [39, 27, 28, 25, 33, 23, 32, 5, 14, 31, 6, 18, 1, 15]}, {"capacity": 261, "impossibleCargos": [0, 1, 3, 4, 5, 6, 7, 9, 10, 11, 13, 15, 17, 20, 21], "neighbors": [11, 2, 1, 6, 39, 19, 27]}, {"capacity": 229, "impossibleCargos": [0, 1, 4, 6, 7, 8, 10, 13, 14, 16, 17, 18, 19, 22, 24], "neighbors": [14, 26, 39, 7, 17, 29]}, {"capacity": 253, "impossibleCargos": [5, 6, 8, 9, 13, 14, 15, 16, 18, 19, 22, 24], "neighbors": [18, 7, 33, 29, 9, 34]}, {"capacity": 298, "impossibleCargos": [0, 2, 3, 4, 6, 7, 10, 13, 14, 16, 17, 21, 22], "neighbors": [35, 36, 15, 6, 17, 7, 25, 37, 20, 30, 16]}]}