{"volumes": [0, 178, 0, 403, 356, 157, 265, 162, 548, 236, 0, 431, 830, 522, 130, 180, 139, 132, 411, 468, 274, 162, 697, 0, 750], "conflicts": [[0, 1], [0, 2], [0, 3], [0, 4], [0, 5], [0, 6], [0, 8], [0, 10], [0, 11], [0, 12], [0, 13], [0, 14], [0, 16], [0, 18], [0, 19], [0, 20], [0, 21], [0, 22], [0, 23], [1, 9], [1, 10], [1, 11], [1, 12], [1, 15], [1, 17], [1, 20], [1, 23], [2, 4], [2, 5], [2, 6], [2, 7], [2, 8], [2, 9], [2, 10], [2, 11], [2, 12], [2, 13], [2, 16], [2, 18], [2, 19], [2, 20], [2, 22], [2, 23], [2, 24], [3, 4], [3, 5], [3, 6], [3, 9], [3, 10], [3, 15], [3, 17], [3, 18], [4, 7], [4, 14], [4, 20], [4, 23], [5, 6], [5, 7], [5, 9], [5, 10], [5, 11], [5, 15], [5, 16], [5, 17], [5, 18], [5, 20], [5, 21], [5, 23], [6, 7], [6, 10], [6, 14], [6, 16], [6, 19], [6, 20], [6, 24], [7, 8], [7, 10], [7, 11], [7, 22], [7, 23], [8, 9], [8, 10], [8, 14], [9, 10], [9, 11], [9, 13], [9, 14], [9, 15], [9, 16], [9, 17], [9, 18], [9, 20], [9, 21], [9, 22], [9, 23], [10, 11], [10, 12], [10, 13], [10, 14], [10, 15], [10, 17], [10, 18], [10, 20], [10, 21], [10, 22], [11, 16], [11, 18], [11, 23], [12, 14], [12, 16], [12, 20], [12, 23], [13, 18], [13, 23], [14, 15], [14, 17], [14, 20], [14, 23], [14, 24], [15, 18], [15, 20], [15, 21], [15, 23], [16, 17], [16, 19], [16, 20], [16, 23], [17, 19], [17, 21], [17, 23], [18, 21], [18, 22], [19, 23], [20, 23], [20, 24], [21, 23], [23, 24]], "tanks": [{"capacity": 252, "impossibleCargos": [5, 7, 10, 13, 14, 15, 16, 18, 20, 21, 23], "neighbors": [34, 11, 29, 3, 33, 17]}, {"capacity": 229, "impossibleCargos": [0, 1, 4, 6, 7, 9, 10, 13, 14, 16, 19, 20, 22, 24], "neighbors": [15, 13, 12, 21, 39, 33, 29, 35, 38, 16]}, {"capacity": 287, "impossibleCargos": [0, 1, 2, 3, 4, 6, 10, 12, 17, 18, 20, 22, 23], "neighbors": [19, 37, 21, 28, 13, 24, 29]}, {"capacity": 252, "impossibleCargos": [1, 2, 3, 4, 7, 11, 13, 15, 17, 19, 22], "neighbors": [22, 37, 29, 24, 32, 16, 13, 18, 0, 11, 26]}, {"capacity": 223, "impossibleCargos": [0, 2, 3, 6, 9, 10, 11, 12, 13, 16, 19, 20, 23], "neighbors": [16, 34, 29, 24, 33, 8, 10, 26, 31, 15, 5, 39]}, {"capacity": 266, "impossibleCargos": [0, 1, 2, 3, 5, 7, 9, 10, 12, 15, 16, 17, 19, 22, 23, 24], "neighbors": [22, 6, 34, 11, 16, 4, 20]}, {"capacity": 206, "impossibleCargos": [3, 4, 7, 13, 14, 17, 18, 19, 23, 24], "neighbors": [21, 30, 5, 32, 34, 37, 13, 38, 17, 12]}, {"capacity": 218, "impossibleCargos": [4, 8, 12, 13, 17, 18, 19, 20, 21, 22, 23], "neighbors": [25, 28, 37, 34, 33, 23, 27, 10, 38, 24]}, {"capacity": 241, "impossibleCargos": [0, 2, 6, 8, 10, 15, 16, 19], "neighbors": [22, 13, 30, 19, 11, 4, 27, 37, 38, 14, 18, 17, 24, 35, 21, 23, 32]}, {"capacity": 253, "impossibleCargos": [1, 3, 4, 7, 8, 10, 11, 14, 15, 17, 21], "neighbors": [24, 13, 36]}, {"capacity": 269, "impossibleCargos": [0, 1, 4, 5, 6, 7, 10, 11, 15, 16, 18, 20, 21, 23, 24], "neighbors": [13, 15, 39, 4, 7, 30, 36]}, {"capacity": 287, "impossibleCargos": [1, 3, 5, 7, 12, 16, 17, 18, 19, 21], "neighbors": [28, 23, 37, 32, 5, 36, 8, 18, 0, 3, 38]}, {"capacity": 263, "impossibleCargos": [2, 3, 5, 8, 9, 10, 15, 16, 18, 24], "neighbors": [16, 21, 34, 17, 1, 36, 28, 33, 6, 32]}, {"capacity": 277, "impossibleCargos": [0, 1, 3, 4, 5, 7, 11, 13, 14, 16, 17, 18, 21, 24], "neighbors": [27, 20, 8, 22, 10, 14, 16, 1, 2, 33, 6, 3, 9, 29]}, {"capacity": 270, "impossibleCargos": [2, 5, 6, 7, 10, 14, 16, 19, 20, 21, 22, 23], "neighbors": [24, 36, 27, 28, 13, 8, 16, 39]}, {"capacity": 219, "impossibleCargos": [2, 4, 5, 8, 14, 19, 21, 23], "neighbors": [39, 19, 17, 18, 1, 10, 29, 31, 37, 22, 4, 21]}, {"capacity": 248, "impossibleCargos": [0, 1, 3, 7, 10, 13, 17, 21, 23], "neighbors": [4, 39, 29, 12, 13, 5, 3, 25, 17, 37, 14, 1]}, {"capacity": 205, "impossibleCargos": [1, 2, 5, 6, 7, 8, 10, 11, 15, 18, 19, 20], "neighbors": [31, 24, 15, 38, 21, 12, 20, 16, 34, 6, 8, 18, 26, 19, 0]}, {"capacity": 245, "impossibleCargos": [0, 2, 4, 5, 6, 9, 10, 11, 13, 20, 22, 24], "neighbors": [34, 38, 39, 15, 33, 11, 20, 8, 3, 37, 17, 27]}, {"capacity": 284, "impossibleCargos": [0, 6, 8, 10, 11, 17, 19, 23], "neighbors": [2, 15, 8, 24, 37, 38, 17, 39]}, {"capacity": 205, "impossibleCargos": [2, 3, 4, 10, 18, 19, 20, 21, 22, 23, 24], "neighbors": [33, 13, 35, 17, 18, 38, 27, 5, 24]}, {"capacity": 227, "impossibleCargos": [0, 2, 5, 6, 9, 10, 11, 13, 14, 15, 16, 18, 20, 23], "neighbors": [6, 29, 2, 17, 33, 12, 1, 8, 15]}, {"capacity": 242, "impossibleCargos": [0, 1, 2, 3, 6, 7, 8, 9, 16, 18, 22, 23], "neighbors": [3, 36, 5, 8, 13, 32, 15]}, {"capacity": 240, "impossibleCargos": [0, 1, 2, 4, 5, 6, 7, 9, 10, 11, 13, 16, 18, 19, 21, 22, 23, 24], "neighbors": [11, 7, 38, 26, 35, 8, 33]}, {"capacity": 269, "impossibleCargos": [0, 1, 7, 8, 9, 10, 14, 15, 16, 18, 21], "neighbors": [14, 29, 17, 3, 33, 4, 19, 2, 9, 30, 8, 7, 38, 20]}, {"capacity": 232, "impossibleCargos": [1, 6, 19, 20, 21, 22], "neighbors": [7, 16, 33]}, {"capacity": 251, "impossibleCargos": [0, 1, 2, 3, 6, 7, 9, 11, 12, 15, 16, 21, 22, 24], "neighbors": [35, 30, 38, 23, 4, 33, 17, 3]}, {"capacity": 245, "impossibleCargos": [0, 2, 4, 6, 8, 9, 10, 11, 15, 16, 18], "neighbors": [13, 14, 8, 7, 20, 18]}, {"capacity": 292, "impossibleCargos": [0, 1, 17, 18, 19, 20, 21, 23, 24], "neighbors": [11, 32, 37, 7, 14, 2, 30, 12]}, {"capacity": 261, "impossibleCargos": [0, 3, 4, 5, 6, 8, 11, 12, 14, 17, 20, 22, 23], "neighbors": [4, 3, 24, 34, 32, 16, 21, 15, 0, 2, 37, 1, 13]}, {"capacity": 235, "impossibleCargos": [3, 7, 8, 9, 10, 12, 15, 16, 18, 19, 22, 23, 24], "neighbors": [26, 6, 39, 28, 8, 24, 37, 10, 34]}, {"capacity": 256, "impossibleCargos": [0, 12, 14, 16, 19, 24], "neighbors": [17, 32, 38, 15, 4]}, {"capacity": 281, "impossibleCargos": [5, 6, 9, 10, 11, 12, 18, 19, 20, 21], "neighbors": [33, 28, 29, 6, 11, 22, 3, 34, 31, 8, 12]}, {"capacity": 225, "impossibleCargos": [0, 2, 5, 6, 7, 9, 10, 12, 14, 16, 17, 18, 19, 20, 21], "neighbors": [20, 32, 18, 24, 21, 7, 4, 13, 25, 1, 26, 12, 23, 0]}, {"capacity": 208, "impossibleCargos": [0, 1, 2, 5, 8, 10, 11, 13, 14, 17, 20, 21, 22, 24], "neighbors": [4, 18, 29, 5, 6, 7, 12, 0, 32, 17, 30]}, {"capacity": 276, "impossibleCargos": [1, 2, 3, 4, 6, 7, 8, 12, 19, 24], "neighbors": [26, 36, 20, 23, 8, 37, 1]}, {"capacity": 209, "impossibleCargos": [1, 3, 4, 7, 8, 9, 10, 14, 16, 19, 21, 23], "neighbors": [22, 14, 11, 39, 35, 38, 12, 10, 9]}, {"capacity": 247, "impossibleCargos": [2, 3, 5, 10, 11, 14, 16, 22, 24], "neighbors": [3, 28, 2, 11, 7, 6, 8, 16, 19, 15, 18, 29, 30, 35]}, {"capacity": 215, "impossibleCargos": [5, 6, 10, 14, 16, 17, 19, 20, 21, 22, 24], "neighbors": [18, 17, 26, 8, 23, 6, 31, 20, 19, 36, 7, 11, 24, 1]}, {"capacity": 219, "impossibleCargos": [3, 4, 10, 11, 13, 14, 17, 18, 21, 23, 24], "neighbors": [15, 16, 30, 18, 36, 1, 10, 14, 4, 19]}]}