{"volumes": [478, 162, 0, 344, 318, 472, 158, 395, 413, 452, 430, 0, 221, 473, 430, 0, 376, 225, 148, 225, 670, 405, 0, 310, 420], "conflicts": [[0, 2], [0, 11], [0, 15], [0, 17], [0, 18], [0, 22], [0, 23], [1, 5], [1, 6], [1, 7], [1, 11], [1, 14], [1, 15], [1, 16], [1, 19], [1, 20], [1, 21], [1, 23], [2, 4], [2, 5], [2, 6], [2, 8], [2, 10], [2, 12], [2, 13], [2, 14], [2, 15], [2, 16], [2, 17], [2, 18], [2, 19], [2, 21], [2, 22], [2, 23], [2, 24], [3, 7], [3, 12], [3, 16], [3, 19], [3, 22], [4, 12], [4, 13], [4, 14], [4, 15], [4, 16], [4, 17], [4, 19], [5, 11], [5, 12], [5, 15], [5, 16], [5, 17], [5, 19], [5, 22], [5, 23], [5, 24], [6, 10], [6, 11], [6, 13], [6, 15], [6, 16], [6, 17], [6, 18], [6, 21], [6, 22], [6, 23], [7, 8], [7, 11], [7, 18], [7, 22], [8, 11], [8, 12], [8, 14], [8, 15], [8, 16], [8, 22], [9, 11], [9, 15], [9, 17], [9, 18], [10, 11], [10, 18], [10, 21], [11, 12], [11, 13], [11, 14], [11, 16], [11, 17], [11, 18], [11, 21], [11, 24], [12, 14], [12, 15], [12, 18], [12, 19], [12, 20], [12, 21], [12, 23], [13, 15], [13, 17], [13, 24], [14, 15], [14, 22], [15, 16], [15, 17], [15, 18], [15, 19], [15, 20], [15, 21], [15, 22], [15, 23], [16, 22], [17, 18], [17, 19], [17, 22], [18, 19], [18, 21], [18, 22], [18, 24], [19, 21], [19, 22], [19, 23], [19, 24], [21, 22], [21, 23], [21, 24], [22, 24]], "tanks": [{"capacity": 254, "impossibleCargos": [4, 6, 10, 12, 14, 17, 19, 20, 22], "neighbors": [27, 31, 38, 5, 12, 20, 22, 1]}, {"capacity": 218, "impossibleCargos": [6, 7, 10, 11, 12, 14, 20, 21], "neighbors": [24, 8, 28, 14, 4, 5, 38, 21, 0]}, {"capacity": 233, "impossibleCargos": [1, 2, 4, 5, 6, 10, 11, 12, 15, 19, 22], "neighbors": [12, 16, 7, 27, 5]}, {"capacity": 290, "impossibleCargos": [1, 2, 3, 4, 9, 11, 13, 15, 17, 24], "neighbors": [17, 18, 38, 37, 39, 22, 19, 20, 9, 24]}, {"capacity": 265, "impossibleCargos": [1, 3, 5, 10, 11, 13, 14, 17, 18, 19, 20, 22, 24], "neighbors": [20, 5, 32, 39, 18, 19, 25, 1, 11, 21, 24, 8, 30, 7, 34, 17]}, {"capacity": 265, "impossibleCargos": [1, 3, 6, 8, 12, 14, 17, 20, 22, 23, 24], "neighbors": [37, 4, 0, 16, 20, 1, 14, 2]}, {"capacity": 210, "impossibleCargos": [0, 1, 5, 6, 7, 8, 9, 10, 12, 16, 22, 24], "neighbors": [35, 31, 12, 37, 21, 8, 11, 22, 28, 33, 7]}, {"capacity": 288, "impossibleCargos": [0, 1, 3, 5, 6, 8, 9, 12, 16, 17, 18, 20], "neighbors": [35, 34, 22, 30, 2, 25, 33, 4, 19, 37, 6, 32]}, {"capacity": 229, "impossibleCargos": [0, 4, 7, 11, 13, 14, 16, 19, 20, 22], "neighbors": [1, 22, 6, 4, 21, 12, 37, 29, 31]}, {"capacity": 289, "impossibleCargos": [2, 4, 6, 7, 14, 24], "neighbors": [16, 27, 29, 35, 17, 21, 3, 26]}, {"capacity": 273, "impossibleCargos": [0, 1, 2, 3, 5, 7, 9, 10, 11, 12, 16, 18, 19, 20, 21], "neighbors": [21, 18, 35, 19, 28, 13, 12, 36, 38, 37, 25]}, {"capacity": 235, "impossibleCargos": [0, 1, 3, 5, 8, 9, 11, 15, 20, 21, 22], "neighbors": [16, 32, 23, 20, 4, 6, 25, 22, 14, 18]}, {"capacity": 295, "impossibleCargos": [0, 4, 7, 8, 10, 11, 14, 15, 16, 22], "neighbors": [2, 27, 17, 32, 0, 6, 8, 10, 13, 31]}, {"capacity": 237, "impossibleCargos": [0, 3, 4, 5, 6, 7, 10, 11, 12, 14, 18, 21, 23], "neighbors": [10, 18, 15, 31, 28, 12]}, {"capacity": 265, "impossibleCargos": [1, 4, 5, 6, 10, 12, 13, 15, 16, 17, 18, 22, 23, 24], "neighbors": [18, 19, 34, 1, 28, 11, 33, 5]}, {"capacity": 299, "impossibleCargos": [0, 1, 3, 5, 8, 9, 11, 13, 19, 21, 22], "neighbors": [36, 31, 16, 25, 13, 24]}, {"capacity": 242, "impossibleCargos": [1, 2, 6, 7, 8, 9, 10, 11, 12, 13, 14, 15, 17, 18, 19, 20, 21, 22, 23], "neighbors": [33, 11, 2, 9, 21, 34, 5, 15, 31, 20, 17]}, {"capacity": 276, "impossibleCargos": [1, 3, 4, 5, 8, 10, 11, 12, 15, 21, 23], "neighbors": [3, 21, 12, 34, 35, 24, 39, 26, 36, 9, 4, 25, 16]}, {"capacity": 265, "impossibleCargos": [1, 2, 12, 14, 15, 17, 19, 21], "neighbors": [14, 10, 3, 23, 4, 34, 13, 25, 11, 28]}, {"capacity": 232, "impossibleCargos": [4, 6, 8, 9, 12, 13, 14, 15, 18, 19, 20, 21, 22, 24], "neighbors": [33, 30, 14, 24, 4, 10, 38, 31, 26, 3, 7]}, {"capacity": 253, "impossibleCargos": [1, 2, 3, 5, 6, 8, 10, 15, 20, 22, 23, 24], "neighbors": [4, 26, 21, 5, 11, 3, 0, 16]}, {"capacity": 235, "impossibleCargos": [0, 1, 4, 5, 9, 11, 14, 15, 17, 18, 20, 23], "neighbors": [10, 33, 17, 31, 37, 16, 20, 6, 30, 4, 25, 8, 1, 9]}, {"capacity": 222, "impossibleCargos": [0, 5, 6, 7, 8, 9, 10, 11, 12, 16, 17, 19, 22, 23], "neighbors": [31, 7, 37, 8, 3, 33, 6, 11, 0, 36]}, {"capacity": 269, "impossibleCargos": [0, 2, 3, 7, 9, 11, 12, 13, 14, 15, 16, 18, 19, 20, 21, 22, 23], "neighbors": [29, 18, 11, 32]}, {"capacity": 270, "impossibleCargos": [5, 6, 8, 10, 11, 13, 16, 17], "neighbors": [1, 17, 19, 31, 4, 37, 29, 26, 15, 3]}, {"capacity": 291, "impossibleCargos": [0, 2, 3, 6, 8, 10, 13, 14, 15, 17, 18, 22, 24], "neighbors": [32, 36, 4, 7, 15, 26, 11, 21, 18, 34, 17, 10]}, {"capacity": 247, "impossibleCargos": [1, 2, 3, 4, 5, 7, 8, 9, 10, 12, 13, 17, 18, 19, 21, 24], "neighbors": [39, 20, 17, 19, 25, 37, 24, 9]}, {"capacity": 246, "impossibleCargos": [1, 4, 8, 9, 14, 17, 23], "neighbors": [0, 12, 9, 2, 30]}, {"capacity": 219, "impossibleCargos": [0, 2, 3, 5, 6, 7, 8, 12, 14, 15, 16, 18, 21, 24], "neighbors": [31, 29, 1, 10, 14, 38, 6, 13, 18]}, {"capacity": 242, "impossibleCargos": [2, 3, 4, 5, 8, 12, 14, 16, 17, 19, 20, 24], "neighbors": [23, 35, 28, 9, 24, 30, 8]}, {"capacity": 256, "impossibleCargos": [0, 1, 3, 4, 5, 6, 7, 11, 18, 22, 24], "neighbors": [36, 19, 34, 35, 7, 37, 21, 4, 29, 27]}, {"capacity": 265, "impossibleCargos": [0, 1, 2, 5, 9, 11, 12, 14, 16, 18, 19, 21, 22, 23], "neighbors": [0, 22, 15, 21, 37, 28, 6, 19, 24, 13, 36, 39, 16, 12, 8]}, {"capacity": 202, "impossibleCargos": [0, 4, 6, 7, 8, 11, 13, 15, 17, 23], "neighbors": [11, 25, 37, 4, 34, 12, 7, 23, 39]}, {"capacity": 218, "impossibleCargos": [1, 5, 7, 8, 11, 13, 14, 15, 17, 22, 24], "neighbors": [19, 16, 21, 39, 22, 34, 7, 35, 36, 6, 14]}, {"capacity": 255, "impossibleCargos": [0, 5, 7, 8, 9, 11, 12, 14, 17, 19, 21, 24], "neighbors": [7, 30, 17, 32, 18, 16, 14, 33, 4, 35, 25]}, {"capacity": 216, "impossibleCargos": [2, 5, 6, 8, 9, 10, 12, 14, 15, 17, 18, 23], "neighbors": [6, 7, 10, 37, 29, 30, 17, 38, 9, 36, 33, 34]}, {"capacity": 268, "impossibleCargos": [0, 2, 5, 7, 8, 11, 12, 16, 17, 18, 19, 20, 22, 23, 24], "neighbors": [15, 30, 37, 25, 38, 35, 17, 31, 10, 33, 22]}, {"capacity": 248, "impossibleCargos": [0, 2, 8, 15, 16, 17, 21, 22], "neighbors": [5, 36, 35, 21, 31, 32, 22, 3, 6, 30, 26, 24, 7, 8, 10, 38]}, {"capacity": 294, "impossibleCargos": [0, 4, 10, 13, 14, 16, 17, 19, 20, 23, 24], "neighbors": [0, 3, 36, 35, 19, 28, 1, 10, 37]}, {"capacity": 277, "impossibleCargos": [0, 1, 3, 9, 13, 16, 18, 19, 22, 23], "neighbors": [26, 33, 4, 3, 17, 31, 32]}]}