{"volumes": [188, 413, 157, 152, 221, 0, 596, 156, 0, 178, 454, 987, 0, 0, 349, 338, 757, 842, 0, 521, 0, 180, 200, 152, 348], "conflicts": [[0, 5], [0, 9], [0, 18], [1, 2], [1, 4], [1, 5], [1, 8], [1, 10], [1, 18], [1, 20], [1, 24], [2, 4], [2, 5], [2, 8], [2, 10], [2, 23], [3, 5], [3, 8], [3, 21], [4, 5], [4, 9], [4, 20], [5, 7], [5, 11], [5, 15], [5, 16], [5, 21], [5, 22], [6, 9], [7, 13], [7, 20], [7, 24], [8, 10], [8, 11], [8, 14], [8, 18], [8, 21], [9, 22], [9, 23], [11, 18], [11, 20], [12, 15], [12, 16], [12, 21], [12, 24], [13, 15], [13, 17], [13, 22], [14, 23], [15, 19], [16, 18], [16, 20], [18, 19], [21, 22], [22, 23]], "tanks": [{"capacity": 210, "impossibleCargos": [1, 2, 3, 5, 6, 7, 9, 12, 13, 14, 15, 16, 17, 18, 19, 20, 21, 22, 23, 24], "neighbors": [20, 3, 7, 19, 9, 27, 12, 32, 39, 29, 14]}, {"capacity": 219, "impossibleCargos": [0, 3, 4, 6, 7, 8, 9, 10, 11, 12, 13, 14, 15, 16, 17, 19, 20, 21, 23], "neighbors": [32, 14, 23, 4, 38, 17, 18, 6, 29, 35, 5, 37]}, {"capacity": 214, "impossibleCargos": [0, 2, 3, 4, 5, 6, 7, 8, 9, 10, 11, 12, 13, 15, 16, 18, 19, 20, 21, 22, 23, 24], "neighbors": [12, 23, 10, 14, 33, 9, 27, 36, 30, 22]}, {"capacity": 216, "impossibleCargos": [0, 1, 2, 4, 5, 6, 9, 10, 11, 12, 13, 15, 16, 17, 18, 19, 20, 21, 22, 24], "neighbors": [5, 0, 12, 31, 7, 28, 13, 27, 18, 15, 33]}, {"capacity": 230, "impossibleCargos": [0, 2, 3, 4, 5, 7, 9, 10, 11, 13, 14, 16, 17, 18, 19, 20, 21, 22, 24], "neighbors": [5, 35, 1, 28, 9, 27, 34, 20, 31, 22, 18, 17, 37]}, {"capacity": 291, "impossibleCargos": [3, 4, 6, 7, 8, 9, 10, 11, 12, 13, 14, 15, 17, 20, 21, 24], "neighbors": [3, 4, 6, 10, 26, 34, 25, 39, 1, 24, 15, 29]}, {"capacity": 251, "impossibleCargos": [0, 1, 5, 6, 7, 9, 10, 11, 12, 14, 15, 16, 20, 21, 22, 24], "neighbors": [7, 5, 18, 12, 37, 17, 34, 1, 15]}, {"capacity": 269, "impossibleCargos": [0, 2, 3, 4, 6, 7, 8, 9, 10, 11, 12, 14, 15, 17, 18, 19, 20, 21, 23], "neighbors": [6, 0, 18, 15, 3, 34]}, {"capacity": 288, "impossibleCargos": [0, 1, 2, 3, 6, 7, 8, 9, 11, 12, 14, 16, 17, 19, 21, 22, 23, 24], "neighbors": [22, 19, 34, 13, 33, 29]}, {"capacity": 249, "impossibleCargos": [1, 3, 6, 8, 9, 10, 11, 13, 14, 16, 17, 18, 19, 21, 23, 24], "neighbors": [12, 0, 22, 20, 2, 4, 32, 31, 35, 18, 13]}, {"capacity": 226, "impossibleCargos": [0, 1, 4, 5, 6, 7, 8, 9, 10, 11, 12, 13, 14, 17, 18, 20, 21], "neighbors": [26, 2, 31, 5, 35, 27, 15, 16, 13, 12]}, {"capacity": 268, "impossibleCargos": [0, 2, 4, 6, 7, 8, 9, 10, 12, 13, 15, 16, 18, 20, 21, 23, 24], "neighbors": [24, 31, 37, 18, 39, 12, 21, 14]}, {"capacity": 284, "impossibleCargos": [0, 1, 3, 4, 6, 7, 8, 11, 12, 13, 15, 16, 17, 18, 20, 21, 22, 23], "neighbors": [9, 37, 3, 2, 35, 20, 36, 6, 0, 11, 17, 21, 16, 10]}, {"capacity": 253, "impossibleCargos": [0, 2, 4, 5, 7, 10, 12, 13, 14, 15, 16, 18, 19, 20, 22, 24], "neighbors": [39, 36, 35, 8, 38, 14, 30, 25, 3, 10, 9, 19]}, {"capacity": 230, "impossibleCargos": [0, 1, 2, 3, 4, 5, 6, 7, 8, 12, 13, 15, 16, 17, 18, 19, 20], "neighbors": [1, 15, 2, 34, 13, 0, 11, 21]}, {"capacity": 244, "impossibleCargos": [0, 1, 3, 4, 6, 8, 9, 10, 11, 12, 13, 14, 15, 18, 19, 20, 21, 22, 24], "neighbors": [14, 18, 7, 29, 36, 10, 31, 5, 3, 6]}, {"capacity": 243, "impossibleCargos": [0, 1, 3, 4, 5, 6, 7, 8, 11, 12, 13, 16, 18, 19, 20, 21, 22, 23, 24], "neighbors": [39, 30, 17, 21, 35, 31, 10, 20, 12]}, {"capacity": 248, "impossibleCargos": [0, 1, 3, 4, 5, 6, 8, 9, 10, 12, 13, 15, 18, 20, 22], "neighbors": [23, 25, 1, 16, 19, 22, 6, 38, 12, 28, 4]}, {"capacity": 218, "impossibleCargos": [0, 1, 2, 4, 6, 7, 8, 9, 11, 13, 14, 15, 16, 17, 19, 21, 22, 23, 24], "neighbors": [21, 7, 6, 15, 11, 1, 29, 33, 19, 28, 4, 3, 9, 37]}, {"capacity": 203, "impossibleCargos": [0, 3, 4, 7, 8, 12, 15, 16, 17, 18, 21, 24], "neighbors": [8, 0, 17, 38, 18, 25, 37, 28, 13, 39]}, {"capacity": 201, "impossibleCargos": [0, 2, 3, 5, 6, 7, 8, 10, 12, 13, 15, 18, 19, 20, 22, 23], "neighbors": [0, 26, 23, 12, 28, 32, 9, 4, 16, 31, 35]}, {"capacity": 300, "impossibleCargos": [0, 2, 3, 4, 5, 6, 8, 9, 10, 11, 12, 13, 14, 16, 17, 20, 21, 23, 24], "neighbors": [18, 16, 24, 34, 11, 12, 14]}, {"capacity": 297, "impossibleCargos": [0, 1, 2, 3, 4, 5, 6, 7, 9, 13, 14, 15, 17, 20, 21, 22, 23, 24], "neighbors": [26, 8, 38, 9, 17, 27, 4, 23, 2]}, {"capacity": 222, "impossibleCargos": [0, 2, 3, 9, 10, 12, 14, 15, 17, 18, 20, 22, 23], "neighbors": [28, 34, 20, 1, 17, 30, 2, 26, 36, 32, 22, 38]}, {"capacity": 299, "impossibleCargos": [0, 1, 2, 3, 5, 6, 7, 8, 10, 11, 13, 14, 15, 16, 17, 19, 20, 21, 22, 24], "neighbors": [30, 11, 29, 21, 5, 32, 27]}, {"capacity": 223, "impossibleCargos": [2, 4, 5, 6, 8, 9, 11, 13, 15, 16, 18, 19, 20, 21, 22, 23, 24], "neighbors": [30, 17, 13, 39, 26, 5, 19, 34]}, {"capacity": 224, "impossibleCargos": [1, 2, 5, 6, 7, 8, 9, 10, 12, 13, 14, 15, 16, 17, 19, 20, 21, 22, 23], "neighbors": [20, 22, 10, 23, 32, 31, 5, 29, 25, 38]}, {"capacity": 278, "impossibleCargos": [0, 3, 4, 5, 7, 8, 9, 10, 11, 12, 13, 16, 17, 19, 20, 21, 23, 24], "neighbors": [33, 39, 0, 2, 28, 38, 10, 4, 22, 3, 24]}, {"capacity": 203, "impossibleCargos": [0, 4, 5, 9, 11, 13, 14, 15, 17, 18, 19, 20, 21, 22], "neighbors": [23, 20, 33, 4, 27, 3, 18, 17, 19]}, {"capacity": 257, "impossibleCargos": [1, 3, 5, 6, 7, 9, 11, 13, 14, 15, 16, 17, 19, 21, 22, 23, 24], "neighbors": [24, 18, 15, 1, 26, 36, 8, 0, 5]}, {"capacity": 260, "impossibleCargos": [0, 1, 2, 3, 5, 7, 8, 9, 12, 13, 14, 15, 18, 20, 21, 22, 23, 24], "neighbors": [25, 16, 23, 24, 13, 2, 37]}, {"capacity": 287, "impossibleCargos": [0, 1, 4, 5, 6, 10, 11, 13, 15, 18, 19, 20, 22, 24], "neighbors": [38, 3, 11, 10, 26, 36, 16, 9, 4, 15, 20]}, {"capacity": 228, "impossibleCargos": [0, 1, 2, 3, 4, 5, 6, 7, 8, 9, 10, 12, 13, 14, 15, 17, 18, 19, 21, 22, 23, 24], "neighbors": [1, 38, 20, 26, 9, 0, 23, 24]}, {"capacity": 253, "impossibleCargos": [0, 1, 2, 3, 4, 5, 6, 7, 8, 9, 13, 14, 16, 18, 19, 20, 21, 23, 24], "neighbors": [27, 35, 28, 38, 2, 8, 18, 3]}, {"capacity": 239, "impossibleCargos": [1, 3, 4, 5, 6, 8, 9, 10, 11, 12, 13, 16, 17, 18, 19, 24], "neighbors": [23, 8, 14, 21, 6, 5, 4, 7, 25]}, {"capacity": 227, "impossibleCargos": [0, 1, 2, 3, 4, 5, 8, 9, 11, 12, 13, 14, 15, 16, 17, 18, 19, 20, 24], "neighbors": [4, 12, 33, 13, 38, 10, 16, 9, 1, 20]}, {"capacity": 266, "impossibleCargos": [0, 1, 3, 5, 6, 7, 8, 9, 10, 11, 14, 15, 18, 20, 21, 22], "neighbors": [13, 12, 31, 23, 2, 15, 29]}, {"capacity": 201, "impossibleCargos": [1, 3, 4, 7, 11, 12, 13, 14, 15, 16, 18, 19, 20, 22, 23, 24], "neighbors": [12, 11, 6, 19, 30, 1, 4, 18]}, {"capacity": 291, "impossibleCargos": [1, 2, 3, 4, 5, 6, 7, 8, 9, 10, 12, 13, 15, 16, 18, 19, 20, 22], "neighbors": [32, 31, 1, 39, 22, 35, 33, 13, 19, 27, 17, 23, 26]}, {"capacity": 232, "impossibleCargos": [1, 2, 5, 6, 7, 10, 11, 12, 13, 15, 16, 17, 18, 21, 22, 23], "neighbors": [16, 27, 13, 38, 11, 25, 0, 5, 19]}]}