{"volumes": [145, 0, 203, 254, 521, 366, 153, 0, 0, 708, 114, 947, 186, 129, 156, 333, 374, 288, 0, 182, 259, 866, 287, 679, 0], "conflicts": [[0, 3], [0, 4], [0, 6], [0, 7], [0, 8], [0, 10], [0, 16], [0, 18], [0, 22], [1, 2], [1, 5], [1, 7], [1, 8], [1, 9], [1, 11], [1, 12], [1, 13], [1, 14], [1, 15], [1, 16], [1, 17], [1, 18], [1, 19], [1, 20], [1, 21], [1, 22], [1, 23], [1, 24], [2, 4], [2, 6], [2, 7], [2, 8], [2, 10], [2, 16], [2, 18], [2, 19], [2, 20], [2, 23], [2, 24], [3, 7], [3, 14], [3, 17], [3, 18], [3, 24], [4, 7], [4, 8], [4, 18], [4, 20], [4, 23], [4, 24], [5, 7], [5, 8], [5, 10], [5, 12], [5, 18], [6, 7], [6, 8], [6, 9], [6, 11], [6, 12], [6, 14], [6, 20], [6, 24], [7, 8], [7, 10], [7, 11], [7, 13], [7, 14], [7, 15], [7, 17], [7, 19], [7, 21], [7, 22], [7, 23], [7, 24], [8, 9], [8, 10], [8, 13], [8, 15], [8, 16], [8, 18], [8, 19], [8, 20], [8, 22], [8, 23], [8, 24], [9, 18], [10, 13], [10, 14], [10, 18], [10, 24], [11, 18], [11, 24], [12, 13], [12, 14], [12, 15], [12, 17], [12, 19], [12, 20], [12, 24], [13, 15], [13, 19], [13, 20], [14, 24], [15, 18], [15, 24], [16, 18], [16, 19], [16, 24], [17, 18], [17, 24], [18, 19], [18, 20], [18, 21], [19, 22], [19, 24], [20, 24], [21, 24], [22, 24], [23, 24]], "tanks": [{"capacity": 260, "impossibleCargos": [5, 6, 11, 13, 15, 16, 24], "neighbors": [36, 22, 39, 3, 1, 15, 8, 4, 18, 34, 38, 27, 17, 13, 9, 7, 37, 28, 12, 30, 29, 33, 25, 10]}, {"capacity": 270, "impossibleCargos": [3, 4], "neighbors": [10, 2, 5, 35, 0, 23, 11, 14, 9, 39, 24, 34, 16, 7, 28, 37, 22, 3, 31, 33, 26, 21, 15]}, {"capacity": 259, "impossibleCargos": [5, 8, 9, 10, 12], "neighbors": [1, 24, 25, 8, 26, 11, 31, 20, 6, 23, 33, 28, 15, 17, 34, 19, 22, 18, 16]}, {"capacity": 251, "impossibleCargos": [7, 9, 11, 14, 20], "neighbors": [9, 8, 39, 0, 34, 36, 23, 38, 28, 27, 20, 7, 33, 19, 4, 13, 1, 24, 14]}, {"capacity": 282, "impossibleCargos": [3, 6, 13, 14], "neighbors": [21, 31, 13, 6, 8, 0, 34, 37, 23, 9, 3, 22, 18, 16, 20]}, {"capacity": 244, "impossibleCargos": [1, 2, 12, 19, 21], "neighbors": [10, 26, 1, 17, 36, 9, 12, 15, 7, 23, 27, 25, 19, 37]}, {"capacity": 228, "impossibleCargos": [4, 5, 6, 13, 14, 21, 24], "neighbors": [15, 4, 38, 18, 30, 34, 2, 26, 11, 20, 29, 12, 10, 17, 31]}, {"capacity": 280, "impossibleCargos": [4, 5], "neighbors": [17, 19, 38, 31, 39, 21, 25, 22, 3, 26, 0, 5, 35, 1, 36, 8, 16, 11]}, {"capacity": 242, "impossibleCargos": [1, 4, 15, 21], "neighbors": [29, 3, 4, 0, 2, 27, 35, 23, 11, 25, 12, 20, 13, 7, 30, 17, 14, 21, 33]}, {"capacity": 287, "impossibleCargos": [2, 3, 6, 12, 17, 19, 20, 24], "neighbors": [3, 12, 15, 27, 39, 32, 33, 24, 11, 1, 30, 5, 23, 28, 0, 29, 4, 26, 34, 17, 36, 10, 20, 35]}, {"capacity": 265, "impossibleCargos": [0, 3, 13, 16, 24], "neighbors": [1, 5, 13, 33, 21, 35, 24, 25, 26, 11, 15, 16, 9, 19, 17, 6, 22, 12, 0]}, {"capacity": 278, "impossibleCargos": [3, 4, 15, 16, 21], "neighbors": [26, 1, 15, 31, 38, 2, 9, 27, 20, 28, 6, 8, 22, 23, 10, 25, 30, 17, 14, 35, 12, 7, 29]}, {"capacity": 266, "impossibleCargos": [1, 11, 15, 16, 20, 22], "neighbors": [31, 9, 36, 20, 30, 28, 38, 22, 23, 34, 13, 39, 5, 8, 0, 6, 18, 27, 21, 14, 11, 10, 15]}, {"capacity": 242, "impossibleCargos": [13, 16, 17, 18, 19, 20, 23], "neighbors": [10, 31, 4, 18, 34, 21, 33, 37, 32, 0, 12, 24, 3, 26, 8, 27, 22, 15, 19, 30, 17, 36, 35]}, {"capacity": 273, "impossibleCargos": [0, 4, 16, 17, 23, 24], "neighbors": [22, 26, 23, 15, 27, 24, 28, 1, 31, 34, 32, 29, 3, 11, 25, 8, 12, 18, 21]}, {"capacity": 243, "impossibleCargos": [2, 5, 18, 19], "neighbors": [6, 14, 30, 9, 0, 11, 36, 31, 23, 21, 34, 5, 39, 2, 24, 37, 10, 13, 20, 22, 1, 12]}, {"capacity": 279, "impossibleCargos": [0, 2, 8, 10, 12], "neighbors": [24, 18, 25, 39, 21, 1, 34, 31, 7, 10, 32, 2, 26, 28, 4]}, {"capacity": 291, "impossibleCargos": [9, 11, 13, 18, 21, 23, 24], "neighbors": [7, 28, 24, 5, 25, 0, 21, 38, 19, 9, 2, 11, 8, 10, 6, 27, 34, 13]}, {"capacity": 268, "impossibleCargos": [10, 11, 17, 18, 21], "neighbors": [27, 23, 24, 13, 35, 16, 39, 32, 38, 6, 0, 20, 30, 22, 12, 37, 4, 2, 14, 33, 25, 29]}, {"capacity": 208, "impossibleCargos": [4, 6, 11, 21], "neighbors": [7, 39, 38, 29, 22, 32, 25, 17, 26, 3, 2, 10, 13, 35, 20, 5, 27]}, {"capacity": 254, "impossibleCargos": [0, 3, 6, 7, 11, 13, 14, 15, 18, 23], "neighbors": [12, 11, 18, 2, 3, 21, 36, 6, 35, 8, 23, 15, 9, 19, 39, 33, 4]}, {"capacity": 203, "impossibleCargos": [2, 3, 6, 12, 15, 16, 19, 21], "neighbors": [26, 30, 4, 34, 13, 10, 15, 7, 17, 16, 24, 32, 20, 39, 28, 29, 38, 33, 12, 1, 8, 14, 36]}, {"capacity": 287, "impossibleCargos": [3, 7, 10, 11, 14, 16], "neighbors": [14, 0, 19, 35, 24, 33, 7, 12, 29, 18, 11, 27, 1, 4, 13, 28, 15, 26, 2, 10, 32, 38, 30]}, {"capacity": 299, "impossibleCargos": [0, 13, 21], "neighbors": [39, 14, 25, 18, 31, 1, 30, 26, 3, 37, 15, 9, 12, 8, 4, 2, 11, 20, 5, 38]}, {"capacity": 300, "impossibleCargos": [0, 2, 3, 10, 14, 18, 20, 24], "neighbors": [25, 17, 2, 26, 33, 14, 16, 18, 9, 22, 10, 29, 21, 1, 36, 28, 35, 32, 13, 15, 3, 37, 34]}, {"capacity": 223, "impossibleCargos": [5, 11, 13, 21, 22, 23, 24], "neighbors": [35, 24, 23, 2, 17, 16, 10, 7, 27, 19, 37, 8, 36, 11, 14, 32, 0, 28, 5, 18]}, {"capacity": 242, "impossibleCargos": [0, 2, 7, 9, 12, 14, 17, 18, 19, 23], "neighbors": [27, 14, 21, 11, 5, 24, 23, 2, 30, 10, 39, 6, 7, 19, 9, 31, 13, 1, 32, 22, 16, 38, 35]}, {"capacity": 267, "impossibleCargos": [13, 17, 19, 23], "neighbors": [26, 18, 33, 14, 9, 11, 0, 8, 25, 3, 34, 22, 38, 36, 13, 12, 5, 19, 17]}, {"capacity": 263, "impossibleCargos": [1, 8, 9, 10, 21, 23], "neighbors": [17, 37, 30, 32, 12, 14, 3, 11, 9, 0, 21, 24, 1, 2, 34, 22, 25, 16]}, {"capacity": 211, "impossibleCargos": [6, 12, 20], "neighbors": [8, 19, 31, 38, 24, 33, 22, 35, 9, 6, 21, 14, 0, 37, 30, 11, 18]}, {"capacity": 291, "impossibleCargos": [1, 4, 22], "neighbors": [31, 21, 12, 15, 28, 33, 23, 26, 32, 6, 9, 18, 38, 0, 11, 8, 29, 13, 22]}, {"capacity": 210, "impossibleCargos": [2, 3, 4, 6, 10, 11, 15, 18, 20], "neighbors": [30, 12, 37, 13, 4, 33, 38, 23, 7, 29, 11, 15, 2, 14, 34, 26, 16, 1, 6]}, {"capacity": 211, "impossibleCargos": [0, 4, 8, 11, 18, 21, 23], "neighbors": [28, 9, 18, 13, 19, 30, 35, 21, 14, 24, 37, 26, 25, 22, 16]}, {"capacity": 263, "impossibleCargos": [0, 7, 10, 20, 22], "neighbors": [37, 27, 24, 31, 30, 10, 9, 13, 22, 29, 38, 2, 3, 21, 39, 0, 34, 1, 18, 20, 8]}, {"capacity": 222, "impossibleCargos": [5, 11, 17, 21, 22, 24], "neighbors": [3, 21, 39, 13, 4, 0, 6, 27, 14, 12, 15, 1, 31, 36, 16, 9, 2, 28, 33, 24, 37, 17, 38, 35]}, {"capacity": 287, "impossibleCargos": [0, 1, 2, 4, 18, 22], "neighbors": [25, 1, 18, 37, 10, 22, 32, 8, 29, 7, 20, 24, 11, 19, 9, 26, 34, 13]}, {"capacity": 262, "impossibleCargos": [1, 3, 5, 6, 10, 13, 17, 21, 22, 24], "neighbors": [0, 12, 3, 39, 15, 5, 24, 20, 7, 34, 25, 9, 27, 13, 21]}, {"capacity": 211, "impossibleCargos": [3, 5, 7, 9, 15, 17, 20], "neighbors": [31, 28, 33, 13, 35, 23, 4, 25, 0, 1, 32, 15, 29, 39, 18, 24, 34, 5]}, {"capacity": 279, "impossibleCargos": [2, 3, 8, 11, 20, 21], "neighbors": [19, 7, 31, 6, 18, 11, 12, 29, 3, 0, 17, 33, 27, 21, 30, 22, 26, 34, 23]}, {"capacity": 207, "impossibleCargos": [6, 9], "neighbors": [23, 19, 3, 0, 34, 9, 36, 18, 16, 7, 26, 1, 12, 21, 15, 33, 37, 20]}]}