{"volumes": [266, 129, 227, 241, 203, 363, 230, 208, 226, 263, 375, 1023, 0, 223, 1079, 319, 532, 0, 246, 235, 909, 397, 0, 0, 0], "conflicts": [[0, 3], [0, 8], [0, 12], [0, 15], [0, 23], [0, 24], [1, 4], [1, 7], [1, 12], [1, 18], [1, 22], [1, 24], [2, 4], [2, 7], [2, 8], [2, 9], [2, 10], [2, 12], [2, 13], [2, 22], [2, 23], [2, 24], [3, 4], [3, 8], [3, 9], [3, 12], [3, 17], [3, 19], [3, 23], [4, 5], [4, 6], [4, 7], [4, 12], [4, 13], [4, 19], [4, 22], [4, 23], [5, 6], [5, 12], [5, 22], [5, 23], [5, 24], [6, 10], [6, 15], [6, 17], [6, 22], [6, 23], [7, 8], [7, 10], [7, 12], [7, 13], [7, 15], [7, 17], [7, 19], [7, 21], [7, 22], [7, 23], [8, 11], [8, 12], [8, 17], [8, 22], [8, 23], [8, 24], [9, 12], [9, 17], [9, 22], [9, 23], [9, 24], [10, 12], [10, 17], [10, 22], [10, 23], [10, 24], [11, 12], [11, 17], [11, 22], [11, 23], [11, 24], [12, 13], [12, 14], [12, 15], [12, 17], [12, 18], [12, 19], [12, 21], [12, 23], [13, 18], [13, 19], [13, 22], [13, 23], [13, 24], [14, 17], [14, 22], [14, 24], [15, 23], [15, 24], [16, 17], [16, 23], [16, 24], [17, 18], [17, 19], [17, 20], [17, 21], [17, 23], [17, 24], [18, 19], [18, 22], [18, 24], [19, 21], [19, 22], [19, 23], [19, 24], [20, 22], [20, 23], [20, 24], [21, 22], [21, 24], [22, 23], [22, 24], [23, 24]], "tanks": [{"capacity": 223, "impossibleCargos": [4, 6, 8, 10, 12, 16, 17], "neighbors": [2, 20, 23, 10, 13, 27, 21, 22, 33, 29, 26, 35, 32, 36, 34, 5, 8, 31, 6, 11, 16, 17]}, {"capacity": 277, "impossibleCargos": [3, 4, 5, 6, 7, 8, 16, 22], "neighbors": [37, 39, 21, 17, 33, 34, 4, 10, 19, 35, 6, 11, 12, 16, 14, 2, 22, 29, 27, 38, 28, 31]}, {"capacity": 296, "impossibleCargos": [2, 3, 7, 11, 13, 16, 18, 19, 21, 24], "neighbors": [0, 12, 5, 17, 9, 4, 23, 8, 14, 11, 15, 19, 28, 24, 35, 1, 7, 10, 27, 33, 6, 31]}, {"capacity": 285, "impossibleCargos": [1, 12, 13], "neighbors": [16, 19, 32, 11, 28, 9, 30, 27, 25, 15, 34, 39, 31, 22, 38, 4, 37]}, {"capacity": 218, "impossibleCargos": [0, 7, 10, 13, 14, 18], "neighbors": [36, 9, 17, 24, 16, 2, 8, 15, 1, 25, 38, 32, 35, 37, 31, 23, 3, 12, 19, 29, 30, 22]}, {"capacity": 268, "impossibleCargos": [2, 9, 12, 19], "neighbors": [2, 39, 24, 26, 12, 28, 14, 34, 16, 31, 0, 10, 29, 30, 17, 23, 7, 37, 13, 27]}, {"capacity": 287, "impossibleCargos": [0, 1, 3, 10, 12, 15, 16, 18, 19, 23], "neighbors": [13, 38, 34, 8, 30, 12, 24, 11, 1, 35, 19, 26, 0, 39, 22, 18, 37, 9, 2, 16, 7]}, {"capacity": 239, "impossibleCargos": [6, 10, 12, 18, 21, 24], "neighbors": [37, 32, 29, 30, 25, 26, 19, 2, 31, 27, 12, 39, 34, 5, 24, 23, 17, 6, 18]}, {"capacity": 235, "impossibleCargos": [6, 7, 22, 24], "neighbors": [12, 30, 9, 6, 19, 4, 14, 20, 2, 38, 35, 27, 15, 36, 18, 31, 22, 34, 0, 39, 33, 32, 11, 10, 21, 37]}, {"capacity": 264, "impossibleCargos": [1, 5, 12, 15, 16, 21, 23], "neighbors": [15, 26, 8, 4, 2, 27, 18, 38, 23, 30, 3, 11, 22, 12, 10, 39, 20, 32, 14, 6]}, {"capacity": 255, "impossibleCargos": [1, 3, 10, 15, 20, 23], "neighbors": [33, 31, 0, 37, 27, 17, 1, 19, 5, 12, 16, 9, 11, 2, 18, 23, 28, 8]}, {"capacity": 254, "impossibleCargos": [0, 6, 9, 20], "neighbors": [24, 28, 36, 3, 34, 6, 2, 9, 1, 35, 37, 10, 0, 38, 8, 19]}, {"capacity": 261, "impossibleCargos": [2, 3, 7, 8, 9, 13, 19, 21, 24], "neighbors": [8, 32, 2, 16, 33, 15, 29, 6, 35, 26, 23, 5, 1, 19, 9, 10, 7, 4, 28, 24]}, {"capacity": 268, "impossibleCargos": [1, 3, 7, 12, 15, 19, 21, 22], "neighbors": [31, 6, 17, 0, 38, 36, 25, 18, 37, 30, 21, 22, 32, 5]}, {"capacity": 206, "impossibleCargos": [3, 10, 20], "neighbors": [32, 36, 8, 27, 2, 5, 18, 39, 1, 34, 24, 30, 9, 15, 38, 35]}, {"capacity": 257, "impossibleCargos": [1, 2, 9, 11, 13, 24], "neighbors": [9, 26, 33, 12, 4, 22, 8, 23, 35, 2, 30, 20, 3, 27, 18, 38, 39, 14, 29, 28]}, {"capacity": 277, "impossibleCargos": [1, 6, 7, 15, 18], "neighbors": [3, 33, 35, 24, 12, 4, 32, 25, 20, 31, 23, 29, 34, 5, 22, 28, 1, 39, 10, 0, 6]}, {"capacity": 291, "impossibleCargos": [0, 2, 4, 15, 16, 19, 21, 24], "neighbors": [2, 21, 4, 22, 13, 1, 31, 10, 28, 27, 20, 38, 18, 5, 0, 7]}, {"capacity": 290, "impossibleCargos": [0, 5, 7, 8, 11, 19, 23, 24], "neighbors": [35, 19, 21, 26, 9, 39, 31, 37, 38, 20, 8, 14, 13, 15, 10, 17, 28, 6, 33, 7, 23]}, {"capacity": 285, "impossibleCargos": [1, 6, 8, 10, 14, 21, 24], "neighbors": [18, 8, 3, 21, 1, 28, 24, 2, 10, 32, 26, 12, 6, 7, 38, 35, 4, 23, 11]}, {"capacity": 259, "impossibleCargos": [6, 7, 8, 10, 11, 13, 20, 21], "neighbors": [0, 8, 16, 25, 27, 36, 23, 31, 18, 15, 29, 17, 9, 37, 32]}, {"capacity": 255, "impossibleCargos": [15, 18, 20, 21], "neighbors": [38, 34, 26, 17, 1, 32, 18, 39, 0, 19, 29, 28, 27, 31, 13, 8]}, {"capacity": 291, "impossibleCargos": [6, 8, 10, 11, 13, 14, 17, 21, 24], "neighbors": [25, 17, 24, 31, 0, 15, 38, 16, 9, 8, 1, 39, 23, 37, 3, 6, 13, 4]}, {"capacity": 260, "impossibleCargos": [1, 2, 4, 8, 15, 17, 22], "neighbors": [25, 0, 26, 2, 34, 32, 9, 37, 12, 15, 20, 16, 38, 27, 29, 30, 36, 4, 10, 22, 5, 7, 19, 18]}, {"capacity": 286, "impossibleCargos": [9, 15, 17], "neighbors": [16, 4, 5, 11, 22, 31, 29, 6, 35, 19, 2, 32, 38, 14, 7, 12]}, {"capacity": 224, "impossibleCargos": [2, 7, 21, 22, 24], "neighbors": [22, 23, 27, 16, 20, 35, 33, 28, 7, 4, 13, 3, 37, 39]}, {"capacity": 241, "impossibleCargos": [2, 4, 6, 7, 8, 14, 15, 18, 21, 22], "neighbors": [21, 9, 15, 32, 18, 23, 39, 12, 5, 0, 33, 29, 7, 34, 19, 35, 6, 36, 30]}, {"capacity": 298, "impossibleCargos": [2, 4, 8, 12, 13, 17, 19, 21, 23], "neighbors": [37, 25, 0, 32, 9, 14, 39, 10, 20, 29, 8, 17, 28, 3, 23, 21, 15, 38, 7, 2, 1, 31, 30, 5, 36]}, {"capacity": 222, "impossibleCargos": [1, 10, 13, 14, 15, 16, 19, 24], "neighbors": [39, 11, 3, 25, 17, 5, 19, 27, 21, 2, 16, 32, 29, 34, 35, 18, 31, 10, 12, 1, 15]}, {"capacity": 285, "impossibleCargos": [0, 3, 5, 7, 9, 13, 22], "neighbors": [38, 27, 12, 7, 0, 24, 21, 31, 26, 16, 36, 20, 23, 5, 28, 37, 1, 15, 4]}, {"capacity": 289, "impossibleCargos": [0, 1, 3, 4, 8, 10, 19], "neighbors": [38, 8, 34, 31, 6, 7, 9, 39, 32, 15, 3, 23, 13, 14, 5, 26, 27, 4]}, {"capacity": 267, "impossibleCargos": [12, 19, 21, 22], "neighbors": [32, 13, 38, 10, 30, 18, 22, 24, 17, 35, 16, 29, 20, 37, 5, 33, 8, 3, 21, 0, 4, 7, 28, 27, 1, 2]}, {"capacity": 287, "impossibleCargos": [2, 3, 4, 9, 12, 20, 21, 23], "neighbors": [12, 31, 14, 21, 26, 27, 37, 16, 3, 7, 23, 30, 0, 19, 4, 38, 24, 28, 35, 8, 9, 34, 20, 13]}, {"capacity": 203, "impossibleCargos": [1, 12, 18, 22, 24], "neighbors": [16, 10, 15, 12, 1, 0, 25, 26, 31, 38, 8, 2, 18, 35]}, {"capacity": 284, "impossibleCargos": [3, 13, 23], "neighbors": [21, 6, 30, 1, 23, 11, 5, 16, 26, 0, 3, 38, 14, 8, 28, 32, 7]}, {"capacity": 202, "impossibleCargos": [7, 8, 11, 13, 15], "neighbors": [18, 16, 37, 8, 25, 31, 12, 24, 15, 0, 1, 11, 6, 4, 2, 26, 32, 28, 19, 14, 33]}, {"capacity": 285, "impossibleCargos": [5, 6, 7, 12, 14], "neighbors": [4, 14, 39, 38, 11, 20, 8, 13, 0, 29, 23, 26, 27]}, {"capacity": 230, "impossibleCargos": [0, 17, 18, 21], "neighbors": [1, 7, 27, 35, 32, 10, 18, 23, 31, 39, 25, 13, 11, 4, 29, 22, 6, 20, 5, 3, 8]}, {"capacity": 243, "impossibleCargos": [9, 15, 23], "neighbors": [21, 30, 6, 31, 13, 29, 36, 8, 22, 9, 18, 4, 23, 34, 32, 33, 24, 17, 27, 19, 15, 11, 3, 39, 14, 1]}, {"capacity": 225, "impossibleCargos": [4, 7, 8, 9, 11, 17, 24], "neighbors": [28, 1, 5, 21, 26, 18, 36, 27, 30, 37, 14, 3, 16, 8, 22, 9, 6, 15, 7, 38, 25]}]}