{"volumes": [158, 582, 390, 366, 172, 797, 270, 283, 291, 401, 544, 254, 165, 148, 379, 393, 398, 0, 0, 0, 153, 559, 0, 0, 331], "conflicts": [[0, 9], [0, 10], [0, 11], [0, 14], [0, 17], [0, 19], [0, 20], [0, 22], [0, 23], [1, 17], [1, 20], [1, 22], [1, 23], [2, 17], [2, 18], [2, 19], [2, 22], [2, 23], [3, 4], [3, 11], [3, 18], [3, 22], [3, 23], [4, 11], [4, 13], [4, 17], [4, 18], [4, 22], [4, 23], [5, 17], [5, 18], [5, 19], [5, 22], [6, 12], [6, 17], [6, 18], [6, 22], [6, 23], [7, 12], [7, 17], [7, 18], [7, 19], [7, 22], [7, 23], [8, 12], [8, 13], [8, 17], [8, 18], [8, 19], [8, 22], [8, 23], [8, 24], [9, 15], [9, 18], [9, 19], [9, 20], [9, 23], [10, 17], [10, 18], [10, 19], [10, 23], [11, 12], [11, 15], [11, 17], [11, 18], [11, 21], [11, 23], [12, 18], [12, 19], [13, 14], [13, 18], [13, 19], [13, 20], [13, 23], [14, 17], [14, 18], [14, 19], [14, 22], [14, 23], [15, 17], [15, 18], [15, 19], [15, 22], [15, 23], [16, 17], [16, 22], [16, 23], [17, 18], [17, 19], [17, 20], [17, 23], [17, 24], [18, 19], [18, 20], [18, 21], [18, 22], [18, 23], [18, 24], [19, 20], [19, 21], [19, 22], [20, 23], [22, 23], [22, 24], [23, 24]], "tanks": [{"capacity": 200, "impossibleCargos": [0, 1, 2, 3, 4, 9, 11, 12, 15, 16, 17, 23], "neighbors": [17, 37, 21, 11, 29, 34, 19, 31, 22, 24, 2, 10, 35, 6, 8, 9, 5, 28, 23, 26, 27, 38, 18, 39]}, {"capacity": 299, "impossibleCargos": [0, 2, 4, 6, 10, 16, 17, 18, 20, 22, 24], "neighbors": [14, 16, 21, 28, 39, 24, 25, 29, 5, 37, 38, 15, 23, 3, 6, 34, 33, 26, 11, 27, 32]}, {"capacity": 203, "impossibleCargos": [1, 3, 4, 5, 8, 9, 11, 12, 15, 16, 18, 21, 23], "neighbors": [33, 30, 24, 23, 0, 32, 34, 11, 19, 25, 7, 28, 12, 14, 36, 6, 10, 13]}, {"capacity": 217, "impossibleCargos": [0, 1, 3, 6, 12, 15, 16, 19, 20, 22, 23, 24], "neighbors": [5, 28, 34, 33, 37, 36, 29, 30, 31, 16, 32, 1, 17, 6, 18, 8, 23, 24, 26, 21]}, {"capacity": 246, "impossibleCargos": [0, 1, 2, 3, 4, 9, 11, 15, 16, 19, 20, 21, 23, 24], "neighbors": [13, 38, 27, 29, 18, 39, 15, 11, 14, 23, 21, 25, 8, 24, 17, 32, 10, 31, 16, 33, 7, 30]}, {"capacity": 224, "impossibleCargos": [0, 2, 5, 7, 8, 10, 11, 12, 20, 21, 22, 23, 24], "neighbors": [3, 11, 34, 14, 29, 19, 39, 31, 22, 1, 10, 36, 23, 0, 7, 24, 21, 17, 27, 37]}, {"capacity": 251, "impossibleCargos": [1, 4, 6, 7, 10, 11, 13, 15, 16, 19, 21, 23, 24], "neighbors": [29, 20, 19, 21, 12, 37, 31, 14, 0, 7, 32, 15, 18, 1, 3, 2]}, {"capacity": 300, "impossibleCargos": [2, 3, 4, 5, 6, 9, 10, 13, 15, 18, 19, 22, 23, 24], "neighbors": [36, 23, 28, 25, 18, 37, 15, 32, 33, 13, 30, 6, 14, 12, 21, 39, 35, 5, 16, 22, 34, 2, 31, 4]}, {"capacity": 247, "impossibleCargos": [0, 4, 6, 7, 10, 11, 13, 18, 19, 20, 22, 24], "neighbors": [35, 20, 30, 27, 28, 0, 4, 29, 16, 31, 9, 3, 36, 26, 23, 37, 34, 25, 18]}, {"capacity": 252, "impossibleCargos": [0, 1, 3, 4, 8, 10, 12, 13, 16, 17, 21, 23, 24], "neighbors": [17, 34, 22, 38, 32, 12, 36, 18, 24, 0, 20, 23, 39, 35, 8, 31, 26]}, {"capacity": 266, "impossibleCargos": [0, 1, 5, 7, 12, 14, 16, 17, 19, 23], "neighbors": [14, 38, 17, 31, 11, 26, 25, 13, 0, 5, 15, 16, 22, 30, 4, 39, 20, 34, 32, 2]}, {"capacity": 262, "impossibleCargos": [1, 3, 4, 7, 9, 10, 15, 16, 18, 24], "neighbors": [5, 28, 0, 23, 13, 34, 15, 10, 38, 4, 2, 25, 39, 1, 26]}, {"capacity": 245, "impossibleCargos": [0, 9, 10, 11, 12, 13, 18, 21, 22, 24], "neighbors": [16, 25, 26, 15, 27, 6, 9, 13, 28, 7, 19, 37, 20, 2, 18]}, {"capacity": 216, "impossibleCargos": [2, 4, 10, 12, 13, 15, 18, 24], "neighbors": [4, 11, 18, 21, 10, 35, 7, 12, 37, 33, 26, 31, 39, 38, 23, 15, 2, 14, 36]}, {"capacity": 237, "impossibleCargos": [1, 2, 4, 5, 8, 9, 10, 11, 13, 14, 15, 17, 18, 20, 22, 23, 24], "neighbors": [10, 5, 32, 1, 18, 25, 20, 24, 35, 39, 21, 6, 4, 7, 30, 26, 2, 33, 13, 31]}, {"capacity": 217, "impossibleCargos": [0, 3, 5, 9, 11, 12, 13, 16, 17, 18, 21], "neighbors": [21, 12, 11, 24, 7, 20, 4, 39, 31, 38, 10, 27, 33, 1, 6, 13, 17, 29, 30]}, {"capacity": 251, "impossibleCargos": [1, 2, 4, 6, 7, 8, 10, 11, 12, 18], "neighbors": [23, 12, 1, 21, 35, 34, 39, 10, 24, 7, 36, 22, 3, 8, 4, 26]}, {"capacity": 264, "impossibleCargos": [0, 2, 3, 5, 6, 9, 11, 14, 15, 22, 23], "neighbors": [34, 0, 9, 10, 28, 19, 31, 4, 36, 29, 3, 5, 20, 15, 37, 25]}, {"capacity": 247, "impossibleCargos": [1, 5, 6, 14, 18, 19, 20, 21, 22, 23, 24], "neighbors": [33, 28, 13, 31, 14, 4, 7, 23, 27, 9, 30, 37, 6, 3, 0, 25, 29, 24, 21, 12, 20, 8, 32, 26]}, {"capacity": 228, "impossibleCargos": [1, 3, 4, 5, 7, 8, 10, 11, 12, 14, 15, 18, 19, 23, 24], "neighbors": [20, 25, 31, 0, 6, 26, 5, 17, 2, 36, 12, 34, 37, 22, 35, 38, 29, 32]}, {"capacity": 237, "impossibleCargos": [0, 1, 2, 3, 4, 6, 8, 11, 13, 15, 18, 19, 22, 23], "neighbors": [19, 38, 6, 8, 27, 24, 14, 25, 35, 15, 23, 34, 30, 9, 21, 29, 10, 12, 36, 17, 18, 28]}, {"capacity": 201, "impossibleCargos": [0, 1, 4, 5, 10, 11, 13, 15, 17, 18, 19, 23], "neighbors": [0, 30, 6, 16, 13, 15, 1, 32, 14, 34, 27, 36, 7, 4, 20, 39, 5, 35, 23, 29, 18, 3, 33]}, {"capacity": 254, "impossibleCargos": [2, 3, 8, 9, 12, 13, 14, 16, 17, 18, 19, 20, 23, 24], "neighbors": [29, 0, 36, 9, 5, 37, 10, 7, 16, 19, 30, 28, 34, 39]}, {"capacity": 236, "impossibleCargos": [0, 1, 3, 5, 6, 8, 12, 13, 14, 15, 16, 19, 20, 21, 24], "neighbors": [16, 7, 11, 35, 25, 29, 18, 20, 2, 4, 5, 33, 9, 0, 28, 1, 21, 3, 8, 13]}, {"capacity": 207, "impossibleCargos": [0, 2, 3, 4, 8, 11, 12, 13, 16, 17, 19, 23, 24], "neighbors": [32, 20, 14, 15, 34, 2, 39, 0, 1, 25, 35, 28, 9, 16, 5, 37, 4, 27, 3, 33, 26, 18]}, {"capacity": 295, "impossibleCargos": [0, 3, 6, 7, 8, 9, 10, 11, 12, 13, 14, 17, 18, 19, 20, 21, 23, 24], "neighbors": [19, 32, 12, 23, 7, 14, 31, 10, 20, 24, 1, 30, 2, 4, 39, 28, 29, 11, 26, 37, 35, 18, 38, 27, 8, 17]}, {"capacity": 248, "impossibleCargos": [0, 2, 3, 6, 7, 9, 14, 17], "neighbors": [12, 31, 19, 10, 35, 32, 39, 13, 14, 0, 25, 36, 28, 9, 16, 24, 8, 1, 3, 11, 18]}, {"capacity": 208, "impossibleCargos": [1, 2, 5, 9, 13, 14, 15, 18, 22, 23, 24], "neighbors": [28, 4, 20, 12, 18, 36, 38, 21, 8, 15, 24, 31, 37, 0, 33, 5, 29, 25, 1]}, {"capacity": 274, "impossibleCargos": [0, 2, 3, 4, 6, 7, 8, 10, 11, 14, 16, 18, 19, 21, 22, 23], "neighbors": [27, 11, 3, 7, 18, 1, 30, 39, 35, 12, 17, 24, 8, 0, 23, 22, 25, 2, 26, 37, 20]}, {"capacity": 257, "impossibleCargos": [0, 2, 7, 8, 9, 10, 12, 13, 14, 15, 16, 17, 18, 19], "neighbors": [0, 6, 22, 5, 4, 23, 31, 3, 1, 20, 25, 8, 17, 30, 18, 21, 27, 19, 33, 15, 34]}, {"capacity": 252, "impossibleCargos": [1, 2, 4, 5, 6, 8, 9, 10, 11, 12, 14, 16, 17, 18, 23], "neighbors": [32, 21, 2, 28, 8, 7, 3, 25, 36, 34, 20, 14, 33, 18, 10, 31, 22, 29, 4, 39, 15]}, {"capacity": 231, "impossibleCargos": [1, 4, 5, 6, 8, 9, 10, 11, 15, 16, 17, 18, 19, 20, 22], "neighbors": [19, 0, 18, 26, 10, 25, 29, 6, 5, 3, 15, 36, 37, 17, 13, 30, 8, 4, 27, 7, 9, 14]}, {"capacity": 204, "impossibleCargos": [0, 1, 4, 5, 9, 11, 14, 18, 19, 22, 24], "neighbors": [25, 24, 14, 30, 37, 36, 7, 9, 21, 2, 26, 6, 4, 3, 34, 10, 19, 18, 1]}, {"capacity": 263, "impossibleCargos": [0, 1, 3, 4, 5, 8, 12, 14, 15, 16, 17, 18, 21, 24], "neighbors": [18, 2, 3, 7, 23, 13, 30, 15, 4, 27, 24, 1, 14, 29, 21]}, {"capacity": 237, "impossibleCargos": [0, 4, 5, 6, 7, 9, 11, 15, 19, 21, 22, 23], "neighbors": [17, 5, 3, 0, 11, 9, 24, 16, 20, 21, 2, 36, 30, 19, 7, 37, 32, 38, 10, 1, 22, 8, 29]}, {"capacity": 223, "impossibleCargos": [0, 4, 5, 7, 8, 9, 11, 12, 14, 15, 17, 19, 20, 23, 24], "neighbors": [23, 8, 16, 14, 20, 13, 28, 24, 26, 0, 7, 9, 21, 19, 25]}, {"capacity": 273, "impossibleCargos": [4, 5, 6, 9, 10, 11, 15, 16, 17, 19, 20, 22, 23], "neighbors": [7, 22, 32, 3, 27, 9, 34, 21, 31, 30, 5, 19, 38, 16, 17, 26, 2, 8, 20, 13]}, {"capacity": 276, "impossibleCargos": [0, 1, 2, 5, 7, 10, 11, 14, 17, 18, 19, 21, 22, 23], "neighbors": [0, 32, 7, 3, 6, 13, 31, 22, 12, 18, 19, 1, 24, 34, 25, 27, 5, 8, 28, 17]}, {"capacity": 269, "impossibleCargos": [7, 8, 11, 13, 14, 15, 17, 19, 20, 21, 23], "neighbors": [20, 4, 10, 9, 11, 27, 15, 36, 1, 19, 13, 0, 34, 25]}, {"capacity": 219, "impossibleCargos": [1, 3, 5, 7, 8, 9, 13, 14, 15, 16, 17, 18, 21, 22, 23], "neighbors": [1, 4, 24, 14, 15, 5, 28, 16, 26, 7, 9, 21, 25, 13, 10, 11, 30, 0, 22]}]}