{"volumes": [208, 410, 195, 0, 174, 189, 0, 370, 669, 757, 117, 258, 280, 0, 0, 619, 233, 0, 250, 486, 307, 873, 322, 152, 223], "conflicts": [[0, 2], [0, 3], [0, 4], [0, 6], [0, 12], [0, 13], [0, 14], [0, 17], [0, 24], [1, 6], [1, 13], [1, 14], [1, 16], [1, 17], [1, 20], [2, 3], [2, 5], [2, 6], [2, 7], [2, 14], [2, 17], [2, 20], [2, 22], [2, 24], [3, 5], [3, 6], [3, 7], [3, 8], [3, 9], [3, 13], [3, 14], [3, 16], [3, 19], [3, 20], [3, 21], [3, 22], [3, 23], [4, 5], [4, 6], [4, 14], [4, 17], [4, 18], [4, 20], [5, 6], [5, 7], [5, 10], [5, 13], [5, 16], [5, 17], [5, 18], [5, 19], [6, 8], [6, 10], [6, 14], [6, 15], [6, 17], [6, 18], [6, 20], [6, 22], [6, 23], [6, 24], [7, 13], [8, 14], [8, 17], [8, 18], [9, 13], [9, 14], [9, 17], [10, 13], [10, 14], [10, 17], [10, 20], [11, 13], [11, 14], [11, 17], [12, 13], [12, 14], [12, 16], [13, 14], [13, 15], [13, 16], [13, 18], [13, 19], [13, 20], [13, 22], [13, 23], [13, 24], [14, 15], [14, 17], [14, 18], [14, 19], [14, 20], [14, 21], [14, 22], [14, 24], [15, 17], [16, 17], [17, 18], [17, 19], [17, 21], [17, 22], [17, 23], [17, 24], [18, 20], [18, 22], [18, 23], [19, 24], [20, 24], [23, 24]], "tanks": [{"capacity": 241, "impossibleCargos": [0, 1, 3, 4, 5, 6, 7, 8, 9, 13, 16, 19, 21], "neighbors": [6, 12, 15, 4, 34, 18, 8, 3, 22, 33, 29, 1, 39, 36, 24, 27, 9, 13, 30, 37, 16, 28, 21, 14, 31]}, {"capacity": 274, "impossibleCargos": [1, 3, 5, 8, 9, 10, 11, 12, 21, 22, 23], "neighbors": [25, 29, 36, 7, 21, 38, 35, 9, 27, 31, 12, 8, 39, 11, 37, 0, 2, 6, 30, 23, 34, 16, 32, 5, 17]}, {"capacity": 271, "impossibleCargos": [0, 3, 6, 7, 9, 10, 15, 16, 17, 19, 22, 23], "neighbors": [9, 22, 23, 26, 35, 1, 8, 36, 15, 13, 14, 10, 20, 29]}, {"capacity": 247, "impossibleCargos": [0, 3, 4, 9, 12, 13, 16, 19, 20], "neighbors": [26, 17, 32, 39, 10, 31, 0, 29, 15, 33, 16, 22, 23, 18, 12, 14, 6, 36, 8, 4, 37, 27, 13, 34]}, {"capacity": 231, "impossibleCargos": [1, 4, 5, 6, 7, 8, 11, 13, 15, 17, 18, 21, 23], "neighbors": [9, 24, 6, 0, 11, 31, 37, 32, 15, 8, 13, 12, 5, 3]}, {"capacity": 265, "impossibleCargos": [0, 2, 4, 8, 10, 11, 13, 14, 15, 16, 17, 18, 19, 20, 21], "neighbors": [24, 37, 10, 34, 7, 12, 38, 36, 11, 28, 15, 19, 13, 14, 4, 25, 1, 39]}, {"capacity": 242, "impossibleCargos": [1, 2, 3, 6, 9, 10, 11, 13, 18, 19, 21, 23], "neighbors": [22, 0, 19, 4, 18, 11, 34, 33, 7, 23, 27, 8, 16, 1, 37, 14, 38, 3, 15, 35, 36, 30]}, {"capacity": 282, "impossibleCargos": [1, 2, 3, 4, 6, 7, 10, 11, 12, 13, 14, 19], "neighbors": [38, 15, 1, 5, 8, 35, 6, 37, 39, 30, 26, 17, 12, 9]}, {"capacity": 218, "impossibleCargos": [2, 8, 9, 11, 13, 16, 18, 20, 21, 22], "neighbors": [30, 11, 19, 26, 7, 35, 38, 16, 37, 17, 1, 27, 0, 20, 9, 29, 33, 2, 6, 32, 23, 4, 3]}, {"capacity": 267, "impossibleCargos": [2, 4, 6, 11, 12, 16, 17, 18, 20, 22], "neighbors": [4, 20, 2, 26, 1, 30, 29, 17, 28, 32, 15, 8, 35, 38, 0, 16, 36, 7]}, {"capacity": 236, "impossibleCargos": [2, 4, 7, 8, 9, 10, 12, 14, 15, 16, 19, 20, 23], "neighbors": [29, 33, 22, 5, 17, 3, 19, 24, 31, 36, 27, 2, 39, 38, 11, 25, 13, 16]}, {"capacity": 203, "impossibleCargos": [0, 3, 7, 9, 11, 13, 15, 16, 18, 20, 21, 23, 24], "neighbors": [18, 8, 4, 6, 5, 28, 1, 27, 29, 17, 35, 34, 24, 10, 14]}, {"capacity": 276, "impossibleCargos": [4, 5, 7, 11, 12, 18, 20, 21, 24], "neighbors": [38, 0, 36, 5, 16, 23, 24, 1, 22, 13, 28, 32, 15, 4, 29, 3, 7]}, {"capacity": 234, "impossibleCargos": [1, 2, 5, 7, 10, 12, 16, 18, 20, 21, 22, 23], "neighbors": [23, 34, 38, 32, 27, 25, 24, 29, 12, 33, 4, 2, 35, 5, 14, 37, 0, 28, 10, 21, 3]}, {"capacity": 300, "impossibleCargos": [2, 5, 6, 7, 8, 10, 11, 13, 14, 15, 16, 19, 20, 21, 22, 24], "neighbors": [26, 34, 39, 32, 35, 36, 17, 19, 6, 2, 3, 13, 24, 5, 33, 11, 0]}, {"capacity": 261, "impossibleCargos": [0, 1, 2, 3, 5, 9, 10, 11, 15, 17, 19, 20, 24], "neighbors": [7, 26, 0, 30, 38, 39, 24, 27, 33, 9, 16, 3, 5, 17, 2, 4, 12, 23, 6, 29, 18, 22]}, {"capacity": 271, "impossibleCargos": [0, 4, 7, 8, 9, 10, 11, 12, 19], "neighbors": [38, 12, 36, 25, 8, 15, 6, 3, 18, 19, 21, 9, 17, 30, 33, 0, 10, 1, 29, 26]}, {"capacity": 210, "impossibleCargos": [1, 3, 4, 7, 9, 13, 14, 17, 18, 21, 23, 24], "neighbors": [3, 24, 10, 9, 28, 22, 34, 39, 8, 15, 37, 14, 11, 30, 31, 16, 32, 33, 7, 1]}, {"capacity": 208, "impossibleCargos": [2, 7, 12, 13, 14, 18, 20, 21, 22, 24], "neighbors": [11, 6, 28, 0, 37, 21, 16, 3, 24, 25, 26, 15, 22, 19]}, {"capacity": 206, "impossibleCargos": [0, 1, 3, 5, 8, 9, 10, 17, 18, 21, 23, 24], "neighbors": [39, 6, 8, 37, 10, 24, 27, 35, 36, 28, 32, 14, 20, 5, 16, 38, 26, 34, 29, 22, 18, 31]}, {"capacity": 279, "impossibleCargos": [0, 1, 4, 5, 8, 9, 10, 12, 13, 15, 16, 18, 20, 23], "neighbors": [32, 9, 39, 36, 8, 31, 38, 35, 27, 29, 19, 30, 33, 2]}, {"capacity": 282, "impossibleCargos": [0, 2, 4, 5, 6, 10, 11, 12, 13, 14, 15, 16, 17, 18, 19, 21, 23], "neighbors": [38, 1, 26, 32, 27, 18, 23, 29, 34, 28, 36, 25, 16, 0, 13, 31]}, {"capacity": 261, "impossibleCargos": [1, 3, 4, 6, 16, 20, 21, 22, 23, 24], "neighbors": [6, 10, 2, 33, 27, 17, 39, 0, 31, 12, 3, 37, 26, 35, 38, 23, 34, 18, 25, 19, 15]}, {"capacity": 205, "impossibleCargos": [0, 2, 3, 10, 13, 14, 15, 16, 17, 19, 21, 24], "neighbors": [31, 13, 32, 2, 37, 12, 24, 35, 29, 36, 6, 21, 8, 1, 3, 27, 15, 22]}, {"capacity": 241, "impossibleCargos": [0, 1, 2, 3, 4, 6, 7, 9, 10, 11, 13, 15, 18, 23, 24], "neighbors": [5, 17, 4, 38, 19, 25, 26, 12, 15, 10, 23, 33, 13, 34, 32, 11, 0, 18, 14, 39]}, {"capacity": 273, "impossibleCargos": [0, 2, 4, 5, 6, 8, 9, 11, 13, 14, 17, 19, 20, 22], "neighbors": [1, 30, 24, 16, 28, 36, 38, 13, 37, 29, 21, 34, 18, 10, 22, 5]}, {"capacity": 255, "impossibleCargos": [0, 1, 2, 3, 5, 8, 9, 10, 11, 12, 13, 14, 18, 20, 22, 24], "neighbors": [3, 14, 15, 30, 9, 21, 29, 37, 8, 24, 2, 31, 39, 32, 27, 34, 22, 7, 19, 38, 18, 16]}, {"capacity": 207, "impossibleCargos": [0, 1, 3, 4, 5, 6, 14, 16, 18, 19, 20, 21, 22, 24], "neighbors": [34, 28, 1, 33, 22, 19, 15, 13, 8, 21, 6, 11, 26, 20, 10, 29, 32, 23, 0, 38, 35, 31, 3]}, {"capacity": 292, "impossibleCargos": [0, 1, 4, 6, 7, 9, 11, 12, 22, 23], "neighbors": [27, 39, 18, 17, 25, 29, 34, 9, 5, 11, 32, 19, 38, 12, 37, 21, 13, 30, 35, 0]}, {"capacity": 226, "impossibleCargos": [0, 2, 5, 10, 11, 13, 14, 15, 17, 18, 19, 21, 23], "neighbors": [10, 1, 26, 9, 28, 23, 8, 3, 0, 13, 21, 11, 20, 12, 27, 25, 15, 19, 16, 2]}, {"capacity": 275, "impossibleCargos": [0, 1, 2, 3, 4, 6, 8, 10, 12, 14, 15, 17, 19, 20, 22], "neighbors": [39, 31, 38, 8, 25, 26, 15, 9, 1, 20, 17, 7, 34, 0, 16, 28, 6, 35]}, {"capacity": 279, "impossibleCargos": [0, 4, 7, 12, 13, 15, 16, 21, 23], "neighbors": [23, 30, 4, 1, 36, 35, 26, 3, 20, 22, 10, 17, 27, 32, 19, 21, 0]}, {"capacity": 220, "impossibleCargos": [0, 1, 3, 5, 6, 10, 12, 13, 17, 18, 19, 20, 21, 22, 24], "neighbors": [20, 3, 23, 13, 9, 4, 14, 21, 28, 26, 8, 24, 19, 12, 35, 27, 36, 17, 38, 31, 39, 33, 1]}, {"capacity": 214, "impossibleCargos": [1, 5, 6, 7, 9, 11, 14, 16, 17, 18, 20, 22, 23, 24], "neighbors": [10, 35, 22, 27, 6, 15, 24, 8, 0, 3, 13, 36, 14, 16, 17, 20, 32, 39, 34]}, {"capacity": 278, "impossibleCargos": [0, 2, 9, 10, 11, 14, 15, 17, 18, 20, 22, 23], "neighbors": [27, 36, 5, 14, 13, 0, 6, 28, 17, 24, 26, 11, 21, 35, 30, 19, 25, 1, 22, 38, 33, 3]}, {"capacity": 247, "impossibleCargos": [1, 2, 4, 6, 7, 21, 23], "neighbors": [39, 33, 1, 8, 19, 7, 31, 23, 14, 2, 20, 9, 11, 13, 32, 34, 22, 27, 37, 6, 28, 30]}, {"capacity": 237, "impossibleCargos": [1, 4, 7, 8, 10, 11, 13, 17, 21, 22, 23], "neighbors": [34, 1, 12, 16, 5, 25, 31, 20, 23, 19, 2, 14, 10, 38, 0, 37, 33, 21, 3, 32, 6, 9]}, {"capacity": 283, "impossibleCargos": [0, 2, 3, 5, 8, 9, 11, 15, 18, 19, 22, 23, 24], "neighbors": [5, 19, 26, 4, 23, 8, 18, 38, 1, 7, 17, 6, 22, 28, 25, 36, 13, 0, 35, 3]}, {"capacity": 208, "impossibleCargos": [1, 3, 4, 7, 8, 9, 11, 12, 17, 18, 20, 22], "neighbors": [7, 12, 30, 21, 1, 24, 16, 13, 5, 15, 8, 25, 37, 20, 28, 36, 9, 6, 19, 27, 10, 26, 22, 34, 32]}, {"capacity": 247, "impossibleCargos": [0, 2, 3, 4, 5, 6, 8, 10, 11, 15, 19, 20, 21, 23], "neighbors": [30, 19, 35, 28, 3, 20, 14, 17, 15, 22, 1, 26, 0, 7, 10, 24, 32, 33, 5]}]}