{"volumes": [657, 174, 197, 387, 196, 264, 0, 293, 0, 512, 495, 371, 145, 200, 0, 0, 354, 0, 927, 209, 0, 552, 494, 540, 365], "conflicts": [[0, 6], [0, 14], [0, 15], [0, 20], [1, 4], [3, 14], [3, 20], [4, 6], [4, 14], [4, 15], [4, 17], [5, 12], [5, 14], [5, 17], [6, 8], [6, 20], [6, 22], [7, 14], [7, 15], [7, 20], [8, 14], [8, 18], [8, 19], [8, 20], [9, 20], [14, 16], [14, 20], [14, 21], [14, 22], [14, 24], [15, 23], [16, 20], [17, 21], [17, 24], [19, 20], [19, 21], [20, 21], [20, 23]], "tanks": [{"capacity": 226, "impossibleCargos": [0, 1, 2, 3, 4, 6, 7, 9, 10, 11, 12, 14, 15, 16, 18, 19, 22, 23], "neighbors": [1, 8, 23, 19, 33, 3, 26, 12, 31, 21, 27, 2, 16, 10, 38, 28, 22, 37, 14, 36, 13, 25, 15, 6]}, {"capacity": 245, "impossibleCargos": [0, 3, 4, 5, 6, 7, 8, 11, 12, 13, 14, 15, 16, 18, 19, 22, 23, 24], "neighbors": [15, 0, 4, 6, 12, 36, 10, 20, 27, 16, 29, 33, 38, 9, 2, 22, 31]}, {"capacity": 230, "impossibleCargos": [0, 3, 4, 5, 7, 8, 10, 11, 15, 16, 19, 20, 21, 23, 24], "neighbors": [34, 16, 33, 19, 24, 17, 14, 26, 0, 21, 13, 20, 1, 28, 35, 39, 23]}, {"capacity": 239, "impossibleCargos": [2, 3, 4, 5, 7, 8, 11, 12, 14, 19, 20, 22, 23], "neighbors": [24, 17, 15, 29, 10, 0, 20, 22, 13, 31, 32, 4, 27, 28]}, {"capacity": 266, "impossibleCargos": [1, 4, 6, 7, 8, 9, 10, 12, 13, 14, 16, 17, 19, 20, 21, 22, 23, 24], "neighbors": [14, 23, 1, 16, 37, 29, 19, 13, 35, 27, 10, 6, 30, 34, 15, 32, 3, 36, 12, 20, 11]}, {"capacity": 200, "impossibleCargos": [0, 1, 2, 3, 5, 7, 8, 9, 10, 11, 12, 13, 14, 16, 17, 18, 20, 23, 24], "neighbors": [39, 13, 32, 10, 34, 7, 15, 38, 12, 11, 35, 17, 31, 14, 6, 22, 18]}, {"capacity": 234, "impossibleCargos": [0, 1, 2, 3, 5, 6, 7, 8, 10, 11, 12, 13, 14, 15, 16, 17, 18, 21, 22, 24], "neighbors": [24, 21, 19, 29, 1, 36, 10, 4, 32, 31, 28, 27, 14, 39, 34, 9, 38, 8, 33, 22, 5, 25, 0]}, {"capacity": 254, "impossibleCargos": [0, 1, 3, 6, 7, 8, 9, 12, 13, 14, 15, 16, 17, 18, 19, 20, 21, 23, 24], "neighbors": [23, 29, 28, 21, 5, 25, 14, 16, 12, 35, 32, 31, 38, 17]}, {"capacity": 211, "impossibleCargos": [0, 1, 2, 3, 4, 6, 7, 8, 10, 11, 12, 14, 15, 16, 18, 19, 20, 22, 24], "neighbors": [32, 21, 0, 33, 23, 36, 35, 20, 22, 12, 15, 16, 6, 37, 38, 17, 34, 14]}, {"capacity": 203, "impossibleCargos": [1, 2, 3, 4, 5, 6, 7, 8, 10, 12, 13, 14, 15, 16, 17, 18, 19, 20, 21, 22, 24], "neighbors": [23, 29, 16, 24, 21, 35, 12, 37, 13, 31, 10, 27, 6, 1, 20, 33, 26, 18, 38, 22, 25]}, {"capacity": 276, "impossibleCargos": [0, 1, 2, 4, 5, 6, 7, 8, 10, 11, 13, 16, 17, 19, 20, 21, 22, 23, 24], "neighbors": [12, 26, 13, 28, 3, 5, 1, 35, 15, 39, 22, 4, 6, 17, 9, 31, 19, 20, 38, 0, 36, 24]}, {"capacity": 278, "impossibleCargos": [1, 2, 3, 4, 5, 6, 7, 9, 10, 11, 15, 17, 19, 21, 22, 23, 24], "neighbors": [26, 38, 31, 29, 35, 15, 5, 14, 33, 12, 24, 28, 36, 19, 4]}, {"capacity": 224, "impossibleCargos": [0, 2, 3, 4, 5, 7, 8, 9, 10, 12, 14, 15, 16, 17, 18, 19, 20, 21, 22, 24], "neighbors": [24, 10, 1, 32, 14, 17, 9, 0, 29, 31, 27, 35, 5, 7, 8, 20, 26, 25, 11, 16, 19, 4, 28, 18]}, {"capacity": 282, "impossibleCargos": [0, 2, 4, 5, 7, 9, 10, 11, 12, 15, 17, 20, 22, 23, 24], "neighbors": [5, 26, 10, 4, 3, 29, 36, 33, 9, 19, 30, 18, 27, 15, 2, 28, 0, 14, 35, 32]}, {"capacity": 246, "impossibleCargos": [0, 1, 3, 4, 5, 7, 8, 9, 10, 11, 12, 14, 15, 16, 17, 20, 21, 22, 23], "neighbors": [4, 27, 21, 25, 12, 16, 37, 2, 23, 33, 7, 6, 17, 11, 35, 0, 39, 30, 5, 13, 8, 34]}, {"capacity": 203, "impossibleCargos": [0, 1, 2, 3, 4, 6, 7, 8, 9, 10, 11, 12, 13, 16, 17, 19, 20, 21, 22, 23], "neighbors": [1, 37, 25, 3, 27, 10, 5, 23, 35, 4, 11, 13, 36, 8, 0, 30, 18, 28]}, {"capacity": 235, "impossibleCargos": [0, 1, 2, 3, 4, 6, 7, 8, 9, 10, 11, 12, 13, 15, 16, 17, 18, 20, 21, 23], "neighbors": [35, 4, 34, 9, 21, 32, 39, 2, 26, 14, 1, 20, 18, 29, 31, 0, 7, 8, 12, 28]}, {"capacity": 243, "impossibleCargos": [0, 1, 2, 3, 4, 5, 6, 7, 8, 9, 11, 14, 17, 18, 19, 20, 21, 22, 23, 24], "neighbors": [3, 21, 20, 33, 39, 12, 34, 10, 25, 19, 2, 28, 14, 30, 38, 23, 5, 8, 31, 7]}, {"capacity": 278, "impossibleCargos": [1, 2, 3, 6, 7, 8, 11, 14, 16, 17, 18, 19, 21, 22, 23], "neighbors": [34, 20, 19, 16, 13, 37, 21, 28, 32, 23, 39, 9, 5, 38, 12, 15]}, {"capacity": 202, "impossibleCargos": [0, 1, 3, 4, 6, 7, 8, 9, 11, 13, 14, 15, 16, 17, 18, 19, 20, 21, 22, 24], "neighbors": [6, 0, 4, 2, 29, 24, 17, 13, 18, 25, 10, 12, 30, 11]}, {"capacity": 231, "impossibleCargos": [0, 2, 3, 4, 7, 8, 9, 10, 11, 12, 13, 14, 15, 16, 17, 18, 19, 21, 24], "neighbors": [36, 37, 17, 3, 1, 30, 26, 23, 39, 35, 22, 18, 16, 8, 10, 34, 12, 25, 9, 2, 4, 31, 28]}, {"capacity": 200, "impossibleCargos": [0, 1, 2, 5, 6, 7, 8, 11, 12, 13, 17, 18, 19, 20, 21, 22, 23, 24], "neighbors": [8, 6, 17, 16, 7, 14, 9, 32, 0, 24, 35, 2, 18, 29, 28, 26, 38, 37, 33, 34, 36]}, {"capacity": 213, "impossibleCargos": [0, 1, 2, 3, 4, 7, 8, 9, 10, 11, 13, 14, 15, 16, 17, 18, 19, 20, 23, 24], "neighbors": [29, 25, 30, 36, 32, 37, 31, 26, 3, 10, 20, 38, 35, 8, 27, 0, 34, 6, 5, 28, 1, 9]}, {"capacity": 219, "impossibleCargos": [1, 2, 3, 5, 7, 10, 11, 12, 14, 15, 16, 21, 24], "neighbors": [9, 34, 7, 4, 0, 39, 8, 27, 15, 20, 24, 28, 14, 30, 18, 17, 37, 35, 2]}, {"capacity": 242, "impossibleCargos": [1, 2, 3, 5, 7, 8, 10, 11, 12, 13, 14, 17, 18, 19, 20, 21, 22, 23, 24], "neighbors": [25, 6, 12, 29, 3, 38, 9, 31, 27, 23, 19, 2, 34, 21, 26, 11, 10, 39]}, {"capacity": 279, "impossibleCargos": [1, 2, 4, 5, 6, 7, 8, 12, 13, 14, 16, 17, 18, 19, 20, 21, 22, 23], "neighbors": [24, 22, 33, 15, 29, 38, 27, 14, 7, 17, 35, 31, 19, 32, 20, 12, 0, 34, 39, 6, 9]}, {"capacity": 220, "impossibleCargos": [1, 3, 4, 5, 8, 9, 10, 11, 12, 13, 15, 16, 17, 18, 19, 20, 22], "neighbors": [11, 10, 13, 22, 0, 16, 20, 2, 31, 12, 24, 28, 21, 9, 35, 29, 36]}, {"capacity": 242, "impossibleCargos": [0, 1, 3, 4, 5, 7, 8, 9, 15, 17, 18, 19, 23], "neighbors": [14, 39, 15, 25, 4, 23, 24, 29, 1, 32, 6, 38, 0, 12, 22, 9, 13, 30, 3, 33]}, {"capacity": 210, "impossibleCargos": [1, 2, 5, 6, 8, 9, 10, 14, 17, 18, 19, 20, 22, 23, 24], "neighbors": [7, 37, 10, 34, 23, 6, 30, 17, 18, 0, 29, 13, 21, 32, 26, 3, 16, 22, 12, 2, 33, 11, 35, 15, 20]}, {"capacity": 281, "impossibleCargos": [1, 2, 3, 4, 5, 6, 8, 9, 12, 13, 16, 17, 18, 19, 20, 22, 23, 24], "neighbors": [22, 24, 9, 6, 4, 7, 36, 25, 3, 13, 27, 35, 11, 12, 1, 19, 16, 32, 28, 21, 26]}, {"capacity": 243, "impossibleCargos": [0, 2, 3, 4, 5, 6, 7, 8, 10, 11, 13, 14, 15, 16, 17, 19, 20, 24], "neighbors": [22, 32, 20, 4, 31, 28, 13, 23, 17, 38, 34, 27, 14, 19, 15]}, {"capacity": 280, "impossibleCargos": [0, 1, 2, 4, 6, 9, 10, 13, 15, 17, 18, 19, 20, 21, 22, 23, 24], "neighbors": [34, 11, 22, 37, 24, 6, 0, 3, 30, 12, 25, 9, 10, 16, 26, 7, 5, 36, 39, 17, 38, 1, 20]}, {"capacity": 248, "impossibleCargos": [2, 3, 4, 5, 6, 7, 8, 9, 10, 11, 13, 15, 16, 17, 18, 19, 20, 21, 22, 23], "neighbors": [8, 22, 16, 5, 30, 12, 6, 27, 4, 21, 3, 29, 25, 35, 18, 33, 7, 28, 13]}, {"capacity": 222, "impossibleCargos": [0, 2, 3, 5, 7, 8, 9, 10, 11, 12, 13, 14, 15, 16, 17, 18, 19, 20, 21, 22], "neighbors": [25, 34, 8, 0, 38, 17, 2, 1, 13, 14, 32, 11, 6, 27, 9, 21, 28, 35, 36]}, {"capacity": 248, "impossibleCargos": [0, 5, 6, 7, 8, 9, 10, 12, 13, 14, 15, 16, 17, 18, 19, 20, 21], "neighbors": [23, 33, 31, 2, 16, 18, 5, 28, 4, 17, 36, 24, 20, 6, 30, 22, 25, 8, 21, 37, 14]}, {"capacity": 213, "impossibleCargos": [0, 3, 4, 5, 6, 8, 9, 10, 11, 12, 13, 14, 16, 18, 19, 21, 22, 23, 24], "neighbors": [16, 36, 4, 10, 15, 9, 8, 20, 29, 25, 11, 22, 12, 37, 21, 32, 5, 7, 38, 14, 26, 13, 2, 23, 33, 28]}, {"capacity": 251, "impossibleCargos": [0, 1, 2, 3, 5, 6, 7, 8, 9, 10, 11, 12, 13, 14, 15, 17, 19, 20, 22, 23, 24], "neighbors": [20, 22, 29, 35, 1, 6, 8, 13, 39, 34, 10, 38, 15, 4, 0, 31, 11, 26, 33, 21]}, {"capacity": 241, "impossibleCargos": [2, 3, 5, 6, 7, 8, 9, 10, 11, 12, 13, 15, 17, 18, 19, 20, 23], "neighbors": [20, 15, 4, 22, 28, 31, 14, 9, 39, 35, 18, 0, 8, 23, 21, 34]}, {"capacity": 245, "impossibleCargos": [0, 2, 3, 4, 5, 6, 8, 9, 10, 11, 12, 13, 14, 15, 16, 17, 18, 20, 21, 23, 24], "neighbors": [24, 11, 25, 33, 5, 22, 27, 10, 0, 36, 17, 30, 1, 35, 6, 21, 8, 7, 18, 31, 9]}, {"capacity": 238, "impossibleCargos": [1, 3, 4, 6, 7, 8, 9, 10, 11, 13, 14, 15, 16, 17, 20, 21, 22, 23, 24], "neighbors": [5, 27, 23, 17, 10, 16, 20, 36, 37, 6, 14, 18, 31, 25, 24, 2]}]}