{"volumes": [211, 344, 176, 354, 186, 179, 127, 462, 0, 0, 130, 420, 0, 533, 267, 244, 127, 303, 337, 691, 829, 314, 0, 513, 359], "conflicts": [[0, 12], [0, 13], [0, 22], [1, 12], [1, 16], [1, 22], [2, 3], [2, 4], [2, 12], [2, 22], [3, 8], [3, 12], [3, 16], [4, 9], [4, 10], [4, 11], [4, 12], [5, 8], [5, 12], [6, 7], [6, 10], [6, 12], [6, 15], [7, 17], [8, 9], [8, 10], [8, 11], [8, 12], [8, 13], [8, 14], [8, 15], [8, 16], [9, 16], [9, 18], [9, 20], [9, 21], [9, 22], [9, 23], [9, 24], [10, 11], [10, 14], [10, 16], [10, 24], [11, 12], [11, 22], [12, 13], [12, 15], [12, 16], [12, 18], [12, 19], [12, 20], [12, 22], [14, 22], [16, 22], [17, 22], [18, 21], [18, 22], [21, 22], [22, 24]], "tanks": [{"capacity": 260, "impossibleCargos": [0, 1, 2, 5, 6, 7, 8, 10, 11, 13, 14, 16, 17, 18, 19, 22, 23, 24], "neighbors": [30, 20, 11, 24, 35, 15, 7, 32, 9, 31, 22, 2, 4, 17, 26, 28, 10, 19, 5, 8]}, {"capacity": 271, "impossibleCargos": [0, 2, 4, 6, 7, 8, 10, 11, 13, 14, 16, 18, 19, 20, 21, 22, 24], "neighbors": [2, 26, 32, 38, 30, 36, 5, 35, 31, 18, 19, 22, 34, 29, 8, 37, 21, 15, 11, 20, 16, 39, 3, 23]}, {"capacity": 274, "impossibleCargos": [0, 1, 3, 4, 5, 8, 9, 10, 11, 12, 13, 14, 15, 16, 17, 18, 20, 21, 22, 23], "neighbors": [1, 24, 23, 35, 22, 21, 39, 26, 12, 6, 8, 0, 31, 9, 16, 38, 34, 13, 14, 28]}, {"capacity": 211, "impossibleCargos": [3, 4, 5, 6, 7, 8, 9, 10, 11, 12, 13, 14, 15, 16, 18, 19, 20, 21, 22, 23, 24], "neighbors": [35, 18, 9, 38, 16, 11, 37, 26, 23, 21, 32, 36, 8, 4, 12, 1, 15]}, {"capacity": 259, "impossibleCargos": [0, 1, 2, 3, 4, 6, 7, 8, 9, 11, 12, 13, 14, 15, 17, 19, 20, 21, 23, 24], "neighbors": [23, 30, 38, 8, 6, 26, 16, 5, 14, 32, 33, 22, 18, 0, 27, 31, 3, 19, 17]}, {"capacity": 238, "impossibleCargos": [2, 3, 5, 6, 8, 9, 10, 13, 17, 19, 20, 21, 23], "neighbors": [25, 24, 11, 1, 4, 36, 7, 17, 39, 16, 15, 26, 18, 21, 0, 27, 32, 19, 34, 12]}, {"capacity": 240, "impossibleCargos": [0, 2, 3, 4, 5, 6, 7, 8, 9, 10, 11, 12, 13, 15, 16, 18, 20, 21, 22, 23, 24], "neighbors": [37, 26, 10, 4, 31, 17, 18, 12, 14, 23, 11, 27, 33, 39, 2, 15, 29, 35, 9, 24, 20, 19, 30]}, {"capacity": 236, "impossibleCargos": [0, 1, 2, 3, 4, 5, 7, 8, 10, 11, 12, 13, 14, 15, 16, 17, 20, 22, 23], "neighbors": [26, 36, 20, 8, 18, 39, 33, 5, 32, 0, 10, 34, 16, 17, 12, 28, 13, 15]}, {"capacity": 232, "impossibleCargos": [0, 4, 5, 8, 9, 10, 11, 12, 13, 15, 16, 17, 18, 19, 20, 21, 22, 23, 24], "neighbors": [12, 19, 4, 7, 29, 10, 24, 34, 2, 14, 1, 35, 33, 3, 37, 39, 0, 13, 31]}, {"capacity": 296, "impossibleCargos": [0, 3, 4, 6, 8, 9, 10, 11, 12, 14, 15, 16, 17, 19, 21, 22], "neighbors": [28, 20, 3, 30, 33, 14, 26, 10, 27, 0, 35, 2, 6, 12, 32, 25, 29, 18]}, {"capacity": 207, "impossibleCargos": [0, 1, 2, 3, 6, 7, 8, 9, 10, 11, 12, 13, 15, 16, 17, 19, 21, 22, 23], "neighbors": [36, 38, 6, 13, 8, 21, 32, 9, 17, 25, 7, 15, 39, 0, 27, 14, 28, 26]}, {"capacity": 215, "impossibleCargos": [0, 1, 2, 3, 5, 6, 7, 8, 9, 10, 11, 13, 15, 17, 18, 19, 21, 22, 23, 24], "neighbors": [14, 17, 0, 20, 38, 5, 39, 3, 6, 26, 36, 32, 37, 33, 1, 25, 13, 35, 23, 12, 30, 21, 16]}, {"capacity": 289, "impossibleCargos": [0, 1, 2, 3, 4, 5, 6, 10, 11, 14, 16, 17, 18, 20, 21, 22, 24], "neighbors": [8, 36, 14, 26, 29, 6, 32, 2, 19, 15, 37, 34, 7, 9, 22, 33, 16, 39, 3, 11, 24, 5, 27, 31]}, {"capacity": 281, "impossibleCargos": [0, 1, 2, 3, 4, 5, 6, 7, 8, 9, 10, 11, 12, 13, 14, 15, 16, 17, 18, 19, 22, 24], "neighbors": [19, 27, 25, 30, 10, 24, 32, 38, 31, 22, 11, 37, 34, 28, 7, 2, 8]}, {"capacity": 236, "impossibleCargos": [0, 1, 3, 4, 7, 10, 12, 13, 14, 15, 16, 19, 21, 22, 23, 24], "neighbors": [26, 33, 28, 30, 11, 12, 29, 6, 19, 9, 25, 4, 8, 18, 20, 21, 10, 35, 15, 38, 22, 36, 27, 2]}, {"capacity": 257, "impossibleCargos": [0, 1, 3, 4, 7, 8, 9, 10, 11, 12, 13, 14, 15, 16, 17, 18, 20, 21, 22, 23, 24], "neighbors": [36, 17, 33, 22, 25, 0, 5, 12, 6, 10, 30, 28, 26, 31, 1, 27, 14, 32, 18, 3, 7]}, {"capacity": 232, "impossibleCargos": [0, 1, 3, 4, 5, 7, 8, 10, 11, 14, 16, 18, 19, 20, 21, 22], "neighbors": [18, 17, 3, 33, 4, 25, 21, 5, 27, 7, 2, 29, 1, 12, 28, 11, 19]}, {"capacity": 216, "impossibleCargos": [2, 3, 4, 7, 8, 9, 10, 11, 12, 14, 15, 16, 17, 18, 19, 22, 24], "neighbors": [26, 16, 11, 15, 30, 6, 5, 10, 0, 7, 38, 21, 23, 33, 31, 4, 24, 32]}, {"capacity": 213, "impossibleCargos": [0, 1, 3, 5, 7, 8, 10, 11, 12, 13, 15, 20, 21, 22, 23, 24], "neighbors": [37, 16, 3, 34, 32, 31, 23, 6, 7, 1, 4, 28, 5, 14, 39, 27, 15, 26, 35, 9]}, {"capacity": 264, "impossibleCargos": [1, 2, 3, 4, 6, 8, 9, 10, 12, 13, 14, 15, 16, 17, 19, 22, 23, 24], "neighbors": [13, 8, 28, 14, 26, 38, 21, 1, 12, 33, 29, 0, 25, 35, 5, 4, 6, 16]}, {"capacity": 296, "impossibleCargos": [1, 5, 6, 7, 10, 11, 12, 13, 15, 16, 18, 20], "neighbors": [38, 33, 0, 9, 7, 11, 32, 14, 34, 24, 1, 37, 26, 6]}, {"capacity": 277, "impossibleCargos": [0, 1, 3, 4, 5, 6, 8, 9, 11, 12, 13, 14, 16, 17, 18, 19, 22, 23, 24], "neighbors": [22, 39, 34, 36, 2, 10, 29, 16, 19, 27, 5, 3, 14, 1, 17, 26, 11]}, {"capacity": 200, "impossibleCargos": [1, 5, 6, 12, 13, 14, 15, 17, 19, 20, 22, 24], "neighbors": [21, 33, 29, 37, 2, 30, 15, 24, 1, 27, 4, 31, 26, 0, 13, 12, 23, 38, 35, 14]}, {"capacity": 218, "impossibleCargos": [0, 1, 3, 4, 7, 8, 9, 11, 12, 14, 15, 16, 17, 18, 19, 20, 22, 23, 24], "neighbors": [37, 4, 2, 18, 6, 27, 25, 39, 3, 31, 28, 17, 22, 11, 1]}, {"capacity": 287, "impossibleCargos": [0, 1, 2, 3, 4, 6, 7, 8, 9, 11, 12, 14, 15, 16, 17, 18, 19, 23], "neighbors": [2, 33, 5, 13, 22, 8, 0, 29, 20, 27, 31, 32, 6, 12, 17]}, {"capacity": 203, "impossibleCargos": [0, 1, 2, 4, 6, 8, 9, 10, 11, 12, 13, 14, 15, 16, 17, 19, 22, 23, 24], "neighbors": [13, 5, 15, 16, 26, 23, 14, 32, 10, 30, 11, 19, 35, 27, 9, 38]}, {"capacity": 234, "impossibleCargos": [0, 1, 2, 3, 4, 6, 7, 9, 10, 11, 12, 13, 14, 15, 17, 19, 21, 22, 23, 24], "neighbors": [27, 14, 7, 1, 17, 6, 12, 4, 25, 19, 11, 2, 9, 5, 3, 31, 22, 15, 0, 20, 21, 18, 10, 38, 30]}, {"capacity": 214, "impossibleCargos": [0, 2, 4, 6, 7, 9, 10, 11, 14, 16, 17, 18, 22, 23, 24], "neighbors": [26, 13, 29, 39, 23, 6, 30, 9, 22, 21, 32, 16, 24, 4, 10, 5, 15, 18, 25, 14, 12]}, {"capacity": 272, "impossibleCargos": [0, 1, 2, 5, 8, 9, 10, 11, 13, 15, 17, 18, 19, 20, 21, 23, 24], "neighbors": [14, 9, 35, 38, 19, 30, 36, 29, 18, 34, 15, 0, 23, 7, 10, 13, 16, 2]}, {"capacity": 206, "impossibleCargos": [0, 1, 2, 3, 4, 5, 6, 9, 11, 12, 13, 14, 15, 16, 17, 19, 20, 22, 23, 24], "neighbors": [33, 22, 27, 37, 12, 14, 8, 30, 21, 28, 32, 6, 19, 24, 1, 36, 16, 39, 34, 9]}, {"capacity": 226, "impossibleCargos": [0, 1, 4, 7, 8, 9, 10, 12, 13, 14, 16, 17, 18, 20, 21, 22, 24], "neighbors": [4, 14, 0, 1, 34, 17, 13, 35, 22, 9, 29, 27, 28, 36, 25, 15, 37, 11, 26, 6]}, {"capacity": 278, "impossibleCargos": [0, 1, 5, 6, 7, 8, 9, 10, 12, 13, 14, 15, 16, 17, 18, 20, 22, 23, 24], "neighbors": [32, 18, 6, 35, 1, 13, 0, 26, 22, 15, 2, 23, 24, 4, 33, 17, 36, 38, 39, 34, 12, 8]}, {"capacity": 232, "impossibleCargos": [0, 1, 2, 3, 4, 7, 8, 10, 11, 12, 13, 16, 18, 19, 20, 21], "neighbors": [31, 1, 18, 12, 20, 13, 10, 11, 7, 38, 29, 25, 4, 0, 27, 34, 3, 9, 5, 36, 24, 15, 17]}, {"capacity": 254, "impossibleCargos": [0, 1, 2, 3, 4, 6, 10, 13, 14, 15, 16, 18, 19, 20, 21, 22], "neighbors": [14, 22, 20, 29, 15, 24, 39, 16, 9, 7, 6, 37, 4, 19, 11, 38, 34, 8, 31, 12, 17]}, {"capacity": 258, "impossibleCargos": [1, 2, 3, 5, 6, 7, 8, 9, 10, 11, 12, 13, 14, 15, 16, 18, 19, 20, 21, 22, 23, 24], "neighbors": [30, 18, 21, 8, 28, 1, 35, 7, 20, 32, 12, 33, 37, 13, 29, 5, 2, 39, 31, 38]}, {"capacity": 271, "impossibleCargos": [0, 1, 2, 3, 5, 7, 8, 9, 11, 12, 13, 14, 15, 16, 17, 18, 21, 23], "neighbors": [3, 28, 2, 30, 31, 1, 37, 0, 36, 34, 9, 8, 6, 14, 25, 19, 11, 22, 18]}, {"capacity": 237, "impossibleCargos": [0, 3, 5, 6, 7, 8, 9, 12, 13, 14, 15, 19, 20, 21, 22, 23, 24], "neighbors": [10, 39, 15, 7, 12, 37, 1, 21, 5, 28, 11, 30, 35, 38, 29, 3, 32, 31, 14]}, {"capacity": 212, "impossibleCargos": [0, 1, 2, 3, 5, 6, 7, 8, 9, 10, 13, 14, 15, 16, 18, 19, 20, 21, 23, 24], "neighbors": [23, 6, 18, 36, 38, 29, 22, 35, 3, 33, 11, 30, 1, 12, 20, 13, 34, 8]}, {"capacity": 266, "impossibleCargos": [0, 3, 4, 5, 8, 9, 10, 11, 12, 13, 14, 15, 17, 21, 22, 24], "neighbors": [20, 10, 1, 4, 28, 37, 11, 3, 13, 19, 32, 33, 36, 17, 22, 14, 2, 26, 31, 34, 25]}, {"capacity": 207, "impossibleCargos": [0, 1, 4, 5, 6, 7, 8, 9, 10, 11, 12, 14, 16, 17, 20, 22, 23, 24], "neighbors": [36, 21, 27, 33, 11, 7, 2, 5, 6, 23, 18, 10, 1, 29, 12, 8, 34, 31]}]}