{"volumes": [0, 365, 855, 0, 0, 0, 832, 738, 909, 983, 0, 0, 2961, 0, 418, 1589, 1632, 0, 0, 835, 1062, 630, 301, 1477, 1849, 598, 1454, 0, 660, 0], "conflicts": [[0, 4], [0, 5], [0, 9], [0, 16], [0, 17], [0, 23], [0, 28], [1, 3], [1, 5], [1, 12], [1, 15], [1, 21], [1, 22], [2, 6], [2, 10], [2, 27], [2, 29], [3, 12], [3, 17], [4, 18], [4, 22], [4, 29], [5, 6], [5, 9], [5, 13], [5, 16], [5, 21], [5, 25], [5, 26], [5, 27], [5, 28], [6, 11], [7, 14], [7, 17], [7, 25], [8, 14], [8, 16], [8, 17], [8, 19], [9, 11], [9, 19], [9, 22], [9, 25], [9, 27], [10, 13], [10, 16], [10, 21], [10, 23], [10, 24], [10, 27], [10, 29], [11, 16], [11, 18], [12, 13], [13, 18], [13, 20], [13, 21], [13, 26], [14, 16], [14, 21], [14, 25], [17, 25], [17, 27], [18, 25], [19, 26], [21, 22], [21, 27], [22, 27], [22, 29], [23, 27]], "tanks": [{"capacity": 396, "impossibleCargos": [0, 3, 9, 11, 17, 21, 28], "neighbors": [28, 27, 3, 9, 30, 12, 22, 17, 32, 21]}, {"capacity": 348, "impossibleCargos": [3, 8, 9, 15, 18, 19, 21, 22, 29], "neighbors": [2, 22, 18, 24, 27, 15, 25, 14, 29, 34, 17, 33]}, {"capacity": 832, "impossibleCargos": [2, 4, 5, 6, 13, 28, 29], "neighbors": [1, 5, 20, 31, 30]}, {"capacity": 350, "impossibleCargos": [5, 9, 14, 15, 16, 18, 19], "neighbors": [22, 28, 19, 25, 0, 24, 6, 17]}, {"capacity": 501, "impossibleCargos": [1, 4, 7, 12, 19, 21, 28], "neighbors": [29, 31, 23, 12, 21, 7, 8, 13, 33]}, {"capacity": 553, "impossibleCargos": [1, 6, 12, 14, 21, 25], "neighbors": [11, 18, 7, 32, 2, 17, 27, 34, 29, 31]}, {"capacity": 571, "impossibleCargos": [4, 5, 10, 11, 14, 25, 27], "neighbors": [32, 17, 19, 22, 3, 34, 26, 13, 21]}, {"capacity": 928, "impossibleCargos": [3, 5, 7, 13, 15, 18, 23, 24, 26, 27], "neighbors": [5, 10, 11, 18, 4, 13, 24, 29]}, {"capacity": 928, "impossibleCargos": [0, 22], "neighbors": [24, 14, 4, 33, 9, 34, 16]}, {"capacity": 901, "impossibleCargos": [3, 5, 10, 12, 17, 21, 24, 29], "neighbors": [17, 32, 12, 26, 28, 31, 0, 8, 16, 10, 20, 11, 25]}, {"capacity": 230, "impossibleCargos": [0, 3, 4, 8, 12, 21, 23, 26], "neighbors": [32, 7, 26, 33, 25, 22, 29, 9, 18]}, {"capacity": 484, "impossibleCargos": [5, 8, 12, 15, 16, 18, 19, 26], "neighbors": [5, 26, 7, 32, 9]}, {"capacity": 790, "impossibleCargos": [7, 8, 9, 10, 11, 18, 20, 21, 22, 23, 26, 28], "neighbors": [27, 15, 9, 4, 16, 32, 0]}, {"capacity": 997, "impossibleCargos": [1, 4, 10, 11, 14, 19, 22, 26, 27, 28], "neighbors": [14, 7, 4, 28, 6]}, {"capacity": 576, "impossibleCargos": [10, 17, 18, 20, 26], "neighbors": [16, 33, 8, 13, 22, 1, 29, 32]}, {"capacity": 227, "impossibleCargos": [2, 3, 5, 6, 10, 23, 24, 25, 26, 27, 29], "neighbors": [20, 12, 1, 27, 25, 21, 29, 17]}, {"capacity": 663, "impossibleCargos": [0, 5, 9, 12, 15, 28], "neighbors": [14, 25, 12, 9, 8, 23, 34, 33, 17]}, {"capacity": 786, "impossibleCargos": [1, 4, 5, 9, 10, 18, 19, 22, 26, 27, 29], "neighbors": [30, 9, 28, 6, 34, 5, 22, 3, 1, 15, 0, 25, 16]}, {"capacity": 310, "impossibleCargos": [1, 7, 10, 11, 16, 28, 29], "neighbors": [29, 5, 1, 7, 30, 10, 28, 25]}, {"capacity": 375, "impossibleCargos": [2, 5, 6, 8, 18, 21], "neighbors": [3, 6, 25, 26]}, {"capacity": 850, "impossibleCargos": [4, 6, 7, 8, 12, 15, 16, 22, 23, 28], "neighbors": [26, 15, 21, 2, 33, 9, 29, 31]}, {"capacity": 383, "impossibleCargos": [0, 9, 12, 15], "neighbors": [20, 4, 15, 25, 6, 0]}, {"capacity": 659, "impossibleCargos": [3, 5, 7, 8, 9, 11, 12, 13, 24, 28, 29], "neighbors": [3, 1, 14, 10, 6, 17, 23, 28, 0]}, {"capacity": 443, "impossibleCargos": [5, 11, 23, 27], "neighbors": [4, 24, 31, 22, 30, 27, 16]}, {"capacity": 971, "impossibleCargos": [0, 9, 14, 22, 23, 24, 26, 29], "neighbors": [8, 25, 1, 23, 3, 7, 27]}, {"capacity": 714, "impossibleCargos": [2, 10, 13, 14, 16, 19, 20, 25], "neighbors": [16, 24, 3, 10, 1, 26, 19, 15, 34, 21, 9, 18, 17]}, {"capacity": 875, "impossibleCargos": [10, 12, 13, 15, 17, 18, 21], "neighbors": [20, 11, 30, 10, 32, 9, 25, 19, 6, 27]}, {"capacity": 657, "impossibleCargos": [1, 2, 7, 9, 12, 19, 23, 29], "neighbors": [0, 12, 1, 15, 5, 24, 26, 23]}, {"capacity": 685, "impossibleCargos": [8, 10, 11, 18, 19, 25], "neighbors": [0, 17, 3, 9, 32, 13, 22, 18]}, {"capacity": 776, "impossibleCargos": [6, 8, 10, 13, 14, 18, 26], "neighbors": [4, 18, 1, 10, 14, 15, 5, 33, 20, 7]}, {"capacity": 970, "impossibleCargos": [7, 10, 11, 14, 15, 18, 19, 21, 25, 27], "neighbors": [17, 32, 26, 18, 0, 2, 23]}, {"capacity": 757, "impossibleCargos": [4, 5, 12, 13, 15, 18, 19, 28], "neighbors": [4, 23, 9, 2, 20, 5]}, {"capacity": 323, "impossibleCargos": [10, 18, 21, 28], "neighbors": [10, 6, 30, 9, 5, 26, 12, 14, 34, 28, 11, 0]}, {"capacity": 427, "impossibleCargos": [3, 6, 11, 15, 25, 27, 29], "neighbors": [14, 10, 34, 8, 20, 4, 29, 16, 1]}, {"capacity": 698, "impossibleCargos": [1, 4, 5, 13, 14, 21, 23], "neighbors": [17, 32, 33, 25, 5, 6, 1, 8, 16]}]}