{"volumes": [0, 757, 790, 1371, 917, 599, 2449, 683, 694, 0, 877, 0, 1171, 1294, 0, 1149, 1280, 0, 0, 0, 701, 558, 0, 1139, 1826, 0, 456, 0, 823, 676], "conflicts": [[0, 4], [0, 5], [0, 6], [0, 10], [0, 11], [0, 12], [0, 13], [0, 18], [0, 23], [0, 24], [1, 7], [1, 10], [1, 12], [1, 13], [1, 17], [1, 19], [1, 20], [1, 22], [1, 25], [1, 27], [1, 29], [2, 3], [2, 4], [2, 5], [2, 7], [2, 8], [2, 9], [2, 10], [2, 11], [2, 15], [2, 19], [2, 22], [2, 25], [2, 27], [2, 29], [3, 8], [3, 22], [3, 26], [4, 8], [4, 9], [4, 13], [4, 14], [4, 17], [4, 18], [4, 27], [5, 6], [5, 7], [5, 9], [5, 10], [5, 12], [5, 13], [5, 20], [5, 22], [5, 27], [5, 29], [6, 7], [6, 9], [6, 17], [6, 21], [6, 24], [7, 9], [7, 14], [7, 17], [7, 18], [7, 26], [8, 9], [8, 10], [8, 11], [8, 14], [8, 18], [8, 22], [8, 27], [8, 28], [8, 29], [9, 10], [9, 12], [9, 14], [9, 16], [9, 18], [9, 23], [9, 24], [9, 26], [9, 27], [9, 28], [10, 12], [10, 15], [10, 19], [10, 21], [10, 22], [10, 26], [10, 27], [11, 12], [11, 15], [11, 18], [11, 20], [11, 23], [11, 26], [12, 14], [12, 22], [12, 27], [13, 21], [13, 25], [13, 27], [14, 16], [14, 17], [14, 18], [14, 19], [14, 22], [14, 23], [14, 25], [14, 26], [14, 27], [14, 29], [15, 17], [15, 18], [15, 19], [15, 23], [15, 25], [16, 17], [16, 19], [16, 21], [16, 22], [16, 26], [16, 28], [17, 18], [17, 19], [17, 20], [17, 21], [17, 22], [17, 23], [17, 28], [18, 20], [18, 22], [18, 24], [18, 27], [18, 28], [19, 20], [19, 21], [19, 25], [19, 26], [19, 28], [19, 29], [20, 21], [20, 22], [20, 25], [20, 27], [21, 23], [22, 24], [22, 26], [22, 27], [22, 28], [22, 29], [25, 26], [25, 28], [25, 29], [26, 27], [26, 29]], "tanks": [{"capacity": 388, "impossibleCargos": [0, 5, 8, 10, 14, 21, 22], "neighbors": [30, 4, 2, 34, 3, 15, 1, 32, 9, 11, 21, 31, 24]}, {"capacity": 434, "impossibleCargos": [1, 2, 3, 6, 8, 27], "neighbors": [23, 16, 34, 26, 7, 31, 13, 18, 0, 25, 15, 3]}, {"capacity": 690, "impossibleCargos": [3, 8, 19], "neighbors": [27, 0, 17, 25, 30, 20, 31, 7, 26, 3, 23]}, {"capacity": 726, "impossibleCargos": [0, 2, 6, 9, 10, 14, 18, 27], "neighbors": [21, 16, 7, 14, 0, 24, 29, 30, 25, 1, 13, 8, 11, 2]}, {"capacity": 886, "impossibleCargos": [2, 5, 14, 16, 17, 19, 27, 29], "neighbors": [0, 17, 34, 8, 12]}, {"capacity": 439, "impossibleCargos": [0, 3, 4, 5, 6, 11, 13], "neighbors": [28, 24, 16, 14, 7, 29, 8, 20, 18]}, {"capacity": 362, "impossibleCargos": [0, 2, 4, 11, 18, 23, 24, 25], "neighbors": [15, 19, 11, 14, 25]}, {"capacity": 240, "impossibleCargos": [1, 9, 15, 18, 21, 23, 25, 26, 29], "neighbors": [3, 21, 17, 25, 1, 20, 34, 5, 13, 8, 2, 33]}, {"capacity": 313, "impossibleCargos": [3, 4, 16, 17, 18, 23, 25, 27], "neighbors": [10, 21, 4, 20, 7, 5, 3, 12]}, {"capacity": 801, "impossibleCargos": [1, 4, 16, 19, 21, 22, 23, 29], "neighbors": [18, 20, 33, 30, 0, 21, 16]}, {"capacity": 401, "impossibleCargos": [0, 5, 6, 7, 11, 12, 18, 19, 25, 26, 29], "neighbors": [15, 33, 27, 8, 31, 11, 20, 28]}, {"capacity": 398, "impossibleCargos": [0, 2, 17, 20, 23, 24, 28], "neighbors": [17, 6, 0, 20, 10, 19, 3, 29]}, {"capacity": 818, "impossibleCargos": [2, 11, 15, 20, 21, 22, 29], "neighbors": [33, 29, 28, 4, 8]}, {"capacity": 610, "impossibleCargos": [2, 3, 4, 10, 14, 18, 20], "neighbors": [26, 18, 17, 1, 29, 7, 3]}, {"capacity": 843, "impossibleCargos": [1, 2, 6, 8, 9, 10, 11, 19, 23, 27], "neighbors": [27, 18, 17, 24, 3, 5, 6, 28]}, {"capacity": 460, "impossibleCargos": [8, 10, 12, 13, 17, 19, 21, 25, 28], "neighbors": [30, 6, 10, 25, 18, 0, 19, 1, 16]}, {"capacity": 827, "impossibleCargos": [0, 2, 4, 11, 23, 26], "neighbors": [3, 1, 26, 32, 5, 15, 9, 33, 34]}, {"capacity": 237, "impossibleCargos": [2, 8, 10, 12, 13, 14, 16, 18, 22], "neighbors": [27, 11, 22, 7, 14, 2, 32, 4, 13, 18, 20, 24]}, {"capacity": 861, "impossibleCargos": [0, 2, 5, 8, 10, 22, 23, 25], "neighbors": [9, 30, 14, 15, 13, 27, 1, 17, 5]}, {"capacity": 761, "impossibleCargos": [0, 17, 21, 24, 25], "neighbors": [6, 20, 31, 15, 27, 11, 30, 21]}, {"capacity": 638, "impossibleCargos": [2, 3, 6, 10, 11, 12, 15, 17, 27], "neighbors": [33, 9, 19, 8, 17, 7, 23, 2, 11, 10, 5]}, {"capacity": 716, "impossibleCargos": [3, 5, 10, 19, 24], "neighbors": [3, 23, 7, 8, 28, 9, 33, 0, 26, 19]}, {"capacity": 850, "impossibleCargos": [16, 18, 22, 25], "neighbors": [17, 30, 34]}, {"capacity": 326, "impossibleCargos": [1, 2, 6, 10, 15, 29], "neighbors": [21, 1, 24, 25, 28, 20, 34, 2, 26]}, {"capacity": 753, "impossibleCargos": [1, 2, 17, 18, 29], "neighbors": [26, 23, 25, 14, 5, 3, 17, 0]}, {"capacity": 782, "impossibleCargos": [1, 2, 4, 7, 10, 11, 15, 25], "neighbors": [24, 15, 23, 2, 7, 1, 3, 28, 6]}, {"capacity": 393, "impossibleCargos": [6, 8, 11, 13, 14, 16, 21, 24, 25, 27, 29], "neighbors": [13, 24, 1, 16, 33, 27, 34, 21, 2, 23]}, {"capacity": 568, "impossibleCargos": [1, 5, 6, 8, 15, 17, 18, 19, 20, 23, 28, 29], "neighbors": [14, 17, 2, 32, 10, 18, 19, 26]}, {"capacity": 722, "impossibleCargos": [1, 3, 8, 14, 17, 21, 22, 26, 27], "neighbors": [5, 23, 21, 12, 25, 14, 10]}, {"capacity": 652, "impossibleCargos": [2, 3, 4, 7, 18, 20, 21, 23, 25, 26, 29], "neighbors": [12, 13, 3, 5, 11]}, {"capacity": 591, "impossibleCargos": [1, 2, 4, 7, 9, 20, 25, 27], "neighbors": [15, 31, 18, 0, 22, 2, 9, 3, 33, 19]}, {"capacity": 520, "impossibleCargos": [1, 3, 4, 6, 16, 20, 22], "neighbors": [30, 19, 1, 10, 2, 0]}, {"capacity": 444, "impossibleCargos": [0, 1, 9, 10, 12, 15, 17, 25, 27, 28, 29], "neighbors": [27, 17, 16, 0]}, {"capacity": 973, "impossibleCargos": [0, 4, 10, 11, 21, 29], "neighbors": [20, 12, 10, 9, 26, 30, 21, 7, 16]}, {"capacity": 986, "impossibleCargos": [2, 15, 25, 26], "neighbors": [1, 0, 4, 7, 26, 23, 22, 16]}]}