{"volumes": [692, 0, 460, 0, 0, 712, 0, 1094, 0, 0, 0, 1305, 1108, 1777, 1678, 0, 0, 0, 0, 883, 2198, 532, 2600, 487, 1129, 2058, 0, 914, 883, 0], "conflicts": [[0, 1], [0, 3], [0, 7], [0, 8], [0, 9], [0, 10], [0, 12], [0, 13], [0, 14], [0, 15], [0, 16], [0, 17], [0, 18], [0, 19], [0, 21], [0, 27], [0, 29], [1, 2], [1, 3], [1, 6], [1, 8], [1, 9], [1, 13], [1, 14], [1, 15], [1, 18], [1, 19], [1, 20], [1, 21], [1, 23], [1, 24], [1, 25], [1, 26], [1, 27], [1, 28], [1, 29], [2, 4], [2, 5], [2, 6], [2, 8], [2, 9], [2, 10], [2, 11], [2, 13], [2, 15], [2, 16], [2, 21], [2, 23], [2, 24], [2, 25], [2, 26], [2, 27], [2, 28], [2, 29], [3, 4], [3, 5], [3, 6], [3, 7], [3, 8], [3, 9], [3, 11], [3, 12], [3, 13], [3, 14], [3, 15], [3, 16], [3, 19], [3, 21], [3, 23], [3, 25], [3, 26], [3, 27], [3, 28], [4, 5], [4, 6], [4, 7], [4, 8], [4, 9], [4, 10], [4, 11], [4, 12], [4, 13], [4, 14], [4, 15], [4, 16], [4, 17], [4, 18], [4, 19], [4, 20], [4, 21], [4, 22], [4, 23], [4, 24], [4, 25], [4, 26], [4, 27], [4, 28], [5, 7], [5, 10], [5, 15], [5, 16], [5, 17], [5, 18], [5, 27], [6, 7], [6, 14], [6, 16], [6, 17], [6, 18], [6, 19], [6, 20], [6, 21], [6, 23], [6, 25], [6, 26], [6, 27], [6, 28], [6, 29], [7, 10], [7, 13], [7, 15], [7, 16], [7, 17], [7, 18], [7, 23], [7, 26], [7, 27], [8, 9], [8, 10], [8, 11], [8, 12], [8, 13], [8, 14], [8, 15], [8, 18], [8, 19], [8, 21], [8, 23], [8, 24], [8, 25], [8, 27], [8, 28], [9, 10], [9, 12], [9, 13], [9, 15], [9, 16], [9, 19], [9, 20], [9, 21], [9, 23], [9, 24], [9, 25], [10, 11], [10, 12], [10, 13], [10, 14], [10, 16], [10, 17], [10, 18], [10, 19], [10, 20], [10, 21], [10, 22], [10, 23], [10, 26], [10, 27], [10, 28], [11, 14], [11, 15], [11, 16], [11, 17], [11, 24], [11, 28], [11, 29], [12, 14], [12, 15], [12, 16], [12, 17], [12, 18], [12, 21], [12, 26], [12, 28], [12, 29], [13, 15], [13, 17], [13, 26], [14, 15], [14, 16], [14, 17], [14, 18], [14, 20], [14, 23], [14, 26], [14, 28], [15, 16], [15, 19], [15, 21], [15, 22], [15, 23], [15, 24], [15, 25], [15, 27], [15, 29], [16, 17], [16, 18], [16, 19], [16, 20], [16, 22], [16, 23], [16, 24], [16, 25], [16, 26], [16, 27], [16, 28], [16, 29], [17, 18], [17, 21], [17, 22], [17, 25], [17, 26], [17, 27], [17, 29], [18, 19], [18, 20], [18, 21], [18, 22], [18, 24], [18, 25], [18, 26], [18, 28], [18, 29], [19, 28], [19, 29], [20, 21], [20, 23], [20, 26], [20, 29], [21, 22], [21, 23], [21, 29], [22, 28], [22, 29], [23, 26], [23, 27], [23, 29], [24, 26], [24, 27], [24, 29], [25, 26], [25, 28], [25, 29], [26, 27], [26, 28], [26, 29], [27, 29]], "tanks": [{"capacity": 868, "impossibleCargos": [1, 2, 9, 17, 24, 27], "neighbors": [12, 31, 26, 15, 29, 18, 11, 7, 19, 1]}, {"capacity": 507, "impossibleCargos": [1, 2, 3, 9, 11, 12, 17, 21, 29], "neighbors": [33, 25, 3, 2, 32, 0, 9, 26]}, {"capacity": 723, "impossibleCargos": [3, 5, 16, 22, 24, 26], "neighbors": [7, 18, 22, 31, 1, 30, 14, 11, 13]}, {"capacity": 839, "impossibleCargos": [6, 8, 9, 13, 18, 20, 24, 25, 27], "neighbors": [20, 4, 12, 1, 22, 19]}, {"capacity": 396, "impossibleCargos": [1, 5, 6, 12, 16, 17, 18, 23, 24, 25, 29], "neighbors": [3, 15, 22, 8, 14, 29, 12, 31, 17, 25, 26]}, {"capacity": 348, "impossibleCargos": [4, 10, 17, 19, 26], "neighbors": [21, 23, 19, 27, 13]}, {"capacity": 410, "impossibleCargos": [3, 13, 18, 27, 29], "neighbors": [12, 22, 20]}, {"capacity": 995, "impossibleCargos": [6, 11, 13, 21, 23, 26], "neighbors": [28, 2, 33, 16, 32, 19, 23, 17, 0, 26, 11]}, {"capacity": 277, "impossibleCargos": [1, 2, 3, 5, 9, 13, 17, 19, 23, 29], "neighbors": [17, 21, 4, 10, 23]}, {"capacity": 348, "impossibleCargos": [2, 4, 6, 13, 16, 19, 20], "neighbors": [16, 28, 22, 32, 26, 1]}, {"capacity": 951, "impossibleCargos": [0, 3, 8, 10, 15, 16, 18, 19, 23, 24, 25, 27], "neighbors": [11, 22, 8, 15, 26]}, {"capacity": 853, "impossibleCargos": [3, 19, 21, 23, 25], "neighbors": [10, 22, 32, 19, 0, 29, 15, 18, 7, 2, 26]}, {"capacity": 291, "impossibleCargos": [2, 8, 11, 13, 22], "neighbors": [0, 27, 3, 22, 4, 6, 33]}, {"capacity": 783, "impossibleCargos": [0, 3, 6, 8, 11, 12, 13, 16, 22, 23, 26], "neighbors": [29, 14, 17, 26, 34, 20, 5, 2]}, {"capacity": 762, "impossibleCargos": [2, 6, 15, 26, 27, 29], "neighbors": [26, 13, 30, 4, 16, 31, 28, 17, 18, 2, 25, 29]}, {"capacity": 857, "impossibleCargos": [0, 4, 10, 14, 15, 27], "neighbors": [18, 4, 26, 25, 0, 10, 29, 30, 17, 11, 16, 20]}, {"capacity": 722, "impossibleCargos": [2, 17, 20, 24], "neighbors": [9, 23, 29, 7, 14, 34, 24, 32, 15]}, {"capacity": 826, "impossibleCargos": [7, 13, 17, 22, 25, 28, 29], "neighbors": [25, 8, 13, 4, 14, 31, 27, 7, 30, 34, 15, 33, 20]}, {"capacity": 479, "impossibleCargos": [5, 8, 14, 21, 26], "neighbors": [15, 2, 29, 0, 24, 14, 22, 23, 19, 11, 33]}, {"capacity": 723, "impossibleCargos": [0, 3, 4, 9, 13, 18, 19], "neighbors": [26, 7, 11, 5, 0, 3, 18]}, {"capacity": 628, "impossibleCargos": [1, 4, 11, 12, 13], "neighbors": [3, 27, 22, 28, 6, 17, 15, 13]}, {"capacity": 283, "impossibleCargos": [8, 10, 24], "neighbors": [24, 5, 25, 8]}, {"capacity": 513, "impossibleCargos": [14, 16, 23, 28], "neighbors": [30, 4, 12, 11, 10, 2, 34, 3, 20, 9, 6, 18]}, {"capacity": 964, "impossibleCargos": [0, 4, 10, 16, 21, 26], "neighbors": [16, 25, 5, 7, 24, 31, 8, 28, 18]}, {"capacity": 520, "impossibleCargos": [2, 13, 14, 17, 21], "neighbors": [21, 18, 23, 16]}, {"capacity": 738, "impossibleCargos": [2, 3, 4, 8, 9, 10, 13, 14, 15, 16, 18, 19, 23, 27], "neighbors": [17, 21, 23, 30, 33, 15, 28, 1, 27, 4, 14]}, {"capacity": 759, "impossibleCargos": [2, 7, 9, 17, 18, 26, 27, 28], "neighbors": [14, 0, 27, 19, 15, 13, 10, 7, 9, 11, 1, 4, 33]}, {"capacity": 940, "impossibleCargos": [1, 7, 25, 29], "neighbors": [12, 26, 20, 17, 5, 25, 34]}, {"capacity": 294, "impossibleCargos": [2, 5, 8, 16, 18, 23, 25], "neighbors": [7, 9, 29, 14, 25, 20, 23, 30, 33]}, {"capacity": 745, "impossibleCargos": [3, 6, 10, 11, 23, 27, 29], "neighbors": [13, 28, 16, 18, 4, 0, 15, 11, 33, 14]}, {"capacity": 653, "impossibleCargos": [0, 2, 3, 6, 7, 11, 13, 15, 22, 27], "neighbors": [22, 14, 25, 33, 17, 15, 2, 31, 28]}, {"capacity": 532, "impossibleCargos": [8, 9, 10, 12, 18, 24, 26], "neighbors": [0, 14, 4, 2, 17, 23, 30, 34]}, {"capacity": 718, "impossibleCargos": [1, 8, 11, 12, 13, 14, 15, 20, 23, 24, 25], "neighbors": [34, 11, 7, 1, 9, 16]}, {"capacity": 737, "impossibleCargos": [0, 12, 16, 19, 28], "neighbors": [1, 7, 25, 30, 17, 29, 28, 12, 18, 26]}, {"capacity": 505, "impossibleCargos": [1, 3, 6, 12, 17, 19, 23, 24], "neighbors": [16, 32, 22, 17, 31, 27, 13]}]}