{"volumes": [627, 195, 0, 0, 545, 877, 0, 577, 784, 739, 383, 1185, 807, 1742, 255, 655, 0, 780, 0, 674, 0, 1674, 1083, 838, 459, 428, 215, 2381, 1366, 0], "conflicts": [[0, 2], [0, 3], [0, 4], [0, 5], [0, 6], [0, 9], [0, 11], [0, 13], [0, 14], [0, 16], [0, 17], [0, 18], [0, 20], [0, 21], [0, 24], [0, 27], [1, 2], [1, 3], [1, 4], [1, 5], [1, 7], [1, 10], [1, 13], [1, 16], [1, 18], [1, 19], [1, 20], [1, 23], [1, 24], [1, 27], [1, 28], [1, 29], [2, 4], [2, 5], [2, 6], [2, 9], [2, 10], [2, 11], [2, 12], [2, 14], [2, 15], [2, 17], [2, 18], [2, 19], [2, 20], [2, 21], [2, 22], [2, 23], [2, 24], [2, 26], [2, 28], [2, 29], [3, 5], [3, 6], [3, 8], [3, 9], [3, 10], [3, 11], [3, 12], [3, 13], [3, 15], [3, 16], [3, 18], [3, 19], [3, 20], [3, 22], [3, 23], [3, 25], [3, 26], [3, 27], [3, 28], [4, 6], [4, 8], [4, 11], [4, 12], [4, 14], [4, 15], [4, 16], [4, 18], [4, 22], [4, 24], [4, 27], [4, 28], [4, 29], [5, 6], [5, 7], [5, 10], [5, 11], [5, 12], [5, 14], [5, 18], [5, 19], [5, 20], [5, 24], [5, 25], [5, 27], [6, 7], [6, 9], [6, 12], [6, 13], [6, 14], [6, 15], [6, 17], [6, 18], [6, 19], [6, 20], [6, 21], [6, 22], [6, 25], [6, 26], [6, 28], [6, 29], [7, 9], [7, 10], [7, 11], [7, 12], [7, 14], [7, 16], [7, 17], [7, 18], [7, 24], [7, 26], [7, 28], [7, 29], [8, 11], [8, 13], [8, 15], [8, 16], [8, 17], [8, 18], [8, 19], [8, 23], [8, 25], [8, 26], [8, 29], [9, 13], [9, 14], [9, 15], [9, 16], [9, 17], [9, 19], [9, 20], [9, 21], [9, 22], [9, 24], [9, 29], [10, 12], [10, 13], [10, 14], [10, 17], [10, 18], [10, 19], [10, 20], [10, 21], [10, 23], [10, 28], [10, 29], [11, 16], [11, 17], [11, 18], [11, 19], [11, 20], [11, 23], [11, 25], [11, 26], [11, 28], [11, 29], [12, 16], [12, 19], [12, 20], [12, 23], [12, 27], [12, 29], [13, 15], [13, 16], [13, 18], [13, 20], [13, 22], [13, 25], [13, 29], [14, 16], [14, 17], [14, 19], [14, 20], [14, 24], [14, 27], [14, 28], [14, 29], [15, 16], [15, 18], [15, 20], [15, 22], [15, 26], [16, 17], [16, 18], [16, 19], [16, 20], [16, 22], [16, 23], [16, 24], [16, 25], [16, 26], [16, 27], [16, 29], [17, 18], [17, 20], [17, 23], [17, 24], [17, 28], [17, 29], [18, 20], [18, 21], [18, 23], [18, 24], [18, 25], [18, 26], [18, 27], [18, 28], [18, 29], [19, 20], [19, 24], [19, 25], [19, 26], [19, 28], [19, 29], [20, 21], [20, 22], [20, 24], [20, 25], [20, 26], [20, 27], [20, 28], [20, 29], [22, 26], [22, 29], [23, 24], [23, 26], [23, 29], [24, 25], [24, 27], [24, 29], [25, 26], [26, 27], [26, 28], [26, 29], [27, 28], [28, 29]], "tanks": [{"capacity": 384, "impossibleCargos": [0, 4, 10, 12, 15, 16, 18, 20, 24, 29], "neighbors": [23, 30, 29, 13, 12]}, {"capacity": 669, "impossibleCargos": [1, 4, 13, 14, 15, 17, 22, 27], "neighbors": [23, 34, 29, 14, 24, 25, 27, 22, 28]}, {"capacity": 795, "impossibleCargos": [0, 4, 7, 13, 14, 16, 17, 26], "neighbors": [19, 9, 24, 10, 25, 15, 17, 6]}, {"capacity": 231, "impossibleCargos": [0, 8, 10, 11, 12, 15, 16, 17, 19, 25, 26, 27], "neighbors": [14, 6, 25, 10, 11, 12, 22]}, {"capacity": 557, "impossibleCargos": [8, 9, 14, 15, 17, 18, 21], "neighbors": [7, 15, 31]}, {"capacity": 506, "impossibleCargos": [3, 6, 20, 21, 25, 26, 28, 29], "neighbors": [8, 26, 17, 22, 18, 12, 33, 25, 13, 9]}, {"capacity": 816, "impossibleCargos": [5, 8, 12, 20, 22, 29], "neighbors": [3, 30, 22, 16, 11, 12, 2, 21, 27]}, {"capacity": 822, "impossibleCargos": [5, 11, 12, 25], "neighbors": [9, 14, 29, 4, 26, 25, 15, 30, 33, 12, 27]}, {"capacity": 892, "impossibleCargos": [3, 5, 9, 11, 16, 23, 27, 29], "neighbors": [15, 25, 10, 5, 33, 27, 29, 13, 31, 11, 20]}, {"capacity": 823, "impossibleCargos": [2, 6, 7, 8, 11, 12, 18, 20, 21, 23, 25], "neighbors": [7, 22, 27, 24, 2, 19, 31, 5]}, {"capacity": 594, "impossibleCargos": [4, 9, 20, 22], "neighbors": [8, 33, 19, 11, 32, 3, 24, 2, 13]}, {"capacity": 474, "impossibleCargos": [0, 2, 5, 12, 14, 15, 16, 17, 18, 25, 27], "neighbors": [16, 17, 33, 10, 29, 8, 3, 15, 6, 24, 18]}, {"capacity": 208, "impossibleCargos": [3, 7, 11, 23, 27], "neighbors": [17, 29, 26, 0, 19, 16, 25, 5, 6, 34, 18, 3, 7, 30]}, {"capacity": 282, "impossibleCargos": [8, 10, 11, 24], "neighbors": [8, 16, 0, 29, 27, 33, 15, 10, 5, 32]}, {"capacity": 678, "impossibleCargos": [6, 11, 18, 20, 24, 29], "neighbors": [26, 3, 7, 19, 21, 29, 31, 1, 28]}, {"capacity": 219, "impossibleCargos": [0, 1, 4, 5, 7, 8, 19, 20, 23, 24], "neighbors": [8, 30, 7, 11, 21, 4, 13, 2, 25]}, {"capacity": 914, "impossibleCargos": [0, 1, 5, 27, 28], "neighbors": [13, 11, 12, 6, 18, 31]}, {"capacity": 723, "impossibleCargos": [5, 12, 16, 19, 24], "neighbors": [12, 11, 5, 21, 29, 2, 23, 19]}, {"capacity": 532, "impossibleCargos": [1, 5, 7, 8, 10, 16, 19, 22, 25], "neighbors": [33, 25, 26, 24, 5, 16, 12, 11]}, {"capacity": 781, "impossibleCargos": [2, 14, 15, 17, 21, 22, 24, 25, 29], "neighbors": [22, 29, 10, 14, 32, 2, 12, 26, 9, 17]}, {"capacity": 662, "impossibleCargos": [3, 7, 8, 11, 12, 16, 18, 22, 24, 29], "neighbors": [28, 29, 33, 8]}, {"capacity": 844, "impossibleCargos": [5, 6, 12, 18, 22, 23, 24], "neighbors": [14, 17, 34, 24, 15, 23, 6]}, {"capacity": 248, "impossibleCargos": [2, 3, 4, 6, 18, 19, 22, 23], "neighbors": [34, 19, 9, 6, 25, 5, 1, 3]}, {"capacity": 433, "impossibleCargos": [1, 5, 8, 16, 21, 24], "neighbors": [1, 0, 26, 21, 34, 17]}, {"capacity": 423, "impossibleCargos": [7, 8, 11, 13, 14, 15, 17, 24], "neighbors": [27, 10, 18, 9, 21, 1, 2, 11]}, {"capacity": 205, "impossibleCargos": [5, 6, 8, 12, 13, 14, 17, 21, 22, 28], "neighbors": [8, 18, 3, 27, 7, 22, 32, 1, 29, 12, 5, 2, 15]}, {"capacity": 877, "impossibleCargos": [3, 5, 6, 7, 11, 17, 18, 19, 20, 23], "neighbors": [14, 5, 23, 12, 18, 7, 19, 28, 34]}, {"capacity": 438, "impossibleCargos": [6, 8, 10, 11, 12, 14, 19, 22], "neighbors": [8, 34, 9, 13, 25, 24, 1, 7, 6]}, {"capacity": 474, "impossibleCargos": [3, 5, 9, 11, 17, 21, 25], "neighbors": [20, 34, 14, 26, 1, 31]}, {"capacity": 720, "impossibleCargos": [0, 1, 10, 14, 23, 25], "neighbors": [19, 8, 1, 0, 7, 20, 13, 12, 11, 32, 14, 30, 25, 17]}, {"capacity": 933, "impossibleCargos": [8, 10, 18, 27, 28, 29], "neighbors": [0, 6, 15, 29, 7, 12]}, {"capacity": 902, "impossibleCargos": [0, 15, 17, 18, 22, 25], "neighbors": [8, 14, 32, 9, 28, 16, 33, 4]}, {"capacity": 681, "impossibleCargos": [1, 4, 6, 12, 22, 26, 27, 28], "neighbors": [10, 19, 29, 25, 31, 13]}, {"capacity": 890, "impossibleCargos": [0, 4, 8, 20, 22], "neighbors": [18, 10, 8, 11, 20, 13, 7, 5, 31]}, {"capacity": 636, "impossibleCargos": [5, 6, 20, 24, 26], "neighbors": [22, 1, 27, 28, 21, 12, 26, 23]}]}