{"volumes": [942, 358, 0, 845, 546, 384, 1643, 566, 1820, 663, 697, 828, 0, 1172, 527, 480, 0, 787, 830, 1087, 498, 0, 1570, 0, 1625, 0, 375, 454, 238, 554], "conflicts": [[0, 1], [0, 2], [0, 6], [0, 9], [0, 11], [0, 12], [0, 14], [0, 17], [0, 23], [0, 26], [0, 27], [0, 28], [0, 29], [1, 8], [1, 9], [1, 15], [1, 16], [1, 18], [1, 22], [1, 24], [1, 25], [1, 26], [2, 7], [2, 13], [2, 14], [2, 18], [2, 23], [2, 26], [2, 28], [2, 29], [3, 9], [3, 14], [3, 20], [3, 21], [3, 25], [4, 12], [4, 16], [4, 23], [4, 25], [4, 26], [5, 7], [5, 15], [5, 16], [5, 17], [5, 21], [5, 25], [6, 7], [6, 12], [6, 22], [6, 23], [6, 25], [6, 26], [7, 9], [7, 10], [7, 13], [7, 18], [7, 19], [7, 20], [7, 23], [7, 25], [8, 11], [8, 29], [9, 12], [9, 14], [9, 16], [9, 17], [9, 24], [9, 25], [9, 27], [10, 12], [10, 15], [10, 16], [10, 21], [10, 24], [10, 25], [10, 27], [11, 12], [11, 15], [11, 17], [11, 21], [11, 23], [11, 25], [11, 27], [12, 15], [12, 17], [12, 19], [12, 20], [12, 22], [12, 23], [12, 24], [12, 25], [12, 26], [12, 27], [12, 28], [12, 29], [13, 15], [13, 17], [13, 19], [13, 21], [13, 23], [13, 25], [14, 15], [14, 18], [14, 20], [14, 24], [14, 27], [14, 29], [15, 16], [15, 24], [15, 25], [16, 19], [16, 20], [16, 22], [16, 23], [16, 27], [16, 29], [17, 21], [17, 25], [17, 27], [17, 28], [18, 19], [18, 20], [18, 21], [18, 27], [18, 29], [19, 20], [19, 27], [19, 28], [20, 23], [20, 28], [20, 29], [21, 23], [21, 26], [21, 27], [21, 28], [21, 29], [22, 23], [22, 27], [23, 25], [23, 26], [23, 27], [24, 25], [24, 26], [25, 26], [25, 27], [25, 28], [25, 29], [26, 29], [27, 29]], "tanks": [{"capacity": 689, "impossibleCargos": [1, 2, 3, 7, 8, 10, 11, 12, 13, 14, 15, 16, 17, 18, 22, 23, 26, 27, 28, 29], "neighbors": [34, 14, 18, 33, 24, 16, 9, 1, 15]}, {"capacity": 571, "impossibleCargos": [0, 1, 3, 4, 5, 6, 7, 8, 9, 12, 14, 15, 16, 17, 18, 19, 20, 22, 23, 24, 26, 27, 28], "neighbors": [14, 34, 15, 8, 2, 29, 12, 0, 32, 6, 3, 17]}, {"capacity": 249, "impossibleCargos": [2, 3, 4, 7, 8, 11, 12, 13, 14, 15, 16, 17, 18, 19, 20, 21, 22, 23, 24, 29], "neighbors": [15, 8, 9, 1, 13, 23, 24]}, {"capacity": 922, "impossibleCargos": [0, 1, 2, 3, 4, 5, 8, 9, 10, 11, 14, 15, 16, 17, 19, 20, 21, 22, 23, 24, 25, 26, 27, 29], "neighbors": [13, 29, 24, 30, 18, 1, 25, 31, 28, 26]}, {"capacity": 978, "impossibleCargos": [0, 1, 2, 5, 6, 9, 10, 11, 12, 14, 15, 16, 17, 20, 22, 25, 26, 28], "neighbors": [21, 25, 34, 16, 20, 8, 23, 7, 24]}, {"capacity": 960, "impossibleCargos": [1, 2, 4, 5, 6, 7, 8, 9, 10, 12, 14, 15, 17, 18, 20, 21, 22, 23, 26, 27, 28], "neighbors": [34, 6, 7, 28, 16]}, {"capacity": 937, "impossibleCargos": [0, 1, 2, 5, 6, 7, 8, 9, 10, 11, 12, 13, 17, 19, 20, 21, 24, 26, 27, 28, 29], "neighbors": [33, 5, 30, 26, 1, 28, 15, 18, 24]}, {"capacity": 995, "impossibleCargos": [2, 3, 4, 5, 6, 7, 8, 9, 10, 11, 12, 14, 15, 16, 18, 20, 21, 23, 25, 26, 27, 28, 29], "neighbors": [9, 5, 34, 31, 4, 18]}, {"capacity": 560, "impossibleCargos": [0, 1, 2, 3, 7, 9, 10, 11, 12, 13, 16, 17, 18, 19, 20, 22, 23, 24, 26, 29], "neighbors": [22, 23, 1, 2, 15, 4]}, {"capacity": 445, "impossibleCargos": [0, 1, 4, 5, 8, 11, 12, 15, 16, 17, 18, 19, 22, 23, 24, 25, 26, 28, 29], "neighbors": [7, 19, 32, 2, 15, 33, 0, 24, 12, 25, 11]}, {"capacity": 504, "impossibleCargos": [0, 1, 2, 4, 6, 7, 8, 9, 13, 14, 15, 16, 19, 21, 22, 23, 24, 25, 26, 27, 28, 29], "neighbors": [17, 31, 34, 27, 16]}, {"capacity": 472, "impossibleCargos": [1, 2, 3, 4, 6, 7, 8, 11, 13, 14, 15, 17, 18, 19, 20, 22, 24, 25, 28, 29], "neighbors": [19, 13, 9, 28, 14]}, {"capacity": 734, "impossibleCargos": [1, 2, 3, 4, 5, 7, 10, 11, 12, 13, 14, 15, 16, 17, 18, 19, 20, 21, 22, 23, 24, 25, 26, 27, 29], "neighbors": [25, 33, 23, 9, 20, 1, 26]}, {"capacity": 662, "impossibleCargos": [0, 1, 2, 4, 5, 7, 8, 10, 11, 13, 16, 17, 19, 20, 21, 24, 28, 29], "neighbors": [3, 24, 18, 2, 27, 31, 29, 33, 11, 21]}, {"capacity": 574, "impossibleCargos": [0, 1, 2, 4, 9, 10, 11, 12, 13, 14, 15, 17, 18, 19, 20, 21, 22, 25, 26, 27, 28, 29], "neighbors": [1, 0, 28, 26, 30, 11]}, {"capacity": 426, "impossibleCargos": [1, 2, 3, 6, 7, 8, 10, 11, 14, 15, 16, 17, 18, 19, 21, 22, 23, 24, 25, 27, 28, 29], "neighbors": [30, 1, 28, 2, 21, 8, 9, 17, 18, 33, 6, 0]}, {"capacity": 882, "impossibleCargos": [0, 2, 4, 7, 8, 9, 10, 12, 13, 14, 15, 17, 18, 20, 21, 22, 24, 25, 26, 27, 29], "neighbors": [19, 27, 0, 4, 29, 10, 26, 5, 25]}, {"capacity": 570, "impossibleCargos": [0, 1, 2, 3, 4, 5, 6, 8, 11, 12, 13, 14, 15, 16, 17, 18, 20, 21, 22, 24, 25, 27], "neighbors": [10, 26, 15, 19, 31, 1, 34]}, {"capacity": 889, "impossibleCargos": [2, 3, 4, 6, 9, 10, 11, 12, 14, 18, 21, 22, 23, 24, 25, 26, 27, 28, 29], "neighbors": [0, 32, 13, 29, 30, 3, 34, 15, 33, 6, 7, 23]}, {"capacity": 587, "impossibleCargos": [0, 1, 2, 3, 4, 5, 7, 8, 9, 10, 12, 13, 14, 15, 16, 17, 18, 19, 20, 21, 22, 23, 24, 25, 26, 27, 28], "neighbors": [16, 11, 9, 17, 20, 31, 21, 24, 23, 29, 32]}, {"capacity": 520, "impossibleCargos": [0, 1, 3, 4, 6, 7, 8, 9, 10, 11, 12, 18, 19, 21, 22, 23, 25, 26, 27], "neighbors": [26, 12, 4, 19, 30, 28]}, {"capacity": 290, "impossibleCargos": [1, 3, 4, 5, 6, 7, 9, 12, 13, 15, 18, 20, 21, 24, 25, 26, 27, 28, 29], "neighbors": [4, 15, 19, 27, 25, 13]}, {"capacity": 293, "impossibleCargos": [0, 1, 3, 4, 5, 6, 7, 8, 9, 10, 12, 13, 14, 15, 16, 17, 18, 19, 20, 21, 22, 23, 24, 26, 27, 28, 29], "neighbors": [8, 27, 30, 33, 31, 23, 26]}, {"capacity": 258, "impossibleCargos": [0, 2, 6, 7, 9, 10, 11, 12, 13, 15, 18, 19, 20, 24, 25, 26, 27, 29], "neighbors": [8, 12, 30, 2, 4, 32, 19, 18, 33, 22]}, {"capacity": 866, "impossibleCargos": [1, 2, 3, 5, 7, 9, 11, 12, 13, 14, 15, 16, 19, 20, 23, 24, 25, 26, 27, 28], "neighbors": [3, 13, 0, 34, 9, 32, 19, 4, 6, 2]}, {"capacity": 484, "impossibleCargos": [1, 2, 3, 4, 5, 6, 7, 8, 9, 10, 11, 12, 14, 16, 17, 19, 20, 22, 23, 24, 25, 26, 27, 28], "neighbors": [12, 4, 34, 9, 3, 21, 16]}, {"capacity": 801, "impossibleCargos": [0, 1, 2, 3, 4, 6, 9, 11, 12, 14, 16, 17, 19, 23, 25, 26, 27, 29], "neighbors": [17, 30, 20, 32, 6, 12, 14, 16, 3, 22]}, {"capacity": 373, "impossibleCargos": [0, 2, 3, 4, 5, 8, 10, 11, 12, 13, 14, 15, 16, 17, 19, 20, 21, 22, 23, 25, 27, 28, 29], "neighbors": [22, 16, 13, 10, 21, 32]}, {"capacity": 319, "impossibleCargos": [0, 1, 3, 5, 6, 7, 8, 9, 10, 11, 12, 13, 14, 15, 18, 20, 22, 24, 28, 29], "neighbors": [15, 14, 5, 6, 11, 3, 20]}, {"capacity": 347, "impossibleCargos": [0, 2, 3, 4, 5, 6, 7, 8, 9, 10, 12, 13, 14, 15, 16, 18, 19, 20, 21, 22, 24, 25, 26, 27, 28, 29], "neighbors": [3, 18, 31, 33, 1, 13, 16, 32, 19]}, {"capacity": 403, "impossibleCargos": [0, 1, 2, 3, 4, 5, 6, 7, 8, 10, 11, 12, 13, 14, 15, 16, 17, 18, 19, 20, 21, 22, 23, 24, 25, 27, 28, 29], "neighbors": [15, 3, 23, 18, 26, 22, 34, 6, 31, 20, 14]}, {"capacity": 666, "impossibleCargos": [0, 1, 3, 5, 9, 10, 11, 14, 15, 16, 17, 19, 20, 21, 23, 24, 25, 26, 27, 28, 29], "neighbors": [29, 10, 13, 7, 30, 19, 17, 3, 22]}, {"capacity": 254, "impossibleCargos": [0, 1, 3, 5, 6, 7, 8, 11, 12, 14, 15, 16, 17, 19, 20, 21, 22, 23, 24, 25, 26, 27, 28, 29], "neighbors": [18, 9, 26, 1, 24, 29, 23, 19, 27]}, {"capacity": 565, "impossibleCargos": [1, 2, 4, 5, 6, 7, 8, 9, 11, 14, 15, 16, 18, 19, 21, 22, 23, 24, 25, 26, 27, 28, 29], "neighbors": [6, 12, 0, 29, 9, 13, 22, 15, 18, 23]}, {"capacity": 866, "impossibleCargos": [0, 1, 2, 3, 4, 5, 8, 9, 10, 12, 13, 14, 15, 16, 17, 18, 19, 20, 23, 24, 26, 27, 29], "neighbors": [0, 1, 5, 25, 10, 24, 4, 30, 7, 18, 17]}]}