{"volumes": [1873, 1124, 0, 1007, 394, 952, 0, 817, 0, 199, 679, 1878, 912, 0, 1250, 1124, 2270, 863, 0, 0, 370, 0, 330, 0, 336, 0, 2161, 939, 1432, 955], "conflicts": [[0, 2], [0, 4], [0, 6], [0, 8], [0, 10], [0, 18], [0, 24], [0, 25], [1, 2], [1, 3], [1, 4], [1, 6], [1, 8], [1, 12], [1, 13], [1, 20], [1, 21], [1, 25], [2, 3], [2, 4], [2, 5], [2, 6], [2, 8], [2, 9], [2, 12], [2, 13], [2, 14], [2, 15], [2, 16], [2, 18], [2, 19], [2, 22], [2, 23], [2, 28], [2, 29], [3, 4], [3, 5], [3, 6], [3, 8], [3, 10], [3, 12], [3, 13], [3, 17], [3, 18], [3, 19], [3, 21], [3, 22], [3, 23], [3, 24], [3, 25], [3, 27], [3, 29], [4, 7], [4, 10], [4, 12], [4, 13], [4, 14], [4, 15], [4, 16], [4, 17], [4, 18], [4, 19], [4, 21], [4, 22], [4, 23], [4, 24], [4, 25], [4, 26], [4, 28], [4, 29], [5, 6], [5, 8], [5, 12], [5, 13], [5, 17], [5, 18], [5, 19], [5, 21], [5, 23], [5, 25], [6, 7], [6, 8], [6, 9], [6, 10], [6, 11], [6, 13], [6, 14], [6, 16], [6, 17], [6, 18], [6, 19], [6, 20], [6, 21], [6, 22], [6, 24], [6, 25], [6, 26], [6, 27], [6, 28], [6, 29], [7, 9], [7, 12], [7, 16], [7, 18], [7, 21], [7, 22], [7, 23], [7, 24], [7, 27], [8, 12], [8, 14], [8, 15], [8, 16], [8, 17], [8, 18], [8, 19], [8, 22], [8, 23], [8, 24], [8, 25], [8, 26], [8, 27], [8, 28], [8, 29], [9, 11], [9, 12], [9, 15], [9, 17], [9, 18], [9, 19], [9, 20], [9, 21], [9, 23], [9, 24], [9, 25], [9, 26], [9, 28], [9, 29], [10, 11], [10, 13], [10, 14], [10, 17], [10, 18], [10, 19], [10, 21], [10, 22], [10, 24], [10, 25], [11, 12], [11, 13], [11, 19], [11, 20], [11, 21], [11, 23], [11, 24], [12, 13], [12, 16], [12, 17], [12, 18], [12, 19], [12, 20], [12, 21], [12, 22], [12, 23], [12, 24], [12, 27], [13, 14], [13, 15], [13, 16], [13, 17], [13, 18], [13, 20], [13, 21], [13, 25], [13, 26], [13, 27], [13, 28], [13, 29], [14, 18], [14, 20], [14, 21], [14, 22], [14, 23], [14, 25], [14, 27], [15, 17], [15, 18], [15, 19], [15, 21], [15, 23], [16, 18], [16, 19], [16, 21], [16, 22], [16, 23], [16, 24], [16, 25], [16, 29], [17, 21], [17, 22], [17, 27], [17, 29], [18, 19], [18, 21], [18, 22], [18, 23], [18, 24], [18, 25], [18, 26], [18, 28], [18, 29], [19, 20], [19, 21], [19, 22], [19, 23], [19, 24], [19, 25], [19, 26], [19, 27], [19, 29], [20, 21], [20, 22], [20, 23], [20, 24], [20, 25], [20, 26], [20, 27], [20, 28], [20, 29], [21, 22], [21, 27], [21, 28], [21, 29], [22, 23], [22, 27], [22, 28], [22, 29], [23, 24], [23, 25], [23, 28], [23, 29], [24, 27], [24, 28], [24, 29], [25, 27], [25, 28], [26, 27], [26, 29], [27, 29]], "tanks": [{"capacity": 989, "impossibleCargos": [1, 2, 3, 4, 5, 6, 7, 8, 9, 10, 11, 12, 14, 15, 16, 17, 18, 19, 21, 22, 23, 24, 25, 26, 27, 29], "neighbors": [13, 11, 10, 15, 27, 8, 3, 32, 26, 25, 7]}, {"capacity": 648, "impossibleCargos": [0, 1, 2, 3, 4, 6, 8, 9, 10, 13, 14, 15, 17, 18, 19, 21, 24, 25, 28, 29], "neighbors": [6, 28, 8, 29, 21, 25, 33, 20, 17, 30, 23]}, {"capacity": 355, "impossibleCargos": [0, 2, 4, 5, 6, 8, 11, 12, 13, 14, 15, 16, 17, 19, 20, 21, 23, 24, 25, 28], "neighbors": [7, 25, 11, 18, 16, 9, 15, 12]}, {"capacity": 925, "impossibleCargos": [0, 1, 3, 4, 5, 9, 11, 12, 14, 17, 18, 19, 20, 21, 22, 23, 24, 27, 28, 29], "neighbors": [29, 27, 26, 20, 22, 0, 21, 6]}, {"capacity": 244, "impossibleCargos": [0, 1, 2, 4, 5, 6, 7, 8, 9, 10, 11, 12, 13, 14, 15, 16, 17, 18, 19, 20, 21, 24, 25, 26, 27, 28], "neighbors": [6, 32, 10, 19, 8]}, {"capacity": 713, "impossibleCargos": [0, 1, 2, 6, 7, 8, 9, 11, 13, 14, 15, 16, 17, 18, 19, 20, 21, 22, 23, 24, 26, 27, 29], "neighbors": [34, 11, 8, 27, 23, 32, 10, 17, 15, 13, 30, 28]}, {"capacity": 995, "impossibleCargos": [1, 2, 3, 4, 8, 9, 11, 12, 15, 16, 17, 19, 20, 21, 22, 23, 24, 25, 26, 27, 28, 29], "neighbors": [1, 29, 16, 23, 4, 25, 3]}, {"capacity": 493, "impossibleCargos": [0, 3, 4, 5, 6, 8, 9, 10, 11, 12, 13, 15, 16, 17, 18, 19, 20, 22, 23, 26, 28], "neighbors": [17, 2, 33, 11, 28, 0, 10]}, {"capacity": 628, "impossibleCargos": [0, 2, 3, 4, 5, 6, 7, 8, 9, 10, 11, 13, 15, 17, 18, 19, 20, 22, 24, 25, 27, 28, 29], "neighbors": [1, 32, 25, 5, 0, 21, 19, 18, 4]}, {"capacity": 603, "impossibleCargos": [4, 5, 7, 9, 10, 12, 14, 15, 16, 18, 19, 21, 22, 23, 27, 28, 29], "neighbors": [33, 18, 2, 16, 20, 24]}, {"capacity": 211, "impossibleCargos": [0, 2, 3, 4, 5, 6, 8, 10, 11, 13, 14, 15, 17, 18, 19, 20, 21, 22, 24, 27, 29], "neighbors": [26, 15, 0, 17, 29, 21, 5, 28, 14, 4, 7]}, {"capacity": 306, "impossibleCargos": [0, 3, 4, 5, 6, 7, 8, 10, 11, 12, 13, 14, 16, 17, 19, 20, 21, 23, 24, 29], "neighbors": [20, 28, 0, 5, 21, 16, 2, 32, 7, 13]}, {"capacity": 368, "impossibleCargos": [0, 1, 4, 6, 7, 11, 12, 13, 14, 16, 17, 18, 19, 20, 21, 22, 23, 25, 26, 27, 28, 29], "neighbors": [33, 29, 26, 2]}, {"capacity": 382, "impossibleCargos": [0, 3, 4, 5, 6, 7, 8, 9, 10, 11, 13, 14, 15, 16, 17, 18, 19, 21, 22, 23, 25, 27, 28, 29], "neighbors": [0, 33, 23, 15, 5, 21, 14, 11]}, {"capacity": 395, "impossibleCargos": [0, 2, 3, 6, 7, 8, 9, 10, 12, 14, 15, 16, 18, 19, 20, 21, 22, 23, 25, 26, 27, 28, 29], "neighbors": [28, 10, 13]}, {"capacity": 953, "impossibleCargos": [1, 3, 4, 6, 7, 8, 9, 10, 12, 13, 16, 17, 18, 19, 20, 22, 23, 24, 25, 26, 27, 28, 29], "neighbors": [18, 10, 32, 17, 0, 2, 13, 19, 5, 28]}, {"capacity": 430, "impossibleCargos": [2, 3, 4, 6, 7, 8, 9, 10, 11, 12, 16, 17, 19, 21, 22, 23, 24, 25, 27, 28, 29], "neighbors": [28, 33, 23, 6, 11, 19, 2, 9, 21, 31, 26]}, {"capacity": 671, "impossibleCargos": [0, 2, 4, 5, 6, 7, 9, 10, 14, 16, 18, 19, 20, 21, 23, 24, 25, 26, 27, 29], "neighbors": [7, 21, 31, 15, 10, 26, 1, 5]}, {"capacity": 753, "impossibleCargos": [0, 1, 2, 3, 4, 5, 6, 9, 10, 12, 14, 15, 18, 19, 20, 21, 22, 23, 24, 25, 26], "neighbors": [15, 9, 2, 30, 32, 26, 8]}, {"capacity": 876, "impossibleCargos": [0, 4, 5, 6, 9, 10, 11, 12, 13, 14, 15, 17, 18, 20, 21, 22, 23, 24, 25, 26, 27, 29], "neighbors": [32, 16, 26, 20, 15, 8, 28, 4]}, {"capacity": 842, "impossibleCargos": [0, 1, 2, 4, 5, 6, 7, 8, 9, 11, 12, 13, 14, 16, 17, 18, 19, 20, 24, 26, 27, 28, 29], "neighbors": [11, 31, 19, 24, 3, 1, 9, 23]}, {"capacity": 956, "impossibleCargos": [0, 1, 3, 4, 6, 7, 8, 9, 11, 12, 13, 15, 17, 18, 20, 21, 23, 24, 28], "neighbors": [17, 11, 1, 24, 8, 16, 10, 3, 13, 32]}, {"capacity": 522, "impossibleCargos": [0, 1, 2, 5, 8, 9, 10, 12, 15, 16, 17, 18, 19, 20, 22, 23, 24, 26, 27, 28, 29], "neighbors": [28, 32, 23, 26, 3, 33]}, {"capacity": 859, "impossibleCargos": [0, 2, 5, 8, 10, 13, 16, 17, 18, 19, 20, 21, 22, 24, 26, 27, 28], "neighbors": [33, 29, 16, 6, 13, 32, 5, 22, 1, 20]}, {"capacity": 366, "impossibleCargos": [0, 2, 3, 4, 5, 6, 7, 9, 10, 11, 12, 15, 16, 17, 20, 21, 22, 23, 24, 25, 27, 28, 29], "neighbors": [31, 21, 20, 26, 9, 33]}, {"capacity": 929, "impossibleCargos": [0, 1, 2, 3, 4, 5, 7, 8, 9, 10, 12, 13, 14, 16, 17, 18, 19, 20, 21, 22, 26, 27, 28], "neighbors": [27, 2, 8, 28, 1, 6, 0]}, {"capacity": 308, "impossibleCargos": [1, 2, 3, 5, 6, 7, 9, 10, 12, 13, 15, 16, 20, 23, 25, 27, 29], "neighbors": [10, 19, 17, 3, 22, 33, 24, 0, 18, 30, 34, 12, 16]}, {"capacity": 978, "impossibleCargos": [0, 1, 2, 3, 4, 8, 11, 12, 14, 15, 16, 17, 18, 19, 20, 21, 22, 23, 24, 25, 27, 28, 29], "neighbors": [31, 25, 32, 5, 0, 3, 33, 34]}, {"capacity": 955, "impossibleCargos": [1, 2, 3, 4, 5, 7, 8, 9, 10, 11, 12, 13, 14, 15, 16, 17, 18, 19, 20, 22, 23, 24, 25, 26, 28], "neighbors": [16, 22, 1, 11, 25, 14, 15, 10, 7, 19, 5]}, {"capacity": 665, "impossibleCargos": [1, 3, 5, 6, 7, 8, 9, 10, 11, 13, 14, 15, 16, 18, 20, 22, 23, 25, 26, 27, 28, 29], "neighbors": [23, 6, 30, 1, 34, 3, 10, 12, 32]}, {"capacity": 970, "impossibleCargos": [0, 4, 5, 6, 7, 10, 11, 12, 13, 14, 15, 16, 18, 19, 20, 24, 25, 26, 27, 28], "neighbors": [34, 29, 18, 1, 26, 5]}, {"capacity": 594, "impossibleCargos": [0, 1, 2, 3, 5, 6, 7, 8, 9, 10, 11, 13, 14, 15, 16, 17, 18, 19, 20, 22, 24, 26, 27, 29], "neighbors": [27, 17, 34, 20, 24, 16, 33]}, {"capacity": 967, "impossibleCargos": [1, 2, 3, 4, 5, 6, 8, 9, 10, 11, 12, 13, 14, 15, 16, 18, 21, 22, 23, 24, 25, 27, 29], "neighbors": [15, 19, 8, 27, 23, 29, 22, 4, 0, 5, 18, 11, 21]}, {"capacity": 875, "impossibleCargos": [0, 3, 5, 6, 7, 8, 9, 10, 11, 12, 13, 15, 18, 19, 20, 22, 23, 25, 26, 27, 28, 29], "neighbors": [23, 12, 7, 16, 9, 13, 1, 26, 22, 31, 27, 24]}, {"capacity": 957, "impossibleCargos": [0, 1, 2, 4, 5, 8, 9, 10, 14, 15, 16, 18, 19, 20, 24, 26, 27, 28, 29], "neighbors": [5, 30, 31, 29, 26, 27]}]}