{"volumes": [788, 0, 892, 370, 0, 312, 892, 0, 0, 893, 1698, 0, 0, 0, 562, 2191, 0, 962, 1731, 663, 593, 544, 0, 657, 742, 2166, 544, 1210, 533, 861], "conflicts": [[0, 7], [0, 12], [0, 16], [0, 22], [0, 28], [1, 2], [1, 3], [1, 11], [1, 12], [1, 16], [1, 17], [1, 20], [1, 25], [1, 26], [1, 29], [2, 4], [2, 13], [2, 17], [2, 19], [2, 22], [2, 23], [2, 24], [3, 4], [3, 5], [3, 7], [3, 9], [3, 10], [3, 11], [3, 14], [3, 17], [3, 20], [3, 21], [3, 22], [3, 28], [4, 5], [4, 8], [4, 9], [4, 10], [4, 12], [4, 16], [4, 20], [4, 23], [4, 27], [4, 28], [4, 29], [5, 7], [5, 8], [5, 16], [5, 18], [5, 19], [5, 21], [5, 26], [5, 28], [6, 7], [6, 13], [6, 16], [7, 8], [7, 9], [7, 10], [7, 11], [7, 12], [7, 18], [7, 19], [7, 21], [7, 25], [7, 26], [7, 28], [8, 9], [8, 12], [8, 13], [8, 15], [8, 16], [8, 17], [8, 18], [8, 19], [8, 20], [8, 21], [8, 22], [8, 23], [9, 12], [9, 14], [9, 27], [9, 28], [10, 11], [10, 12], [10, 13], [11, 14], [11, 15], [11, 16], [11, 19], [11, 20], [11, 21], [11, 22], [11, 27], [12, 13], [12, 16], [12, 19], [12, 20], [12, 22], [12, 23], [12, 24], [12, 26], [12, 28], [12, 29], [13, 15], [13, 16], [13, 17], [13, 18], [13, 19], [13, 23], [13, 29], [14, 16], [14, 22], [14, 23], [14, 24], [14, 28], [15, 16], [15, 22], [15, 26], [16, 17], [16, 19], [16, 22], [16, 24], [16, 25], [16, 27], [16, 28], [16, 29], [17, 19], [18, 22], [18, 28], [19, 23], [19, 24], [19, 26], [20, 26], [21, 22], [21, 24], [21, 26], [22, 23], [22, 26], [22, 27], [22, 28], [22, 29], [23, 28], [24, 28], [26, 28]], "tanks": [{"capacity": 578, "impossibleCargos": [2, 3, 4, 5, 6, 7, 8, 9, 11, 12, 13, 15, 16, 20, 21, 22, 23, 25, 27, 28], "neighbors": [21, 18, 23, 8, 7, 34, 3, 29, 12, 33, 20, 2, 11, 15, 10, 16, 13, 6]}, {"capacity": 859, "impossibleCargos": [1, 2, 9, 11, 14, 15, 17, 21, 22, 23, 24, 28, 29], "neighbors": [12, 20, 9, 34, 18, 17, 28, 26, 14, 10, 3, 27, 2, 22, 5]}, {"capacity": 213, "impossibleCargos": [1, 8, 9, 10, 11, 12, 13, 15, 16, 20, 21, 22, 23, 24, 27, 29], "neighbors": [12, 26, 5, 30, 24, 34, 31, 17, 8, 13, 16, 18, 9, 22, 15, 6, 28, 0, 1, 3]}, {"capacity": 957, "impossibleCargos": [1, 4, 8, 13, 14, 17, 22, 24, 25, 26], "neighbors": [32, 33, 12, 21, 20, 19, 9, 25, 0, 18, 6, 15, 1, 7, 8, 23, 16, 14, 27, 2]}, {"capacity": 730, "impossibleCargos": [2, 3, 5, 6, 7, 8, 9, 10, 13, 15, 19, 20, 21, 25, 28, 29], "neighbors": [19, 13, 11, 9, 28, 14, 23, 5, 8, 26, 12, 27, 24, 10]}, {"capacity": 294, "impossibleCargos": [0, 2, 3, 5, 7, 8, 13, 14, 15, 21, 23, 24, 25, 27], "neighbors": [15, 14, 2, 25, 28, 24, 4, 19, 8, 17, 13, 10, 6, 31, 22, 20, 1]}, {"capacity": 321, "impossibleCargos": [2, 6, 7, 11, 12, 17, 19, 21, 22, 24, 25, 26, 27, 29], "neighbors": [24, 7, 34, 26, 25, 31, 21, 20, 16, 22, 3, 2, 14, 5, 0]}, {"capacity": 280, "impossibleCargos": [1, 3, 7, 9, 10, 11, 15, 16, 17, 22, 24, 25, 26, 27], "neighbors": [6, 30, 10, 24, 28, 14, 0, 34, 31, 11, 9, 3, 19, 13]}, {"capacity": 503, "impossibleCargos": [0, 1, 5, 7, 8, 9, 11, 12, 16, 18, 19, 20, 21, 22, 23, 24, 28], "neighbors": [10, 28, 31, 25, 33, 27, 2, 0, 4, 21, 23, 5, 32, 30, 22, 16, 3, 12, 9, 14]}, {"capacity": 434, "impossibleCargos": [3, 5, 6, 9, 13, 14, 15, 16, 19, 20, 22, 25, 26, 28], "neighbors": [4, 18, 1, 3, 12, 2, 16, 7, 31, 11, 34, 17, 22, 8, 15]}, {"capacity": 536, "impossibleCargos": [0, 2, 3, 6, 9, 11, 12, 13, 15, 18, 22, 24, 26], "neighbors": [7, 22, 8, 15, 30, 14, 12, 23, 21, 34, 1, 17, 5, 18, 13, 0, 29, 4]}, {"capacity": 907, "impossibleCargos": [0, 1, 4, 5, 6, 7, 9, 10, 16, 17, 20, 22, 24, 27, 28], "neighbors": [12, 22, 24, 4, 20, 32, 13, 30, 17, 31, 33, 29, 7, 26, 9, 15, 23, 0, 16, 14]}, {"capacity": 648, "impossibleCargos": [0, 3, 4, 7, 10, 14, 15, 16, 17, 18, 19, 22, 24, 27, 28], "neighbors": [18, 11, 21, 2, 1, 3, 34, 10, 14, 25, 9, 0, 27, 4, 32, 33, 31, 13, 23, 17, 26, 24, 8]}, {"capacity": 796, "impossibleCargos": [2, 5, 6, 7, 11, 14, 22, 25, 26, 28], "neighbors": [22, 4, 28, 11, 20, 2, 25, 5, 15, 32, 12, 33, 10, 7, 16, 0, 14]}, {"capacity": 392, "impossibleCargos": [1, 2, 3, 4, 5, 7, 8, 9, 11, 14, 15, 19, 20, 21, 23, 24, 27, 28], "neighbors": [5, 17, 30, 4, 21, 33, 20, 7, 10, 12, 24, 22, 1, 6, 25, 11, 3, 28, 13, 29, 8]}, {"capacity": 798, "impossibleCargos": [2, 5, 7, 9, 10, 11, 14, 16, 19, 21, 22, 23, 24, 25, 27, 28, 29], "neighbors": [5, 20, 10, 24, 34, 28, 22, 17, 32, 23, 27, 13, 2, 3, 11, 16, 0, 9]}, {"capacity": 381, "impossibleCargos": [1, 2, 3, 4, 5, 6, 7, 8, 12, 14, 15, 16, 17, 18, 20, 22, 23, 24, 26, 29], "neighbors": [25, 22, 20, 27, 33, 2, 6, 9, 8, 15, 11, 28, 34, 13, 32, 3, 0]}, {"capacity": 722, "impossibleCargos": [1, 2, 4, 5, 8, 11, 14, 16, 17, 18, 21, 25, 26, 27, 29], "neighbors": [23, 14, 19, 25, 2, 15, 11, 32, 33, 5, 1, 10, 27, 20, 12, 9, 28]}, {"capacity": 599, "impossibleCargos": [0, 1, 2, 5, 8, 10, 11, 13, 14, 15, 17, 18, 23, 24, 25, 29], "neighbors": [32, 12, 0, 24, 33, 31, 9, 1, 29, 3, 2, 27, 10]}, {"capacity": 404, "impossibleCargos": [3, 5, 7, 11, 12, 15, 17, 23, 24, 26, 28, 29], "neighbors": [4, 25, 27, 31, 17, 24, 28, 33, 5, 3, 34, 7, 30, 26, 22]}, {"capacity": 336, "impossibleCargos": [0, 4, 5, 6, 8, 15, 16, 18, 21, 22, 23, 24, 26, 27, 28, 29], "neighbors": [15, 26, 16, 11, 14, 13, 1, 32, 3, 33, 30, 6, 29, 0, 17, 23, 5]}, {"capacity": 361, "impossibleCargos": [0, 1, 3, 4, 7, 9, 13, 14, 17, 18, 19, 20, 21, 22, 23, 24, 26, 28, 29], "neighbors": [0, 29, 12, 31, 34, 22, 14, 24, 3, 6, 8, 10, 30, 23, 26]}, {"capacity": 451, "impossibleCargos": [0, 1, 3, 4, 6, 7, 8, 9, 11, 12, 13, 19, 20, 22, 25, 26, 28, 29], "neighbors": [24, 13, 10, 16, 11, 15, 21, 29, 14, 27, 6, 2, 30, 8, 1, 5, 26, 9, 19]}, {"capacity": 814, "impossibleCargos": [2, 5, 6, 7, 8, 9, 12, 13, 15, 17, 21, 25, 26, 27, 28], "neighbors": [26, 34, 27, 17, 0, 4, 10, 8, 15, 33, 21, 31, 11, 12, 3, 20, 24]}, {"capacity": 768, "impossibleCargos": [1, 2, 3, 5, 6, 8, 9, 11, 12, 13, 14, 16, 19, 20, 22, 26, 28], "neighbors": [22, 6, 15, 11, 7, 18, 2, 5, 27, 19, 21, 14, 25, 12, 23, 4, 34]}, {"capacity": 623, "impossibleCargos": [0, 1, 3, 4, 5, 8, 9, 10, 11, 12, 17, 18, 19, 20, 21, 22, 23, 24, 25, 27, 28, 29], "neighbors": [16, 19, 28, 6, 34, 27, 5, 8, 17, 33, 12, 13, 3, 24, 31, 14]}, {"capacity": 923, "impossibleCargos": [0, 1, 2, 3, 5, 6, 9, 13, 14, 16, 17, 19, 21, 23, 24, 26], "neighbors": [6, 23, 20, 30, 2, 34, 4, 11, 1, 21, 33, 19, 12, 27, 22]}, {"capacity": 373, "impossibleCargos": [1, 4, 5, 7, 9, 13, 14, 16, 20, 22, 23, 25, 26, 28], "neighbors": [29, 23, 19, 25, 16, 33, 8, 24, 22, 15, 12, 4, 18, 17, 1, 26, 3]}, {"capacity": 557, "impossibleCargos": [1, 2, 4, 5, 6, 11, 12, 14, 19, 22, 23, 25, 26, 29], "neighbors": [33, 25, 8, 15, 4, 13, 7, 5, 19, 1, 2, 16, 30, 17, 14]}, {"capacity": 570, "impossibleCargos": [2, 4, 9, 10, 11, 14, 15, 16, 19, 20, 21, 22, 23, 24, 29], "neighbors": [27, 32, 21, 22, 30, 11, 20, 18, 0, 34, 10, 31, 14]}, {"capacity": 548, "impossibleCargos": [0, 1, 2, 3, 10, 12, 13, 16, 18, 19, 20, 21, 22, 23, 24, 25, 26, 27], "neighbors": [7, 26, 10, 14, 2, 11, 29, 20, 21, 8, 22, 19, 28, 34]}, {"capacity": 920, "impossibleCargos": [0, 1, 2, 5, 7, 8, 10, 14, 15, 17, 18, 19, 20, 22, 23, 24, 25, 26, 28, 29], "neighbors": [33, 21, 32, 19, 34, 8, 2, 18, 6, 11, 7, 25, 9, 23, 12, 5, 29]}, {"capacity": 433, "impossibleCargos": [3, 5, 6, 7, 9, 10, 11, 12, 13, 14, 15, 17, 18, 19, 21, 22, 24, 26, 27, 29], "neighbors": [18, 29, 31, 3, 11, 20, 17, 33, 15, 8, 34, 13, 12, 16]}, {"capacity": 996, "impossibleCargos": [2, 5, 8, 11, 12, 14, 16, 20, 21, 26], "neighbors": [28, 31, 3, 34, 27, 18, 8, 14, 25, 20, 19, 16, 11, 32, 17, 23, 0, 12, 26, 13]}, {"capacity": 984, "impossibleCargos": [0, 1, 3, 9, 14, 16, 19, 22, 23, 25, 27, 28, 29], "neighbors": [6, 23, 25, 15, 21, 33, 31, 2, 12, 26, 0, 1, 7, 19, 32, 10, 29, 9, 16, 30, 24]}]}