{"volumes": [0, 0, 1713, 1480, 463, 872, 820, 560, 715, 997, 322, 0, 0, 599, 701, 534, 408, 420, 0, 645, 1460, 670, 888, 369, 0, 648, 807, 1604, 1324, 834], "conflicts": [[0, 5], [0, 11], [0, 24], [0, 25], [0, 29], [1, 4], [1, 18], [1, 20], [1, 29], [2, 11], [2, 15], [2, 24], [3, 5], [3, 18], [4, 18], [5, 6], [6, 15], [6, 18], [7, 8], [7, 12], [7, 18], [7, 20], [8, 19], [8, 26], [9, 24], [10, 18], [11, 14], [11, 16], [11, 22], [11, 24], [12, 15], [12, 20], [13, 18], [13, 22], [13, 27], [14, 17], [14, 18], [14, 22], [16, 19], [17, 21], [17, 26], [18, 25], [18, 26], [18, 27], [18, 29], [19, 24], [23, 24], [23, 25], [24, 25], [24, 28]], "tanks": [{"capacity": 943, "impossibleCargos": [0, 1, 3, 4, 5, 6, 7, 8, 10, 11, 12, 13, 14, 17, 18, 19, 20, 21, 22, 23, 24, 26, 27, 28, 29], "neighbors": [29, 22, 2, 34, 3, 4, 23, 9, 21, 12, 14, 13, 6, 30, 15, 27, 1, 20]}, {"capacity": 902, "impossibleCargos": [4, 5, 8, 9, 10, 11, 12, 13, 16, 17, 19, 21, 22, 23, 24, 25, 27, 29], "neighbors": [28, 10, 4, 34, 25, 8, 24, 2, 3, 31, 9, 33, 22, 12, 15, 18, 21, 17, 0, 20]}, {"capacity": 668, "impossibleCargos": [0, 1, 2, 3, 4, 5, 6, 7, 8, 9, 10, 11, 12, 14, 15, 18, 19, 20, 22, 23, 26, 28], "neighbors": [0, 28, 7, 12, 13, 10, 9, 1, 30, 25, 18, 14, 20, 32, 34, 11, 33, 26]}, {"capacity": 283, "impossibleCargos": [1, 2, 3, 4, 5, 8, 9, 11, 12, 15, 16, 17, 18, 19, 20, 22, 23, 24, 25, 26, 27, 28], "neighbors": [9, 20, 33, 18, 0, 11, 22, 15, 14, 30, 1, 28, 7, 17, 4, 26, 31, 23]}, {"capacity": 255, "impossibleCargos": [0, 1, 2, 5, 6, 7, 8, 10, 11, 12, 15, 17, 18, 19, 20, 21, 22, 23, 24, 25, 26, 27, 28, 29], "neighbors": [18, 15, 26, 1, 9, 24, 0, 7, 20, 29, 3, 14, 5, 22, 21, 27, 8, 17]}, {"capacity": 896, "impossibleCargos": [1, 3, 4, 5, 8, 9, 10, 12, 13, 14, 17, 18, 19, 22, 24, 25, 26, 27, 29], "neighbors": [14, 25, 31, 13, 9, 28, 21, 19, 16, 17, 4, 8, 29, 18, 20, 7]}, {"capacity": 840, "impossibleCargos": [0, 4, 5, 6, 7, 10, 12, 13, 15, 16, 17, 18, 19, 23, 26, 27, 29], "neighbors": [16, 13, 23, 21, 34, 20, 26, 0, 28, 18, 30, 9, 22, 31]}, {"capacity": 743, "impossibleCargos": [0, 1, 3, 5, 6, 9, 10, 11, 12, 13, 14, 15, 16, 17, 18, 19, 20, 22, 23, 25, 28, 29], "neighbors": [22, 2, 8, 21, 32, 16, 4, 10, 31, 23, 3, 25, 27, 18, 33, 5]}, {"capacity": 886, "impossibleCargos": [0, 1, 2, 3, 4, 7, 8, 10, 11, 12, 13, 14, 15, 16, 17, 18, 19, 20, 21, 22, 23, 24, 25, 26, 28], "neighbors": [34, 11, 26, 33, 1, 7, 27, 16, 10, 5, 14, 4, 12]}, {"capacity": 905, "impossibleCargos": [0, 1, 2, 4, 6, 7, 8, 9, 10, 11, 15, 22, 23, 25, 26, 28, 29], "neighbors": [3, 28, 29, 4, 11, 0, 21, 13, 5, 2, 1, 17, 15, 6, 30, 14]}, {"capacity": 677, "impossibleCargos": [1, 2, 5, 6, 9, 11, 12, 13, 14, 15, 16, 17, 18, 19, 20, 21, 23, 24, 26, 27], "neighbors": [11, 30, 1, 19, 32, 25, 31, 34, 2, 7, 14, 24, 22, 8, 17, 12]}, {"capacity": 445, "impossibleCargos": [0, 1, 3, 6, 7, 8, 9, 10, 11, 12, 13, 15, 16, 19, 20, 21, 22, 23, 24, 25, 27, 28], "neighbors": [10, 31, 26, 8, 17, 14, 3, 9, 22, 13, 33, 19, 20, 29, 34, 18, 30, 2]}, {"capacity": 625, "impossibleCargos": [1, 2, 3, 4, 6, 7, 10, 11, 12, 13, 15, 16, 18, 19, 20, 22, 24, 25], "neighbors": [34, 28, 2, 30, 29, 25, 0, 16, 15, 31, 33, 1, 13, 8, 27, 10, 24]}, {"capacity": 914, "impossibleCargos": [0, 2, 3, 5, 8, 9, 10, 11, 12, 13, 14, 18, 20, 21, 23, 24, 26, 27, 29], "neighbors": [28, 6, 31, 2, 11, 15, 24, 9, 5, 30, 23, 0, 19, 12, 14, 33, 29, 16, 25, 26]}, {"capacity": 616, "impossibleCargos": [0, 1, 2, 3, 4, 6, 7, 9, 10, 11, 13, 14, 15, 17, 19, 20, 21, 23, 24, 25, 26, 27, 29], "neighbors": [31, 5, 11, 19, 25, 29, 3, 10, 20, 0, 15, 2, 4, 13, 8, 18, 9]}, {"capacity": 376, "impossibleCargos": [0, 2, 3, 4, 6, 7, 8, 10, 11, 12, 14, 16, 18, 19, 20, 21, 22, 23, 24, 25, 26, 27, 28, 29], "neighbors": [4, 30, 32, 33, 13, 34, 3, 16, 22, 27, 17, 19, 12, 14, 1, 9, 0, 21, 26]}, {"capacity": 674, "impossibleCargos": [0, 3, 5, 6, 7, 8, 10, 11, 12, 14, 20, 21, 22, 23, 27, 28], "neighbors": [6, 23, 34, 7, 15, 12, 27, 5, 26, 8, 13]}, {"capacity": 767, "impossibleCargos": [0, 1, 2, 3, 4, 5, 6, 7, 8, 9, 10, 12, 13, 14, 15, 17, 18, 19, 22, 23, 25, 26, 28, 29], "neighbors": [26, 31, 11, 24, 15, 28, 3, 34, 5, 9, 32, 10, 19, 30, 1, 4]}, {"capacity": 576, "impossibleCargos": [1, 3, 4, 5, 6, 9, 10, 11, 12, 13, 14, 15, 16, 17, 18, 19, 20, 21, 22, 23, 24, 25, 26, 27], "neighbors": [4, 24, 20, 30, 3, 19, 27, 25, 22, 2, 7, 1, 6, 11, 5, 23, 14]}, {"capacity": 323, "impossibleCargos": [1, 2, 3, 4, 5, 6, 7, 8, 9, 12, 13, 14, 16, 17, 18, 20, 21, 24, 25, 27, 28, 29], "neighbors": [24, 10, 30, 18, 26, 14, 33, 32, 21, 20, 11, 31, 15, 28, 23, 5, 13, 17]}, {"capacity": 358, "impossibleCargos": [1, 2, 4, 7, 8, 9, 11, 12, 14, 15, 16, 17, 19, 21, 22, 23, 24, 25, 26, 28, 29], "neighbors": [3, 18, 30, 25, 33, 26, 4, 6, 27, 31, 19, 14, 24, 34, 23, 11, 28, 2, 22, 5, 1, 0]}, {"capacity": 712, "impossibleCargos": [0, 2, 3, 6, 7, 8, 10, 11, 12, 13, 15, 16, 17, 19, 20, 21, 22, 23, 25, 26, 27, 28, 29], "neighbors": [25, 34, 6, 23, 7, 30, 32, 9, 27, 19, 29, 0, 5, 4, 1, 26, 31, 15]}, {"capacity": 420, "impossibleCargos": [0, 1, 2, 4, 5, 6, 7, 8, 10, 11, 14, 15, 17, 18, 19, 20, 23, 26, 27, 28, 29], "neighbors": [7, 0, 30, 11, 34, 3, 23, 15, 18, 33, 1, 27, 10, 4, 20, 6, 31]}, {"capacity": 843, "impossibleCargos": [0, 2, 3, 4, 5, 6, 7, 10, 11, 13, 14, 15, 16, 17, 19, 20, 21, 22, 23, 28, 29], "neighbors": [24, 33, 16, 27, 6, 21, 0, 29, 22, 32, 13, 19, 7, 20, 30, 3, 31, 18]}, {"capacity": 203, "impossibleCargos": [2, 3, 4, 5, 7, 10, 11, 12, 13, 14, 15, 16, 17, 21, 22, 23, 26], "neighbors": [23, 19, 18, 4, 34, 13, 17, 1, 20, 10, 27, 32, 12]}, {"capacity": 704, "impossibleCargos": [0, 1, 3, 4, 5, 6, 7, 8, 10, 13, 17, 18, 19, 20, 21, 22, 23, 24, 25, 26, 29], "neighbors": [27, 21, 20, 10, 5, 1, 14, 18, 30, 12, 7, 2, 29, 13, 26]}, {"capacity": 580, "impossibleCargos": [0, 2, 3, 5, 6, 7, 8, 9, 10, 11, 12, 13, 16, 17, 21, 22, 23, 24, 25, 26], "neighbors": [17, 11, 8, 4, 19, 20, 27, 29, 31, 28, 6, 16, 3, 21, 15, 25, 13, 2, 34]}, {"capacity": 265, "impossibleCargos": [0, 1, 3, 4, 5, 8, 9, 11, 12, 17, 18, 19, 20, 21, 22, 23, 24, 25, 26], "neighbors": [25, 28, 23, 18, 26, 21, 20, 15, 16, 8, 24, 7, 22, 4, 0, 12]}, {"capacity": 790, "impossibleCargos": [0, 1, 2, 3, 5, 6, 7, 9, 11, 12, 13, 14, 15, 17, 18, 19, 20, 21, 23, 24, 25, 26, 27, 28, 29], "neighbors": [13, 9, 1, 27, 34, 2, 30, 12, 33, 26, 5, 17, 19, 3, 20, 6, 32]}, {"capacity": 737, "impossibleCargos": [0, 1, 3, 4, 5, 6, 7, 8, 9, 11, 12, 13, 14, 15, 17, 18, 19, 22, 24, 25, 26, 27, 28, 29], "neighbors": [0, 9, 31, 14, 23, 26, 12, 21, 4, 11, 5, 13, 25]}, {"capacity": 241, "impossibleCargos": [0, 1, 3, 5, 6, 7, 8, 9, 10, 11, 12, 13, 15, 16, 17, 20, 21, 22, 23, 24, 26, 27], "neighbors": [10, 18, 20, 15, 22, 19, 28, 12, 25, 21, 3, 13, 2, 23, 6, 0, 17, 9, 11, 32, 31]}, {"capacity": 374, "impossibleCargos": [0, 1, 7, 8, 9, 11, 13, 14, 15, 16, 17, 18, 19, 20, 22, 25, 27, 29], "neighbors": [11, 17, 14, 10, 33, 32, 13, 5, 29, 26, 20, 7, 19, 1, 34, 12, 3, 23, 21, 6, 30, 22]}, {"capacity": 718, "impossibleCargos": [0, 1, 2, 3, 5, 6, 7, 8, 9, 10, 11, 12, 13, 15, 16, 18, 19, 20, 21, 22, 23, 25, 26, 27], "neighbors": [10, 15, 34, 31, 7, 21, 19, 23, 17, 28, 2, 24, 30]}, {"capacity": 560, "impossibleCargos": [1, 2, 3, 4, 6, 7, 9, 10, 11, 12, 13, 14, 16, 17, 18, 19, 20, 21, 22, 24, 25, 26, 28, 29], "neighbors": [3, 23, 15, 31, 8, 20, 19, 28, 11, 22, 1, 12, 13, 2, 7]}, {"capacity": 846, "impossibleCargos": [0, 3, 5, 6, 7, 8, 9, 10, 12, 13, 15, 17, 18, 19, 21, 22, 23, 26, 27, 29], "neighbors": [8, 28, 0, 16, 12, 1, 32, 21, 10, 6, 22, 24, 15, 20, 31, 17, 11, 2, 26]}]}