{"volumes": [1426, 1536, 639, 398, 863, 0, 823, 548, 0, 886, 1681, 468, 698, 628, 212, 0, 968, 0, 0, 1024, 0, 367, 1190, 1800, 1779, 2012, 0, 0, 313, 0], "conflicts": [[0, 9], [0, 11], [0, 17], [0, 20], [0, 26], [1, 5], [1, 11], [1, 15], [1, 17], [1, 18], [1, 20], [1, 26], [1, 29], [2, 5], [2, 6], [2, 7], [2, 8], [2, 11], [2, 15], [2, 16], [2, 17], [2, 22], [2, 26], [2, 29], [3, 8], [3, 15], [3, 17], [3, 18], [3, 19], [3, 20], [3, 28], [3, 29], [4, 5], [4, 6], [4, 8], [4, 10], [4, 15], [4, 17], [4, 18], [4, 20], [4, 23], [4, 26], [5, 6], [5, 7], [5, 8], [5, 11], [5, 13], [5, 14], [5, 15], [5, 16], [5, 17], [5, 19], [5, 20], [5, 26], [5, 28], [5, 29], [6, 8], [6, 11], [6, 12], [6, 15], [6, 17], [6, 26], [6, 29], [7, 10], [7, 12], [7, 14], [7, 15], [7, 18], [7, 26], [7, 27], [7, 28], [8, 10], [8, 11], [8, 13], [8, 14], [8, 16], [8, 19], [8, 20], [8, 21], [8, 22], [8, 23], [8, 24], [8, 27], [8, 28], [9, 10], [9, 12], [9, 15], [9, 18], [9, 20], [10, 15], [10, 18], [10, 20], [11, 12], [11, 13], [11, 14], [11, 18], [11, 20], [11, 22], [11, 26], [11, 27], [11, 29], [12, 16], [12, 20], [13, 14], [13, 18], [13, 20], [13, 21], [13, 26], [13, 27], [13, 29], [14, 15], [15, 17], [15, 18], [15, 20], [15, 21], [15, 22], [15, 23], [15, 25], [16, 26], [16, 27], [16, 29], [17, 19], [17, 20], [17, 23], [17, 24], [17, 25], [17, 26], [17, 27], [18, 19], [18, 21], [18, 23], [18, 26], [18, 27], [19, 27], [19, 29], [20, 21], [20, 22], [20, 24], [20, 26], [20, 28], [21, 24], [21, 26], [22, 26], [23, 26], [23, 29], [24, 26], [24, 29], [25, 27], [26, 27], [26, 28], [26, 29], [28, 29]], "tanks": [{"capacity": 905, "impossibleCargos": [1, 2, 3, 4, 11, 12, 14, 15, 16, 17, 18, 19, 20, 21, 22, 23, 25, 27, 28, 29], "neighbors": [24, 5, 30, 12, 25, 8, 4, 14, 22, 19, 2, 20, 15, 6, 34, 17, 29]}, {"capacity": 958, "impossibleCargos": [1, 2, 3, 5, 6, 7, 8, 9, 11, 12, 13, 15, 16, 17, 18, 19, 20, 21, 22, 23, 25, 26, 27, 28, 29], "neighbors": [13, 22, 2, 3, 12, 6, 26, 15, 18, 17, 21, 5, 33, 24, 31, 28, 4]}, {"capacity": 326, "impossibleCargos": [0, 2, 3, 4, 6, 8, 9, 10, 11, 12, 15, 20, 21, 23, 24, 25, 26, 29], "neighbors": [1, 32, 24, 19, 12, 5, 0, 16, 4, 6, 13, 17, 22, 21, 30, 18, 29, 14]}, {"capacity": 728, "impossibleCargos": [1, 2, 3, 4, 5, 9, 10, 11, 12, 13, 14, 15, 16, 17, 19, 20, 21, 22, 23, 25, 27, 29], "neighbors": [12, 21, 1, 11, 26, 4, 6, 22, 5, 24, 16, 15, 9, 13, 10, 32]}, {"capacity": 489, "impossibleCargos": [0, 1, 2, 3, 4, 6, 7, 8, 9, 11, 12, 13, 14, 15, 16, 18, 20, 22, 23, 25, 26, 29], "neighbors": [15, 0, 7, 3, 27, 18, 14, 2, 12, 32, 23, 16, 19, 26, 29, 6, 25, 34, 1, 10, 20]}, {"capacity": 229, "impossibleCargos": [1, 3, 4, 5, 7, 9, 10, 11, 12, 13, 16, 17, 19, 22, 23, 25, 26, 27, 28, 29], "neighbors": [0, 32, 13, 6, 8, 17, 30, 16, 33, 2, 3, 24, 14, 29, 15, 10, 7, 11, 1, 19, 31]}, {"capacity": 912, "impossibleCargos": [0, 1, 2, 3, 4, 7, 8, 10, 12, 14, 15, 17, 18, 22, 25, 27, 29], "neighbors": [11, 5, 1, 3, 29, 34, 13, 28, 15, 2, 12, 22, 9, 33, 4, 26, 0, 14, 19, 23]}, {"capacity": 497, "impossibleCargos": [0, 1, 2, 3, 4, 5, 6, 8, 10, 12, 15, 17, 18, 20, 22, 23, 24, 25, 26, 27, 29], "neighbors": [12, 16, 28, 24, 34, 4, 26, 11, 33, 5, 10, 29, 31, 13, 22]}, {"capacity": 623, "impossibleCargos": [0, 1, 3, 4, 5, 6, 7, 8, 9, 10, 12, 13, 14, 15, 17, 18, 19, 21, 22, 23, 24, 25, 26, 27, 28], "neighbors": [26, 17, 5, 0, 33, 14, 18, 24, 21, 12, 22, 10, 11]}, {"capacity": 659, "impossibleCargos": [2, 3, 5, 6, 7, 8, 9, 10, 11, 12, 13, 14, 16, 17, 18, 20, 21, 22, 24, 25, 26, 27, 28, 29], "neighbors": [10, 11, 24, 30, 14, 25, 6, 23, 13, 3, 16, 15]}, {"capacity": 752, "impossibleCargos": [0, 1, 3, 4, 5, 6, 7, 11, 13, 14, 15, 18, 19, 21, 22, 23, 26], "neighbors": [21, 18, 9, 23, 20, 15, 28, 13, 32, 16, 26, 5, 24, 7, 34, 29, 25, 11, 8, 22, 14, 3, 4]}, {"capacity": 939, "impossibleCargos": [0, 2, 3, 4, 6, 7, 8, 10, 11, 13, 14, 15, 16, 18, 19, 20, 22, 24, 25, 26, 27, 28, 29], "neighbors": [23, 6, 9, 3, 7, 18, 32, 20, 19, 13, 5, 14, 25, 17, 10, 8, 34, 21]}, {"capacity": 310, "impossibleCargos": [0, 1, 2, 4, 5, 6, 8, 9, 10, 11, 12, 14, 15, 16, 17, 18, 19, 20, 22, 25, 26, 29], "neighbors": [15, 3, 7, 1, 22, 34, 0, 2, 30, 31, 33, 4, 17, 6, 19, 8, 27, 28, 32]}, {"capacity": 400, "impossibleCargos": [0, 1, 2, 3, 4, 5, 6, 8, 9, 10, 11, 13, 15, 16, 17, 18, 19, 20, 22, 24, 25, 26, 27, 28, 29], "neighbors": [1, 17, 23, 5, 29, 15, 30, 31, 10, 19, 6, 33, 11, 2, 32, 9, 21, 20, 3, 26, 7, 22]}, {"capacity": 373, "impossibleCargos": [1, 5, 6, 7, 9, 12, 13, 14, 15, 18, 19, 20, 21, 25, 26, 27, 28, 29], "neighbors": [24, 33, 30, 16, 0, 8, 18, 34, 4, 5, 9, 19, 11, 27, 20, 15, 6, 10, 2]}, {"capacity": 402, "impossibleCargos": [0, 1, 2, 4, 5, 8, 9, 10, 11, 12, 13, 14, 16, 17, 18, 20, 21, 24, 26, 27], "neighbors": [12, 4, 1, 13, 10, 25, 27, 6, 30, 34, 5, 3, 19, 23, 14, 0, 9, 31, 16]}, {"capacity": 497, "impossibleCargos": [0, 1, 2, 3, 4, 5, 6, 7, 8, 9, 10, 11, 12, 15, 16, 17, 18, 19, 20, 21, 23, 26, 27, 28, 29], "neighbors": [30, 17, 7, 31, 33, 14, 5, 2, 10, 3, 4, 34, 27, 24, 9, 15]}, {"capacity": 607, "impossibleCargos": [1, 5, 6, 7, 8, 9, 10, 12, 13, 14, 15, 16, 18, 19, 21, 22, 23, 24, 25, 27, 28, 29], "neighbors": [16, 22, 34, 13, 8, 25, 5, 19, 20, 18, 1, 29, 33, 21, 12, 2, 11, 0, 31]}, {"capacity": 343, "impossibleCargos": [1, 2, 3, 4, 6, 7, 8, 9, 10, 11, 12, 13, 15, 16, 17, 18, 19, 20, 21, 22, 23, 24, 25, 26, 27, 28, 29], "neighbors": [10, 26, 32, 31, 1, 14, 33, 8, 30, 4, 11, 17, 19, 27, 2]}, {"capacity": 955, "impossibleCargos": [0, 2, 5, 6, 7, 8, 9, 10, 13, 15, 18, 19, 21, 23, 24, 26, 29], "neighbors": [25, 28, 17, 2, 0, 13, 11, 26, 18, 14, 21, 15, 12, 4, 30, 5, 32, 6]}, {"capacity": 475, "impossibleCargos": [0, 2, 3, 4, 5, 7, 8, 9, 10, 12, 15, 16, 17, 19, 21, 22, 23, 24, 26, 27, 28, 29], "neighbors": [23, 22, 10, 17, 0, 11, 24, 14, 13, 4]}, {"capacity": 421, "impossibleCargos": [0, 4, 5, 6, 7, 8, 9, 11, 12, 13, 14, 15, 16, 17, 19, 20, 21, 23, 27, 29], "neighbors": [30, 3, 31, 10, 8, 1, 17, 19, 23, 13, 26, 2, 32, 11]}, {"capacity": 964, "impossibleCargos": [1, 2, 3, 6, 7, 8, 9, 10, 11, 15, 17, 18, 19, 20, 21, 22, 24, 25, 26, 27, 29], "neighbors": [17, 1, 20, 12, 32, 33, 27, 0, 3, 25, 6, 28, 2, 24, 8, 34, 10, 13, 31, 7]}, {"capacity": 833, "impossibleCargos": [0, 1, 2, 4, 5, 6, 7, 9, 13, 14, 15, 16, 18, 20, 21, 22, 23, 25, 26, 27, 28], "neighbors": [11, 20, 13, 10, 4, 21, 9, 15, 25, 6]}, {"capacity": 552, "impossibleCargos": [1, 2, 3, 4, 5, 6, 7, 9, 10, 11, 12, 13, 14, 15, 16, 17, 18, 20, 22, 23, 24, 25, 26, 27, 28, 29], "neighbors": [0, 29, 7, 14, 34, 27, 2, 9, 32, 8, 3, 5, 10, 20, 22, 28, 16, 1, 30]}, {"capacity": 865, "impossibleCargos": [1, 3, 4, 6, 7, 8, 9, 10, 11, 13, 15, 16, 17, 19, 20, 21, 23, 24, 25, 26, 28, 29], "neighbors": [30, 26, 19, 27, 17, 0, 15, 34, 28, 22, 9, 33, 11, 10, 4, 23, 31]}, {"capacity": 445, "impossibleCargos": [3, 4, 5, 7, 8, 9, 10, 11, 12, 13, 14, 15, 16, 17, 18, 19, 20, 23, 24, 25, 27, 28, 29], "neighbors": [25, 8, 18, 1, 3, 7, 30, 10, 19, 27, 32, 4, 34, 21, 31, 6, 13]}, {"capacity": 923, "impossibleCargos": [0, 1, 2, 3, 4, 5, 7, 8, 10, 12, 14, 15, 16, 17, 18, 20, 21, 22, 23, 25], "neighbors": [25, 24, 22, 33, 4, 15, 30, 26, 18, 31, 16, 14, 34, 12, 32]}, {"capacity": 360, "impossibleCargos": [1, 2, 3, 4, 6, 7, 9, 14, 15, 17, 18, 19, 20, 22, 26, 28, 29], "neighbors": [33, 7, 32, 19, 10, 6, 25, 22, 29, 24, 1, 30, 12]}, {"capacity": 932, "impossibleCargos": [0, 2, 3, 4, 5, 7, 8, 9, 10, 11, 12, 13, 14, 15, 16, 18, 19, 20, 21, 22, 23, 24, 26, 27], "neighbors": [24, 13, 32, 6, 5, 17, 31, 33, 28, 7, 4, 10, 2, 0]}, {"capacity": 947, "impossibleCargos": [1, 2, 3, 7, 9, 10, 13, 14, 15, 16, 17, 19, 20, 22, 24, 26, 27, 28, 29], "neighbors": [21, 25, 16, 33, 32, 14, 0, 5, 12, 13, 9, 18, 26, 15, 27, 19, 2, 28, 24]}, {"capacity": 774, "impossibleCargos": [0, 2, 3, 4, 5, 6, 7, 8, 9, 10, 14, 15, 16, 17, 19, 20, 22, 23, 24, 25, 26, 27, 28, 29], "neighbors": [21, 32, 16, 18, 13, 12, 27, 29, 7, 26, 25, 1, 15, 17, 5, 22]}, {"capacity": 668, "impossibleCargos": [0, 1, 3, 4, 5, 6, 9, 10, 11, 13, 14, 16, 17, 18, 19, 20, 21, 22, 23, 24, 26, 27, 28, 29], "neighbors": [31, 5, 30, 18, 22, 28, 29, 2, 10, 24, 11, 4, 13, 26, 21, 19, 27, 3, 12]}, {"capacity": 426, "impossibleCargos": [0, 1, 2, 4, 5, 6, 7, 8, 9, 10, 11, 12, 13, 14, 15, 17, 18, 20, 21, 23, 26, 27, 29], "neighbors": [28, 30, 14, 16, 22, 8, 5, 27, 18, 12, 13, 7, 17, 25, 29, 6, 1]}, {"capacity": 572, "impossibleCargos": [0, 1, 2, 3, 4, 5, 6, 8, 9, 10, 12, 13, 14, 15, 17, 18, 19, 20, 23, 26, 27, 28, 29], "neighbors": [17, 24, 7, 12, 25, 14, 6, 15, 10, 16, 26, 27, 0, 22, 4, 11]}]}