{"volumes": [0, 0, 1111, 526, 291, 0, 0, 4194, 436, 0, 0, 1193, 1101, 1780, 0, 1616, 723, 907, 1163, 1383, 0, 0, 791, 0, 1110, 0, 1632, 682, 0, 0], "conflicts": [[0, 1], [0, 2], [0, 7], [0, 9], [0, 16], [0, 17], [0, 18], [0, 19], [0, 20], [0, 21], [0, 22], [0, 24], [0, 25], [0, 29], [1, 4], [1, 6], [1, 7], [1, 8], [1, 11], [1, 12], [1, 13], [1, 15], [1, 16], [1, 20], [1, 21], [1, 22], [1, 23], [1, 24], [1, 25], [1, 26], [1, 27], [2, 5], [2, 6], [2, 8], [2, 10], [2, 14], [2, 20], [2, 22], [2, 29], [3, 4], [3, 5], [3, 14], [3, 15], [3, 24], [3, 29], [4, 5], [4, 6], [4, 8], [4, 14], [4, 21], [4, 22], [4, 23], [4, 24], [4, 26], [5, 6], [5, 9], [5, 10], [5, 11], [5, 12], [5, 15], [5, 16], [5, 18], [5, 19], [5, 22], [5, 23], [5, 24], [5, 29], [6, 7], [6, 10], [6, 12], [6, 13], [6, 16], [6, 17], [6, 20], [6, 21], [6, 23], [6, 25], [6, 26], [6, 27], [6, 28], [6, 29], [7, 21], [7, 25], [7, 28], [8, 9], [8, 10], [8, 18], [8, 20], [8, 21], [8, 28], [9, 10], [9, 11], [9, 12], [9, 14], [9, 16], [9, 17], [9, 23], [9, 29], [10, 11], [10, 12], [10, 13], [10, 14], [10, 16], [10, 18], [10, 19], [10, 21], [10, 22], [10, 28], [10, 29], [11, 14], [11, 16], [11, 21], [11, 25], [11, 27], [12, 16], [12, 17], [12, 20], [12, 21], [12, 23], [12, 27], [12, 28], [13, 14], [13, 25], [13, 28], [14, 21], [14, 24], [14, 25], [14, 26], [14, 29], [15, 20], [15, 25], [15, 29], [16, 25], [16, 27], [16, 28], [16, 29], [17, 25], [17, 26], [17, 28], [17, 29], [18, 27], [18, 28], [19, 25], [19, 28], [19, 29], [20, 21], [20, 23], [20, 25], [20, 27], [20, 28], [20, 29], [21, 22], [21, 23], [21, 24], [21, 26], [21, 27], [21, 28], [21, 29], [23, 24], [23, 25], [23, 29], [24, 25], [25, 26], [25, 27], [27, 29]], "tanks": [{"capacity": 391, "impossibleCargos": [0, 1, 2, 3, 5, 6, 8, 9, 10, 11, 14, 15, 17, 18, 19, 20, 21, 22, 25, 26, 27, 28], "neighbors": [18, 30, 32, 14, 16, 1, 5, 10, 27, 29, 4, 11, 20, 2, 13, 21]}, {"capacity": 452, "impossibleCargos": [0, 1, 3, 4, 5, 6, 7, 8, 9, 10, 11, 12, 13, 16, 17, 19, 22, 23, 24, 25, 26, 27, 28, 29], "neighbors": [2, 12, 3, 34, 29, 10, 0, 5, 25, 33, 16, 17, 8, 30, 6, 20, 32, 13]}, {"capacity": 750, "impossibleCargos": [0, 2, 3, 4, 5, 6, 8, 9, 10, 12, 13, 14, 17, 19, 20, 21, 23, 24, 25, 26, 28, 29], "neighbors": [3, 1, 16, 19, 27, 34, 9, 26, 32, 7, 11, 24, 0, 10, 17, 30, 28, 18, 22]}, {"capacity": 850, "impossibleCargos": [0, 1, 3, 5, 9, 11, 12, 13, 15, 16, 17, 18, 19, 20, 21, 23, 24, 25, 26, 27, 29], "neighbors": [2, 25, 28, 16, 6, 15, 19, 7, 1, 18, 33, 27, 31, 8, 12, 20, 5, 22, 30]}, {"capacity": 714, "impossibleCargos": [0, 2, 3, 4, 6, 7, 8, 10, 11, 13, 14, 15, 18, 19, 20, 21, 22, 23, 25, 28, 29], "neighbors": [11, 22, 6, 34, 31, 27, 26, 10, 8, 0, 20, 12, 25, 32]}, {"capacity": 883, "impossibleCargos": [2, 3, 4, 5, 6, 7, 8, 12, 15, 18, 19, 20, 21, 22, 23, 24, 25, 28, 29], "neighbors": [25, 14, 7, 0, 1, 21, 23, 13, 18, 34, 9, 10, 17, 3, 32, 8, 24, 16]}, {"capacity": 682, "impossibleCargos": [0, 1, 3, 4, 5, 6, 7, 8, 9, 11, 12, 14, 16, 17, 20, 21, 22, 23, 25, 26, 28], "neighbors": [32, 19, 9, 4, 3, 33, 30, 13, 22, 11, 17, 21, 1, 25, 23, 24, 34, 31]}, {"capacity": 622, "impossibleCargos": [0, 1, 2, 4, 5, 6, 7, 8, 9, 11, 12, 14, 15, 17, 19, 20, 21, 22, 23, 24, 25, 27, 28, 29], "neighbors": [26, 5, 9, 3, 16, 21, 34, 22, 18, 10, 14, 29, 2, 19, 27, 11]}, {"capacity": 309, "impossibleCargos": [2, 4, 5, 6, 8, 10, 11, 12, 13, 14, 16, 20, 21, 22, 23, 24, 25, 26, 27, 29], "neighbors": [32, 27, 15, 3, 4, 1, 22, 25, 18, 30, 34, 14, 5, 31, 16, 17]}, {"capacity": 721, "impossibleCargos": [1, 2, 3, 5, 6, 8, 10, 11, 13, 14, 15, 16, 18, 19, 20, 21, 22, 23, 25, 26, 27, 29], "neighbors": [6, 11, 7, 27, 17, 34, 2, 18, 15, 13, 5, 16, 21, 12]}, {"capacity": 906, "impossibleCargos": [0, 1, 2, 4, 5, 6, 7, 8, 9, 10, 11, 12, 13, 14, 16, 17, 18, 19, 20, 22, 23, 24, 25, 26, 29], "neighbors": [25, 11, 30, 1, 15, 0, 4, 7, 12, 34, 27, 5, 17, 20, 13, 2]}, {"capacity": 370, "impossibleCargos": [1, 3, 4, 7, 8, 10, 11, 12, 14, 16, 17, 18, 22, 25, 27, 29], "neighbors": [4, 10, 9, 12, 14, 13, 18, 24, 33, 26, 32, 16, 20, 6, 0, 22, 2, 34, 19, 29, 17, 7]}, {"capacity": 321, "impossibleCargos": [0, 1, 2, 5, 6, 7, 8, 9, 10, 12, 13, 14, 15, 17, 18, 19, 20, 21, 22, 24, 25, 29], "neighbors": [1, 17, 11, 20, 34, 3, 10, 30, 14, 29, 19, 31, 4, 9, 22]}, {"capacity": 756, "impossibleCargos": [1, 2, 4, 5, 6, 7, 8, 12, 14, 15, 16, 17, 18, 19, 20, 21, 22, 25, 26, 27, 29], "neighbors": [20, 27, 30, 11, 23, 21, 15, 32, 6, 5, 9, 24, 18, 10, 0, 25, 29, 28, 16, 1]}, {"capacity": 310, "impossibleCargos": [0, 1, 2, 3, 4, 5, 7, 9, 10, 12, 13, 17, 18, 19, 20, 21, 22, 24, 25, 26, 27, 29], "neighbors": [17, 15, 5, 21, 11, 0, 25, 30, 26, 32, 29, 7, 12, 8, 24]}, {"capacity": 651, "impossibleCargos": [0, 1, 2, 3, 4, 5, 7, 8, 9, 10, 13, 15, 16, 18, 20, 22, 23, 25, 26, 28], "neighbors": [32, 14, 3, 34, 13, 10, 16, 8, 25, 9, 19, 31, 28, 22, 17]}, {"capacity": 555, "impossibleCargos": [0, 1, 3, 4, 5, 7, 8, 9, 11, 13, 14, 16, 17, 18, 19, 20, 21, 22, 23, 24, 26, 28, 29], "neighbors": [2, 26, 3, 7, 29, 0, 34, 15, 22, 11, 24, 1, 23, 17, 33, 27, 9, 5, 8, 25, 13, 21]}, {"capacity": 893, "impossibleCargos": [0, 1, 2, 3, 4, 6, 7, 8, 9, 10, 12, 13, 14, 16, 17, 19, 22, 24, 25, 26, 27, 28, 29], "neighbors": [14, 12, 21, 23, 26, 34, 9, 27, 16, 1, 10, 5, 6, 24, 25, 2, 8, 15, 28, 11]}, {"capacity": 658, "impossibleCargos": [0, 2, 4, 5, 8, 9, 11, 12, 13, 14, 16, 17, 19, 20, 21, 22, 24, 26, 28], "neighbors": [22, 0, 28, 11, 3, 32, 7, 9, 26, 30, 5, 27, 13, 8, 29, 34, 2]}, {"capacity": 777, "impossibleCargos": [2, 3, 4, 6, 8, 9, 12, 14, 15, 17, 18, 19, 21, 22, 24, 25, 26, 27, 28, 29], "neighbors": [27, 6, 2, 23, 3, 28, 32, 15, 33, 11, 12, 26, 7, 21, 24]}, {"capacity": 831, "impossibleCargos": [2, 3, 4, 5, 6, 7, 8, 9, 10, 12, 13, 14, 15, 16, 17, 18, 19, 20, 21, 22, 23, 24, 25, 26, 27, 28], "neighbors": [24, 13, 12, 33, 30, 11, 0, 10, 3, 32, 4, 1, 22, 25, 34, 28, 21]}, {"capacity": 552, "impossibleCargos": [0, 1, 2, 3, 6, 8, 9, 11, 12, 13, 14, 15, 16, 17, 18, 19, 20, 22, 23, 24, 25, 26, 29], "neighbors": [28, 17, 14, 7, 24, 13, 5, 31, 23, 6, 9, 19, 32, 0, 16, 20]}, {"capacity": 787, "impossibleCargos": [0, 5, 6, 7, 9, 10, 12, 13, 15, 16, 17, 18, 20, 21, 22, 23, 24, 26, 27, 28, 29], "neighbors": [18, 4, 29, 33, 7, 16, 6, 31, 8, 32, 11, 28, 3, 15, 20, 2, 25, 12]}, {"capacity": 476, "impossibleCargos": [0, 1, 2, 4, 5, 6, 7, 11, 12, 15, 16, 17, 19, 20, 21, 22, 23, 25, 26, 27, 28], "neighbors": [28, 19, 17, 13, 33, 5, 16, 21, 30, 25, 6, 27]}, {"capacity": 580, "impossibleCargos": [0, 1, 2, 4, 7, 8, 9, 10, 11, 12, 15, 16, 18, 20, 21, 22, 23, 26, 28, 29], "neighbors": [20, 26, 31, 29, 11, 21, 34, 16, 30, 13, 2, 17, 5, 6, 27, 33, 14, 19]}, {"capacity": 374, "impossibleCargos": [0, 1, 2, 3, 4, 5, 8, 9, 11, 13, 15, 16, 17, 18, 19, 20, 23, 24, 25, 26, 27, 28, 29], "neighbors": [3, 10, 5, 30, 31, 14, 15, 1, 8, 32, 23, 17, 13, 6, 20, 4, 16, 22]}, {"capacity": 251, "impossibleCargos": [0, 1, 4, 5, 6, 7, 8, 9, 10, 11, 13, 14, 15, 16, 17, 18, 19, 20, 21, 24, 26, 27, 28, 29], "neighbors": [24, 16, 7, 17, 4, 11, 34, 31, 14, 18, 29, 2, 19, 27]}, {"capacity": 818, "impossibleCargos": [0, 1, 2, 4, 5, 6, 7, 9, 11, 12, 13, 14, 15, 16, 17, 18, 19, 21, 23, 24, 25, 26, 27], "neighbors": [19, 33, 13, 4, 2, 9, 31, 8, 3, 17, 0, 29, 28, 10, 16, 18, 24, 26, 23, 7]}, {"capacity": 816, "impossibleCargos": [0, 1, 2, 3, 4, 5, 7, 8, 9, 10, 12, 13, 16, 18, 19, 20, 21, 25, 26, 27, 28, 29], "neighbors": [21, 23, 3, 19, 18, 34, 32, 27, 22, 15, 33, 2, 13, 17, 20]}, {"capacity": 322, "impossibleCargos": [1, 4, 6, 8, 11, 12, 14, 15, 16, 17, 18, 19, 20, 22, 23, 25, 26, 27, 28, 29], "neighbors": [16, 22, 24, 1, 31, 27, 26, 0, 14, 34, 7, 33, 12, 18, 11, 13]}, {"capacity": 637, "impossibleCargos": [0, 2, 3, 5, 8, 9, 10, 11, 13, 16, 17, 18, 19, 20, 22, 23, 24, 25, 26, 27], "neighbors": [0, 25, 34, 13, 10, 14, 20, 18, 6, 12, 24, 1, 23, 8, 3, 2]}, {"capacity": 977, "impossibleCargos": [0, 1, 2, 6, 7, 8, 9, 11, 12, 13, 14, 15, 16, 19, 20, 21, 22, 23, 26, 28, 29], "neighbors": [24, 25, 4, 27, 29, 26, 3, 21, 22, 15, 8, 12, 34, 6]}, {"capacity": 908, "impossibleCargos": [0, 2, 4, 5, 6, 8, 10, 11, 12, 14, 15, 16, 17, 19, 20, 21, 23, 24, 25, 26, 27, 28, 29], "neighbors": [6, 15, 8, 0, 18, 11, 19, 13, 14, 28, 22, 2, 25, 20, 5, 4, 21, 1]}, {"capacity": 809, "impossibleCargos": [0, 1, 2, 3, 4, 5, 6, 7, 8, 10, 11, 12, 13, 14, 15, 16, 17, 20, 21, 27, 28, 29], "neighbors": [27, 6, 22, 11, 3, 20, 23, 1, 16, 19, 29, 34, 28, 24]}, {"capacity": 824, "impossibleCargos": [0, 2, 3, 5, 6, 7, 9, 12, 13, 14, 15, 16, 17, 18, 20, 21, 22, 23, 25, 26, 27, 28, 29], "neighbors": [4, 15, 30, 1, 17, 2, 7, 26, 9, 28, 16, 24, 12, 29, 10, 5, 33, 11, 8, 31, 20, 18, 6]}]}