{"volumes": [525, 0, 431, 409, 956, 305, 0, 231, 694, 815, 935, 0, 659, 532, 876, 206, 2261, 1523, 0, 518, 1877, 1148, 0, 1232, 0, 0, 410, 804, 509, 300], "conflicts": [[0, 2], [0, 4], [0, 6], [0, 11], [0, 18], [0, 24], [0, 26], [0, 27], [1, 4], [1, 5], [1, 8], [1, 13], [1, 14], [1, 15], [1, 16], [1, 17], [1, 18], [1, 24], [1, 25], [1, 26], [1, 27], [2, 6], [2, 11], [2, 18], [2, 22], [2, 25], [3, 11], [3, 12], [3, 24], [4, 8], [4, 11], [4, 12], [4, 19], [4, 24], [5, 6], [5, 11], [5, 22], [5, 24], [5, 25], [6, 7], [6, 10], [6, 13], [6, 14], [6, 17], [6, 18], [6, 22], [6, 23], [6, 24], [6, 25], [6, 26], [6, 27], [6, 28], [6, 29], [7, 11], [7, 18], [7, 22], [8, 15], [8, 18], [9, 11], [10, 18], [10, 22], [10, 25], [11, 12], [11, 13], [11, 14], [11, 15], [11, 17], [11, 18], [11, 19], [11, 20], [11, 23], [11, 24], [11, 26], [11, 28], [11, 29], [12, 22], [12, 25], [12, 26], [13, 18], [13, 22], [13, 25], [13, 27], [14, 19], [15, 22], [15, 24], [15, 27], [15, 29], [16, 18], [17, 18], [17, 25], [18, 19], [18, 20], [18, 21], [18, 23], [18, 24], [18, 25], [18, 26], [18, 27], [18, 28], [18, 29], [19, 20], [19, 22], [19, 27], [20, 22], [21, 24], [22, 23], [22, 24], [22, 26], [22, 27], [22, 28], [23, 24], [23, 28], [24, 25], [24, 26], [25, 27], [25, 28], [26, 27], [26, 29], [27, 29]], "tanks": [{"capacity": 449, "impossibleCargos": [0, 3, 4, 8, 10, 15, 17, 19, 26], "neighbors": [6, 18, 12, 10, 21, 14, 30, 5, 27, 32, 2, 13, 11, 22, 9, 33, 31, 16, 4, 26, 24, 19, 34, 23, 7, 17, 29]}, {"capacity": 421, "impossibleCargos": [9, 14, 21, 28], "neighbors": [30, 32, 12, 18, 2, 14, 20, 21, 33, 19, 34, 16, 24, 23, 8, 10, 25, 9, 7, 29, 6, 3, 26, 11, 27]}, {"capacity": 653, "impossibleCargos": [0, 1, 4, 5, 8, 11, 16, 19, 23], "neighbors": [29, 9, 13, 1, 25, 7, 0, 3, 22, 30, 18, 11, 4, 15, 24, 28, 27, 34, 8, 31, 21, 6, 10, 19, 32, 33, 12, 17]}, {"capacity": 415, "impossibleCargos": [1, 6, 10, 15, 17, 19, 20, 24], "neighbors": [11, 33, 32, 26, 12, 14, 20, 9, 18, 25, 2, 15, 28, 22, 27, 8, 31, 21, 6, 1, 19]}, {"capacity": 349, "impossibleCargos": [2, 14, 25], "neighbors": [17, 5, 26, 12, 19, 28, 27, 23, 10, 6, 11, 16, 2, 32, 24, 0, 9, 22, 14, 34, 15, 33, 13, 21, 29, 20, 25, 18]}, {"capacity": 663, "impossibleCargos": [0, 6, 9, 11, 20, 26, 28, 29], "neighbors": [26, 7, 18, 4, 34, 23, 24, 16, 8, 0, 13, 20, 30, 15, 32, 12, 25, 9, 27, 33, 22, 11, 14, 19, 21, 17]}, {"capacity": 231, "impossibleCargos": [1, 4, 8, 11, 12, 14, 18, 24, 28], "neighbors": [0, 11, 27, 31, 12, 18, 29, 4, 23, 10, 13, 15, 28, 17, 9, 20, 19, 34, 2, 8, 26, 3, 22, 30, 1, 7]}, {"capacity": 843, "impossibleCargos": [1, 11, 24, 29], "neighbors": [5, 10, 26, 8, 15, 2, 13, 34, 14, 28, 21, 30, 27, 12, 1, 0, 6, 16, 18, 25]}, {"capacity": 241, "impossibleCargos": [4, 5, 13, 17, 22, 25, 27], "neighbors": [19, 9, 7, 13, 5, 30, 15, 14, 26, 11, 17, 21, 28, 20, 23, 32, 22, 31, 1, 2, 29, 24, 3, 6, 10, 25, 18, 12]}, {"capacity": 563, "impossibleCargos": [0, 12, 14, 25], "neighbors": [25, 20, 33, 17, 2, 8, 24, 21, 34, 15, 3, 29, 11, 0, 16, 4, 12, 6, 5, 28, 1, 13, 23, 30, 26, 18]}, {"capacity": 512, "impossibleCargos": [1, 11, 12, 15, 20, 21, 22, 24, 26, 27], "neighbors": [28, 7, 12, 32, 18, 0, 13, 25, 4, 20, 23, 24, 15, 6, 29, 31, 34, 1, 14, 2, 8, 21]}, {"capacity": 343, "impossibleCargos": [1, 8, 16, 21, 29], "neighbors": [3, 23, 32, 12, 6, 34, 22, 4, 0, 33, 27, 9, 13, 29, 2, 8, 28, 15, 14, 21, 26, 25, 5, 17, 19, 24, 31, 1, 30]}, {"capacity": 874, "impossibleCargos": [5, 6, 7, 15, 20, 24, 26, 27, 28, 29], "neighbors": [30, 17, 21, 10, 11, 1, 32, 0, 4, 29, 3, 6, 13, 33, 27, 24, 15, 18, 5, 9, 26, 23, 20, 22, 7, 31, 16, 25, 14, 2, 8, 28]}, {"capacity": 700, "impossibleCargos": [9, 10, 14, 17, 21, 25, 28], "neighbors": [20, 27, 33, 2, 14, 25, 26, 10, 32, 29, 15, 21, 8, 12, 5, 0, 7, 11, 31, 30, 6, 23, 9, 17, 24, 18, 4, 22, 16, 19]}, {"capacity": 461, "impossibleCargos": [3, 8, 13, 15, 16, 19, 22, 27], "neighbors": [25, 22, 15, 33, 13, 20, 23, 3, 28, 16, 1, 0, 8, 17, 19, 7, 18, 11, 31, 32, 10, 26, 4, 30, 21, 5, 34, 24, 12]}, {"capacity": 786, "impossibleCargos": [0, 7, 11, 12, 13, 22], "neighbors": [29, 14, 26, 13, 7, 31, 9, 3, 8, 25, 2, 10, 17, 5, 11, 6, 12, 23, 4, 18, 28, 30, 33]}, {"capacity": 670, "impossibleCargos": [1, 9, 12, 13, 20, 22, 26, 29], "neighbors": [5, 31, 14, 4, 24, 17, 1, 19, 9, 21, 0, 26, 30, 32, 29, 12, 20, 13, 7]}, {"capacity": 314, "impossibleCargos": [3, 4, 7, 9, 10, 15, 16, 17, 18, 25], "neighbors": [4, 12, 20, 9, 30, 21, 22, 24, 25, 31, 26, 34, 14, 28, 16, 8, 15, 29, 6, 32, 18, 27, 13, 11, 0, 2, 5]}, {"capacity": 720, "impossibleCargos": [3, 4, 6, 7, 9, 12, 13, 14, 16, 18, 19, 21, 28], "neighbors": [21, 5, 0, 10, 1, 26, 31, 6, 3, 34, 2, 20, 14, 25, 12, 17, 33, 13, 15, 30, 8, 27, 32, 4, 22, 7, 9]}, {"capacity": 311, "impossibleCargos": [1, 2, 7, 9, 11, 13, 14, 18], "neighbors": [8, 4, 34, 20, 30, 21, 1, 24, 14, 16, 25, 23, 26, 0, 6, 22, 33, 5, 29, 2, 11, 28, 3, 31, 13]}, {"capacity": 572, "impossibleCargos": [5, 14, 18, 20, 24, 28], "neighbors": [13, 17, 9, 14, 29, 19, 3, 10, 31, 1, 25, 5, 18, 8, 22, 23, 12, 6, 32, 34, 16, 4, 30]}, {"capacity": 935, "impossibleCargos": [3, 7, 9, 12, 16, 17, 20, 23, 28], "neighbors": [18, 12, 25, 32, 23, 0, 17, 9, 13, 19, 27, 1, 34, 24, 8, 31, 11, 30, 7, 16, 28, 14, 2, 3, 4, 5, 33, 10]}, {"capacity": 767, "impossibleCargos": [0, 5, 6, 7, 8, 10, 11, 14, 15, 19, 20, 24, 29], "neighbors": [14, 28, 25, 33, 26, 11, 17, 0, 2, 30, 24, 23, 8, 3, 4, 20, 5, 12, 19, 6, 13, 29, 18]}, {"capacity": 207, "impossibleCargos": [5, 14, 17, 19, 20, 26, 29], "neighbors": [24, 11, 32, 14, 5, 21, 4, 6, 10, 29, 26, 8, 22, 19, 34, 1, 28, 31, 13, 12, 20, 15, 9, 0]}, {"capacity": 329, "impossibleCargos": [5, 7, 10, 13, 14, 18, 19, 20, 22], "neighbors": [23, 34, 32, 5, 9, 28, 17, 31, 21, 16, 19, 10, 2, 12, 4, 22, 33, 1, 25, 26, 0, 8, 13, 30, 11, 14]}, {"capacity": 565, "impossibleCargos": [0, 16, 20, 22, 23, 25, 26], "neighbors": [14, 9, 21, 32, 22, 13, 30, 10, 17, 2, 3, 28, 15, 20, 18, 19, 5, 24, 33, 1, 11, 27, 8, 34, 12, 26, 4, 7]}, {"capacity": 778, "impossibleCargos": [1, 8, 10, 21, 25, 28], "neighbors": [5, 7, 4, 22, 15, 13, 18, 3, 34, 31, 17, 8, 28, 23, 30, 19, 24, 12, 0, 14, 11, 27, 16, 6, 25, 1, 9]}, {"capacity": 674, "impossibleCargos": [1, 2, 8, 11, 12, 15, 17, 21, 26], "neighbors": [13, 6, 28, 4, 0, 29, 21, 11, 12, 2, 30, 5, 17, 3, 26, 25, 7, 33, 18, 1]}, {"capacity": 978, "impossibleCargos": [1, 6, 7, 17, 18, 21], "neighbors": [10, 22, 4, 27, 14, 24, 32, 25, 26, 17, 11, 8, 2, 3, 7, 6, 33, 21, 23, 9, 34, 19, 15, 12]}, {"capacity": 538, "impossibleCargos": [2, 6, 17, 19, 21, 22], "neighbors": [15, 2, 32, 12, 20, 13, 6, 27, 33, 9, 23, 11, 10, 34, 17, 30, 8, 1, 19, 16, 4, 22, 0]}, {"capacity": 330, "impossibleCargos": [3, 6, 7, 11, 12, 14, 19, 24], "neighbors": [12, 1, 31, 17, 25, 19, 0, 8, 2, 34, 22, 5, 13, 26, 32, 21, 27, 7, 29, 14, 16, 24, 9, 18, 6, 15, 11, 20]}, {"capacity": 693, "impossibleCargos": [10, 14, 18, 22, 24], "neighbors": [30, 6, 16, 15, 18, 34, 33, 20, 32, 17, 26, 24, 13, 14, 10, 21, 0, 8, 23, 2, 3, 12, 11, 19]}, {"capacity": 407, "impossibleCargos": [2, 16, 29], "neighbors": [29, 24, 10, 11, 1, 21, 23, 25, 12, 3, 13, 33, 28, 0, 31, 4, 30, 34, 5, 8, 17, 14, 16, 20, 2, 18]}, {"capacity": 595, "impossibleCargos": [1, 7, 13, 25, 26], "neighbors": [13, 9, 3, 14, 22, 32, 34, 12, 31, 29, 11, 1, 24, 0, 28, 25, 18, 5, 19, 27, 4, 2, 21, 15]}, {"capacity": 912, "impossibleCargos": [3, 5, 10, 12, 13, 14, 20, 28], "neighbors": [24, 5, 19, 26, 11, 9, 31, 33, 18, 30, 21, 17, 7, 1, 32, 29, 10, 23, 2, 4, 0, 28, 6, 14, 20, 25]}]}