{"volumes": [966, 2140, 356, 0, 0, 1351, 1625, 0, 288, 1404, 537, 518, 0, 507, 503, 1038, 848, 0, 905, 898, 1691, 2443, 0, 963, 0, 0, 1045, 0, 1050, 1104], "conflicts": [[0, 4], [0, 7], [0, 11], [0, 19], [0, 22], [0, 24], [0, 25], [0, 27], [1, 4], [1, 7], [1, 22], [1, 24], [2, 4], [2, 7], [2, 12], [2, 13], [2, 19], [2, 22], [2, 25], [2, 27], [3, 5], [3, 6], [3, 7], [3, 8], [3, 9], [3, 10], [3, 11], [3, 13], [3, 14], [3, 16], [3, 17], [3, 20], [3, 21], [3, 23], [3, 24], [3, 28], [4, 5], [4, 10], [4, 13], [4, 14], [4, 18], [4, 19], [4, 20], [4, 23], [4, 26], [4, 28], [4, 29], [5, 7], [5, 12], [5, 17], [5, 22], [5, 24], [5, 25], [6, 12], [6, 17], [6, 22], [6, 27], [7, 8], [7, 9], [7, 10], [7, 11], [7, 12], [7, 13], [7, 14], [7, 18], [7, 20], [7, 22], [7, 24], [7, 26], [8, 12], [8, 17], [8, 19], [8, 24], [8, 27], [9, 22], [9, 24], [10, 11], [10, 16], [10, 17], [10, 22], [10, 23], [11, 12], [11, 23], [11, 25], [12, 20], [12, 22], [12, 24], [12, 25], [12, 26], [12, 27], [12, 28], [12, 29], [13, 27], [14, 17], [14, 25], [15, 17], [15, 22], [15, 24], [15, 27], [16, 24], [16, 25], [17, 18], [17, 20], [17, 21], [17, 23], [17, 26], [17, 27], [18, 27], [19, 22], [19, 24], [19, 25], [19, 27], [20, 25], [20, 27], [21, 25], [21, 27], [22, 26], [22, 28], [23, 24], [23, 25], [23, 27], [24, 25], [24, 26], [24, 27], [24, 29], [25, 27], [25, 29], [27, 28], [27, 29]], "tanks": [{"capacity": 298, "impossibleCargos": [3, 12, 14, 18, 22, 27], "neighbors": [2, 19, 11, 31, 7, 15, 1, 18, 34, 5, 16, 6, 3, 4, 22, 28, 10, 13, 26, 17, 21, 33, 30, 24]}, {"capacity": 700, "impossibleCargos": [0, 3, 8, 10, 13, 28], "neighbors": [6, 21, 27, 0, 25, 16, 2, 30, 33, 34, 8, 13, 9, 7, 32, 12, 3, 11, 14, 17, 28, 31, 29]}, {"capacity": 929, "impossibleCargos": [1, 5, 8, 9, 28, 29], "neighbors": [0, 16, 10, 33, 18, 11, 15, 14, 27, 21, 13, 5, 1, 12, 22, 31, 24, 8, 30, 28, 25, 17, 9]}, {"capacity": 986, "impossibleCargos": [1, 6, 7, 14, 20, 26], "neighbors": [33, 12, 4, 23, 25, 0, 11, 14, 6, 28, 5, 10, 24, 21, 17, 16, 31, 34, 1, 27, 19, 9, 29, 13, 22, 15]}, {"capacity": 377, "impossibleCargos": [9, 21, 26, 27, 28, 29], "neighbors": [3, 19, 17, 9, 28, 0, 33, 23, 34, 14, 18, 24, 27, 31, 6, 11, 8, 16, 15, 22, 13]}, {"capacity": 886, "impossibleCargos": [2, 7, 12, 23, 25], "neighbors": [6, 22, 15, 11, 18, 30, 25, 0, 8, 31, 2, 14, 23, 3, 16, 20, 7, 9, 26, 21, 24, 10, 27, 19]}, {"capacity": 628, "impossibleCargos": [0, 5, 15, 20, 21, 28], "neighbors": [29, 23, 5, 16, 1, 21, 9, 14, 8, 7, 27, 0, 3, 12, 20, 24, 19, 17, 32, 4, 33, 26, 22, 10, 25, 13, 30, 11]}, {"capacity": 539, "impossibleCargos": [0, 12, 13, 14, 15, 18, 20, 24], "neighbors": [28, 31, 21, 0, 13, 29, 12, 16, 23, 27, 6, 18, 10, 19, 24, 22, 1, 26, 5, 20, 33, 25, 17, 14]}, {"capacity": 986, "impossibleCargos": [3, 5, 6, 10, 11, 15, 17, 19, 20, 21, 24, 26, 27], "neighbors": [25, 27, 34, 26, 14, 5, 6, 22, 31, 24, 10, 9, 29, 21, 15, 1, 2, 13, 18, 4, 17, 12, 32, 11, 23, 28, 33]}, {"capacity": 598, "impossibleCargos": [3, 5, 8, 12, 17, 19, 25, 27], "neighbors": [28, 31, 6, 34, 4, 15, 20, 8, 16, 30, 27, 13, 1, 17, 21, 12, 5, 33, 3, 32, 25, 11, 22, 10, 2]}, {"capacity": 827, "impossibleCargos": [10, 11, 13, 14, 16, 20, 22, 23, 26], "neighbors": [2, 21, 29, 16, 30, 22, 23, 32, 7, 24, 8, 19, 20, 27, 17, 25, 13, 12, 15, 3, 0, 26, 6, 34, 5, 9]}, {"capacity": 757, "impossibleCargos": [7, 12, 18, 19, 28, 29], "neighbors": [0, 33, 2, 13, 5, 27, 22, 26, 15, 3, 29, 32, 24, 16, 21, 17, 23, 4, 28, 34, 12, 1, 30, 20, 31, 25, 9, 8, 6]}, {"capacity": 531, "impossibleCargos": [2, 3, 6, 8, 10, 13, 16, 18, 21], "neighbors": [22, 19, 27, 3, 7, 16, 21, 25, 26, 29, 34, 15, 2, 30, 6, 14, 10, 32, 28, 9, 11, 1, 8, 18]}, {"capacity": 816, "impossibleCargos": [11, 17, 21, 25, 28, 29], "neighbors": [14, 20, 11, 7, 26, 27, 2, 22, 32, 18, 10, 1, 28, 9, 29, 15, 31, 0, 8, 21, 30, 4, 6, 23, 3, 25]}, {"capacity": 888, "impossibleCargos": [4, 6, 7, 16, 25, 28], "neighbors": [13, 27, 2, 15, 29, 6, 19, 8, 26, 17, 3, 5, 20, 21, 33, 4, 25, 12, 30, 34, 16, 28, 24, 22, 1, 7]}, {"capacity": 635, "impossibleCargos": [5, 6, 7, 10, 11, 19, 27], "neighbors": [22, 19, 30, 2, 5, 0, 29, 14, 11, 24, 34, 9, 12, 17, 25, 33, 20, 27, 8, 10, 13, 4, 18, 31, 28, 16, 3]}, {"capacity": 790, "impossibleCargos": [4, 5, 8, 10, 18], "neighbors": [2, 6, 10, 1, 12, 7, 31, 0, 26, 9, 34, 11, 17, 28, 24, 33, 5, 18, 27, 4, 3, 32, 14, 23, 22, 30, 15]}, {"capacity": 702, "impossibleCargos": [4, 11, 24, 28, 29], "neighbors": [27, 32, 22, 4, 19, 20, 25, 14, 23, 15, 24, 10, 34, 16, 11, 6, 28, 26, 9, 3, 31, 8, 7, 0, 1, 18, 2, 30]}, {"capacity": 465, "impossibleCargos": [1, 2, 3, 6, 11, 15, 22, 23, 24, 27], "neighbors": [19, 2, 22, 5, 29, 0, 7, 30, 20, 21, 27, 13, 4, 26, 16, 23, 33, 34, 8, 24, 15, 31, 12, 17]}, {"capacity": 769, "impossibleCargos": [2, 4, 7, 11, 13, 14, 15, 16, 17, 18, 22, 29], "neighbors": [12, 23, 0, 15, 18, 34, 22, 25, 24, 4, 17, 14, 10, 7, 28, 6, 32, 20, 27, 26, 3, 29, 31, 5]}, {"capacity": 909, "impossibleCargos": [10, 22, 25], "neighbors": [27, 13, 32, 17, 21, 9, 14, 18, 33, 6, 10, 15, 19, 28, 5, 7, 31, 22, 23, 11, 29, 26, 34]}, {"capacity": 772, "impossibleCargos": [1, 5, 10, 14, 19, 20, 27, 28], "neighbors": [32, 10, 7, 6, 1, 12, 2, 20, 27, 34, 14, 18, 24, 29, 8, 33, 11, 3, 9, 13, 0, 5, 23]}, {"capacity": 887, "impossibleCargos": [3, 5, 11, 12, 15, 27], "neighbors": [15, 12, 5, 19, 27, 18, 17, 10, 29, 11, 32, 13, 8, 23, 2, 0, 26, 31, 33, 7, 6, 20, 4, 16, 14, 25, 28, 9, 3, 30]}, {"capacity": 961, "impossibleCargos": [0, 1, 2, 7, 9, 14, 16, 20, 23, 24], "neighbors": [24, 19, 6, 3, 30, 7, 10, 31, 26, 17, 5, 4, 22, 11, 18, 32, 34, 16, 20, 13, 29, 25, 8, 21]}, {"capacity": 336, "impossibleCargos": [4, 5, 7, 14, 18, 29], "neighbors": [23, 19, 27, 34, 15, 25, 10, 8, 11, 6, 17, 21, 4, 2, 16, 7, 29, 30, 33, 3, 18, 32, 14, 5, 26, 0]}, {"capacity": 497, "impossibleCargos": [1, 2, 10, 19], "neighbors": [8, 19, 1, 31, 5, 12, 3, 17, 24, 30, 26, 15, 32, 14, 10, 28, 33, 27, 29, 7, 6, 9, 2, 11, 22, 13, 23, 34]}, {"capacity": 541, "impossibleCargos": [0, 1, 2, 4, 17, 20, 22], "neighbors": [30, 13, 8, 11, 12, 14, 23, 16, 29, 32, 25, 31, 22, 18, 17, 7, 27, 10, 6, 28, 0, 19, 5, 20, 24]}, {"capacity": 526, "impossibleCargos": [1, 4, 5, 8, 13, 17, 18, 19, 20, 21], "neighbors": [30, 20, 17, 12, 24, 14, 8, 22, 2, 1, 11, 34, 7, 13, 6, 21, 10, 18, 4, 9, 15, 31, 26, 29, 25, 16, 19, 33, 3, 5]}, {"capacity": 428, "impossibleCargos": [0, 2, 7, 11, 17, 20, 21, 25, 26, 29], "neighbors": [7, 34, 9, 32, 4, 19, 3, 0, 30, 16, 13, 17, 25, 20, 12, 11, 26, 33, 14, 2, 15, 31, 22, 1, 8]}, {"capacity": 994, "impossibleCargos": [0, 11, 12, 19, 21, 22, 25, 26, 27], "neighbors": [6, 10, 7, 18, 15, 14, 22, 12, 30, 31, 26, 11, 8, 21, 34, 24, 13, 27, 25, 19, 33, 32, 20, 3, 23, 1]}, {"capacity": 540, "impossibleCargos": [0, 8, 9, 13, 16, 19, 20, 22], "neighbors": [27, 26, 15, 32, 10, 5, 23, 29, 25, 18, 12, 1, 9, 28, 24, 2, 14, 34, 11, 13, 16, 0, 6, 17, 22]}, {"capacity": 342, "impossibleCargos": [2, 5, 7, 9, 11, 14, 20, 23, 26, 27], "neighbors": [7, 33, 0, 9, 25, 16, 32, 5, 23, 29, 8, 26, 2, 22, 4, 27, 13, 20, 17, 3, 18, 15, 34, 11, 28, 19, 1]}, {"capacity": 969, "impossibleCargos": [9, 10, 12, 13, 16, 18, 21], "neighbors": [21, 30, 17, 20, 28, 31, 22, 10, 11, 26, 13, 25, 19, 6, 12, 23, 1, 33, 16, 24, 9, 8, 29]}, {"capacity": 656, "impossibleCargos": [2, 16, 20, 24, 28], "neighbors": [2, 11, 3, 31, 4, 20, 14, 15, 1, 34, 21, 22, 16, 25, 24, 6, 18, 7, 32, 28, 27, 9, 0, 29, 8]}, {"capacity": 580, "impossibleCargos": [0, 2, 4, 6, 13, 16, 18, 21, 23, 28], "neighbors": [28, 19, 24, 8, 27, 9, 0, 15, 12, 21, 16, 4, 17, 29, 33, 1, 11, 18, 23, 30, 14, 3, 10, 31, 20, 25]}]}