{"volumes": [803, 0, 0, 1534, 0, 252, 398, 497, 925, 1401, 0, 1090, 691, 0, 336, 1320, 114, 537, 0, 0, 0, 378, 947, 364, 0, 114, 647, 809, 379, 0], "conflicts": [[0, 1], [0, 2], [0, 6], [0, 10], [0, 13], [0, 16], [0, 19], [0, 25], [0, 27], [0, 28], [1, 3], [1, 15], [1, 19], [1, 21], [1, 25], [2, 17], [2, 22], [3, 24], [4, 6], [4, 10], [4, 12], [4, 13], [4, 14], [4, 15], [4, 19], [4, 23], [5, 6], [5, 18], [5, 23], [5, 26], [5, 28], [5, 29], [6, 9], [6, 13], [6, 26], [7, 18], [8, 13], [8, 20], [8, 25], [9, 10], [9, 11], [9, 18], [10, 14], [10, 16], [10, 17], [10, 19], [11, 16], [11, 23], [12, 16], [12, 26], [13, 18], [13, 21], [13, 25], [13, 26], [14, 15], [14, 20], [14, 22], [14, 26], [15, 29], [16, 20], [16, 23], [16, 24], [16, 26], [17, 18], [17, 24], [18, 26], [19, 21], [19, 24], [19, 28], [20, 21], [20, 23], [20, 29], [21, 23], [21, 24], [21, 25], [22, 29], [23, 28], [23, 29], [24, 26], [24, 27], [25, 29], [26, 27], [27, 28]], "tanks": [{"capacity": 569, "impossibleCargos": [0, 1, 3, 4, 9, 11, 12, 13, 14, 16, 23, 25], "neighbors": [31, 30, 20, 11]}, {"capacity": 728, "impossibleCargos": [2, 4, 6, 9, 10, 11, 13, 14, 15, 18, 19, 20, 22, 27], "neighbors": [30, 20, 12, 25, 19, 17, 6]}, {"capacity": 408, "impossibleCargos": [0, 1, 5, 7, 9, 11, 12, 14, 15, 18, 20, 28], "neighbors": [15, 24, 10, 17, 18, 22, 32, 34, 7, 5]}, {"capacity": 292, "impossibleCargos": [2, 5, 7, 9, 11, 12, 13, 16, 17, 21, 23, 24, 26, 28, 29], "neighbors": [29, 5, 25, 6, 30, 22]}, {"capacity": 219, "impossibleCargos": [0, 1, 6, 10, 12, 13, 14, 16, 18, 21, 25], "neighbors": [31, 6, 30, 25, 32, 7, 26, 16, 13]}, {"capacity": 210, "impossibleCargos": [2, 3, 4, 6, 8, 11, 13, 14, 19, 20, 21, 22, 23], "neighbors": [20, 17, 25, 26, 3, 27, 6, 15, 28, 2, 21]}, {"capacity": 211, "impossibleCargos": [1, 7, 8, 9, 13, 14, 15, 16, 20, 22, 23, 26, 27, 28], "neighbors": [4, 3, 28, 14, 7, 31, 10, 5, 1, 20]}, {"capacity": 416, "impossibleCargos": [1, 2, 3, 4, 5, 8, 9, 10, 12, 14, 16, 17, 21, 22, 25], "neighbors": [9, 28, 34, 4, 6, 10, 19, 2]}, {"capacity": 633, "impossibleCargos": [1, 2, 4, 5, 7, 8, 9, 12, 15, 16, 20, 24, 26, 28, 29], "neighbors": [27, 10, 16, 17, 28]}, {"capacity": 622, "impossibleCargos": [1, 6, 9, 10, 11, 12, 13, 15, 19, 22, 24, 25], "neighbors": [25, 7, 31, 20, 26, 11, 23, 28]}, {"capacity": 224, "impossibleCargos": [1, 2, 3, 5, 7, 9, 10, 13, 14, 18, 19, 23, 24, 25, 26, 27, 28, 29], "neighbors": [31, 2, 8, 21, 19, 6, 16, 7, 23]}, {"capacity": 741, "impossibleCargos": [0, 1, 3, 4, 7, 8, 9, 11, 14, 17, 18, 23, 25, 26, 27, 29], "neighbors": [32, 20, 30, 21, 9, 15, 33, 14, 0]}, {"capacity": 776, "impossibleCargos": [1, 3, 8, 10, 11, 13, 16, 17, 22, 25, 26, 28], "neighbors": [26, 19, 16, 1, 17, 21]}, {"capacity": 243, "impossibleCargos": [0, 2, 3, 7, 13, 18, 20, 21, 22, 24, 25, 26, 28], "neighbors": [27, 28, 4, 17]}, {"capacity": 995, "impossibleCargos": [2, 3, 4, 6, 7, 9, 11, 15, 16, 17, 18, 19, 21, 22, 25, 28, 29], "neighbors": [15, 27, 6, 31, 30, 17, 11, 34]}, {"capacity": 928, "impossibleCargos": [1, 3, 5, 6, 8, 9, 14, 17, 19, 22, 23, 24, 27], "neighbors": [2, 28, 16, 14, 11, 5, 32]}, {"capacity": 490, "impossibleCargos": [0, 2, 5, 9, 11, 12, 15, 17, 19, 21, 23, 25, 26, 27], "neighbors": [19, 31, 15, 33, 20, 8, 12, 4, 10, 24]}, {"capacity": 634, "impossibleCargos": [2, 7, 8, 10, 11, 12, 13, 15, 18, 20, 21, 22, 24, 26, 27, 28], "neighbors": [20, 5, 27, 18, 2, 28, 1, 21, 12, 14, 8, 13]}, {"capacity": 967, "impossibleCargos": [0, 1, 2, 4, 6, 10, 12, 14, 15, 17, 22, 23, 26, 28, 29], "neighbors": [17, 21, 2, 24, 25, 28, 23]}, {"capacity": 481, "impossibleCargos": [0, 2, 6, 7, 9, 10, 11, 14, 15, 19, 20, 22, 23, 25, 26, 28], "neighbors": [16, 12, 22, 31, 10, 1, 28, 34, 7]}, {"capacity": 402, "impossibleCargos": [0, 2, 5, 7, 8, 10, 14, 16, 18, 24, 26, 28, 29], "neighbors": [5, 11, 17, 16, 9, 21, 1, 0, 6]}, {"capacity": 404, "impossibleCargos": [2, 4, 7, 8, 12, 13, 17, 18, 19, 22, 24, 25, 28, 29], "neighbors": [24, 10, 20, 18, 11, 17, 12, 28, 22, 5]}, {"capacity": 685, "impossibleCargos": [0, 1, 2, 4, 5, 6, 7, 9, 11, 12, 13, 14, 16, 18, 19, 20, 21, 22, 23, 24, 27, 28], "neighbors": [23, 26, 19, 27, 30, 29, 34, 2, 24, 21, 3]}, {"capacity": 408, "impossibleCargos": [2, 10, 14, 15, 16, 20, 22, 23, 25, 28, 29], "neighbors": [22, 27, 33, 9, 18, 24, 34, 10, 28]}, {"capacity": 587, "impossibleCargos": [2, 6, 10, 13, 15, 16, 20, 21, 23, 24, 29], "neighbors": [2, 21, 33, 18, 23, 22, 16]}, {"capacity": 300, "impossibleCargos": [0, 1, 2, 3, 4, 5, 6, 7, 8, 9, 12, 13, 14, 17, 20, 21, 24, 26, 27, 29], "neighbors": [9, 26, 5, 33, 3, 4, 1, 18, 28]}, {"capacity": 746, "impossibleCargos": [3, 9, 10, 13, 14, 16, 19, 24, 27, 29], "neighbors": [12, 25, 30, 5, 22, 9, 4]}, {"capacity": 231, "impossibleCargos": [1, 10, 14, 16, 20, 21, 22, 27, 28], "neighbors": [8, 34, 17, 31, 23, 30, 13, 22, 14, 33, 5, 28]}, {"capacity": 639, "impossibleCargos": [5, 7, 8, 10, 12, 14, 15, 18, 19, 21, 22, 23, 24, 26], "neighbors": [15, 7, 34, 6, 13, 17, 19, 18, 31, 9, 25, 21, 5, 8, 27, 23]}, {"capacity": 914, "impossibleCargos": [0, 1, 2, 6, 7, 8, 13, 16, 18, 23, 26, 28, 29], "neighbors": [3, 30, 22]}, {"capacity": 799, "impossibleCargos": [0, 1, 3, 4, 5, 9, 10, 12, 13, 14, 16, 24, 26, 29], "neighbors": [11, 1, 26, 33, 27, 0, 4, 22, 29, 31, 14, 3, 32]}, {"capacity": 538, "impossibleCargos": [0, 1, 4, 5, 6, 13, 15, 17, 18, 19, 22, 23, 24, 29], "neighbors": [16, 10, 0, 27, 9, 4, 19, 30, 14, 6, 28]}, {"capacity": 900, "impossibleCargos": [1, 2, 3, 4, 8, 9, 13, 17, 22], "neighbors": [11, 4, 2, 15, 30]}, {"capacity": 744, "impossibleCargos": [2, 4, 7, 10, 11, 14, 15, 17, 18, 19, 22, 25, 27, 28, 29], "neighbors": [16, 30, 24, 23, 25, 27, 11]}, {"capacity": 645, "impossibleCargos": [2, 8, 9, 10, 14, 19, 20, 21, 24, 26, 29], "neighbors": [27, 28, 7, 22, 2, 19, 14, 23]}]}