{"volumes": [1547, 0, 703, 0, 597, 113, 0, 401, 345, 1121, 606, 0, 0, 0, 436, 587, 726, 0, 760, 0, 565, 1299, 1132, 0, 249, 483, 667, 852, 1055, 1296], "conflicts": [[0, 1], [0, 3], [0, 13], [0, 15], [0, 17], [0, 20], [0, 23], [0, 25], [0, 28], [1, 6], [1, 7], [1, 10], [1, 11], [1, 12], [1, 13], [1, 14], [1, 15], [1, 17], [1, 18], [1, 19], [1, 25], [1, 28], [1, 29], [2, 3], [2, 9], [2, 11], [2, 12], [2, 15], [2, 17], [2, 18], [2, 23], [2, 24], [2, 26], [3, 4], [3, 6], [3, 7], [3, 8], [3, 11], [3, 13], [3, 17], [3, 20], [3, 21], [3, 23], [3, 24], [3, 26], [4, 8], [4, 11], [4, 12], [4, 13], [4, 17], [4, 19], [4, 23], [4, 25], [5, 6], [5, 7], [5, 15], [5, 29], [6, 10], [6, 11], [6, 15], [6, 20], [6, 26], [6, 27], [7, 13], [7, 14], [7, 17], [7, 19], [7, 23], [7, 27], [8, 11], [8, 15], [8, 16], [8, 18], [8, 23], [9, 12], [9, 20], [9, 23], [10, 11], [10, 13], [10, 16], [10, 18], [10, 23], [10, 24], [10, 27], [11, 12], [11, 14], [11, 17], [11, 18], [11, 19], [11, 20], [11, 23], [11, 24], [11, 27], [12, 14], [12, 15], [12, 16], [12, 17], [12, 19], [12, 21], [12, 23], [12, 24], [12, 26], [12, 27], [12, 28], [12, 29], [13, 14], [13, 15], [13, 16], [13, 18], [13, 21], [13, 23], [13, 25], [13, 26], [13, 29], [14, 15], [14, 19], [14, 20], [14, 22], [14, 23], [14, 24], [14, 26], [14, 29], [15, 24], [15, 25], [15, 27], [16, 19], [16, 23], [16, 24], [16, 25], [16, 27], [16, 28], [17, 24], [17, 25], [17, 28], [17, 29], [18, 20], [18, 23], [18, 29], [19, 20], [19, 21], [19, 23], [19, 24], [19, 27], [20, 21], [20, 22], [20, 23], [20, 24], [20, 27], [21, 23], [22, 23], [22, 24], [23, 24], [23, 25], [23, 26], [23, 28], [24, 26], [24, 28], [25, 26]], "tanks": [{"capacity": 687, "impossibleCargos": [2, 4, 10, 14, 16, 19, 20, 23, 24, 28], "neighbors": [25, 34, 1, 20, 22, 9, 2, 26, 7, 32, 6, 31, 24]}, {"capacity": 709, "impossibleCargos": [0, 3, 8, 10, 13, 14, 19, 20, 21, 22, 24, 25, 26, 28], "neighbors": [3, 25, 30, 22, 6, 33, 0, 7, 11, 18]}, {"capacity": 354, "impossibleCargos": [0, 1, 4, 6, 7, 9, 12, 15, 16, 19, 20, 24, 25, 27, 28, 29], "neighbors": [19, 28, 30, 5, 15, 9, 18, 17, 0]}, {"capacity": 585, "impossibleCargos": [0, 1, 4, 5, 6, 7, 8, 9, 14, 15, 16, 18, 19, 22, 26, 27, 29], "neighbors": [1, 18, 9, 34, 28]}, {"capacity": 968, "impossibleCargos": [0, 3, 4, 5, 6, 9, 10, 11, 17, 18, 23, 25, 27, 28], "neighbors": [26, 22, 28, 13, 24, 7, 31, 11, 5]}, {"capacity": 823, "impossibleCargos": [1, 2, 4, 5, 6, 7, 11, 12, 14, 16, 17, 18, 19, 20, 24, 25, 26, 29], "neighbors": [6, 8, 27, 2, 31, 32, 15, 21, 20, 26, 4]}, {"capacity": 329, "impossibleCargos": [0, 2, 5, 6, 9, 12, 13, 14, 19, 20, 24, 28], "neighbors": [5, 14, 21, 17, 7, 1, 16, 12, 0]}, {"capacity": 529, "impossibleCargos": [1, 7, 9, 10, 12, 13, 14, 16, 17, 18, 21, 22, 23, 26, 27, 29], "neighbors": [24, 32, 13, 33, 6, 15, 4, 19, 34, 1, 18, 27, 0]}, {"capacity": 533, "impossibleCargos": [1, 2, 5, 7, 10, 11, 12, 13, 15, 16, 19, 20, 21, 25, 26], "neighbors": [9, 28, 5, 19, 18]}, {"capacity": 596, "impossibleCargos": [0, 3, 4, 8, 11, 13, 15, 17, 19, 22, 23, 27, 29], "neighbors": [8, 13, 33, 30, 2, 12, 0, 17, 3, 32]}, {"capacity": 624, "impossibleCargos": [1, 6, 9, 10, 11, 14, 18, 19, 20, 21, 22, 25, 26, 27, 28, 29], "neighbors": [17, 19, 21, 31, 23, 15]}, {"capacity": 765, "impossibleCargos": [0, 1, 2, 12, 13, 15, 16, 18, 20, 25, 26, 27, 29], "neighbors": [31, 34, 13, 26, 4, 19, 30, 1, 28, 14]}, {"capacity": 613, "impossibleCargos": [0, 1, 5, 11, 12, 13, 16, 17, 20, 23, 24, 26, 28, 29], "neighbors": [34, 19, 28, 13, 30, 22, 6, 9, 27]}, {"capacity": 653, "impossibleCargos": [0, 5, 6, 7, 8, 9, 10, 12, 13, 16, 17, 19, 20, 22, 24, 26, 27, 28], "neighbors": [9, 4, 7, 12, 17, 11, 34]}, {"capacity": 252, "impossibleCargos": [1, 3, 4, 6, 8, 12, 13, 14, 16, 18, 19, 20, 21, 22, 23, 24, 27, 29], "neighbors": [6, 31, 17, 22, 29, 11]}, {"capacity": 201, "impossibleCargos": [0, 1, 2, 3, 6, 7, 8, 10, 12, 14, 15, 19, 22, 24, 25, 26, 27], "neighbors": [24, 18, 7, 2, 5, 22, 10]}, {"capacity": 500, "impossibleCargos": [5, 8, 12, 14, 15, 16, 19, 20, 21, 22, 23, 26, 27, 29], "neighbors": [31, 6, 28]}, {"capacity": 224, "impossibleCargos": [1, 2, 10, 15, 19, 20, 23, 26, 28, 29], "neighbors": [10, 18, 30, 19, 6, 14, 34, 13, 26, 23, 2, 9]}, {"capacity": 443, "impossibleCargos": [1, 2, 4, 5, 6, 8, 9, 11, 14, 15, 17, 20, 21, 24, 25, 29], "neighbors": [15, 17, 3, 30, 33, 7, 2, 8, 32, 1]}, {"capacity": 816, "impossibleCargos": [0, 1, 2, 5, 7, 10, 11, 12, 13, 14, 15, 17, 18, 22, 25, 27], "neighbors": [12, 2, 10, 28, 17, 31, 7, 27, 8, 20, 11]}, {"capacity": 588, "impossibleCargos": [0, 4, 7, 10, 16, 20, 21, 22, 26], "neighbors": [32, 0, 19, 5, 26]}, {"capacity": 882, "impossibleCargos": [2, 3, 4, 6, 9, 12, 14, 17, 19, 21, 23, 24, 28], "neighbors": [27, 6, 33, 10, 5, 31, 23, 26]}, {"capacity": 965, "impossibleCargos": [1, 3, 5, 6, 7, 8, 9, 11, 13, 16, 18, 19, 20, 21, 25, 29], "neighbors": [4, 33, 1, 14, 24, 12, 0, 34, 15]}, {"capacity": 392, "impossibleCargos": [0, 1, 2, 5, 8, 9, 11, 12, 14, 16, 18, 19, 21, 22, 29], "neighbors": [29, 26, 27, 17, 21, 10]}, {"capacity": 606, "impossibleCargos": [0, 4, 5, 6, 7, 15, 16, 18, 22, 23, 24, 27, 28], "neighbors": [15, 31, 7, 4, 22, 0]}, {"capacity": 504, "impossibleCargos": [1, 4, 6, 9, 11, 12, 16, 17, 18, 27], "neighbors": [27, 29, 1, 0, 32]}, {"capacity": 729, "impossibleCargos": [1, 2, 3, 5, 6, 7, 8, 10, 11, 15, 22, 23, 25, 26, 27, 28], "neighbors": [4, 23, 11, 28, 17, 0, 30, 5, 20, 21]}, {"capacity": 924, "impossibleCargos": [1, 3, 5, 8, 14, 15, 16, 18, 19, 20, 21, 22, 25, 26, 29], "neighbors": [21, 25, 23, 19, 5, 7, 31, 28, 12]}, {"capacity": 467, "impossibleCargos": [2, 3, 9, 10, 11, 13, 14, 16, 17, 18, 20, 23, 25, 26, 27, 28], "neighbors": [12, 4, 19, 34, 8, 30, 2, 29, 26, 27, 16, 11, 3]}, {"capacity": 495, "impossibleCargos": [0, 3, 4, 5, 7, 9, 10, 11, 13, 15, 17, 24, 26, 28], "neighbors": [25, 23, 28, 14]}, {"capacity": 599, "impossibleCargos": [0, 1, 2, 6, 9, 10, 12, 16, 17, 20, 21, 22, 25, 26, 29], "neighbors": [34, 17, 1, 28, 18, 12, 2, 9, 26, 11]}, {"capacity": 742, "impossibleCargos": [2, 3, 5, 6, 7, 9, 11, 13, 16, 17, 18, 19, 20, 21, 22, 24, 25, 27, 28], "neighbors": [24, 11, 19, 14, 4, 16, 5, 21, 10, 27, 0, 34]}, {"capacity": 209, "impossibleCargos": [2, 4, 5, 6, 8, 9, 13, 15, 17, 18, 19, 23, 24, 26, 27, 29], "neighbors": [7, 20, 5, 0, 9, 25, 18]}, {"capacity": 905, "impossibleCargos": [0, 1, 3, 9, 13, 15, 16, 22, 23, 24, 25, 27, 29], "neighbors": [22, 9, 7, 21, 18, 1]}, {"capacity": 770, "impossibleCargos": [0, 3, 4, 5, 7, 8, 9, 11, 13, 14, 17, 21, 22, 26, 27, 28], "neighbors": [12, 30, 11, 28, 0, 7, 17, 22, 3, 13, 31]}]}