{"volumes": [0, 0, 1306, 267, 168, 0, 221, 263, 557, 1895, 1023, 435, 0, 482, 395, 669, 1193, 0, 817, 1263, 161, 349, 0, 316, 499, 738, 525, 504, 1192, 223], "conflicts": [[0, 1], [0, 2], [0, 5], [0, 6], [0, 7], [0, 8], [0, 9], [0, 12], [0, 14], [0, 17], [0, 21], [0, 23], [0, 26], [1, 2], [1, 3], [1, 5], [1, 6], [1, 8], [1, 9], [1, 11], [1, 12], [1, 14], [1, 15], [1, 16], [1, 18], [1, 21], [1, 25], [1, 26], [1, 28], [1, 29], [2, 9], [2, 10], [2, 15], [2, 17], [2, 19], [2, 22], [3, 5], [3, 11], [3, 12], [3, 13], [3, 15], [3, 16], [3, 18], [3, 19], [3, 25], [3, 27], [3, 28], [3, 29], [4, 6], [4, 7], [4, 8], [4, 10], [4, 11], [4, 12], [4, 13], [4, 16], [4, 17], [4, 18], [4, 19], [4, 20], [4, 21], [4, 22], [4, 25], [4, 26], [4, 27], [4, 29], [5, 6], [5, 9], [5, 10], [5, 12], [5, 13], [5, 14], [5, 16], [5, 20], [5, 22], [5, 24], [5, 26], [5, 27], [5, 28], [6, 10], [6, 13], [6, 14], [6, 15], [6, 19], [6, 21], [6, 22], [6, 24], [6, 27], [6, 28], [7, 10], [7, 11], [7, 12], [7, 13], [7, 14], [7, 17], [7, 18], [7, 20], [7, 22], [7, 25], [7, 29], [8, 11], [8, 13], [8, 14], [8, 17], [8, 18], [8, 26], [9, 12], [9, 17], [10, 11], [10, 12], [10, 15], [10, 17], [10, 22], [10, 23], [10, 26], [10, 29], [11, 12], [11, 13], [11, 15], [11, 21], [11, 25], [11, 29], [12, 14], [12, 15], [12, 16], [12, 17], [12, 19], [12, 20], [12, 21], [12, 22], [12, 23], [12, 24], [12, 26], [12, 28], [13, 15], [13, 16], [13, 17], [13, 21], [13, 23], [13, 27], [13, 28], [13, 29], [14, 17], [14, 18], [14, 22], [14, 23], [14, 27], [14, 28], [14, 29], [15, 16], [15, 24], [15, 26], [16, 28], [17, 18], [17, 19], [17, 20], [17, 21], [17, 24], [17, 26], [17, 28], [18, 20], [18, 23], [18, 25], [18, 26], [19, 22], [19, 23], [19, 25], [20, 22], [20, 29], [21, 22], [21, 24], [21, 25], [21, 28], [22, 23], [22, 24], [22, 26], [22, 27], [22, 28], [22, 29], [23, 26], [23, 29], [24, 27], [25, 28], [26, 27], [27, 29], [28, 29]], "tanks": [{"capacity": 336, "impossibleCargos": [1, 2, 4, 6, 11, 15, 16, 17, 21, 28], "neighbors": [31, 27, 8, 12, 7, 21, 5]}, {"capacity": 230, "impossibleCargos": [1, 2, 9, 10, 15, 16, 17, 18, 20, 23, 24, 25, 27, 28], "neighbors": [21, 31, 9, 22, 26, 4, 25, 23]}, {"capacity": 658, "impossibleCargos": [0, 1, 6, 7, 9, 14, 15, 16, 18, 19, 26, 27, 29], "neighbors": [16, 20, 17, 18, 30, 11, 24, 33]}, {"capacity": 297, "impossibleCargos": [0, 1, 2, 5, 6, 7, 8, 10, 13, 14, 18, 19, 20, 23, 25, 26, 28], "neighbors": [24, 23, 15, 33, 16, 10, 20, 21, 7, 11, 18, 4]}, {"capacity": 250, "impossibleCargos": [3, 5, 6, 8, 11, 18, 20, 22, 23, 24, 26, 27, 28, 29], "neighbors": [19, 31, 10, 1, 32, 9, 27, 3]}, {"capacity": 422, "impossibleCargos": [0, 1, 2, 4, 5, 7, 10, 17, 18, 22, 23, 29], "neighbors": [19, 9, 28, 8, 12, 27, 7, 15, 29, 0]}, {"capacity": 774, "impossibleCargos": [0, 6, 7, 8, 9, 10, 12, 13, 14, 16, 17, 18, 20, 22, 23, 24, 28, 29], "neighbors": [32, 33, 27, 26, 22, 34]}, {"capacity": 391, "impossibleCargos": [0, 1, 4, 7, 8, 12, 13, 16, 18, 19, 20, 21, 25, 26, 27], "neighbors": [13, 23, 12, 21, 17, 29, 28, 0, 11, 3, 5]}, {"capacity": 248, "impossibleCargos": [0, 1, 3, 6, 7, 10, 11, 12, 13, 14, 16, 19, 21, 22, 23, 27], "neighbors": [0, 25, 5, 9, 10, 18, 16]}, {"capacity": 938, "impossibleCargos": [0, 4, 5, 6, 12, 13, 15, 16, 17, 20, 23, 24, 25, 27, 29], "neighbors": [5, 34, 31, 24, 10, 1, 8, 32, 19, 4, 33]}, {"capacity": 474, "impossibleCargos": [2, 5, 6, 12, 13, 16, 20, 22, 23, 24, 26, 28], "neighbors": [12, 17, 28, 9, 3, 4, 11, 8, 20, 24]}, {"capacity": 871, "impossibleCargos": [3, 10, 13, 15, 16, 20, 24, 26, 27, 29], "neighbors": [25, 23, 20, 22, 10, 7, 13, 3, 2]}, {"capacity": 893, "impossibleCargos": [2, 5, 10, 13, 14, 19, 20, 21, 23, 25, 29], "neighbors": [15, 10, 23, 7, 5, 0, 20, 24, 22, 34, 25, 14]}, {"capacity": 965, "impossibleCargos": [1, 6, 7, 13, 16, 17, 18, 23, 26, 28, 29], "neighbors": [7, 29, 34, 22, 18, 11, 24]}, {"capacity": 813, "impossibleCargos": [0, 3, 4, 5, 8, 11, 13, 15, 17, 19, 23, 26, 27, 28, 29], "neighbors": [15, 33, 24, 27, 18, 28, 29, 12, 21]}, {"capacity": 700, "impossibleCargos": [1, 3, 5, 6, 8, 13, 14, 15, 16, 17, 18, 21, 22, 23, 24, 25], "neighbors": [14, 3, 12, 17, 24, 26, 5]}, {"capacity": 556, "impossibleCargos": [0, 4, 5, 6, 9, 11, 13, 15, 16, 17, 21, 22], "neighbors": [24, 3, 28, 2, 22, 29, 8, 32]}, {"capacity": 509, "impossibleCargos": [0, 2, 3, 5, 9, 12, 15, 16, 21, 23, 26], "neighbors": [10, 34, 15, 22, 28, 7, 2, 20]}, {"capacity": 439, "impossibleCargos": [0, 2, 6, 7, 9, 10, 13, 19, 20, 28], "neighbors": [24, 14, 31, 32, 2, 29, 13, 8, 3]}, {"capacity": 822, "impossibleCargos": [0, 1, 3, 4, 6, 8, 11, 12, 14, 15, 16, 17, 20, 25, 26, 27], "neighbors": [4, 23, 5, 33, 20, 9, 22, 24]}, {"capacity": 572, "impossibleCargos": [0, 1, 4, 5, 8, 11, 12, 13, 14, 15, 17, 24, 25, 26, 28], "neighbors": [22, 28, 11, 3, 12, 2, 32, 19, 10, 17]}, {"capacity": 347, "impossibleCargos": [0, 11, 12, 13, 14, 15, 19, 22, 23, 26, 27, 29], "neighbors": [1, 7, 3, 0, 14]}, {"capacity": 282, "impossibleCargos": [1, 2, 5, 7, 9, 11, 12, 13, 14, 17, 18, 24, 26, 28, 29], "neighbors": [29, 20, 17, 1, 11, 13, 12, 6, 33, 16, 31, 19]}, {"capacity": 787, "impossibleCargos": [0, 1, 3, 4, 5, 7, 10, 14, 19, 24, 25, 26, 27, 29], "neighbors": [3, 19, 12, 11, 7, 1, 34]}, {"capacity": 625, "impossibleCargos": [2, 3, 4, 5, 7, 11, 12, 13, 15, 16, 17, 18, 19, 22, 25, 26, 29], "neighbors": [3, 16, 14, 18, 29, 9, 33, 32, 15, 12, 27, 10, 2, 19, 13]}, {"capacity": 655, "impossibleCargos": [0, 3, 4, 6, 7, 8, 10, 11, 14, 15, 20, 21, 22, 23, 25, 27, 28], "neighbors": [11, 8, 1, 12, 29]}, {"capacity": 244, "impossibleCargos": [1, 2, 5, 12, 13, 14, 21, 22, 23, 24, 25, 28], "neighbors": [27, 6, 1, 15, 34, 29]}, {"capacity": 547, "impossibleCargos": [6, 7, 11, 15, 17, 18, 21, 24, 25, 26, 28, 29], "neighbors": [0, 6, 14, 26, 29, 24, 5, 4]}, {"capacity": 812, "impossibleCargos": [3, 4, 5, 6, 8, 10, 16, 17, 18, 21, 24, 26, 28, 29], "neighbors": [29, 10, 20, 5, 16, 17, 7, 14, 34]}, {"capacity": 932, "impossibleCargos": [2, 4, 5, 6, 9, 11, 14, 17, 20, 21, 24, 28], "neighbors": [22, 28, 13, 24, 27, 7, 18, 14, 16, 5, 25, 26]}, {"capacity": 235, "impossibleCargos": [0, 2, 7, 8, 9, 10, 12, 19, 21, 22, 24, 25, 26, 27, 29], "neighbors": [31, 2]}, {"capacity": 927, "impossibleCargos": [0, 3, 5, 8, 10, 11, 12, 14, 17, 18, 19, 20, 22, 24], "neighbors": [0, 4, 1, 9, 30, 18, 22]}, {"capacity": 554, "impossibleCargos": [0, 1, 4, 6, 8, 12, 13, 15, 18, 23, 24, 28, 29], "neighbors": [6, 24, 18, 20, 9, 4, 16]}, {"capacity": 568, "impossibleCargos": [0, 1, 5, 6, 7, 8, 11, 12, 18, 19, 20, 22, 23, 28], "neighbors": [6, 14, 3, 19, 24, 22, 2, 9]}, {"capacity": 268, "impossibleCargos": [1, 2, 4, 10, 12, 13, 14, 18, 19, 22, 25, 26, 27], "neighbors": [17, 9, 13, 26, 28, 12, 23, 6]}]}