{"volumes": [577, 0, 923, 0, 530, 242, 391, 529, 177, 1396, 700, 834, 1178, 616, 1359, 0, 0, 620, 0, 0, 659, 0, 764, 981, 651, 621, 1037, 1180, 0, 0], "conflicts": [[0, 2], [0, 3], [0, 9], [0, 10], [0, 13], [0, 15], [0, 16], [0, 19], [0, 21], [0, 22], [0, 23], [0, 24], [0, 25], [0, 28], [1, 2], [1, 3], [1, 4], [1, 5], [1, 6], [1, 8], [1, 9], [1, 10], [1, 11], [1, 12], [1, 13], [1, 14], [1, 16], [1, 17], [1, 19], [1, 20], [1, 21], [1, 22], [1, 23], [1, 24], [1, 25], [1, 27], [1, 28], [1, 29], [2, 3], [2, 4], [2, 6], [2, 8], [2, 9], [2, 10], [2, 13], [2, 14], [2, 15], [2, 16], [2, 18], [2, 20], [2, 21], [2, 24], [2, 26], [2, 29], [3, 5], [3, 7], [3, 8], [3, 9], [3, 10], [3, 12], [3, 13], [3, 14], [3, 15], [3, 16], [3, 17], [3, 18], [3, 19], [3, 20], [3, 21], [3, 22], [3, 23], [3, 25], [3, 27], [3, 28], [3, 29], [4, 8], [4, 9], [4, 11], [4, 12], [4, 13], [4, 15], [4, 16], [4, 18], [4, 19], [4, 20], [4, 23], [4, 24], [4, 28], [4, 29], [5, 8], [5, 9], [5, 10], [5, 12], [5, 15], [5, 18], [5, 19], [5, 21], [5, 25], [5, 28], [6, 8], [6, 9], [6, 12], [6, 15], [6, 16], [6, 18], [6, 19], [6, 20], [6, 21], [6, 28], [7, 8], [7, 13], [7, 16], [7, 17], [7, 18], [7, 19], [7, 20], [7, 21], [7, 24], [7, 27], [7, 28], [7, 29], [8, 12], [8, 14], [8, 19], [8, 20], [8, 21], [8, 23], [8, 24], [8, 25], [8, 28], [9, 13], [9, 15], [9, 16], [9, 17], [9, 18], [9, 19], [9, 21], [9, 22], [9, 25], [9, 27], [9, 28], [9, 29], [10, 15], [10, 16], [10, 21], [10, 24], [10, 26], [10, 28], [10, 29], [11, 13], [11, 15], [11, 16], [11, 18], [11, 19], [11, 21], [11, 22], [11, 25], [11, 27], [11, 28], [11, 29], [12, 15], [12, 16], [12, 17], [12, 18], [12, 19], [12, 21], [12, 23], [12, 25], [12, 29], [13, 16], [13, 18], [13, 19], [13, 21], [13, 22], [13, 27], [13, 29], [14, 15], [14, 16], [14, 18], [14, 19], [14, 22], [14, 24], [15, 18], [15, 20], [15, 21], [15, 25], [15, 27], [15, 28], [15, 29], [16, 18], [16, 19], [16, 20], [16, 21], [16, 22], [16, 23], [16, 24], [16, 25], [16, 26], [16, 27], [16, 28], [16, 29], [17, 18], [17, 22], [17, 23], [17, 27], [17, 28], [17, 29], [18, 20], [18, 21], [18, 22], [18, 25], [18, 26], [18, 29], [19, 20], [19, 21], [19, 22], [19, 23], [19, 24], [19, 25], [19, 26], [19, 27], [19, 28], [20, 21], [20, 22], [20, 24], [20, 27], [20, 28], [20, 29], [21, 22], [21, 23], [21, 25], [21, 26], [21, 28], [21, 29], [22, 25], [22, 27], [22, 28], [22, 29], [23, 24], [23, 28], [23, 29], [24, 26], [24, 27], [24, 28], [24, 29], [25, 28], [25, 29], [26, 28], [27, 28], [27, 29], [28, 29]], "tanks": [{"capacity": 462, "impossibleCargos": [0, 1, 2, 6, 7, 8, 10, 12, 14, 19, 21, 24, 25, 26, 28], "neighbors": [23, 19, 26, 25, 4, 14, 34, 8, 9]}, {"capacity": 274, "impossibleCargos": [2, 4, 5, 7, 9, 11, 12, 14, 15, 18, 19, 20, 22, 24, 25, 26, 27], "neighbors": [17, 14, 34, 11, 21]}, {"capacity": 202, "impossibleCargos": [1, 6, 7, 8, 9, 12, 13, 18, 19, 20, 21, 27, 28, 29], "neighbors": [8, 29, 3, 15, 6, 24, 4, 23, 20, 5]}, {"capacity": 981, "impossibleCargos": [0, 1, 4, 7, 8, 9, 10, 14, 16, 20, 22, 26, 27], "neighbors": [2, 32, 17, 8, 26, 22, 15, 33, 6, 29]}, {"capacity": 508, "impossibleCargos": [1, 3, 4, 5, 8, 10, 14, 17, 19, 21, 22, 23, 24, 27], "neighbors": [20, 13, 30, 7, 33, 0, 26, 2, 22, 12, 23, 5]}, {"capacity": 479, "impossibleCargos": [0, 1, 3, 6, 9, 12, 14, 15, 16, 17, 18, 21, 22, 25, 26], "neighbors": [2, 15, 31, 6, 4]}, {"capacity": 750, "impossibleCargos": [1, 2, 3, 6, 7, 9, 11, 12, 13, 15, 17, 19, 20, 21, 22, 23, 24, 25], "neighbors": [26, 34, 2, 7, 32, 20, 5, 24, 29, 30, 3, 21]}, {"capacity": 676, "impossibleCargos": [0, 1, 3, 4, 5, 6, 8, 11, 18, 19, 20, 22, 23, 24, 27, 28], "neighbors": [28, 8, 4, 9, 33, 21, 6, 32]}, {"capacity": 391, "impossibleCargos": [0, 4, 7, 8, 9, 10, 11, 13, 14, 19, 20, 22, 23, 24, 27, 28, 29], "neighbors": [2, 31, 24, 19, 7, 3, 14, 33, 0, 17, 20, 26]}, {"capacity": 234, "impossibleCargos": [0, 5, 7, 11, 13, 14, 19, 21, 22, 24, 26, 27], "neighbors": [32, 13, 33, 30, 7, 31, 24, 0, 20]}, {"capacity": 418, "impossibleCargos": [4, 8, 13, 19, 21, 23, 24, 25, 27, 29], "neighbors": [18, 30, 17, 33]}, {"capacity": 594, "impossibleCargos": [1, 2, 6, 8, 9, 15, 18, 20, 24, 25, 27, 28, 29], "neighbors": [17, 1, 14, 25]}, {"capacity": 805, "impossibleCargos": [0, 2, 4, 11, 12, 13, 20, 21, 22, 24, 25, 26, 28], "neighbors": [32, 30, 26, 13, 4, 31]}, {"capacity": 757, "impossibleCargos": [1, 3, 4, 5, 6, 8, 10, 11, 12, 16, 19, 21, 22, 23, 27], "neighbors": [4, 9, 32, 28, 19, 12, 33]}, {"capacity": 399, "impossibleCargos": [1, 4, 6, 7, 8, 10, 11, 12, 17, 18, 19, 20, 21, 23, 26, 27, 28], "neighbors": [34, 26, 24, 1, 8, 0, 11, 32, 27, 15]}, {"capacity": 967, "impossibleCargos": [0, 1, 7, 8, 9, 11, 12, 13, 21, 22, 23, 25, 27, 28, 29], "neighbors": [25, 2, 22, 3, 5, 23, 14]}, {"capacity": 824, "impossibleCargos": [0, 1, 5, 7, 13, 14, 15, 19, 20, 21, 22, 23, 24, 25, 28], "neighbors": [22]}, {"capacity": 805, "impossibleCargos": [1, 4, 5, 6, 9, 11, 12, 13, 14, 15, 16, 17, 19, 20, 22, 23, 25, 27], "neighbors": [33, 1, 3, 34, 22, 11, 10, 26, 25, 24, 8]}, {"capacity": 606, "impossibleCargos": [6, 7, 10, 14, 15, 17, 20, 24, 25, 26, 28, 29], "neighbors": [10, 27, 20, 29]}, {"capacity": 954, "impossibleCargos": [1, 3, 4, 8, 9, 11, 12, 15, 16, 17, 20, 21, 25, 26, 27], "neighbors": [8, 0, 21, 22, 13, 23, 29]}, {"capacity": 644, "impossibleCargos": [1, 2, 9, 10, 11, 14, 15, 17, 18, 19, 20, 22, 23, 24, 26, 28], "neighbors": [4, 28, 2, 18, 31, 6, 22, 8, 23, 9]}, {"capacity": 852, "impossibleCargos": [0, 1, 2, 5, 10, 14, 24, 25, 26, 28, 29], "neighbors": [24, 31, 26, 19, 30, 7, 27, 1, 34, 23, 6]}, {"capacity": 988, "impossibleCargos": [0, 1, 2, 3, 4, 5, 6, 7, 8, 11, 15, 16, 17, 21, 23], "neighbors": [28, 34, 24, 29, 17, 19, 16, 4, 15, 3, 20]}, {"capacity": 819, "impossibleCargos": [3, 6, 7, 9, 13, 14, 16, 18, 19, 22, 23, 24, 26, 29], "neighbors": [0, 31, 29, 30, 2, 24, 19, 20, 15, 4, 21]}, {"capacity": 586, "impossibleCargos": [0, 2, 3, 4, 5, 11, 15, 17, 19, 23, 26, 29], "neighbors": [21, 8, 14, 22, 29, 2, 23, 33, 17, 6, 9, 27]}, {"capacity": 209, "impossibleCargos": [0, 2, 3, 6, 9, 11, 13, 14, 15, 18, 21, 25, 26, 28, 29], "neighbors": [15, 0, 17, 31, 33, 11, 32]}, {"capacity": 274, "impossibleCargos": [0, 1, 2, 3, 7, 8, 12, 13, 16, 17, 27, 29], "neighbors": [6, 12, 14, 21, 0, 4, 27, 28, 29, 17, 3, 8]}, {"capacity": 475, "impossibleCargos": [0, 1, 3, 6, 7, 9, 12, 13, 18, 19, 21, 23, 24, 26, 27, 29], "neighbors": [26, 18, 21, 24, 14]}, {"capacity": 922, "impossibleCargos": [1, 4, 7, 8, 11, 13, 17, 18, 21, 22, 29], "neighbors": [22, 7, 20, 13, 26, 33]}, {"capacity": 681, "impossibleCargos": [0, 4, 8, 11, 12, 15, 22, 26, 28], "neighbors": [2, 24, 22, 23, 26, 18, 6, 19, 3]}, {"capacity": 867, "impossibleCargos": [0, 2, 4, 5, 6, 7, 9, 11, 12, 13, 19, 21, 23, 24, 25, 28], "neighbors": [12, 4, 34, 9, 21, 10, 23, 32, 6]}, {"capacity": 558, "impossibleCargos": [0, 1, 7, 8, 9, 12, 13, 14, 15, 16, 18, 22, 23, 27, 29], "neighbors": [21, 8, 33, 23, 9, 20, 25, 5, 34, 12]}, {"capacity": 732, "impossibleCargos": [1, 2, 3, 4, 8, 11, 13, 14, 15, 17, 18, 19, 23, 24, 25, 26, 27, 29], "neighbors": [12, 9, 3, 13, 6, 25, 7, 14, 30]}, {"capacity": 347, "impossibleCargos": [2, 3, 4, 6, 7, 12, 13, 14, 16, 17, 18, 21, 22, 24, 26, 27], "neighbors": [9, 17, 31, 4, 24, 28, 7, 8, 13, 10, 3, 25]}, {"capacity": 680, "impossibleCargos": [7, 10, 12, 15, 16, 17, 18, 19, 21, 24, 26, 29], "neighbors": [14, 30, 22, 6, 17, 1, 0, 21, 31]}]}