{"volumes": [0, 1755, 545, 0, 943, 301, 815, 1250, 1330, 0, 0, 0, 571, 232, 0, 0, 0, 711, 1797, 1938, 0, 142, 256, 1048, 320, 0, 1048, 2011, 0, 0], "conflicts": [[0, 1], [0, 2], [0, 4], [0, 18], [0, 20], [0, 22], [0, 25], [0, 27], [0, 28], [1, 15], [1, 20], [2, 7], [2, 8], [2, 13], [2, 14], [2, 15], [2, 17], [3, 4], [3, 12], [4, 7], [4, 8], [4, 9], [4, 13], [4, 16], [4, 20], [4, 25], [4, 26], [4, 28], [4, 29], [5, 6], [5, 9], [5, 11], [5, 13], [5, 16], [5, 23], [5, 28], [6, 7], [6, 15], [6, 29], [7, 14], [7, 20], [7, 24], [8, 9], [8, 14], [8, 24], [8, 26], [9, 10], [9, 12], [9, 13], [9, 18], [9, 20], [9, 23], [10, 11], [10, 13], [10, 24], [10, 29], [11, 22], [11, 24], [11, 25], [11, 27], [11, 29], [12, 16], [12, 20], [12, 27], [13, 19], [13, 20], [13, 24], [13, 28], [13, 29], [14, 17], [14, 20], [14, 23], [14, 24], [14, 25], [14, 28], [15, 19], [15, 24], [15, 27], [15, 28], [16, 18], [16, 21], [17, 18], [17, 23], [17, 25], [18, 22], [18, 25], [18, 29], [19, 29], [20, 22], [20, 23], [20, 24], [20, 28], [22, 25], [22, 29], [24, 25], [24, 29], [25, 26], [26, 28], [28, 29]], "tanks": [{"capacity": 552, "impossibleCargos": [0, 1, 4, 5, 6, 9, 10, 11, 13, 14, 15, 17, 18, 19, 21, 22, 23, 25, 27, 29], "neighbors": [27, 9, 1, 7, 32]}, {"capacity": 225, "impossibleCargos": [2, 3, 4, 5, 6, 7, 8, 10, 13, 14, 15, 16, 18, 19, 20, 22, 23, 24, 25, 26, 27, 28, 29], "neighbors": [20, 18, 22, 0, 24, 16, 28, 25, 21]}, {"capacity": 995, "impossibleCargos": [0, 2, 3, 5, 6, 7, 8, 9, 10, 12, 14, 15, 16, 17, 18, 19, 20, 21, 22, 23, 24, 26, 27, 28, 29], "neighbors": [26, 16, 17, 9, 19, 13, 18]}, {"capacity": 741, "impossibleCargos": [1, 2, 3, 4, 5, 6, 7, 8, 9, 11, 12, 14, 15, 16, 17, 18, 19, 20, 21, 22, 23, 26], "neighbors": [32, 20, 15, 7, 30, 11, 17, 16, 19]}, {"capacity": 545, "impossibleCargos": [0, 1, 2, 3, 4, 7, 10, 12, 14, 17, 19, 20, 21, 23, 24, 25, 26, 27, 28, 29], "neighbors": [31, 13, 24, 7, 9, 12, 17]}, {"capacity": 680, "impossibleCargos": [0, 1, 2, 3, 4, 6, 7, 8, 9, 10, 11, 12, 13, 14, 15, 16, 18, 20, 21, 22, 23, 25, 27, 28, 29], "neighbors": [27, 6, 16, 29, 9, 22, 26, 18, 17, 23, 14]}, {"capacity": 754, "impossibleCargos": [0, 1, 2, 3, 4, 5, 6, 8, 9, 10, 11, 12, 13, 14, 15, 17, 18, 19, 20, 22, 24, 25, 26, 27, 28, 29], "neighbors": [29, 21, 19, 5, 30, 13, 23, 14, 15, 27, 20, 12, 31, 18]}, {"capacity": 910, "impossibleCargos": [0, 2, 3, 4, 5, 6, 8, 9, 10, 13, 14, 15, 16, 17, 18, 19, 22, 23, 25, 29], "neighbors": [22, 33, 31, 4, 3, 21, 0, 11]}, {"capacity": 989, "impossibleCargos": [0, 1, 3, 4, 5, 6, 7, 8, 10, 12, 13, 15, 18, 21, 22, 24, 26, 28, 29], "neighbors": [18, 27, 15, 10, 23, 17, 30]}, {"capacity": 910, "impossibleCargos": [2, 3, 4, 5, 6, 7, 8, 10, 12, 13, 15, 16, 17, 18, 19, 20, 22, 23, 24, 25, 26, 27, 28, 29], "neighbors": [14, 17, 20, 0, 5, 27, 4, 2, 24, 19, 25]}, {"capacity": 523, "impossibleCargos": [0, 2, 4, 6, 7, 8, 9, 10, 12, 13, 15, 16, 19, 20, 21, 22, 23, 25, 26, 29], "neighbors": [14, 17, 16, 28, 12, 8, 30]}, {"capacity": 718, "impossibleCargos": [2, 3, 6, 7, 8, 9, 10, 12, 13, 14, 15, 19, 20, 21, 22, 23, 24, 26, 27, 28, 29], "neighbors": [3, 12, 7]}, {"capacity": 823, "impossibleCargos": [0, 1, 3, 4, 6, 7, 8, 9, 10, 11, 13, 14, 15, 16, 17, 18, 20, 21, 23, 24, 25, 27, 29], "neighbors": [15, 10, 30, 26, 33, 22, 4, 11, 23, 6, 31]}, {"capacity": 991, "impossibleCargos": [1, 2, 5, 7, 8, 11, 12, 13, 14, 15, 16, 18, 19, 20, 23, 24, 25, 27, 29], "neighbors": [4, 29, 6, 2]}, {"capacity": 222, "impossibleCargos": [0, 1, 3, 4, 5, 7, 9, 11, 14, 16, 17, 18, 20, 22, 23, 24, 25, 26, 28], "neighbors": [10, 9, 15, 22, 6, 24, 21, 29, 5]}, {"capacity": 851, "impossibleCargos": [0, 1, 2, 3, 4, 5, 6, 7, 8, 9, 11, 13, 14, 16, 17, 20, 21, 23, 24, 25, 26, 27, 28, 29], "neighbors": [25, 24, 12, 3, 14, 30, 32, 8, 29, 21, 6, 33, 16]}, {"capacity": 1000, "impossibleCargos": [1, 2, 3, 5, 7, 8, 9, 10, 11, 12, 13, 14, 16, 17, 20, 21, 22, 23, 24, 25, 27, 28, 29], "neighbors": [2, 10, 22, 5, 20, 3, 29, 34, 1, 33, 18, 15]}, {"capacity": 397, "impossibleCargos": [0, 1, 2, 3, 4, 6, 7, 8, 9, 10, 11, 13, 14, 15, 16, 17, 18, 19, 20, 21, 22, 23, 26, 27, 29], "neighbors": [29, 10, 9, 2, 3, 5, 22, 8, 4, 26, 33]}, {"capacity": 884, "impossibleCargos": [0, 2, 3, 4, 6, 9, 10, 12, 14, 15, 16, 17, 18, 19, 20, 22, 23, 24, 25, 26, 28, 29], "neighbors": [8, 1, 34, 23, 5, 28, 2, 16, 31, 6]}, {"capacity": 380, "impossibleCargos": [0, 1, 2, 3, 4, 5, 6, 11, 14, 15, 16, 17, 19, 20, 21, 26, 27, 28, 29], "neighbors": [6, 33, 24, 2, 29, 3, 9, 23]}, {"capacity": 304, "impossibleCargos": [0, 1, 2, 4, 5, 6, 7, 9, 10, 11, 12, 14, 18, 19, 20, 21, 22, 23, 24, 25, 29], "neighbors": [3, 1, 9, 16, 29, 31, 24, 6]}, {"capacity": 565, "impossibleCargos": [2, 3, 4, 6, 7, 9, 11, 12, 13, 14, 17, 18, 20, 22, 23, 24, 25, 26, 27, 28, 29], "neighbors": [6, 29, 7, 27, 15, 31, 25, 14, 1]}, {"capacity": 489, "impossibleCargos": [0, 1, 2, 3, 4, 5, 8, 9, 11, 12, 13, 14, 16, 18, 19, 20, 23, 24, 25, 26, 27, 29], "neighbors": [7, 31, 16, 1, 30, 14, 25, 12, 5, 27, 17]}, {"capacity": 407, "impossibleCargos": [1, 2, 4, 5, 6, 8, 10, 12, 14, 16, 17, 20, 22, 24, 26, 27, 28], "neighbors": [6, 8, 18, 29, 12, 5, 19]}, {"capacity": 660, "impossibleCargos": [0, 3, 4, 6, 7, 9, 10, 11, 12, 13, 16, 17, 18, 19, 20, 21, 23, 24, 25, 26, 27, 28, 29], "neighbors": [15, 4, 1, 19, 26, 30, 32, 9, 14, 20]}, {"capacity": 667, "impossibleCargos": [0, 1, 2, 5, 6, 8, 9, 10, 11, 13, 14, 15, 16, 17, 18, 19, 20, 21, 24, 27, 28], "neighbors": [15, 22, 21, 1, 31, 9]}, {"capacity": 825, "impossibleCargos": [2, 3, 4, 6, 7, 8, 9, 10, 15, 17, 18, 20, 21, 22, 23, 24, 25, 26, 28, 29], "neighbors": [2, 12, 24, 34, 5, 17, 32]}, {"capacity": 624, "impossibleCargos": [0, 2, 3, 4, 5, 7, 8, 9, 10, 12, 14, 15, 16, 17, 18, 19, 23, 25, 26, 27, 28, 29], "neighbors": [0, 8, 5, 29, 32, 21, 9, 22, 6]}, {"capacity": 879, "impossibleCargos": [2, 3, 4, 5, 6, 7, 9, 10, 11, 12, 15, 16, 17, 19, 20, 23, 24, 25, 26, 27, 29], "neighbors": [10, 1, 18]}, {"capacity": 668, "impossibleCargos": [0, 1, 2, 3, 4, 5, 6, 7, 8, 9, 10, 11, 13, 15, 19, 20, 21, 23, 24, 25, 26, 28, 29], "neighbors": [6, 17, 21, 13, 27, 5, 15, 20, 16, 19, 23, 14]}, {"capacity": 762, "impossibleCargos": [0, 1, 2, 3, 4, 6, 7, 8, 9, 11, 12, 13, 14, 15, 18, 20, 21, 22, 23, 26, 27, 28, 29], "neighbors": [6, 15, 3, 12, 33, 22, 34, 24, 32, 10, 8]}, {"capacity": 994, "impossibleCargos": [1, 2, 3, 4, 5, 7, 8, 10, 12, 13, 14, 16, 17, 18, 19, 20, 22, 24, 25, 29], "neighbors": [4, 7, 22, 21, 20, 18, 6, 12, 25]}, {"capacity": 364, "impossibleCargos": [0, 2, 3, 4, 9, 10, 11, 14, 15, 16, 17, 18, 19, 21, 23, 24, 25, 26, 27, 28], "neighbors": [3, 27, 15, 24, 30, 26, 0]}, {"capacity": 802, "impossibleCargos": [1, 2, 3, 7, 8, 9, 10, 11, 13, 14, 15, 16, 17, 19, 20, 21, 22, 24, 26, 28], "neighbors": [7, 30, 12, 19, 16, 15, 17]}, {"capacity": 882, "impossibleCargos": [1, 2, 3, 4, 5, 6, 9, 10, 11, 12, 13, 14, 15, 17, 18, 19, 20, 21, 22, 23, 25, 26, 27, 28, 29], "neighbors": [18, 30, 26, 16]}]}