{"volumes": [1404, 397, 170, 0, 740, 282, 1414, 1514, 0, 0, 0, 1096, 250, 637, 232, 1608, 203, 252, 0, 1177, 0, 372, 239, 0, 904, 816, 1402, 234, 525, 0], "conflicts": [[0, 10], [0, 18], [0, 20], [0, 25], [1, 9], [1, 11], [1, 28], [2, 3], [2, 8], [2, 26], [3, 4], [3, 6], [3, 11], [3, 14], [3, 16], [3, 17], [3, 25], [4, 16], [4, 18], [4, 29], [5, 18], [5, 29], [6, 9], [6, 23], [7, 14], [7, 23], [7, 28], [7, 29], [8, 11], [8, 14], [8, 16], [8, 18], [8, 24], [8, 28], [9, 17], [9, 21], [9, 23], [9, 24], [9, 27], [11, 18], [11, 20], [11, 23], [11, 29], [12, 14], [13, 17], [15, 29], [16, 17], [16, 27], [17, 26], [18, 24], [18, 25], [20, 22], [20, 23], [20, 26], [20, 27], [22, 29], [23, 29], [25, 27], [25, 28], [27, 29]], "tanks": [{"capacity": 810, "impossibleCargos": [0, 1, 2, 22, 23, 24, 28], "neighbors": [2, 16, 13, 17, 7, 6, 27, 8, 10, 25, 33]}, {"capacity": 674, "impossibleCargos": [1, 7, 11, 18, 19, 20, 21], "neighbors": [27, 8, 16, 31, 12, 30, 22, 10, 11, 34, 18, 24, 29, 14, 26, 23, 20]}, {"capacity": 508, "impossibleCargos": [1, 2, 6, 19], "neighbors": [0, 13, 18, 21, 7, 20, 10, 5, 17, 14, 9, 22, 24, 23, 29, 28, 31, 12, 11]}, {"capacity": 296, "impossibleCargos": [1, 2, 4, 10, 14, 18, 22, 26, 29], "neighbors": [11, 12, 5, 15, 8, 16, 14, 22, 34, 23, 32, 24, 25, 19, 30, 13, 9]}, {"capacity": 490, "impossibleCargos": [0, 3, 6, 8, 11, 13, 14, 18], "neighbors": [19, 28, 5, 27, 23, 22, 31, 29, 18, 13, 30, 12, 26, 34, 21]}, {"capacity": 259, "impossibleCargos": [3, 8, 23, 25], "neighbors": [3, 30, 17, 4, 9, 20, 2, 33, 12, 8, 29, 15, 24, 14, 18, 27, 19, 31, 23, 21]}, {"capacity": 587, "impossibleCargos": [0, 4, 18, 28], "neighbors": [30, 8, 27, 26, 14, 16, 31, 0, 10, 23, 15, 19, 12, 11]}, {"capacity": 412, "impossibleCargos": [4, 7, 9, 11, 16, 23, 28], "neighbors": [31, 17, 2, 14, 18, 23, 0, 11, 13, 27, 34, 33, 20, 22, 8, 28]}, {"capacity": 437, "impossibleCargos": [2, 6, 7, 8, 12, 14, 16, 20, 25, 26, 27, 28], "neighbors": [14, 26, 1, 6, 21, 3, 34, 22, 30, 33, 13, 17, 5, 24, 11, 10, 0, 31, 7, 29]}, {"capacity": 746, "impossibleCargos": [1, 6, 7, 8, 9, 11, 13, 21, 22], "neighbors": [14, 20, 34, 12, 5, 11, 31, 19, 10, 2, 21, 29, 16, 30, 32, 3]}, {"capacity": 976, "impossibleCargos": [11, 21, 24, 29], "neighbors": [19, 29, 1, 26, 2, 13, 9, 24, 8, 6, 0, 21, 14, 32, 34, 25, 12]}, {"capacity": 642, "impossibleCargos": [0, 1, 6, 9, 14, 18, 20, 23], "neighbors": [3, 30, 29, 17, 25, 12, 20, 1, 9, 7, 28, 26, 8, 23, 15, 31, 19, 34, 6, 2]}, {"capacity": 765, "impossibleCargos": [2, 4, 10, 11, 13, 20, 22, 23, 26, 28], "neighbors": [33, 3, 31, 1, 9, 11, 15, 29, 5, 21, 24, 22, 14, 4, 6, 10, 26, 2]}, {"capacity": 295, "impossibleCargos": [5, 6, 12, 15, 17, 20], "neighbors": [2, 0, 29, 10, 26, 28, 8, 7, 22, 16, 4, 31, 20, 19, 27, 32, 24, 3, 15, 18]}, {"capacity": 550, "impossibleCargos": [0, 2, 5, 8, 14, 17, 19, 27, 28], "neighbors": [8, 9, 16, 34, 6, 7, 29, 33, 3, 21, 2, 25, 5, 12, 10, 1, 15, 30, 22]}, {"capacity": 830, "impossibleCargos": [4, 8, 10, 14, 16, 17, 20, 23, 25, 26], "neighbors": [25, 3, 12, 30, 32, 20, 22, 11, 5, 33, 21, 6, 27, 16, 14, 13, 26, 17]}, {"capacity": 533, "impossibleCargos": [18, 24, 26], "neighbors": [28, 14, 1, 32, 0, 6, 3, 13, 21, 20, 34, 30, 15, 26, 9, 19, 24]}, {"capacity": 920, "impossibleCargos": [0, 4, 5, 6, 13, 18, 21, 29], "neighbors": [19, 33, 31, 7, 0, 5, 21, 11, 25, 2, 8, 32, 28, 20, 30, 34, 15]}, {"capacity": 951, "impossibleCargos": [3, 7, 12, 16, 17, 18, 23], "neighbors": [2, 7, 1, 4, 19, 5, 29, 32, 24, 13]}, {"capacity": 339, "impossibleCargos": [1, 2, 3, 6, 8, 9, 12, 15, 19, 20, 22, 26, 29], "neighbors": [4, 17, 10, 24, 9, 20, 18, 33, 25, 5, 6, 26, 13, 3, 11, 16, 31]}, {"capacity": 541, "impossibleCargos": [3, 5, 8, 11, 12, 20], "neighbors": [29, 31, 9, 11, 2, 5, 15, 19, 28, 16, 7, 13, 23, 17, 1]}, {"capacity": 308, "impossibleCargos": [10, 14], "neighbors": [24, 27, 31, 28, 8, 17, 2, 26, 14, 9, 12, 16, 10, 15, 32, 4, 29, 5, 30]}, {"capacity": 975, "impossibleCargos": [1, 7, 9, 13, 14, 22, 24, 25, 27], "neighbors": [1, 4, 29, 8, 23, 13, 3, 2, 15, 12, 28, 7, 27, 14, 33]}, {"capacity": 307, "impossibleCargos": [2, 13, 17, 23, 24, 26, 28], "neighbors": [26, 28, 33, 7, 4, 24, 22, 11, 2, 6, 31, 3, 20, 5, 1]}, {"capacity": 491, "impossibleCargos": [5, 8, 10, 12, 16, 21, 29], "neighbors": [21, 32, 19, 34, 28, 23, 29, 10, 8, 12, 2, 31, 1, 5, 3, 13, 18, 16]}, {"capacity": 332, "impossibleCargos": [8, 18, 20, 23, 25, 27], "neighbors": [15, 11, 17, 29, 30, 14, 19, 31, 0, 3, 10, 28, 34]}, {"capacity": 321, "impossibleCargos": [0, 2, 3, 7, 9, 10, 12, 26, 29], "neighbors": [8, 23, 30, 6, 31, 34, 33, 10, 21, 13, 28, 11, 1, 4, 19, 16, 12, 15]}, {"capacity": 898, "impossibleCargos": [0, 1, 5, 18, 24], "neighbors": [1, 21, 6, 4, 28, 7, 0, 5, 15, 13, 30, 22]}, {"capacity": 944, "impossibleCargos": [2, 10, 11, 17, 25, 26, 27], "neighbors": [16, 4, 21, 23, 24, 29, 34, 27, 13, 26, 11, 20, 32, 33, 31, 22, 17, 25, 2, 7]}, {"capacity": 267, "impossibleCargos": [4, 5, 12, 15, 19, 21, 22, 27], "neighbors": [20, 34, 30, 11, 10, 13, 14, 28, 22, 25, 33, 12, 24, 4, 5, 32, 1, 18, 9, 21, 2, 8]}, {"capacity": 239, "impossibleCargos": [0, 11, 18, 19, 20], "neighbors": [6, 26, 5, 1, 11, 29, 15, 8, 25, 34, 4, 16, 31, 27, 33, 3, 14, 17, 21, 9]}, {"capacity": 893, "impossibleCargos": [2, 3, 8, 9, 10, 12, 13, 18, 25, 26, 27], "neighbors": [7, 20, 17, 12, 21, 1, 26, 6, 9, 4, 24, 28, 13, 11, 23, 25, 8, 5, 30, 2, 19]}, {"capacity": 840, "impossibleCargos": [2, 6, 10, 15, 20, 24], "neighbors": [16, 24, 15, 29, 28, 17, 21, 18, 10, 3, 13, 34, 9]}, {"capacity": 750, "impossibleCargos": [1, 4, 9, 10, 13, 19, 22], "neighbors": [12, 17, 23, 26, 29, 8, 14, 5, 19, 7, 28, 15, 34, 0, 30, 22]}, {"capacity": 303, "impossibleCargos": [0, 2, 5, 6, 10, 13, 14, 16, 20], "neighbors": [29, 14, 9, 26, 24, 28, 8, 1, 7, 30, 3, 16, 33, 4, 10, 11, 17, 32, 25]}]}