{"volumes": [360, 1177, 0, 362, 956, 0, 347, 0, 0, 1123, 457, 1351, 558, 1689, 0, 400, 0, 366, 803, 0, 2432, 0, 370, 0, 371, 900, 962, 0, 867, 198], "conflicts": [[0, 5], [0, 12], [0, 17], [0, 21], [0, 27], [0, 28], [1, 2], [1, 16], [1, 19], [1, 23], [2, 3], [2, 4], [2, 6], [2, 8], [2, 9], [2, 10], [2, 11], [2, 12], [2, 14], [2, 18], [2, 23], [2, 24], [2, 25], [2, 28], [2, 29], [3, 6], [3, 7], [3, 14], [3, 15], [3, 26], [3, 27], [3, 28], [3, 29], [4, 5], [4, 7], [4, 10], [4, 16], [4, 21], [4, 23], [4, 27], [5, 6], [5, 9], [5, 10], [5, 11], [5, 14], [5, 16], [5, 23], [5, 24], [5, 25], [6, 8], [6, 11], [6, 19], [6, 21], [6, 27], [7, 8], [7, 11], [7, 12], [7, 14], [7, 15], [7, 17], [7, 18], [7, 20], [7, 21], [7, 22], [7, 26], [8, 15], [8, 16], [8, 17], [8, 19], [8, 20], [8, 21], [8, 22], [8, 26], [8, 27], [8, 28], [8, 29], [9, 14], [9, 16], [9, 21], [9, 23], [9, 28], [9, 29], [10, 16], [10, 19], [10, 22], [10, 26], [10, 29], [11, 14], [11, 23], [11, 24], [11, 27], [11, 29], [12, 13], [12, 16], [12, 17], [12, 21], [12, 22], [12, 23], [12, 27], [13, 16], [13, 19], [13, 29], [14, 15], [14, 17], [14, 19], [14, 20], [14, 21], [14, 23], [14, 24], [14, 25], [14, 28], [14, 29], [15, 16], [15, 17], [15, 18], [15, 23], [15, 27], [15, 28], [16, 18], [16, 26], [16, 29], [17, 20], [17, 21], [17, 28], [19, 20], [19, 21], [19, 22], [19, 27], [19, 28], [20, 21], [20, 27], [21, 22], [21, 23], [21, 25], [21, 28], [22, 23], [22, 24], [22, 27], [22, 28], [22, 29], [23, 24], [23, 29], [24, 27], [24, 28], [24, 29], [26, 27]], "tanks": [{"capacity": 766, "impossibleCargos": [1, 2, 5, 9, 17, 21, 22, 23, 24, 28], "neighbors": [6, 28, 33, 13, 21, 1, 30, 16, 31, 27, 25, 18, 14]}, {"capacity": 769, "impossibleCargos": [2, 3, 12, 19, 21, 24, 29], "neighbors": [3, 5, 6, 12, 2, 10, 19, 17, 27, 0, 18, 4, 11, 28, 15, 29, 30, 9]}, {"capacity": 615, "impossibleCargos": [0, 1, 2, 5, 7, 9, 15, 29], "neighbors": [29, 1, 15, 4, 9, 26, 12, 31, 27, 23, 11, 14, 32, 22, 24, 7, 33, 25, 28, 6, 19]}, {"capacity": 610, "impossibleCargos": [2, 10, 12, 16, 24, 28, 29], "neighbors": [1, 26, 7, 32, 18, 30, 22, 34, 17, 13, 28, 15, 12, 14, 25, 29, 31, 11, 4, 6, 27, 20]}, {"capacity": 999, "impossibleCargos": [1, 9, 12, 29], "neighbors": [32, 29, 19, 14, 8, 2, 9, 5, 27, 28, 22, 15, 12, 10, 25, 1, 34, 3, 7, 23, 6]}, {"capacity": 710, "impossibleCargos": [0, 7, 8, 10, 17, 21, 23, 24, 25, 26], "neighbors": [1, 11, 26, 19, 20, 12, 9, 4, 16, 30, 25, 29, 27, 14, 8, 15, 7]}, {"capacity": 939, "impossibleCargos": [5, 7, 12, 15, 21, 24, 27], "neighbors": [1, 0, 10, 7, 8, 33, 25, 9, 26, 28, 22, 3, 2, 4, 30, 11]}, {"capacity": 836, "impossibleCargos": [3, 7, 20, 21], "neighbors": [24, 9, 30, 3, 22, 34, 13, 8, 28, 19, 25, 6, 17, 27, 2, 26, 4, 5]}, {"capacity": 505, "impossibleCargos": [22, 23, 25, 28, 29], "neighbors": [20, 4, 26, 12, 25, 34, 7, 15, 6, 23, 28, 17, 5, 30, 29, 33, 27, 10]}, {"capacity": 485, "impossibleCargos": [4, 16, 21, 29], "neighbors": [23, 7, 19, 16, 4, 2, 33, 5, 26, 34, 18, 21, 6, 29, 32, 15, 13, 1]}, {"capacity": 443, "impossibleCargos": [2, 8, 11, 15, 16, 17, 18, 19, 20, 23, 25, 27], "neighbors": [19, 1, 16, 6, 4, 28, 13, 17, 29, 12, 30, 8]}, {"capacity": 718, "impossibleCargos": [1, 9, 12, 13, 18, 21, 23, 27], "neighbors": [5, 14, 17, 19, 13, 2, 26, 23, 33, 1, 18, 3, 21, 6, 28, 25]}, {"capacity": 470, "impossibleCargos": [1, 5, 6, 7, 8, 15, 21, 22, 25, 27], "neighbors": [28, 1, 2, 5, 8, 29, 25, 27, 4, 31, 26, 20, 3, 14, 21, 24, 10]}, {"capacity": 537, "impossibleCargos": [], "neighbors": [29, 19, 20, 17, 27, 14, 7, 0, 11, 3, 10, 22, 33, 9]}, {"capacity": 474, "impossibleCargos": [5, 8, 9, 17, 19, 21, 26], "neighbors": [4, 11, 21, 13, 25, 32, 2, 5, 27, 3, 23, 20, 17, 12, 15, 30, 28, 31, 0]}, {"capacity": 241, "impossibleCargos": [1, 3, 12, 15, 19, 23, 24, 26], "neighbors": [2, 27, 20, 30, 32, 8, 31, 4, 3, 19, 23, 5, 22, 14, 1, 28, 34, 18, 9]}, {"capacity": 767, "impossibleCargos": [8, 9, 19, 24], "neighbors": [9, 10, 5, 32, 22, 29, 31, 0, 21, 24, 33]}, {"capacity": 388, "impossibleCargos": [3, 6, 7, 8, 9, 15, 19, 20, 25, 26, 29], "neighbors": [25, 32, 13, 29, 11, 24, 34, 3, 1, 20, 7, 10, 23, 8, 21, 14, 28]}, {"capacity": 929, "impossibleCargos": [0, 6, 7, 12, 13, 14, 20, 23], "neighbors": [3, 32, 25, 23, 9, 24, 33, 1, 27, 11, 15, 0, 21]}, {"capacity": 436, "impossibleCargos": [0, 9, 18, 21, 29], "neighbors": [4, 13, 10, 9, 5, 25, 1, 11, 7, 28, 29, 26, 24, 27, 22, 32, 15, 20, 33, 2, 23]}, {"capacity": 475, "impossibleCargos": [3, 6, 7, 8, 10, 14, 17, 23, 26], "neighbors": [21, 8, 13, 29, 5, 15, 31, 22, 27, 17, 24, 32, 12, 19, 14, 25, 3]}, {"capacity": 992, "impossibleCargos": [1, 2, 9, 10, 13, 17, 24], "neighbors": [20, 14, 32, 34, 31, 0, 9, 17, 12, 16, 11, 22, 18]}, {"capacity": 940, "impossibleCargos": [5, 19, 21, 27, 28, 29], "neighbors": [26, 30, 7, 3, 33, 29, 20, 34, 4, 16, 19, 13, 2, 15, 6, 21, 27]}, {"capacity": 424, "impossibleCargos": [4, 8, 10, 13, 18, 23], "neighbors": [26, 9, 33, 27, 32, 24, 18, 2, 8, 11, 17, 15, 14, 4, 19]}, {"capacity": 266, "impossibleCargos": [1, 7, 8, 11, 20, 24], "neighbors": [7, 17, 23, 27, 30, 32, 18, 20, 19, 2, 29, 12, 16]}, {"capacity": 930, "impossibleCargos": [1, 5, 7, 8, 9, 12, 14, 24, 29], "neighbors": [17, 29, 18, 33, 28, 19, 31, 8, 7, 12, 14, 26, 5, 4, 6, 3, 34, 2, 0, 20, 11]}, {"capacity": 408, "impossibleCargos": [2, 6, 8, 9, 11, 14, 17, 18, 20, 21], "neighbors": [23, 3, 22, 5, 8, 2, 9, 27, 32, 19, 25, 11, 12, 31, 28, 6, 33, 7, 29]}, {"capacity": 960, "impossibleCargos": [0, 2, 3, 10], "neighbors": [23, 15, 13, 4, 2, 24, 26, 33, 12, 1, 20, 28, 5, 19, 18, 30, 14, 7, 0, 3, 8, 22]}, {"capacity": 492, "impossibleCargos": [0, 8, 10, 11, 18, 21], "neighbors": [12, 0, 25, 33, 7, 4, 3, 30, 19, 27, 10, 26, 8, 6, 17, 1, 2, 14, 15, 11]}, {"capacity": 615, "impossibleCargos": [13, 18, 27], "neighbors": [2, 13, 4, 25, 31, 20, 17, 33, 12, 22, 19, 16, 5, 10, 24, 3, 34, 8, 30, 9, 1, 26]}, {"capacity": 740, "impossibleCargos": [4, 5, 6, 14, 16, 22, 25], "neighbors": [7, 22, 3, 33, 24, 15, 28, 5, 0, 27, 8, 29, 14, 1, 10, 6]}, {"capacity": 290, "impossibleCargos": [3, 4, 5, 6, 7, 15, 16, 18, 20, 22, 28], "neighbors": [29, 32, 2, 25, 21, 20, 15, 12, 16, 26, 0, 3, 14]}, {"capacity": 564, "impossibleCargos": [7, 8, 13, 19, 23], "neighbors": [4, 17, 3, 18, 31, 21, 23, 16, 26, 15, 24, 14, 2, 19, 20, 9]}, {"capacity": 797, "impossibleCargos": [4, 16, 18, 19], "neighbors": [23, 0, 25, 29, 28, 30, 9, 22, 27, 18, 11, 6, 19, 26, 2, 8, 13, 16]}, {"capacity": 582, "impossibleCargos": [7, 8, 20, 24], "neighbors": [7, 3, 21, 17, 8, 22, 9, 4, 29, 25, 15]}]}