{"volumes": [0, 535, 542, 957, 693, 0, 1207, 735, 0, 398, 510, 0, 601, 1153, 1193, 966, 0, 1163, 455, 594, 758, 305, 578, 0, 0, 0, 240, 1379, 0, 1104], "conflicts": [[0, 1], [0, 2], [0, 3], [0, 4], [0, 6], [0, 7], [0, 9], [0, 10], [0, 11], [0, 12], [0, 13], [0, 14], [0, 16], [0, 17], [0, 18], [0, 19], [0, 20], [0, 21], [0, 22], [0, 23], [0, 24], [0, 25], [0, 26], [0, 27], [0, 29], [1, 3], [1, 5], [1, 7], [1, 8], [1, 10], [1, 11], [1, 15], [1, 16], [1, 23], [1, 25], [1, 28], [2, 4], [2, 5], [2, 8], [2, 9], [2, 11], [2, 12], [2, 16], [2, 18], [2, 22], [2, 23], [2, 25], [2, 28], [3, 5], [3, 8], [3, 11], [3, 16], [3, 21], [3, 23], [3, 25], [4, 5], [4, 8], [4, 10], [4, 11], [4, 12], [4, 13], [4, 18], [4, 23], [4, 25], [4, 26], [4, 28], [5, 6], [5, 7], [5, 8], [5, 9], [5, 10], [5, 11], [5, 12], [5, 13], [5, 15], [5, 17], [5, 19], [5, 21], [5, 22], [5, 23], [5, 24], [5, 25], [5, 26], [5, 27], [5, 28], [5, 29], [6, 11], [6, 16], [6, 18], [6, 24], [6, 25], [6, 26], [6, 28], [7, 11], [7, 16], [7, 23], [7, 24], [7, 25], [7, 28], [8, 9], [8, 10], [8, 11], [8, 12], [8, 13], [8, 14], [8, 15], [8, 18], [8, 19], [8, 20], [8, 21], [8, 22], [8, 23], [8, 24], [8, 28], [8, 29], [9, 10], [9, 11], [9, 16], [9, 20], [9, 23], [9, 24], [9, 25], [10, 11], [10, 16], [10, 19], [10, 20], [10, 23], [10, 24], [10, 25], [10, 26], [11, 14], [11, 16], [11, 17], [11, 18], [11, 19], [11, 20], [11, 21], [11, 22], [11, 23], [11, 24], [11, 26], [11, 27], [11, 28], [11, 29], [12, 14], [12, 16], [12, 18], [12, 21], [12, 22], [12, 24], [12, 25], [12, 28], [13, 24], [13, 28], [14, 16], [14, 23], [14, 25], [14, 28], [15, 22], [15, 23], [15, 26], [15, 27], [15, 28], [15, 29], [16, 17], [16, 18], [16, 19], [16, 20], [16, 21], [16, 22], [16, 23], [16, 24], [16, 25], [16, 26], [17, 23], [18, 22], [18, 23], [18, 24], [18, 25], [18, 27], [18, 28], [19, 22], [19, 23], [19, 24], [19, 28], [20, 25], [20, 28], [21, 24], [21, 25], [21, 28], [22, 23], [22, 24], [22, 25], [22, 28], [23, 24], [23, 26], [23, 27], [23, 28], [23, 29], [24, 26], [24, 27], [24, 28], [24, 29], [25, 26], [25, 28], [26, 28], [27, 28]], "tanks": [{"capacity": 909, "impossibleCargos": [0, 3, 4, 5, 7, 8, 15, 19, 22], "neighbors": [6, 14, 30, 27, 34, 9, 8, 20, 2, 23, 18, 29, 5, 25, 7, 4, 1, 10]}, {"capacity": 839, "impossibleCargos": [1, 2, 3, 14], "neighbors": [9, 31, 7, 19, 25, 3, 26, 34, 10, 27, 14, 0, 18, 30]}, {"capacity": 442, "impossibleCargos": [3, 11, 13, 15, 19, 20, 27, 28], "neighbors": [14, 25, 7, 11, 32, 20, 33, 24, 5, 22, 10, 18, 12, 31, 0, 29, 8, 21, 23, 4, 26, 6, 27]}, {"capacity": 644, "impossibleCargos": [0, 2, 7, 8, 9, 16, 19, 22, 25, 29], "neighbors": [25, 23, 10, 24, 4, 18, 27, 1, 22, 7, 26, 16, 34, 29]}, {"capacity": 287, "impossibleCargos": [2, 4, 5, 7, 13, 15, 17, 25], "neighbors": [15, 31, 8, 27, 22, 3, 19, 10, 18, 13, 33, 5, 2, 24, 20, 6, 0, 30]}, {"capacity": 950, "impossibleCargos": [1, 4, 6, 8, 12, 18, 28], "neighbors": [31, 14, 33, 9, 2, 8, 28, 25, 18, 19, 21, 15, 29, 4, 23, 0]}, {"capacity": 726, "impossibleCargos": [0, 1, 2, 9, 12, 16, 17, 24], "neighbors": [32, 0, 29, 12, 14, 8, 7, 30, 21, 24, 2, 25, 28, 4]}, {"capacity": 327, "impossibleCargos": [3, 15, 19, 22, 27], "neighbors": [16, 1, 19, 34, 2, 33, 12, 21, 15, 9, 6, 30, 28, 18, 3, 27, 0, 26, 29, 24]}, {"capacity": 669, "impossibleCargos": [2, 7, 10, 11, 12, 17, 22, 26, 27, 28, 29], "neighbors": [16, 18, 26, 29, 4, 20, 31, 6, 30, 5, 24, 0, 33, 25, 2, 19]}, {"capacity": 432, "impossibleCargos": [10, 15, 17, 24, 28, 29], "neighbors": [1, 27, 34, 22, 14, 23, 0, 5, 12, 7, 19, 25, 31, 20, 21, 11]}, {"capacity": 665, "impossibleCargos": [4, 8, 10, 21, 22, 24, 27, 28], "neighbors": [20, 3, 25, 19, 2, 18, 22, 13, 4, 21, 31, 27, 34, 12, 1, 0]}, {"capacity": 572, "impossibleCargos": [1, 5, 6, 8, 17, 18, 22, 23, 27, 28], "neighbors": [16, 2, 28, 15, 21, 32, 33, 27, 14, 19, 29, 26, 9]}, {"capacity": 593, "impossibleCargos": [1, 10, 12, 14, 18, 22, 24, 25, 27, 29], "neighbors": [24, 28, 6, 13, 26, 19, 7, 9, 32, 21, 2, 33, 10, 23, 31, 16]}, {"capacity": 317, "impossibleCargos": [0, 4, 20], "neighbors": [19, 30, 32, 18, 34, 29, 26, 12, 20, 27, 31, 10, 15, 4, 25, 16, 28]}, {"capacity": 668, "impossibleCargos": [2, 9, 10, 18, 19, 20, 25, 29], "neighbors": [2, 24, 0, 9, 5, 6, 20, 25, 32, 15, 11, 27, 30, 26, 1]}, {"capacity": 500, "impossibleCargos": [3, 5, 11, 18, 20, 26], "neighbors": [31, 4, 17, 11, 30, 25, 22, 7, 14, 5, 13, 16, 33, 26, 18, 24, 23, 21]}, {"capacity": 819, "impossibleCargos": [1, 8, 12, 13, 20, 21, 26, 29], "neighbors": [8, 7, 20, 28, 11, 15, 26, 19, 32, 13, 30, 3, 18, 12]}, {"capacity": 816, "impossibleCargos": [5, 7, 8, 18, 19], "neighbors": [33, 15, 34, 19, 27, 30, 18, 21, 26, 32]}, {"capacity": 528, "impossibleCargos": [0, 1, 8, 10, 20, 21], "neighbors": [33, 8, 31, 13, 28, 20, 34, 22, 10, 2, 3, 5, 32, 4, 0, 17, 7, 15, 24, 16, 1]}, {"capacity": 420, "impossibleCargos": [3, 5, 11, 18, 21, 26], "neighbors": [24, 13, 7, 34, 1, 12, 10, 20, 9, 17, 4, 5, 32, 29, 8, 16, 11, 33]}, {"capacity": 509, "impossibleCargos": [7, 11, 14, 20, 22, 26, 27], "neighbors": [16, 27, 10, 2, 8, 18, 24, 14, 22, 13, 19, 26, 0, 31, 9, 4, 34, 33]}, {"capacity": 364, "impossibleCargos": [6, 7, 8, 11, 16, 17, 18], "neighbors": [31, 22, 23, 11, 7, 28, 29, 12, 30, 5, 10, 33, 6, 2, 25, 17, 9, 26, 15]}, {"capacity": 540, "impossibleCargos": [0, 15, 21, 22, 23], "neighbors": [9, 26, 21, 4, 30, 18, 20, 23, 2, 15, 29, 10, 27, 32, 31, 3]}, {"capacity": 233, "impossibleCargos": [2, 4, 7, 12, 15, 16, 17, 18, 19, 21, 27], "neighbors": [3, 27, 30, 21, 34, 9, 29, 22, 24, 28, 0, 33, 2, 12, 5, 15]}, {"capacity": 642, "impossibleCargos": [3, 6, 7, 11, 17, 24, 26], "neighbors": [19, 12, 14, 31, 34, 3, 20, 2, 32, 8, 23, 27, 6, 30, 4, 18, 15, 7]}, {"capacity": 873, "impossibleCargos": [7, 8, 11, 12, 13, 15, 16, 18, 20, 21, 24, 25], "neighbors": [30, 32, 3, 2, 10, 15, 31, 34, 14, 5, 1, 9, 8, 6, 21, 13, 33, 29, 26, 0]}, {"capacity": 996, "impossibleCargos": [0, 1, 5, 6, 11, 14, 18, 20, 21, 23, 25], "neighbors": [22, 8, 13, 12, 30, 20, 32, 33, 1, 16, 15, 2, 3, 17, 11, 25, 14, 7, 21]}, {"capacity": 952, "impossibleCargos": [3, 10, 12, 18, 22, 23, 27, 28], "neighbors": [9, 33, 31, 20, 34, 23, 4, 29, 0, 13, 24, 17, 3, 10, 22, 11, 14, 7, 1, 28, 2]}, {"capacity": 628, "impossibleCargos": [3, 4, 10, 11, 15, 17, 21, 28, 29], "neighbors": [31, 16, 12, 18, 11, 34, 5, 21, 23, 7, 6, 27, 13]}, {"capacity": 994, "impossibleCargos": [7, 9, 10, 17, 19, 22, 23, 28], "neighbors": [6, 8, 13, 27, 23, 22, 21, 5, 2, 19, 0, 25, 11, 32, 31, 7, 3]}, {"capacity": 809, "impossibleCargos": [5, 7, 11, 15, 18, 23, 26, 27], "neighbors": [25, 13, 23, 0, 15, 22, 26, 8, 21, 17, 7, 6, 24, 14, 16, 4, 1, 34]}, {"capacity": 473, "impossibleCargos": [0, 3, 4, 6, 13, 20, 22, 23, 27], "neighbors": [15, 4, 27, 1, 28, 18, 21, 24, 5, 8, 25, 13, 2, 10, 20, 9, 22, 12, 29]}, {"capacity": 731, "impossibleCargos": [0, 3, 9, 20, 22, 25, 29], "neighbors": [6, 25, 13, 2, 11, 34, 24, 14, 12, 26, 19, 18, 22, 16, 17, 29]}, {"capacity": 938, "impossibleCargos": [0, 1, 3, 5, 8, 10, 12, 14, 20, 24, 25, 28], "neighbors": [27, 18, 17, 5, 2, 7, 11, 8, 23, 21, 26, 12, 15, 4, 25, 19, 20, 34]}, {"capacity": 674, "impossibleCargos": [1, 5, 12, 14, 20, 23, 28], "neighbors": [9, 7, 13, 27, 24, 19, 18, 23, 0, 32, 17, 25, 28, 1, 10, 20, 3, 30, 33]}]}