{"volumes": [1389, 0, 253, 495, 788, 0, 0, 307, 2135, 434, 404, 0, 347, 491, 509, 505, 328, 1213, 1136, 823, 1564, 653, 230, 0, 356, 0, 0, 777, 202, 1274], "conflicts": [[0, 26], [1, 2], [1, 6], [1, 10], [1, 13], [1, 14], [1, 15], [1, 18], [2, 10], [2, 11], [3, 5], [3, 6], [3, 12], [3, 16], [3, 23], [4, 11], [4, 25], [5, 13], [5, 19], [6, 15], [6, 17], [6, 20], [6, 23], [6, 25], [6, 27], [7, 27], [8, 11], [9, 12], [9, 24], [9, 26], [10, 12], [10, 16], [10, 23], [10, 24], [11, 13], [11, 14], [11, 19], [11, 22], [11, 24], [11, 28], [12, 13], [12, 23], [13, 19], [13, 21], [13, 29], [14, 23], [15, 25], [15, 26], [16, 23], [18, 23], [18, 26], [19, 20], [19, 29], [20, 26], [22, 25], [23, 28], [25, 28]], "tanks": [{"capacity": 972, "impossibleCargos": [2, 8, 11, 12, 13, 14, 18, 19, 20, 23, 24, 26, 27, 28], "neighbors": [7, 13, 5, 18, 27, 4, 14, 26, 6, 19, 8, 21, 17, 2, 30, 15, 29]}, {"capacity": 466, "impossibleCargos": [7, 8, 9, 11, 12, 15, 16, 17, 18, 21, 25, 27, 28, 29], "neighbors": [20, 10, 16, 2, 4, 9, 19, 28, 33, 11, 6, 14, 31, 8, 34]}, {"capacity": 602, "impossibleCargos": [1, 2, 3, 4, 5, 6, 8, 9, 13, 14, 15, 18, 20, 23, 24, 25, 26, 29], "neighbors": [31, 7, 33, 14, 1, 25, 20, 17, 19, 10, 26, 23, 13, 28, 15, 0, 4, 18]}, {"capacity": 846, "impossibleCargos": [0, 2, 5, 7, 8, 9, 10, 13, 14, 19, 20, 21, 27, 28], "neighbors": [9, 29, 21, 6, 10, 16, 31, 32, 5, 20, 12, 4, 28, 13]}, {"capacity": 450, "impossibleCargos": [5, 7, 8, 9, 11, 12, 14, 15, 17, 19, 20, 23, 28, 29], "neighbors": [19, 10, 13, 26, 1, 25, 20, 33, 0, 8, 29, 17, 27, 23, 24, 30, 22, 16, 3, 31, 34, 5, 9, 2, 21]}, {"capacity": 464, "impossibleCargos": [1, 4, 5, 6, 9, 11, 15, 16, 17, 20, 21, 23], "neighbors": [0, 29, 26, 25, 15, 24, 17, 3, 27, 23, 31, 22, 20, 14, 33, 4]}, {"capacity": 558, "impossibleCargos": [0, 5, 6, 7, 14, 15, 16, 21, 23, 24, 25, 26, 28], "neighbors": [31, 3, 28, 33, 24, 20, 22, 30, 34, 0, 1, 17, 9, 18]}, {"capacity": 993, "impossibleCargos": [0, 1, 2, 3, 5, 6, 12, 14, 15, 18, 19, 21, 23, 26, 29], "neighbors": [23, 0, 2, 30, 15, 17, 26, 18, 34, 28, 25, 33, 27, 24, 16, 8]}, {"capacity": 666, "impossibleCargos": [2, 9, 10, 11, 14, 15, 17, 20, 21, 22, 24, 26, 28], "neighbors": [29, 16, 27, 31, 22, 20, 24, 30, 4, 15, 32, 0, 21, 11, 14, 1, 17, 7, 33]}, {"capacity": 545, "impossibleCargos": [0, 1, 6, 7, 10, 13, 14, 15, 16, 22, 24, 25], "neighbors": [3, 23, 1, 28, 12, 32, 15, 10, 30, 6, 13, 4]}, {"capacity": 807, "impossibleCargos": [0, 2, 3, 4, 5, 7, 9, 13, 15, 16, 19, 21, 22, 23, 24], "neighbors": [4, 18, 32, 22, 1, 3, 33, 26, 17, 13, 2, 16, 29, 9, 34, 27]}, {"capacity": 663, "impossibleCargos": [3, 7, 9, 10, 12, 16, 19, 20, 21, 23, 24, 25, 26, 27, 29], "neighbors": [22, 12, 23, 33, 24, 34, 16, 25, 1, 19, 8, 29, 31]}, {"capacity": 683, "impossibleCargos": [1, 2, 3, 4, 5, 6, 8, 9, 13, 14, 18, 19, 22, 23, 27, 29], "neighbors": [11, 24, 18, 20, 9, 31, 32, 14, 27, 34, 25, 3, 13, 33, 22]}, {"capacity": 510, "impossibleCargos": [1, 3, 6, 7, 8, 9, 15, 16, 17, 19, 20, 22, 23, 29], "neighbors": [4, 15, 0, 21, 33, 19, 32, 10, 24, 26, 14, 27, 30, 2, 23, 12, 18, 9, 20, 3, 17]}, {"capacity": 958, "impossibleCargos": [1, 3, 5, 7, 12, 14, 16, 18, 19, 21, 25, 26, 27, 28], "neighbors": [28, 15, 2, 32, 0, 34, 16, 26, 23, 20, 13, 27, 21, 19, 12, 29, 17, 8, 1, 5, 33]}, {"capacity": 845, "impossibleCargos": [0, 3, 4, 5, 6, 10, 11, 16, 17, 18, 20, 21, 22, 25, 28], "neighbors": [25, 32, 13, 14, 7, 5, 29, 18, 8, 9, 17, 2, 20, 0]}, {"capacity": 398, "impossibleCargos": [1, 5, 6, 7, 8, 9, 10, 12, 17, 19, 21, 23, 26, 28, 29], "neighbors": [21, 8, 1, 3, 11, 28, 33, 23, 14, 10, 32, 31, 4, 26, 24, 34, 18, 7]}, {"capacity": 554, "impossibleCargos": [1, 7, 8, 9, 10, 12, 18, 19, 20, 21, 22, 24, 25, 27], "neighbors": [22, 18, 7, 28, 10, 2, 5, 4, 15, 23, 29, 14, 0, 6, 33, 25, 8, 13]}, {"capacity": 626, "impossibleCargos": [0, 1, 5, 6, 10, 13, 14, 15, 16, 19, 20, 21, 23, 24, 28], "neighbors": [10, 17, 0, 15, 21, 28, 7, 12, 31, 19, 16, 26, 13, 20, 6, 2]}, {"capacity": 802, "impossibleCargos": [0, 3, 4, 5, 9, 12, 13, 17, 18, 19, 21, 22, 24, 27], "neighbors": [4, 1, 13, 21, 18, 2, 31, 22, 20, 23, 0, 14, 11, 28, 24, 34, 27]}, {"capacity": 524, "impossibleCargos": [0, 1, 5, 7, 8, 14, 16, 17, 19, 22, 24, 25, 26, 27, 28, 29], "neighbors": [23, 30, 1, 28, 2, 4, 8, 12, 6, 27, 19, 14, 34, 3, 5, 21, 15, 18, 13]}, {"capacity": 298, "impossibleCargos": [0, 1, 3, 5, 6, 7, 8, 9, 10, 13, 17, 18, 19, 22], "neighbors": [26, 3, 16, 13, 18, 23, 19, 14, 8, 0, 20, 28, 33, 4]}, {"capacity": 663, "impossibleCargos": [1, 4, 5, 14, 21, 22, 25, 26], "neighbors": [11, 17, 10, 33, 8, 30, 6, 19, 26, 25, 5, 4, 28, 31, 12]}, {"capacity": 717, "impossibleCargos": [2, 4, 6, 7, 9, 12, 13, 20, 23, 26, 28], "neighbors": [7, 9, 20, 26, 11, 31, 24, 34, 21, 29, 16, 33, 14, 5, 19, 4, 2, 17, 13, 30]}, {"capacity": 834, "impossibleCargos": [0, 2, 3, 4, 5, 6, 7, 11, 13, 14, 16, 18, 22, 23, 26, 29], "neighbors": [27, 23, 5, 11, 12, 6, 30, 8, 13, 31, 4, 25, 33, 16, 32, 19, 7]}, {"capacity": 735, "impossibleCargos": [0, 4, 5, 6, 7, 8, 11, 13, 14, 18, 20, 24, 27, 28], "neighbors": [15, 5, 2, 4, 33, 28, 11, 22, 7, 30, 24, 12, 17, 27]}, {"capacity": 596, "impossibleCargos": [0, 1, 2, 5, 10, 12, 15, 17, 19, 20, 24, 25, 26, 27, 29], "neighbors": [28, 21, 4, 5, 23, 33, 7, 10, 14, 0, 13, 2, 27, 22, 29, 16, 18]}, {"capacity": 624, "impossibleCargos": [2, 3, 4, 8, 9, 11, 13, 14, 16, 20, 21, 22, 23, 25, 26, 29], "neighbors": [33, 24, 34, 0, 8, 29, 30, 26, 20, 5, 14, 4, 13, 12, 7, 10, 19, 25, 32]}, {"capacity": 248, "impossibleCargos": [1, 2, 3, 5, 7, 8, 9, 11, 12, 14, 15, 16, 17, 18, 22, 25, 27, 29], "neighbors": [26, 14, 6, 9, 20, 17, 18, 1, 29, 16, 7, 25, 2, 30, 22, 19, 21, 31, 3]}, {"capacity": 848, "impossibleCargos": [1, 2, 7, 14, 17, 18, 20, 23, 24, 25, 28, 29], "neighbors": [3, 31, 8, 5, 15, 27, 28, 23, 4, 33, 26, 10, 17, 14, 11, 0, 30]}, {"capacity": 431, "impossibleCargos": [2, 4, 7, 9, 10, 11, 12, 14, 15, 18, 20, 23, 24, 26, 27, 28, 29], "neighbors": [20, 7, 24, 22, 8, 27, 34, 6, 25, 4, 13, 31, 28, 23, 9, 0, 29]}, {"capacity": 942, "impossibleCargos": [0, 1, 2, 4, 5, 10, 14, 17, 20, 21, 22, 23, 24, 25, 26, 27, 28, 29], "neighbors": [2, 29, 6, 23, 3, 8, 18, 12, 19, 24, 16, 5, 30, 1, 4, 28, 34, 32, 11, 22]}, {"capacity": 898, "impossibleCargos": [0, 1, 2, 3, 4, 6, 7, 8, 10, 11, 12, 15, 16, 17, 19, 20, 21, 22, 23, 25, 26, 27, 29], "neighbors": [15, 34, 10, 14, 13, 3, 9, 12, 16, 8, 24, 31, 27]}, {"capacity": 305, "impossibleCargos": [2, 3, 6, 7, 8, 9, 10, 11, 14, 15, 16, 20, 21, 22, 23, 25, 27, 29], "neighbors": [27, 22, 2, 11, 13, 26, 6, 10, 4, 16, 23, 25, 29, 1, 7, 24, 12, 17, 14, 5, 21, 8]}, {"capacity": 435, "impossibleCargos": [1, 2, 3, 5, 6, 8, 10, 11, 12, 13, 14, 15, 16, 17, 18, 19, 24, 26, 27], "neighbors": [32, 27, 23, 11, 14, 7, 30, 6, 20, 16, 12, 10, 31, 19, 4, 1]}]}