{"volumes": [1401, 967, 0, 0, 704, 0, 1302, 620, 0, 387, 760, 690, 0, 466, 992, 456, 1020, 776, 167, 0, 397, 0, 1814, 967, 0, 357, 0, 520, 1328, 746], "conflicts": [[0, 3], [0, 8], [0, 12], [0, 15], [0, 21], [0, 26], [1, 2], [1, 3], [1, 5], [1, 8], [1, 16], [1, 21], [1, 24], [1, 26], [2, 3], [2, 6], [2, 8], [2, 9], [2, 11], [2, 16], [2, 18], [2, 19], [2, 21], [2, 24], [2, 27], [2, 29], [3, 6], [3, 7], [3, 8], [3, 9], [3, 10], [3, 11], [3, 13], [3, 14], [3, 16], [3, 17], [3, 18], [3, 22], [3, 25], [3, 29], [4, 8], [4, 12], [4, 13], [4, 15], [4, 19], [4, 21], [4, 24], [4, 27], [4, 28], [4, 29], [5, 7], [5, 8], [5, 9], [5, 10], [5, 13], [5, 15], [5, 18], [5, 19], [5, 20], [5, 23], [5, 25], [5, 26], [5, 29], [6, 8], [6, 12], [6, 23], [6, 26], [6, 29], [7, 8], [7, 9], [7, 12], [7, 24], [7, 27], [7, 29], [8, 10], [8, 11], [8, 14], [8, 18], [8, 19], [8, 21], [8, 22], [8, 24], [8, 26], [8, 29], [9, 17], [9, 19], [9, 21], [9, 25], [9, 26], [9, 29], [10, 11], [10, 17], [10, 21], [10, 26], [11, 18], [11, 21], [11, 24], [11, 26], [11, 27], [11, 29], [12, 13], [12, 14], [12, 15], [12, 16], [12, 19], [12, 21], [13, 15], [13, 17], [13, 21], [14, 17], [14, 19], [14, 20], [14, 21], [14, 26], [14, 27], [15, 17], [15, 19], [16, 17], [16, 19], [16, 21], [16, 24], [17, 24], [17, 26], [18, 19], [18, 21], [18, 25], [19, 22], [19, 23], [19, 26], [19, 28], [20, 24], [20, 26], [21, 23], [21, 24], [21, 26], [21, 27], [21, 28], [21, 29], [22, 24], [22, 26], [22, 29], [23, 26], [24, 27], [24, 28], [24, 29], [25, 28]], "tanks": [{"capacity": 972, "impossibleCargos": [0, 1, 2, 5, 7, 8, 9, 12, 14, 16, 18, 19, 20, 23, 24, 25, 27, 28, 29], "neighbors": [14, 10, 29, 13, 8, 32, 22, 1, 25, 3, 17, 26, 4, 15, 19, 11, 2, 5, 12, 23, 31]}, {"capacity": 276, "impossibleCargos": [1, 2, 5, 6, 7, 8, 9, 10, 11, 12, 13, 14, 17, 19, 20, 25, 26, 27, 28, 29], "neighbors": [30, 29, 15, 0, 14, 19, 32, 11, 4, 31, 8, 9]}, {"capacity": 239, "impossibleCargos": [0, 1, 6, 7, 8, 9, 11, 12, 14, 15, 16, 17, 19, 21, 24, 25, 27, 28], "neighbors": [32, 12, 5, 20, 30, 14, 21, 8, 9, 33, 7, 0, 27, 26, 18, 34]}, {"capacity": 864, "impossibleCargos": [1, 2, 3, 5, 6, 7, 9, 11, 12, 13, 14, 15, 16, 18, 19, 20, 21, 24, 25, 26, 27, 28, 29], "neighbors": [23, 14, 16, 22, 17, 24, 33, 10, 0, 25, 18, 4, 6, 15, 32, 7, 13, 34, 8]}, {"capacity": 682, "impossibleCargos": [0, 3, 5, 6, 7, 9, 10, 11, 12, 13, 16, 18, 19, 20, 21, 22, 23, 24, 25, 26, 27, 28, 29], "neighbors": [20, 27, 23, 26, 14, 24, 16, 8, 28, 0, 19, 3, 22, 34, 1, 17, 10, 21]}, {"capacity": 481, "impossibleCargos": [0, 2, 3, 4, 5, 6, 7, 8, 9, 10, 11, 12, 13, 14, 15, 16, 19, 23, 25, 27, 29], "neighbors": [18, 10, 2, 27, 28, 6, 12, 20, 30, 14, 19, 15, 0, 9, 23, 16, 7, 29]}, {"capacity": 935, "impossibleCargos": [1, 2, 3, 4, 5, 6, 7, 8, 11, 13, 14, 15, 16, 17, 18, 20, 23, 24, 26, 28, 29], "neighbors": [29, 20, 26, 14, 7, 12, 13, 28, 5, 15, 27, 22, 23, 17, 3, 24, 33]}, {"capacity": 208, "impossibleCargos": [0, 1, 2, 3, 6, 8, 10, 11, 12, 13, 14, 15, 16, 17, 18, 19, 20, 21, 22, 24, 25, 26, 27, 29], "neighbors": [12, 25, 32, 16, 8, 29, 10, 6, 18, 9, 21, 26, 22, 33, 2, 3, 34, 17, 5]}, {"capacity": 269, "impossibleCargos": [0, 1, 2, 4, 5, 6, 7, 8, 10, 11, 12, 13, 14, 15, 16, 17, 18, 19, 21, 22, 23, 24, 25, 26, 28], "neighbors": [10, 34, 0, 7, 14, 12, 4, 31, 2, 27, 30, 1, 3]}, {"capacity": 482, "impossibleCargos": [0, 1, 2, 3, 4, 5, 6, 7, 8, 10, 11, 12, 13, 15, 16, 17, 18, 20, 21, 22, 23, 25, 26, 27, 28], "neighbors": [22, 17, 26, 11, 7, 27, 23, 2, 5, 16, 1, 19]}, {"capacity": 630, "impossibleCargos": [0, 1, 2, 3, 4, 6, 8, 9, 10, 11, 14, 17, 18, 19, 20, 21, 23, 24, 25, 26, 27, 28, 29], "neighbors": [19, 28, 22, 0, 8, 5, 27, 17, 20, 7, 3, 31, 33, 25, 12, 4, 30, 26, 13, 29]}, {"capacity": 695, "impossibleCargos": [0, 1, 3, 4, 5, 7, 8, 9, 10, 12, 13, 14, 16, 17, 18, 19, 20, 21, 22, 23, 24, 25, 26, 28], "neighbors": [16, 19, 18, 29, 30, 9, 34, 12, 25, 1, 0, 15, 28, 17, 24]}, {"capacity": 879, "impossibleCargos": [0, 1, 3, 4, 5, 6, 7, 8, 10, 11, 12, 13, 14, 15, 16, 17, 19, 20, 21, 24, 25, 26, 27, 28, 29], "neighbors": [14, 7, 16, 33, 20, 2, 27, 6, 8, 11, 5, 10, 13, 18, 21, 30, 0, 23]}, {"capacity": 895, "impossibleCargos": [0, 1, 2, 3, 4, 5, 6, 7, 8, 9, 10, 11, 12, 13, 16, 18, 19, 21, 22, 23, 26, 28, 29], "neighbors": [23, 15, 21, 22, 0, 33, 18, 6, 28, 12, 19, 25, 29, 3, 10]}, {"capacity": 924, "impossibleCargos": [0, 1, 2, 3, 4, 5, 6, 8, 9, 11, 12, 13, 15, 16, 18, 21, 22, 23, 24, 25, 26, 27, 28, 29], "neighbors": [18, 0, 17, 12, 29, 30, 3, 4, 21, 6, 8, 1, 2, 26, 16, 5, 33, 22, 15, 32]}, {"capacity": 986, "impossibleCargos": [0, 1, 2, 3, 5, 7, 9, 10, 11, 12, 13, 14, 15, 17, 18, 19, 20, 21, 23, 24, 25, 26, 27, 28, 29], "neighbors": [19, 32, 13, 26, 31, 1, 16, 27, 24, 6, 0, 11, 14, 5, 3, 17, 25, 18]}, {"capacity": 761, "impossibleCargos": [1, 2, 3, 4, 5, 10, 11, 16, 17, 18, 20, 22, 24, 26, 27, 28, 29], "neighbors": [27, 11, 12, 24, 22, 7, 3, 4, 15, 34, 26, 25, 14, 31, 30, 9, 23, 33, 5, 32, 20]}, {"capacity": 228, "impossibleCargos": [1, 2, 5, 6, 7, 10, 11, 12, 13, 14, 17, 19, 20, 21, 22, 23, 24, 26, 27, 28], "neighbors": [27, 14, 9, 23, 18, 10, 3, 24, 20, 33, 0, 34, 6, 25, 11, 4, 15, 7]}, {"capacity": 821, "impossibleCargos": [0, 1, 2, 3, 6, 7, 8, 9, 11, 12, 13, 15, 17, 18, 20, 21, 23, 24, 25, 26, 27, 28, 29], "neighbors": [14, 28, 5, 11, 17, 13, 7, 3, 20, 12, 26, 30, 25, 19, 15, 2, 33]}, {"capacity": 625, "impossibleCargos": [1, 2, 3, 4, 5, 6, 7, 9, 10, 11, 12, 13, 15, 17, 18, 19, 21, 22, 23, 25], "neighbors": [10, 15, 11, 27, 1, 34, 31, 4, 0, 5, 13, 18, 23, 9]}, {"capacity": 798, "impossibleCargos": [1, 3, 4, 6, 7, 8, 9, 12, 13, 14, 16, 17, 18, 19, 22, 23, 24, 27, 28, 29], "neighbors": [4, 21, 6, 25, 32, 12, 2, 10, 26, 17, 28, 22, 33, 5, 18, 31, 16]}, {"capacity": 784, "impossibleCargos": [1, 2, 4, 10, 11, 12, 13, 14, 16, 18, 19, 21, 22, 23, 24, 25, 26, 27], "neighbors": [20, 28, 13, 31, 14, 34, 29, 2, 27, 23, 7, 30, 4, 12, 22]}, {"capacity": 390, "impossibleCargos": [0, 3, 6, 7, 8, 9, 10, 12, 13, 14, 15, 16, 19, 21, 22, 24, 26, 27, 28], "neighbors": [33, 9, 10, 16, 13, 31, 3, 0, 26, 20, 7, 6, 14, 25, 4, 29, 32, 21]}, {"capacity": 270, "impossibleCargos": [4, 5, 7, 8, 10, 12, 13, 15, 16, 17, 19, 20, 21, 22, 23, 26, 27, 28, 29], "neighbors": [13, 3, 4, 32, 17, 30, 34, 21, 24, 27, 28, 9, 31, 6, 16, 5, 19, 29, 0, 12]}, {"capacity": 842, "impossibleCargos": [0, 1, 2, 3, 4, 7, 8, 9, 10, 11, 14, 15, 16, 17, 19, 20, 22, 23, 24, 26, 27, 28], "neighbors": [29, 16, 4, 3, 17, 23, 15, 25, 27, 26, 6, 11, 31]}, {"capacity": 863, "impossibleCargos": [0, 2, 3, 4, 7, 8, 9, 10, 12, 13, 14, 15, 16, 18, 19, 20, 21, 22, 23, 25, 27, 28, 29], "neighbors": [26, 29, 7, 20, 0, 30, 3, 28, 10, 11, 24, 16, 22, 17, 18, 13, 15]}, {"capacity": 568, "impossibleCargos": [1, 3, 4, 5, 7, 8, 9, 10, 11, 12, 13, 14, 19, 20, 23, 24, 25, 26, 27, 29], "neighbors": [30, 25, 15, 4, 6, 9, 20, 14, 22, 16, 0, 7, 18, 24, 34, 31, 10, 2]}, {"capacity": 983, "impossibleCargos": [0, 2, 3, 4, 5, 6, 8, 9, 10, 14, 15, 16, 17, 19, 20, 22, 23, 25, 26, 29], "neighbors": [16, 17, 31, 4, 19, 10, 29, 12, 30, 15, 5, 21, 23, 9, 24, 6, 33, 8, 2, 32]}, {"capacity": 803, "impossibleCargos": [0, 3, 4, 6, 7, 9, 10, 11, 13, 14, 16, 18, 21, 23, 24, 25, 26, 27, 29], "neighbors": [18, 33, 21, 10, 29, 13, 6, 5, 20, 25, 23, 4, 11, 34]}, {"capacity": 405, "impossibleCargos": [0, 2, 3, 4, 5, 7, 8, 9, 10, 11, 13, 14, 16, 19, 21, 22, 23, 25, 28, 29], "neighbors": [25, 24, 14, 6, 32, 33, 0, 28, 1, 11, 27, 21, 7, 34, 22, 13, 23, 10, 5]}, {"capacity": 209, "impossibleCargos": [1, 2, 3, 4, 5, 6, 7, 8, 9, 10, 11, 12, 14, 15, 16, 18, 19, 21, 22, 23, 24, 25, 26, 27, 28], "neighbors": [26, 14, 33, 1, 23, 11, 2, 27, 25, 34, 5, 18, 32, 21, 8, 16, 10, 12]}, {"capacity": 381, "impossibleCargos": [0, 3, 6, 7, 8, 9, 10, 11, 12, 13, 14, 15, 17, 18, 19, 21, 23, 24, 25, 26, 27, 29], "neighbors": [27, 21, 15, 22, 10, 8, 19, 23, 16, 20, 1, 26, 0, 24, 33]}, {"capacity": 916, "impossibleCargos": [0, 1, 3, 4, 5, 6, 7, 8, 9, 11, 12, 13, 14, 15, 17, 18, 19, 21, 24, 25, 27, 28, 29], "neighbors": [15, 7, 29, 23, 20, 2, 0, 1, 30, 14, 34, 3, 27, 22, 16]}, {"capacity": 417, "impossibleCargos": [0, 1, 2, 3, 4, 8, 11, 14, 15, 18, 19, 21, 22, 23, 26, 28, 29], "neighbors": [22, 28, 30, 29, 12, 13, 3, 17, 10, 20, 2, 7, 14, 27, 16, 6, 31, 18]}, {"capacity": 474, "impossibleCargos": [0, 1, 2, 3, 5, 6, 7, 8, 9, 11, 12, 14, 15, 16, 17, 18, 21, 22, 24, 25, 26, 27, 28, 29], "neighbors": [8, 21, 23, 16, 11, 19, 30, 17, 29, 4, 26, 32, 7, 28, 3, 2]}]}