{"volumes": [1285, 0, 591, 574, 117, 0, 392, 437, 1428, 136, 870, 780, 442, 0, 403, 0, 839, 0, 623, 0, 1124, 308, 0, 1233, 0, 1093, 619, 292, 399, 997], "conflicts": [[0, 17], [1, 3], [1, 5], [1, 6], [1, 13], [1, 24], [1, 25], [1, 28], [2, 4], [2, 13], [3, 5], [3, 11], [3, 17], [3, 22], [4, 5], [4, 9], [5, 10], [5, 11], [5, 12], [5, 15], [5, 17], [5, 18], [5, 19], [5, 26], [5, 28], [5, 29], [6, 19], [6, 21], [7, 13], [7, 24], [8, 24], [9, 13], [9, 18], [11, 15], [11, 24], [12, 19], [13, 14], [13, 18], [13, 19], [13, 20], [13, 21], [13, 25], [15, 16], [15, 17], [15, 20], [15, 21], [15, 28], [15, 29], [18, 24], [19, 21], [21, 23], [22, 26], [22, 27], [22, 29], [24, 26]], "tanks": [{"capacity": 757, "impossibleCargos": [5, 10, 21, 22, 23, 24, 27], "neighbors": [25, 34, 15, 23, 30, 22, 31, 17, 19, 5, 7, 3, 27, 12, 13, 29, 14, 4, 11, 21, 10, 28, 8, 26, 6, 2, 16, 20, 18, 1]}, {"capacity": 736, "impossibleCargos": [2, 6, 10, 18, 24, 26, 27], "neighbors": [20, 10, 18, 5, 19, 13, 25, 4, 7, 6, 3, 26, 29, 27, 31, 30, 22, 12, 21, 16, 14, 34, 15, 24, 32, 0, 33]}, {"capacity": 444, "impossibleCargos": [0, 2, 6, 7, 8, 10, 11, 12, 17, 18, 26], "neighbors": [11, 15, 19, 5, 14, 9, 4, 10, 27, 16, 6, 21, 28, 29, 33, 13, 30, 18, 32, 0, 26, 34, 7, 23, 25, 17, 3]}, {"capacity": 932, "impossibleCargos": [1, 3, 6, 7, 14, 15, 19, 20, 21, 27], "neighbors": [11, 24, 6, 19, 20, 31, 4, 14, 33, 0, 7, 1, 10, 30, 13, 28, 15, 5, 12, 29, 26, 21, 22, 2, 32]}, {"capacity": 420, "impossibleCargos": [9, 14, 24], "neighbors": [8, 13, 21, 27, 28, 2, 18, 1, 3, 29, 15, 10, 12, 25, 0, 22, 32, 7, 31, 20, 24, 19, 9, 5, 30, 34, 17, 23, 11]}, {"capacity": 454, "impossibleCargos": [0, 4, 9, 22, 28], "neighbors": [26, 32, 20, 29, 1, 2, 12, 8, 0, 23, 19, 18, 22, 33, 14, 24, 21, 13, 16, 9, 3, 4, 28, 25, 27, 6, 15, 7, 31, 11]}, {"capacity": 213, "impossibleCargos": [0, 14, 17, 19, 27], "neighbors": [13, 17, 29, 3, 26, 8, 15, 1, 2, 27, 7, 33, 22, 23, 0, 9, 19, 20, 16, 10, 31, 5, 30, 12, 11, 24]}, {"capacity": 726, "impossibleCargos": [7, 11, 16, 21, 26], "neighbors": [10, 26, 21, 0, 1, 9, 19, 13, 15, 3, 6, 31, 24, 25, 4, 11, 34, 33, 16, 30, 32, 28, 17, 2, 27, 5, 22]}, {"capacity": 545, "impossibleCargos": [2, 8, 9, 10, 13, 15, 18, 25, 28], "neighbors": [17, 32, 4, 18, 24, 26, 33, 10, 6, 5, 31, 25, 9, 21, 34, 0, 13, 27, 16, 20, 14]}, {"capacity": 572, "impossibleCargos": [12, 14, 24, 26], "neighbors": [30, 2, 15, 28, 7, 17, 8, 11, 25, 29, 34, 13, 6, 5, 4, 20, 19, 24, 32, 27, 22]}, {"capacity": 790, "impossibleCargos": [1, 3, 5, 7, 10, 17, 25, 28], "neighbors": [1, 24, 7, 30, 8, 22, 33, 2, 26, 34, 4, 19, 20, 15, 3, 0, 17, 16, 29, 28, 23, 14, 25, 27, 6, 31, 32, 18]}, {"capacity": 826, "impossibleCargos": [2, 3, 4, 5, 8, 9, 13, 20, 27], "neighbors": [2, 3, 15, 20, 19, 33, 21, 23, 14, 0, 17, 12, 9, 31, 7, 16, 32, 18, 25, 27, 28, 6, 29, 4, 5]}, {"capacity": 992, "impossibleCargos": [0, 2, 3, 4, 7, 10, 11, 12, 13, 15, 17, 19, 29], "neighbors": [23, 16, 5, 25, 33, 17, 18, 0, 34, 14, 4, 11, 1, 29, 22, 15, 32, 24, 3, 19, 6, 30]}, {"capacity": 229, "impossibleCargos": [11, 14, 16, 19, 20, 22, 25], "neighbors": [33, 26, 4, 6, 25, 31, 1, 15, 7, 32, 0, 17, 20, 3, 27, 18, 14, 8, 2, 9, 5, 24, 16]}, {"capacity": 528, "impossibleCargos": [2, 8, 15, 19, 23, 26], "neighbors": [20, 31, 2, 19, 3, 17, 16, 27, 23, 12, 0, 11, 26, 29, 13, 5, 10, 15, 32, 25, 1, 24, 22, 8]}, {"capacity": 403, "impossibleCargos": [3, 8, 10, 11, 22, 29], "neighbors": [33, 16, 0, 11, 2, 32, 34, 28, 21, 9, 6, 13, 7, 30, 4, 24, 18, 10, 27, 23, 25, 26, 17, 12, 3, 14, 29, 22, 1, 5, 20, 31, 19]}, {"capacity": 618, "impossibleCargos": [6, 9, 12, 13, 29], "neighbors": [22, 15, 12, 29, 2, 14, 33, 34, 21, 10, 28, 11, 32, 19, 5, 7, 23, 1, 26, 6, 0, 13, 8, 25, 18]}, {"capacity": 488, "impossibleCargos": [2, 5, 11, 18, 20, 25, 29], "neighbors": [8, 25, 27, 6, 21, 34, 29, 0, 32, 12, 9, 14, 13, 11, 23, 10, 15, 33, 30, 7, 24, 18, 19, 4, 2, 26, 22]}, {"capacity": 965, "impossibleCargos": [2, 16, 20, 23, 28], "neighbors": [21, 1, 8, 4, 24, 33, 12, 5, 27, 15, 28, 13, 2, 31, 22, 11, 25, 19, 17, 0, 10, 20, 16, 30, 32]}, {"capacity": 811, "impossibleCargos": [1, 7, 11, 13, 16, 22, 23, 25, 27, 28], "neighbors": [34, 2, 31, 3, 1, 11, 0, 30, 14, 5, 7, 26, 10, 20, 24, 22, 4, 16, 6, 29, 23, 12, 27, 18, 32, 17, 9, 33, 21, 25, 15]}, {"capacity": 948, "impossibleCargos": [0, 1, 7, 10], "neighbors": [1, 5, 29, 14, 11, 3, 33, 26, 13, 10, 19, 32, 4, 21, 25, 34, 6, 22, 9, 28, 0, 31, 8, 15, 24, 18]}, {"capacity": 720, "impossibleCargos": [5, 7, 9, 12, 17, 23, 25, 27, 28, 29], "neighbors": [18, 4, 17, 11, 15, 7, 2, 33, 0, 22, 16, 8, 20, 5, 31, 1, 26, 28, 34, 19, 3]}, {"capacity": 744, "impossibleCargos": [2, 7, 9, 10, 12, 15, 20, 26, 27, 29], "neighbors": [16, 0, 34, 10, 4, 5, 25, 21, 31, 19, 1, 33, 23, 12, 6, 18, 20, 15, 14, 27, 3, 9, 7, 17]}, {"capacity": 396, "impossibleCargos": [5, 9, 11, 16, 17, 24, 25], "neighbors": [12, 0, 5, 27, 11, 31, 14, 32, 15, 17, 22, 34, 6, 10, 16, 19, 2, 28, 33, 4, 24]}, {"capacity": 620, "impossibleCargos": [0, 2, 6, 7, 13, 20, 23, 26, 29], "neighbors": [34, 3, 10, 8, 27, 26, 18, 33, 15, 30, 32, 19, 7, 5, 4, 12, 13, 29, 17, 31, 14, 1, 9, 20, 23, 6]}, {"capacity": 608, "impossibleCargos": [0, 1, 2, 12, 13, 15, 20, 24, 25, 27], "neighbors": [0, 17, 13, 12, 1, 30, 8, 26, 4, 32, 34, 22, 15, 7, 9, 20, 10, 27, 5, 14, 2, 18, 11, 16, 29, 19, 28]}, {"capacity": 776, "impossibleCargos": [5, 6, 14, 16, 17, 22, 25, 26], "neighbors": [5, 13, 32, 8, 24, 7, 29, 6, 10, 19, 20, 25, 1, 14, 15, 33, 0, 34, 16, 2, 3, 21, 17]}, {"capacity": 738, "impossibleCargos": [0, 2, 3, 5, 6, 11, 14, 15, 20, 22, 24], "neighbors": [32, 17, 24, 30, 4, 23, 2, 0, 18, 6, 14, 1, 15, 13, 34, 25, 10, 8, 19, 5, 11, 28, 7, 9, 22]}, {"capacity": 643, "impossibleCargos": [1, 2, 4, 6, 7, 10, 12, 15, 17, 21, 28, 29], "neighbors": [31, 15, 30, 4, 9, 2, 18, 32, 3, 0, 16, 34, 10, 7, 5, 21, 20, 27, 23, 29, 11, 25, 33]}, {"capacity": 207, "impossibleCargos": [2, 5, 6, 9, 13, 16, 19, 20], "neighbors": [32, 5, 20, 6, 26, 17, 16, 4, 0, 1, 2, 30, 33, 14, 12, 9, 34, 10, 19, 24, 3, 15, 28, 25, 11]}, {"capacity": 515, "impossibleCargos": [3, 5, 8, 9, 24, 26], "neighbors": [9, 0, 10, 28, 27, 19, 25, 15, 34, 24, 3, 29, 31, 1, 2, 17, 7, 33, 4, 6, 18, 12]}, {"capacity": 317, "impossibleCargos": [3, 16, 20, 29], "neighbors": [28, 19, 14, 0, 13, 3, 8, 23, 7, 30, 1, 22, 11, 32, 4, 34, 21, 18, 6, 24, 20, 10, 15, 5]}, {"capacity": 550, "impossibleCargos": [4, 7, 14, 17, 27], "neighbors": [29, 27, 5, 8, 26, 15, 17, 13, 25, 4, 23, 24, 28, 31, 20, 12, 16, 2, 7, 11, 14, 19, 10, 1, 33, 9, 3, 18]}, {"capacity": 536, "impossibleCargos": [0, 5, 19, 22], "neighbors": [13, 15, 8, 11, 10, 12, 18, 3, 20, 24, 16, 21, 5, 29, 2, 22, 26, 6, 17, 7, 30, 23, 19, 32, 1, 28]}, {"capacity": 202, "impossibleCargos": [1, 13, 14, 18, 20, 22], "neighbors": [0, 24, 19, 15, 17, 22, 10, 30, 12, 25, 16, 8, 28, 7, 31, 20, 9, 29, 27, 23, 26, 2, 1, 4, 21]}]}