{"volumes": [0, 1412, 380, 918, 572, 0, 818, 841, 1372, 0, 0, 0, 0, 867, 1090, 0, 541, 0, 0, 816, 266, 316, 718, 1185, 922, 0, 1031, 0, 982, 0], "conflicts": [[0, 4], [0, 8], [0, 19], [0, 22], [0, 27], [0, 28], [1, 11], [1, 18], [2, 4], [2, 10], [2, 25], [2, 27], [2, 29], [3, 5], [3, 11], [4, 6], [4, 18], [4, 29], [5, 9], [5, 10], [5, 11], [5, 17], [5, 18], [5, 20], [5, 21], [6, 12], [6, 21], [7, 9], [7, 10], [7, 12], [7, 25], [8, 9], [8, 10], [9, 15], [9, 17], [9, 19], [9, 28], [10, 11], [10, 13], [10, 25], [10, 26], [10, 28], [11, 12], [11, 16], [11, 22], [11, 24], [11, 25], [11, 26], [12, 13], [12, 14], [12, 17], [12, 20], [12, 21], [12, 22], [12, 24], [12, 27], [14, 15], [14, 25], [15, 17], [15, 25], [16, 29], [17, 18], [17, 22], [17, 26], [18, 19], [18, 21], [18, 22], [18, 26], [20, 21], [20, 29], [21, 25], [24, 25], [25, 29]], "tanks": [{"capacity": 540, "impossibleCargos": [2, 5, 6, 8, 15, 19, 29], "neighbors": [15, 10, 23, 27, 31, 29, 28, 5, 17, 7, 2, 18, 20, 11, 6, 1, 26, 32, 13, 25, 4, 30, 12, 24, 22, 9, 33, 19, 16]}, {"capacity": 264, "impossibleCargos": [1, 11, 13, 14, 20, 24], "neighbors": [26, 29, 31, 20, 22, 12, 16, 17, 19, 34, 13, 0, 27, 28, 5, 9, 30, 23, 32, 21, 6, 14, 11, 4, 33, 18, 25]}, {"capacity": 948, "impossibleCargos": [2, 4, 7, 11, 14, 21, 22, 23], "neighbors": [18, 28, 30, 25, 9, 0, 19, 32, 34, 17, 8, 33, 3, 10, 23, 12, 7, 29, 26, 31, 24, 22, 21, 14, 27, 13, 5]}, {"capacity": 385, "impossibleCargos": [0, 4, 9, 20, 23, 24], "neighbors": [21, 14, 9, 12, 11, 27, 33, 26, 13, 28, 7, 24, 2, 20, 15, 8, 30, 10, 19, 31, 4, 17, 22, 18, 29, 5]}, {"capacity": 657, "impossibleCargos": [9, 20, 23, 29], "neighbors": [32, 12, 20, 29, 27, 15, 34, 13, 30, 33, 28, 14, 9, 6, 3, 19, 0, 31, 11, 16, 1, 17, 24, 25, 5, 10, 26]}, {"capacity": 752, "impossibleCargos": [3, 10, 14, 15, 16, 17, 20, 24, 25, 28], "neighbors": [12, 0, 15, 31, 23, 10, 14, 18, 28, 1, 17, 21, 3, 20, 6, 2, 4, 24]}, {"capacity": 414, "impossibleCargos": [16, 17, 21, 23, 25], "neighbors": [23, 29, 7, 22, 27, 18, 25, 14, 0, 26, 15, 16, 8, 34, 4, 1, 31, 11, 32, 13, 28, 5, 17, 21, 24, 19]}, {"capacity": 698, "impossibleCargos": [3, 6, 7, 11, 13, 17, 23, 26, 27, 29], "neighbors": [24, 16, 13, 11, 6, 9, 0, 33, 3, 12, 17, 10, 34, 22, 2, 25, 28, 29, 30, 31, 21, 23, 20]}, {"capacity": 688, "impossibleCargos": [1, 10, 21], "neighbors": [26, 29, 23, 2, 28, 3, 22, 17, 6, 15, 18, 25, 10, 33, 11, 19, 32, 31]}, {"capacity": 795, "impossibleCargos": [4, 5, 6, 9, 14, 22], "neighbors": [12, 16, 2, 3, 14, 7, 33, 29, 22, 18, 30, 11, 1, 34, 4, 20, 10, 19, 26, 24, 0, 21, 27, 32]}, {"capacity": 932, "impossibleCargos": [4, 9, 12, 14, 20, 21, 22, 23, 26, 29], "neighbors": [0, 15, 27, 18, 5, 22, 34, 32, 23, 2, 7, 25, 3, 9, 16, 29, 8, 33, 21, 12, 11, 13, 20, 31, 26, 28, 4]}, {"capacity": 780, "impossibleCargos": [0, 1, 13, 16, 17, 19, 26, 27], "neighbors": [12, 15, 33, 7, 34, 3, 14, 0, 29, 9, 24, 22, 26, 4, 27, 31, 8, 10, 32, 1, 6, 18, 21]}, {"capacity": 204, "impossibleCargos": [4, 6, 10, 12, 17, 23, 29], "neighbors": [11, 17, 5, 4, 9, 21, 22, 15, 18, 3, 26, 19, 23, 1, 7, 13, 2, 29, 28, 10, 0, 33, 27, 16, 30, 14, 25, 20]}, {"capacity": 201, "impossibleCargos": [5, 8, 11, 14, 28], "neighbors": [25, 18, 34, 29, 7, 3, 4, 14, 26, 27, 21, 33, 12, 1, 19, 0, 20, 23, 28, 22, 16, 10, 32, 6, 17, 2, 30]}, {"capacity": 484, "impossibleCargos": [1, 3, 5, 10, 12, 15, 18, 25], "neighbors": [3, 9, 18, 21, 11, 28, 20, 19, 29, 5, 13, 6, 4, 24, 23, 15, 27, 1, 34, 2, 26, 30, 17, 16, 12, 22]}, {"capacity": 978, "impossibleCargos": [10, 15, 19, 24], "neighbors": [32, 0, 11, 34, 10, 17, 12, 28, 5, 30, 20, 4, 24, 3, 6, 19, 8, 14, 29, 21, 31, 23, 18, 33]}, {"capacity": 840, "impossibleCargos": [2, 11, 16, 20, 27, 29], "neighbors": [24, 29, 30, 9, 7, 32, 21, 33, 1, 6, 17, 27, 10, 28, 23, 4, 13, 31, 12, 18, 14, 0]}, {"capacity": 220, "impossibleCargos": [11, 12, 15, 19, 22, 25, 27, 29], "neighbors": [12, 22, 15, 27, 0, 26, 34, 2, 33, 29, 1, 7, 23, 25, 16, 24, 8, 5, 20, 3, 19, 32, 21, 4, 14, 13, 6]}, {"capacity": 531, "impossibleCargos": [4, 6, 8, 10, 18, 21], "neighbors": [25, 2, 33, 13, 20, 26, 12, 28, 14, 10, 6, 19, 0, 9, 5, 29, 8, 21, 3, 23, 31, 22, 30, 11, 34, 16, 1, 27, 32, 15]}, {"capacity": 943, "impossibleCargos": [0, 2, 7, 12, 21, 22], "neighbors": [27, 12, 23, 2, 28, 18, 14, 31, 1, 21, 15, 3, 13, 29, 26, 4, 17, 25, 9, 8, 30, 0, 20, 33, 6]}, {"capacity": 399, "impossibleCargos": [4, 8, 10, 11, 14, 19, 20, 29], "neighbors": [4, 24, 1, 18, 15, 29, 14, 26, 31, 3, 22, 0, 28, 32, 13, 9, 23, 17, 25, 34, 10, 21, 27, 5, 19, 12, 7]}, {"capacity": 692, "impossibleCargos": [3, 6, 9, 14, 16, 24, 25], "neighbors": [12, 3, 14, 16, 13, 26, 19, 23, 18, 1, 29, 5, 31, 17, 10, 7, 2, 15, 28, 32, 11, 20, 22, 9, 6, 25]}, {"capacity": 428, "impossibleCargos": [0, 10, 12, 13, 18, 19, 24, 25, 27], "neighbors": [17, 33, 12, 1, 34, 29, 6, 10, 9, 20, 26, 30, 32, 8, 11, 7, 23, 3, 18, 2, 13, 0, 21, 27, 14]}, {"capacity": 998, "impossibleCargos": [1, 6, 10, 12, 13, 16], "neighbors": [6, 0, 29, 25, 8, 12, 19, 5, 32, 31, 34, 10, 2, 27, 17, 30, 21, 24, 14, 13, 20, 22, 1, 16, 18, 7, 26, 15, 33]}, {"capacity": 611, "impossibleCargos": [5, 8, 13, 14, 15, 26], "neighbors": [16, 26, 33, 20, 7, 32, 25, 34, 3, 15, 11, 17, 23, 14, 31, 2, 0, 9, 29, 4, 5, 6]}, {"capacity": 611, "impossibleCargos": [2, 4, 7, 13, 18, 25, 27], "neighbors": [18, 13, 2, 23, 27, 24, 6, 28, 17, 10, 26, 30, 29, 7, 0, 8, 20, 19, 31, 33, 1, 4, 12, 34, 21]}, {"capacity": 830, "impossibleCargos": [2, 7, 8, 18, 25, 27, 29], "neighbors": [24, 30, 1, 18, 8, 31, 17, 12, 3, 20, 13, 22, 27, 21, 6, 25, 0, 19, 11, 2, 34, 9, 23, 10, 14, 4]}, {"capacity": 216, "impossibleCargos": [8, 13, 17, 24, 27, 28, 29], "neighbors": [0, 10, 28, 17, 19, 25, 4, 3, 6, 30, 13, 23, 26, 29, 1, 16, 31, 32, 14, 11, 12, 33, 20, 18, 34, 2, 9, 22]}, {"capacity": 376, "impossibleCargos": [0, 13, 18, 19, 21], "neighbors": [29, 2, 34, 0, 31, 15, 27, 18, 14, 19, 3, 8, 30, 4, 25, 20, 1, 5, 12, 16, 13, 7, 21, 6, 10]}, {"capacity": 602, "impossibleCargos": [1, 3, 4, 8, 10, 13, 18, 22, 23], "neighbors": [28, 6, 16, 0, 1, 31, 23, 30, 4, 13, 33, 8, 22, 20, 9, 14, 34, 17, 11, 27, 18, 12, 25, 19, 10, 15, 7, 2, 21, 32, 3, 24]}, {"capacity": 415, "impossibleCargos": [9, 13, 14, 16, 19, 20, 21, 25, 26, 29], "neighbors": [26, 16, 2, 29, 15, 31, 27, 4, 28, 22, 9, 23, 3, 25, 1, 0, 7, 18, 12, 34, 14, 19, 13, 33]}, {"capacity": 888, "impossibleCargos": [0, 1, 5, 9, 14, 16, 26, 29], "neighbors": [0, 28, 1, 29, 26, 5, 32, 30, 23, 20, 34, 19, 3, 27, 24, 2, 7, 4, 21, 18, 11, 6, 25, 10, 16, 15, 8]}, {"capacity": 228, "impossibleCargos": [1, 5, 9, 11, 12, 14, 16, 29], "neighbors": [4, 15, 34, 24, 31, 16, 23, 2, 10, 22, 20, 0, 1, 27, 17, 29, 11, 6, 13, 21, 8, 18, 9]}, {"capacity": 821, "impossibleCargos": [5, 6, 7, 8, 11, 16, 19, 20, 21, 23, 27, 29], "neighbors": [18, 11, 24, 22, 29, 9, 3, 7, 17, 16, 2, 4, 13, 10, 8, 12, 25, 1, 27, 0, 23, 15, 19, 30]}, {"capacity": 772, "impossibleCargos": [6, 12, 15, 17, 20, 21, 24, 26], "neighbors": [15, 28, 13, 32, 22, 11, 17, 4, 2, 10, 29, 24, 23, 31, 1, 7, 9, 6, 20, 26, 14, 18, 30, 27, 25]}]}