{"volumes": [0, 323, 193, 0, 762, 0, 0, 0, 1279, 0, 0, 338, 565, 1440, 672, 425, 690, 603, 626, 664, 1018, 1148, 221, 2353, 695, 1318, 0, 0, 409, 0], "conflicts": [[0, 7], [0, 13], [0, 14], [0, 19], [0, 21], [0, 25], [0, 26], [1, 5], [1, 7], [1, 9], [1, 10], [1, 26], [2, 27], [3, 4], [3, 13], [3, 19], [3, 22], [3, 25], [3, 28], [3, 29], [5, 16], [5, 20], [5, 25], [5, 26], [6, 10], [6, 11], [6, 12], [6, 27], [7, 9], [7, 10], [7, 16], [7, 17], [7, 19], [7, 21], [7, 26], [7, 27], [7, 28], [9, 11], [9, 12], [9, 13], [9, 21], [9, 22], [9, 27], [9, 28], [9, 29], [10, 11], [10, 16], [10, 20], [11, 27], [12, 27], [12, 29], [13, 29], [14, 15], [14, 26], [15, 29], [18, 29], [19, 28], [19, 29], [20, 29], [23, 27], [26, 29], [27, 28]], "tanks": [{"capacity": 566, "impossibleCargos": [9, 14, 18, 21], "neighbors": [3, 21, 6, 32, 19, 24, 33, 29, 26, 27, 14, 17, 4, 10, 30, 7, 23, 34, 25, 22, 9, 1, 2, 31, 20, 15, 12]}, {"capacity": 596, "impossibleCargos": [0, 2, 3, 7, 10, 16, 27, 28], "neighbors": [6, 15, 10, 28, 30, 16, 2, 29, 19, 17, 24, 31, 11, 34, 7, 14, 33, 25, 12, 18, 0, 9, 32, 26, 27, 8, 20, 4]}, {"capacity": 718, "impossibleCargos": [0, 2, 15, 17, 27], "neighbors": [29, 30, 20, 16, 34, 26, 13, 23, 11, 1, 31, 10, 12, 8, 3, 15, 28, 6, 14, 21, 18, 24, 33, 32, 27, 7, 25, 0, 4]}, {"capacity": 917, "impossibleCargos": [1, 13, 16, 19, 20, 24, 27], "neighbors": [0, 29, 27, 15, 32, 17, 9, 22, 2, 6, 26, 18, 8, 33, 16, 21, 24, 34, 20, 13, 23, 11, 28, 30, 14]}, {"capacity": 823, "impossibleCargos": [0, 1, 5, 9, 15, 17, 21], "neighbors": [11, 33, 5, 26, 14, 31, 21, 20, 9, 13, 7, 32, 0, 23, 30, 34, 22, 27, 6, 17, 2, 10, 18, 1]}, {"capacity": 451, "impossibleCargos": [1, 4, 5, 16, 18, 24], "neighbors": [22, 8, 4, 10, 21, 16, 6, 24, 15, 12, 30, 28, 33, 19, 13, 34, 18, 17, 9, 14, 31]}, {"capacity": 661, "impossibleCargos": [1, 2, 4, 9, 14, 17, 20, 21, 28, 29], "neighbors": [26, 32, 1, 0, 22, 24, 5, 13, 17, 29, 21, 31, 23, 3, 33, 2, 30, 4, 16, 11, 18, 12]}, {"capacity": 615, "impossibleCargos": [1, 4, 5, 11, 15, 23, 28], "neighbors": [8, 28, 31, 9, 14, 10, 33, 17, 26, 4, 21, 32, 11, 1, 12, 34, 18, 0, 25, 29, 24, 20, 27, 2, 23]}, {"capacity": 938, "impossibleCargos": [1, 6, 7, 11, 17, 22, 29], "neighbors": [19, 15, 18, 5, 7, 27, 10, 24, 26, 30, 23, 22, 13, 20, 14, 2, 3, 11, 32, 1, 34]}, {"capacity": 435, "impossibleCargos": [4, 7, 9, 10, 14, 19, 20, 29], "neighbors": [14, 31, 28, 7, 32, 17, 25, 4, 11, 22, 3, 27, 33, 16, 34, 24, 23, 30, 21, 5, 26, 10, 12, 29, 0, 18, 1]}, {"capacity": 532, "impossibleCargos": [2, 9, 15, 25], "neighbors": [23, 15, 29, 5, 1, 8, 17, 20, 7, 31, 24, 2, 11, 0, 25, 12, 9, 21, 16, 28, 30, 32, 4, 18]}, {"capacity": 753, "impossibleCargos": [0, 5, 6, 7, 11, 13, 16, 27], "neighbors": [4, 28, 30, 19, 33, 12, 32, 34, 2, 27, 15, 9, 1, 10, 18, 7, 21, 16, 8, 13, 23, 25, 6, 17, 3, 26, 14]}, {"capacity": 928, "impossibleCargos": [1, 2, 6, 9, 16, 18, 24], "neighbors": [32, 33, 20, 13, 21, 11, 25, 23, 5, 30, 28, 27, 17, 2, 19, 7, 34, 10, 15, 1, 24, 9, 14, 6, 22, 0]}, {"capacity": 747, "impossibleCargos": [0, 4, 5, 8, 10, 24, 25, 27, 29], "neighbors": [14, 32, 29, 26, 27, 12, 30, 2, 6, 8, 4, 5, 22, 19, 15, 16, 23, 18, 11, 31, 3, 17, 20, 21]}, {"capacity": 389, "impossibleCargos": [5, 7, 9, 21, 29], "neighbors": [13, 9, 19, 29, 15, 4, 21, 7, 28, 18, 0, 27, 8, 33, 1, 25, 32, 30, 2, 5, 34, 12, 17, 11, 3]}, {"capacity": 870, "impossibleCargos": [2, 4, 7, 12, 19, 28], "neighbors": [8, 19, 10, 17, 1, 14, 30, 29, 3, 16, 5, 21, 11, 32, 34, 23, 2, 13, 24, 28, 12, 33, 18, 31, 0, 27, 20]}, {"capacity": 929, "impossibleCargos": [2, 7, 9, 21, 28], "neighbors": [32, 26, 34, 20, 2, 5, 17, 28, 15, 1, 31, 21, 24, 33, 9, 11, 23, 13, 3, 18, 30, 10, 6, 27, 29]}, {"capacity": 378, "impossibleCargos": [3, 7, 8, 19, 23, 27, 28, 29], "neighbors": [19, 15, 25, 32, 28, 10, 21, 29, 16, 9, 7, 6, 0, 3, 12, 1, 30, 5, 27, 4, 34, 26, 13, 11, 14, 18, 23]}, {"capacity": 792, "impossibleCargos": [0, 3, 6, 8, 14, 15, 16, 24, 26, 28], "neighbors": [23, 8, 20, 34, 30, 21, 24, 14, 32, 22, 11, 5, 31, 7, 3, 13, 2, 28, 16, 1, 15, 9, 6, 33, 17, 27, 4, 10, 19]}, {"capacity": 300, "impossibleCargos": [3, 6, 8, 10, 14], "neighbors": [8, 28, 20, 14, 29, 17, 15, 30, 33, 11, 25, 0, 27, 34, 26, 1, 5, 31, 12, 13, 24, 21, 18]}, {"capacity": 299, "impossibleCargos": [0, 1, 2, 8, 16, 21], "neighbors": [19, 30, 12, 18, 33, 2, 16, 10, 21, 28, 4, 8, 34, 23, 25, 7, 3, 24, 22, 0, 1, 13, 29, 15]}, {"capacity": 482, "impossibleCargos": [0, 2, 5, 7, 9, 10, 12, 14, 20, 23, 24], "neighbors": [27, 32, 0, 5, 14, 18, 17, 12, 20, 4, 24, 16, 15, 6, 28, 31, 7, 25, 11, 30, 9, 2, 3, 10, 34, 13, 19]}, {"capacity": 732, "impossibleCargos": [0, 6, 8, 11, 19, 21, 26, 29], "neighbors": [5, 25, 6, 24, 18, 8, 9, 3, 23, 27, 13, 28, 34, 4, 0, 20, 31, 26, 12]}, {"capacity": 430, "impossibleCargos": [3, 5, 12, 15, 16, 20, 21, 24, 25, 26, 29], "neighbors": [30, 18, 10, 34, 33, 26, 2, 12, 8, 32, 20, 15, 6, 22, 4, 9, 16, 13, 0, 25, 11, 24, 3, 31, 7, 17, 28]}, {"capacity": 570, "impossibleCargos": [0, 1, 4, 6, 7, 13, 19, 22, 23, 24, 26, 27, 28], "neighbors": [25, 29, 8, 18, 6, 22, 0, 5, 21, 28, 10, 1, 16, 9, 15, 12, 2, 3, 30, 27, 7, 20, 23, 19]}, {"capacity": 739, "impossibleCargos": [6, 9, 11, 12, 17, 20, 21], "neighbors": [24, 22, 17, 19, 12, 27, 9, 33, 21, 14, 1, 10, 29, 7, 20, 0, 31, 23, 11, 2, 32, 28]}, {"capacity": 789, "impossibleCargos": [6, 7, 8, 9, 14, 17, 19, 21, 23], "neighbors": [16, 6, 13, 27, 4, 32, 8, 2, 0, 23, 19, 30, 7, 31, 3, 29, 33, 34, 9, 28, 17, 11, 1, 22]}, {"capacity": 747, "impossibleCargos": [9, 16, 18, 25, 27, 28, 29], "neighbors": [32, 29, 21, 13, 8, 26, 3, 19, 0, 14, 25, 12, 11, 34, 9, 22, 33, 17, 28, 4, 24, 2, 7, 16, 1, 31, 18, 15, 30]}, {"capacity": 255, "impossibleCargos": [5, 8, 9, 10, 11, 12, 17, 23], "neighbors": [19, 11, 9, 7, 17, 1, 29, 14, 16, 31, 24, 20, 12, 30, 5, 21, 2, 22, 33, 15, 18, 32, 27, 34, 26, 10, 3, 23, 25]}, {"capacity": 669, "impossibleCargos": [2, 3, 6, 7, 8, 11, 14, 17, 21, 24, 29], "neighbors": [34, 2, 14, 19, 27, 24, 13, 10, 3, 17, 15, 28, 0, 6, 31, 1, 32, 33, 26, 25, 7, 9, 16, 20]}, {"capacity": 897, "impossibleCargos": [1, 3, 5, 9, 10, 21, 24, 27], "neighbors": [23, 20, 2, 33, 11, 19, 18, 15, 13, 1, 8, 12, 5, 26, 28, 17, 0, 31, 4, 21, 9, 14, 32, 6, 16, 24, 34, 10, 3, 27]}, {"capacity": 772, "impossibleCargos": [1, 2, 3, 5, 6, 10, 13, 16, 20, 26], "neighbors": [9, 7, 4, 10, 28, 29, 16, 2, 34, 1, 26, 6, 19, 21, 18, 30, 32, 25, 13, 15, 0, 5, 27, 22, 23]}, {"capacity": 570, "impossibleCargos": [1, 2, 6, 8, 13, 14, 21], "neighbors": [16, 12, 27, 13, 6, 21, 17, 0, 26, 11, 9, 3, 18, 23, 15, 29, 4, 7, 14, 30, 28, 31, 2, 8, 1, 25, 10, 34]}, {"capacity": 459, "impossibleCargos": [5, 8, 10, 15, 20, 24, 25, 29], "neighbors": [12, 30, 4, 20, 19, 23, 11, 0, 7, 29, 25, 5, 9, 16, 14, 1, 27, 6, 26, 3, 28, 15, 34, 2, 18]}, {"capacity": 525, "impossibleCargos": [7, 14, 15, 21, 25], "neighbors": [29, 16, 23, 18, 2, 11, 19, 31, 27, 15, 20, 5, 1, 9, 7, 22, 4, 12, 0, 26, 33, 28, 3, 14, 30, 17, 21, 32, 8]}]}