{"volumes": [0, 205, 0, 0, 0, 0, 220, 247, 0, 268, 469, 493, 292, 202, 0, 234, 431, 527, 211, 982, 231, 0, 273, 219, 198, 0, 734, 691, 258, 781], "conflicts": [[0, 1], [0, 2], [0, 3], [0, 10], [0, 14], [0, 15], [0, 21], [0, 24], [0, 27], [1, 16], [1, 17], [1, 20], [1, 21], [1, 24], [2, 4], [2, 6], [2, 11], [2, 21], [3, 10], [3, 13], [3, 17], [3, 18], [3, 22], [3, 25], [4, 5], [4, 11], [4, 16], [4, 22], [4, 23], [4, 24], [4, 29], [5, 7], [5, 13], [5, 15], [5, 24], [6, 8], [6, 20], [6, 21], [6, 27], [7, 8], [7, 13], [7, 18], [7, 20], [8, 9], [8, 12], [8, 17], [8, 18], [8, 19], [8, 26], [9, 12], [9, 14], [9, 15], [9, 18], [9, 27], [10, 14], [11, 16], [11, 28], [12, 14], [12, 18], [12, 19], [13, 14], [13, 25], [14, 24], [14, 25], [14, 28], [14, 29], [15, 17], [15, 25], [17, 20], [17, 25], [19, 25], [20, 24], [20, 25], [20, 28], [21, 27], [21, 29], [25, 26]], "tanks": [{"capacity": 285, "impossibleCargos": [7, 9, 14, 16, 17, 20, 21, 23, 27], "neighbors": [7, 24, 1, 8, 18, 22, 12, 27, 14]}, {"capacity": 235, "impossibleCargos": [4, 16, 18, 19, 23, 24, 25, 28], "neighbors": [6, 18, 20, 0, 26, 11, 14, 17, 13, 27, 4]}, {"capacity": 246, "impossibleCargos": [1, 6, 16, 22, 28], "neighbors": [12, 8, 27, 10, 3]}, {"capacity": 259, "impossibleCargos": [14, 15, 22, 26], "neighbors": [22, 15, 10, 32, 26, 12, 2, 27]}, {"capacity": 239, "impossibleCargos": [2, 5, 10, 11, 12, 14, 15, 20, 23, 25, 28], "neighbors": [30, 26, 8, 24, 11, 9, 1]}, {"capacity": 215, "impossibleCargos": [7, 15, 18, 21, 24, 28, 29], "neighbors": [16, 20, 31, 30, 23]}, {"capacity": 241, "impossibleCargos": [8, 9, 15, 16, 19, 22, 23, 29], "neighbors": [1, 8, 11, 13, 32, 7, 19, 34, 16, 18, 28, 26]}, {"capacity": 257, "impossibleCargos": [4, 5, 7, 21, 23, 24, 26], "neighbors": [0, 21, 27, 18, 34, 6, 28, 31, 8, 9]}, {"capacity": 285, "impossibleCargos": [1, 3, 4, 5, 9, 14, 23, 25, 26], "neighbors": [29, 6, 4, 0, 15, 2, 25, 21, 24, 9, 34, 7]}, {"capacity": 227, "impossibleCargos": [3, 5, 6, 12, 14, 16, 21, 23], "neighbors": [19, 11, 25, 8, 4, 7]}, {"capacity": 239, "impossibleCargos": [1, 3, 7, 11, 13], "neighbors": [3, 11, 31, 12, 13, 14, 17, 34, 2, 32, 21, 30]}, {"capacity": 217, "impossibleCargos": [0, 6, 8, 9, 17, 24, 28, 29], "neighbors": [23, 10, 9, 25, 6, 1, 32, 31, 27, 4]}, {"capacity": 217, "impossibleCargos": [0, 4, 6, 9, 11, 14, 28, 29], "neighbors": [2, 13, 10, 16, 34, 27, 3, 28, 0, 18]}, {"capacity": 222, "impossibleCargos": [2, 7, 11, 17, 23, 27], "neighbors": [21, 12, 20, 30, 6, 10, 27, 1, 29]}, {"capacity": 258, "impossibleCargos": [7, 11, 12, 14, 16, 17, 21, 25], "neighbors": [16, 29, 10, 26, 34, 1, 28, 18, 0]}, {"capacity": 232, "impossibleCargos": [18, 22, 26, 29], "neighbors": [3, 8, 32, 28]}, {"capacity": 295, "impossibleCargos": [4, 23], "neighbors": [5, 21, 14, 24, 12, 19, 6, 34]}, {"capacity": 295, "impossibleCargos": [1, 5, 9, 12, 15, 16, 22, 24], "neighbors": [19, 10, 1]}, {"capacity": 251, "impossibleCargos": [6, 10, 21, 28], "neighbors": [1, 7, 0, 26, 25, 19, 6, 33, 14, 12]}, {"capacity": 268, "impossibleCargos": [0, 1, 2, 4, 7, 8, 9, 15, 17, 25, 26, 28], "neighbors": [17, 9, 16, 6, 18]}, {"capacity": 272, "impossibleCargos": [3, 4, 6, 9, 10, 15, 17, 18, 27], "neighbors": [5, 1, 13, 30, 26, 31, 24, 33]}, {"capacity": 293, "impossibleCargos": [0, 3, 5, 8, 9, 10, 19, 22, 23, 25], "neighbors": [7, 16, 26, 13, 24, 30, 8, 23, 10, 34]}, {"capacity": 281, "impossibleCargos": [7, 8, 13, 21, 22, 29], "neighbors": [3, 0, 28, 31]}, {"capacity": 262, "impossibleCargos": [5, 6, 20, 21, 22, 23], "neighbors": [11, 30, 21, 5]}, {"capacity": 276, "impossibleCargos": [7, 11, 13, 16, 18, 20, 28], "neighbors": [0, 29, 16, 21, 4, 31, 20, 27, 8, 25, 32, 26]}, {"capacity": 213, "impossibleCargos": [3, 12, 16, 26, 28], "neighbors": [11, 26, 18, 8, 31, 9, 24]}, {"capacity": 260, "impossibleCargos": [3, 5, 6, 7, 9, 11, 12, 14, 16, 20, 21, 29], "neighbors": [4, 21, 1, 20, 14, 18, 25, 3, 28, 29, 24, 31, 6]}, {"capacity": 260, "impossibleCargos": [20, 23, 26], "neighbors": [7, 13, 2, 24, 11, 12, 1, 29, 0, 3]}, {"capacity": 266, "impossibleCargos": [0, 4, 14, 15, 17, 23, 26, 27, 28], "neighbors": [34, 7, 22, 15, 14, 26, 31, 12, 6]}, {"capacity": 249, "impossibleCargos": [0, 6, 8, 18, 24, 25, 27], "neighbors": [8, 24, 14, 32, 31, 33, 13, 26, 27]}, {"capacity": 282, "impossibleCargos": [1, 2, 4, 10, 11, 12, 15, 16, 19, 26, 28], "neighbors": [4, 23, 34, 13, 20, 5, 21, 32, 10]}, {"capacity": 252, "impossibleCargos": [4, 9, 13, 16, 17, 19], "neighbors": [5, 10, 32, 29, 20, 24, 25, 11, 22, 28, 7, 26]}, {"capacity": 206, "impossibleCargos": [0, 3, 4, 7, 10, 11, 12, 15], "neighbors": [31, 3, 29, 6, 11, 15, 30, 24, 10]}, {"capacity": 299, "impossibleCargos": [0, 3, 4, 15, 26], "neighbors": [29, 18, 20, 34]}, {"capacity": 201, "impossibleCargos": [0, 5, 7, 12, 21, 22, 23, 27], "neighbors": [30, 12, 14, 7, 10, 28, 6, 16, 33, 8, 21]}]}