{"volumes": [978, 445, 500, 0, 0, 582, 0, 0, 247, 196, 0, 202, 740, 269, 236, 209, 456, 0, 516, 0, 0, 203, 263, 261, 0, 248, 450, 279, 480, 508], "conflicts": [[0, 3], [0, 7], [0, 10], [0, 17], [1, 2], [1, 3], [1, 19], [1, 22], [2, 9], [2, 10], [2, 11], [2, 27], [3, 7], [3, 9], [3, 17], [3, 20], [3, 21], [3, 23], [3, 25], [3, 26], [3, 27], [4, 7], [4, 9], [4, 10], [4, 15], [4, 21], [4, 22], [4, 26], [5, 6], [5, 10], [6, 9], [6, 10], [6, 18], [6, 19], [6, 20], [6, 24], [6, 25], [6, 28], [7, 10], [7, 11], [7, 15], [7, 16], [7, 17], [7, 19], [7, 22], [7, 24], [7, 26], [7, 29], [8, 14], [8, 19], [8, 29], [9, 15], [9, 22], [9, 25], [10, 11], [10, 22], [10, 24], [11, 19], [11, 24], [11, 25], [12, 19], [12, 20], [13, 20], [13, 29], [14, 18], [14, 19], [14, 21], [14, 24], [14, 26], [14, 27], [14, 28], [15, 27], [15, 28], [16, 26], [17, 19], [17, 20], [17, 24], [17, 26], [17, 27], [18, 20], [19, 22], [20, 25], [20, 27], [21, 23], [21, 27], [23, 29], [24, 26], [24, 27], [25, 27], [25, 29], [27, 28]], "tanks": [{"capacity": 259, "impossibleCargos": [1, 2, 6, 10, 13, 16, 17, 20, 25, 26, 28], "neighbors": [13, 1, 32, 16, 34, 14, 12, 23, 4, 20, 19]}, {"capacity": 292, "impossibleCargos": [0, 3, 8, 9, 14, 16, 19, 27], "neighbors": [5, 0, 31, 4, 14, 16, 10, 7]}, {"capacity": 215, "impossibleCargos": [8, 11, 17, 24, 26], "neighbors": [19, 8, 16, 3, 28, 10, 34, 25, 11, 20, 14]}, {"capacity": 235, "impossibleCargos": [1, 6, 9, 16, 17, 18, 20, 23], "neighbors": [27, 34, 9, 2, 10, 28, 30]}, {"capacity": 293, "impossibleCargos": [1, 15, 18, 20, 24, 28], "neighbors": [21, 28, 30, 12, 1, 25, 32, 15, 6, 31, 0, 19]}, {"capacity": 290, "impossibleCargos": [3, 14, 17, 27, 29], "neighbors": [28, 1, 11, 12, 8, 32, 6, 26, 13, 16, 14]}, {"capacity": 225, "impossibleCargos": [3, 9, 13, 14, 18, 21, 26], "neighbors": [13, 15, 10, 5, 4, 17, 16, 31]}, {"capacity": 208, "impossibleCargos": [1, 2, 3, 8, 20, 23, 26], "neighbors": [17, 14, 33, 19, 13, 16, 1]}, {"capacity": 236, "impossibleCargos": [1, 4, 10, 18, 28], "neighbors": [2, 33, 14, 29, 5, 26]}, {"capacity": 207, "impossibleCargos": [0, 2, 9, 10, 14, 17, 21, 27, 29], "neighbors": [10, 3, 21, 28, 13, 17, 34, 26]}, {"capacity": 276, "impossibleCargos": [10, 12, 14, 16, 18, 20, 21], "neighbors": [16, 19, 17, 9, 11, 6, 22, 2, 34, 3, 27, 18, 1, 33]}, {"capacity": 247, "impossibleCargos": [1, 2, 11, 12, 18, 24, 26], "neighbors": [18, 5, 10, 2, 22, 14]}, {"capacity": 225, "impossibleCargos": [1, 4, 9, 11, 12, 13, 16, 27, 28], "neighbors": [4, 5, 0, 15, 30]}, {"capacity": 212, "impossibleCargos": [0, 5, 7, 17, 18, 23, 24, 25, 28], "neighbors": [0, 34, 28, 6, 9, 7, 5, 26, 31]}, {"capacity": 223, "impossibleCargos": [2, 9, 17, 23], "neighbors": [26, 34, 31, 7, 0, 8, 1, 2, 18, 11, 33, 5]}, {"capacity": 291, "impossibleCargos": [5, 6, 10, 14, 19, 20], "neighbors": [31, 23, 6, 19, 22, 4, 12, 16, 33]}, {"capacity": 296, "impossibleCargos": [2, 3, 6, 7, 19, 26], "neighbors": [23, 10, 0, 2, 27, 33, 15, 1, 6, 7, 5]}, {"capacity": 208, "impossibleCargos": [0, 2, 3, 4, 16, 21, 22, 23, 26], "neighbors": [10, 7, 28, 9, 32, 19, 6]}, {"capacity": 260, "impossibleCargos": [2, 5, 6, 9, 10, 12, 19, 20, 22], "neighbors": [25, 11, 14, 10]}, {"capacity": 264, "impossibleCargos": [1, 11, 18, 27, 28], "neighbors": [10, 21, 2, 15, 33, 7, 30, 17, 4, 22, 20, 0]}, {"capacity": 225, "impossibleCargos": [5, 8, 14, 16, 19, 20, 22, 26], "neighbors": [33, 32, 27, 30, 2, 25, 0, 19]}, {"capacity": 293, "impossibleCargos": [1, 9, 13, 16], "neighbors": [4, 32, 19, 31, 30, 9, 34, 33, 22]}, {"capacity": 221, "impossibleCargos": [0, 14, 21, 24], "neighbors": [34, 10, 15, 29, 30, 19, 11, 21]}, {"capacity": 295, "impossibleCargos": [4, 5, 9, 11, 15, 21, 22, 23, 24, 29], "neighbors": [16, 27, 26, 15, 32, 0]}, {"capacity": 256, "impossibleCargos": [3, 5, 9, 12, 15, 18, 19, 22, 26, 28], "neighbors": [30]}, {"capacity": 265, "impossibleCargos": [9, 10, 15, 24, 25], "neighbors": [18, 33, 34, 4, 2, 20]}, {"capacity": 298, "impossibleCargos": [0, 1, 3, 15, 16, 19, 25], "neighbors": [14, 23, 27, 32, 5, 8, 13, 34, 9]}, {"capacity": 237, "impossibleCargos": [7, 12, 13, 15, 18, 20, 22], "neighbors": [3, 23, 20, 32, 26, 16, 10]}, {"capacity": 270, "impossibleCargos": [13, 17, 18, 21, 24, 25], "neighbors": [5, 4, 13, 2, 9, 17, 3, 34]}, {"capacity": 247, "impossibleCargos": [0, 6, 21, 25, 27, 29], "neighbors": [30, 22, 8, 33]}, {"capacity": 285, "impossibleCargos": [6, 9, 11, 12, 13, 14, 17, 19, 21], "neighbors": [4, 29, 21, 20, 22, 19, 24, 3, 12]}, {"capacity": 281, "impossibleCargos": [2, 11, 13, 14, 28, 29], "neighbors": [21, 15, 14, 1, 33, 4, 13, 6]}, {"capacity": 269, "impossibleCargos": [0, 4, 9, 10, 11, 15, 20, 22, 26], "neighbors": [21, 20, 0, 23, 27, 4, 26, 5, 17, 33]}, {"capacity": 259, "impossibleCargos": [1, 2, 10, 11, 19, 22, 27], "neighbors": [25, 20, 8, 7, 31, 19, 29, 16, 21, 32, 14, 10, 15]}, {"capacity": 202, "impossibleCargos": [1, 2, 4, 7, 8, 13, 21, 23], "neighbors": [14, 13, 3, 22, 25, 0, 10, 21, 2, 26, 28, 9]}]}