{"volumes": [557, 0, 229, 0, 438, 706, 195, 0, 238, 0, 433, 450, 709, 0, 249, 191, 0, 536, 247, 755, 0, 210, 964, 0, 0, 287, 0, 0, 524, 269], "conflicts": [[0, 1], [0, 3], [0, 7], [0, 9], [0, 11], [0, 15], [0, 17], [0, 20], [0, 24], [1, 4], [1, 5], [1, 6], [1, 9], [1, 11], [1, 12], [1, 14], [1, 16], [1, 17], [1, 18], [1, 20], [1, 22], [1, 24], [1, 26], [1, 28], [1, 29], [2, 3], [2, 4], [2, 8], [2, 14], [2, 16], [2, 18], [2, 19], [2, 20], [2, 23], [2, 26], [3, 6], [3, 7], [3, 8], [3, 9], [3, 13], [3, 14], [3, 15], [3, 17], [3, 20], [3, 22], [3, 23], [3, 25], [3, 26], [3, 27], [3, 29], [4, 7], [4, 13], [4, 20], [4, 23], [4, 26], [5, 6], [5, 7], [5, 9], [5, 13], [5, 18], [5, 27], [6, 7], [6, 12], [6, 15], [6, 16], [6, 29], [7, 8], [7, 11], [7, 12], [7, 14], [7, 15], [7, 16], [7, 17], [7, 18], [7, 21], [7, 23], [7, 24], [7, 25], [7, 26], [7, 27], [8, 9], [8, 10], [8, 13], [8, 15], [8, 16], [8, 20], [8, 23], [9, 10], [9, 11], [9, 12], [9, 19], [9, 20], [9, 21], [9, 22], [9, 27], [9, 28], [9, 29], [10, 17], [10, 24], [10, 26], [10, 27], [10, 29], [11, 14], [11, 15], [11, 17], [11, 26], [11, 27], [12, 15], [12, 20], [12, 23], [12, 24], [12, 27], [12, 28], [13, 14], [13, 17], [13, 18], [13, 19], [13, 20], [13, 22], [13, 23], [13, 26], [13, 27], [13, 28], [14, 19], [14, 20], [14, 23], [14, 24], [14, 25], [14, 26], [14, 27], [14, 28], [14, 29], [15, 20], [15, 25], [15, 26], [16, 18], [16, 19], [16, 23], [16, 25], [16, 26], [16, 27], [16, 28], [17, 19], [17, 20], [17, 22], [17, 23], [17, 25], [17, 26], [17, 27], [17, 29], [18, 20], [18, 21], [18, 24], [18, 26], [19, 20], [19, 24], [20, 22], [20, 23], [20, 24], [20, 25], [20, 28], [21, 25], [21, 27], [22, 27], [22, 28], [23, 26], [23, 28], [23, 29], [24, 26], [24, 27], [25, 26], [25, 27], [26, 27], [26, 28], [27, 29]], "tanks": [{"capacity": 297, "impossibleCargos": [2, 4, 5, 9, 14, 15, 22, 24, 27], "neighbors": [23, 27, 31, 34, 17, 5, 13, 11, 21, 28]}, {"capacity": 287, "impossibleCargos": [1, 2, 4, 9, 23, 27, 28], "neighbors": [14, 19, 22, 10, 30, 2, 24]}, {"capacity": 262, "impossibleCargos": [1, 2, 5, 9, 11, 13, 17, 18, 23, 29], "neighbors": [5, 9, 27, 33, 1, 24, 8, 18, 16]}, {"capacity": 225, "impossibleCargos": [1, 5, 8, 10, 16, 21, 22], "neighbors": [16, 17, 26, 21]}, {"capacity": 200, "impossibleCargos": [8, 12, 15, 16, 19, 22], "neighbors": [13, 31, 20, 19]}, {"capacity": 273, "impossibleCargos": [0, 1, 2, 8, 11, 13, 17, 22], "neighbors": [2, 18, 20, 16, 21, 6, 27, 0, 11]}, {"capacity": 213, "impossibleCargos": [1, 2, 10, 18, 21, 22, 24, 25, 26], "neighbors": [15, 5, 12, 31, 9, 20, 23]}, {"capacity": 265, "impossibleCargos": [0, 3, 11, 21, 26], "neighbors": [8, 22, 16, 13, 10, 15, 32]}, {"capacity": 271, "impossibleCargos": [1, 2, 3, 9, 11, 15, 16, 24, 26, 27, 29], "neighbors": [7, 33, 25, 13, 32, 11, 19, 29, 26, 9, 2, 18]}, {"capacity": 298, "impossibleCargos": [8, 10, 13, 14, 15, 22, 24, 27], "neighbors": [32, 21, 29, 34, 2, 12, 15, 6, 8]}, {"capacity": 269, "impossibleCargos": [5, 9, 11, 14, 17, 25], "neighbors": [32, 23, 14, 1, 7]}, {"capacity": 260, "impossibleCargos": [0, 4, 26], "neighbors": [34, 15, 18, 31, 29, 28, 8, 0, 25, 19, 5, 22]}, {"capacity": 261, "impossibleCargos": [1, 2, 8, 13, 17, 21, 29], "neighbors": [17, 24, 6, 34, 31, 9, 13, 15]}, {"capacity": 281, "impossibleCargos": [9, 11, 17, 27], "neighbors": [15, 4, 31, 17, 7, 8, 0, 30, 28, 12, 23]}, {"capacity": 279, "impossibleCargos": [2, 6, 11, 17, 29], "neighbors": [17, 1, 28, 23, 10, 32, 18, 26]}, {"capacity": 233, "impossibleCargos": [1, 2, 6, 9, 20, 28], "neighbors": [13, 11, 20, 6, 28, 34, 16, 9, 24, 26, 21, 7, 32, 12]}, {"capacity": 214, "impossibleCargos": [5, 14, 23, 29], "neighbors": [7, 3, 5, 15, 25, 26, 2]}, {"capacity": 216, "impossibleCargos": [11, 12, 13, 14, 19, 24, 25, 27, 28, 29], "neighbors": [14, 19, 22, 29, 32, 12, 13, 3, 0, 23]}, {"capacity": 255, "impossibleCargos": [0, 1, 7, 19, 22, 26], "neighbors": [5, 11, 28, 27, 14, 2, 8]}, {"capacity": 216, "impossibleCargos": [0, 5, 10, 13, 18, 19, 20], "neighbors": [17, 1, 21, 34, 25, 23, 29, 8, 4, 11]}, {"capacity": 295, "impossibleCargos": [0, 5, 8, 9, 11, 19, 22, 24, 28], "neighbors": [15, 30, 5, 31, 4, 6, 28]}, {"capacity": 291, "impossibleCargos": [4, 11, 12, 17, 23, 27], "neighbors": [9, 19, 5, 26, 33, 15, 3, 0]}, {"capacity": 234, "impossibleCargos": [0, 4, 9, 12, 14, 15], "neighbors": [7, 25, 17, 33, 1, 29, 27, 26, 11]}, {"capacity": 226, "impossibleCargos": [11, 12, 22], "neighbors": [0, 10, 14, 33, 19, 29, 31, 17, 25, 6, 34, 13, 27]}, {"capacity": 297, "impossibleCargos": [3, 4, 6, 9, 10, 13, 23], "neighbors": [33, 12, 34, 15, 2, 1]}, {"capacity": 222, "impossibleCargos": [5, 10, 13, 20, 25, 26, 27], "neighbors": [33, 22, 32, 19, 8, 26, 16, 27, 23, 11]}, {"capacity": 260, "impossibleCargos": [3, 4, 9, 15, 17, 18, 19, 21, 25, 29], "neighbors": [32, 3, 21, 15, 25, 22, 8, 16, 14]}, {"capacity": 270, "impossibleCargos": [3, 6, 7, 19, 23, 24, 25, 27], "neighbors": [0, 2, 5, 25, 22, 18, 28, 23]}, {"capacity": 232, "impossibleCargos": [3, 4, 6, 7, 11, 12, 14, 15, 22], "neighbors": [33, 14, 15, 11, 20, 18, 13, 27, 0]}, {"capacity": 257, "impossibleCargos": [6, 14, 23, 29], "neighbors": [30, 17, 9, 31, 11, 23, 22, 19, 8]}, {"capacity": 242, "impossibleCargos": [0, 1, 6, 10, 14, 16, 18, 21, 25], "neighbors": [29, 20, 1, 13]}, {"capacity": 269, "impossibleCargos": [3, 5, 7, 10, 17, 24], "neighbors": [13, 20, 0, 29, 4, 11, 12, 6, 23]}, {"capacity": 205, "impossibleCargos": [11, 20, 23, 25, 29], "neighbors": [10, 26, 9, 17, 25, 8, 14, 7, 15]}, {"capacity": 207, "impossibleCargos": [6, 9, 16, 18, 27, 29], "neighbors": [25, 8, 22, 28, 24, 23, 2, 21]}, {"capacity": 293, "impossibleCargos": [0, 1, 7, 10, 13, 15, 17, 20, 24, 26, 29], "neighbors": [11, 9, 24, 19, 15, 12, 0, 23]}]}