{"volumes": [1037, 285, 450, 428, 454, 0, 200, 266, 251, 238, 0, 463, 422, 237, 196, 0, 0, 0, 262, 239, 271, 224, 0, 190, 489, 286, 260, 485, 233, 218], "conflicts": [[0, 10], [0, 15], [0, 16], [0, 21], [0, 22], [0, 28], [0, 29], [1, 5], [1, 8], [1, 9], [1, 13], [1, 14], [1, 17], [1, 18], [1, 20], [1, 21], [1, 22], [1, 23], [1, 25], [2, 5], [2, 8], [2, 10], [2, 15], [2, 16], [2, 17], [2, 19], [2, 20], [2, 22], [2, 25], [2, 27], [2, 29], [3, 7], [3, 8], [3, 9], [3, 10], [3, 15], [3, 16], [3, 17], [3, 21], [3, 22], [3, 28], [4, 10], [4, 14], [4, 15], [4, 22], [4, 23], [4, 26], [4, 28], [5, 6], [5, 7], [5, 9], [5, 13], [5, 15], [5, 18], [5, 19], [5, 20], [5, 22], [5, 23], [5, 24], [5, 27], [5, 29], [6, 8], [6, 12], [6, 13], [6, 18], [6, 20], [6, 22], [6, 23], [6, 28], [7, 8], [7, 9], [7, 10], [7, 11], [7, 13], [7, 17], [7, 18], [7, 20], [7, 21], [7, 23], [7, 24], [7, 28], [8, 12], [8, 13], [8, 14], [8, 15], [8, 17], [8, 18], [8, 19], [8, 22], [8, 25], [8, 27], [8, 29], [9, 13], [9, 14], [9, 15], [9, 21], [9, 22], [9, 28], [9, 29], [10, 12], [10, 13], [10, 14], [10, 19], [10, 20], [10, 21], [10, 23], [10, 27], [10, 29], [11, 13], [11, 15], [11, 17], [11, 21], [12, 13], [12, 15], [12, 17], [12, 18], [12, 21], [12, 22], [12, 24], [13, 16], [13, 18], [13, 20], [13, 29], [14, 15], [14, 16], [14, 21], [14, 23], [14, 25], [14, 27], [14, 29], [15, 16], [15, 20], [15, 22], [15, 23], [15, 27], [15, 29], [16, 21], [16, 23], [16, 26], [16, 27], [16, 28], [16, 29], [17, 18], [17, 20], [17, 22], [17, 23], [17, 24], [17, 28], [18, 19], [18, 21], [18, 22], [18, 25], [18, 29], [19, 20], [19, 23], [19, 26], [19, 27], [20, 24], [20, 25], [20, 26], [20, 28], [20, 29], [21, 22], [21, 23], [21, 24], [21, 25], [21, 26], [21, 27], [21, 28], [21, 29], [22, 23], [22, 25], [22, 27], [22, 29], [23, 27], [24, 27], [25, 29], [26, 29], [27, 28]], "tanks": [{"capacity": 214, "impossibleCargos": [0, 5, 7, 11, 13, 16, 19, 22, 23, 29], "neighbors": [34, 10, 27, 3, 24, 21, 6, 9, 14]}, {"capacity": 295, "impossibleCargos": [6, 10, 15, 18, 26], "neighbors": [12, 11, 34, 6, 15]}, {"capacity": 263, "impossibleCargos": [1, 6, 9, 16, 19, 26], "neighbors": [4, 6, 24, 8, 12, 18]}, {"capacity": 263, "impossibleCargos": [2, 8, 15, 20, 23, 25, 28], "neighbors": [30, 32, 20, 15, 0, 25, 8, 19]}, {"capacity": 277, "impossibleCargos": [9, 13, 16, 18, 24, 25, 28], "neighbors": [23, 2, 26, 24, 17, 14, 30]}, {"capacity": 255, "impossibleCargos": [0, 2, 10, 11, 17, 19, 20, 21, 27, 28], "neighbors": [16, 15, 6, 18, 22]}, {"capacity": 205, "impossibleCargos": [5, 6, 9, 12, 19, 22, 25, 27], "neighbors": [26, 2, 21, 22, 1, 13, 5, 32, 0, 31]}, {"capacity": 238, "impossibleCargos": [0, 1, 11, 17, 18, 19, 24, 25, 27], "neighbors": [26, 10, 31, 21, 17]}, {"capacity": 287, "impossibleCargos": [5, 10, 13, 16, 26, 29], "neighbors": [17, 28, 30, 16, 29, 15, 19, 23, 2, 3, 24, 11, 21, 27]}, {"capacity": 230, "impossibleCargos": [0, 1, 16, 23, 24, 28], "neighbors": [26, 33, 12, 28, 25, 22, 0, 27, 16]}, {"capacity": 246, "impossibleCargos": [1, 6, 21], "neighbors": [26, 7, 0, 13, 33]}, {"capacity": 277, "impossibleCargos": [2, 9, 26, 28], "neighbors": [1, 14, 12, 21, 24, 18, 27, 16, 34, 8]}, {"capacity": 205, "impossibleCargos": [1, 2, 4, 13, 15, 17, 19, 21], "neighbors": [1, 13, 30, 9, 11, 18, 26, 33, 29, 2]}, {"capacity": 293, "impossibleCargos": [2, 12, 16, 22, 25], "neighbors": [12, 31, 6, 32, 10, 29]}, {"capacity": 213, "impossibleCargos": [1, 6, 10, 12, 15, 17, 20, 26, 28], "neighbors": [20, 11, 27, 24, 18, 4, 0, 34]}, {"capacity": 245, "impossibleCargos": [2, 3, 8, 11, 12, 22, 24], "neighbors": [5, 8, 33, 3, 1, 29]}, {"capacity": 257, "impossibleCargos": [6, 11, 16, 19, 24, 27], "neighbors": [27, 32, 8, 30, 5, 19, 11, 9, 23, 22]}, {"capacity": 297, "impossibleCargos": [11, 15, 16, 17, 18, 19, 22, 28], "neighbors": [8, 27, 20, 29, 7, 18, 22, 4, 32]}, {"capacity": 284, "impossibleCargos": [3, 5, 6, 8, 10, 11, 27], "neighbors": [24, 27, 19, 14, 12, 11, 5, 23, 17, 2]}, {"capacity": 201, "impossibleCargos": [0, 1, 6, 10, 13, 14, 15, 17, 24], "neighbors": [18, 29, 8, 23, 16, 33, 34, 30, 3]}, {"capacity": 249, "impossibleCargos": [1, 2, 4, 9, 13, 14, 18, 20, 23, 25], "neighbors": [14, 17, 3, 22]}, {"capacity": 267, "impossibleCargos": [12, 13, 14, 18, 19, 21, 22, 23], "neighbors": [33, 6, 25, 11, 7, 0, 34, 8, 29]}, {"capacity": 245, "impossibleCargos": [2, 6, 9, 13, 14, 16, 17, 24, 25], "neighbors": [23, 6, 9, 32, 20, 34, 27, 17, 28, 5, 25, 30, 16]}, {"capacity": 279, "impossibleCargos": [5, 15, 16, 17, 28], "neighbors": [4, 22, 30, 8, 19, 18, 16]}, {"capacity": 252, "impossibleCargos": [3, 10, 17, 24, 25, 27, 28], "neighbors": [18, 29, 4, 14, 11, 0, 2, 26, 8]}, {"capacity": 300, "impossibleCargos": [3, 4, 14, 15, 18, 19, 25, 28], "neighbors": [34, 21, 9, 32, 31, 3, 22, 33]}, {"capacity": 276, "impossibleCargos": [2, 6, 7, 9, 13, 18, 22, 23, 29], "neighbors": [10, 7, 9, 6, 4, 12, 24, 29, 32]}, {"capacity": 227, "impossibleCargos": [5, 7, 8, 10, 14, 16, 21, 22, 25, 26], "neighbors": [16, 17, 18, 31, 14, 0, 11, 22, 33, 9, 8]}, {"capacity": 220, "impossibleCargos": [9, 10, 13, 15, 23, 26], "neighbors": [8, 34, 9, 32, 22, 29]}, {"capacity": 261, "impossibleCargos": [0, 3, 4, 14, 21, 29], "neighbors": [32, 24, 8, 17, 19, 28, 15, 26, 13, 12, 21]}, {"capacity": 209, "impossibleCargos": [7, 9, 10, 20, 24, 26, 27, 29], "neighbors": [3, 8, 23, 16, 12, 33, 34, 19, 4, 22]}, {"capacity": 226, "impossibleCargos": [1, 4, 8, 15, 21, 26, 27, 28], "neighbors": [27, 13, 7, 25, 6]}, {"capacity": 295, "impossibleCargos": [1, 10, 11, 15, 17], "neighbors": [29, 16, 3, 34, 25, 22, 13, 6, 28, 17, 26]}, {"capacity": 230, "impossibleCargos": [6, 11, 14, 19, 24, 25, 27], "neighbors": [9, 21, 30, 15, 19, 10, 12, 25, 27, 34]}, {"capacity": 257, "impossibleCargos": [0, 1, 11, 23, 26, 28], "neighbors": [28, 25, 0, 1, 32, 22, 30, 11, 19, 21, 33, 14]}]}