{"volumes": [241, 0, 683, 0, 209, 560, 254, 210, 652, 0, 252, 776, 246, 456, 0, 0, 258, 218, 0, 219, 0, 906, 519, 426, 228, 0, 0, 246, 222, 234], "conflicts": [[0, 3], [0, 7], [0, 11], [0, 24], [1, 5], [1, 7], [1, 11], [1, 25], [1, 26], [1, 27], [1, 28], [1, 29], [2, 3], [2, 15], [2, 22], [2, 24], [2, 26], [3, 6], [3, 9], [3, 11], [3, 15], [3, 19], [3, 22], [3, 24], [3, 29], [4, 6], [4, 9], [4, 14], [5, 15], [6, 9], [6, 15], [6, 17], [6, 18], [6, 25], [6, 29], [7, 9], [7, 15], [7, 19], [7, 25], [8, 15], [8, 17], [8, 26], [9, 11], [9, 19], [9, 24], [9, 25], [9, 27], [10, 12], [10, 14], [10, 16], [10, 28], [11, 18], [11, 28], [12, 16], [12, 19], [13, 25], [14, 16], [14, 19], [14, 25], [14, 27], [14, 29], [15, 16], [15, 22], [15, 23], [15, 24], [15, 27], [16, 18], [16, 21], [16, 24], [16, 25], [16, 26], [16, 27], [17, 23], [18, 20], [18, 21], [18, 23], [18, 25], [18, 26], [19, 20], [20, 25], [22, 25], [24, 25], [24, 26], [24, 27], [25, 26], [25, 28]], "tanks": [{"capacity": 254, "impossibleCargos": [0, 2, 4, 6, 7, 9, 12, 13, 14, 15, 16, 17, 19, 20, 22, 23, 24, 25, 26, 27, 29], "neighbors": [15, 11, 30, 5, 2, 27, 31, 19, 3, 17, 21, 13]}, {"capacity": 238, "impossibleCargos": [0, 1, 2, 3, 4, 8, 9, 10, 12, 13, 14, 15, 17, 18, 19, 20, 21, 22, 24, 25, 26, 27, 28], "neighbors": [10, 4, 27, 28, 16, 22, 6, 21]}, {"capacity": 267, "impossibleCargos": [1, 3, 4, 5, 9, 12, 13, 14, 15, 17, 18, 19, 22, 23, 24, 25, 26, 27, 28], "neighbors": [30, 29, 0, 11, 28, 32, 19, 33, 7, 24]}, {"capacity": 283, "impossibleCargos": [0, 1, 2, 3, 4, 5, 6, 7, 10, 11, 12, 13, 14, 15, 17, 18, 19, 20, 21, 24, 25, 27, 28, 29], "neighbors": [20, 9, 30, 12, 21, 0, 27, 16]}, {"capacity": 243, "impossibleCargos": [0, 1, 2, 3, 4, 5, 6, 7, 9, 10, 11, 12, 13, 14, 15, 16, 17, 18, 20, 21, 25, 27, 28], "neighbors": [25, 1, 5, 27, 34, 13, 31, 10]}, {"capacity": 242, "impossibleCargos": [0, 3, 4, 5, 7, 8, 9, 10, 11, 13, 14, 15, 16, 17, 20, 21, 23, 25, 26, 27], "neighbors": [6, 29, 0, 4, 8, 27, 20, 12]}, {"capacity": 254, "impossibleCargos": [0, 1, 2, 7, 8, 9, 12, 13, 14, 15, 17, 18, 19, 21, 22, 23, 24, 25, 26, 27], "neighbors": [25, 5, 10, 21, 17, 32, 1]}, {"capacity": 261, "impossibleCargos": [0, 1, 3, 7, 8, 9, 11, 12, 14, 18, 20, 21, 23, 24, 25, 26, 28, 29], "neighbors": [31, 18, 25, 26, 27, 13, 2, 10]}, {"capacity": 213, "impossibleCargos": [1, 2, 3, 4, 5, 6, 7, 13, 14, 15, 16, 17, 19, 20, 21, 22, 24, 25, 28, 29], "neighbors": [14, 31, 10, 28, 5, 15, 16]}, {"capacity": 252, "impossibleCargos": [0, 1, 2, 3, 4, 5, 6, 7, 8, 9, 10, 11, 12, 13, 14, 15, 16, 20, 22, 24, 25, 26, 28], "neighbors": [22, 3, 31, 30, 33]}, {"capacity": 253, "impossibleCargos": [2, 4, 7, 8, 9, 10, 11, 12, 13, 14, 15, 17, 19, 20, 21, 22, 23, 24, 25, 27, 28, 29], "neighbors": [1, 26, 6, 8, 27, 13, 15, 23, 16, 4, 7]}, {"capacity": 284, "impossibleCargos": [0, 1, 2, 4, 5, 6, 7, 8, 10, 11, 12, 13, 14, 17, 19, 20, 21, 22, 23, 24, 25, 26, 28, 29], "neighbors": [0, 12, 2, 21, 29, 16, 20]}, {"capacity": 251, "impossibleCargos": [0, 1, 2, 3, 6, 7, 8, 9, 10, 14, 15, 19, 21, 25, 26, 27, 29], "neighbors": [30, 11, 3, 15, 14, 22, 5, 27]}, {"capacity": 269, "impossibleCargos": [0, 1, 3, 4, 6, 7, 8, 9, 10, 11, 12, 13, 14, 15, 16, 17, 18, 19, 20, 22, 23, 25, 26, 27], "neighbors": [23, 16, 7, 14, 24, 10, 25, 0, 4]}, {"capacity": 260, "impossibleCargos": [0, 1, 3, 4, 7, 8, 9, 11, 13, 14, 16, 18, 19, 20, 21, 22, 24, 25, 27, 28], "neighbors": [8, 32, 13, 33, 12, 29, 19]}, {"capacity": 276, "impossibleCargos": [0, 2, 3, 4, 5, 6, 7, 8, 9, 10, 11, 12, 13, 14, 15, 16, 18, 19, 22, 23, 24, 25, 28, 29], "neighbors": [0, 33, 28, 12, 34, 10, 8, 25, 18, 19]}, {"capacity": 233, "impossibleCargos": [0, 1, 2, 3, 4, 5, 6, 8, 9, 11, 12, 14, 15, 16, 17, 19, 20, 21, 23, 25, 26, 27, 29], "neighbors": [24, 13, 1, 33, 11, 8, 25, 26, 20, 10, 3]}, {"capacity": 299, "impossibleCargos": [0, 1, 2, 4, 6, 7, 8, 9, 11, 12, 13, 14, 15, 16, 18, 19, 20, 21, 26, 28, 29], "neighbors": [6, 25, 0, 28, 18]}, {"capacity": 252, "impossibleCargos": [0, 1, 2, 3, 4, 5, 6, 7, 8, 10, 12, 13, 14, 15, 16, 17, 18, 19, 20, 22, 25], "neighbors": [30, 31, 21, 7, 23, 32, 33, 22, 28, 15, 17]}, {"capacity": 213, "impossibleCargos": [0, 2, 3, 4, 5, 9, 10, 11, 13, 15, 16, 17, 20, 21, 25, 26, 27, 28], "neighbors": [26, 28, 2, 0, 32, 25, 14, 15]}, {"capacity": 236, "impossibleCargos": [0, 2, 3, 4, 7, 8, 9, 11, 12, 13, 14, 15, 19, 20, 22, 23, 24, 25, 26, 27, 28], "neighbors": [3, 5, 33, 11, 23, 31, 16, 25]}, {"capacity": 210, "impossibleCargos": [0, 1, 6, 7, 8, 9, 10, 12, 13, 14, 16, 17, 21, 22, 24, 25, 26], "neighbors": [18, 27, 3, 6, 11, 22, 0, 1, 30]}, {"capacity": 201, "impossibleCargos": [0, 1, 2, 3, 4, 6, 7, 9, 10, 11, 12, 13, 14, 15, 16, 17, 18, 19, 22, 23, 27, 28, 29], "neighbors": [9, 27, 23, 32, 33, 21, 18, 1, 12]}, {"capacity": 225, "impossibleCargos": [0, 3, 4, 6, 7, 8, 10, 11, 12, 13, 14, 15, 17, 19, 21, 22, 23, 24, 27, 28, 29], "neighbors": [28, 30, 13, 18, 33, 22, 27, 10, 20, 26]}, {"capacity": 257, "impossibleCargos": [0, 1, 2, 3, 4, 5, 7, 8, 9, 10, 12, 15, 16, 17, 18, 19, 20, 21, 23, 24, 25, 26, 27, 28], "neighbors": [16, 26, 13, 25, 29, 2]}, {"capacity": 223, "impossibleCargos": [0, 1, 2, 3, 4, 5, 7, 8, 9, 10, 12, 16, 17, 18, 19, 21, 23, 24, 25, 26, 27, 28], "neighbors": [4, 6, 7, 29, 27, 17, 13, 19, 28, 24, 34, 16, 15, 20]}, {"capacity": 268, "impossibleCargos": [0, 1, 2, 3, 4, 5, 7, 8, 9, 10, 11, 14, 15, 16, 17, 18, 23, 24, 26, 28, 29], "neighbors": [10, 24, 31, 19, 7, 16, 23]}, {"capacity": 269, "impossibleCargos": [2, 3, 5, 9, 10, 14, 15, 16, 17, 18, 20, 21, 22, 24, 26, 27, 28, 29], "neighbors": [1, 22, 21, 7, 0, 25, 10, 4, 5, 23, 3, 12]}, {"capacity": 237, "impossibleCargos": [0, 3, 6, 7, 8, 9, 12, 13, 14, 15, 17, 18, 19, 20, 21, 23, 26, 27], "neighbors": [23, 1, 15, 2, 8, 19, 25, 17, 18]}, {"capacity": 209, "impossibleCargos": [0, 2, 3, 4, 5, 6, 8, 9, 10, 12, 13, 14, 15, 16, 17, 18, 19, 20, 21, 22, 25, 28], "neighbors": [5, 2, 31, 25, 11, 24, 14]}, {"capacity": 254, "impossibleCargos": [0, 1, 2, 3, 5, 6, 7, 8, 10, 11, 12, 14, 15, 16, 17, 18, 19, 22, 23, 24, 25, 26, 27, 28], "neighbors": [18, 23, 2, 0, 12, 3, 9, 33, 21]}, {"capacity": 298, "impossibleCargos": [0, 1, 2, 3, 4, 5, 6, 7, 8, 9, 10, 13, 14, 16, 17, 18, 19, 20, 21, 23, 24, 25, 26, 27, 28, 29], "neighbors": [7, 8, 18, 9, 26, 29, 0, 4, 20]}, {"capacity": 271, "impossibleCargos": [0, 1, 3, 4, 12, 14, 16, 17, 19, 20, 21, 22, 23, 24, 26, 27, 28, 29], "neighbors": [18, 22, 2, 14, 6, 19]}, {"capacity": 218, "impossibleCargos": [0, 1, 3, 4, 5, 6, 8, 9, 10, 11, 12, 13, 14, 16, 18, 19, 20, 22, 23, 26, 27, 29], "neighbors": [15, 18, 23, 9, 22, 2, 16, 30, 14, 20]}, {"capacity": 231, "impossibleCargos": [0, 1, 2, 3, 4, 5, 7, 8, 9, 10, 11, 12, 13, 15, 16, 17, 18, 19, 20, 22, 23, 24, 25, 26, 27, 28, 29], "neighbors": [15, 4, 25]}]}