{"volumes": [264, 194, 258, 243, 215, 0, 787, 0, 236, 209, 264, 214, 0, 0, 713, 262, 216, 249, 216, 250, 215, 191, 478, 0, 233, 681, 455, 786, 233, 0], "conflicts": [[0, 2], [0, 3], [0, 4], [0, 6], [0, 7], [0, 8], [0, 9], [0, 11], [0, 12], [0, 13], [0, 14], [0, 18], [0, 19], [0, 21], [0, 24], [0, 25], [0, 28], [0, 29], [1, 4], [1, 7], [1, 12], [1, 13], [1, 15], [1, 18], [1, 19], [1, 21], [1, 23], [1, 24], [1, 25], [1, 28], [1, 29], [2, 3], [2, 5], [2, 9], [2, 10], [2, 12], [2, 14], [2, 18], [2, 22], [2, 23], [2, 24], [2, 28], [2, 29], [3, 5], [3, 6], [3, 7], [3, 8], [3, 9], [3, 10], [3, 11], [3, 13], [3, 17], [3, 19], [3, 21], [3, 24], [3, 25], [3, 26], [3, 27], [3, 28], [3, 29], [4, 6], [4, 7], [4, 8], [4, 10], [4, 12], [4, 13], [4, 15], [4, 21], [4, 26], [4, 27], [4, 28], [4, 29], [5, 7], [5, 8], [5, 9], [5, 10], [5, 11], [5, 14], [5, 16], [5, 17], [5, 19], [5, 20], [5, 23], [5, 25], [5, 26], [5, 27], [5, 28], [5, 29], [6, 7], [6, 9], [6, 10], [6, 12], [6, 13], [6, 15], [6, 17], [6, 19], [6, 23], [6, 24], [6, 29], [7, 10], [7, 11], [7, 12], [7, 13], [7, 17], [7, 19], [7, 21], [7, 22], [7, 23], [7, 24], [7, 25], [7, 26], [7, 27], [7, 28], [7, 29], [8, 9], [8, 10], [8, 11], [8, 12], [8, 13], [8, 14], [8, 17], [8, 18], [8, 19], [8, 24], [8, 28], [8, 29], [9, 10], [9, 11], [9, 13], [9, 14], [9, 15], [9, 16], [9, 19], [9, 21], [9, 23], [9, 24], [9, 25], [9, 28], [9, 29], [10, 13], [10, 14], [10, 15], [10, 16], [10, 17], [10, 20], [10, 21], [10, 22], [10, 23], [10, 26], [10, 27], [10, 29], [11, 15], [11, 16], [11, 21], [11, 23], [11, 24], [11, 28], [11, 29], [12, 13], [12, 15], [12, 16], [12, 17], [12, 19], [12, 21], [12, 22], [12, 23], [12, 24], [12, 26], [12, 27], [12, 28], [13, 14], [13, 17], [13, 19], [13, 20], [13, 21], [13, 22], [13, 23], [13, 24], [13, 25], [13, 26], [13, 29], [14, 20], [14, 21], [14, 24], [14, 26], [14, 29], [15, 16], [15, 17], [15, 19], [15, 20], [15, 25], [15, 27], [15, 29], [16, 17], [16, 18], [16, 19], [16, 23], [16, 24], [16, 25], [16, 26], [16, 27], [16, 28], [16, 29], [17, 18], [17, 19], [17, 23], [17, 24], [17, 26], [17, 28], [17, 29], [18, 19], [18, 21], [18, 22], [18, 23], [18, 25], [18, 26], [18, 28], [18, 29], [19, 21], [19, 25], [20, 21], [20, 22], [20, 24], [20, 26], [20, 27], [20, 29], [21, 22], [21, 23], [21, 26], [21, 28], [22, 23], [22, 24], [22, 29], [23, 24], [23, 25], [23, 26], [23, 28], [23, 29], [24, 29], [25, 28], [25, 29], [26, 29], [28, 29]], "tanks": [{"capacity": 224, "impossibleCargos": [1, 2, 3, 4, 6, 7, 8, 9, 10, 12, 13, 14, 15, 16, 17, 18, 19, 20, 23, 24, 25, 26, 27, 28, 29], "neighbors": [22, 33, 14, 7, 15, 27, 32, 17, 13, 19, 28, 10]}, {"capacity": 234, "impossibleCargos": [0, 1, 2, 4, 5, 7, 8, 9, 11, 13, 14, 16, 17, 18, 20, 21, 22, 24, 27, 29], "neighbors": [26, 11, 13, 22, 17]}, {"capacity": 300, "impossibleCargos": [0, 1, 2, 3, 7, 8, 9, 11, 12, 13, 14, 15, 16, 17, 19, 20, 21, 22, 25, 26, 28, 29], "neighbors": [26, 6, 8, 10, 25, 30]}, {"capacity": 282, "impossibleCargos": [0, 2, 3, 5, 6, 7, 8, 9, 10, 11, 12, 13, 14, 18, 19, 20, 22, 23, 26, 27, 28, 29], "neighbors": [21, 20, 29, 4, 17, 22, 8, 30, 23]}, {"capacity": 251, "impossibleCargos": [0, 1, 3, 4, 5, 6, 9, 10, 11, 12, 13, 15, 19, 20, 21, 22, 23], "neighbors": [33, 13, 26, 25, 3, 24, 12, 34]}, {"capacity": 266, "impossibleCargos": [0, 1, 2, 3, 6, 10, 11, 12, 13, 15, 16, 17, 18, 19, 20, 21, 22, 23, 24, 25, 28, 29], "neighbors": [23, 12, 33, 26, 20, 11, 17, 13]}, {"capacity": 211, "impossibleCargos": [1, 2, 3, 4, 7, 8, 9, 10, 11, 12, 13, 15, 17, 19, 22, 24, 25, 26, 27], "neighbors": [26, 2, 28, 34, 7, 25, 24]}, {"capacity": 201, "impossibleCargos": [0, 1, 2, 3, 5, 7, 8, 10, 11, 13, 14, 17, 18, 21, 23, 24, 26, 28, 29], "neighbors": [13, 33, 10, 0, 6, 25, 26, 16, 14, 27, 30, 23]}, {"capacity": 248, "impossibleCargos": [0, 1, 2, 3, 4, 5, 7, 8, 9, 11, 12, 13, 14, 15, 16, 18, 20, 21, 22, 24, 26, 27, 29], "neighbors": [17, 30, 33, 20, 23, 15, 22, 2, 16, 25, 3]}, {"capacity": 233, "impossibleCargos": [0, 1, 2, 5, 6, 7, 8, 10, 11, 12, 14, 15, 17, 18, 19, 20, 21, 24, 25, 28], "neighbors": [25, 33]}, {"capacity": 218, "impossibleCargos": [1, 2, 3, 4, 5, 6, 7, 9, 10, 11, 12, 13, 14, 16, 18, 21, 22, 23, 24, 25, 26, 29], "neighbors": [29, 21, 2, 7, 11, 34, 18, 27, 32, 0]}, {"capacity": 228, "impossibleCargos": [1, 3, 4, 8, 9, 10, 11, 13, 16, 17, 20, 21, 23, 26, 27, 29], "neighbors": [20, 1, 31, 30, 5, 32, 10, 19, 16, 34]}, {"capacity": 290, "impossibleCargos": [0, 1, 2, 3, 5, 6, 8, 9, 10, 11, 14, 15, 16, 17, 18, 19, 21, 24, 26, 27, 28, 29], "neighbors": [5, 34, 17, 32, 30, 19, 16, 20, 31, 4]}, {"capacity": 233, "impossibleCargos": [0, 1, 3, 4, 5, 6, 9, 10, 11, 12, 13, 14, 15, 16, 18, 19, 20, 21, 23, 25, 26, 27, 28, 29], "neighbors": [21, 4, 7, 27, 25, 15, 1, 30, 0, 5, 24]}, {"capacity": 240, "impossibleCargos": [0, 1, 2, 3, 5, 6, 7, 8, 9, 10, 12, 15, 16, 17, 19, 20, 22, 23, 24, 25, 26, 27, 28, 29], "neighbors": [0, 32, 34, 21, 7, 27]}, {"capacity": 261, "impossibleCargos": [0, 3, 4, 5, 7, 8, 9, 10, 11, 12, 13, 16, 17, 18, 21, 22, 23, 24, 26, 27, 28], "neighbors": [26, 8, 17, 13, 0, 32, 19]}, {"capacity": 294, "impossibleCargos": [0, 1, 4, 5, 6, 7, 9, 10, 11, 12, 13, 14, 16, 17, 19, 22, 23, 24, 25, 28, 29], "neighbors": [17, 8, 7, 12, 33, 11, 18]}, {"capacity": 278, "impossibleCargos": [1, 2, 3, 4, 5, 6, 7, 8, 9, 10, 11, 12, 13, 15, 16, 17, 18, 20, 21, 22, 24, 25, 26, 27, 28, 29], "neighbors": [8, 12, 18, 16, 15, 5, 3, 0, 31, 1, 23]}, {"capacity": 209, "impossibleCargos": [0, 2, 3, 4, 6, 7, 8, 9, 10, 11, 12, 15, 17, 19, 20, 21, 22, 24, 25, 26, 28, 29], "neighbors": [17, 19, 31, 10, 24, 21, 16, 29]}, {"capacity": 275, "impossibleCargos": [0, 1, 2, 6, 7, 9, 11, 12, 14, 15, 17, 18, 20, 21, 22, 23, 24, 25, 28, 29], "neighbors": [29, 18, 12, 27, 0, 20, 15, 11]}, {"capacity": 244, "impossibleCargos": [0, 1, 3, 4, 5, 6, 7, 9, 10, 11, 13, 14, 15, 16, 17, 18, 19, 21, 23, 25, 26, 27, 28, 29], "neighbors": [8, 11, 5, 3, 19, 32, 12, 22]}, {"capacity": 257, "impossibleCargos": [1, 2, 4, 6, 7, 8, 9, 10, 11, 12, 14, 15, 16, 17, 18, 19, 23, 24, 25, 27, 29], "neighbors": [3, 10, 13, 14, 32, 18]}, {"capacity": 250, "impossibleCargos": [0, 1, 3, 5, 6, 7, 8, 9, 11, 12, 14, 15, 16, 18, 19, 22, 27, 28, 29], "neighbors": [26, 0, 8, 27, 25, 1, 3, 20]}, {"capacity": 277, "impossibleCargos": [0, 1, 2, 3, 4, 6, 7, 8, 9, 13, 14, 15, 16, 17, 19, 20, 21, 23, 25, 26, 27, 28], "neighbors": [28, 5, 8, 24, 3, 32, 7, 17]}, {"capacity": 222, "impossibleCargos": [1, 2, 3, 6, 7, 8, 9, 11, 13, 14, 15, 17, 18, 19, 23, 24, 25, 26, 27, 29], "neighbors": [26, 34, 23, 4, 6, 18, 13, 32]}, {"capacity": 234, "impossibleCargos": [1, 2, 3, 4, 6, 8, 9, 11, 13, 14, 15, 16, 17, 18, 19, 21, 22, 23, 25, 26, 28], "neighbors": [13, 4, 8, 9, 7, 22, 2, 6, 26]}, {"capacity": 283, "impossibleCargos": [0, 3, 4, 5, 6, 8, 9, 11, 12, 14, 15, 17, 19, 20, 21, 23, 24, 25, 26, 27, 28, 29], "neighbors": [24, 2, 22, 6, 32, 15, 1, 5, 4, 7, 28, 25]}, {"capacity": 256, "impossibleCargos": [0, 1, 2, 3, 4, 6, 7, 8, 9, 10, 11, 12, 13, 14, 15, 16, 17, 18, 19, 21, 22, 23, 24, 26, 27, 28, 29], "neighbors": [34, 13, 19, 31, 0, 22, 30, 10, 14, 7]}, {"capacity": 267, "impossibleCargos": [0, 2, 3, 4, 5, 10, 11, 12, 13, 14, 15, 16, 18, 19, 20, 21, 22, 24, 25, 27, 28, 29], "neighbors": [23, 30, 31, 6, 0, 26]}, {"capacity": 283, "impossibleCargos": [1, 2, 3, 4, 5, 7, 8, 9, 10, 11, 12, 13, 14, 15, 16, 17, 18, 20, 21, 23, 24, 25, 26, 27, 28], "neighbors": [31, 33, 10, 19, 3, 18]}, {"capacity": 242, "impossibleCargos": [0, 1, 2, 3, 4, 5, 6, 7, 8, 9, 11, 12, 13, 16, 17, 19, 20, 21, 23, 25, 26, 27, 28, 29], "neighbors": [8, 28, 12, 11, 13, 27, 3, 7, 2]}, {"capacity": 255, "impossibleCargos": [1, 4, 5, 6, 8, 9, 10, 11, 12, 14, 16, 17, 18, 19, 20, 21, 22, 23, 24, 26, 27], "neighbors": [29, 28, 11, 27, 33, 18, 17, 12]}, {"capacity": 224, "impossibleCargos": [0, 1, 2, 3, 5, 6, 7, 9, 11, 12, 13, 14, 15, 16, 17, 18, 19, 20, 21, 23, 25, 26, 27, 29], "neighbors": [26, 12, 14, 11, 15, 0, 21, 20, 10, 23, 24]}, {"capacity": 216, "impossibleCargos": [0, 1, 2, 3, 4, 5, 6, 7, 8, 9, 10, 11, 16, 17, 18, 19, 20, 21, 22, 23, 25, 27, 28, 29], "neighbors": [29, 4, 8, 0, 5, 7, 34, 9, 31, 16]}, {"capacity": 299, "impossibleCargos": [0, 2, 3, 5, 7, 8, 9, 10, 12, 13, 14, 15, 16, 17, 18, 19, 20, 21, 22, 23, 24, 26, 27, 28], "neighbors": [24, 12, 27, 33, 6, 14, 10, 4, 11]}]}