{"volumes": [236, 470, 209, 678, 202, 279, 241, 223, 0, 226, 0, 662, 235, 0, 262, 467, 239, 0, 0, 229, 502, 237, 0, 0, 494, 927, 197, 263, 210, 275], "conflicts": [[0, 5], [0, 7], [0, 13], [0, 16], [0, 18], [0, 19], [0, 21], [0, 22], [0, 23], [0, 27], [1, 12], [1, 23], [2, 8], [2, 12], [2, 13], [2, 21], [2, 23], [3, 8], [3, 17], [3, 23], [4, 5], [4, 9], [4, 13], [4, 15], [4, 18], [4, 27], [5, 11], [5, 17], [5, 18], [5, 21], [5, 22], [5, 23], [6, 19], [6, 22], [7, 17], [7, 18], [7, 19], [7, 22], [8, 12], [8, 13], [8, 14], [8, 17], [8, 18], [8, 22], [8, 24], [8, 25], [8, 26], [8, 27], [8, 28], [8, 29], [9, 12], [9, 13], [9, 14], [9, 16], [9, 23], [9, 26], [9, 27], [10, 12], [10, 15], [10, 17], [10, 23], [10, 24], [10, 25], [10, 26], [11, 22], [11, 23], [12, 13], [12, 14], [12, 19], [12, 20], [12, 21], [12, 27], [13, 15], [13, 16], [13, 17], [13, 20], [13, 21], [13, 22], [13, 24], [13, 25], [13, 26], [13, 27], [13, 29], [14, 18], [14, 20], [14, 23], [14, 26], [15, 18], [16, 17], [16, 22], [16, 23], [16, 24], [16, 27], [17, 18], [17, 21], [17, 22], [17, 23], [17, 26], [17, 27], [18, 20], [18, 21], [18, 22], [18, 24], [18, 27], [18, 28], [19, 22], [19, 23], [19, 27], [19, 28], [19, 29], [20, 28], [21, 22], [21, 24], [21, 27], [21, 28], [22, 23], [22, 24], [22, 26], [22, 27], [22, 28], [23, 24], [23, 25], [23, 28], [23, 29], [26, 28], [27, 29], [28, 29]], "tanks": [{"capacity": 230, "impossibleCargos": [3, 5, 10, 12, 15, 16, 17, 19, 22, 27], "neighbors": [2, 3, 26, 18, 31, 6, 13, 23, 7, 10, 20, 22]}, {"capacity": 217, "impossibleCargos": [2, 6, 13, 15, 17, 20, 23, 28], "neighbors": [22, 21, 4, 30, 29, 19, 9, 10, 18, 7, 13, 32, 23, 2, 15, 6, 12, 34, 14, 17]}, {"capacity": 239, "impossibleCargos": [0, 4, 7, 12, 14, 17, 19, 20, 21, 22, 25, 26, 27, 28], "neighbors": [21, 20, 0, 15, 33, 10, 26, 31, 27, 29, 1, 12, 24, 22, 30, 25, 16, 7]}, {"capacity": 260, "impossibleCargos": [0, 2, 4, 6, 7, 9, 14, 17, 19, 22, 23, 25], "neighbors": [14, 22, 0, 24, 7, 21, 29, 9, 4, 26, 12, 6, 32, 13, 30, 27, 23, 25]}, {"capacity": 285, "impossibleCargos": [5, 6, 8, 11, 14, 15, 18, 19, 22, 23, 25], "neighbors": [1, 12, 21, 9, 22, 25, 13, 14, 27, 31, 3, 29, 32, 11]}, {"capacity": 222, "impossibleCargos": [0, 1, 2, 4, 6, 7, 8, 9, 10, 12, 13, 14, 15, 17, 18, 21, 22, 23, 25], "neighbors": [19, 22, 23, 7, 14, 6, 21, 11, 25, 26, 8, 16, 27]}, {"capacity": 265, "impossibleCargos": [0, 3, 4, 7, 8, 12, 13, 15, 17, 19, 21, 22, 24, 25, 26, 27, 29], "neighbors": [21, 11, 19, 33, 16, 0, 30, 22, 9, 7, 28, 32, 31, 23, 5, 3, 24, 1, 34, 14, 13]}, {"capacity": 283, "impossibleCargos": [1, 5, 7, 8, 11, 13, 15, 17, 19, 20, 22, 24, 28], "neighbors": [23, 12, 3, 18, 6, 15, 20, 31, 1, 34, 5, 0, 17, 30, 9, 21, 2, 28]}, {"capacity": 240, "impossibleCargos": [1, 2, 12, 14, 15, 16, 19, 20, 22, 23, 24, 25, 26, 27], "neighbors": [16, 14, 10, 26, 23, 34, 20, 11, 27, 25, 21, 13, 5]}, {"capacity": 252, "impossibleCargos": [0, 1, 5, 8, 9, 13, 14, 17, 21, 22, 23, 24, 25, 26, 28], "neighbors": [33, 1, 6, 4, 24, 20, 3, 29, 17, 13, 7, 32, 21]}, {"capacity": 231, "impossibleCargos": [0, 1, 2, 4, 5, 7, 8, 9, 14, 16, 20, 21, 22, 23], "neighbors": [27, 2, 1, 24, 30, 16, 28, 8, 26, 22, 13, 32, 18, 11, 0, 29, 17]}, {"capacity": 298, "impossibleCargos": [2, 4, 5, 9, 10, 12, 14, 15, 17, 18, 19, 24, 26, 28, 29], "neighbors": [6, 18, 31, 16, 20, 19, 12, 33, 24, 34, 28, 8, 10, 5, 21, 25, 4, 15, 32]}, {"capacity": 292, "impossibleCargos": [0, 5, 7, 9, 10, 12, 17, 19, 23, 25, 26, 27], "neighbors": [7, 4, 16, 26, 11, 20, 32, 23, 14, 21, 3, 2, 34, 1, 27, 28, 17, 15, 31]}, {"capacity": 264, "impossibleCargos": [3, 4, 5, 7, 8, 9, 10, 11, 12, 14, 15, 17, 19, 20, 23, 24, 25, 26, 27], "neighbors": [20, 17, 15, 18, 0, 34, 4, 10, 1, 25, 29, 16, 9, 3, 8, 14, 6, 22]}, {"capacity": 263, "impossibleCargos": [0, 1, 3, 4, 6, 7, 8, 10, 11, 12, 14, 16, 17, 18, 19, 21, 23, 24, 26, 28, 29], "neighbors": [3, 19, 8, 24, 33, 16, 25, 4, 21, 12, 17, 5, 29, 13, 15, 1, 6]}, {"capacity": 253, "impossibleCargos": [1, 4, 9, 10, 12, 14, 16, 17, 18, 19, 20, 23, 27], "neighbors": [34, 13, 2, 26, 21, 29, 7, 28, 17, 27, 23, 1, 18, 14, 30, 19, 11, 12]}, {"capacity": 252, "impossibleCargos": [0, 1, 2, 4, 5, 6, 7, 8, 10, 11, 14, 16, 17, 20, 21, 27, 28, 29], "neighbors": [26, 29, 8, 12, 6, 11, 28, 18, 10, 25, 21, 14, 31, 17, 23, 33, 13, 19, 20, 5, 2, 24]}, {"capacity": 240, "impossibleCargos": [0, 2, 4, 7, 14, 15, 18, 19, 20, 21, 22, 23, 24, 26], "neighbors": [13, 22, 26, 32, 25, 33, 9, 7, 15, 16, 14, 20, 31, 27, 10, 12, 1, 28]}, {"capacity": 224, "impossibleCargos": [0, 1, 2, 3, 4, 8, 9, 10, 13, 17, 21, 22, 23, 26, 29], "neighbors": [11, 13, 0, 1, 7, 16, 29, 10, 15, 20, 31, 28]}, {"capacity": 218, "impossibleCargos": [2, 10, 13, 14, 17, 18, 21, 24, 25, 26, 29], "neighbors": [5, 30, 6, 1, 27, 14, 11, 23, 32, 22, 28, 24, 26, 16, 15]}, {"capacity": 261, "impossibleCargos": [0, 1, 2, 4, 5, 6, 7, 8, 9, 12, 17, 19, 23, 24, 27, 28], "neighbors": [13, 2, 11, 7, 9, 21, 12, 28, 24, 34, 29, 22, 8, 27, 17, 0, 18, 31, 16]}, {"capacity": 210, "impossibleCargos": [1, 4, 5, 6, 8, 11, 12, 14, 15, 16, 18, 22, 27, 28], "neighbors": [2, 6, 1, 25, 15, 4, 3, 20, 16, 30, 14, 27, 12, 5, 8, 11, 24, 7, 9]}, {"capacity": 249, "impossibleCargos": [0, 1, 2, 4, 7, 9, 10, 14, 15, 16, 19, 20, 21, 24, 26, 27], "neighbors": [1, 25, 3, 17, 6, 5, 4, 19, 32, 10, 20, 24, 34, 28, 2, 27, 0, 31, 33, 30, 13]}, {"capacity": 275, "impossibleCargos": [3, 4, 5, 6, 10, 11, 12, 13, 15, 19, 20, 21, 22, 25, 26, 27, 28], "neighbors": [7, 19, 5, 25, 12, 8, 0, 16, 1, 32, 6, 15, 34, 31, 33, 3]}, {"capacity": 249, "impossibleCargos": [2, 8, 12, 14, 16, 17, 20, 23, 27], "neighbors": [29, 3, 27, 10, 14, 9, 20, 11, 19, 30, 22, 26, 28, 2, 6, 21, 16, 31]}, {"capacity": 265, "impossibleCargos": [0, 2, 5, 6, 11, 13, 19, 24], "neighbors": [22, 21, 32, 4, 16, 17, 23, 14, 29, 13, 8, 11, 5, 2, 3]}, {"capacity": 263, "impossibleCargos": [2, 5, 10, 12, 13, 19, 23, 25, 26, 27], "neighbors": [16, 0, 15, 17, 12, 2, 33, 28, 10, 8, 19, 3, 24, 5]}, {"capacity": 237, "impossibleCargos": [1, 4, 5, 6, 8, 12, 13, 19, 23, 26, 27], "neighbors": [29, 19, 10, 24, 2, 32, 4, 21, 15, 20, 8, 3, 22, 12, 28, 17, 33, 5]}, {"capacity": 239, "impossibleCargos": [0, 2, 4, 5, 6, 9, 14, 16, 20, 23, 24, 28], "neighbors": [34, 29, 16, 26, 15, 19, 20, 6, 10, 11, 32, 24, 22, 31, 18, 27, 12, 17, 7]}, {"capacity": 213, "impossibleCargos": [4, 5, 6, 7, 10, 12, 16, 17, 19, 20, 21, 22, 23, 24, 25, 27, 29], "neighbors": [27, 1, 16, 24, 15, 32, 28, 3, 9, 18, 31, 20, 25, 13, 2, 14, 10, 4, 33]}, {"capacity": 241, "impossibleCargos": [3, 4, 6, 7, 9, 10, 16, 17, 18, 21, 26, 29], "neighbors": [19, 1, 6, 10, 31, 21, 24, 7, 3, 22, 15, 2, 32]}, {"capacity": 299, "impossibleCargos": [2, 4, 8, 9, 12, 15, 16, 18, 24, 27, 28, 29], "neighbors": [11, 0, 33, 7, 30, 2, 29, 16, 4, 6, 18, 23, 17, 22, 32, 20, 28, 24, 12]}, {"capacity": 215, "impossibleCargos": [2, 3, 6, 8, 9, 11, 14, 18, 21, 25, 27, 29], "neighbors": [34, 29, 25, 33, 19, 17, 27, 22, 12, 6, 10, 1, 23, 28, 3, 4, 31, 30, 9, 11]}, {"capacity": 221, "impossibleCargos": [3, 5, 6, 13, 16, 17, 22, 25, 28], "neighbors": [6, 2, 9, 32, 26, 31, 11, 14, 17, 16, 29, 23, 22, 34, 27]}, {"capacity": 210, "impossibleCargos": [1, 6, 8, 9, 10, 11, 12, 14, 17, 18, 20, 23, 24, 27], "neighbors": [28, 15, 32, 7, 13, 20, 11, 8, 23, 22, 12, 6, 33, 1]}]}