{"volumes": [0, 0, 0, 453, 0, 438, 255, 0, 384, 552, 454, 683, 0, 786, 258, 244, 0, 243, 248, 471, 225, 734, 0, 537, 274, 239, 0, 250, 0, 522], "conflicts": [[0, 3], [0, 4], [0, 8], [0, 13], [0, 14], [0, 15], [0, 16], [0, 18], [0, 25], [0, 26], [0, 27], [1, 5], [1, 7], [1, 9], [1, 10], [1, 12], [1, 14], [1, 15], [1, 17], [1, 19], [1, 20], [1, 21], [1, 22], [1, 25], [1, 26], [1, 28], [1, 29], [2, 3], [2, 4], [2, 6], [2, 8], [2, 11], [2, 12], [2, 13], [2, 14], [2, 15], [2, 21], [2, 23], [2, 24], [2, 26], [2, 27], [2, 28], [3, 6], [3, 7], [3, 16], [3, 22], [3, 27], [3, 28], [4, 5], [4, 7], [4, 8], [4, 9], [4, 11], [4, 12], [4, 14], [4, 17], [4, 20], [4, 23], [4, 26], [4, 27], [4, 28], [5, 7], [5, 9], [5, 16], [5, 20], [5, 26], [5, 28], [6, 7], [6, 12], [6, 14], [6, 16], [6, 20], [6, 26], [6, 28], [7, 9], [7, 11], [7, 14], [7, 16], [7, 17], [7, 18], [7, 21], [7, 23], [7, 24], [7, 25], [7, 27], [7, 29], [8, 12], [8, 16], [9, 12], [9, 16], [9, 22], [9, 26], [9, 28], [11, 18], [11, 26], [12, 16], [12, 17], [12, 22], [12, 24], [12, 26], [12, 27], [12, 29], [13, 16], [13, 26], [13, 28], [14, 15], [14, 18], [14, 19], [14, 22], [14, 24], [14, 25], [14, 28], [15, 16], [15, 18], [15, 25], [15, 28], [16, 19], [16, 20], [16, 22], [16, 23], [16, 25], [16, 29], [17, 18], [17, 20], [17, 22], [17, 23], [17, 24], [17, 26], [17, 28], [18, 21], [18, 25], [18, 28], [19, 22], [19, 25], [19, 27], [20, 28], [21, 22], [22, 23], [22, 24], [22, 27], [22, 28], [23, 28], [24, 25], [24, 26], [25, 28], [26, 27], [26, 28]], "tanks": [{"capacity": 271, "impossibleCargos": [0, 1, 3, 4, 5, 8, 13, 14, 18, 19, 20, 22, 23, 24, 25, 26], "neighbors": [4, 12, 20, 14, 19, 16, 15, 30, 9, 18, 17, 25, 34, 11, 10, 24]}, {"capacity": 250, "impossibleCargos": [1, 3, 4, 6, 8, 10, 11, 12, 14, 16, 20, 26, 27, 28], "neighbors": [29, 17, 13, 9, 14, 27, 3, 25, 2, 19, 23, 32]}, {"capacity": 212, "impossibleCargos": [1, 5, 7, 9, 11, 13, 14, 15, 16, 17, 19, 20, 21, 22, 23, 25, 29], "neighbors": [4, 8, 16, 12, 29, 24, 5, 6, 1, 23, 18, 11, 28, 34, 33, 9, 32]}, {"capacity": 285, "impossibleCargos": [0, 1, 2, 5, 6, 8, 15, 16, 23, 24, 26, 29], "neighbors": [7, 31, 28, 25, 4, 33, 11, 1, 23, 8, 19, 27, 20, 17, 22, 12, 29, 26]}, {"capacity": 285, "impossibleCargos": [0, 4, 5, 7, 10, 11, 12, 14, 24, 28], "neighbors": [2, 12, 14, 16, 0, 33, 3, 21, 31, 34, 11, 17, 22, 7, 25, 24, 5, 13, 8]}, {"capacity": 267, "impossibleCargos": [1, 7, 8, 10, 12, 13, 17, 19, 23, 24], "neighbors": [28, 34, 2, 17, 33, 31, 4, 18, 13, 12, 14, 27, 10]}, {"capacity": 264, "impossibleCargos": [0, 1, 4, 10, 12, 16, 17, 18, 20, 22, 24, 26, 29], "neighbors": [32, 11, 26, 2, 16, 10, 23, 13, 29, 27, 15, 24, 14, 12]}, {"capacity": 289, "impossibleCargos": [0, 3, 5, 6, 8, 10, 11, 17, 19, 21, 22, 26, 27, 28, 29], "neighbors": [3, 31, 27, 18, 26, 23, 21, 4, 25, 28, 20, 32, 30, 11, 13]}, {"capacity": 278, "impossibleCargos": [0, 1, 3, 5, 7, 8, 9, 11, 12, 13, 15, 16, 17, 18, 20, 24, 27], "neighbors": [18, 2, 23, 29, 21, 20, 3, 12, 33, 26, 14, 9, 16, 4]}, {"capacity": 248, "impossibleCargos": [1, 2, 3, 4, 17, 18, 19, 20, 23, 24, 26, 27, 28], "neighbors": [24, 28, 20, 1, 23, 33, 25, 15, 31, 29, 27, 0, 8, 26, 16, 2]}, {"capacity": 294, "impossibleCargos": [3, 4, 5, 6, 7, 9, 10, 12, 13, 14, 15, 18, 19, 21, 23, 25], "neighbors": [30, 26, 24, 6, 22, 21, 28, 27, 0, 5]}, {"capacity": 205, "impossibleCargos": [0, 2, 4, 7, 9, 10, 12, 13, 14, 15, 16, 17, 18, 21, 22, 25, 26, 27, 28], "neighbors": [22, 33, 6, 32, 29, 3, 4, 20, 23, 15, 2, 19, 12, 0, 17, 28, 7]}, {"capacity": 232, "impossibleCargos": [0, 4, 5, 6, 8, 9, 11, 12, 13, 14, 18, 21, 22, 26, 28], "neighbors": [4, 22, 2, 0, 32, 29, 8, 16, 33, 17, 30, 31, 28, 11, 27, 3, 5, 14, 6]}, {"capacity": 201, "impossibleCargos": [1, 2, 5, 6, 7, 8, 11, 12, 13, 14, 17, 20, 27, 28, 29], "neighbors": [20, 23, 16, 33, 1, 26, 32, 19, 22, 6, 4, 5, 7, 28]}, {"capacity": 281, "impossibleCargos": [2, 5, 7, 9, 14, 16, 19, 22, 24, 27, 29], "neighbors": [28, 21, 4, 26, 24, 33, 1, 0, 20, 32, 29, 23, 8, 31, 15, 6, 12, 5]}, {"capacity": 226, "impossibleCargos": [0, 2, 3, 8, 11, 12, 17, 18, 20, 21, 24, 25, 26, 27], "neighbors": [24, 25, 27, 34, 30, 0, 28, 9, 11, 31, 17, 6, 18, 14]}, {"capacity": 267, "impossibleCargos": [0, 2, 5, 9, 12, 13, 14, 15, 18, 21, 22, 23, 24, 26, 27, 29], "neighbors": [29, 13, 17, 4, 2, 6, 0, 22, 12, 18, 19, 24, 27, 9, 32, 20, 8, 33, 21]}, {"capacity": 206, "impossibleCargos": [2, 4, 6, 11, 12, 13, 15, 17, 18, 19, 20, 21, 24, 25], "neighbors": [27, 1, 16, 28, 19, 32, 18, 5, 26, 25, 4, 12, 15, 3, 33, 0, 31, 11, 29]}, {"capacity": 286, "impossibleCargos": [1, 3, 4, 7, 10, 11, 14, 18, 20, 21, 25, 27, 28], "neighbors": [27, 8, 28, 25, 31, 34, 7, 17, 26, 29, 2, 16, 0, 24, 5, 15, 22, 19]}, {"capacity": 257, "impossibleCargos": [7, 9, 11, 13, 14, 16, 18, 19, 20, 22, 23, 25, 26, 28], "neighbors": [33, 25, 17, 0, 13, 32, 3, 1, 16, 28, 29, 34, 27, 11, 18, 21]}, {"capacity": 280, "impossibleCargos": [0, 1, 3, 4, 6, 7, 8, 12, 16, 17, 19, 20, 21, 22, 24, 25, 26, 27, 28, 29], "neighbors": [25, 13, 9, 26, 30, 27, 32, 21, 0, 14, 8, 11, 3, 29, 22, 16, 7]}, {"capacity": 204, "impossibleCargos": [2, 3, 6, 7, 8, 9, 13, 14, 15, 16, 17, 19, 23, 24, 25, 27, 28], "neighbors": [14, 20, 29, 8, 4, 32, 10, 22, 23, 33, 7, 34, 25, 31, 26, 30, 16, 24, 19]}, {"capacity": 292, "impossibleCargos": [0, 2, 4, 8, 10, 11, 15, 17, 19, 20, 21, 22, 23, 27, 29], "neighbors": [28, 11, 31, 12, 16, 23, 13, 10, 21, 4, 20, 3, 18, 24]}, {"capacity": 200, "impossibleCargos": [0, 5, 6, 9, 12, 13, 14, 16, 18, 19, 20, 23, 24, 25, 28], "neighbors": [13, 33, 24, 9, 34, 8, 32, 3, 22, 11, 30, 2, 21, 7, 28, 6, 14, 1, 25, 26]}, {"capacity": 258, "impossibleCargos": [0, 1, 3, 4, 5, 6, 7, 8, 9, 10, 11, 15, 20, 26], "neighbors": [9, 15, 23, 14, 2, 10, 32, 33, 16, 4, 27, 18, 25, 6, 22, 21, 0]}, {"capacity": 254, "impossibleCargos": [4, 5, 6, 7, 12, 13, 16, 19, 24, 25, 26, 27, 28], "neighbors": [20, 15, 3, 29, 18, 19, 33, 1, 30, 9, 17, 7, 4, 26, 21, 24, 0, 23, 28, 27]}, {"capacity": 283, "impossibleCargos": [0, 2, 6, 7, 9, 10, 12, 13, 17, 18, 19, 21, 25, 26, 27, 28], "neighbors": [34, 20, 14, 30, 13, 10, 6, 17, 18, 7, 28, 8, 25, 9, 21, 3, 23]}, {"capacity": 274, "impossibleCargos": [0, 5, 9, 12, 13, 15, 17, 19, 20, 21, 22, 23, 24, 25, 28, 29], "neighbors": [18, 31, 32, 28, 17, 15, 20, 7, 1, 9, 3, 6, 16, 24, 19, 29, 12, 33, 25, 10, 5]}, {"capacity": 290, "impossibleCargos": [3, 4, 5, 6, 7, 8, 9, 10, 16, 17, 20, 22, 25, 26, 28], "neighbors": [31, 22, 14, 27, 9, 3, 18, 29, 5, 17, 30, 33, 15, 26, 23, 10, 19, 2, 7, 34, 12, 25, 11, 13]}, {"capacity": 262, "impossibleCargos": [0, 6, 9, 12, 14, 19, 21, 22, 23, 24, 27, 28, 29], "neighbors": [1, 16, 25, 28, 2, 11, 34, 21, 8, 12, 18, 9, 14, 20, 19, 6, 27, 17, 30, 31, 3]}, {"capacity": 247, "impossibleCargos": [0, 3, 5, 7, 9, 12, 13, 16, 17, 18, 19, 20, 22, 23, 24, 26, 27, 28, 29], "neighbors": [10, 20, 26, 15, 28, 25, 23, 0, 31, 12, 21, 7, 29]}, {"capacity": 258, "impossibleCargos": [4, 5, 8, 9, 12, 13, 15, 16, 17, 20, 22, 26], "neighbors": [28, 27, 3, 22, 32, 7, 18, 4, 9, 30, 15, 14, 5, 12, 21, 17, 33, 34, 29]}, {"capacity": 279, "impossibleCargos": [0, 3, 4, 6, 7, 9, 14, 17, 19, 23, 24, 26, 27, 29], "neighbors": [27, 6, 31, 20, 11, 17, 23, 12, 21, 13, 24, 14, 19, 33, 16, 7, 1, 2]}, {"capacity": 228, "impossibleCargos": [0, 4, 5, 7, 8, 9, 11, 12, 13, 14, 15, 16, 17, 18, 19, 22, 24, 25, 27, 28, 29], "neighbors": [11, 23, 13, 19, 4, 3, 14, 9, 25, 28, 24, 8, 12, 21, 32, 17, 5, 31, 27, 2, 16, 34]}, {"capacity": 232, "impossibleCargos": [0, 1, 2, 3, 5, 6, 7, 9, 10, 11, 16, 18, 19, 23, 24, 25, 27], "neighbors": [26, 15, 5, 23, 29, 18, 4, 21, 19, 28, 0, 2, 31, 33]}]}