{"volumes": [0, 725, 205, 259, 506, 250, 286, 0, 0, 237, 209, 0, 510, 0, 497, 0, 216, 233, 205, 226, 657, 0, 0, 219, 458, 251, 246, 1189, 250, 196], "conflicts": [[0, 2], [0, 3], [0, 4], [0, 6], [0, 7], [0, 8], [0, 9], [0, 10], [0, 11], [0, 12], [0, 13], [0, 14], [0, 15], [0, 17], [0, 18], [0, 19], [0, 20], [0, 21], [0, 23], [0, 24], [0, 26], [0, 27], [0, 28], [1, 7], [1, 8], [1, 13], [1, 15], [1, 21], [1, 22], [1, 23], [2, 3], [2, 6], [2, 7], [2, 8], [2, 13], [2, 15], [2, 16], [2, 17], [2, 25], [2, 28], [3, 4], [3, 6], [3, 7], [3, 8], [3, 9], [3, 11], [3, 12], [3, 13], [3, 17], [3, 18], [3, 21], [3, 22], [3, 28], [3, 29], [4, 7], [4, 8], [4, 11], [4, 13], [4, 15], [4, 21], [4, 22], [5, 7], [5, 8], [5, 14], [5, 15], [5, 18], [5, 20], [5, 21], [5, 23], [5, 24], [5, 25], [5, 26], [6, 7], [6, 8], [6, 9], [6, 11], [6, 13], [6, 15], [6, 21], [6, 28], [6, 29], [7, 8], [7, 9], [7, 12], [7, 13], [7, 14], [7, 15], [7, 16], [7, 17], [7, 19], [7, 20], [7, 21], [7, 22], [7, 23], [7, 26], [7, 27], [7, 29], [8, 9], [8, 10], [8, 11], [8, 12], [8, 13], [8, 15], [8, 16], [8, 17], [8, 20], [8, 21], [8, 22], [8, 24], [8, 25], [8, 27], [8, 28], [8, 29], [9, 10], [9, 11], [9, 12], [9, 13], [9, 14], [9, 15], [9, 16], [9, 17], [9, 18], [9, 19], [9, 22], [9, 23], [9, 24], [9, 25], [10, 13], [10, 15], [10, 16], [10, 17], [10, 18], [10, 19], [10, 22], [10, 23], [10, 25], [10, 26], [10, 29], [11, 12], [11, 13], [11, 14], [11, 16], [11, 17], [11, 19], [11, 20], [11, 21], [11, 22], [11, 23], [11, 24], [11, 25], [11, 27], [11, 28], [11, 29], [12, 13], [12, 15], [12, 21], [12, 23], [13, 14], [13, 16], [13, 17], [13, 19], [13, 20], [13, 21], [13, 22], [13, 24], [13, 28], [13, 29], [14, 21], [15, 16], [15, 17], [15, 18], [15, 19], [15, 20], [15, 21], [15, 23], [15, 24], [15, 25], [15, 26], [15, 27], [15, 28], [15, 29], [16, 17], [16, 21], [16, 22], [17, 21], [17, 22], [17, 25], [17, 26], [17, 28], [18, 19], [18, 21], [18, 22], [18, 25], [19, 21], [19, 22], [19, 28], [20, 21], [21, 23], [21, 24], [21, 25], [21, 26], [21, 27], [21, 29], [22, 23], [22, 25], [22, 26], [22, 28], [23, 26], [24, 25], [24, 26], [25, 26], [25, 29]], "tanks": [{"capacity": 270, "impossibleCargos": [0, 7, 9, 12, 13, 16, 18, 20, 23, 24], "neighbors": [5, 13, 19, 25, 4, 7, 15, 26, 1, 6, 31, 28, 18, 9, 10, 30, 23, 34, 11]}, {"capacity": 240, "impossibleCargos": [0, 4, 6, 7, 10, 12, 13, 14, 15, 16, 20, 21, 24, 27, 28], "neighbors": [21, 28, 14, 0, 15, 19, 5, 24, 17, 7, 16, 3, 20]}, {"capacity": 275, "impossibleCargos": [3, 4, 5, 6, 11, 13, 15, 18, 22, 26], "neighbors": [25, 4, 19, 12, 14, 15, 30, 22, 31, 11, 13, 3, 8, 23]}, {"capacity": 223, "impossibleCargos": [0, 1, 2, 9, 10, 11, 15, 17, 19, 20, 21, 23, 25, 26, 27, 28], "neighbors": [31, 16, 11, 27, 26, 12, 8, 21, 6, 32, 9, 30, 1, 25, 2, 33]}, {"capacity": 279, "impossibleCargos": [2, 5, 7, 8, 9, 10, 12, 14, 17, 18, 19, 22, 28], "neighbors": [17, 2, 27, 24, 0, 34, 29, 22, 32, 15, 19, 23, 20, 30, 18]}, {"capacity": 263, "impossibleCargos": [0, 1, 3, 6, 8, 12, 14, 16, 17, 19, 22, 24, 27, 29], "neighbors": [0, 10, 20, 27, 21, 15, 25, 32, 12, 13, 1, 23, 8, 7, 6, 9, 19, 30]}, {"capacity": 285, "impossibleCargos": [1, 2, 6, 7, 9, 10, 11, 12, 13, 14, 15, 17, 18, 19, 21, 22, 23, 27], "neighbors": [31, 11, 34, 9, 0, 19, 18, 16, 30, 33, 21, 13, 32, 7, 28, 8, 3, 10, 24, 5, 27, 26, 22]}, {"capacity": 201, "impossibleCargos": [5, 6, 7, 9, 10, 11, 13, 14, 17, 18, 19, 21, 22, 23, 24, 26, 27], "neighbors": [24, 21, 12, 9, 13, 0, 31, 8, 16, 17, 33, 34, 22, 6, 28, 30, 1, 5, 32, 26]}, {"capacity": 225, "impossibleCargos": [0, 2, 3, 4, 5, 6, 7, 8, 10, 11, 14, 16, 17, 18, 19, 22, 24, 26, 27, 28], "neighbors": [33, 29, 14, 28, 7, 22, 3, 11, 18, 6, 5, 10, 13, 9, 2, 23, 32]}, {"capacity": 209, "impossibleCargos": [10, 11, 13, 15, 16, 17, 20, 21, 23, 24, 25, 26, 27, 28, 29], "neighbors": [12, 16, 28, 29, 13, 7, 26, 23, 6, 14, 19, 11, 33, 0, 20, 3, 15, 8, 32, 5]}, {"capacity": 240, "impossibleCargos": [0, 2, 5, 6, 8, 10, 13, 14, 15, 19, 21, 24, 25, 26, 28], "neighbors": [5, 29, 27, 17, 23, 14, 13, 6, 15, 0, 8, 26]}, {"capacity": 293, "impossibleCargos": [0, 1, 2, 3, 4, 5, 8, 13, 16, 17, 18, 22, 27], "neighbors": [6, 31, 24, 3, 23, 15, 29, 33, 21, 20, 19, 8, 13, 2, 9, 27, 25, 14, 0]}, {"capacity": 276, "impossibleCargos": [0, 1, 4, 6, 7, 8, 9, 10, 13, 15, 16, 17, 23, 24, 25, 27, 28], "neighbors": [29, 9, 7, 28, 15, 13, 22, 2, 3, 16, 23, 5, 34, 31, 27, 33, 21, 17]}, {"capacity": 228, "impossibleCargos": [0, 3, 7, 8, 9, 10, 13, 15, 17, 18, 21, 22, 25, 29], "neighbors": [0, 9, 23, 21, 12, 17, 7, 34, 32, 18, 20, 10, 11, 5, 2, 6, 26, 8, 19, 25]}, {"capacity": 286, "impossibleCargos": [6, 7, 8, 12, 16, 20, 22, 23, 25, 26, 27, 28], "neighbors": [33, 8, 1, 26, 20, 17, 2, 10, 9, 11, 32, 24, 21, 28, 27, 16, 31]}, {"capacity": 204, "impossibleCargos": [1, 4, 7, 8, 10, 11, 14, 17, 18, 19, 22, 23, 24, 25, 27], "neighbors": [18, 12, 28, 11, 34, 0, 17, 5, 2, 4, 1, 31, 9, 10, 33, 30, 26]}, {"capacity": 236, "impossibleCargos": [0, 1, 3, 4, 10, 12, 14, 19, 23, 25, 26, 29], "neighbors": [9, 3, 7, 34, 27, 12, 6, 31, 21, 18, 29, 1, 28, 14]}, {"capacity": 248, "impossibleCargos": [1, 2, 3, 8, 11, 16, 17, 19, 20, 22, 23, 26, 28], "neighbors": [4, 33, 13, 18, 28, 14, 15, 10, 7, 24, 23, 1, 12, 31, 25, 34]}, {"capacity": 245, "impossibleCargos": [1, 3, 7, 8, 9, 12, 14, 16, 17, 22, 24, 25, 26, 27, 28], "neighbors": [15, 17, 23, 20, 31, 13, 6, 8, 33, 0, 16, 25, 29, 4]}, {"capacity": 217, "impossibleCargos": [0, 2, 4, 6, 8, 16, 18, 20, 22, 25], "neighbors": [28, 29, 0, 2, 27, 6, 31, 24, 11, 9, 1, 4, 20, 25, 13, 22, 5, 26]}, {"capacity": 263, "impossibleCargos": [4, 11, 12, 13, 15, 17, 23, 24, 26, 28, 29], "neighbors": [5, 14, 18, 34, 32, 11, 31, 13, 24, 19, 9, 29, 4, 21, 1]}, {"capacity": 200, "impossibleCargos": [0, 1, 2, 8, 9, 10, 14, 15, 16, 20, 21, 22, 25, 26, 28], "neighbors": [1, 27, 7, 13, 30, 26, 5, 28, 11, 33, 6, 3, 16, 34, 12, 32, 14, 22, 20]}, {"capacity": 280, "impossibleCargos": [4, 5, 8, 9, 10, 11, 12, 15, 18, 20, 23, 25, 28, 29], "neighbors": [27, 12, 8, 2, 4, 28, 7, 29, 21, 19, 6, 30]}, {"capacity": 270, "impossibleCargos": [2, 5, 6, 7, 8, 11, 15, 16, 18, 24, 25, 26, 27], "neighbors": [29, 13, 28, 31, 9, 11, 18, 34, 27, 10, 33, 12, 17, 5, 32, 4, 0, 8, 2]}, {"capacity": 259, "impossibleCargos": [1, 3, 8, 10, 11, 13, 17, 18, 19, 20, 22, 23, 25, 27, 28, 29], "neighbors": [7, 28, 11, 4, 17, 31, 19, 27, 33, 1, 20, 14, 6]}, {"capacity": 288, "impossibleCargos": [0, 1, 2, 3, 4, 7, 9, 14, 16, 17, 24, 27], "neighbors": [2, 0, 30, 5, 34, 26, 31, 11, 29, 17, 18, 3, 19, 13]}, {"capacity": 259, "impossibleCargos": [0, 2, 3, 4, 6, 10, 12, 14, 16, 19, 21, 25, 27, 28, 29], "neighbors": [27, 33, 31, 29, 9, 14, 21, 0, 3, 32, 25, 13, 10, 15, 6, 7, 28, 30, 19]}, {"capacity": 225, "impossibleCargos": [1, 7, 8, 11, 13, 18, 20, 21, 24, 26], "neighbors": [21, 26, 22, 32, 4, 5, 19, 10, 3, 29, 23, 16, 28, 30, 24, 11, 12, 14, 6]}, {"capacity": 218, "impossibleCargos": [8, 10, 11, 12, 13, 14, 15, 16, 17, 19, 25, 27, 29], "neighbors": [19, 1, 24, 9, 12, 23, 15, 8, 17, 34, 21, 27, 22, 0, 6, 7, 14, 16, 29, 26]}, {"capacity": 213, "impossibleCargos": [2, 3, 6, 9, 10, 11, 12, 13, 14, 15, 18, 20, 21, 23, 28], "neighbors": [12, 23, 19, 8, 9, 33, 26, 10, 27, 32, 11, 4, 25, 22, 20, 16, 18, 28]}, {"capacity": 252, "impossibleCargos": [1, 2, 3, 4, 7, 17, 23, 25, 27, 29], "neighbors": [31, 21, 25, 2, 34, 6, 27, 3, 7, 0, 4, 15, 5, 26, 22]}, {"capacity": 288, "impossibleCargos": [0, 4, 8, 12, 13, 14, 15, 16, 17, 18, 22, 23, 27, 28, 29], "neighbors": [26, 30, 6, 33, 3, 11, 23, 7, 18, 24, 0, 19, 20, 2, 12, 16, 25, 15, 17, 32, 14]}, {"capacity": 271, "impossibleCargos": [2, 4, 6, 7, 8, 9, 11, 14, 16, 17, 20, 27], "neighbors": [27, 29, 13, 26, 5, 20, 4, 6, 14, 3, 23, 21, 33, 9, 7, 31, 8]}, {"capacity": 251, "impossibleCargos": [4, 6, 8, 9, 13, 14, 15, 18, 21, 22, 23, 24, 27], "neighbors": [26, 14, 17, 8, 29, 31, 7, 23, 11, 21, 6, 24, 9, 18, 12, 32, 15, 3]}, {"capacity": 262, "impossibleCargos": [0, 1, 2, 5, 6, 10, 11, 14, 17, 18, 19, 22, 23, 24, 29], "neighbors": [23, 6, 20, 15, 13, 16, 4, 28, 7, 25, 30, 12, 21, 17, 0]}]}