{"volumes": [448, 500, 0, 0, 0, 0, 0, 198, 440, 205, 286, 0, 0, 258, 0, 959, 245, 715, 205, 0, 523, 513, 0, 528, 251, 0, 286, 726, 701, 236], "conflicts": [[0, 4], [0, 12], [1, 2], [1, 5], [1, 6], [1, 16], [2, 3], [2, 6], [2, 7], [2, 14], [2, 16], [2, 26], [2, 28], [3, 20], [3, 21], [3, 22], [3, 25], [3, 26], [4, 6], [4, 10], [4, 13], [4, 14], [4, 18], [4, 22], [4, 25], [4, 26], [5, 7], [5, 10], [5, 14], [5, 15], [5, 16], [5, 22], [5, 24], [5, 29], [6, 10], [6, 14], [6, 17], [6, 24], [6, 26], [6, 27], [7, 11], [7, 29], [8, 11], [8, 22], [9, 10], [9, 12], [10, 11], [10, 22], [10, 24], [11, 17], [11, 19], [11, 24], [12, 18], [12, 21], [12, 25], [14, 21], [14, 28], [15, 25], [16, 22], [16, 24], [16, 25], [17, 24], [19, 23], [19, 24], [19, 27], [21, 25], [22, 28]], "tanks": [{"capacity": 266, "impossibleCargos": [0, 1, 2, 4, 5, 6, 9, 10, 11, 12, 13, 14, 16, 17, 18, 19, 21, 22, 24, 25, 26, 27, 28, 29], "neighbors": [19, 9, 5, 24, 20, 33, 11, 2, 28, 10, 1, 6, 26, 32, 12, 3, 29]}, {"capacity": 254, "impossibleCargos": [0, 2, 9, 10, 11, 13, 14, 15, 18, 19, 20, 22, 23, 24, 25, 26, 27, 28], "neighbors": [33, 32, 25, 18, 8, 20, 34, 24, 2, 28, 0, 16, 19, 7, 14]}, {"capacity": 210, "impossibleCargos": [0, 2, 3, 4, 5, 6, 7, 11, 12, 14, 15, 16, 17, 18, 19, 20, 21, 22, 25, 26, 27, 28, 29], "neighbors": [15, 23, 4, 26, 24, 10, 12, 18, 13, 20, 1, 0, 17, 19, 25, 7, 27, 5]}, {"capacity": 265, "impossibleCargos": [2, 4, 5, 6, 8, 10, 11, 12, 13, 16, 17, 18, 19, 20, 21, 22, 23, 24, 27, 28, 29], "neighbors": [11, 19, 6, 16, 18, 31, 13, 33, 9, 5, 8, 21, 10, 20, 4, 30, 7, 0]}, {"capacity": 214, "impossibleCargos": [1, 2, 3, 4, 5, 7, 9, 10, 11, 12, 13, 14, 15, 17, 18, 19, 20, 23, 25, 26, 27, 28, 29], "neighbors": [23, 2, 17, 13, 14, 15, 5, 26, 3, 25, 27, 31, 21]}, {"capacity": 260, "impossibleCargos": [0, 1, 2, 3, 4, 5, 6, 7, 9, 10, 11, 12, 14, 15, 16, 17, 18, 19, 21, 22, 24], "neighbors": [24, 20, 27, 8, 28, 11, 0, 17, 34, 10, 16, 18, 4, 3, 7, 14, 25, 12, 2, 26]}, {"capacity": 238, "impossibleCargos": [0, 1, 2, 3, 5, 7, 9, 10, 11, 12, 15, 17, 18, 21, 23, 24, 25, 26], "neighbors": [7, 28, 3, 20, 9, 15, 16, 11, 22, 12, 29, 0, 18, 19, 27]}, {"capacity": 231, "impossibleCargos": [0, 1, 2, 5, 6, 7, 8, 11, 12, 14, 15, 16, 17, 18, 19, 21, 22, 24, 26, 27, 29], "neighbors": [6, 32, 20, 26, 27, 24, 28, 21, 15, 30, 5, 22, 9, 3, 18, 1, 14, 2]}, {"capacity": 292, "impossibleCargos": [1, 2, 3, 5, 6, 7, 8, 10, 11, 13, 14, 15, 17, 18, 19, 21, 22, 23, 24, 25, 27, 28, 29], "neighbors": [29, 34, 11, 12, 5, 18, 33, 1, 32, 13, 27, 31, 19, 3, 21]}, {"capacity": 295, "impossibleCargos": [0, 1, 2, 4, 6, 7, 8, 9, 11, 12, 14, 16, 17, 18, 20, 21, 23, 24, 25, 26, 27, 29], "neighbors": [16, 14, 30, 15, 0, 27, 6, 34, 13, 3, 23, 7, 32, 25, 12]}, {"capacity": 279, "impossibleCargos": [0, 3, 4, 5, 6, 7, 8, 9, 10, 11, 12, 13, 14, 15, 16, 17, 20, 21, 22, 24, 25, 26, 27, 29], "neighbors": [14, 2, 15, 12, 20, 21, 31, 30, 5, 22, 23, 3, 0, 26, 29, 13, 27]}, {"capacity": 274, "impossibleCargos": [0, 1, 3, 5, 6, 9, 10, 11, 12, 13, 14, 15, 16, 17, 18, 19, 20, 22, 25, 26, 27, 28, 29], "neighbors": [29, 3, 8, 5, 22, 0, 12, 6, 34, 21, 27, 24, 32, 33, 30]}, {"capacity": 227, "impossibleCargos": [0, 1, 3, 4, 5, 6, 7, 9, 11, 13, 14, 15, 16, 17, 18, 19, 21, 22, 23, 24, 25, 29], "neighbors": [19, 29, 33, 32, 10, 2, 15, 8, 27, 26, 16, 34, 20, 17, 11, 6, 5, 0, 9]}, {"capacity": 293, "impossibleCargos": [0, 1, 2, 3, 4, 5, 6, 7, 9, 10, 11, 12, 14, 15, 16, 17, 18, 19, 20, 21, 22, 23, 24, 25, 27, 28, 29], "neighbors": [19, 18, 34, 4, 25, 31, 2, 28, 3, 23, 16, 8, 14, 9, 29, 24, 32, 30, 10, 17, 15]}, {"capacity": 228, "impossibleCargos": [1, 2, 3, 4, 5, 6, 7, 8, 9, 10, 11, 12, 14, 18, 19, 20, 21, 22, 23, 24, 25, 26, 27, 28], "neighbors": [10, 9, 20, 25, 24, 4, 18, 13, 34, 17, 5, 26, 30, 7, 16, 33, 1, 28]}, {"capacity": 206, "impossibleCargos": [0, 2, 3, 4, 6, 7, 10, 11, 12, 13, 16, 17, 19, 20, 21, 22, 23, 24, 26, 27, 28], "neighbors": [17, 2, 10, 9, 12, 24, 4, 29, 28, 6, 7, 21, 22, 20, 13, 26]}, {"capacity": 255, "impossibleCargos": [0, 2, 3, 5, 7, 8, 10, 11, 12, 13, 14, 15, 16, 18, 19, 20, 21, 23, 25, 26, 27, 29], "neighbors": [9, 21, 34, 3, 25, 12, 28, 13, 5, 6, 1, 19, 22, 14]}, {"capacity": 294, "impossibleCargos": [0, 1, 2, 3, 5, 6, 7, 8, 9, 10, 11, 13, 18, 20, 21, 23, 24, 25, 26, 27, 28], "neighbors": [34, 15, 18, 23, 4, 5, 33, 12, 26, 2, 14, 28, 13, 22]}, {"capacity": 222, "impossibleCargos": [1, 2, 3, 5, 7, 9, 12, 13, 14, 15, 16, 17, 19, 21, 22, 23, 24, 25, 26, 29], "neighbors": [17, 13, 26, 28, 3, 2, 1, 8, 14, 30, 21, 20, 5, 25, 31, 27, 23, 22, 7, 6, 32]}, {"capacity": 283, "impossibleCargos": [0, 1, 3, 4, 5, 6, 7, 9, 12, 13, 14, 15, 16, 19, 20, 21, 22, 24, 26, 27, 28], "neighbors": [0, 12, 31, 13, 33, 3, 26, 25, 22, 8, 2, 16, 1, 6, 32]}, {"capacity": 246, "impossibleCargos": [2, 3, 4, 5, 6, 7, 8, 9, 11, 12, 13, 16, 18, 20, 22, 24, 25, 27, 28, 29], "neighbors": [14, 5, 10, 7, 2, 0, 1, 12, 6, 18, 32, 26, 31, 3, 15, 25, 33, 29]}, {"capacity": 269, "impossibleCargos": [0, 1, 2, 4, 5, 6, 7, 8, 10, 11, 12, 14, 16, 17, 18, 19, 20, 21, 22, 23, 24, 26, 27, 28, 29], "neighbors": [23, 16, 26, 10, 24, 31, 29, 22, 27, 7, 18, 15, 3, 8, 11, 4]}, {"capacity": 249, "impossibleCargos": [0, 2, 3, 4, 5, 7, 9, 12, 13, 15, 16, 18, 19, 21, 22, 24, 25, 26, 27, 29], "neighbors": [24, 21, 33, 34, 32, 11, 10, 6, 19, 7, 15, 18, 31, 25, 30, 16, 17]}, {"capacity": 252, "impossibleCargos": [1, 2, 3, 4, 5, 6, 7, 8, 12, 13, 14, 15, 19, 20, 25, 27, 28, 29], "neighbors": [26, 21, 29, 4, 2, 17, 31, 13, 33, 10, 27, 30, 9, 18, 25]}, {"capacity": 255, "impossibleCargos": [1, 3, 4, 5, 7, 8, 9, 11, 12, 13, 14, 15, 16, 17, 18, 19, 20, 21, 22, 25, 26, 27, 29], "neighbors": [22, 5, 2, 21, 14, 0, 7, 27, 15, 1, 25, 13, 31, 32, 11, 33, 34]}, {"capacity": 252, "impossibleCargos": [0, 1, 2, 4, 7, 8, 10, 11, 13, 14, 15, 17, 18, 19, 21, 22, 23, 24, 26, 27], "neighbors": [1, 14, 29, 13, 16, 26, 32, 24, 18, 19, 34, 5, 20, 31, 22, 23, 2, 4, 9, 33]}, {"capacity": 278, "impossibleCargos": [0, 1, 2, 3, 4, 5, 7, 8, 9, 10, 11, 13, 16, 17, 18, 19, 20, 22, 23, 24, 25, 26, 27], "neighbors": [23, 2, 21, 18, 7, 25, 19, 12, 17, 20, 4, 14, 10, 0, 28, 34, 5, 15]}, {"capacity": 214, "impossibleCargos": [0, 1, 2, 3, 4, 5, 7, 10, 11, 13, 15, 16, 17, 18, 19, 22, 23, 25, 26, 29], "neighbors": [32, 5, 28, 12, 21, 7, 24, 9, 8, 23, 18, 11, 4, 10, 6, 2]}, {"capacity": 258, "impossibleCargos": [0, 3, 4, 5, 6, 7, 8, 9, 10, 12, 15, 16, 17, 18, 19, 20, 21, 24, 25, 27, 28], "neighbors": [6, 18, 29, 31, 27, 5, 13, 33, 7, 16, 15, 32, 30, 0, 1, 17, 26, 34, 14]}, {"capacity": 246, "impossibleCargos": [0, 2, 4, 5, 6, 7, 10, 11, 13, 14, 15, 16, 18, 19, 21, 22, 25, 26, 27, 28, 29], "neighbors": [23, 11, 12, 8, 32, 25, 28, 21, 15, 13, 34, 6, 30, 10, 20, 0]}, {"capacity": 236, "impossibleCargos": [0, 1, 3, 4, 5, 6, 7, 8, 9, 10, 12, 13, 15, 16, 18, 19, 20, 22, 23, 24, 25, 26, 27, 29], "neighbors": [32, 9, 31, 10, 18, 34, 7, 23, 28, 33, 29, 13, 3, 14, 22, 11]}, {"capacity": 283, "impossibleCargos": [3, 4, 6, 7, 9, 10, 11, 12, 13, 14, 16, 17, 18, 19, 23, 25, 26, 27, 28, 29], "neighbors": [19, 23, 30, 21, 13, 28, 10, 3, 8, 18, 24, 20, 22, 25, 4, 32]}, {"capacity": 273, "impossibleCargos": [1, 2, 3, 4, 5, 6, 7, 8, 11, 12, 14, 15, 17, 18, 20, 21, 22, 23, 24, 25, 26, 28], "neighbors": [1, 30, 12, 29, 27, 7, 34, 22, 8, 25, 20, 28, 13, 24, 0, 9, 11, 33, 19, 18, 31]}, {"capacity": 209, "impossibleCargos": [0, 2, 4, 5, 6, 8, 9, 10, 12, 13, 14, 15, 16, 17, 18, 19, 20, 21, 22, 23, 26, 28, 29], "neighbors": [1, 12, 19, 22, 28, 8, 0, 23, 17, 3, 30, 24, 20, 11, 32, 14, 25]}, {"capacity": 293, "impossibleCargos": [0, 1, 2, 3, 4, 5, 6, 7, 8, 9, 10, 12, 13, 14, 15, 16, 18, 19, 20, 23, 24, 25, 26, 28, 29], "neighbors": [17, 13, 8, 16, 32, 22, 5, 12, 1, 9, 30, 25, 29, 14, 11, 26, 28, 24]}]}