{"volumes": [0, 0, 0, 493, 0, 479, 523, 0, 0, 439, 0, 0, 228, 270, 922, 473, 0, 456, 0, 191, 215, 234, 503, 243, 261, 245, 697, 200, 478, 494], "conflicts": [[0, 2], [0, 3], [0, 4], [0, 5], [0, 6], [0, 7], [0, 8], [0, 10], [0, 11], [0, 12], [0, 13], [0, 14], [0, 15], [0, 17], [0, 18], [0, 19], [0, 20], [0, 21], [0, 22], [0, 23], [0, 24], [0, 25], [0, 27], [0, 28], [0, 29], [1, 2], [1, 3], [1, 4], [1, 6], [1, 7], [1, 8], [1, 9], [1, 11], [1, 12], [1, 14], [1, 15], [1, 16], [1, 17], [1, 19], [1, 20], [1, 21], [1, 22], [1, 24], [1, 25], [1, 26], [1, 28], [1, 29], [2, 3], [2, 5], [2, 6], [2, 7], [2, 9], [2, 12], [2, 16], [2, 17], [2, 18], [2, 19], [2, 20], [2, 21], [2, 22], [2, 23], [2, 24], [2, 25], [2, 27], [2, 28], [2, 29], [3, 4], [3, 7], [3, 8], [3, 10], [3, 11], [3, 16], [4, 5], [4, 7], [4, 8], [4, 9], [4, 11], [4, 12], [4, 15], [4, 16], [4, 18], [4, 19], [4, 20], [4, 22], [4, 23], [4, 24], [4, 25], [4, 26], [4, 28], [4, 29], [5, 7], [5, 8], [5, 10], [5, 18], [6, 8], [6, 16], [6, 18], [7, 8], [7, 12], [7, 15], [7, 16], [7, 17], [7, 18], [7, 20], [7, 21], [7, 22], [7, 23], [7, 24], [7, 25], [7, 26], [7, 28], [7, 29], [8, 9], [8, 11], [8, 12], [8, 13], [8, 16], [8, 17], [8, 18], [8, 19], [8, 20], [8, 22], [8, 23], [8, 24], [8, 25], [8, 27], [8, 28], [8, 29], [9, 16], [9, 18], [10, 13], [10, 14], [10, 15], [10, 16], [10, 17], [10, 19], [10, 20], [10, 21], [10, 22], [10, 23], [10, 24], [10, 26], [10, 27], [10, 28], [10, 29], [11, 13], [11, 15], [11, 17], [11, 18], [11, 19], [11, 20], [11, 22], [11, 23], [11, 24], [11, 25], [11, 27], [11, 28], [11, 29], [12, 16], [12, 20], [12, 25], [12, 27], [13, 16], [13, 20], [14, 16], [14, 18], [15, 16], [15, 18], [15, 25], [16, 17], [16, 19], [16, 20], [16, 21], [16, 22], [16, 23], [16, 25], [16, 27], [18, 19], [18, 20], [18, 21], [18, 23], [18, 24], [18, 25], [18, 26], [18, 27], [18, 28], [18, 29], [19, 24], [19, 27], [20, 27], [21, 24], [22, 25]], "tanks": [{"capacity": 250, "impossibleCargos": [12, 14, 17, 19], "neighbors": [32, 14, 25, 19, 23, 10, 3, 16, 18, 30, 22, 34, 33, 24, 9, 29, 13, 20, 12, 31, 28, 7, 15, 11, 5, 2]}, {"capacity": 246, "impossibleCargos": [6, 7, 8, 9, 11, 20], "neighbors": [14, 11, 10, 21, 12, 4, 2, 33, 28, 22, 30, 3, 6, 17, 16, 20, 25, 23, 15, 27, 29, 24, 9, 13, 32]}, {"capacity": 296, "impossibleCargos": [1, 7, 9, 11, 13, 14, 15, 18, 19, 23], "neighbors": [27, 4, 5, 29, 1, 26, 31, 12, 19, 8, 22, 9, 34, 10, 17, 30, 28, 24, 23, 0, 11, 14, 32, 18, 21]}, {"capacity": 259, "impossibleCargos": [3, 5, 11, 13, 15, 16, 17], "neighbors": [10, 9, 21, 27, 26, 5, 16, 0, 6, 23, 20, 1, 19, 25, 32, 8, 24, 15, 12, 13, 29, 14, 4, 22]}, {"capacity": 201, "impossibleCargos": [0, 4, 9, 12, 17, 26], "neighbors": [6, 2, 1, 8, 23, 26, 25, 34, 31, 9, 24, 32, 18, 27, 30, 13, 15, 20, 19, 29, 10, 33, 5, 11, 14, 16, 21, 3, 12]}, {"capacity": 229, "impossibleCargos": [0, 7, 16, 21], "neighbors": [30, 26, 21, 22, 12, 17, 2, 11, 16, 23, 3, 28, 19, 20, 15, 29, 33, 9, 34, 4, 32, 10, 27, 14, 25, 0, 8]}, {"capacity": 228, "impossibleCargos": [1, 3, 12, 15, 16, 19, 23, 28], "neighbors": [4, 15, 8, 29, 33, 17, 34, 13, 21, 3, 12, 1, 16, 31, 20, 11, 18, 19, 7, 10, 32, 30, 9, 23]}, {"capacity": 221, "impossibleCargos": [0, 1, 2, 3, 7, 11, 16, 25], "neighbors": [11, 8, 26, 25, 34, 27, 17, 28, 22, 31, 12, 14, 19, 30, 20, 21, 6, 16, 0, 18, 13]}, {"capacity": 237, "impossibleCargos": [0, 9, 13, 20, 24, 28], "neighbors": [18, 7, 6, 4, 24, 19, 13, 22, 2, 34, 31, 11, 27, 32, 3, 25, 14, 16, 15, 20, 33, 17, 21, 10, 5, 29]}, {"capacity": 222, "impossibleCargos": [3, 9, 10, 12, 17, 23, 25, 26, 29], "neighbors": [29, 3, 30, 32, 22, 4, 14, 24, 13, 16, 2, 19, 5, 0, 17, 26, 1, 31, 33, 10, 20, 21, 6, 15]}, {"capacity": 221, "impossibleCargos": [0, 3, 7, 9, 12, 13, 15, 17, 18, 25], "neighbors": [34, 17, 3, 1, 33, 0, 14, 22, 19, 30, 31, 32, 20, 24, 21, 2, 4, 27, 18, 6, 28, 11, 5, 9, 25, 8, 13, 16]}, {"capacity": 235, "impossibleCargos": [1, 9, 13, 14, 16, 26, 27, 29], "neighbors": [7, 33, 1, 25, 19, 34, 24, 5, 27, 8, 28, 12, 18, 6, 16, 4, 10, 29, 31, 0, 21, 2, 22, 14, 15]}, {"capacity": 204, "impossibleCargos": [5, 10, 13, 14, 15, 20, 21, 26], "neighbors": [21, 19, 1, 5, 20, 17, 27, 2, 25, 24, 7, 29, 32, 6, 13, 14, 34, 26, 11, 15, 33, 23, 28, 3, 31, 0, 30, 4, 16]}, {"capacity": 216, "impossibleCargos": [0, 7, 9, 12, 17, 23, 25, 28], "neighbors": [20, 28, 21, 32, 29, 6, 8, 25, 9, 12, 4, 16, 24, 22, 0, 30, 3, 18, 27, 1, 17, 34, 10, 7, 23, 31]}, {"capacity": 231, "impossibleCargos": [4, 21, 22, 23, 24, 25], "neighbors": [1, 17, 0, 10, 34, 9, 7, 22, 12, 33, 31, 32, 29, 8, 27, 26, 4, 25, 21, 3, 5, 19, 16, 2, 11, 20, 28, 23]}, {"capacity": 264, "impossibleCargos": [1, 3, 13, 17, 29], "neighbors": [32, 6, 34, 18, 20, 21, 4, 5, 12, 19, 3, 1, 31, 8, 25, 27, 28, 0, 23, 22, 11, 9]}, {"capacity": 245, "impossibleCargos": [8, 14, 18, 19, 21, 23, 26, 28, 29], "neighbors": [30, 24, 26, 5, 3, 0, 27, 9, 6, 13, 22, 1, 34, 18, 11, 8, 31, 7, 23, 28, 4, 14, 33, 10, 12]}, {"capacity": 256, "impossibleCargos": [7, 8, 11, 13, 15, 16], "neighbors": [10, 14, 33, 5, 6, 7, 12, 21, 25, 18, 24, 19, 29, 1, 2, 31, 9, 30, 28, 8, 13, 34, 27]}, {"capacity": 210, "impossibleCargos": [1, 3, 4, 8, 12, 14, 15, 17, 18, 23], "neighbors": [8, 27, 30, 25, 15, 23, 0, 4, 17, 22, 31, 28, 11, 26, 16, 6, 10, 13, 20, 32, 7, 24, 29, 21, 34, 2]}, {"capacity": 277, "impossibleCargos": [2, 7, 10, 11, 12, 13, 18, 19, 21, 27, 29], "neighbors": [12, 24, 0, 11, 8, 31, 20, 21, 5, 10, 33, 2, 27, 3, 23, 30, 7, 17, 32, 9, 4, 15, 6, 14, 22]}, {"capacity": 280, "impossibleCargos": [4, 12, 20, 24], "neighbors": [22, 13, 12, 28, 31, 19, 5, 29, 3, 15, 27, 26, 25, 10, 4, 6, 1, 7, 8, 0, 32, 18, 30, 21, 33, 9, 14]}, {"capacity": 264, "impossibleCargos": [4, 11, 13, 14, 24, 26], "neighbors": [12, 5, 1, 3, 13, 22, 34, 26, 28, 19, 17, 6, 15, 29, 27, 10, 33, 7, 23, 24, 14, 20, 4, 8, 11, 9, 32, 18, 2]}, {"capacity": 238, "impossibleCargos": [0, 2, 5, 8, 9, 12, 13, 14, 16, 17, 19, 23], "neighbors": [20, 33, 5, 25, 21, 7, 10, 23, 9, 1, 8, 14, 18, 0, 2, 16, 28, 13, 27, 34, 3, 15, 19, 11, 24]}, {"capacity": 235, "impossibleCargos": [2, 3, 4, 9, 13, 16, 17, 22], "neighbors": [29, 0, 4, 5, 18, 31, 25, 22, 30, 3, 32, 33, 19, 12, 1, 27, 24, 2, 16, 21, 28, 15, 6, 13, 26, 14]}, {"capacity": 281, "impossibleCargos": [2, 11, 13, 14, 28], "neighbors": [19, 16, 8, 11, 27, 4, 30, 12, 9, 17, 13, 29, 10, 34, 31, 0, 3, 23, 2, 26, 32, 1, 21, 18, 22, 33]}, {"capacity": 247, "impossibleCargos": [3, 8, 10, 20], "neighbors": [0, 11, 7, 22, 18, 4, 23, 17, 12, 13, 20, 3, 31, 8, 1, 34, 15, 30, 14, 10, 5, 33]}, {"capacity": 300, "impossibleCargos": [3, 5, 8, 16, 27], "neighbors": [5, 7, 33, 3, 4, 16, 21, 2, 34, 32, 20, 12, 18, 27, 31, 9, 14, 24, 23]}, {"capacity": 294, "impossibleCargos": [0, 1, 4, 7, 9, 12, 26], "neighbors": [18, 32, 2, 34, 7, 3, 24, 12, 28, 19, 16, 4, 11, 20, 8, 21, 26, 10, 23, 1, 14, 22, 33, 15, 13, 5, 29, 17]}, {"capacity": 296, "impossibleCargos": [0, 5, 9, 17, 18, 24, 25, 29], "neighbors": [29, 30, 13, 20, 7, 1, 5, 21, 27, 32, 33, 31, 11, 18, 22, 12, 2, 10, 17, 16, 15, 0, 23, 14]}, {"capacity": 293, "impossibleCargos": [4, 7, 8, 14, 16, 25], "neighbors": [9, 23, 28, 6, 34, 30, 2, 13, 20, 12, 21, 17, 24, 5, 14, 31, 4, 0, 1, 32, 3, 11, 27, 18, 8, 33]}, {"capacity": 250, "impossibleCargos": [4, 5, 6, 8, 17, 18], "neighbors": [5, 16, 18, 28, 9, 29, 23, 10, 1, 24, 0, 19, 34, 4, 7, 2, 13, 17, 25, 20, 6, 12, 31, 33]}, {"capacity": 250, "impossibleCargos": [1, 11, 15, 16, 19, 21, 26, 27, 28], "neighbors": [20, 19, 33, 7, 23, 2, 4, 10, 8, 28, 25, 18, 6, 14, 29, 24, 15, 26, 17, 16, 12, 0, 32, 9, 34, 11, 30, 13]}, {"capacity": 287, "impossibleCargos": [2, 6, 8, 10, 11, 16, 20, 21, 22, 28], "neighbors": [15, 0, 27, 13, 9, 4, 23, 26, 12, 28, 34, 3, 19, 8, 10, 14, 5, 24, 20, 6, 31, 29, 18, 21, 1, 2]}, {"capacity": 276, "impossibleCargos": [15], "neighbors": [22, 11, 34, 17, 26, 10, 6, 1, 31, 19, 23, 28, 14, 12, 0, 5, 4, 21, 27, 8, 9, 20, 16, 30, 25, 24, 29]}, {"capacity": 273, "impossibleCargos": [3, 8, 9, 10, 11, 15, 21, 24, 28], "neighbors": [10, 15, 33, 29, 7, 27, 11, 6, 21, 4, 14, 26, 30, 8, 32, 0, 12, 2, 16, 5, 24, 25, 31, 17, 22, 13, 18]}]}