{"volumes": [189, 0, 171, 0, 708, 172, 541, 662, 209, 325, 223, 269, 0, 407, 206, 0, 0, 398, 0, 225, 149, 288, 278, 0, 347, 206, 247, 167, 0, 233], "conflicts": [[0, 5], [0, 12], [0, 23], [1, 4], [1, 11], [1, 14], [1, 26], [1, 27], [1, 28], [1, 29], [2, 16], [2, 21], [2, 27], [3, 4], [3, 5], [3, 15], [3, 17], [3, 24], [4, 12], [4, 23], [4, 25], [4, 28], [5, 9], [5, 10], [5, 11], [5, 23], [5, 26], [7, 14], [7, 15], [7, 16], [7, 23], [8, 9], [8, 11], [8, 12], [8, 16], [8, 27], [8, 28], [9, 13], [9, 16], [9, 28], [10, 26], [10, 27], [10, 28], [11, 12], [11, 14], [11, 23], [11, 28], [11, 29], [12, 25], [12, 29], [13, 18], [13, 27], [13, 29], [14, 17], [14, 18], [14, 27], [14, 28], [15, 16], [15, 17], [15, 18], [15, 21], [15, 27], [15, 28], [15, 29], [16, 17], [16, 23], [16, 26], [17, 18], [18, 22], [18, 23], [18, 26], [19, 21], [20, 23], [20, 24], [20, 26], [21, 26], [21, 28], [22, 23], [23, 26], [23, 28], [25, 27], [27, 29]], "tanks": [{"capacity": 287, "impossibleCargos": [6, 11, 14, 15, 17, 22, 24, 27], "neighbors": [25, 26, 33, 32, 23, 9, 14]}, {"capacity": 265, "impossibleCargos": [3, 6, 10, 12, 15, 16, 25], "neighbors": [16, 30, 4, 24, 10]}, {"capacity": 279, "impossibleCargos": [3, 4, 5, 6, 9, 10, 12, 16, 19, 20, 28, 29], "neighbors": [25, 26, 19, 24]}, {"capacity": 250, "impossibleCargos": [9, 22, 26, 29], "neighbors": [20, 15, 21, 27, 26, 11, 8, 23, 30, 28, 14, 24]}, {"capacity": 265, "impossibleCargos": [0, 6, 15, 16, 20, 22], "neighbors": [14, 5, 1, 29, 33, 15]}, {"capacity": 242, "impossibleCargos": [1, 4, 11, 14, 20, 26, 29], "neighbors": [21, 23, 27, 17, 4, 8, 10, 32, 14, 19]}, {"capacity": 292, "impossibleCargos": [5, 7, 9, 12, 16, 18, 20, 22, 26], "neighbors": [24, 20, 13, 11, 10, 32, 16, 21]}, {"capacity": 295, "impossibleCargos": [3, 6, 7, 11, 19, 20, 26, 29], "neighbors": [26, 12, 34, 14, 11, 29, 10, 20, 27]}, {"capacity": 209, "impossibleCargos": [10, 14], "neighbors": [21, 3, 26, 5, 27, 11, 32, 23]}, {"capacity": 292, "impossibleCargos": [1, 9, 11, 23, 27], "neighbors": [30, 29, 17, 32, 14, 24, 22, 0, 34]}, {"capacity": 297, "impossibleCargos": [0, 2, 4, 8, 9, 10, 16, 18, 20, 23, 25, 27], "neighbors": [34, 23, 16, 14, 12, 5, 6, 7, 26, 1, 32]}, {"capacity": 298, "impossibleCargos": [3, 6, 12, 13, 14, 17, 20, 23, 24, 25, 26], "neighbors": [19, 21, 3, 33, 30, 6, 8, 7, 15]}, {"capacity": 263, "impossibleCargos": [4, 6, 10, 14, 17, 27, 29], "neighbors": [7, 19, 16, 21, 10, 25, 17, 20, 18, 15]}, {"capacity": 248, "impossibleCargos": [4, 17, 29], "neighbors": [20, 26, 6, 17]}, {"capacity": 218, "impossibleCargos": [0, 1, 12, 14, 19, 26, 27], "neighbors": [4, 34, 10, 27, 31, 32, 21, 26, 9, 7, 24, 19, 5, 3, 0]}, {"capacity": 285, "impossibleCargos": [1, 9, 15, 17, 18, 20, 25, 27], "neighbors": [30, 27, 3, 23, 29, 18, 11, 4, 12]}, {"capacity": 268, "impossibleCargos": [0, 2, 4, 6, 10, 13, 18, 20, 21, 23], "neighbors": [22, 29, 1, 27, 10, 12, 34, 6, 21]}, {"capacity": 287, "impossibleCargos": [0, 1, 9, 17, 19, 21, 23, 28], "neighbors": [5, 9, 12, 27, 30, 13]}, {"capacity": 291, "impossibleCargos": [2, 6, 8, 9, 12, 22, 26, 27], "neighbors": [34, 25, 24, 15, 12, 22]}, {"capacity": 232, "impossibleCargos": [1, 7, 19, 23, 24], "neighbors": [11, 12, 24, 29, 2, 14, 5, 28]}, {"capacity": 293, "impossibleCargos": [3, 6, 7, 12, 13, 16, 24], "neighbors": [13, 3, 24, 31, 6, 12, 7]}, {"capacity": 264, "impossibleCargos": [2, 4, 5, 14, 15, 25, 28], "neighbors": [5, 25, 11, 3, 8, 12, 14, 29, 26, 32, 6, 16]}, {"capacity": 234, "impossibleCargos": [4, 8, 10, 22, 24, 28], "neighbors": [33, 16, 9, 29, 18]}, {"capacity": 267, "impossibleCargos": [2, 8, 12, 13, 21, 23, 24], "neighbors": [5, 10, 15, 3, 34, 31, 32, 0, 8]}, {"capacity": 248, "impossibleCargos": [1, 7, 21, 23, 26], "neighbors": [20, 19, 34, 6, 18, 29, 2, 33, 9, 1, 14, 3, 32]}, {"capacity": 212, "impossibleCargos": [2, 6, 12, 15, 21, 26, 29], "neighbors": [2, 21, 0, 18, 28, 12, 26, 31, 29]}, {"capacity": 287, "impossibleCargos": [1, 9, 13, 18, 20, 24, 25, 27], "neighbors": [7, 13, 2, 3, 8, 14, 0, 25, 21, 10, 32]}, {"capacity": 290, "impossibleCargos": [4, 11, 12, 13, 16, 19, 28], "neighbors": [15, 5, 16, 14, 3, 34, 17, 8, 7]}, {"capacity": 233, "impossibleCargos": [0, 12, 17, 29], "neighbors": [25, 29, 3, 19]}, {"capacity": 295, "impossibleCargos": [2, 8, 12, 14, 21, 25], "neighbors": [16, 19, 9, 15, 21, 24, 28, 4, 7, 22, 25]}, {"capacity": 238, "impossibleCargos": [4, 5, 7, 9, 10, 15, 18, 21, 22, 24], "neighbors": [15, 9, 11, 1, 3, 17, 31]}, {"capacity": 215, "impossibleCargos": [12, 23, 27, 29], "neighbors": [20, 14, 23, 34, 25, 30]}, {"capacity": 296, "impossibleCargos": [0, 2, 7, 17, 27], "neighbors": [33, 9, 14, 8, 0, 5, 23, 6, 21, 24, 26, 10]}, {"capacity": 299, "impossibleCargos": [1, 5, 11, 15, 16, 26, 28], "neighbors": [22, 32, 11, 0, 24, 4]}, {"capacity": 212, "impossibleCargos": [5, 13, 16, 21, 26], "neighbors": [10, 14, 24, 18, 7, 16, 27, 23, 31, 9]}]}