{"volumes": [243, 510, 212, 136, 351, 0, 418, 244, 374, 0, 337, 246, 0, 0, 0, 556, 144, 192, 279, 166, 356, 160, 193, 363, 162, 174, 211, 0, 358, 0], "conflicts": [[0, 3], [0, 14], [0, 19], [0, 20], [0, 28], [0, 29], [1, 5], [1, 12], [1, 14], [1, 16], [1, 27], [1, 28], [2, 3], [2, 5], [2, 7], [2, 12], [2, 16], [2, 18], [2, 19], [2, 21], [2, 23], [2, 25], [2, 26], [2, 27], [3, 5], [3, 9], [3, 13], [3, 14], [3, 16], [3, 18], [3, 19], [3, 25], [3, 28], [4, 7], [4, 9], [4, 14], [4, 16], [4, 17], [4, 24], [4, 29], [5, 9], [5, 10], [5, 11], [5, 20], [5, 23], [5, 27], [5, 28], [5, 29], [6, 10], [6, 12], [6, 13], [6, 19], [6, 25], [6, 29], [7, 9], [7, 10], [7, 11], [7, 12], [7, 14], [7, 21], [7, 22], [7, 24], [7, 25], [8, 12], [8, 13], [8, 16], [8, 18], [8, 20], [8, 24], [8, 27], [9, 14], [9, 16], [9, 18], [9, 19], [9, 20], [9, 23], [9, 24], [9, 27], [9, 29], [10, 12], [10, 19], [10, 22], [11, 14], [11, 19], [11, 20], [11, 25], [11, 27], [11, 28], [12, 13], [12, 15], [12, 17], [12, 18], [12, 19], [12, 24], [12, 25], [12, 27], [12, 28], [13, 15], [13, 17], [13, 21], [13, 24], [13, 25], [13, 27], [13, 29], [14, 16], [14, 17], [14, 19], [14, 20], [14, 21], [14, 22], [14, 25], [14, 26], [14, 27], [14, 28], [14, 29], [15, 29], [16, 17], [16, 19], [16, 20], [16, 27], [16, 29], [17, 23], [17, 24], [17, 27], [17, 28], [17, 29], [18, 19], [18, 21], [18, 24], [18, 25], [18, 27], [18, 29], [19, 22], [19, 29], [20, 22], [20, 26], [20, 27], [21, 25], [21, 26], [22, 24], [22, 26], [22, 27], [22, 29], [23, 24], [23, 26], [23, 27], [24, 26], [24, 27], [25, 27], [25, 28], [25, 29], [26, 27], [27, 28]], "tanks": [{"capacity": 255, "impossibleCargos": [0, 1, 3, 6, 16, 17, 21], "neighbors": [27, 10, 26, 22, 17, 8, 1, 31, 18]}, {"capacity": 270, "impossibleCargos": [5, 8, 15, 18, 21, 29], "neighbors": [25, 24, 0, 26, 28, 12, 17, 29, 9]}, {"capacity": 273, "impossibleCargos": [0, 5, 9, 11, 17, 20, 21, 23, 24, 25, 27, 28], "neighbors": [21, 19, 29, 15, 6]}, {"capacity": 264, "impossibleCargos": [4, 13, 14, 15, 16, 21, 22], "neighbors": [27, 22, 19, 28, 34, 12]}, {"capacity": 207, "impossibleCargos": [1, 14, 20, 23, 25, 29], "neighbors": [15, 21, 29, 28, 12, 27, 23]}, {"capacity": 271, "impossibleCargos": [9, 15, 16, 23, 25], "neighbors": [17, 22, 8, 21, 7, 15, 18, 10, 29, 25, 20, 14]}, {"capacity": 293, "impossibleCargos": [4, 6, 11, 17, 21, 22], "neighbors": [26, 27, 14, 22, 30, 9, 2, 18]}, {"capacity": 262, "impossibleCargos": [1, 2, 10, 13, 21, 22, 29], "neighbors": [27, 33, 5, 30, 8]}, {"capacity": 231, "impossibleCargos": [4, 8, 9, 15, 20, 22, 24, 26], "neighbors": [23, 5, 0, 32, 11, 25, 34, 13, 7, 22]}, {"capacity": 216, "impossibleCargos": [0, 8, 15, 17, 18, 24, 25, 27], "neighbors": [32, 29, 16, 30, 34, 6, 13, 1]}, {"capacity": 255, "impossibleCargos": [0, 5, 11, 12, 25, 27], "neighbors": [13, 16, 0, 15, 31, 5, 30, 29, 22, 17]}, {"capacity": 208, "impossibleCargos": [1, 6, 10, 11, 13, 20, 22], "neighbors": [19, 14, 20, 8]}, {"capacity": 204, "impossibleCargos": [3, 4, 5, 6, 8, 10, 14, 21, 27], "neighbors": [27, 25, 1, 4, 17, 30, 29, 3]}, {"capacity": 205, "impossibleCargos": [0, 3, 4, 5, 8, 12, 13, 17, 24, 25, 27], "neighbors": [10, 33, 30, 21, 31, 15, 29, 8, 9]}, {"capacity": 211, "impossibleCargos": [1, 5, 12, 19], "neighbors": [19, 11, 6, 21, 5]}, {"capacity": 231, "impossibleCargos": [2, 12, 15, 18, 19, 22], "neighbors": [21, 27, 23, 4, 5, 10, 33, 24, 13, 2, 28, 20]}, {"capacity": 225, "impossibleCargos": [1, 2, 3, 9, 12, 13, 16, 20, 22, 26], "neighbors": [10, 26, 24, 25, 34, 9, 33, 27, 17]}, {"capacity": 272, "impossibleCargos": [17, 23, 26], "neighbors": [5, 0, 30, 1, 12, 18, 26, 16, 20, 10]}, {"capacity": 252, "impossibleCargos": [0, 2, 7, 9, 11, 14, 16, 17, 27, 29], "neighbors": [24, 34, 5, 30, 17, 0, 29, 6]}, {"capacity": 207, "impossibleCargos": [0, 11, 17, 20, 21, 22, 23, 25, 26, 28], "neighbors": [14, 11, 2, 3, 22, 26]}, {"capacity": 261, "impossibleCargos": [1, 5, 8, 15, 18, 20, 23, 26, 29], "neighbors": [23, 30, 22, 11, 5, 28, 17, 15]}, {"capacity": 294, "impossibleCargos": [1, 11, 12, 24], "neighbors": [15, 28, 2, 4, 34, 5, 13, 14]}, {"capacity": 246, "impossibleCargos": [12, 15, 19, 20, 21], "neighbors": [5, 0, 3, 29, 26, 31, 20, 6, 19, 10, 8, 28]}, {"capacity": 285, "impossibleCargos": [3, 4, 5, 11, 14, 17, 22, 28], "neighbors": [15, 8, 20, 28, 32, 4]}, {"capacity": 246, "impossibleCargos": [11, 13, 20, 21, 22, 24, 26, 27, 28, 29], "neighbors": [1, 18, 27, 16, 15, 30, 34, 25]}, {"capacity": 300, "impossibleCargos": [5, 16, 18, 22, 24, 25], "neighbors": [1, 16, 12, 8, 5, 29, 24]}, {"capacity": 251, "impossibleCargos": [4, 11, 12, 15, 23, 27], "neighbors": [6, 0, 16, 27, 1, 22, 29, 17, 19]}, {"capacity": 264, "impossibleCargos": [1, 8, 10, 11, 20, 22, 23, 27], "neighbors": [0, 15, 30, 7, 3, 6, 24, 26, 34, 12, 32, 16, 29, 4]}, {"capacity": 290, "impossibleCargos": [11, 18], "neighbors": [21, 4, 23, 1, 30, 3, 33, 20, 22, 15]}, {"capacity": 260, "impossibleCargos": [6, 10, 11, 14, 18, 22, 28, 29], "neighbors": [31, 4, 22, 9, 33, 2, 5, 1, 26, 25, 13, 10, 12, 27, 18, 30]}, {"capacity": 231, "impossibleCargos": [4, 8, 11, 13, 20, 22, 23, 25, 27], "neighbors": [27, 13, 7, 20, 28, 17, 24, 9, 6, 18, 12, 10, 29]}, {"capacity": 225, "impossibleCargos": [7, 14, 15, 20, 29], "neighbors": [29, 13, 22, 10, 0]}, {"capacity": 218, "impossibleCargos": [6, 15, 17, 18, 19, 21, 22], "neighbors": [9, 8, 27, 23]}, {"capacity": 243, "impossibleCargos": [7, 8, 10, 11, 17], "neighbors": [34, 7, 13, 29, 15, 16, 28]}, {"capacity": 263, "impossibleCargos": [0, 4, 10, 16, 24, 29], "neighbors": [33, 21, 27, 18, 16, 9, 3, 8, 24]}]}