{"volumes": [541, 0, 0, 0, 367, 448, 488, 200, 0, 141, 569, 0, 362, 0, 217, 275, 0, 725, 151, 0, 232, 0, 0, 0, 399, 359, 215, 0, 0, 490], "conflicts": [[0, 2], [0, 3], [0, 9], [0, 10], [0, 11], [0, 13], [0, 14], [0, 19], [0, 21], [0, 22], [0, 23], [0, 27], [0, 28], [1, 2], [1, 5], [1, 6], [1, 7], [1, 8], [1, 9], [1, 10], [1, 11], [1, 12], [1, 14], [1, 16], [1, 18], [1, 19], [1, 22], [1, 24], [1, 25], [1, 26], [1, 27], [1, 28], [1, 29], [2, 3], [2, 4], [2, 7], [2, 9], [2, 11], [2, 12], [2, 13], [2, 14], [2, 15], [2, 17], [2, 18], [2, 19], [2, 20], [2, 21], [2, 22], [2, 23], [2, 24], [2, 25], [2, 26], [2, 27], [2, 28], [3, 5], [3, 6], [3, 7], [3, 8], [3, 9], [3, 10], [3, 11], [3, 12], [3, 13], [3, 14], [3, 16], [3, 18], [3, 19], [3, 20], [3, 22], [3, 23], [3, 24], [3, 25], [3, 26], [3, 27], [3, 28], [3, 29], [4, 11], [4, 13], [4, 14], [4, 16], [4, 17], [4, 19], [4, 27], [4, 28], [5, 7], [5, 8], [5, 11], [5, 16], [5, 18], [5, 19], [5, 20], [5, 21], [5, 22], [5, 26], [5, 27], [5, 28], [6, 8], [6, 9], [6, 15], [6, 18], [6, 19], [6, 21], [7, 8], [7, 9], [7, 10], [7, 11], [7, 13], [7, 16], [7, 19], [7, 20], [7, 22], [7, 23], [7, 24], [7, 25], [7, 27], [7, 28], [8, 10], [8, 12], [8, 13], [8, 14], [8, 15], [8, 19], [8, 21], [8, 25], [8, 26], [8, 27], [8, 28], [8, 29], [9, 10], [9, 14], [9, 15], [9, 19], [9, 20], [9, 21], [9, 22], [9, 23], [9, 24], [9, 25], [9, 26], [9, 27], [10, 11], [10, 13], [10, 14], [10, 16], [10, 18], [10, 20], [10, 21], [10, 22], [10, 23], [10, 28], [10, 29], [11, 12], [11, 13], [11, 15], [11, 17], [11, 18], [11, 19], [11, 20], [11, 22], [11, 23], [11, 25], [11, 26], [11, 27], [11, 28], [12, 13], [12, 16], [12, 18], [12, 19], [12, 20], [12, 21], [12, 22], [12, 23], [12, 25], [12, 27], [12, 28], [12, 29], [13, 14], [13, 15], [13, 16], [13, 17], [13, 18], [13, 19], [13, 20], [13, 22], [13, 23], [13, 25], [13, 26], [13, 27], [13, 28], [13, 29], [14, 15], [14, 16], [14, 20], [14, 21], [14, 22], [14, 23], [14, 26], [14, 27], [14, 28], [14, 29], [15, 16], [15, 19], [15, 22], [15, 23], [15, 27], [15, 28], [15, 29], [16, 17], [16, 18], [16, 19], [16, 20], [16, 21], [16, 22], [16, 23], [16, 24], [16, 25], [16, 26], [16, 27], [16, 28], [16, 29], [17, 18], [17, 19], [17, 21], [17, 22], [17, 23], [17, 27], [17, 28], [18, 19], [18, 20], [18, 21], [18, 22], [18, 23], [18, 28], [19, 20], [19, 21], [19, 23], [19, 24], [19, 25], [19, 26], [19, 28], [20, 21], [20, 22], [20, 23], [20, 26], [20, 27], [20, 28], [21, 22], [21, 23], [21, 24], [21, 25], [21, 26], [21, 28], [22, 23], [22, 24], [22, 26], [22, 27], [22, 28], [23, 24], [23, 25], [23, 27], [23, 28], [24, 26], [24, 28], [25, 27], [26, 27], [26, 28], [27, 29], [28, 29]], "tanks": [{"capacity": 217, "impossibleCargos": [11, 15, 16, 23], "neighbors": [5, 26, 9, 20, 1]}, {"capacity": 204, "impossibleCargos": [3, 5, 9, 11, 15, 17, 21, 23, 24, 26, 29], "neighbors": [14, 11, 27, 9, 32, 28, 30, 3, 0]}, {"capacity": 262, "impossibleCargos": [9, 13, 14, 17, 20, 27], "neighbors": [17, 12, 13, 15, 26, 29]}, {"capacity": 280, "impossibleCargos": [3, 4, 6, 8, 10, 11, 23, 29], "neighbors": [24, 21, 6, 20, 14, 13, 29, 1, 10, 27, 4, 22, 17]}, {"capacity": 224, "impossibleCargos": [4, 5, 6, 12, 19, 22], "neighbors": [17, 32, 28, 23, 8, 26, 11, 3, 14, 5]}, {"capacity": 277, "impossibleCargos": [0, 7, 15, 20, 21], "neighbors": [18, 0, 21, 33, 22, 25, 13, 10, 6, 14, 4]}, {"capacity": 212, "impossibleCargos": [0, 10, 11, 19, 23, 27], "neighbors": [21, 31, 33, 20, 22, 30, 3, 5, 15, 25, 32]}, {"capacity": 270, "impossibleCargos": [0, 1, 3, 4, 6, 7, 11, 12, 14, 27], "neighbors": [27, 16, 17, 26]}, {"capacity": 208, "impossibleCargos": [0, 2, 14, 15, 16, 23, 26], "neighbors": [27, 34, 20, 4, 32, 26, 12]}, {"capacity": 217, "impossibleCargos": [2, 8, 13, 19, 21, 23, 24, 25], "neighbors": [15, 10, 24, 19, 29, 0, 1]}, {"capacity": 202, "impossibleCargos": [5, 6, 7, 8, 19, 23, 24, 27], "neighbors": [9, 11, 15, 28, 30, 5, 26, 32, 16, 3, 33, 18]}, {"capacity": 295, "impossibleCargos": [4, 7, 16, 28], "neighbors": [19, 10, 31, 21, 29, 1, 22, 4, 15]}, {"capacity": 300, "impossibleCargos": [1, 4, 9, 16, 19, 23, 24, 26, 27, 29], "neighbors": [2, 28, 15, 13, 30, 32, 8]}, {"capacity": 275, "impossibleCargos": [1, 3, 13, 16, 21, 28], "neighbors": [29, 2, 12, 30, 5, 3, 19]}, {"capacity": 269, "impossibleCargos": [20, 22, 26, 28], "neighbors": [23, 32, 1, 15, 3, 5, 31, 20, 29, 4]}, {"capacity": 284, "impossibleCargos": [0, 7, 10, 17, 22, 29], "neighbors": [9, 12, 25, 10, 27, 21, 2, 24, 31, 19, 14, 6, 20, 11, 17, 30]}, {"capacity": 261, "impossibleCargos": [7, 10, 12, 14, 15, 22, 25, 27], "neighbors": [30, 28, 21, 7, 25, 27, 10, 24, 26, 34]}, {"capacity": 292, "impossibleCargos": [1, 8, 9, 22, 26], "neighbors": [2, 4, 18, 27, 15, 7, 3]}, {"capacity": 239, "impossibleCargos": [3, 6, 11, 17, 25], "neighbors": [5, 33, 20, 17, 25, 10]}, {"capacity": 294, "impossibleCargos": [1, 3, 10, 20, 23], "neighbors": [24, 11, 32, 9, 29, 15, 13]}, {"capacity": 233, "impossibleCargos": [3, 8, 10, 11, 21, 24, 26], "neighbors": [6, 18, 21, 3, 8, 0, 15, 14]}, {"capacity": 216, "impossibleCargos": [0, 3, 5, 6, 8, 11, 12, 19, 27], "neighbors": [24, 6, 5, 27, 3, 15, 11, 23, 20, 16, 33]}, {"capacity": 248, "impossibleCargos": [8, 15, 16, 23, 24], "neighbors": [33, 6, 5, 11, 31, 29, 34, 3]}, {"capacity": 242, "impossibleCargos": [14, 21, 25, 27, 29], "neighbors": [26, 14, 27, 21, 4, 29]}, {"capacity": 218, "impossibleCargos": [2, 6, 7, 8, 16], "neighbors": [21, 19, 3, 9, 15, 27, 16]}, {"capacity": 201, "impossibleCargos": [7, 8, 9, 15], "neighbors": [15, 5, 6, 16, 18]}, {"capacity": 202, "impossibleCargos": [1, 2, 6, 7, 8, 10, 13, 14, 16, 18, 23, 25, 26, 28], "neighbors": [23, 0, 28, 10, 4, 2, 8, 16, 7]}, {"capacity": 295, "impossibleCargos": [3, 6, 7, 8, 10, 12, 13, 15, 27, 29], "neighbors": [7, 30, 21, 15, 23, 8, 1, 24, 17, 16, 32, 3, 31]}, {"capacity": 270, "impossibleCargos": [0, 1, 2, 5, 10, 11, 12, 13, 15, 23, 24, 28], "neighbors": [12, 10, 16, 29, 4, 26, 1]}, {"capacity": 286, "impossibleCargos": [1, 6, 7, 9, 14, 21, 23], "neighbors": [13, 11, 28, 19, 9, 34, 22, 3, 2, 14, 23]}, {"capacity": 277, "impossibleCargos": [0, 16, 17, 18, 20, 27, 28], "neighbors": [16, 27, 6, 10, 13, 12, 1, 15]}, {"capacity": 267, "impossibleCargos": [5, 6, 11, 16, 18, 19, 28], "neighbors": [6, 11, 15, 22, 14, 34, 27]}, {"capacity": 235, "impossibleCargos": [0, 1, 8, 10, 12, 14, 25, 29], "neighbors": [19, 14, 4, 8, 10, 1, 12, 27, 6, 34]}, {"capacity": 300, "impossibleCargos": [6, 8, 12, 17, 19, 21, 23], "neighbors": [22, 6, 18, 5, 21, 10]}, {"capacity": 259, "impossibleCargos": [3, 4, 5, 14, 17, 21, 22, 25, 26], "neighbors": [8, 29, 31, 22, 16, 32]}]}