{"volumes": [0, 120, 461, 0, 0, 0, 163, 244, 0, 0, 165, 133, 684, 465, 168, 117, 193, 125, 0, 122, 160, 179, 472, 231, 365, 0, 390, 478, 394, 324], "conflicts": [[0, 1], [0, 2], [0, 3], [0, 6], [0, 7], [0, 8], [0, 9], [0, 10], [0, 11], [0, 12], [0, 13], [0, 14], [0, 15], [0, 16], [0, 17], [0, 18], [0, 20], [0, 21], [0, 23], [0, 25], [0, 26], [0, 27], [0, 28], [1, 4], [1, 5], [1, 6], [1, 7], [1, 8], [1, 9], [1, 10], [1, 11], [1, 14], [1, 16], [1, 18], [1, 19], [1, 20], [1, 21], [1, 22], [1, 25], [1, 29], [2, 3], [2, 4], [2, 5], [2, 8], [2, 10], [2, 11], [2, 15], [2, 16], [2, 18], [2, 19], [2, 24], [2, 25], [2, 29], [3, 4], [3, 5], [3, 6], [3, 8], [3, 9], [3, 10], [3, 11], [3, 12], [3, 14], [3, 15], [3, 16], [3, 17], [3, 18], [3, 19], [3, 20], [3, 21], [3, 22], [3, 23], [3, 24], [3, 25], [3, 26], [3, 27], [3, 28], [4, 5], [4, 6], [4, 7], [4, 8], [4, 9], [4, 10], [4, 11], [4, 13], [4, 14], [4, 15], [4, 16], [4, 17], [4, 20], [4, 22], [4, 23], [4, 25], [4, 26], [4, 27], [4, 28], [4, 29], [5, 6], [5, 8], [5, 9], [5, 10], [5, 11], [5, 13], [5, 15], [5, 16], [5, 17], [5, 18], [5, 19], [5, 20], [5, 21], [5, 22], [5, 23], [5, 25], [5, 26], [5, 27], [5, 28], [6, 8], [6, 9], [6, 10], [6, 11], [6, 14], [6, 15], [6, 16], [6, 18], [6, 20], [6, 21], [6, 23], [6, 25], [7, 8], [7, 9], [7, 11], [7, 14], [7, 15], [7, 16], [7, 17], [7, 18], [7, 19], [7, 21], [7, 25], [7, 29], [8, 9], [8, 10], [8, 11], [8, 12], [8, 13], [8, 14], [8, 15], [8, 16], [8, 17], [8, 18], [8, 19], [8, 21], [8, 23], [8, 26], [8, 28], [8, 29], [9, 10], [9, 11], [9, 12], [9, 14], [9, 15], [9, 17], [9, 18], [9, 19], [9, 20], [9, 21], [9, 22], [9, 23], [9, 24], [9, 25], [9, 26], [9, 27], [9, 28], [10, 14], [10, 17], [10, 19], [10, 20], [10, 21], [10, 23], [10, 24], [10, 25], [10, 28], [10, 29], [11, 15], [11, 16], [11, 18], [11, 19], [11, 25], [11, 26], [11, 28], [11, 29], [12, 13], [12, 15], [12, 18], [12, 19], [12, 21], [12, 25], [13, 16], [13, 17], [13, 18], [13, 20], [13, 21], [13, 24], [13, 27], [13, 28], [14, 17], [14, 18], [14, 19], [14, 20], [14, 21], [14, 25], [14, 28], [15, 16], [15, 18], [15, 20], [15, 21], [15, 24], [15, 25], [15, 29], [16, 24], [16, 29], [17, 18], [17, 19], [17, 21], [17, 23], [17, 24], [17, 25], [17, 27], [17, 29], [18, 19], [18, 20], [18, 21], [18, 22], [18, 24], [18, 25], [18, 26], [18, 28], [18, 29], [19, 21], [19, 24], [19, 25], [19, 26], [20, 23], [20, 24], [20, 27], [20, 29], [21, 23], [21, 24], [21, 25], [21, 27], [21, 28], [21, 29], [22, 25], [23, 25], [23, 26], [23, 27], [23, 28], [24, 25], [24, 29], [25, 27], [25, 28], [25, 29], [28, 29]], "tanks": [{"capacity": 244, "impossibleCargos": [0, 1, 2, 6, 7, 8, 9, 10, 12, 14, 15, 16, 18, 20, 21, 24, 25, 29], "neighbors": [14, 27, 15, 21, 9, 16, 8, 3, 2, 12]}, {"capacity": 242, "impossibleCargos": [0, 1, 4, 5, 8, 9, 10, 13, 14, 16, 22, 24, 25, 26], "neighbors": [9, 4, 15, 17, 7, 5, 8]}, {"capacity": 220, "impossibleCargos": [0, 2, 3, 7, 8, 13, 15, 16, 22, 25, 27, 29], "neighbors": [16, 15, 23, 27, 17, 13, 25, 21, 0, 10]}, {"capacity": 274, "impossibleCargos": [0, 1, 3, 4, 5, 7, 10, 16, 17, 19, 22, 23, 24, 27, 28], "neighbors": [16, 31, 15, 17, 22, 20, 14, 23, 29, 30, 21, 0, 10, 27, 4, 8]}, {"capacity": 296, "impossibleCargos": [0, 1, 2, 4, 6, 8, 9, 13, 14, 15, 16, 18, 19, 20, 21, 22, 24], "neighbors": [1, 24, 13, 20, 17, 16, 15, 5, 30, 3]}, {"capacity": 204, "impossibleCargos": [3, 5, 10, 12, 13, 14, 21, 22, 23, 24, 25, 27, 28, 29], "neighbors": [27, 11, 26, 21, 9, 20, 1, 4]}, {"capacity": 217, "impossibleCargos": [1, 4, 5, 6, 12, 14, 15, 17, 18, 20, 22, 24, 25, 27, 29], "neighbors": [30, 34, 26, 14, 17, 27, 22, 19, 29, 10]}, {"capacity": 203, "impossibleCargos": [0, 1, 2, 3, 4, 5, 6, 11, 13, 14, 15, 23, 27, 28], "neighbors": [18, 31, 19, 1, 30, 14, 26, 23, 11]}, {"capacity": 219, "impossibleCargos": [1, 4, 5, 7, 9, 12, 13, 15, 17, 20, 21, 24, 25, 27], "neighbors": [14, 27, 9, 0, 19, 33, 3, 1]}, {"capacity": 270, "impossibleCargos": [5, 13, 14, 15, 16, 17, 18, 19, 22, 24, 25, 26, 27], "neighbors": [13, 1, 18, 5, 14, 26, 0, 8, 23]}, {"capacity": 257, "impossibleCargos": [2, 3, 4, 7, 9, 10, 11, 12, 13, 14, 15, 17, 21, 23, 24, 26], "neighbors": [30, 12, 18, 22, 21, 6, 3, 2, 32, 19]}, {"capacity": 219, "impossibleCargos": [0, 1, 6, 7, 8, 9, 11, 14, 15, 16, 17, 20, 21, 22, 23, 24, 25, 28, 29], "neighbors": [5, 16, 29, 15, 20, 7, 30, 13]}, {"capacity": 256, "impossibleCargos": [4, 5, 6, 9, 11, 12, 14, 15, 18, 19, 20, 22, 27, 28], "neighbors": [10, 21, 0]}, {"capacity": 224, "impossibleCargos": [0, 2, 3, 6, 7, 9, 10, 13, 14, 18, 19, 20, 21, 23, 27, 29], "neighbors": [9, 29, 4, 18, 26, 20, 15, 2, 21, 11]}, {"capacity": 293, "impossibleCargos": [0, 1, 3, 6, 7, 8, 9, 12, 13, 17, 18, 22, 23, 26, 27, 28], "neighbors": [0, 29, 8, 23, 6, 3, 20, 9, 32, 7]}, {"capacity": 256, "impossibleCargos": [1, 2, 3, 4, 5, 6, 7, 9, 10, 15, 16, 19, 20, 21, 22, 25, 26, 27, 28], "neighbors": [3, 1, 0, 23, 2, 13, 11, 4, 26]}, {"capacity": 282, "impossibleCargos": [1, 4, 5, 6, 7, 8, 13, 16, 17, 18, 21, 22, 25, 27, 28], "neighbors": [3, 2, 17, 25, 11, 30, 4, 31, 0]}, {"capacity": 234, "impossibleCargos": [0, 1, 2, 3, 4, 5, 7, 8, 9, 10, 11, 12, 18, 22, 24, 27, 28], "neighbors": [16, 3, 6, 21, 1, 22, 4, 2, 30]}, {"capacity": 235, "impossibleCargos": [0, 5, 6, 7, 8, 9, 11, 14, 17, 19, 21, 22, 23, 24, 27, 28, 29], "neighbors": [13, 29, 7, 9, 21, 10, 23]}, {"capacity": 292, "impossibleCargos": [1, 2, 7, 8, 11, 12, 18, 20, 22, 23, 24, 25, 26, 28], "neighbors": [7, 24, 6, 30, 34, 28, 8, 10]}, {"capacity": 264, "impossibleCargos": [0, 1, 2, 3, 4, 5, 6, 7, 8, 10, 12, 15, 16, 17, 18, 22, 24, 25], "neighbors": [34, 30, 4, 3, 13, 33, 14, 5, 11, 26]}, {"capacity": 207, "impossibleCargos": [1, 2, 3, 5, 6, 7, 8, 10, 14, 18, 22, 24, 25, 29], "neighbors": [30, 5, 34, 25, 18, 17, 0, 12, 3, 10, 13, 2]}, {"capacity": 277, "impossibleCargos": [3, 4, 5, 9, 10, 14, 17, 20, 22, 26, 27], "neighbors": [3, 17, 6, 10]}, {"capacity": 297, "impossibleCargos": [1, 2, 8, 9, 13, 22, 26, 27, 28], "neighbors": [14, 30, 15, 25, 2, 3, 24, 31, 7, 9, 18]}, {"capacity": 262, "impossibleCargos": [0, 1, 2, 3, 5, 7, 15, 16, 17, 19, 20, 21, 22, 23, 27], "neighbors": [4, 27, 28, 19, 23]}, {"capacity": 290, "impossibleCargos": [2, 3, 7, 9, 12, 13, 15, 17, 19, 23, 26, 29], "neighbors": [26, 16, 21, 29, 30, 23, 31, 2]}, {"capacity": 267, "impossibleCargos": [2, 5, 8, 9, 11, 12, 16, 18, 21, 26, 27, 28, 29], "neighbors": [25, 6, 5, 13, 31, 9, 15, 7, 27, 20]}, {"capacity": 283, "impossibleCargos": [1, 5, 9, 14, 16, 19, 21, 22, 24, 27, 28, 29], "neighbors": [5, 24, 0, 6, 8, 2, 26, 3]}, {"capacity": 262, "impossibleCargos": [1, 5, 6, 8, 12, 16, 18, 19, 20, 23, 29], "neighbors": [24, 29, 19, 31]}, {"capacity": 225, "impossibleCargos": [5, 6, 8, 11, 12, 13, 14, 18, 21, 22, 25, 27, 29], "neighbors": [33, 13, 14, 18, 11, 25, 28, 3, 34, 6]}, {"capacity": 273, "impossibleCargos": [1, 3, 4, 5, 6, 11, 12, 13, 14, 15, 17, 18, 20, 21, 23, 24, 26, 27, 28, 29], "neighbors": [6, 20, 10, 33, 21, 23, 25, 32, 16, 7, 19, 17, 3, 11, 4]}, {"capacity": 240, "impossibleCargos": [1, 3, 4, 6, 9, 12, 14, 17, 18, 19, 21, 23, 24, 27, 29], "neighbors": [3, 7, 26, 16, 23, 25, 28]}, {"capacity": 271, "impossibleCargos": [1, 2, 4, 5, 9, 10, 14, 15, 16, 17, 19, 21, 26, 27, 29], "neighbors": [30, 14, 10]}, {"capacity": 255, "impossibleCargos": [2, 3, 5, 6, 7, 8, 9, 11, 13, 15, 17, 18, 19, 22, 23, 24, 25, 27, 29], "neighbors": [29, 30, 20, 8]}, {"capacity": 228, "impossibleCargos": [0, 1, 2, 4, 9, 10, 11, 13, 14, 15, 16, 17, 18, 19, 27, 29], "neighbors": [6, 20, 21, 29, 19]}]}