{"volumes": [189, 388, 0, 0, 111, 0, 535, 473, 370, 0, 0, 361, 338, 0, 138, 151, 0, 529, 0, 391, 0, 126, 0, 0, 123, 0, 702, 864, 0, 286], "conflicts": [[0, 1], [0, 2], [0, 3], [0, 4], [0, 9], [0, 12], [0, 13], [0, 14], [0, 15], [0, 16], [0, 17], [0, 18], [0, 20], [0, 21], [0, 22], [0, 23], [0, 25], [0, 27], [0, 28], [1, 2], [1, 3], [1, 4], [1, 5], [1, 7], [1, 9], [1, 13], [1, 14], [1, 15], [1, 17], [1, 20], [1, 21], [1, 22], [1, 23], [1, 24], [1, 25], [1, 26], [1, 29], [2, 4], [2, 5], [2, 7], [2, 9], [2, 10], [2, 12], [2, 13], [2, 14], [2, 15], [2, 17], [2, 18], [2, 19], [2, 20], [2, 23], [2, 24], [2, 26], [2, 27], [2, 28], [2, 29], [3, 4], [3, 6], [3, 8], [3, 9], [3, 10], [3, 11], [3, 12], [3, 13], [3, 14], [3, 15], [3, 18], [3, 19], [3, 20], [3, 21], [3, 22], [3, 23], [3, 24], [3, 25], [3, 29], [4, 5], [4, 7], [4, 8], [4, 14], [4, 18], [4, 20], [4, 21], [4, 23], [4, 25], [4, 28], [4, 29], [5, 9], [5, 10], [5, 12], [5, 15], [5, 16], [5, 17], [5, 18], [5, 19], [5, 20], [5, 21], [5, 22], [5, 23], [5, 24], [5, 25], [5, 26], [5, 27], [5, 29], [6, 9], [6, 10], [6, 11], [6, 13], [6, 14], [6, 18], [6, 19], [6, 20], [6, 21], [6, 22], [6, 28], [6, 29], [7, 9], [7, 10], [7, 13], [7, 15], [7, 18], [7, 22], [7, 23], [7, 24], [7, 25], [7, 28], [8, 10], [8, 12], [8, 13], [8, 14], [8, 15], [8, 16], [8, 18], [8, 19], [8, 20], [8, 23], [8, 24], [8, 28], [8, 29], [9, 10], [9, 11], [9, 12], [9, 14], [9, 15], [9, 16], [9, 18], [9, 19], [9, 21], [9, 22], [9, 23], [9, 26], [9, 28], [9, 29], [10, 11], [10, 12], [10, 13], [10, 16], [10, 17], [10, 18], [10, 19], [10, 21], [10, 22], [10, 23], [10, 24], [10, 25], [10, 26], [10, 27], [10, 29], [11, 14], [11, 16], [11, 17], [11, 18], [11, 20], [11, 21], [11, 23], [11, 28], [11, 29], [12, 13], [12, 15], [12, 16], [12, 20], [12, 22], [12, 23], [12, 25], [13, 14], [13, 18], [13, 19], [13, 20], [13, 21], [13, 24], [13, 28], [14, 15], [14, 16], [14, 18], [14, 20], [14, 21], [14, 24], [14, 26], [14, 27], [15, 16], [15, 18], [15, 19], [15, 23], [15, 25], [15, 27], [15, 28], [15, 29], [16, 17], [16, 18], [16, 19], [16, 20], [16, 21], [16, 22], [16, 23], [16, 24], [16, 25], [16, 26], [16, 27], [16, 28], [16, 29], [17, 18], [17, 20], [17, 22], [17, 25], [18, 19], [18, 20], [18, 22], [18, 23], [18, 24], [18, 26], [18, 28], [18, 29], [19, 22], [19, 23], [19, 28], [20, 22], [20, 25], [20, 26], [20, 28], [20, 29], [21, 23], [21, 24], [21, 25], [21, 28], [22, 24], [22, 25], [22, 26], [22, 27], [22, 28], [23, 24], [23, 25], [23, 26], [23, 27], [24, 25], [24, 29], [25, 26], [25, 29], [26, 29], [27, 28], [28, 29]], "tanks": [{"capacity": 294, "impossibleCargos": [0, 4, 5, 6, 7, 9, 10, 11, 12, 13, 14, 15, 16, 19, 24], "neighbors": [6, 10, 13, 19, 28, 9, 33, 18]}, {"capacity": 240, "impossibleCargos": [0, 1, 4, 5, 6, 7, 14, 15, 18, 21, 22, 24, 29], "neighbors": [12, 3, 14, 6, 34, 8, 27, 4]}, {"capacity": 298, "impossibleCargos": [2, 3, 10, 11, 12, 16, 17, 19, 20, 22, 26], "neighbors": [6, 15, 31, 3, 33, 28, 11, 12]}, {"capacity": 212, "impossibleCargos": [0, 1, 2, 4, 5, 6, 8, 10, 11, 12, 14, 15, 17, 18, 19, 21, 22, 25, 26], "neighbors": [1, 24, 25, 14, 12, 2, 10, 20]}, {"capacity": 214, "impossibleCargos": [0, 6, 8, 9, 11, 12, 13, 14, 16, 17, 21, 24, 26], "neighbors": [26, 34, 8, 9, 29, 11, 1, 14, 5, 6, 7]}, {"capacity": 219, "impossibleCargos": [4, 5, 11, 16, 18, 21, 22, 24, 25, 26, 28, 29], "neighbors": [15, 25, 9, 26, 22, 4, 10, 29]}, {"capacity": 290, "impossibleCargos": [0, 2, 3, 5, 6, 7, 8, 9, 11, 15, 20, 22, 23, 26, 28, 29], "neighbors": [0, 2, 1, 21, 14, 30, 11, 9, 24, 33, 17, 4, 18, 15]}, {"capacity": 261, "impossibleCargos": [2, 3, 4, 5, 8, 9, 14, 15, 16, 19, 20, 22, 26, 27, 28], "neighbors": [31, 20, 10, 32, 21, 4]}, {"capacity": 211, "impossibleCargos": [5, 9, 11, 12, 15, 16, 25, 26], "neighbors": [12, 4, 1, 11, 20, 27]}, {"capacity": 235, "impossibleCargos": [0, 1, 2, 3, 4, 7, 11, 13, 14, 17, 18, 19, 22, 23, 25, 26, 27, 29], "neighbors": [12, 4, 23, 5, 16, 20, 26, 6, 0]}, {"capacity": 210, "impossibleCargos": [0, 3, 5, 12, 16, 17, 18, 19, 21, 22, 24, 27], "neighbors": [0, 29, 20, 32, 3, 7, 30, 18, 16, 19, 27, 33, 5]}, {"capacity": 207, "impossibleCargos": [0, 1, 2, 3, 4, 8, 9, 11, 15, 20, 25, 26, 29], "neighbors": [21, 15, 12, 6, 8, 4, 24, 17, 2, 19, 20, 14]}, {"capacity": 212, "impossibleCargos": [0, 1, 2, 5, 6, 7, 13, 17, 18, 20, 22, 27, 28], "neighbors": [1, 8, 20, 9, 24, 14, 3, 11, 25, 26, 27, 15, 2, 28]}, {"capacity": 231, "impossibleCargos": [1, 2, 5, 6, 7, 9, 10, 16, 17, 18, 20, 21], "neighbors": [0, 17, 22]}, {"capacity": 268, "impossibleCargos": [1, 2, 6, 7, 8, 11, 16, 18, 19, 20, 27, 28], "neighbors": [22, 1, 3, 12, 6, 4, 27, 11, 20]}, {"capacity": 207, "impossibleCargos": [0, 2, 4, 5, 8, 9, 11, 12, 14, 16, 18, 21, 22, 23, 26, 27, 29], "neighbors": [22, 23, 5, 2, 11, 18, 12, 6]}, {"capacity": 221, "impossibleCargos": [1, 4, 6, 8, 9, 10, 11, 15, 16, 17, 19, 20, 22, 25, 26, 27, 28, 29], "neighbors": [34, 28, 19, 9, 10]}, {"capacity": 259, "impossibleCargos": [0, 1, 2, 5, 10, 11, 13, 15, 16, 17, 19, 21, 26, 27, 28, 29], "neighbors": [29, 13, 26, 22, 24, 27, 11, 6]}, {"capacity": 283, "impossibleCargos": [0, 1, 3, 4, 9, 13, 14, 15, 16, 19, 20, 22, 25, 28, 29], "neighbors": [32, 23, 26, 20, 34, 24, 29, 15, 10, 6, 19, 33, 0]}, {"capacity": 211, "impossibleCargos": [0, 1, 3, 5, 6, 9, 10, 11, 13, 14, 19, 20, 21, 25, 26, 27], "neighbors": [16, 21, 34, 0, 10, 11, 18]}, {"capacity": 241, "impossibleCargos": [0, 2, 3, 6, 12, 13, 16, 17, 20, 25], "neighbors": [12, 25, 29, 18, 31, 9, 10, 32, 7, 34, 8, 3, 28, 11, 14, 30]}, {"capacity": 249, "impossibleCargos": [0, 1, 2, 4, 5, 9, 11, 14, 16, 17, 18, 19, 20, 24, 25, 26, 28, 29], "neighbors": [6, 19, 11, 7, 34]}, {"capacity": 225, "impossibleCargos": [1, 3, 9, 10, 13, 16, 18, 21, 23, 24, 28], "neighbors": [30, 15, 14, 27, 17, 5, 13]}, {"capacity": 288, "impossibleCargos": [5, 8, 11, 12, 14, 15, 16, 18, 22, 23, 24, 26, 28, 29], "neighbors": [15, 24, 9, 18, 31, 30]}, {"capacity": 279, "impossibleCargos": [4, 8, 10, 11, 13, 15, 16, 20, 22, 28, 29], "neighbors": [3, 23, 12, 34, 27, 18, 17, 6, 11, 29]}, {"capacity": 261, "impossibleCargos": [0, 2, 7, 8, 9, 10, 11, 13, 14, 15, 20, 22, 24, 27], "neighbors": [20, 28, 5, 3, 34, 12]}, {"capacity": 295, "impossibleCargos": [0, 2, 3, 11, 13, 16, 17, 22, 25], "neighbors": [4, 18, 5, 30, 17, 9, 33, 12, 28, 31]}, {"capacity": 211, "impossibleCargos": [2, 5, 6, 7, 10, 13, 16, 17, 19, 22, 23, 24, 26, 29], "neighbors": [22, 24, 1, 17, 30, 8, 12, 14, 10]}, {"capacity": 290, "impossibleCargos": [2, 11, 13, 17, 19, 20, 21, 27, 28], "neighbors": [16, 25, 0, 2, 32, 26, 20, 12]}, {"capacity": 239, "impossibleCargos": [1, 2, 3, 5, 11, 12, 13, 14, 15, 24, 25], "neighbors": [20, 17, 4, 10, 18, 24, 5]}, {"capacity": 283, "impossibleCargos": [0, 5, 12, 17, 18, 20, 23, 25, 26, 28], "neighbors": [22, 34, 26, 6, 10, 27, 23, 20]}, {"capacity": 299, "impossibleCargos": [0, 8, 10, 13, 15, 16, 19, 24, 26, 27, 29], "neighbors": [7, 20, 2, 23, 26]}, {"capacity": 277, "impossibleCargos": [0, 1, 2, 5, 7, 11, 12, 15, 16, 20, 22, 23, 25, 26, 28], "neighbors": [18, 20, 10, 7, 28]}, {"capacity": 236, "impossibleCargos": [0, 1, 5, 8, 10, 12, 15, 16, 19, 20, 25, 26, 27, 29], "neighbors": [26, 2, 6, 0, 10, 18]}, {"capacity": 282, "impossibleCargos": [2, 3, 5, 6, 10, 13, 14, 18, 19, 20, 24, 27, 28, 29], "neighbors": [16, 4, 1, 19, 30, 24, 18, 25, 20, 21]}]}