{"volumes": [153, 266, 845, 223, 0, 517, 145, 248, 656, 163, 0, 197, 210, 207, 306, 298, 0, 151, 138, 127, 0, 0, 462, 154, 136, 0, 267, 166, 0, 243], "conflicts": [[0, 3], [0, 4], [0, 13], [0, 17], [1, 4], [1, 28], [2, 16], [2, 20], [3, 24], [3, 29], [4, 5], [4, 8], [4, 13], [4, 17], [4, 26], [4, 27], [5, 26], [6, 7], [6, 15], [6, 21], [7, 9], [7, 10], [7, 22], [7, 25], [7, 26], [7, 28], [7, 29], [8, 21], [8, 24], [8, 28], [9, 16], [9, 20], [9, 21], [9, 23], [10, 17], [10, 18], [10, 19], [10, 22], [10, 26], [10, 28], [12, 20], [12, 24], [12, 25], [12, 28], [12, 29], [13, 25], [13, 26], [14, 20], [14, 28], [15, 21], [16, 18], [17, 24], [18, 20], [18, 21], [19, 20], [19, 21], [19, 25], [19, 26], [19, 27], [20, 24], [22, 23], [23, 26], [23, 28], [24, 28], [25, 29], [27, 28]], "tanks": [{"capacity": 235, "impossibleCargos": [1, 7, 11, 12, 24], "neighbors": [8, 4, 18, 12, 14, 27, 21, 16, 29, 7, 19, 13, 9, 28, 6, 30, 32]}, {"capacity": 203, "impossibleCargos": [4, 12, 26], "neighbors": [3, 26, 5, 30, 33, 16, 2, 32, 24, 13, 18, 14]}, {"capacity": 292, "impossibleCargos": [2, 7, 8, 9, 12, 15, 17, 21, 22, 24, 25, 27], "neighbors": [14, 27, 21, 19, 28, 8, 32, 24, 33, 11, 4, 1, 9, 26, 6]}, {"capacity": 284, "impossibleCargos": [2, 3, 6, 17, 20, 22, 28, 29], "neighbors": [1, 9, 31, 24, 21, 15, 19, 6, 28, 12, 22, 16, 14, 32, 13, 33, 7, 30, 5]}, {"capacity": 272, "impossibleCargos": [1, 7, 8, 19, 21], "neighbors": [6, 16, 0, 8, 33, 22, 27, 19, 11, 13, 10, 5, 2, 23, 7, 34, 28]}, {"capacity": 292, "impossibleCargos": [0, 6, 13, 14, 23], "neighbors": [21, 27, 18, 31, 8, 1, 9, 7, 28, 32, 16, 19, 20, 4, 30, 14, 26, 3, 22, 17]}, {"capacity": 233, "impossibleCargos": [0, 3, 8, 10, 18, 21, 23], "neighbors": [4, 32, 15, 12, 21, 23, 3, 20, 24, 17, 16, 19, 33, 10, 25, 11, 26, 18, 29, 13, 0, 2]}, {"capacity": 224, "impossibleCargos": [5, 14, 16, 23, 26, 29], "neighbors": [23, 5, 17, 24, 21, 33, 18, 15, 9, 32, 13, 27, 0, 4, 22, 3, 30]}, {"capacity": 253, "impossibleCargos": [0, 14, 22, 24], "neighbors": [0, 4, 16, 21, 5, 2, 15, 28, 31, 34, 26, 9, 33, 30]}, {"capacity": 219, "impossibleCargos": [8, 9, 12, 20, 24, 29], "neighbors": [33, 23, 3, 5, 10, 20, 19, 7, 8, 2, 29, 0, 32, 25, 16, 26]}, {"capacity": 272, "impossibleCargos": [2, 6, 9, 15, 16, 17, 21, 29], "neighbors": [21, 15, 23, 32, 9, 31, 22, 16, 33, 12, 24, 4, 29, 6, 30, 25, 27, 14, 19]}, {"capacity": 275, "impossibleCargos": [2, 8, 11, 16, 17, 20, 21, 22, 24, 27], "neighbors": [23, 34, 14, 20, 19, 4, 12, 24, 32, 2, 29, 33, 16, 6, 13]}, {"capacity": 243, "impossibleCargos": [3, 8, 9, 16, 25, 27], "neighbors": [14, 6, 25, 22, 32, 30, 0, 11, 24, 16, 10, 3, 28, 21, 17, 31]}, {"capacity": 286, "impossibleCargos": [2, 5, 13, 14, 17, 19, 23, 26, 28], "neighbors": [24, 17, 25, 33, 26, 34, 19, 15, 23, 4, 7, 3, 0, 16, 1, 6, 22, 29, 11]}, {"capacity": 227, "impossibleCargos": [0, 3, 5, 9, 13, 17, 22], "neighbors": [2, 11, 15, 12, 18, 33, 0, 25, 30, 31, 3, 19, 32, 22, 5, 20, 24, 10, 1]}, {"capacity": 224, "impossibleCargos": [4, 5, 7, 10, 11, 12, 18, 20, 21], "neighbors": [27, 14, 6, 10, 3, 8, 13, 33, 7, 19, 20, 22, 21, 28, 18, 17]}, {"capacity": 285, "impossibleCargos": [0, 2, 3, 7, 8, 9, 12, 13, 17, 20, 21, 26, 28], "neighbors": [4, 8, 33, 29, 28, 22, 12, 34, 10, 6, 5, 21, 0, 3, 1, 11, 20, 17, 13, 25, 9]}, {"capacity": 295, "impossibleCargos": [2, 3, 21, 28], "neighbors": [22, 24, 13, 25, 7, 6, 32, 16, 12, 23, 15, 27, 5]}, {"capacity": 208, "impossibleCargos": [2, 14, 18, 19, 23, 24], "neighbors": [5, 21, 20, 31, 0, 14, 7, 30, 6, 15, 25, 1]}, {"capacity": 265, "impossibleCargos": [2, 3, 6, 8, 16, 18, 25, 28], "neighbors": [2, 28, 11, 32, 4, 13, 3, 26, 9, 5, 22, 15, 6, 20, 23, 27, 14, 0, 33, 30, 10]}, {"capacity": 249, "impossibleCargos": [1, 2, 6, 9, 21, 28, 29], "neighbors": [22, 21, 18, 11, 9, 32, 6, 15, 19, 5, 16, 14]}, {"capacity": 262, "impossibleCargos": [8, 11, 12, 13, 14, 20, 21, 24, 28], "neighbors": [5, 2, 8, 18, 20, 10, 31, 33, 3, 6, 25, 7, 0, 16, 12, 15, 29, 26, 30, 22]}, {"capacity": 257, "impossibleCargos": [2, 4, 7, 8, 9, 10, 13, 14], "neighbors": [20, 17, 12, 4, 16, 10, 3, 28, 19, 15, 26, 33, 14, 7, 21, 13, 31, 5]}, {"capacity": 248, "impossibleCargos": [0, 8, 11, 18, 20, 28, 29], "neighbors": [11, 9, 34, 33, 6, 29, 7, 10, 13, 24, 19, 4, 30, 26, 28, 17, 32]}, {"capacity": 275, "impossibleCargos": [1, 22, 23, 25, 26, 27], "neighbors": [34, 33, 13, 29, 32, 17, 3, 12, 7, 11, 2, 6, 10, 26, 23, 30, 1, 14, 27, 31]}, {"capacity": 256, "impossibleCargos": [2, 8, 10, 12, 17, 18, 19, 24, 26], "neighbors": [32, 12, 13, 21, 17, 14, 29, 30, 27, 6, 10, 9, 16, 18, 34]}, {"capacity": 285, "impossibleCargos": [3, 8, 11, 14, 19, 20, 22, 25], "neighbors": [29, 1, 13, 27, 19, 28, 8, 24, 32, 22, 23, 2, 6, 21, 31, 5, 9]}, {"capacity": 273, "impossibleCargos": [1, 4, 5, 8, 9, 12, 13, 21], "neighbors": [28, 2, 5, 15, 4, 26, 30, 0, 25, 7, 34, 19, 10, 17, 24]}, {"capacity": 267, "impossibleCargos": [5, 19, 22, 25, 26, 27], "neighbors": [27, 32, 2, 19, 16, 5, 8, 3, 26, 22, 12, 23, 15, 0, 4]}, {"capacity": 283, "impossibleCargos": [12, 14, 15, 18, 21], "neighbors": [26, 24, 16, 34, 23, 31, 25, 11, 10, 0, 32, 9, 21, 6, 13]}, {"capacity": 200, "impossibleCargos": [0, 3, 9, 15, 19, 22, 27], "neighbors": [12, 1, 27, 32, 14, 25, 18, 23, 10, 5, 24, 19, 21, 3, 34, 7, 0, 8]}, {"capacity": 204, "impossibleCargos": [2, 4, 9, 16, 20, 21, 23, 24, 29], "neighbors": [5, 21, 3, 18, 33, 10, 8, 29, 14, 32, 26, 12, 22, 24]}, {"capacity": 213, "impossibleCargos": [4, 6, 11, 12, 13, 18, 19, 23, 29], "neighbors": [24, 25, 6, 28, 12, 19, 10, 2, 30, 20, 5, 11, 17, 26, 33, 7, 3, 29, 14, 1, 31, 9, 23, 0]}, {"capacity": 275, "impossibleCargos": [4, 9, 11, 13, 14, 20, 21], "neighbors": [24, 9, 4, 16, 21, 13, 23, 31, 15, 1, 7, 2, 14, 10, 34, 32, 6, 11, 19, 22, 3, 8]}, {"capacity": 229, "impossibleCargos": [0, 1, 9, 10], "neighbors": [24, 11, 29, 23, 13, 16, 33, 8, 27, 4, 30, 25]}]}