{"volumes": [0, 121, 290, 265, 197, 0, 0, 486, 0, 0, 205, 575, 296, 229, 635, 320, 194, 396, 192, 438, 115, 292, 254, 0, 123, 438, 0, 212, 0, 337], "conflicts": [[0, 1], [0, 4], [0, 5], [0, 9], [0, 10], [0, 11], [0, 12], [0, 14], [0, 16], [0, 17], [0, 19], [0, 20], [0, 21], [0, 22], [0, 27], [0, 29], [1, 5], [1, 8], [1, 12], [1, 23], [1, 26], [1, 28], [2, 4], [2, 6], [2, 9], [2, 22], [2, 23], [2, 25], [2, 26], [3, 4], [3, 5], [3, 7], [3, 18], [3, 24], [3, 27], [4, 8], [4, 9], [4, 16], [4, 18], [4, 21], [4, 25], [5, 7], [5, 8], [5, 10], [5, 11], [5, 13], [5, 17], [5, 21], [5, 25], [5, 26], [5, 27], [5, 28], [5, 29], [6, 7], [6, 12], [6, 15], [6, 20], [6, 25], [6, 27], [6, 28], [7, 8], [7, 23], [7, 28], [8, 14], [8, 15], [8, 16], [8, 17], [8, 18], [8, 23], [8, 25], [8, 26], [8, 27], [9, 10], [9, 11], [9, 12], [9, 17], [9, 18], [9, 21], [9, 23], [9, 26], [9, 27], [9, 29], [10, 12], [10, 14], [10, 20], [10, 22], [10, 23], [10, 26], [10, 28], [11, 26], [12, 20], [13, 16], [13, 17], [13, 23], [13, 26], [13, 27], [13, 28], [13, 29], [14, 18], [14, 22], [14, 26], [14, 28], [15, 16], [15, 23], [15, 28], [16, 18], [16, 20], [16, 24], [16, 26], [17, 26], [17, 28], [18, 20], [18, 24], [18, 26], [19, 21], [19, 23], [19, 26], [20, 23], [20, 26], [20, 28], [21, 23], [22, 23], [22, 26], [22, 28], [22, 29], [23, 24], [23, 28], [24, 28], [25, 28], [25, 29], [26, 27], [26, 28], [26, 29], [27, 28]], "tanks": [{"capacity": 208, "impossibleCargos": [1, 8, 9, 14, 19, 23, 29], "neighbors": [13, 12, 28, 19, 34, 4, 32, 33, 17, 6, 9, 10, 26, 18]}, {"capacity": 278, "impossibleCargos": [1, 6, 7, 8, 9, 12, 24], "neighbors": [19, 6, 11, 14, 17, 28, 32, 13, 25, 23, 29, 24, 2, 30, 31]}, {"capacity": 282, "impossibleCargos": [7, 10, 20, 23, 28], "neighbors": [10, 26, 11, 15, 25, 5, 6, 22, 19, 14, 7, 27, 23, 13, 1]}, {"capacity": 220, "impossibleCargos": [2, 4, 7, 10, 12, 15, 19, 28], "neighbors": [12, 13, 20, 21, 5, 23, 25, 26, 31, 18, 24, 29, 27]}, {"capacity": 238, "impossibleCargos": [5, 9, 10, 20, 22], "neighbors": [22, 31, 21, 23, 5, 14, 9, 0, 8, 15, 29, 6, 33, 32, 25, 16]}, {"capacity": 250, "impossibleCargos": [0, 5, 11, 16, 20, 28], "neighbors": [21, 25, 24, 3, 19, 4, 28, 9, 10, 7, 27, 2, 15, 31, 20, 14, 11, 34, 26, 30, 22]}, {"capacity": 269, "impossibleCargos": [0, 1, 2, 5, 6, 9, 12, 16, 27], "neighbors": [17, 1, 22, 33, 19, 25, 13, 20, 2, 7, 30, 9, 11, 29, 10, 12, 4, 24, 0, 16]}, {"capacity": 290, "impossibleCargos": [2, 6, 7, 10, 11, 12, 15, 18], "neighbors": [24, 8, 15, 25, 21, 32, 23, 5, 27, 18, 16, 10, 6, 14, 2, 28]}, {"capacity": 237, "impossibleCargos": [0, 2, 7, 8, 14, 16], "neighbors": [17, 14, 7, 27, 19, 21, 4, 12, 29, 34, 11, 22, 18]}, {"capacity": 228, "impossibleCargos": [0, 8, 14, 16, 18, 22, 23, 24], "neighbors": [13, 5, 27, 4, 17, 34, 6, 22, 20, 15, 16, 11, 32, 24, 30, 29, 0, 25]}, {"capacity": 262, "impossibleCargos": [4, 5, 9, 10, 13, 14, 15, 17, 21, 24, 25, 27, 28], "neighbors": [29, 32, 19, 17, 13, 2, 15, 16, 31, 5, 28, 7, 34, 6, 33, 26, 0]}, {"capacity": 265, "impossibleCargos": [0, 1, 5, 11, 19], "neighbors": [1, 2, 16, 14, 19, 28, 33, 17, 30, 6, 21, 5, 24, 12, 13, 9, 22, 20, 8]}, {"capacity": 279, "impossibleCargos": [5, 6, 19, 21, 26], "neighbors": [30, 13, 3, 14, 0, 34, 18, 23, 20, 31, 8, 11, 6, 19, 24, 27]}, {"capacity": 215, "impossibleCargos": [3, 4, 7, 11, 15, 17, 18, 27, 29], "neighbors": [0, 12, 3, 9, 10, 18, 28, 20, 6, 19, 17, 29, 1, 30, 11, 22, 2, 34, 23, 25, 15]}, {"capacity": 234, "impossibleCargos": [1, 2, 6, 7, 8, 9, 11, 12, 15, 18, 24], "neighbors": [12, 8, 31, 1, 33, 34, 25, 20, 11, 4, 27, 18, 24, 2, 15, 7, 5, 28, 29]}, {"capacity": 279, "impossibleCargos": [3, 8, 14, 16, 20, 27, 28], "neighbors": [22, 23, 18, 10, 7, 2, 33, 29, 16, 5, 26, 28, 9, 4, 14, 31, 20, 13]}, {"capacity": 205, "impossibleCargos": [1, 4, 10, 18, 22, 26], "neighbors": [21, 27, 11, 10, 30, 32, 15, 7, 28, 20, 24, 34, 9, 17, 4, 6]}, {"capacity": 295, "impossibleCargos": [0, 3, 7, 11, 18, 26, 28], "neighbors": [31, 6, 8, 28, 10, 20, 1, 22, 29, 13, 27, 11, 34, 9, 24, 0, 30, 16, 26]}, {"capacity": 217, "impossibleCargos": [9, 13, 14, 18, 19, 24, 25, 29], "neighbors": [32, 15, 31, 13, 12, 7, 3, 23, 21, 14, 25, 20, 29, 24, 8, 0]}, {"capacity": 248, "impossibleCargos": [4, 9, 10, 12, 14, 16, 17, 18, 19, 22, 23, 26], "neighbors": [20, 1, 10, 22, 5, 0, 6, 24, 8, 11, 13, 31, 29, 2, 32, 21, 34, 12]}, {"capacity": 245, "impossibleCargos": [10, 11, 15, 22, 25], "neighbors": [19, 17, 3, 14, 13, 33, 12, 6, 16, 28, 21, 22, 9, 5, 27, 18, 25, 15, 11]}, {"capacity": 232, "impossibleCargos": [4, 5, 10, 13, 14, 20, 21, 22, 24], "neighbors": [5, 34, 16, 4, 3, 7, 27, 29, 23, 8, 18, 32, 20, 22, 26, 11, 19, 24]}, {"capacity": 242, "impossibleCargos": [5, 6, 11, 24], "neighbors": [30, 4, 15, 27, 34, 25, 19, 6, 17, 32, 2, 9, 20, 26, 33, 21, 13, 11, 8, 5]}, {"capacity": 235, "impossibleCargos": [3, 5, 6, 12, 15, 21, 25, 26], "neighbors": [15, 4, 31, 34, 3, 12, 7, 21, 18, 24, 1, 2, 29, 13]}, {"capacity": 297, "impossibleCargos": [0, 1, 9, 10, 11, 14, 15, 18], "neighbors": [7, 26, 5, 19, 17, 16, 27, 23, 14, 11, 3, 6, 9, 21, 1, 18, 12]}, {"capacity": 258, "impossibleCargos": [12, 15, 16, 17, 20, 28], "neighbors": [5, 22, 32, 34, 7, 14, 26, 6, 3, 29, 2, 33, 1, 31, 18, 20, 4, 13, 9]}, {"capacity": 230, "impossibleCargos": [1, 3, 4, 5, 6, 8, 9, 17, 21, 23, 26], "neighbors": [29, 24, 32, 27, 2, 25, 28, 3, 15, 22, 21, 5, 31, 30, 10, 17, 0]}, {"capacity": 299, "impossibleCargos": [0, 1, 5, 7, 22], "neighbors": [22, 8, 16, 26, 21, 34, 5, 7, 9, 17, 14, 24, 20, 32, 2, 3, 12]}, {"capacity": 284, "impossibleCargos": [5, 6, 7, 8, 21, 25, 29], "neighbors": [0, 17, 13, 5, 26, 1, 11, 31, 10, 16, 15, 20, 33, 14, 7]}, {"capacity": 206, "impossibleCargos": [6, 11, 25, 27, 28], "neighbors": [26, 32, 10, 17, 21, 25, 15, 33, 13, 19, 31, 6, 18, 1, 4, 8, 3, 9, 23, 14]}, {"capacity": 298, "impossibleCargos": [8, 17, 19, 27], "neighbors": [12, 22, 16, 31, 6, 11, 13, 17, 26, 9, 1, 5]}, {"capacity": 291, "impossibleCargos": [2, 3, 5, 8, 14, 16, 19, 20, 24, 26, 29], "neighbors": [17, 34, 14, 4, 18, 23, 30, 10, 28, 3, 19, 12, 5, 25, 29, 15, 26, 1]}, {"capacity": 214, "impossibleCargos": [2, 6, 7, 16, 25], "neighbors": [29, 18, 10, 26, 33, 25, 16, 7, 22, 1, 0, 21, 34, 19, 27, 9, 4]}, {"capacity": 293, "impossibleCargos": [4, 6, 18, 23, 25, 28], "neighbors": [14, 32, 6, 20, 11, 15, 29, 25, 0, 22, 28, 10, 4]}, {"capacity": 289, "impossibleCargos": [7, 8, 9, 10, 12, 13, 15, 18, 25, 26, 29], "neighbors": [31, 22, 21, 12, 25, 14, 0, 23, 27, 17, 9, 32, 16, 10, 5, 19, 8, 13]}]}