{"volumes": [379, 598, 185, 253, 712, 313, 0, 192, 387, 221, 322, 0, 233, 448, 0, 0, 0, 0, 0, 189, 146, 220, 378, 334, 208, 208, 378, 242, 249, 0], "conflicts": [[0, 6], [0, 11], [0, 16], [0, 27], [1, 6], [1, 14], [2, 7], [2, 10], [2, 11], [2, 15], [2, 27], [2, 28], [2, 29], [3, 6], [3, 7], [3, 14], [3, 17], [3, 29], [4, 18], [5, 6], [5, 14], [5, 15], [5, 29], [6, 8], [6, 10], [6, 11], [6, 15], [6, 18], [6, 19], [6, 22], [6, 24], [7, 9], [7, 15], [7, 16], [7, 18], [7, 25], [7, 29], [9, 17], [10, 12], [10, 14], [10, 17], [10, 18], [11, 26], [11, 27], [12, 16], [12, 18], [13, 14], [13, 15], [13, 17], [14, 21], [14, 22], [14, 25], [14, 26], [14, 28], [15, 16], [15, 18], [15, 20], [15, 25], [15, 27], [16, 17], [16, 22], [16, 28], [17, 24], [17, 26], [18, 25], [20, 21], [21, 25], [24, 29], [27, 28]], "tanks": [{"capacity": 289, "impossibleCargos": [1, 2, 3, 4, 7, 11, 13, 19, 21, 23, 25, 27, 29], "neighbors": [3, 7, 29, 31, 1, 16, 10, 22, 32, 6, 34, 30, 23, 13, 21, 18, 2, 8, 12]}, {"capacity": 257, "impossibleCargos": [0, 1, 2, 3, 5, 8, 11, 13, 14, 16, 17, 18, 20, 21, 22, 24, 25, 26, 27, 28], "neighbors": [19, 25, 9, 26, 16, 29, 0, 22, 14, 32, 24, 6, 5, 11, 2, 28, 31, 7]}, {"capacity": 229, "impossibleCargos": [0, 4, 7, 12, 13, 14, 16, 17, 19, 20, 21, 25, 26, 27], "neighbors": [7, 26, 19, 25, 18, 31, 29, 22, 8, 32, 9, 21, 1, 30, 0]}, {"capacity": 298, "impossibleCargos": [0, 1, 3, 4, 5, 9, 10, 11, 13, 14, 17, 18, 26, 27, 28], "neighbors": [24, 0, 21, 25, 8, 26, 22, 20, 11, 6, 34, 29, 16, 5, 23, 13, 19, 30, 10]}, {"capacity": 270, "impossibleCargos": [1, 3, 7, 10, 11, 13, 14, 15, 16, 18, 19, 25, 26, 28, 29], "neighbors": [5, 21, 22, 7, 8, 32, 14, 27, 23, 19, 17, 12, 11, 31, 18, 10, 26, 20, 28]}, {"capacity": 300, "impossibleCargos": [0, 3, 7, 9, 11, 14, 15, 16, 18, 20, 24, 28, 29], "neighbors": [18, 20, 4, 13, 30, 19, 31, 29, 1, 12, 3, 23, 10, 8, 11]}, {"capacity": 278, "impossibleCargos": [2, 3, 4, 5, 6, 9, 10, 17, 18, 21, 24, 25, 27], "neighbors": [24, 32, 26, 25, 10, 0, 16, 1, 22, 27, 3, 18]}, {"capacity": 288, "impossibleCargos": [0, 1, 5, 6, 8, 10, 11, 18, 19, 20, 21, 24, 26, 27, 28, 29], "neighbors": [2, 23, 0, 4, 18, 15, 13, 22, 33, 20, 19, 24, 1]}, {"capacity": 290, "impossibleCargos": [0, 1, 4, 5, 7, 8, 9, 12, 14, 15, 18, 19, 21, 22, 24, 25, 26, 27, 28, 29], "neighbors": [22, 33, 19, 4, 3, 29, 30, 25, 2, 28, 10, 27, 21, 23, 20, 5, 31, 11, 0]}, {"capacity": 265, "impossibleCargos": [1, 2, 5, 8, 10, 11, 14, 15, 17, 19, 21, 22, 23, 24, 26, 27, 28, 29], "neighbors": [1, 17, 19, 32, 22, 31, 2, 28, 25, 20, 33, 18, 24, 10, 34]}, {"capacity": 270, "impossibleCargos": [0, 1, 5, 6, 10, 11, 13, 14, 17, 19, 21, 25, 26, 27, 28], "neighbors": [25, 14, 23, 27, 11, 0, 8, 6, 26, 28, 31, 16, 9, 5, 15, 4, 3]}, {"capacity": 290, "impossibleCargos": [3, 5, 7, 9, 10, 11, 12, 20, 21, 28], "neighbors": [13, 10, 26, 4, 19, 3, 17, 21, 1, 28, 29, 18, 5, 8]}, {"capacity": 228, "impossibleCargos": [1, 3, 5, 7, 8, 9, 10, 11, 12, 13, 14, 15, 17, 18, 20, 22, 24, 25], "neighbors": [25, 34, 32, 4, 18, 24, 5, 29, 22, 27, 15, 17, 31, 0]}, {"capacity": 235, "impossibleCargos": [0, 1, 2, 3, 4, 5, 13, 19, 20, 24, 25, 28, 29], "neighbors": [14, 18, 33, 11, 31, 28, 19, 5, 22, 32, 7, 27, 24, 0, 34, 20, 15, 3, 26]}, {"capacity": 244, "impossibleCargos": [0, 4, 5, 6, 8, 11, 14, 16, 18, 19, 20, 21, 27], "neighbors": [13, 22, 10, 26, 1, 4, 21, 33, 25, 32, 19, 28, 34]}, {"capacity": 274, "impossibleCargos": [0, 6, 7, 9, 12, 16, 19, 21, 24, 25, 28], "neighbors": [17, 30, 25, 33, 26, 21, 7, 19, 34, 12, 20, 13, 24, 10]}, {"capacity": 231, "impossibleCargos": [1, 4, 5, 9, 13, 15, 16, 17, 19, 25, 26, 27, 28], "neighbors": [23, 20, 1, 0, 33, 6, 30, 27, 17, 3, 28, 19, 10, 31, 21]}, {"capacity": 228, "impossibleCargos": [1, 2, 6, 7, 8, 9, 10, 11, 13, 15, 17, 18, 21, 22, 24, 25, 26], "neighbors": [15, 9, 19, 29, 31, 30, 32, 4, 33, 11, 16, 22, 28, 12, 20]}, {"capacity": 206, "impossibleCargos": [2, 3, 4, 5, 6, 10, 13, 16, 17, 18, 24, 26, 29], "neighbors": [5, 13, 27, 20, 22, 2, 26, 12, 7, 9, 21, 33, 4, 28, 32, 11, 25, 6, 0]}, {"capacity": 239, "impossibleCargos": [0, 9, 10, 11, 12, 14, 16, 20, 23, 25, 27, 28, 29], "neighbors": [1, 2, 13, 8, 17, 23, 9, 33, 4, 5, 11, 15, 22, 28, 25, 24, 16, 26, 14, 7, 3, 29]}, {"capacity": 200, "impossibleCargos": [0, 1, 4, 5, 6, 7, 8, 9, 13, 15, 19, 20, 22, 25, 28], "neighbors": [5, 18, 16, 33, 27, 3, 26, 9, 8, 31, 13, 15, 7, 32, 22, 17, 28, 4]}, {"capacity": 300, "impossibleCargos": [4, 7, 9, 12, 14, 15, 17, 18, 22, 24, 28, 29], "neighbors": [34, 32, 3, 27, 4, 24, 15, 8, 14, 2, 18, 11, 31, 29, 26, 0, 16]}, {"capacity": 214, "impossibleCargos": [1, 3, 4, 6, 7, 15, 18, 20, 21, 23, 25, 27, 29], "neighbors": [8, 30, 14, 4, 13, 34, 18, 1, 2, 9, 0, 23, 3, 31, 6, 7, 19, 28, 17, 12, 24, 20]}, {"capacity": 284, "impossibleCargos": [2, 3, 6, 8, 10, 11, 12, 14, 15, 16, 20, 21, 22, 23, 24, 25, 27], "neighbors": [16, 7, 10, 26, 19, 24, 22, 4, 30, 8, 33, 0, 5, 3]}, {"capacity": 237, "impossibleCargos": [1, 6, 12, 13, 18, 25, 26, 27, 28, 29], "neighbors": [3, 30, 21, 6, 34, 23, 26, 29, 1, 28, 12, 32, 13, 9, 22, 19, 31, 15, 7, 27]}, {"capacity": 203, "impossibleCargos": [2, 6, 7, 10, 12, 14, 16, 17, 18, 20, 25, 26, 27, 28, 29], "neighbors": [10, 1, 12, 2, 3, 15, 8, 6, 9, 19, 14, 18, 29, 32, 34]}, {"capacity": 202, "impossibleCargos": [1, 2, 3, 5, 6, 7, 9, 10, 12, 16, 17, 19, 21, 24], "neighbors": [32, 2, 1, 27, 14, 23, 3, 15, 34, 11, 6, 18, 24, 20, 10, 21, 28, 19, 30, 13, 4]}, {"capacity": 280, "impossibleCargos": [10, 11, 12, 15, 16, 19, 20, 21, 22, 23, 27, 28, 29], "neighbors": [18, 21, 26, 10, 4, 20, 29, 8, 32, 34, 13, 28, 6, 16, 12, 33, 24]}, {"capacity": 281, "impossibleCargos": [0, 1, 4, 6, 7, 10, 12, 17, 19, 20, 22, 23, 24, 25, 27, 28, 29], "neighbors": [13, 33, 8, 9, 24, 27, 10, 11, 19, 22, 18, 16, 26, 1, 17, 14, 32, 20, 4]}, {"capacity": 206, "impossibleCargos": [0, 7, 8, 9, 10, 12, 14, 17, 19, 20, 21, 24, 26, 27], "neighbors": [33, 30, 0, 17, 8, 2, 1, 27, 24, 5, 32, 11, 21, 12, 3, 25, 19, 31]}, {"capacity": 236, "impossibleCargos": [0, 8, 9, 12, 14, 15, 16, 17, 19, 22, 23, 27, 28, 29], "neighbors": [24, 22, 32, 29, 15, 8, 17, 5, 23, 16, 0, 26, 2, 34, 3]}, {"capacity": 296, "impossibleCargos": [0, 2, 4, 7, 8, 9, 10, 12, 14, 15, 16, 17, 20, 22, 23, 24, 29], "neighbors": [13, 2, 0, 17, 33, 9, 22, 5, 4, 20, 21, 10, 24, 16, 1, 8, 29, 12]}, {"capacity": 292, "impossibleCargos": [3, 4, 7, 10, 12, 13, 14, 15, 16, 19, 21, 22, 24, 25, 27, 28, 29], "neighbors": [26, 30, 21, 4, 6, 9, 1, 2, 12, 17, 27, 0, 13, 24, 29, 18, 14, 20, 33, 28, 25]}, {"capacity": 286, "impossibleCargos": [1, 6, 10, 13, 14, 15, 18, 25, 26, 28, 29], "neighbors": [29, 13, 8, 15, 28, 20, 19, 16, 31, 17, 9, 18, 23, 14, 7, 27, 32, 34]}, {"capacity": 259, "impossibleCargos": [0, 3, 6, 9, 10, 15, 19, 20, 21, 25, 28], "neighbors": [21, 12, 22, 24, 26, 27, 0, 15, 3, 13, 14, 9, 30, 33, 25]}]}