{"volumes": [194, 0, 0, 0, 215, 128, 0, 166, 152, 779, 624, 447, 388, 184, 523, 122, 296, 125, 0, 241, 238, 276, 624, 0, 164, 478, 0, 0, 148, 0], "conflicts": [[0, 1], [0, 2], [0, 3], [0, 6], [0, 8], [0, 15], [0, 18], [0, 23], [0, 27], [0, 28], [1, 2], [1, 3], [1, 4], [1, 5], [1, 6], [1, 7], [1, 8], [1, 10], [1, 11], [1, 12], [1, 14], [1, 15], [1, 16], [1, 17], [1, 18], [1, 19], [1, 20], [1, 21], [1, 26], [1, 27], [1, 29], [2, 3], [2, 4], [2, 5], [2, 6], [2, 7], [2, 8], [2, 9], [2, 10], [2, 12], [2, 13], [2, 15], [2, 17], [2, 18], [2, 19], [2, 20], [2, 21], [2, 22], [2, 23], [2, 24], [2, 25], [2, 27], [2, 28], [3, 4], [3, 5], [3, 7], [3, 8], [3, 9], [3, 10], [3, 13], [3, 14], [3, 15], [3, 16], [3, 17], [3, 18], [3, 20], [3, 23], [3, 24], [3, 25], [3, 26], [3, 29], [4, 7], [4, 14], [4, 17], [4, 21], [4, 23], [4, 27], [5, 6], [5, 11], [5, 15], [5, 16], [5, 18], [5, 20], [5, 23], [5, 26], [5, 27], [5, 29], [6, 7], [6, 8], [6, 9], [6, 10], [6, 11], [6, 12], [6, 13], [6, 14], [6, 15], [6, 18], [6, 19], [6, 20], [6, 21], [6, 22], [6, 23], [6, 24], [6, 25], [6, 26], [6, 27], [6, 28], [6, 29], [7, 11], [7, 13], [7, 15], [7, 16], [7, 17], [7, 18], [7, 20], [7, 26], [7, 28], [7, 29], [8, 13], [8, 18], [8, 19], [8, 23], [8, 27], [8, 29], [9, 19], [9, 24], [9, 26], [9, 27], [9, 29], [10, 26], [10, 27], [11, 12], [11, 23], [11, 26], [11, 27], [11, 29], [12, 18], [12, 23], [12, 24], [12, 26], [12, 27], [12, 28], [12, 29], [13, 16], [13, 23], [13, 26], [13, 27], [13, 29], [14, 18], [14, 23], [14, 26], [14, 27], [14, 29], [15, 17], [15, 18], [15, 19], [15, 20], [15, 21], [15, 23], [15, 27], [15, 29], [16, 18], [16, 23], [16, 26], [16, 27], [17, 23], [17, 26], [17, 27], [17, 28], [17, 29], [18, 19], [18, 20], [18, 21], [18, 23], [18, 24], [18, 25], [18, 27], [18, 28], [19, 23], [19, 26], [19, 29], [20, 21], [20, 22], [20, 23], [20, 24], [20, 26], [20, 27], [20, 29], [21, 23], [21, 24], [21, 27], [22, 23], [22, 26], [22, 29], [23, 24], [23, 27], [23, 28], [23, 29], [24, 26], [24, 27], [24, 29], [25, 26], [25, 27], [25, 29], [26, 27], [26, 28], [26, 29], [27, 29], [28, 29]], "tanks": [{"capacity": 253, "impossibleCargos": [0, 2, 3, 4, 6, 7, 9, 10, 11, 13, 16, 17, 18, 20, 21, 22, 23, 24, 25, 26, 27, 28], "neighbors": [34, 2, 9, 6, 24, 27, 18, 29, 1, 16, 10, 20, 3, 5, 19, 22, 32, 15, 8]}, {"capacity": 286, "impossibleCargos": [0, 2, 3, 4, 6, 8, 9, 10, 11, 17, 19, 20, 21, 23, 24, 26, 27, 29], "neighbors": [20, 8, 10, 32, 28, 4, 29, 31, 33, 0, 23, 18, 21, 11, 13]}, {"capacity": 266, "impossibleCargos": [1, 2, 4, 5, 6, 7, 8, 9, 12, 13, 15, 16, 18, 19, 20, 21, 22, 23, 24, 25, 26, 27, 29], "neighbors": [0, 34, 14, 24, 26, 31, 13, 16, 5, 32, 12, 8, 15, 33, 25, 3, 9, 20, 7]}, {"capacity": 280, "impossibleCargos": [0, 1, 2, 3, 4, 5, 6, 7, 8, 9, 11, 13, 16, 17, 19, 20, 22, 24, 25, 26, 27, 28, 29], "neighbors": [31, 33, 23, 20, 25, 34, 30, 13, 19, 16, 6, 18, 10, 0, 28, 7, 27, 2, 24, 17]}, {"capacity": 229, "impossibleCargos": [0, 1, 2, 3, 6, 7, 8, 9, 10, 12, 13, 14, 17, 18, 19, 20, 22, 23, 24, 25, 26, 27, 28], "neighbors": [28, 17, 23, 14, 32, 30, 8, 34, 1, 11, 20, 18, 27, 6, 12, 5, 22]}, {"capacity": 229, "impossibleCargos": [0, 1, 2, 3, 5, 6, 8, 9, 10, 13, 14, 15, 16, 17, 18, 20, 21, 23, 24, 25, 26, 27, 28, 29], "neighbors": [17, 19, 31, 15, 25, 30, 10, 2, 18, 26, 22, 8, 12, 23, 0, 13, 21, 20, 4]}, {"capacity": 223, "impossibleCargos": [0, 1, 2, 3, 4, 5, 7, 9, 10, 11, 13, 14, 17, 18, 19, 21, 22, 23, 24, 25, 26, 28, 29], "neighbors": [11, 9, 0, 20, 23, 32, 24, 21, 3, 17, 4, 10, 27, 12, 26]}, {"capacity": 224, "impossibleCargos": [0, 3, 4, 5, 7, 10, 12, 14, 15, 16, 17, 18, 20, 21, 22, 25, 26, 27, 28, 29], "neighbors": [23, 18, 31, 32, 13, 14, 25, 19, 30, 17, 3, 9, 27, 2]}, {"capacity": 227, "impossibleCargos": [0, 1, 2, 3, 5, 7, 9, 12, 13, 15, 16, 17, 18, 19, 20, 21, 22, 23, 24, 25, 26, 27, 28, 29], "neighbors": [1, 9, 16, 4, 22, 13, 32, 21, 2, 26, 5, 10, 34, 0]}, {"capacity": 235, "impossibleCargos": [1, 4, 6, 7, 8, 9, 10, 12, 14, 15, 16, 17, 18, 20, 21, 23, 24, 25, 26, 27, 28, 29], "neighbors": [11, 8, 0, 6, 15, 27, 22, 12, 13, 10, 30, 14, 23, 26, 19, 16, 7, 25, 2, 24]}, {"capacity": 226, "impossibleCargos": [0, 1, 2, 3, 4, 5, 6, 7, 8, 10, 11, 12, 14, 15, 16, 17, 18, 19, 20, 21, 22, 23, 24, 26, 27, 28, 29], "neighbors": [24, 20, 1, 26, 31, 21, 5, 33, 17, 9, 0, 23, 8, 18, 3, 6]}, {"capacity": 289, "impossibleCargos": [0, 2, 5, 6, 8, 9, 10, 13, 15, 16, 17, 18, 19, 20, 21, 22, 23, 24, 25, 26, 27, 28, 29], "neighbors": [9, 27, 6, 13, 15, 22, 12, 21, 4, 30, 24, 33, 25, 26, 16, 1, 14, 18]}, {"capacity": 212, "impossibleCargos": [1, 2, 3, 4, 5, 9, 10, 11, 12, 13, 14, 16, 17, 18, 19, 20, 23, 25, 27, 28, 29], "neighbors": [24, 18, 28, 21, 9, 11, 27, 2, 30, 32, 5, 29, 22, 34, 4, 23, 6, 14, 25]}, {"capacity": 243, "impossibleCargos": [1, 2, 3, 4, 5, 6, 7, 8, 9, 10, 11, 12, 13, 14, 15, 16, 17, 18, 19, 21, 22, 23, 24, 25, 26, 27, 28, 29], "neighbors": [27, 14, 30, 7, 11, 19, 2, 9, 8, 16, 3, 18, 34, 33, 26, 1, 5, 32, 28]}, {"capacity": 233, "impossibleCargos": [0, 2, 5, 6, 7, 8, 9, 10, 14, 16, 17, 18, 19, 20, 21, 22, 23, 25, 26, 27, 28], "neighbors": [13, 2, 19, 4, 15, 7, 18, 9, 12, 11, 22, 32, 17]}, {"capacity": 206, "impossibleCargos": [0, 1, 2, 4, 6, 7, 8, 10, 11, 12, 15, 16, 18, 19, 23, 24, 26, 27, 28], "neighbors": [32, 29, 5, 14, 9, 30, 11, 34, 27, 22, 2, 21, 24, 19, 26, 31, 23, 0, 20]}, {"capacity": 247, "impossibleCargos": [1, 3, 4, 6, 7, 9, 10, 11, 12, 13, 15, 16, 17, 18, 19, 20, 21, 22, 23, 24, 25, 27, 28, 29], "neighbors": [24, 17, 8, 2, 18, 13, 0, 32, 29, 22, 23, 3, 33, 11, 9, 19, 25]}, {"capacity": 289, "impossibleCargos": [1, 5, 6, 7, 10, 11, 12, 13, 14, 16, 17, 18, 19, 20, 21, 22, 23, 25, 26, 27], "neighbors": [5, 4, 34, 16, 23, 10, 18, 26, 7, 6, 22, 31, 3, 14]}, {"capacity": 294, "impossibleCargos": [0, 2, 3, 4, 5, 7, 9, 11, 12, 13, 14, 16, 18, 19, 21, 22, 23, 24, 25, 26, 27, 28, 29], "neighbors": [24, 12, 7, 27, 26, 33, 14, 16, 28, 0, 17, 21, 4, 5, 1, 13, 3, 10, 11]}, {"capacity": 238, "impossibleCargos": [0, 1, 2, 3, 6, 8, 9, 10, 11, 12, 13, 14, 15, 16, 18, 19, 21, 23, 26, 28, 29], "neighbors": [5, 34, 25, 14, 32, 13, 7, 20, 26, 3, 30, 9, 0, 15, 16, 29]}, {"capacity": 246, "impossibleCargos": [0, 3, 4, 5, 6, 8, 9, 12, 13, 14, 16, 20, 22, 23, 24, 26, 27, 28, 29], "neighbors": [1, 22, 10, 6, 3, 19, 32, 4, 26, 0, 33, 28, 23, 5, 2, 30, 15]}, {"capacity": 260, "impossibleCargos": [0, 1, 2, 3, 4, 6, 7, 9, 10, 11, 12, 13, 16, 17, 18, 19, 20, 21, 22, 23, 24, 25, 26, 27, 28, 29], "neighbors": [12, 10, 11, 33, 30, 24, 29, 23, 26, 18, 34, 8, 15, 6, 1, 32, 22, 5, 31]}, {"capacity": 218, "impossibleCargos": [0, 1, 2, 3, 4, 5, 6, 7, 8, 9, 10, 12, 13, 14, 15, 17, 18, 20, 21, 22, 23, 25, 26, 27, 29], "neighbors": [20, 26, 9, 11, 31, 8, 15, 16, 5, 29, 24, 17, 21, 12, 0, 23, 14, 4, 28]}, {"capacity": 280, "impossibleCargos": [0, 5, 6, 7, 8, 9, 10, 11, 12, 13, 14, 17, 18, 19, 20, 21, 22, 23, 24, 26, 27, 28, 29], "neighbors": [7, 27, 4, 17, 3, 33, 6, 24, 21, 1, 10, 9, 16, 5, 26, 20, 12, 30, 22, 15, 25]}, {"capacity": 246, "impossibleCargos": [0, 1, 2, 3, 4, 5, 6, 7, 11, 12, 13, 14, 15, 16, 17, 18, 20, 23, 24, 25, 26, 27], "neighbors": [18, 12, 10, 29, 16, 2, 0, 30, 27, 23, 21, 11, 6, 22, 31, 15, 32, 34, 3, 9]}, {"capacity": 210, "impossibleCargos": [1, 2, 3, 4, 5, 7, 8, 9, 11, 12, 15, 16, 20, 23, 24, 26, 27, 28, 29], "neighbors": [19, 27, 5, 7, 3, 32, 11, 29, 2, 9, 16, 23, 12]}, {"capacity": 247, "impossibleCargos": [1, 2, 3, 4, 5, 6, 7, 9, 10, 11, 14, 15, 16, 17, 19, 21, 22, 24, 25, 26, 27, 29], "neighbors": [2, 22, 10, 18, 32, 19, 21, 17, 5, 8, 27, 11, 20, 9, 34, 23, 15, 13, 6]}, {"capacity": 206, "impossibleCargos": [0, 1, 6, 7, 9, 10, 11, 12, 13, 15, 16, 17, 19, 20, 21, 24, 25, 27, 28, 29], "neighbors": [11, 13, 25, 23, 33, 9, 24, 18, 0, 15, 12, 34, 29, 26, 4, 6, 3, 28, 7]}, {"capacity": 291, "impossibleCargos": [0, 1, 2, 3, 5, 6, 10, 11, 12, 13, 14, 15, 16, 17, 18, 19, 20, 22, 23, 25, 27, 28, 29], "neighbors": [12, 4, 1, 18, 30, 3, 27, 20, 32, 22, 13]}, {"capacity": 258, "impossibleCargos": [2, 3, 4, 5, 6, 9, 10, 12, 13, 14, 15, 16, 17, 18, 19, 20, 21, 23, 25, 26, 27, 28, 29], "neighbors": [24, 15, 1, 21, 0, 27, 16, 22, 25, 12, 19, 33]}, {"capacity": 288, "impossibleCargos": [0, 2, 3, 4, 5, 6, 7, 8, 10, 11, 12, 13, 14, 15, 16, 17, 18, 19, 20, 21, 22, 23, 24, 26, 28, 29], "neighbors": [13, 24, 33, 15, 4, 32, 5, 21, 7, 3, 11, 9, 12, 19, 28, 23, 34, 20]}, {"capacity": 225, "impossibleCargos": [1, 2, 3, 5, 7, 10, 11, 13, 14, 18, 19, 21, 22, 25, 26, 27, 28, 29], "neighbors": [3, 5, 7, 2, 22, 10, 1, 24, 15, 17, 21]}, {"capacity": 293, "impossibleCargos": [0, 1, 2, 3, 4, 5, 6, 7, 9, 10, 11, 12, 13, 14, 15, 16, 18, 20, 22, 23, 24, 26, 27, 28, 29], "neighbors": [15, 7, 19, 1, 4, 30, 6, 26, 20, 2, 25, 8, 34, 16, 12, 21, 24, 0, 28, 13, 14]}, {"capacity": 231, "impossibleCargos": [0, 1, 2, 3, 5, 8, 10, 11, 12, 15, 18, 19, 20, 21, 22, 23, 24, 25, 26, 27, 28, 29], "neighbors": [27, 30, 3, 23, 18, 21, 10, 34, 1, 11, 2, 20, 16, 13, 29]}, {"capacity": 222, "impossibleCargos": [0, 1, 3, 4, 5, 6, 9, 10, 11, 17, 18, 19, 21, 22, 23, 24, 25, 26, 28, 29], "neighbors": [0, 2, 19, 17, 15, 4, 3, 33, 27, 21, 32, 13, 26, 12, 24, 8, 30]}]}