{"volumes": [239, 466, 108, 317, 0, 0, 160, 0, 784, 0, 646, 174, 0, 204, 425, 0, 465, 141, 184, 179, 111, 0, 173, 0, 381, 274, 0, 167, 0, 634], "conflicts": [[0, 2], [0, 12], [0, 26], [1, 5], [1, 28], [2, 4], [2, 12], [3, 7], [3, 15], [3, 19], [3, 28], [4, 8], [4, 19], [4, 21], [4, 26], [4, 29], [5, 12], [5, 14], [5, 15], [5, 16], [5, 17], [5, 18], [5, 23], [5, 24], [5, 27], [6, 23], [6, 24], [7, 10], [7, 11], [7, 15], [7, 17], [7, 23], [7, 25], [7, 29], [8, 15], [8, 21], [8, 28], [9, 11], [9, 13], [9, 14], [9, 17], [9, 18], [9, 19], [9, 22], [11, 26], [12, 14], [12, 15], [12, 29], [13, 21], [14, 28], [15, 17], [15, 21], [17, 23], [17, 26], [18, 28], [19, 28], [20, 23], [21, 24], [22, 23], [23, 27]], "tanks": [{"capacity": 203, "impossibleCargos": [2, 11, 12, 13, 28], "neighbors": [32, 33, 26, 25, 7, 34, 12, 8, 13, 4, 14, 6, 19, 23, 18, 27, 11, 30, 20, 29, 21, 3, 16, 1]}, {"capacity": 211, "impossibleCargos": [5, 10, 12, 13, 17, 19], "neighbors": [22, 16, 17, 18, 28, 5, 4, 33, 29, 32, 34, 15, 3, 20, 30, 12, 31, 8, 6, 13, 11, 14, 26, 0, 25, 24, 27, 7, 2]}, {"capacity": 262, "impossibleCargos": [3, 6, 11, 13, 14, 18, 20, 22], "neighbors": [33, 19, 22, 8, 25, 28, 5, 24, 18, 31, 13, 15, 26, 3, 30, 23, 6, 10, 29, 27, 20, 1]}, {"capacity": 218, "impossibleCargos": [2, 15, 26, 28, 29], "neighbors": [9, 34, 12, 19, 16, 22, 18, 33, 4, 10, 29, 21, 26, 1, 2, 27, 17, 11, 5, 0, 14, 13, 15, 20]}, {"capacity": 288, "impossibleCargos": [1, 2, 7, 8, 10, 11, 15, 17], "neighbors": [19, 10, 26, 20, 24, 29, 0, 1, 30, 16, 3, 12, 18, 25, 14, 5, 21, 23, 28, 7, 32, 34]}, {"capacity": 296, "impossibleCargos": [3, 5, 7, 17, 18, 23, 28, 29], "neighbors": [30, 29, 10, 19, 6, 11, 22, 16, 1, 20, 24, 2, 26, 9, 23, 13, 12, 4, 32, 21, 14, 17, 18, 3, 31, 8, 7, 27, 15]}, {"capacity": 230, "impossibleCargos": [1, 4, 8, 10, 12, 15, 18, 21, 26], "neighbors": [28, 9, 5, 29, 32, 13, 24, 15, 12, 0, 30, 20, 23, 21, 17, 19, 14, 25, 1, 18, 34, 2, 31, 7, 33, 11]}, {"capacity": 225, "impossibleCargos": [3, 5, 8, 9, 12, 14, 19, 23, 26], "neighbors": [19, 33, 0, 26, 30, 25, 17, 31, 8, 10, 32, 12, 34, 22, 15, 21, 18, 4, 29, 9, 14, 24, 13, 6, 28, 23, 5, 1]}, {"capacity": 213, "impossibleCargos": [2, 9, 19, 20, 27], "neighbors": [16, 24, 2, 0, 7, 25, 12, 13, 33, 20, 9, 30, 1, 29, 11, 18, 21, 19, 17, 15, 27, 5, 22]}, {"capacity": 200, "impossibleCargos": [4, 5, 7, 8, 10, 19, 21], "neighbors": [3, 26, 6, 30, 10, 19, 21, 18, 5, 27, 17, 15, 8, 12, 20, 14, 23, 11, 33, 7, 34, 32, 29, 28, 16]}, {"capacity": 283, "impossibleCargos": [0, 10, 15, 17, 21, 22, 25, 28], "neighbors": [5, 4, 19, 9, 7, 34, 3, 15, 29, 26, 33, 31, 28, 30, 17, 25, 2, 12, 32, 20, 16, 13, 22, 11]}, {"capacity": 292, "impossibleCargos": [1, 4, 9, 10, 11, 12, 18, 20, 25, 26], "neighbors": [12, 25, 23, 30, 5, 27, 18, 0, 33, 8, 32, 9, 3, 14, 1, 22, 13, 29, 17, 19, 15, 16, 6, 20, 10]}, {"capacity": 261, "impossibleCargos": [5, 9, 15, 18, 21, 26, 27, 28, 29], "neighbors": [24, 11, 3, 28, 0, 6, 16, 8, 22, 26, 30, 4, 14, 33, 7, 20, 9, 21, 1, 5, 13, 25, 34, 32, 19, 29, 23, 10, 27, 18]}, {"capacity": 218, "impossibleCargos": [0, 10, 11, 14, 16, 23], "neighbors": [22, 15, 6, 31, 32, 17, 0, 26, 34, 8, 33, 16, 2, 30, 25, 5, 29, 27, 12, 7, 1, 11, 14, 10, 21, 3]}, {"capacity": 212, "impossibleCargos": [1, 4, 8, 9, 14, 18, 19, 22, 28], "neighbors": [32, 31, 18, 27, 16, 0, 20, 12, 4, 26, 22, 9, 5, 6, 34, 17, 7, 19, 11, 15, 25, 1, 13, 3, 33]}, {"capacity": 278, "impossibleCargos": [3, 4, 7, 8, 18], "neighbors": [13, 28, 27, 6, 29, 18, 16, 10, 7, 9, 22, 1, 20, 2, 31, 25, 17, 30, 14, 26, 24, 34, 8, 19, 11, 5, 3, 21]}, {"capacity": 284, "impossibleCargos": [1, 7, 12, 14, 15, 19, 26, 27, 28], "neighbors": [19, 8, 1, 28, 5, 22, 21, 3, 32, 14, 15, 12, 4, 13, 30, 20, 33, 18, 25, 10, 9, 0, 29, 11, 31, 23]}, {"capacity": 269, "impossibleCargos": [0, 2, 11, 15, 17, 24, 26, 28], "neighbors": [32, 1, 18, 7, 13, 23, 29, 9, 27, 31, 6, 34, 10, 15, 3, 5, 14, 25, 20, 8, 19, 11, 21, 28]}, {"capacity": 264, "impossibleCargos": [2, 6, 8, 20, 22], "neighbors": [22, 17, 1, 34, 14, 15, 26, 20, 3, 23, 21, 11, 9, 0, 2, 4, 27, 7, 8, 29, 31, 28, 6, 16, 5, 19, 24, 12, 25]}, {"capacity": 284, "impossibleCargos": [10, 12, 28, 29], "neighbors": [34, 7, 25, 4, 10, 5, 2, 16, 3, 23, 33, 9, 0, 27, 21, 31, 6, 29, 28, 24, 12, 8, 22, 14, 32, 18, 15, 17, 11]}, {"capacity": 206, "impossibleCargos": [3, 7, 8, 13, 15, 17, 22], "neighbors": [4, 25, 24, 21, 26, 28, 22, 5, 18, 14, 31, 6, 30, 33, 23, 12, 8, 27, 16, 9, 15, 1, 0, 32, 17, 10, 2, 29, 11, 3]}, {"capacity": 292, "impossibleCargos": [1, 2, 9, 10, 12, 15, 23, 27], "neighbors": [20, 28, 16, 30, 27, 18, 9, 3, 31, 23, 19, 7, 12, 6, 5, 33, 22, 4, 0, 8, 13, 15, 17, 29]}, {"capacity": 215, "impossibleCargos": [12, 18, 22], "neighbors": [1, 13, 27, 18, 5, 2, 23, 16, 20, 3, 12, 26, 30, 34, 7, 32, 15, 24, 14, 21, 19, 11, 29, 31, 25, 8, 10]}, {"capacity": 281, "impossibleCargos": [2, 3, 8, 12, 14, 16, 22, 24, 25], "neighbors": [11, 25, 22, 19, 34, 29, 18, 0, 5, 27, 20, 17, 32, 21, 6, 33, 26, 4, 9, 30, 2, 12, 31, 24, 7, 16, 28]}, {"capacity": 289, "impossibleCargos": [6, 11, 12, 17, 18, 19, 21], "neighbors": [12, 20, 4, 6, 8, 5, 2, 27, 31, 34, 22, 33, 19, 7, 15, 18, 32, 23, 28, 30, 1]}, {"capacity": 227, "impossibleCargos": [1, 2, 3, 5, 24, 26], "neighbors": [33, 19, 20, 0, 11, 23, 7, 2, 8, 34, 30, 4, 13, 15, 27, 12, 31, 10, 6, 26, 17, 14, 16, 22, 1, 18]}, {"capacity": 248, "impossibleCargos": [1, 7, 10, 14, 17, 18, 22, 29], "neighbors": [0, 4, 9, 7, 20, 27, 18, 13, 12, 5, 22, 10, 3, 33, 14, 23, 2, 34, 25, 15, 1]}, {"capacity": 223, "impossibleCargos": [0, 2, 12, 14, 17, 23, 28], "neighbors": [31, 22, 26, 15, 29, 11, 14, 21, 24, 28, 23, 9, 0, 18, 19, 17, 20, 13, 25, 3, 34, 30, 2, 8, 33, 5, 12, 1]}, {"capacity": 225, "impossibleCargos": [1, 6, 17, 21, 29], "neighbors": [6, 15, 16, 21, 20, 12, 1, 2, 27, 34, 10, 19, 4, 18, 29, 32, 9, 24, 7, 23, 17]}, {"capacity": 290, "impossibleCargos": [1, 5, 8, 11, 14, 15, 26, 27], "neighbors": [5, 6, 4, 15, 27, 23, 1, 3, 10, 17, 13, 8, 19, 0, 18, 7, 28, 32, 12, 9, 34, 2, 11, 16, 22, 20, 33, 21]}, {"capacity": 217, "impossibleCargos": [4, 15, 19, 23, 24], "neighbors": [5, 11, 9, 7, 21, 4, 6, 25, 12, 22, 20, 31, 16, 0, 13, 1, 8, 10, 2, 23, 15, 27, 33, 32, 24]}, {"capacity": 230, "impossibleCargos": [3, 4, 5, 11, 13, 14, 15, 18, 20, 25], "neighbors": [27, 13, 7, 14, 24, 20, 30, 2, 21, 10, 19, 17, 15, 1, 25, 18, 32, 6, 5, 23, 22, 16]}, {"capacity": 285, "impossibleCargos": [1, 3, 9, 10, 14, 19, 20, 22, 23, 27, 29], "neighbors": [0, 17, 6, 13, 14, 16, 7, 23, 1, 22, 5, 11, 20, 12, 19, 28, 31, 29, 9, 10, 4, 24, 30, 34]}, {"capacity": 289, "impossibleCargos": [3, 5, 8, 10, 11, 14, 19, 23, 26, 28, 29], "neighbors": [2, 0, 25, 7, 34, 19, 1, 13, 3, 12, 20, 8, 10, 11, 26, 23, 21, 16, 24, 9, 30, 6, 27, 29, 14]}, {"capacity": 266, "impossibleCargos": [1, 4, 5, 8, 11, 12, 13, 17, 18, 20, 25, 26], "neighbors": [19, 3, 33, 0, 23, 18, 25, 10, 13, 28, 22, 7, 24, 1, 17, 26, 27, 12, 14, 9, 6, 29, 15, 32, 4]}]}