{"volumes": [0, 398, 511, 214, 164, 587, 412, 382, 0, 0, 0, 360, 0, 0, 346, 316, 0, 361, 354, 0, 0, 438, 0, 199, 306, 197, 0, 486, 0, 169], "conflicts": [[0, 1], [0, 10], [0, 12], [0, 17], [0, 18], [0, 19], [0, 24], [0, 28], [0, 29], [1, 8], [1, 16], [1, 29], [2, 8], [2, 9], [2, 19], [3, 16], [5, 9], [5, 12], [6, 12], [6, 20], [6, 28], [7, 8], [7, 20], [7, 22], [8, 9], [8, 11], [8, 12], [8, 25], [8, 27], [9, 14], [9, 17], [9, 28], [10, 17], [10, 19], [10, 22], [10, 23], [10, 26], [10, 27], [12, 13], [12, 17], [12, 26], [12, 29], [13, 16], [13, 18], [13, 21], [13, 26], [13, 28], [13, 29], [14, 20], [15, 16], [15, 19], [16, 19], [16, 23], [16, 29], [17, 20], [17, 22], [18, 26], [19, 21], [19, 25], [19, 27], [19, 29], [20, 24], [20, 25], [20, 29], [21, 26], [22, 28], [23, 26], [24, 26]], "tanks": [{"capacity": 294, "impossibleCargos": [3, 6, 10, 11, 12, 15, 16, 26, 28], "neighbors": [26, 12, 11, 24, 5, 3, 7, 27, 28, 10, 13, 14, 6, 29, 18, 21, 31, 19, 25, 34, 15, 20, 23]}, {"capacity": 250, "impossibleCargos": [2, 5, 8, 13, 14, 15, 17, 19, 20, 22, 24, 27], "neighbors": [25, 16, 30, 32, 34, 20, 9, 19, 14, 18, 27, 10, 12, 21, 6, 17, 24, 2, 13, 29, 8, 3, 23, 15]}, {"capacity": 217, "impossibleCargos": [0, 2, 6, 7, 10, 11, 12, 23, 26], "neighbors": [3, 7, 33, 24, 5, 12, 10, 19, 29, 8, 34, 22, 13, 26, 31, 23, 11, 1, 14, 16, 28, 15, 18]}, {"capacity": 250, "impossibleCargos": [4, 11, 23, 25], "neighbors": [2, 12, 8, 18, 21, 17, 0, 28, 29, 31, 4, 10, 26, 33, 6, 32, 23, 22, 9, 27, 24, 7, 25, 20, 30, 1, 34, 14, 13]}, {"capacity": 263, "impossibleCargos": [8, 9, 13, 25, 28], "neighbors": [15, 16, 20, 29, 28, 3, 6, 12, 10, 8, 26, 32, 31, 14, 24, 17, 5, 11, 33]}, {"capacity": 267, "impossibleCargos": [7, 14, 16, 23, 24, 27, 29], "neighbors": [28, 33, 0, 8, 13, 21, 2, 14, 7, 23, 12, 31, 32, 29, 30, 15, 19, 6, 10, 25, 16, 18, 4, 22]}, {"capacity": 218, "impossibleCargos": [10, 13, 24, 27], "neighbors": [17, 13, 23, 21, 8, 18, 24, 31, 27, 14, 28, 12, 3, 4, 22, 0, 1, 11, 10, 33, 19, 34, 5, 16, 7, 26, 15, 25]}, {"capacity": 226, "impossibleCargos": [1, 9, 15, 17, 20, 22], "neighbors": [15, 25, 2, 27, 34, 29, 17, 22, 26, 0, 32, 31, 13, 8, 10, 5, 18, 28, 16, 33, 3, 30, 23, 6, 21, 14, 19, 9]}, {"capacity": 218, "impossibleCargos": [3, 7, 9, 18, 22, 26, 27, 29], "neighbors": [12, 21, 3, 6, 26, 5, 32, 7, 2, 10, 19, 30, 14, 13, 29, 31, 25, 20, 4, 24, 33, 1, 23, 27]}, {"capacity": 273, "impossibleCargos": [0, 4, 5, 14, 22, 25, 27, 28], "neighbors": [11, 23, 30, 34, 33, 1, 20, 32, 13, 12, 3, 25, 14, 22, 26, 31, 21, 28, 18, 15, 7]}, {"capacity": 242, "impossibleCargos": [3, 10, 12, 17, 18, 19, 24, 29], "neighbors": [13, 22, 30, 14, 19, 2, 7, 0, 8, 3, 1, 32, 21, 11, 26, 34, 20, 6, 28, 5, 4, 17, 24, 25, 29]}, {"capacity": 276, "impossibleCargos": [4, 7, 9, 10, 14, 16, 23, 24, 28, 29], "neighbors": [21, 9, 0, 23, 30, 34, 25, 12, 26, 18, 31, 24, 28, 10, 16, 6, 19, 2, 33, 14, 29, 17, 22, 27, 4]}, {"capacity": 224, "impossibleCargos": [0, 1, 3, 6, 17, 20, 28], "neighbors": [8, 0, 32, 14, 3, 16, 11, 34, 13, 2, 33, 29, 23, 20, 6, 5, 30, 1, 21, 27, 9, 17, 28, 4, 25, 24, 18, 22, 19, 31]}, {"capacity": 280, "impossibleCargos": [2, 11, 14, 23, 27], "neighbors": [10, 6, 26, 32, 5, 33, 12, 22, 7, 19, 27, 0, 9, 16, 28, 2, 8, 15, 18, 24, 1, 25, 30, 17, 3, 14]}, {"capacity": 202, "impossibleCargos": [0, 2, 5, 6, 13, 19, 22, 23, 24, 25, 27], "neighbors": [27, 12, 30, 29, 10, 16, 5, 34, 1, 6, 8, 24, 33, 18, 0, 22, 28, 21, 2, 11, 32, 9, 15, 25, 19, 4, 23, 7, 3, 13]}, {"capacity": 258, "impossibleCargos": [0, 5, 8, 10, 13, 16], "neighbors": [27, 7, 4, 33, 29, 31, 28, 17, 32, 24, 30, 25, 23, 5, 13, 14, 20, 0, 6, 2, 9, 34, 1]}, {"capacity": 242, "impossibleCargos": [2, 5, 8, 9, 12, 16, 19, 29], "neighbors": [1, 21, 17, 29, 4, 19, 20, 34, 12, 28, 14, 23, 33, 27, 31, 24, 25, 13, 11, 7, 26, 22, 6, 2, 5]}, {"capacity": 212, "impossibleCargos": [7, 15, 16, 20, 25], "neighbors": [6, 20, 16, 21, 7, 3, 15, 18, 26, 30, 32, 23, 1, 12, 22, 10, 11, 4, 24, 13, 31, 27]}, {"capacity": 278, "impossibleCargos": [2, 5, 7, 8, 9, 25], "neighbors": [19, 33, 3, 21, 6, 11, 1, 22, 31, 17, 30, 7, 14, 23, 0, 28, 13, 24, 32, 12, 29, 26, 5, 9, 2, 20, 27]}, {"capacity": 221, "impossibleCargos": [6, 20, 21, 25], "neighbors": [18, 20, 24, 16, 26, 32, 10, 13, 2, 1, 8, 25, 21, 11, 5, 33, 27, 6, 0, 28, 22, 14, 29, 7, 12]}, {"capacity": 293, "impossibleCargos": [0, 2, 11, 13, 17, 22, 23, 24], "neighbors": [19, 29, 17, 16, 4, 34, 24, 1, 9, 25, 23, 12, 22, 10, 31, 30, 21, 8, 3, 32, 15, 0, 26, 18]}, {"capacity": 278, "impossibleCargos": [1, 7, 14, 16, 17, 29], "neighbors": [11, 22, 8, 16, 6, 17, 3, 18, 5, 34, 28, 31, 10, 12, 19, 1, 23, 30, 14, 0, 20, 29, 9, 32, 7, 24]}, {"capacity": 273, "impossibleCargos": [1, 2, 3, 5, 6, 7, 9, 28], "neighbors": [21, 25, 10, 27, 30, 13, 23, 7, 24, 18, 33, 26, 2, 29, 20, 6, 31, 3, 14, 34, 17, 16, 9, 19, 12, 32, 11, 28, 5]}, {"capacity": 271, "impossibleCargos": [3, 5, 10, 18, 22], "neighbors": [9, 6, 11, 22, 16, 33, 12, 27, 20, 5, 3, 31, 17, 21, 18, 2, 15, 34, 30, 7, 8, 29, 14, 1, 0]}, {"capacity": 205, "impossibleCargos": [4, 13, 18, 22, 23], "neighbors": [28, 34, 0, 19, 2, 6, 20, 22, 32, 16, 31, 11, 14, 29, 30, 15, 1, 18, 3, 33, 13, 26, 12, 10, 8, 4, 25, 21, 17, 27]}, {"capacity": 233, "impossibleCargos": [0, 4, 5, 7, 12, 20, 22, 23], "neighbors": [7, 1, 31, 22, 11, 33, 16, 19, 20, 15, 9, 28, 12, 3, 8, 34, 14, 0, 13, 5, 10, 6, 24]}, {"capacity": 238, "impossibleCargos": [0, 1, 2, 4, 15, 17], "neighbors": [0, 13, 8, 19, 7, 30, 11, 33, 29, 34, 32, 22, 3, 17, 10, 2, 31, 28, 24, 16, 9, 4, 6, 18, 20]}, {"capacity": 283, "impossibleCargos": [1, 3, 14, 16, 17, 24, 25, 27, 29], "neighbors": [15, 14, 30, 7, 22, 0, 16, 13, 6, 23, 32, 29, 1, 33, 28, 12, 3, 19, 11, 8, 18, 24, 17]}, {"capacity": 289, "impossibleCargos": [4, 10, 12, 17, 27, 28], "neighbors": [24, 5, 34, 33, 16, 0, 4, 3, 21, 6, 15, 11, 27, 7, 31, 13, 14, 12, 18, 26, 10, 25, 19, 9, 29, 2, 30, 22]}, {"capacity": 225, "impossibleCargos": [0, 2, 4, 7, 16, 27], "neighbors": [20, 16, 14, 7, 15, 32, 30, 4, 2, 12, 3, 27, 26, 22, 24, 34, 5, 8, 31, 0, 11, 1, 21, 18, 28, 33, 10, 23, 19]}, {"capacity": 297, "impossibleCargos": [0, 1, 2, 8, 23, 24], "neighbors": [27, 14, 31, 9, 1, 22, 11, 10, 29, 26, 8, 18, 12, 17, 24, 32, 5, 15, 21, 20, 23, 7, 3, 13, 28]}, {"capacity": 236, "impossibleCargos": [8, 16, 20, 21], "neighbors": [30, 25, 11, 6, 7, 16, 15, 18, 21, 3, 24, 22, 34, 20, 5, 28, 2, 23, 29, 26, 0, 8, 9, 4, 32, 17, 12]}, {"capacity": 241, "impossibleCargos": [5, 13, 27], "neighbors": [12, 13, 1, 19, 29, 7, 8, 34, 24, 9, 27, 26, 15, 10, 3, 5, 17, 30, 18, 14, 33, 21, 20, 22, 4, 31]}, {"capacity": 291, "impossibleCargos": [1, 3, 6, 7, 15, 18, 20, 28, 29], "neighbors": [5, 2, 15, 18, 28, 9, 13, 34, 16, 25, 12, 23, 26, 22, 3, 14, 27, 6, 7, 11, 19, 24, 32, 8, 29, 4]}, {"capacity": 247, "impossibleCargos": [3, 4, 5, 6, 7, 28], "neighbors": [24, 7, 28, 9, 1, 16, 11, 20, 12, 21, 33, 14, 32, 2, 26, 10, 31, 29, 22, 23, 6, 25, 0, 3, 15]}]}