{"volumes": [230, 157, 0, 423, 0, 0, 187, 238, 0, 231, 395, 0, 415, 390, 351, 190, 351, 0, 0, 0, 382, 329, 134, 430, 125, 735, 330, 161, 0, 169], "conflicts": [[0, 2], [0, 4], [0, 8], [0, 11], [0, 18], [0, 19], [0, 27], [1, 2], [1, 4], [1, 5], [1, 8], [1, 11], [1, 17], [1, 18], [1, 19], [1, 29], [2, 4], [2, 5], [2, 6], [2, 8], [2, 9], [2, 10], [2, 15], [2, 16], [2, 17], [2, 18], [2, 20], [2, 23], [2, 27], [2, 29], [3, 5], [3, 17], [3, 19], [3, 24], [3, 28], [4, 5], [4, 14], [4, 16], [4, 18], [4, 21], [4, 23], [5, 7], [5, 8], [5, 9], [5, 12], [5, 13], [5, 15], [5, 22], [5, 25], [5, 27], [5, 28], [6, 8], [6, 9], [6, 11], [6, 28], [7, 8], [7, 11], [7, 17], [7, 18], [7, 28], [8, 10], [8, 12], [8, 14], [8, 15], [8, 17], [8, 18], [8, 19], [8, 21], [8, 23], [8, 27], [9, 11], [9, 18], [9, 19], [9, 22], [9, 27], [10, 19], [11, 13], [11, 14], [11, 17], [11, 23], [11, 24], [12, 18], [13, 18], [13, 19], [13, 28], [14, 17], [14, 18], [14, 28], [15, 18], [16, 17], [16, 18], [16, 28], [17, 21], [17, 22], [17, 23], [17, 24], [17, 25], [17, 26], [17, 28], [18, 22], [18, 23], [18, 26], [18, 27], [18, 28], [18, 29], [19, 27], [22, 28], [23, 28], [24, 28], [25, 28], [28, 29]], "tanks": [{"capacity": 278, "impossibleCargos": [1, 3, 4, 5, 6, 7, 10, 12, 13, 15, 16, 19, 20, 21, 22, 23, 26, 29], "neighbors": [34, 1, 28, 11, 16, 15, 22, 14, 2, 33, 30, 31, 23, 25, 4, 21, 9, 18, 32, 5, 20, 13, 17, 6, 29]}, {"capacity": 247, "impossibleCargos": [0, 1, 3, 4, 5, 8, 10, 11, 13, 14, 15, 17, 20, 21, 23, 25, 26, 27, 28], "neighbors": [4, 31, 21, 29, 22, 0, 33, 10, 3, 8, 14, 23, 6, 13, 18, 27, 9, 17, 2, 26, 32, 16, 5, 30, 7, 25, 19]}, {"capacity": 269, "impossibleCargos": [6, 7, 8, 9, 10, 13, 15, 20, 23, 29], "neighbors": [26, 15, 6, 23, 4, 0, 25, 7, 18, 5, 17, 16, 30, 8, 1, 11, 22, 31, 24, 28, 14, 13, 33, 29, 3, 9, 34]}, {"capacity": 245, "impossibleCargos": [1, 2, 4, 6, 8, 11, 12, 15, 18, 21, 22, 25, 26, 28], "neighbors": [19, 27, 24, 7, 16, 1, 26, 9, 20, 22, 11, 10, 4, 21, 13, 5, 15, 32, 18, 33, 34, 29, 8, 23, 30, 2, 17]}, {"capacity": 206, "impossibleCargos": [0, 3, 4, 5, 6, 8, 10, 11, 12, 16, 17, 21, 24], "neighbors": [1, 13, 23, 16, 28, 34, 6, 29, 10, 2, 8, 5, 11, 17, 27, 3, 25, 31, 7, 15, 9, 26, 18, 22, 19, 0, 21, 20, 24, 30]}, {"capacity": 204, "impossibleCargos": [0, 2, 3, 6, 7, 8, 9, 14, 16, 18, 22, 23, 27, 28, 29], "neighbors": [11, 32, 8, 10, 25, 34, 16, 27, 20, 4, 24, 17, 2, 23, 21, 9, 14, 3, 19, 30, 0, 12, 33, 6, 18, 15, 1, 31]}, {"capacity": 246, "impossibleCargos": [0, 2, 4, 6, 11, 16, 19, 20, 22, 26, 27, 28], "neighbors": [22, 2, 4, 34, 23, 33, 20, 28, 1, 31, 32, 13, 14, 9, 25, 5, 30, 21, 26, 12, 19, 8, 16, 0]}, {"capacity": 284, "impossibleCargos": [0, 5, 8, 13, 14, 16, 17, 21, 28, 29], "neighbors": [9, 25, 15, 20, 3, 22, 29, 11, 10, 31, 23, 2, 32, 4, 27, 8, 33, 24, 12, 21, 16, 1, 14, 30, 19]}, {"capacity": 272, "impossibleCargos": [1, 2, 4, 5, 6, 8, 11, 15, 17, 18, 19, 25, 28], "neighbors": [29, 15, 34, 30, 5, 12, 24, 1, 4, 10, 19, 25, 11, 7, 28, 20, 18, 27, 26, 2, 21, 13, 17, 3, 22, 6]}, {"capacity": 234, "impossibleCargos": [0, 3, 4, 5, 6, 8, 9, 10, 13, 22, 23, 25, 29], "neighbors": [7, 16, 32, 11, 3, 23, 31, 30, 20, 1, 4, 27, 5, 15, 17, 24, 22, 6, 34, 26, 14, 12, 0, 19, 18, 25, 2]}, {"capacity": 224, "impossibleCargos": [7, 9, 15, 16, 17, 19, 20, 21, 22, 25, 27, 28], "neighbors": [5, 1, 22, 4, 34, 23, 7, 11, 8, 15, 3, 16, 17, 12, 19, 28, 31, 18, 30, 13, 29, 20, 25]}, {"capacity": 235, "impossibleCargos": [0, 1, 3, 4, 7, 9, 10, 11, 12, 14, 16, 17, 20, 21, 25, 26, 29], "neighbors": [19, 32, 18, 33, 5, 34, 0, 26, 9, 7, 14, 17, 10, 21, 24, 16, 4, 15, 30, 3, 25, 8, 20, 2, 28, 29, 27, 22]}, {"capacity": 243, "impossibleCargos": [2, 3, 6, 12, 13, 14, 15, 16, 18, 22, 23, 25, 28], "neighbors": [17, 21, 32, 34, 8, 14, 13, 26, 19, 22, 31, 15, 23, 10, 7, 30, 9, 5, 25, 18, 27, 6]}, {"capacity": 216, "impossibleCargos": [0, 5, 7, 9, 11, 12, 13, 16, 19, 22, 24, 26], "neighbors": [4, 16, 21, 20, 32, 12, 23, 30, 1, 15, 6, 3, 22, 29, 26, 14, 24, 8, 10, 0, 28, 2, 19, 34]}, {"capacity": 259, "impossibleCargos": [5, 6, 7, 8, 10, 12, 15, 19, 21, 22, 25, 26, 29], "neighbors": [26, 12, 11, 0, 1, 28, 25, 6, 24, 19, 5, 27, 23, 34, 13, 21, 32, 9, 2, 16, 22, 7, 29, 30]}, {"capacity": 240, "impossibleCargos": [0, 2, 4, 6, 8, 9, 10, 11, 14, 20, 27, 28, 29], "neighbors": [7, 8, 2, 21, 25, 0, 28, 29, 10, 11, 12, 13, 4, 3, 19, 9, 32, 20, 18, 30, 24, 22, 17, 16, 5, 27, 23]}, {"capacity": 245, "impossibleCargos": [1, 4, 6, 13, 14, 15, 17, 18, 22, 28], "neighbors": [28, 13, 31, 9, 4, 33, 0, 3, 5, 21, 11, 32, 26, 25, 10, 30, 18, 2, 20, 17, 15, 7, 1, 14, 6, 24]}, {"capacity": 235, "impossibleCargos": [0, 2, 3, 7, 9, 11, 15, 16, 24, 25, 26], "neighbors": [12, 22, 31, 28, 33, 29, 11, 20, 4, 5, 1, 2, 27, 9, 10, 32, 26, 18, 23, 25, 8, 16, 15, 30, 0, 19, 3]}, {"capacity": 237, "impossibleCargos": [3, 4, 5, 8, 10, 13, 14, 17, 19, 20, 21, 23, 24, 25, 26, 27, 29], "neighbors": [25, 11, 27, 24, 29, 23, 19, 1, 22, 2, 30, 8, 32, 16, 4, 3, 28, 15, 10, 0, 17, 5, 34, 9, 12, 20]}, {"capacity": 241, "impossibleCargos": [3, 7, 9, 10, 12, 15, 17, 18, 19, 20, 23, 26, 27, 28, 29], "neighbors": [11, 3, 20, 30, 28, 29, 33, 12, 8, 18, 32, 31, 14, 15, 5, 4, 10, 21, 9, 27, 34, 17, 25, 6, 13, 1, 7]}, {"capacity": 220, "impossibleCargos": [0, 3, 4, 6, 7, 8, 9, 10, 12, 15, 22, 23, 24, 26, 27, 29], "neighbors": [21, 24, 7, 19, 34, 26, 27, 13, 6, 22, 5, 3, 17, 30, 9, 8, 28, 29, 15, 31, 11, 0, 16, 4, 18, 10]}, {"capacity": 288, "impossibleCargos": [0, 4, 5, 10, 11, 12, 15, 16, 20, 23, 24, 25, 28], "neighbors": [20, 13, 1, 12, 27, 33, 15, 31, 25, 16, 11, 32, 24, 3, 5, 14, 29, 4, 8, 0, 19, 34, 7, 6, 26]}, {"capacity": 249, "impossibleCargos": [4, 5, 7, 8, 10, 11, 12, 14, 15, 19, 21, 22, 25, 26, 28, 29], "neighbors": [17, 1, 6, 10, 7, 26, 0, 25, 32, 20, 12, 29, 3, 18, 13, 23, 4, 9, 15, 2, 28, 8, 11, 33, 14]}, {"capacity": 230, "impossibleCargos": [2, 5, 6, 8, 9, 10, 11, 12, 13, 16, 17, 18, 19, 24, 28, 29], "neighbors": [32, 4, 2, 27, 6, 13, 10, 9, 1, 18, 26, 7, 5, 31, 22, 25, 33, 14, 12, 0, 28, 17, 24, 3, 15, 34, 29]}, {"capacity": 211, "impossibleCargos": [2, 3, 4, 7, 8, 9, 12, 14, 22, 23, 25, 28, 29], "neighbors": [33, 3, 20, 30, 18, 8, 11, 5, 21, 31, 14, 29, 7, 9, 28, 13, 15, 2, 23, 26, 4, 16]}, {"capacity": 251, "impossibleCargos": [3, 4, 8, 9, 10, 11, 15, 17, 18, 20, 21, 23, 24, 27, 28, 29], "neighbors": [7, 18, 5, 29, 31, 15, 21, 22, 2, 32, 34, 8, 4, 14, 11, 16, 23, 26, 0, 30, 17, 6, 12, 19, 9, 1, 28, 10]}, {"capacity": 223, "impossibleCargos": [3, 9, 10, 14, 15, 16, 17, 18, 20, 24, 25, 27, 28], "neighbors": [2, 20, 14, 11, 22, 3, 12, 23, 29, 16, 4, 13, 8, 25, 9, 28, 17, 1, 32, 30, 6, 24, 21, 34]}, {"capacity": 204, "impossibleCargos": [1, 2, 3, 6, 10, 17, 19, 22, 23, 24, 25, 27, 28, 29], "neighbors": [3, 18, 29, 21, 30, 31, 23, 20, 5, 4, 7, 1, 9, 14, 17, 8, 28, 34, 19, 15, 11, 12]}, {"capacity": 271, "impossibleCargos": [0, 1, 2, 4, 5, 6, 7, 11, 14, 15, 20, 22, 24, 25], "neighbors": [16, 4, 0, 17, 19, 33, 6, 15, 14, 29, 31, 8, 20, 27, 24, 10, 18, 26, 23, 22, 11, 13, 2, 25]}, {"capacity": 280, "impossibleCargos": [2, 3, 5, 10, 13, 14, 15, 16, 17, 22, 23, 24, 29], "neighbors": [8, 1, 27, 32, 25, 4, 19, 7, 18, 17, 15, 22, 31, 26, 28, 24, 33, 30, 13, 20, 21, 3, 11, 10, 2, 14, 23, 0]}, {"capacity": 291, "impossibleCargos": [0, 1, 7, 10, 11, 16, 17, 19, 20, 23, 25, 26], "neighbors": [27, 24, 8, 19, 33, 31, 9, 0, 11, 20, 13, 29, 18, 16, 5, 2, 12, 25, 15, 10, 6, 17, 26, 1, 3, 4, 14, 7]}, {"capacity": 243, "impossibleCargos": [0, 1, 2, 4, 5, 6, 7, 16, 17, 19, 26, 29], "neighbors": [17, 1, 16, 27, 25, 21, 30, 9, 7, 12, 29, 6, 24, 19, 4, 28, 23, 0, 20, 10, 2, 33, 5, 32]}, {"capacity": 234, "impossibleCargos": [2, 3, 4, 7, 12, 14, 15, 16, 18, 19, 20, 23, 24, 25, 26, 27, 29], "neighbors": [23, 11, 5, 12, 9, 29, 13, 22, 25, 21, 19, 16, 6, 34, 7, 3, 18, 15, 14, 17, 0, 26, 1, 33, 31]}, {"capacity": 254, "impossibleCargos": [4, 6, 9, 10, 11, 12, 14, 15, 16, 18, 19, 21, 23, 25, 26, 28], "neighbors": [24, 11, 16, 1, 21, 17, 30, 19, 28, 6, 0, 29, 7, 23, 3, 5, 34, 32, 31, 2, 22]}, {"capacity": 270, "impossibleCargos": [0, 4, 7, 12, 15, 16, 18, 22, 24, 26, 29], "neighbors": [0, 8, 4, 20, 12, 6, 11, 5, 10, 25, 32, 14, 27, 9, 3, 21, 33, 18, 19, 13, 23, 26, 2]}]}