{"volumes": [1275, 906, 889, 742, 598, 0, 2693, 0, 0, 543, 341, 1397, 2319, 0, 2318, 2023, 1288, 0, 580, 0, 0, 1007, 0, 229, 1544, 1689, 0, 0, 493, 347], "conflicts": [[0, 1], [0, 2], [0, 3], [0, 4], [0, 7], [0, 8], [0, 10], [0, 19], [0, 20], [0, 21], [0, 22], [0, 23], [0, 26], [0, 27], [1, 7], [1, 8], [1, 10], [1, 13], [1, 17], [1, 19], [1, 20], [1, 22], [1, 26], [1, 28], [2, 3], [2, 5], [2, 6], [2, 7], [2, 9], [2, 10], [2, 11], [2, 13], [2, 19], [2, 20], [2, 22], [2, 24], [2, 25], [2, 26], [2, 27], [3, 6], [3, 7], [3, 8], [3, 9], [3, 11], [3, 12], [3, 13], [3, 17], [3, 19], [3, 21], [3, 22], [3, 24], [3, 26], [4, 5], [4, 7], [4, 8], [4, 9], [4, 10], [4, 13], [4, 14], [4, 15], [4, 17], [4, 20], [4, 22], [4, 23], [4, 25], [4, 26], [4, 27], [4, 28], [4, 29], [5, 6], [5, 7], [5, 8], [5, 11], [5, 12], [5, 13], [5, 14], [5, 16], [5, 19], [5, 20], [5, 21], [5, 22], [5, 23], [5, 24], [5, 25], [5, 26], [5, 27], [5, 28], [5, 29], [6, 7], [6, 8], [6, 13], [6, 17], [6, 19], [6, 20], [6, 22], [6, 26], [6, 29], [7, 8], [7, 9], [7, 10], [7, 11], [7, 12], [7, 13], [7, 15], [7, 16], [7, 17], [7, 18], [7, 19], [7, 20], [7, 21], [7, 22], [7, 23], [7, 26], [7, 27], [7, 28], [7, 29], [8, 10], [8, 11], [8, 12], [8, 13], [8, 15], [8, 16], [8, 18], [8, 19], [8, 21], [8, 22], [8, 24], [8, 25], [8, 26], [9, 10], [9, 12], [9, 13], [9, 16], [9, 17], [9, 20], [9, 22], [9, 24], [9, 26], [9, 27], [9, 28], [10, 11], [10, 13], [10, 16], [10, 17], [10, 19], [10, 20], [10, 23], [10, 24], [10, 26], [10, 27], [11, 13], [11, 14], [11, 17], [11, 19], [11, 22], [11, 25], [11, 26], [11, 27], [11, 29], [12, 13], [12, 20], [12, 22], [12, 27], [13, 14], [13, 17], [13, 18], [13, 19], [13, 21], [13, 22], [13, 23], [13, 24], [13, 25], [13, 26], [13, 27], [13, 28], [13, 29], [14, 17], [14, 18], [14, 19], [14, 22], [14, 26], [15, 17], [15, 19], [15, 20], [15, 22], [15, 23], [15, 26], [16, 17], [16, 20], [16, 22], [17, 18], [17, 19], [17, 20], [17, 21], [17, 23], [17, 24], [17, 25], [17, 26], [17, 27], [17, 28], [17, 29], [18, 20], [18, 21], [18, 22], [18, 23], [18, 25], [19, 20], [19, 22], [19, 24], [19, 25], [19, 26], [19, 27], [19, 28], [20, 21], [20, 22], [20, 23], [20, 24], [20, 25], [20, 26], [20, 27], [20, 28], [20, 29], [21, 26], [21, 27], [21, 29], [22, 23], [22, 24], [22, 25], [22, 26], [22, 27], [22, 29], [23, 25], [23, 26], [23, 28], [23, 29], [24, 26], [24, 27], [24, 28], [25, 26], [25, 27], [25, 29], [26, 28], [26, 29], [27, 29], [28, 29]], "tanks": [{"capacity": 924, "impossibleCargos": [0, 2, 3, 9, 14, 18, 24, 26, 27, 29], "neighbors": [7, 29, 8, 34, 33, 5, 24, 16, 12, 26, 15, 23]}, {"capacity": 307, "impossibleCargos": [0, 5, 7, 10, 13, 19, 21, 23, 26], "neighbors": [5, 21, 29, 13, 37, 8, 9, 17, 27, 12]}, {"capacity": 550, "impossibleCargos": [1, 11, 16, 19, 20, 24, 25, 27], "neighbors": [19, 39, 3, 14, 4, 17, 29, 21, 24, 20]}, {"capacity": 619, "impossibleCargos": [3, 4, 9, 15, 18, 20, 22, 23, 25], "neighbors": [16, 2, 28, 33, 21, 7, 20, 36, 22]}, {"capacity": 470, "impossibleCargos": [0, 3, 5, 12, 16, 24, 28, 29], "neighbors": [2, 14, 37, 19, 9, 18, 38, 16, 20]}, {"capacity": 869, "impossibleCargos": [8, 9, 10, 12, 18, 24], "neighbors": [14, 1, 12, 10, 38, 0, 39, 13, 28]}, {"capacity": 753, "impossibleCargos": [0, 1, 3, 11, 14, 17, 20, 26], "neighbors": [21, 17, 20, 38, 39, 19, 24, 14, 27, 23, 31]}, {"capacity": 753, "impossibleCargos": [9, 10, 11, 13, 16, 17, 24, 28, 29], "neighbors": [0, 27, 8, 11, 25, 33, 3, 31, 12, 28]}, {"capacity": 496, "impossibleCargos": [0, 5, 10, 15, 17, 24, 26, 28, 29], "neighbors": [0, 13, 7, 24, 19, 32, 16, 1]}, {"capacity": 207, "impossibleCargos": [8, 13, 17, 26, 27], "neighbors": [21, 23, 15, 16, 4, 29, 1, 20, 30, 14, 19]}, {"capacity": 960, "impossibleCargos": [0, 1, 2, 11, 12, 15, 16, 18, 20, 21], "neighbors": [37, 5, 18, 38, 29, 12]}, {"capacity": 257, "impossibleCargos": [0, 5, 7, 9, 10, 14, 23, 28, 29], "neighbors": [33, 19, 7, 34, 18, 20, 15, 38, 35]}, {"capacity": 895, "impossibleCargos": [0, 2, 5, 7, 9, 10, 16, 19, 20], "neighbors": [5, 19, 35, 29, 17, 28, 0, 10, 1, 14, 34, 7]}, {"capacity": 449, "impossibleCargos": [4, 8, 13, 15, 16, 29], "neighbors": [23, 8, 36, 30, 1, 27, 22, 32, 34, 17, 5, 14, 21]}, {"capacity": 674, "impossibleCargos": [1, 3, 12, 14, 15, 18, 19, 25, 26, 29], "neighbors": [23, 5, 15, 2, 30, 37, 4, 28, 6, 12, 33, 13, 35, 9]}, {"capacity": 959, "impossibleCargos": [6, 7, 17, 25], "neighbors": [14, 23, 9, 35, 19, 11, 0]}, {"capacity": 354, "impossibleCargos": [1, 2, 3, 9, 20, 21, 23, 25, 29], "neighbors": [3, 31, 9, 8, 0, 34, 25, 4]}, {"capacity": 258, "impossibleCargos": [3, 5, 7, 11, 12, 13, 15], "neighbors": [6, 30, 12, 2, 20, 1, 13, 28, 39]}, {"capacity": 373, "impossibleCargos": [1, 2, 3, 6, 10, 15, 19], "neighbors": [23, 33, 26, 10, 11, 36, 29, 4, 22]}, {"capacity": 915, "impossibleCargos": [5, 7, 9, 11, 13, 14, 16, 24, 28, 29], "neighbors": [2, 23, 29, 12, 4, 11, 8, 36, 6, 34, 15, 38, 33, 28, 9]}, {"capacity": 766, "impossibleCargos": [1, 7, 11, 12, 15, 19, 20, 22, 26], "neighbors": [37, 6, 27, 17, 9, 39, 3, 11, 34, 4, 2]}, {"capacity": 908, "impossibleCargos": [3, 8, 11, 18, 19, 22, 23, 24, 27, 28], "neighbors": [6, 9, 1, 27, 3, 36, 2, 25, 13]}, {"capacity": 507, "impossibleCargos": [7, 8, 9, 11, 17, 22, 23, 24, 26], "neighbors": [39, 25, 36, 38, 13, 29, 3, 18]}, {"capacity": 956, "impossibleCargos": [0, 4, 8, 9, 19, 24, 26], "neighbors": [14, 13, 18, 19, 15, 9, 33, 6, 29, 0]}, {"capacity": 325, "impossibleCargos": [1, 5, 11, 17], "neighbors": [8, 32, 6, 0, 28, 2, 33]}, {"capacity": 236, "impossibleCargos": [1, 4, 13, 22, 25, 29], "neighbors": [36, 26, 22, 7, 34, 33, 29, 16, 21]}, {"capacity": 779, "impossibleCargos": [4, 7, 15], "neighbors": [18, 25, 30, 33, 34, 0]}, {"capacity": 361, "impossibleCargos": [2, 6, 10, 13, 18, 19, 20, 28], "neighbors": [7, 33, 21, 6, 20, 13, 36, 1]}, {"capacity": 361, "impossibleCargos": [0, 13, 21, 22, 24, 26], "neighbors": [38, 14, 3, 37, 24, 12, 17, 19, 5, 31, 7]}, {"capacity": 405, "impossibleCargos": [0, 5, 7, 9, 10, 12, 13, 14, 17, 24], "neighbors": [0, 19, 36, 1, 12, 9, 37, 10, 18, 25, 2, 23, 22]}, {"capacity": 243, "impossibleCargos": [3, 11, 18, 29], "neighbors": [38, 14, 17, 13, 32, 26, 9]}, {"capacity": 850, "impossibleCargos": [2, 4, 6, 10, 12, 14, 19, 22, 23, 24], "neighbors": [16, 33, 37, 6, 7, 28]}, {"capacity": 858, "impossibleCargos": [2, 10, 11, 15, 17, 28], "neighbors": [38, 24, 8, 13, 33, 30, 35]}, {"capacity": 962, "impossibleCargos": [1, 11, 22, 27], "neighbors": [18, 39, 11, 27, 0, 37, 3, 7, 23, 31, 32, 25, 26, 19, 14, 24, 38]}, {"capacity": 567, "impossibleCargos": [14, 17, 19, 20, 24, 28], "neighbors": [0, 11, 25, 19, 13, 16, 12, 26, 20, 39]}, {"capacity": 714, "impossibleCargos": [2, 14, 24, 29], "neighbors": [12, 15, 32, 14, 11]}, {"capacity": 901, "impossibleCargos": [1, 6, 7, 8, 15, 19, 23, 26], "neighbors": [25, 29, 13, 19, 38, 22, 21, 18, 27, 3, 37]}, {"capacity": 522, "impossibleCargos": [3, 8, 22, 23, 24], "neighbors": [10, 14, 20, 4, 33, 1, 28, 29, 38, 36, 31]}, {"capacity": 962, "impossibleCargos": [1, 2, 11, 22, 28], "neighbors": [28, 30, 32, 6, 5, 39, 36, 22, 10, 37, 19, 11, 33, 4]}, {"capacity": 544, "impossibleCargos": [4, 7, 8, 9, 10, 14, 15, 18, 28], "neighbors": [22, 2, 33, 6, 38, 5, 20, 17, 34]}]}