{"volumes": [1089, 0, 320, 0, 679, 828, 2855, 400, 0, 0, 0, 836, 0, 816, 920, 586, 881, 854, 431, 744, 378, 1515, 397, 1406, 3003, 0, 1023, 639, 579, 1429], "conflicts": [[0, 3], [0, 6], [0, 12], [0, 16], [0, 18], [0, 23], [1, 7], [1, 9], [1, 10], [1, 17], [1, 18], [1, 23], [1, 26], [1, 27], [2, 4], [2, 5], [2, 6], [2, 8], [2, 9], [2, 13], [2, 14], [2, 22], [2, 26], [2, 28], [3, 4], [3, 6], [3, 7], [3, 12], [3, 14], [3, 15], [3, 21], [3, 24], [3, 26], [3, 28], [4, 5], [4, 9], [4, 23], [4, 29], [5, 11], [5, 18], [5, 25], [5, 27], [6, 10], [6, 12], [7, 10], [7, 11], [7, 18], [7, 20], [8, 9], [8, 15], [9, 12], [9, 14], [9, 17], [9, 20], [9, 24], [9, 25], [9, 26], [9, 27], [9, 28], [10, 12], [10, 22], [10, 23], [10, 24], [10, 25], [10, 26], [11, 12], [12, 13], [12, 15], [12, 17], [12, 21], [12, 25], [13, 16], [13, 18], [14, 15], [14, 22], [15, 22], [16, 25], [16, 26], [17, 27], [18, 20], [18, 25], [18, 27], [18, 28], [19, 22], [19, 26], [20, 21], [20, 22], [22, 23], [22, 27], [22, 29], [24, 25], [25, 28], [26, 27], [27, 28]], "tanks": [{"capacity": 705, "impossibleCargos": [6, 10, 15, 18, 20, 21, 26, 27, 28], "neighbors": [8, 32, 11, 26, 31]}, {"capacity": 388, "impossibleCargos": [0, 2, 5, 6, 7, 10, 12, 13, 17, 20, 21, 23, 25, 28], "neighbors": [36, 9, 7, 29, 12, 4, 32, 31]}, {"capacity": 898, "impossibleCargos": [1, 2, 3, 5, 6, 7, 9, 11, 13, 15, 18, 20, 22, 23, 25, 28], "neighbors": [6, 35, 7, 16, 8, 25, 33]}, {"capacity": 400, "impossibleCargos": [1, 2, 6, 8, 9, 10, 11, 15, 16, 17, 18, 19, 22, 23, 24, 25], "neighbors": [13, 6, 12, 16, 33, 22, 15, 30]}, {"capacity": 724, "impossibleCargos": [0, 1, 6, 7, 8, 9, 11, 12, 14, 15, 17, 18, 19, 20, 21, 26, 28, 29], "neighbors": [18, 26, 5, 30, 8, 11, 1, 36, 17]}, {"capacity": 844, "impossibleCargos": [1, 2, 4, 5, 6, 10, 14, 15, 17, 19, 22, 24, 26, 27], "neighbors": [6, 13, 4, 28, 24, 26]}, {"capacity": 385, "impossibleCargos": [3, 4, 7, 8, 10, 11, 12, 13, 17, 18, 20, 21, 22, 25, 27], "neighbors": [5, 2, 3, 34, 33, 23, 20, 14, 11, 7, 30]}, {"capacity": 438, "impossibleCargos": [2, 3, 5, 7, 8, 9, 11, 14, 18, 22, 25, 26, 27, 29], "neighbors": [30, 14, 34, 1, 19, 15, 2, 25, 20, 11, 26, 23, 10, 24, 6, 37]}, {"capacity": 416, "impossibleCargos": [1, 2, 3, 4, 11, 12, 13, 16, 19, 21, 23, 28, 29], "neighbors": [26, 9, 0, 30, 10, 24, 4, 18, 2]}, {"capacity": 541, "impossibleCargos": [1, 3, 5, 8, 9, 10, 13, 15, 17, 18, 19, 20, 21, 25, 26, 27, 28, 29], "neighbors": [8, 1, 12, 22, 17, 32, 29, 31, 30, 34, 18, 26, 23, 19]}, {"capacity": 722, "impossibleCargos": [2, 3, 4, 6, 8, 11, 12, 13, 18, 19, 25, 26], "neighbors": [13, 18, 34, 33, 21, 31, 11, 17, 39, 8, 15, 7, 20, 38, 19, 28, 24]}, {"capacity": 605, "impossibleCargos": [1, 3, 5, 7, 8, 9, 16, 18, 20, 21, 25, 28, 29], "neighbors": [30, 16, 10, 36, 7, 22, 0, 31, 4, 6, 32, 15, 34]}, {"capacity": 908, "impossibleCargos": [1, 2, 3, 6, 8, 11, 12, 16, 18, 19, 25, 26, 28, 29], "neighbors": [9, 3, 17, 15, 1, 24, 20]}, {"capacity": 780, "impossibleCargos": [1, 2, 4, 6, 7, 8, 9, 10, 11, 14, 16, 17, 18, 19, 21, 23, 25, 27, 29], "neighbors": [14, 10, 3, 27, 5, 25, 39, 22, 30, 20, 18, 16, 17]}, {"capacity": 496, "impossibleCargos": [1, 2, 5, 6, 7, 12, 14, 16, 20, 23, 25, 26, 28], "neighbors": [13, 7, 25, 26, 21, 38, 34, 6, 27, 15]}, {"capacity": 515, "impossibleCargos": [2, 4, 6, 8, 11, 12, 13, 14, 15, 16, 22, 23], "neighbors": [24, 30, 12, 7, 10, 14, 11, 20, 3]}, {"capacity": 302, "impossibleCargos": [0, 3, 5, 6, 8, 9, 11, 12, 13, 15, 16, 18, 19, 20, 22, 25, 27, 28, 29], "neighbors": [11, 37, 21, 36, 34, 27, 3, 2, 17, 13, 31]}, {"capacity": 228, "impossibleCargos": [0, 1, 7, 9, 10, 11, 13, 14, 15, 16, 17, 18, 21, 22, 24], "neighbors": [9, 12, 28, 10, 21, 36, 16, 24, 4, 22, 13]}, {"capacity": 880, "impossibleCargos": [0, 2, 9, 10, 11, 12, 14, 16, 18, 19, 20, 22, 24, 25, 26, 29], "neighbors": [4, 20, 10, 23, 28, 27, 30, 8, 32, 9, 31, 29, 33, 13]}, {"capacity": 931, "impossibleCargos": [2, 5, 9, 11, 12, 13, 15, 17, 19, 20, 22, 24, 25, 27, 28, 29], "neighbors": [39, 23, 7, 28, 24, 10, 30, 34, 9]}, {"capacity": 432, "impossibleCargos": [3, 9, 10, 11, 12, 14, 16, 17, 18, 19, 22, 23, 27, 29], "neighbors": [18, 37, 39, 6, 7, 27, 13, 10, 30, 15, 12]}, {"capacity": 451, "impossibleCargos": [0, 2, 3, 5, 6, 12, 13, 14, 18, 21, 23, 25, 27], "neighbors": [10, 16, 14, 17, 23, 24, 30]}, {"capacity": 876, "impossibleCargos": [0, 4, 5, 8, 9, 11, 13, 16, 19, 22, 26, 28], "neighbors": [32, 9, 25, 11, 26, 13, 3, 34, 17, 37]}, {"capacity": 931, "impossibleCargos": [3, 4, 9, 10, 11, 12, 14, 15, 17, 18, 19, 21, 25, 26, 27, 28, 29], "neighbors": [18, 29, 19, 6, 21, 36, 7, 9]}, {"capacity": 926, "impossibleCargos": [0, 2, 4, 5, 6, 10, 11, 12, 18, 21, 22, 23, 26], "neighbors": [15, 25, 37, 36, 31, 21, 19, 5, 8, 35, 7, 12, 17, 38, 10]}, {"capacity": 841, "impossibleCargos": [1, 3, 4, 5, 6, 7, 9, 15, 16, 18, 19, 22, 23, 24, 27], "neighbors": [24, 14, 22, 27, 7, 13, 34, 2]}, {"capacity": 468, "impossibleCargos": [0, 3, 7, 12, 13, 14, 15, 18, 19, 20, 21, 22, 23, 24, 26, 28, 29], "neighbors": [8, 14, 4, 34, 0, 22, 7, 9, 39, 5]}, {"capacity": 729, "impossibleCargos": [0, 3, 4, 5, 6, 9, 11, 12, 14, 15, 16, 20, 23, 27, 28], "neighbors": [13, 25, 16, 33, 14, 18, 20, 38]}, {"capacity": 571, "impossibleCargos": [0, 2, 10, 11, 12, 13, 14, 16, 17, 20, 27, 29], "neighbors": [31, 19, 17, 18, 5, 32, 35, 10]}, {"capacity": 661, "impossibleCargos": [2, 4, 13, 18, 24, 28, 29], "neighbors": [23, 1, 9, 38, 18]}, {"capacity": 485, "impossibleCargos": [0, 3, 7, 9, 10, 13, 15, 16, 20, 23, 25, 28, 29], "neighbors": [11, 7, 15, 8, 4, 9, 13, 39, 18, 21, 38, 20, 6, 31, 19, 3]}, {"capacity": 641, "impossibleCargos": [1, 4, 5, 6, 8, 12, 13, 14, 18, 19, 21, 22, 24], "neighbors": [28, 10, 0, 9, 24, 39, 11, 34, 33, 18, 30, 16, 1]}, {"capacity": 671, "impossibleCargos": [1, 2, 5, 7, 8, 9, 10, 11, 13, 14, 15, 16, 18, 19, 21, 28], "neighbors": [22, 0, 9, 28, 33, 18, 11, 1]}, {"capacity": 419, "impossibleCargos": [2, 4, 5, 7, 9, 10, 18, 19, 22, 23], "neighbors": [37, 35, 10, 6, 27, 3, 32, 31, 18, 39, 2]}, {"capacity": 759, "impossibleCargos": [0, 1, 2, 4, 6, 7, 8, 9, 11, 15, 16, 22, 23, 25, 26, 28], "neighbors": [7, 10, 6, 16, 26, 25, 14, 31, 9, 22, 19, 11]}, {"capacity": 321, "impossibleCargos": [4, 5, 6, 7, 8, 9, 10, 11, 13, 14, 15, 19, 22, 24, 26], "neighbors": [33, 2, 28, 24]}, {"capacity": 449, "impossibleCargos": [1, 2, 3, 5, 9, 11, 14, 16, 17, 20, 22, 23, 24, 25, 26, 29], "neighbors": [1, 24, 11, 16, 17, 23, 4]}, {"capacity": 540, "impossibleCargos": [2, 4, 8, 11, 12, 15, 16, 19, 20, 22, 23, 25, 26], "neighbors": [33, 20, 24, 16, 7, 22, 38]}, {"capacity": 597, "impossibleCargos": [0, 2, 3, 5, 6, 7, 8, 10, 13, 16, 17, 20, 22, 23, 24, 25, 26, 27], "neighbors": [14, 29, 27, 30, 10, 24, 37]}, {"capacity": 675, "impossibleCargos": [2, 4, 8, 14, 15, 16, 17, 18, 20, 21, 22, 23, 24, 25, 27], "neighbors": [19, 20, 10, 13, 31, 30, 33, 26]}]}