{"volumes": [1312, 1158, 0, 899, 1255, 772, 273, 1151, 660, 731, 499, 795, 503, 818, 971, 1350, 1103, 717, 0, 1646, 0, 0, 0, 0, 1755, 0, 792, 1188, 423, 752], "conflicts": [[0, 1], [0, 2], [0, 9], [0, 21], [1, 18], [1, 26], [2, 8], [2, 11], [2, 14], [2, 15], [2, 16], [2, 18], [2, 23], [3, 17], [3, 18], [3, 25], [3, 29], [4, 16], [4, 29], [5, 13], [5, 23], [6, 9], [6, 10], [6, 14], [6, 22], [6, 23], [6, 29], [7, 10], [7, 29], [8, 18], [8, 23], [9, 16], [9, 19], [9, 20], [9, 25], [10, 12], [10, 22], [10, 28], [11, 13], [11, 17], [11, 21], [11, 22], [11, 23], [11, 25], [12, 18], [13, 14], [13, 20], [13, 22], [14, 17], [14, 21], [14, 23], [15, 21], [15, 23], [16, 17], [16, 18], [16, 20], [16, 21], [16, 23], [17, 22], [17, 25], [18, 20], [18, 28], [19, 21], [19, 28], [20, 22], [20, 23], [21, 26], [21, 28], [22, 24], [22, 26], [22, 28], [23, 25], [23, 28], [24, 25], [25, 26], [25, 28], [26, 28], [28, 29]], "tanks": [{"capacity": 617, "impossibleCargos": [2, 5, 6, 11, 13, 17, 19, 21, 24, 27, 28, 29], "neighbors": [12, 14, 13, 30, 19, 3, 29, 11, 24, 7, 18]}, {"capacity": 291, "impossibleCargos": [0, 6, 7, 11, 14, 15, 19, 20, 21, 22, 24, 27, 29], "neighbors": [22, 21, 4, 13, 33, 28, 17, 7, 31]}, {"capacity": 797, "impossibleCargos": [0, 4, 9, 10, 12, 14, 18, 19, 20, 21, 23, 24, 26, 27, 29], "neighbors": [37, 38, 17, 5, 21, 3, 33, 30, 28, 7, 32]}, {"capacity": 537, "impossibleCargos": [3, 7, 8, 9, 11, 14, 15, 16, 17, 19, 21, 23], "neighbors": [4, 16, 0, 6, 2, 30, 22, 5, 39]}, {"capacity": 802, "impossibleCargos": [1, 4, 5, 10, 12, 13, 16, 17, 18, 19, 23, 24, 29], "neighbors": [3, 17, 15, 20, 1, 25, 39, 5, 38, 22, 33]}, {"capacity": 888, "impossibleCargos": [1, 2, 7, 9, 10, 12, 14, 17, 18, 19, 22, 23, 24, 25, 27, 28], "neighbors": [20, 21, 15, 2, 4, 14, 10, 25, 13, 3]}, {"capacity": 487, "impossibleCargos": [0, 1, 4, 5, 7, 8, 10, 11, 13, 14, 26, 29], "neighbors": [7, 13, 36, 3, 20, 35, 15, 26]}, {"capacity": 405, "impossibleCargos": [2, 3, 4, 5, 6, 8, 13, 15, 22, 24, 27], "neighbors": [17, 6, 19, 25, 15, 35, 1, 37, 16, 0, 2]}, {"capacity": 493, "impossibleCargos": [0, 3, 8, 9, 10, 11, 12, 13, 17, 18, 20, 22, 25, 26, 27], "neighbors": [32, 31, 19, 23, 15, 14, 33, 26, 30, 29, 25]}, {"capacity": 907, "impossibleCargos": [2, 3, 4, 6, 8, 9, 10, 11, 12, 14, 18, 19, 25, 26, 28], "neighbors": [14, 35, 23, 10, 38, 24, 22, 31]}, {"capacity": 692, "impossibleCargos": [0, 3, 4, 7, 9, 10, 11, 12, 13, 20, 21, 22, 23, 26, 29], "neighbors": [33, 12, 13, 9, 37, 5, 18, 16, 29]}, {"capacity": 529, "impossibleCargos": [0, 1, 5, 7, 10, 12, 15, 17, 18, 20, 29], "neighbors": [15, 31, 16, 21, 30, 0, 20]}, {"capacity": 337, "impossibleCargos": [0, 1, 2, 4, 5, 6, 8, 9, 10, 13, 14, 15, 18, 19, 20, 22, 23, 25, 26, 28, 29], "neighbors": [0, 10, 33, 25, 20, 34, 16, 26]}, {"capacity": 814, "impossibleCargos": [1, 3, 5, 6, 7, 9, 10, 12, 14, 16, 17, 18, 19, 24, 25, 26, 27], "neighbors": [6, 36, 15, 10, 0, 32, 1, 16, 19, 5, 14]}, {"capacity": 251, "impossibleCargos": [0, 13, 14, 16, 17, 18, 19, 22, 23, 28], "neighbors": [9, 36, 0, 5, 8, 32, 20, 26, 13, 35, 21]}, {"capacity": 826, "impossibleCargos": [0, 1, 3, 4, 9, 10, 11, 12, 16, 18, 19, 22, 24, 25, 26], "neighbors": [11, 37, 4, 13, 7, 5, 25, 8, 28, 23, 6]}, {"capacity": 502, "impossibleCargos": [3, 5, 6, 7, 9, 10, 11, 12, 14, 16, 17, 18, 20, 21, 22, 24, 26, 27, 28, 29], "neighbors": [34, 17, 3, 11, 21, 10, 18, 13, 38, 24, 7, 20, 12, 39, 27, 37]}, {"capacity": 502, "impossibleCargos": [6, 7, 8, 11, 12, 13, 14, 15, 18, 19, 21, 22, 26, 27], "neighbors": [7, 4, 16, 2, 1, 37, 27]}, {"capacity": 785, "impossibleCargos": [1, 2, 4, 5, 7, 9, 12, 13, 14, 15, 17, 20, 22, 24], "neighbors": [28, 23, 30, 10, 16, 0, 37]}, {"capacity": 928, "impossibleCargos": [1, 2, 3, 4, 12, 13, 15, 16, 17, 18, 20, 21, 22, 24, 25, 26, 27, 29], "neighbors": [7, 36, 32, 8, 28, 0, 37, 13, 39, 20, 30]}, {"capacity": 779, "impossibleCargos": [0, 4, 8, 10, 11, 13, 15, 16, 18, 21, 23, 27, 28, 29], "neighbors": [5, 39, 4, 24, 34, 22, 33, 12, 6, 14, 11, 16, 19]}, {"capacity": 868, "impossibleCargos": [0, 3, 5, 11, 12, 13, 16, 17, 20, 21, 23, 24, 25, 29], "neighbors": [1, 37, 30, 5, 35, 11, 36, 16, 34, 27, 2, 38, 14]}, {"capacity": 215, "impossibleCargos": [1, 6, 8, 9, 11, 13, 15, 21, 22, 25], "neighbors": [1, 33, 36, 24, 20, 32, 39, 4, 9, 3]}, {"capacity": 349, "impossibleCargos": [1, 2, 4, 5, 7, 9, 11, 13, 14, 18, 19, 21, 23, 24, 26, 28], "neighbors": [9, 18, 30, 8, 25, 33, 32, 15, 36, 37]}, {"capacity": 485, "impossibleCargos": [1, 2, 3, 6, 8, 10, 12, 14, 16, 17, 20, 21, 26, 27, 28, 29], "neighbors": [35, 31, 22, 36, 20, 9, 16, 0, 34]}, {"capacity": 532, "impossibleCargos": [1, 3, 4, 6, 14, 17, 18, 20, 21, 23, 24, 25, 27, 29], "neighbors": [33, 31, 7, 4, 12, 23, 15, 5, 8, 26]}, {"capacity": 287, "impossibleCargos": [1, 3, 4, 5, 7, 8, 10, 13, 14, 15, 19, 21, 22, 23, 27, 28, 29], "neighbors": [30, 32, 14, 8, 12, 25, 38, 6]}, {"capacity": 797, "impossibleCargos": [0, 1, 3, 4, 5, 10, 11, 12, 13, 14, 17, 20, 23, 28, 29], "neighbors": [34, 38, 21, 39, 17, 16]}, {"capacity": 937, "impossibleCargos": [2, 5, 6, 7, 8, 10, 12, 22, 23, 24, 26, 28, 29], "neighbors": [32, 18, 29, 33, 19, 1, 15, 2]}, {"capacity": 905, "impossibleCargos": [0, 1, 3, 8, 9, 13, 14, 16, 18, 19, 20, 21, 26], "neighbors": [28, 0, 30, 38, 10, 8]}, {"capacity": 712, "impossibleCargos": [0, 2, 7, 10, 11, 12, 14, 15, 16, 17, 18, 25, 28], "neighbors": [26, 21, 32, 23, 18, 0, 11, 35, 33, 29, 37, 3, 2, 8, 19]}, {"capacity": 476, "impossibleCargos": [3, 4, 5, 8, 9, 14, 15, 16, 18, 21, 22, 24, 26, 28, 29], "neighbors": [38, 11, 24, 25, 8, 1, 33, 9, 39]}, {"capacity": 801, "impossibleCargos": [3, 4, 6, 7, 8, 10, 11, 14, 17, 18, 20, 22, 24, 25], "neighbors": [28, 8, 30, 19, 13, 26, 22, 14, 23, 2]}, {"capacity": 262, "impossibleCargos": [0, 5, 6, 11, 12, 14, 16, 17, 19, 22, 28, 29], "neighbors": [10, 22, 25, 12, 28, 1, 23, 20, 8, 2, 30, 31, 4]}, {"capacity": 286, "impossibleCargos": [0, 1, 2, 5, 6, 8, 9, 12, 15, 16, 18, 19, 20, 21, 24, 25, 27, 29], "neighbors": [16, 27, 20, 21, 12, 24]}, {"capacity": 526, "impossibleCargos": [0, 1, 4, 5, 6, 7, 9, 10, 12, 15, 16, 18, 19, 23, 25, 26, 27], "neighbors": [24, 9, 21, 7, 30, 6, 14]}, {"capacity": 451, "impossibleCargos": [5, 7, 10, 11, 14, 16, 17, 18, 19, 20, 24, 25, 26, 27], "neighbors": [22, 14, 13, 24, 19, 21, 6, 23]}, {"capacity": 974, "impossibleCargos": [0, 1, 4, 6, 8, 10, 19, 21, 22, 24, 25, 28], "neighbors": [2, 15, 21, 10, 38, 7, 19, 17, 30, 18, 39, 23, 16]}, {"capacity": 231, "impossibleCargos": [0, 4, 5, 6, 7, 10, 11, 13, 16, 19, 20, 23, 24, 25, 28, 29], "neighbors": [2, 31, 37, 4, 9, 27, 16, 21, 29, 26]}, {"capacity": 458, "impossibleCargos": [0, 1, 3, 4, 8, 9, 16, 21, 22, 25, 26, 27], "neighbors": [20, 4, 22, 27, 19, 16, 37, 3, 31]}]}