{"volumes": [539, 729, 0, 975, 512, 633, 821, 788, 1888, 636, 808, 2514, 283, 548, 786, 828, 390, 0, 1771, 955, 0, 596, 956, 1109, 304, 1575, 0, 0, 1103, 699], "conflicts": [[0, 3], [0, 13], [0, 19], [0, 20], [0, 24], [0, 26], [0, 27], [0, 29], [1, 3], [1, 4], [1, 7], [1, 9], [1, 11], [1, 13], [1, 16], [1, 17], [1, 25], [2, 3], [2, 7], [2, 9], [2, 12], [2, 14], [2, 15], [2, 16], [2, 17], [2, 18], [2, 20], [2, 21], [2, 24], [2, 27], [2, 28], [2, 29], [3, 5], [3, 9], [3, 14], [3, 16], [3, 17], [3, 20], [3, 21], [3, 22], [3, 24], [4, 7], [4, 9], [4, 10], [4, 11], [4, 12], [4, 24], [5, 9], [5, 11], [5, 15], [5, 16], [5, 17], [5, 19], [5, 20], [5, 22], [5, 23], [5, 25], [5, 26], [6, 21], [7, 12], [7, 13], [7, 15], [7, 16], [7, 23], [7, 24], [7, 25], [7, 26], [8, 17], [8, 20], [8, 27], [8, 29], [9, 12], [9, 14], [9, 15], [9, 16], [9, 17], [9, 19], [9, 21], [9, 23], [9, 26], [9, 27], [10, 11], [10, 15], [10, 18], [10, 25], [11, 17], [11, 23], [11, 26], [11, 27], [12, 13], [12, 14], [12, 17], [12, 28], [13, 14], [13, 16], [13, 17], [13, 20], [14, 17], [14, 23], [14, 25], [15, 17], [15, 19], [15, 20], [15, 21], [15, 27], [16, 17], [16, 18], [16, 20], [16, 22], [16, 24], [16, 27], [16, 29], [17, 24], [17, 25], [17, 27], [17, 28], [18, 26], [19, 20], [19, 23], [19, 26], [19, 29], [20, 21], [20, 22], [20, 23], [20, 26], [20, 27], [20, 28], [20, 29], [21, 22], [21, 25], [21, 26], [21, 27], [21, 29], [22, 27], [22, 29], [23, 25], [23, 26], [23, 27], [24, 27], [24, 29], [26, 27], [27, 28], [27, 29]], "tanks": [{"capacity": 871, "impossibleCargos": [0, 1, 3, 4, 7, 12, 15, 16, 18, 19, 21, 22, 24, 25, 27], "neighbors": [14, 8, 39, 30, 36, 2, 12, 15, 16, 32, 37, 23, 7]}, {"capacity": 307, "impossibleCargos": [0, 1, 3, 4, 5, 7, 8, 9, 10, 11, 12, 13, 14, 15, 16, 17, 18, 19, 23, 25, 27, 29], "neighbors": [28, 17, 20, 14, 39, 22, 15]}, {"capacity": 454, "impossibleCargos": [1, 4, 5, 6, 8, 10, 11, 12, 14, 15, 16, 18, 19, 20, 22, 28], "neighbors": [8, 39, 0, 7, 37, 38, 10, 6]}, {"capacity": 754, "impossibleCargos": [0, 4, 7, 8, 11, 13, 22, 27], "neighbors": [8, 22, 24, 12, 31, 25, 5, 19, 10, 23]}, {"capacity": 304, "impossibleCargos": [1, 2, 3, 5, 9, 10, 11, 13, 14, 16, 17, 19, 21, 25], "neighbors": [39, 9, 28, 16]}, {"capacity": 703, "impossibleCargos": [2, 3, 4, 7, 8, 9, 10, 11, 12, 13, 15, 16, 17, 19, 22, 23, 25, 27], "neighbors": [34, 32, 8, 3, 38, 21, 9, 29]}, {"capacity": 530, "impossibleCargos": [0, 1, 4, 5, 8, 9, 10, 13, 17, 18, 19, 20, 22, 24, 29], "neighbors": [7, 17, 8, 35, 2, 21]}, {"capacity": 608, "impossibleCargos": [0, 1, 4, 6, 11, 12, 13, 14, 16, 17, 18, 20, 21, 22, 24, 26, 28], "neighbors": [6, 2, 31, 16, 39, 27, 0, 15]}, {"capacity": 654, "impossibleCargos": [0, 3, 4, 5, 6, 8, 9, 12, 13, 16, 17, 18, 21, 25, 27, 29], "neighbors": [32, 34, 12, 3, 2, 0, 27, 24, 18, 26, 13, 5, 6, 17, 33]}, {"capacity": 577, "impossibleCargos": [4, 5, 6, 9, 13, 16, 18, 21, 22, 24, 25, 28], "neighbors": [38, 11, 32, 36, 4, 39, 31, 21, 12, 34, 25, 5]}, {"capacity": 859, "impossibleCargos": [0, 3, 11, 14, 19, 20, 21, 23, 27, 28], "neighbors": [14, 32, 21, 13, 39, 22, 2, 35, 3, 33]}, {"capacity": 965, "impossibleCargos": [0, 1, 3, 6, 8, 9, 10, 12, 13, 14, 16, 17, 26, 27, 29], "neighbors": [32, 9, 31, 20, 38, 15, 27, 28, 22, 19, 13, 18]}, {"capacity": 344, "impossibleCargos": [0, 1, 2, 3, 4, 5, 11, 12, 13, 14, 17, 18, 19, 28], "neighbors": [8, 39, 37, 30, 20, 0, 3, 9, 16, 29, 24, 31, 27]}, {"capacity": 563, "impossibleCargos": [1, 2, 6, 8, 9, 10, 12, 17, 18, 19, 21, 23, 28], "neighbors": [28, 18, 21, 34, 8, 10, 20, 23, 14, 11]}, {"capacity": 272, "impossibleCargos": [0, 1, 2, 9, 11, 12, 14, 16, 21, 22, 26, 28, 29], "neighbors": [37, 15, 10, 0, 24, 29, 36, 1, 32, 13, 31]}, {"capacity": 577, "impossibleCargos": [3, 4, 7, 9, 10, 11, 12, 14, 15, 23, 27, 29], "neighbors": [17, 34, 14, 37, 33, 0, 11, 27, 1, 7]}, {"capacity": 944, "impossibleCargos": [1, 2, 4, 6, 9, 10, 13, 15, 19, 20, 21, 23, 24, 26, 28], "neighbors": [17, 34, 25, 33, 30, 0, 12, 31, 7, 4, 38, 39, 23]}, {"capacity": 211, "impossibleCargos": [0, 1, 2, 3, 5, 6, 7, 8, 9, 15, 17, 18, 19, 20, 21, 22, 23, 25, 28, 29], "neighbors": [15, 20, 16, 1, 6, 19, 33, 37, 18, 8, 36]}, {"capacity": 873, "impossibleCargos": [0, 1, 2, 3, 4, 5, 7, 8, 11, 14, 15, 16, 17, 18, 27, 28, 29], "neighbors": [38, 8, 13, 36, 37, 22, 17, 11, 33]}, {"capacity": 593, "impossibleCargos": [0, 1, 4, 8, 11, 14, 15, 16, 17, 19, 20, 22, 23, 24, 26, 27], "neighbors": [34, 29, 21, 17, 37, 26, 23, 3, 11]}, {"capacity": 732, "impossibleCargos": [0, 3, 4, 6, 7, 8, 10, 12, 16, 18, 21, 22, 23, 24, 28], "neighbors": [17, 25, 29, 11, 1, 12, 13, 35, 27, 28, 38]}, {"capacity": 377, "impossibleCargos": [0, 1, 3, 4, 5, 7, 9, 10, 11, 14, 16, 17, 18, 20, 23, 24, 25, 26, 28, 29], "neighbors": [38, 19, 36, 10, 13, 28, 9, 6, 5]}, {"capacity": 508, "impossibleCargos": [0, 1, 2, 7, 9, 15, 18, 21, 24, 25, 26, 28], "neighbors": [3, 37, 33, 28, 10, 1, 18, 11]}, {"capacity": 542, "impossibleCargos": [0, 1, 5, 6, 8, 12, 13, 14, 19, 24, 25, 26, 28, 29], "neighbors": [34, 24, 36, 35, 19, 13, 0, 3, 16]}, {"capacity": 808, "impossibleCargos": [1, 2, 3, 4, 5, 7, 11, 12, 16, 17, 18, 19, 20, 23, 28], "neighbors": [8, 14, 3, 23, 37, 12, 39]}, {"capacity": 483, "impossibleCargos": [0, 4, 5, 6, 10, 11, 15, 16, 18, 22, 23, 27], "neighbors": [33, 20, 16, 31, 34, 3, 9, 32, 28]}, {"capacity": 646, "impossibleCargos": [0, 7, 11, 14, 17, 20, 23, 25, 27, 29], "neighbors": [8, 35, 28, 34, 19, 37]}, {"capacity": 893, "impossibleCargos": [1, 3, 4, 6, 7, 11, 12, 14, 16, 17, 21, 24, 25, 26, 28, 29], "neighbors": [35, 8, 37, 20, 11, 7, 15, 36, 12]}, {"capacity": 443, "impossibleCargos": [0, 4, 6, 8, 9, 10, 12, 14, 15, 17, 20, 21, 23, 25, 26, 27, 29], "neighbors": [1, 13, 26, 21, 4, 22, 37, 11, 25, 20, 33]}, {"capacity": 420, "impossibleCargos": [0, 3, 5, 11, 13, 14, 15, 16, 17, 18, 20, 22, 23, 25, 28], "neighbors": [20, 19, 14, 37, 12, 36, 5]}, {"capacity": 782, "impossibleCargos": [2, 4, 6, 9, 10, 11, 12, 13, 15, 16, 18, 19, 20, 21, 23, 25, 26, 28], "neighbors": [12, 0, 16, 34]}, {"capacity": 1000, "impossibleCargos": [1, 2, 5, 6, 10, 14, 17, 19, 22, 26, 27], "neighbors": [11, 25, 9, 3, 7, 16, 12, 32, 14]}, {"capacity": 648, "impossibleCargos": [2, 5, 6, 8, 9, 10, 12, 14, 17, 18, 19, 20, 22, 24, 26], "neighbors": [8, 11, 36, 9, 10, 5, 0, 33, 38, 25, 14, 31]}, {"capacity": 981, "impossibleCargos": [0, 2, 4, 5, 6, 7, 9, 10, 13, 16, 17, 18, 20, 21, 22, 26, 28], "neighbors": [25, 37, 34, 16, 15, 17, 22, 32, 10, 8, 28, 18]}, {"capacity": 343, "impossibleCargos": [0, 2, 4, 7, 8, 9, 10, 11, 12, 16, 19, 21, 27, 28], "neighbors": [19, 8, 15, 23, 16, 5, 33, 13, 26, 25, 9, 30]}, {"capacity": 980, "impossibleCargos": [0, 7, 8, 10, 12, 15, 17, 20, 21, 22, 24, 27, 28, 29], "neighbors": [37, 27, 26, 23, 20, 10, 6, 38]}, {"capacity": 391, "impossibleCargos": [5, 6, 9, 11, 12, 14, 20, 22, 23, 27, 28, 29], "neighbors": [32, 9, 21, 0, 14, 23, 18, 38, 29, 17, 27]}, {"capacity": 401, "impossibleCargos": [1, 6, 7, 9, 12, 14, 15, 16, 18, 19, 22, 23, 25, 26, 28, 29], "neighbors": [35, 14, 33, 12, 15, 22, 2, 19, 28, 29, 27, 24, 17, 18, 0, 26]}, {"capacity": 308, "impossibleCargos": [0, 1, 2, 3, 5, 6, 8, 9, 10, 11, 13, 15, 18, 19, 20, 21, 23, 25, 26, 27, 28, 29], "neighbors": [9, 21, 18, 11, 2, 36, 16, 32, 5, 35, 20]}, {"capacity": 821, "impossibleCargos": [1, 6, 8, 11, 12, 13, 15, 19, 20, 21, 22, 24, 25, 27, 29], "neighbors": [4, 12, 2, 0, 9, 10, 1, 7, 24, 16]}]}