{"volumes": [618, 1236, 1253, 0, 0, 350, 597, 278, 778, 1597, 251, 491, 189, 839, 638, 0, 0, 1613, 0, 1056, 1846, 2042, 1794, 252, 1684, 829, 969, 0, 0, 0], "conflicts": [[0, 2], [0, 5], [0, 7], [0, 10], [0, 14], [0, 27], [1, 4], [1, 5], [1, 13], [1, 16], [1, 23], [1, 25], [1, 28], [1, 29], [2, 4], [2, 6], [2, 7], [2, 9], [2, 10], [2, 16], [2, 18], [2, 24], [3, 7], [3, 8], [3, 10], [3, 12], [3, 13], [3, 18], [3, 20], [3, 21], [3, 25], [3, 26], [3, 27], [3, 29], [4, 5], [4, 13], [4, 15], [4, 18], [5, 6], [5, 8], [5, 12], [5, 16], [5, 17], [5, 19], [5, 21], [5, 24], [5, 25], [5, 26], [5, 29], [6, 10], [6, 12], [6, 15], [6, 24], [6, 28], [7, 14], [7, 15], [7, 16], [7, 20], [7, 27], [7, 29], [8, 15], [8, 21], [8, 22], [8, 24], [8, 27], [9, 15], [9, 27], [9, 28], [10, 12], [10, 15], [10, 16], [10, 25], [11, 12], [11, 13], [11, 23], [11, 25], [11, 29], [12, 13], [12, 15], [12, 16], [12, 19], [12, 23], [12, 28], [12, 29], [13, 19], [13, 20], [13, 25], [13, 28], [14, 17], [14, 26], [14, 28], [14, 29], [15, 16], [15, 17], [15, 18], [15, 25], [15, 28], [15, 29], [16, 19], [16, 21], [16, 24], [16, 25], [16, 28], [16, 29], [17, 18], [17, 27], [17, 28], [18, 20], [18, 21], [18, 23], [18, 27], [18, 29], [19, 27], [19, 28], [19, 29], [20, 25], [20, 27], [20, 28], [20, 29], [21, 25], [21, 26], [21, 27], [21, 28], [21, 29], [22, 28], [22, 29], [23, 28], [24, 25], [24, 27], [24, 28], [24, 29], [25, 27], [25, 28], [25, 29], [26, 27], [26, 29], [27, 29]], "tanks": [{"capacity": 935, "impossibleCargos": [0, 3, 4, 8, 9, 11, 12, 15, 16, 18, 21, 22, 25, 27], "neighbors": [16, 14, 13, 35, 4, 24, 17, 27, 12, 11, 1]}, {"capacity": 272, "impossibleCargos": [2, 3, 4, 6, 8, 9, 11, 13, 15, 16, 17, 18, 23, 25, 27, 28], "neighbors": [11, 33, 21, 38, 3, 34, 20, 0]}, {"capacity": 734, "impossibleCargos": [0, 1, 2, 4, 6, 10, 14, 15, 16, 18, 19, 20, 24, 29], "neighbors": [15, 21, 27, 16, 12, 23, 18, 29, 32]}, {"capacity": 988, "impossibleCargos": [0, 6, 9, 12, 13, 14, 15, 16, 17, 20, 23, 27, 28, 29], "neighbors": [21, 26, 39, 20, 5, 25, 37, 27, 35, 1, 18, 14]}, {"capacity": 263, "impossibleCargos": [0, 3, 5, 7, 9, 12, 13, 14, 15, 17, 18, 21, 23, 25, 27], "neighbors": [32, 19, 30, 38, 35, 0, 39, 24, 16, 20, 14, 12, 6, 26]}, {"capacity": 669, "impossibleCargos": [1, 2, 6, 7, 8, 10, 11, 12, 15, 17, 20, 21, 23, 25, 26, 27], "neighbors": [22, 37, 3, 30, 15, 36, 31, 7, 35]}, {"capacity": 283, "impossibleCargos": [0, 3, 5, 6, 7, 8, 12, 14, 16, 17, 23, 25, 26, 27, 28, 29], "neighbors": [14, 12, 15, 8, 24, 36, 38, 28, 25, 4]}, {"capacity": 663, "impossibleCargos": [1, 5, 8, 9, 12, 13, 15, 17, 21, 23, 26], "neighbors": [35, 17, 20, 30, 32, 18, 27, 5, 15]}, {"capacity": 510, "impossibleCargos": [2, 3, 6, 7, 9, 13, 17, 21, 23, 26, 28, 29], "neighbors": [16, 9, 13, 6, 34, 12, 30, 17, 37]}, {"capacity": 940, "impossibleCargos": [0, 1, 3, 4, 6, 7, 10, 13, 14, 20, 21, 25, 26, 27, 29], "neighbors": [13, 23, 16, 33, 26, 8, 38, 12, 19, 21, 25]}, {"capacity": 295, "impossibleCargos": [0, 1, 5, 7, 8, 10, 11, 12, 19, 22, 24, 27, 28, 29], "neighbors": [21, 29, 25, 23, 30, 17, 24, 13]}, {"capacity": 910, "impossibleCargos": [0, 1, 2, 5, 8, 9, 10, 15, 16, 18, 19, 20, 21, 22, 23, 26, 28, 29], "neighbors": [1, 16, 17, 35, 34, 0, 27, 23, 25]}, {"capacity": 709, "impossibleCargos": [0, 1, 3, 5, 6, 7, 8, 12, 17, 19, 20, 21, 27, 28, 29], "neighbors": [6, 34, 37, 25, 9, 2, 20, 26, 8, 23, 19, 24, 33, 0, 4, 22]}, {"capacity": 565, "impossibleCargos": [2, 3, 4, 6, 11, 14, 22, 25, 29], "neighbors": [9, 35, 32, 8, 0, 30, 20, 10, 15, 24]}, {"capacity": 837, "impossibleCargos": [0, 2, 3, 4, 5, 6, 7, 8, 11, 13, 14, 17, 18, 19, 21, 23, 25, 27, 29], "neighbors": [6, 27, 0, 39, 25, 31, 33, 4, 3, 21, 18]}, {"capacity": 782, "impossibleCargos": [1, 5, 8, 13, 16, 19, 20, 23, 24, 26, 29], "neighbors": [2, 6, 26, 5, 27, 13, 7, 25]}, {"capacity": 402, "impossibleCargos": [0, 1, 5, 6, 9, 10, 13, 14, 15, 17, 20, 24, 26, 27, 28], "neighbors": [0, 8, 9, 11, 2, 27, 4, 29, 26]}, {"capacity": 233, "impossibleCargos": [1, 3, 5, 7, 9, 13, 14, 15, 17, 18, 24, 25, 26, 28], "neighbors": [7, 18, 21, 10, 23, 0, 30, 24, 33, 11, 8, 19]}, {"capacity": 343, "impossibleCargos": [0, 3, 5, 6, 8, 11, 15, 17, 19, 21, 24, 26, 27, 29], "neighbors": [30, 17, 31, 2, 33, 7, 3, 14]}, {"capacity": 260, "impossibleCargos": [1, 2, 3, 5, 7, 10, 11, 12, 14, 15, 16, 17, 18, 19, 25, 26, 29], "neighbors": [31, 32, 4, 38, 28, 9, 12, 22, 17, 33]}, {"capacity": 860, "impossibleCargos": [1, 2, 12, 13, 15, 18, 19, 22, 23, 25, 26], "neighbors": [21, 3, 7, 29, 12, 13, 4, 1, 37]}, {"capacity": 342, "impossibleCargos": [1, 3, 4, 10, 11, 13, 15, 18, 21, 22, 23, 24, 25, 27, 28], "neighbors": [3, 25, 10, 20, 1, 2, 24, 34, 17, 9, 30, 14]}, {"capacity": 368, "impossibleCargos": [1, 3, 4, 6, 9, 11, 14, 15, 18, 19, 20, 21, 22, 24, 27, 28], "neighbors": [5, 26, 37, 35, 25, 32, 19, 12]}, {"capacity": 209, "impossibleCargos": [0, 2, 5, 6, 13, 14, 17, 23, 24, 25, 29], "neighbors": [9, 32, 25, 27, 2, 10, 26, 17, 12, 34, 30, 11]}, {"capacity": 516, "impossibleCargos": [0, 2, 3, 4, 5, 8, 10, 12, 15, 22, 24, 25, 28, 29], "neighbors": [21, 6, 38, 32, 0, 4, 17, 10, 12, 29, 13]}, {"capacity": 929, "impossibleCargos": [3, 5, 6, 8, 9, 13, 14, 18, 19, 21, 23, 25, 28], "neighbors": [38, 21, 14, 10, 23, 12, 33, 28, 3, 22, 6, 15, 11, 9]}, {"capacity": 625, "impossibleCargos": [5, 9, 11, 14, 16, 18, 21, 22, 23, 28], "neighbors": [3, 28, 22, 9, 15, 23, 12, 16, 4]}, {"capacity": 353, "impossibleCargos": [5, 7, 8, 9, 10, 11, 16, 18, 21, 24, 25, 26, 29], "neighbors": [14, 29, 2, 23, 3, 16, 0, 15, 7, 38, 11]}, {"capacity": 275, "impossibleCargos": [0, 4, 7, 8, 9, 15, 16, 17, 18, 19, 20, 21, 22, 27, 28, 29], "neighbors": [26, 29, 25, 19, 34, 35, 6]}, {"capacity": 391, "impossibleCargos": [4, 6, 9, 11, 14, 17, 18, 19, 20, 21, 27], "neighbors": [10, 28, 27, 20, 2, 38, 16, 24, 30]}, {"capacity": 880, "impossibleCargos": [1, 2, 3, 4, 6, 7, 9, 11, 13, 18, 21, 22, 24, 25, 28], "neighbors": [18, 7, 4, 36, 5, 10, 13, 17, 8, 33, 23, 21, 29]}, {"capacity": 393, "impossibleCargos": [4, 5, 10, 11, 12, 16, 17, 18, 19, 23, 24, 26, 27, 28, 29], "neighbors": [19, 18, 14, 39, 5]}, {"capacity": 725, "impossibleCargos": [3, 5, 6, 11, 12, 14, 19, 23, 25, 27, 28], "neighbors": [4, 19, 23, 39, 13, 35, 37, 24, 7, 22, 38, 2]}, {"capacity": 237, "impossibleCargos": [0, 2, 5, 6, 10, 11, 13, 14, 15, 16, 17, 19, 20, 22, 24, 27], "neighbors": [35, 1, 9, 25, 14, 18, 17, 12, 30, 19]}, {"capacity": 682, "impossibleCargos": [1, 3, 5, 6, 9, 11, 15, 17, 20, 21, 23, 26, 27], "neighbors": [12, 21, 8, 28, 1, 23, 11]}, {"capacity": 279, "impossibleCargos": [0, 4, 5, 6, 8, 10, 12, 13, 17, 19, 20, 22, 25, 27, 28], "neighbors": [7, 13, 33, 32, 0, 4, 22, 3, 28, 11, 5]}, {"capacity": 840, "impossibleCargos": [0, 2, 5, 6, 9, 13, 14, 15, 16, 17, 18, 20, 24, 26, 27, 29], "neighbors": [30, 5, 6]}, {"capacity": 644, "impossibleCargos": [1, 4, 5, 6, 8, 9, 16, 17, 18, 20, 21, 22, 23, 24, 25, 26, 27, 29], "neighbors": [5, 22, 32, 12, 3, 8, 20]}, {"capacity": 475, "impossibleCargos": [2, 5, 8, 9, 14, 15, 16, 19, 20, 21, 23, 26, 29], "neighbors": [25, 9, 1, 4, 24, 19, 39, 6, 29, 32, 27]}, {"capacity": 935, "impossibleCargos": [2, 4, 8, 11, 12, 14, 16, 18, 20, 21, 22, 23, 28], "neighbors": [32, 3, 14, 31, 4, 38]}]}