{"volumes": [0, 1134, 739, 0, 2108, 365, 1620, 716, 1899, 634, 608, 0, 734, 1305, 1374, 591, 773, 0, 558, 1827, 1204, 0, 799, 2080, 311, 274, 848, 710, 1119, 0], "conflicts": [[0, 1], [0, 3], [0, 4], [0, 5], [0, 6], [0, 9], [0, 15], [0, 18], [0, 22], [0, 25], [2, 16], [2, 29], [3, 4], [3, 6], [3, 7], [3, 8], [3, 20], [3, 28], [4, 21], [4, 24], [5, 6], [5, 18], [5, 25], [5, 29], [7, 24], [7, 26], [9, 14], [9, 16], [9, 17], [9, 21], [9, 22], [10, 11], [10, 21], [11, 16], [11, 18], [11, 19], [11, 20], [11, 23], [12, 18], [12, 24], [12, 29], [13, 22], [13, 25], [13, 29], [14, 21], [14, 27], [15, 29], [17, 20], [17, 22], [18, 21], [18, 27], [18, 29], [19, 21], [19, 29], [20, 25], [21, 24], [22, 25], [24, 27], [25, 29], [26, 29], [27, 28]], "tanks": [{"capacity": 806, "impossibleCargos": [2, 15, 24, 25], "neighbors": [12, 35, 28, 9, 22, 29, 13, 18, 6, 16, 30, 27, 5, 20, 39, 1, 24, 26, 36]}, {"capacity": 628, "impossibleCargos": [4, 7, 11, 13, 15, 18, 19, 20, 21], "neighbors": [11, 18, 25, 23, 22, 24, 9, 30, 14, 8, 35, 19, 39, 34, 4, 37, 20, 27, 0, 2]}, {"capacity": 796, "impossibleCargos": [0, 1, 5, 6, 13, 14, 15, 19, 24], "neighbors": [34, 29, 25, 11, 26, 36, 37, 32, 27, 30, 28, 24, 8, 19, 3, 18, 7, 39, 9, 23, 20, 1, 15]}, {"capacity": 881, "impossibleCargos": [0, 5, 9, 11, 17, 21, 24, 29], "neighbors": [32, 37, 17, 27, 18, 20, 8, 30, 13, 25, 12, 9, 19, 2, 6, 31, 7, 29]}, {"capacity": 609, "impossibleCargos": [10, 17, 18, 20, 21, 23, 24, 26, 29], "neighbors": [31, 29, 34, 18, 23, 9, 24, 21, 5, 1, 7, 12, 30, 28, 39, 33, 11]}, {"capacity": 550, "impossibleCargos": [0, 1, 10, 11, 12, 17, 28], "neighbors": [15, 39, 35, 16, 31, 4, 17, 22, 0, 37, 32, 21, 27, 12, 34, 18, 14, 11, 8]}, {"capacity": 620, "impossibleCargos": [0, 1, 2, 6, 7, 19, 22, 25, 29], "neighbors": [35, 31, 28, 33, 22, 7, 16, 0, 11, 39, 25, 34, 3, 38, 32, 20]}, {"capacity": 619, "impossibleCargos": [1, 2, 4, 8, 11, 19, 20, 21, 24, 26], "neighbors": [39, 26, 33, 37, 11, 32, 30, 24, 22, 20, 27, 29, 6, 14, 16, 4, 12, 2, 3, 28, 35]}, {"capacity": 514, "impossibleCargos": [1, 2, 6, 7, 11, 12, 14, 17, 24, 25, 28], "neighbors": [14, 31, 13, 32, 15, 3, 16, 35, 1, 2, 27, 36, 25, 9, 22, 28, 38, 33, 21, 26, 11, 23, 30, 5, 19]}, {"capacity": 703, "impossibleCargos": [0, 2, 4, 8, 9, 10, 12, 13, 18, 23, 26], "neighbors": [0, 24, 37, 4, 11, 1, 33, 22, 38, 3, 8, 27, 26, 30, 12, 17, 32, 2, 19]}, {"capacity": 778, "impossibleCargos": [1, 11, 24, 25], "neighbors": [23, 20, 36, 38, 27, 31, 37, 12, 32, 22, 18, 33, 15, 21, 30]}, {"capacity": 827, "impossibleCargos": [0, 5, 13, 16, 24, 28], "neighbors": [1, 34, 36, 2, 7, 38, 22, 9, 30, 6, 18, 37, 15, 24, 20, 8, 5, 4, 33]}, {"capacity": 778, "impossibleCargos": [4, 10, 12, 16, 17, 22, 27, 29], "neighbors": [0, 10, 39, 22, 3, 31, 26, 25, 4, 7, 5, 18, 13, 9, 37, 24, 16, 28]}, {"capacity": 978, "impossibleCargos": [2, 6, 8, 14, 15, 16, 22, 25, 26, 27], "neighbors": [24, 8, 39, 19, 0, 3, 25, 31, 29, 28, 22, 14, 21, 33, 38, 12, 34, 37]}, {"capacity": 591, "impossibleCargos": [7, 9, 11, 14, 23, 25, 26, 28, 29], "neighbors": [31, 8, 15, 19, 30, 27, 7, 1, 32, 13, 21, 37, 34, 28, 18, 17, 35, 5]}, {"capacity": 401, "impossibleCargos": [4, 13, 15, 18, 20, 26], "neighbors": [22, 35, 14, 5, 18, 25, 8, 20, 17, 10, 16, 11, 30, 26, 2]}, {"capacity": 660, "impossibleCargos": [0, 13, 16, 20, 23, 24, 25], "neighbors": [37, 27, 17, 33, 8, 5, 34, 6, 0, 7, 28, 19, 30, 29, 31, 38, 22, 15, 12, 23, 18]}, {"capacity": 623, "impossibleCargos": [2, 4, 12, 14, 19, 23, 25, 28], "neighbors": [38, 36, 3, 26, 33, 16, 28, 5, 15, 39, 29, 19, 20, 25, 14, 9, 35]}, {"capacity": 340, "impossibleCargos": [3, 10, 13, 21], "neighbors": [1, 15, 4, 33, 38, 3, 19, 0, 11, 10, 2, 14, 12, 5, 16, 24]}, {"capacity": 273, "impossibleCargos": [1, 12, 15, 23, 26, 27, 29], "neighbors": [14, 37, 26, 18, 13, 36, 32, 16, 29, 1, 17, 3, 2, 33, 27, 20, 8, 9]}, {"capacity": 800, "impossibleCargos": [6, 7, 13, 23, 25, 27, 28], "neighbors": [34, 10, 36, 24, 3, 23, 7, 37, 30, 15, 27, 0, 25, 28, 21, 17, 1, 35, 6, 26, 29, 19, 11, 2]}, {"capacity": 703, "impossibleCargos": [2, 6, 8, 11, 13, 17], "neighbors": [33, 27, 31, 34, 4, 24, 25, 14, 13, 29, 37, 32, 5, 20, 38, 28, 8, 10, 23]}, {"capacity": 782, "impossibleCargos": [12, 15, 17, 19, 23, 24], "neighbors": [34, 15, 23, 0, 6, 11, 24, 1, 7, 12, 9, 13, 5, 10, 35, 8, 16, 31, 28, 36, 37, 32]}, {"capacity": 289, "impossibleCargos": [3, 4, 8, 10, 11, 20, 24], "neighbors": [10, 33, 22, 1, 4, 20, 34, 26, 32, 31, 16, 2, 21, 8]}, {"capacity": 522, "impossibleCargos": [1, 2, 8, 12, 14, 17, 18, 19, 21, 23, 24, 26], "neighbors": [25, 13, 9, 7, 20, 22, 35, 37, 4, 1, 21, 26, 36, 31, 2, 27, 30, 28, 32, 12, 11, 0, 18, 38]}, {"capacity": 813, "impossibleCargos": [1, 2, 8, 9, 16, 22], "neighbors": [24, 2, 32, 29, 35, 1, 15, 34, 31, 3, 13, 21, 20, 30, 12, 37, 6, 17, 8, 39, 28]}, {"capacity": 616, "impossibleCargos": [7, 9, 11, 15, 16, 21, 25, 28, 29], "neighbors": [38, 7, 2, 28, 29, 17, 19, 30, 24, 23, 12, 36, 9, 37, 8, 20, 15, 0]}, {"capacity": 764, "impossibleCargos": [0, 1, 14, 24, 25, 27], "neighbors": [29, 21, 33, 10, 37, 3, 2, 14, 16, 31, 7, 0, 24, 20, 8, 36, 5, 19, 9, 35, 1]}, {"capacity": 584, "impossibleCargos": [8, 10, 11, 15, 24], "neighbors": [34, 37, 0, 6, 26, 32, 38, 33, 36, 2, 17, 13, 31, 16, 24, 20, 29, 8, 14, 21, 4, 22, 12, 7, 25]}, {"capacity": 397, "impossibleCargos": [0, 3, 11, 13, 16, 17, 18, 21, 25, 27, 28], "neighbors": [38, 2, 27, 4, 25, 26, 0, 31, 7, 35, 13, 34, 21, 19, 16, 17, 39, 28, 20, 3]}, {"capacity": 850, "impossibleCargos": [0, 1, 4, 7, 10, 18, 19, 21, 26, 27], "neighbors": [35, 14, 7, 37, 26, 2, 3, 1, 0, 20, 33, 11, 24, 16, 25, 4, 9, 38, 34, 10, 15, 8]}, {"capacity": 661, "impossibleCargos": [0, 3, 4, 5, 9, 11], "neighbors": [14, 6, 8, 4, 21, 37, 10, 27, 29, 5, 25, 24, 13, 28, 23, 35, 12, 16, 3, 22, 38, 39, 33]}, {"capacity": 789, "impossibleCargos": [1, 7, 9, 10, 15, 16, 26, 27], "neighbors": [3, 38, 25, 8, 2, 28, 7, 34, 10, 19, 14, 39, 23, 5, 21, 24, 6, 9, 37, 22]}, {"capacity": 513, "impossibleCargos": [1, 3, 8, 10, 11, 13, 17, 27, 28], "neighbors": [21, 23, 27, 6, 7, 18, 17, 16, 39, 28, 9, 30, 13, 38, 19, 8, 10, 4, 31, 11]}, {"capacity": 624, "impossibleCargos": [2, 3, 5, 7, 13, 18, 22, 24, 27], "neighbors": [2, 20, 28, 22, 11, 4, 32, 25, 16, 21, 23, 29, 1, 14, 6, 30, 13, 38, 5]}, {"capacity": 683, "impossibleCargos": [0, 2, 6, 7, 9, 16, 19, 21, 27, 28, 29], "neighbors": [0, 6, 15, 30, 25, 24, 5, 8, 29, 1, 31, 22, 20, 27, 39, 14, 36, 17, 7]}, {"capacity": 901, "impossibleCargos": [0, 3, 9, 11, 12, 18, 19, 27], "neighbors": [11, 17, 10, 2, 20, 19, 28, 37, 24, 27, 8, 26, 22, 38, 35, 0]}, {"capacity": 748, "impossibleCargos": [4, 11, 12, 14, 15, 21, 25, 27], "neighbors": [28, 16, 27, 2, 31, 9, 3, 19, 7, 10, 24, 30, 36, 20, 5, 14, 21, 25, 1, 26, 11, 12, 13, 22, 32]}, {"capacity": 589, "impossibleCargos": [8], "neighbors": [17, 26, 29, 32, 10, 11, 18, 28, 9, 33, 16, 8, 21, 13, 6, 30, 34, 36, 24, 31]}, {"capacity": 756, "impossibleCargos": [1, 5, 6, 13, 15, 29], "neighbors": [7, 5, 13, 33, 12, 32, 0, 17, 1, 6, 29, 25, 2, 35, 4, 31]}]}