{"volumes": [730, 1453, 0, 507, 1914, 412, 271, 919, 199, 1010, 594, 0, 381, 0, 541, 1453, 2526, 666, 0, 1085, 0, 863, 1508, 640, 0, 945, 0, 1699, 666, 1056], "conflicts": [[0, 2], [1, 18], [1, 26], [2, 4], [2, 12], [2, 13], [2, 18], [2, 20], [2, 23], [3, 9], [6, 11], [6, 17], [6, 23], [8, 11], [8, 13], [9, 20], [10, 28], [11, 15], [11, 18], [11, 22], [11, 23], [11, 24], [12, 13], [12, 18], [12, 24], [13, 15], [13, 24], [15, 21], [15, 28], [18, 23], [18, 28], [20, 22], [20, 25], [20, 26], [20, 27], [22, 29], [23, 27], [24, 26], [24, 28], [25, 26], [25, 28], [26, 29], [28, 29]], "tanks": [{"capacity": 507, "impossibleCargos": [3, 5, 11, 14, 18, 23, 26, 29], "neighbors": [8, 31, 18, 1, 25, 19, 34, 35, 23, 16, 9, 38, 26, 24, 28, 27, 21, 22, 13, 3, 12, 5, 20, 39, 4, 29]}, {"capacity": 777, "impossibleCargos": [1, 2, 7, 19, 25], "neighbors": [38, 37, 24, 0, 9, 15, 20, 29, 25, 19, 26, 13, 35, 39, 6, 7, 22]}, {"capacity": 908, "impossibleCargos": [2, 3, 7, 8, 9, 13, 16, 29], "neighbors": [8, 3, 11, 30, 34, 5, 25, 4, 31, 32, 16, 24, 19, 12, 35, 15, 17, 9, 18]}, {"capacity": 777, "impossibleCargos": [9, 10, 13, 14, 16, 17, 19, 26], "neighbors": [2, 7, 4, 9, 33, 36, 25, 11, 37, 10, 6, 14, 38, 39, 17, 23, 0, 5, 19, 29, 26, 20, 31, 13]}, {"capacity": 958, "impossibleCargos": [1, 4, 6, 9, 11, 17, 23, 25, 29], "neighbors": [3, 37, 14, 28, 29, 2, 36, 17, 30, 38, 13, 21, 20, 11, 26, 5, 0]}, {"capacity": 405, "impossibleCargos": [2, 5, 8, 10, 12, 17, 26, 29], "neighbors": [8, 16, 6, 29, 36, 19, 39, 2, 18, 14, 13, 33, 28, 3, 0, 24, 31, 23, 25, 4, 37, 21, 12]}, {"capacity": 413, "impossibleCargos": [0, 1, 6, 8, 13, 17, 23, 28], "neighbors": [36, 14, 13, 20, 5, 15, 38, 35, 17, 34, 19, 3, 11, 7, 30, 28, 24, 31, 10, 1]}, {"capacity": 854, "impossibleCargos": [3, 5, 15, 17, 19, 22], "neighbors": [31, 8, 3, 11, 36, 23, 35, 12, 10, 26, 18, 6, 19, 15, 22, 1]}, {"capacity": 723, "impossibleCargos": [2, 4, 12, 13, 19, 20, 21, 24, 25, 26, 28], "neighbors": [5, 2, 0, 11, 7, 30, 35, 32, 28, 21, 38, 18, 17, 27, 12, 13, 39, 36]}, {"capacity": 701, "impossibleCargos": [0, 2, 4, 5, 12, 13, 14, 15], "neighbors": [13, 17, 12, 39, 1, 3, 33, 10, 0, 14, 19, 25, 38, 16, 36, 18, 31, 37, 29, 24, 26, 2, 20]}, {"capacity": 600, "impossibleCargos": [0, 1, 5, 9, 12, 16, 23, 24, 26, 28], "neighbors": [12, 9, 29, 25, 11, 3, 7, 32, 17, 31, 36, 16, 6]}, {"capacity": 638, "impossibleCargos": [3, 6, 19, 22, 26, 28], "neighbors": [17, 14, 38, 8, 32, 28, 19, 31, 7, 39, 2, 12, 26, 3, 37, 10, 13, 35, 6, 21, 33, 30, 4, 23, 15]}, {"capacity": 702, "impossibleCargos": [3, 6, 8, 18, 20, 21, 24, 27, 28], "neighbors": [9, 10, 31, 13, 22, 36, 16, 20, 11, 19, 7, 30, 2, 0, 23, 8, 14, 5]}, {"capacity": 864, "impossibleCargos": [0, 2, 8, 11, 12, 25], "neighbors": [33, 9, 6, 18, 30, 12, 21, 31, 5, 11, 4, 1, 27, 22, 0, 32, 26, 8, 34, 3, 16, 15, 29]}, {"capacity": 587, "impossibleCargos": [2, 11, 16, 21, 24], "neighbors": [26, 6, 34, 11, 4, 35, 36, 5, 18, 33, 9, 30, 20, 3, 29, 24, 32, 27, 31, 28, 39, 12]}, {"capacity": 870, "impossibleCargos": [2, 3, 4, 5, 9, 10, 11, 27, 29], "neighbors": [6, 17, 28, 22, 1, 29, 34, 20, 30, 2, 7, 13, 38, 11, 21]}, {"capacity": 456, "impossibleCargos": [2, 4, 6, 9, 11, 13, 16, 19, 25], "neighbors": [24, 5, 21, 0, 32, 12, 28, 34, 37, 38, 22, 2, 35, 9, 10, 30, 19, 13, 33, 26]}, {"capacity": 201, "impossibleCargos": [2, 7, 10, 13, 16, 20, 21, 23, 28], "neighbors": [39, 11, 9, 15, 21, 6, 18, 4, 28, 22, 10, 24, 8, 36, 3, 35, 30, 2]}, {"capacity": 706, "impossibleCargos": [6, 8, 9, 16, 19, 26, 28], "neighbors": [19, 38, 13, 0, 30, 5, 36, 22, 17, 14, 23, 31, 8, 7, 9, 35, 2]}, {"capacity": 946, "impossibleCargos": [0, 2, 9, 15, 25, 29], "neighbors": [21, 18, 11, 28, 0, 5, 22, 27, 12, 9, 6, 29, 1, 33, 23, 2, 7, 16, 32, 3, 35, 38]}, {"capacity": 273, "impossibleCargos": [1, 2, 7, 17, 18, 29], "neighbors": [36, 24, 32, 6, 12, 1, 21, 22, 27, 35, 14, 37, 15, 4, 3, 28, 0, 9]}, {"capacity": 301, "impossibleCargos": [1, 8, 12, 17, 18, 20, 25], "neighbors": [19, 22, 17, 16, 13, 28, 20, 34, 35, 8, 23, 29, 11, 0, 32, 24, 4, 27, 5, 15, 26]}, {"capacity": 675, "impossibleCargos": [3, 4, 5, 7, 12, 14, 15, 18, 29], "neighbors": [25, 21, 12, 15, 19, 18, 20, 16, 17, 0, 13, 28, 32, 7, 35, 1, 30]}, {"capacity": 438, "impossibleCargos": [1, 2, 3, 4, 7, 12, 17, 22, 23, 26, 27], "neighbors": [39, 0, 7, 27, 18, 31, 21, 36, 25, 19, 38, 3, 12, 5, 11, 29, 33]}, {"capacity": 468, "impossibleCargos": [2, 12, 21, 27, 29], "neighbors": [38, 16, 29, 20, 1, 36, 31, 37, 2, 0, 17, 21, 5, 39, 6, 9, 14, 26, 35]}, {"capacity": 208, "impossibleCargos": [3, 9, 11, 12, 13, 14, 25], "neighbors": [27, 37, 22, 0, 3, 2, 10, 1, 26, 9, 32, 23, 39, 5, 35]}, {"capacity": 547, "impossibleCargos": [3, 6, 13, 14, 16, 20, 27], "neighbors": [14, 37, 27, 29, 28, 11, 25, 39, 0, 34, 31, 1, 32, 7, 3, 13, 4, 24, 9, 16, 36, 21]}, {"capacity": 791, "impossibleCargos": [1, 6, 7, 16, 21, 23], "neighbors": [28, 25, 26, 30, 31, 34, 23, 36, 19, 20, 35, 39, 0, 33, 13, 8, 14, 21, 29]}, {"capacity": 382, "impossibleCargos": [3, 18, 21, 24, 28], "neighbors": [27, 11, 19, 15, 4, 21, 26, 16, 36, 8, 17, 0, 37, 5, 6, 22, 33, 20, 14]}, {"capacity": 273, "impossibleCargos": [10, 13, 14, 26, 27, 29], "neighbors": [24, 26, 38, 5, 33, 10, 4, 1, 15, 30, 36, 19, 31, 21, 34, 3, 9, 14, 23, 13, 0, 27]}, {"capacity": 621, "impossibleCargos": [0, 4, 7, 11, 16, 23, 28], "neighbors": [13, 27, 8, 18, 35, 2, 34, 29, 4, 31, 12, 14, 16, 6, 15, 11, 17, 36, 39, 22]}, {"capacity": 253, "impossibleCargos": [1, 3, 13, 15, 16, 20, 22, 27, 28, 29], "neighbors": [35, 7, 11, 12, 0, 27, 24, 13, 23, 30, 2, 37, 18, 26, 10, 29, 33, 34, 5, 9, 3, 6, 14]}, {"capacity": 383, "impossibleCargos": [2, 5, 6, 7, 9, 12, 16, 22, 23, 28], "neighbors": [20, 11, 39, 35, 37, 16, 33, 8, 2, 10, 25, 26, 21, 13, 38, 19, 22, 14]}, {"capacity": 524, "impossibleCargos": [4, 7, 8, 14, 15, 16, 25, 26, 29], "neighbors": [13, 9, 29, 3, 32, 35, 14, 5, 27, 31, 19, 11, 39, 16, 28, 23]}, {"capacity": 574, "impossibleCargos": [0, 5, 8, 9, 10, 14, 17, 18, 21, 29], "neighbors": [14, 39, 27, 0, 2, 30, 16, 21, 36, 6, 26, 15, 31, 29, 38, 13]}, {"capacity": 382, "impossibleCargos": [4, 11, 29], "neighbors": [31, 32, 14, 30, 0, 8, 6, 33, 39, 7, 20, 27, 21, 11, 16, 36, 2, 17, 1, 19, 25, 18, 22, 24]}, {"capacity": 660, "impossibleCargos": [1, 6, 10, 14, 27], "neighbors": [6, 20, 39, 12, 24, 7, 5, 14, 3, 27, 18, 28, 34, 4, 29, 23, 10, 17, 35, 9, 30, 8, 26]}, {"capacity": 551, "impossibleCargos": [0, 9, 12, 18, 19, 24, 26, 27], "neighbors": [26, 1, 25, 4, 39, 32, 16, 24, 3, 11, 31, 28, 20, 9, 5]}, {"capacity": 884, "impossibleCargos": [0, 2, 6, 9, 11, 12, 14, 16], "neighbors": [24, 1, 11, 18, 29, 6, 0, 16, 4, 8, 9, 39, 3, 23, 32, 34, 15, 19]}, {"capacity": 671, "impossibleCargos": [0, 3, 11, 19, 23, 25], "neighbors": [17, 9, 34, 36, 32, 37, 23, 11, 5, 35, 26, 27, 38, 3, 25, 1, 24, 33, 8, 30, 0, 14]}]}