{"volumes": [931, 1785, 399, 620, 0, 656, 822, 658, 1622, 0, 0, 409, 351, 0, 0, 0, 798, 2150, 395, 1586, 733, 0, 642, 2601, 0, 1577, 2863, 1214, 232, 962], "conflicts": [[0, 4], [0, 7], [0, 15], [0, 24], [1, 24], [2, 4], [2, 10], [2, 11], [2, 22], [2, 24], [3, 4], [3, 9], [3, 20], [3, 22], [4, 6], [4, 7], [4, 8], [4, 9], [4, 15], [4, 16], [4, 19], [5, 14], [5, 20], [5, 21], [5, 28], [6, 10], [6, 14], [6, 18], [7, 18], [8, 9], [9, 11], [9, 12], [9, 16], [9, 22], [9, 23], [9, 25], [9, 27], [10, 11], [10, 25], [11, 14], [11, 22], [12, 15], [12, 28], [13, 18], [14, 19], [14, 20], [14, 23], [14, 27], [14, 28], [15, 16], [15, 19], [15, 21], [15, 26], [15, 29], [16, 27], [17, 24], [18, 21], [21, 23], [21, 24], [21, 25], [24, 28], [24, 29]], "tanks": [{"capacity": 228, "impossibleCargos": [1, 3, 4, 7, 8, 9, 11, 12, 14, 16, 18, 19, 23, 26, 27], "neighbors": [3, 31, 19, 16, 28, 9, 22, 8, 11, 35, 5, 15, 33, 10, 32, 12, 21, 27, 18, 38]}, {"capacity": 892, "impossibleCargos": [6, 7, 8, 10, 14, 15, 16, 18, 20, 21, 22, 23, 26, 28], "neighbors": [17, 9, 27, 36, 29, 19, 14, 39, 8, 13, 2, 10, 28, 31, 15, 34, 16, 6, 7, 22, 24]}, {"capacity": 752, "impossibleCargos": [3, 4, 5, 7, 9, 10, 11, 12, 13, 17, 21, 22, 23, 26], "neighbors": [6, 13, 8, 24, 21, 33, 7, 28, 25, 16, 34, 19, 17, 38, 1, 29, 3, 10, 15, 12, 26, 22, 14]}, {"capacity": 770, "impossibleCargos": [0, 1, 2, 4, 6, 10, 13, 14, 16, 17, 19, 20, 25, 26, 28], "neighbors": [0, 26, 36, 8, 14, 13, 5, 4, 15, 18, 29, 34, 30, 39, 2, 24, 31, 6, 20]}, {"capacity": 813, "impossibleCargos": [2, 3, 4, 7, 10, 11, 12, 13, 18, 21, 22, 25, 26, 27], "neighbors": [29, 37, 34, 19, 25, 23, 28, 3, 36, 32, 7, 39, 27, 38, 11, 30, 22, 8, 14, 17, 6]}, {"capacity": 416, "impossibleCargos": [7, 8, 13, 15, 19, 22, 24, 29], "neighbors": [28, 31, 27, 38, 8, 33, 30, 19, 37, 3, 13, 32, 39, 34, 0, 14, 9, 11, 35, 36]}, {"capacity": 851, "impossibleCargos": [0, 2, 7, 8, 9, 10, 11, 12, 13, 15, 16, 22, 23, 24, 26, 27], "neighbors": [2, 9, 29, 17, 32, 13, 30, 36, 7, 19, 20, 10, 15, 22, 1, 37, 31, 14, 3, 28, 35, 4, 34]}, {"capacity": 683, "impossibleCargos": [0, 1, 2, 4, 5, 7, 8, 10, 11, 13, 15, 16, 23, 28, 29], "neighbors": [21, 22, 28, 18, 2, 9, 13, 34, 24, 4, 29, 11, 6, 17, 30, 31, 15, 8, 14, 23, 1, 39]}, {"capacity": 985, "impossibleCargos": [2, 3, 6, 9, 11, 12, 14, 17, 18, 19, 20, 21, 25, 26], "neighbors": [2, 39, 29, 5, 21, 3, 36, 0, 33, 14, 1, 37, 9, 19, 13, 25, 7, 4, 17, 10]}, {"capacity": 630, "impossibleCargos": [0, 1, 8, 10, 13, 14, 15, 16, 17, 19, 20, 21, 25, 26, 28], "neighbors": [15, 29, 1, 6, 16, 0, 26, 35, 7, 28, 30, 8, 31, 5, 21, 34, 13, 27, 17, 38, 14]}, {"capacity": 407, "impossibleCargos": [2, 3, 4, 5, 6, 7, 12, 13, 15, 16, 17, 25, 26, 29], "neighbors": [17, 33, 15, 35, 26, 23, 29, 27, 18, 28, 39, 0, 1, 31, 19, 16, 6, 2, 13, 36, 25, 8, 24]}, {"capacity": 464, "impossibleCargos": [0, 1, 8, 9, 10, 11, 13, 16, 20, 21, 23, 24, 25, 28], "neighbors": [14, 12, 18, 34, 28, 16, 24, 0, 7, 15, 26, 4, 5, 33, 27, 17]}, {"capacity": 514, "impossibleCargos": [0, 2, 3, 5, 8, 9, 12, 15, 16, 17, 18, 19, 20, 23, 24, 28, 29], "neighbors": [14, 11, 23, 29, 16, 39, 26, 28, 35, 18, 32, 0, 22, 30, 2, 25, 21, 20]}, {"capacity": 249, "impossibleCargos": [0, 4, 5, 7, 9, 12, 13, 19, 20, 21, 23, 26, 29], "neighbors": [2, 15, 25, 31, 17, 3, 7, 5, 6, 22, 1, 34, 28, 8, 10, 29, 32, 9, 23, 38, 30]}, {"capacity": 913, "impossibleCargos": [0, 4, 11, 13, 14, 16, 17, 20, 25, 26, 27, 29], "neighbors": [12, 11, 17, 34, 3, 15, 1, 24, 29, 8, 5, 20, 32, 28, 7, 18, 36, 4, 6, 22, 9, 2]}, {"capacity": 204, "impossibleCargos": [0, 1, 3, 4, 5, 8, 9, 11, 13, 16, 19, 21, 24, 25, 27, 28, 29], "neighbors": [13, 32, 9, 38, 10, 29, 16, 14, 30, 3, 25, 20, 21, 0, 17, 11, 33, 7, 1, 6, 28, 31, 22, 2, 37, 34]}, {"capacity": 798, "impossibleCargos": [0, 2, 3, 4, 5, 10, 11, 12, 15, 16, 17, 18, 20, 21, 25, 28], "neighbors": [0, 30, 9, 12, 17, 15, 22, 11, 2, 18, 23, 25, 36, 32, 29, 10, 34, 1, 21, 39, 27, 19]}, {"capacity": 621, "impossibleCargos": [2, 3, 4, 6, 8, 10, 12, 13, 14, 15, 16, 17, 18, 22, 24, 25, 28], "neighbors": [1, 10, 14, 24, 32, 25, 16, 38, 6, 13, 33, 37, 2, 23, 26, 15, 7, 18, 30, 39, 36, 8, 9, 11, 4]}, {"capacity": 358, "impossibleCargos": [3, 5, 8, 10, 13, 17, 22, 23, 24, 26, 27, 28], "neighbors": [7, 37, 19, 23, 11, 30, 16, 35, 22, 27, 10, 12, 17, 3, 34, 31, 0, 14, 21]}, {"capacity": 969, "impossibleCargos": [0, 2, 3, 8, 10, 14, 15, 16, 22, 23, 25, 28], "neighbors": [0, 4, 18, 30, 1, 5, 38, 37, 2, 6, 25, 35, 10, 8, 29, 21, 39, 16]}, {"capacity": 637, "impossibleCargos": [0, 1, 4, 6, 8, 10, 14, 15, 19, 20, 21, 23, 24, 26], "neighbors": [25, 26, 29, 31, 28, 33, 15, 34, 14, 6, 39, 3, 12]}, {"capacity": 729, "impossibleCargos": [0, 1, 6, 9, 10, 11, 12, 14, 15, 17, 18, 19, 20, 21, 23, 26, 27, 28], "neighbors": [26, 7, 28, 2, 8, 15, 32, 9, 0, 18, 19, 16, 25, 12, 22]}, {"capacity": 522, "impossibleCargos": [1, 2, 4, 7, 12, 14, 16, 17, 20, 22, 23, 29], "neighbors": [7, 35, 0, 33, 16, 13, 30, 18, 31, 34, 12, 4, 15, 6, 14, 1, 2, 21]}, {"capacity": 858, "impossibleCargos": [0, 1, 2, 4, 7, 8, 10, 12, 16, 18, 19, 21, 22, 23, 24, 26, 27, 28], "neighbors": [12, 24, 4, 18, 10, 16, 25, 27, 38, 28, 17, 34, 30, 39, 7, 13]}, {"capacity": 697, "impossibleCargos": [0, 3, 4, 5, 7, 10, 14, 16, 17, 18, 19, 25, 27], "neighbors": [2, 17, 23, 14, 11, 7, 31, 3, 37, 10, 1]}, {"capacity": 265, "impossibleCargos": [0, 1, 2, 5, 7, 10, 11, 18, 19, 20, 21, 22, 23, 27, 28], "neighbors": [20, 13, 39, 4, 35, 17, 38, 37, 2, 29, 23, 15, 32, 16, 19, 8, 10, 34, 21, 12]}, {"capacity": 401, "impossibleCargos": [1, 4, 5, 8, 9, 10, 11, 12, 14, 15, 16, 17, 18, 19, 22, 25, 26, 29], "neighbors": [32, 21, 20, 3, 9, 31, 10, 12, 17, 34, 30, 11, 27, 28, 2]}, {"capacity": 492, "impossibleCargos": [0, 4, 7, 9, 14, 16, 19, 20, 25, 26], "neighbors": [29, 5, 1, 37, 36, 31, 23, 10, 18, 4, 26, 11, 0, 9, 16, 34]}, {"capacity": 730, "impossibleCargos": [2, 3, 4, 6, 7, 10, 11, 12, 13, 16, 18, 19, 25, 27, 28, 29], "neighbors": [5, 21, 7, 0, 4, 20, 38, 2, 33, 11, 12, 39, 29, 37, 23, 10, 9, 1, 13, 26, 15, 14, 32, 6]}, {"capacity": 999, "impossibleCargos": [4, 5, 6, 9, 12, 13, 18, 21, 23, 27, 29], "neighbors": [4, 8, 39, 9, 27, 30, 12, 20, 15, 6, 38, 1, 36, 25, 10, 14, 28, 7, 2, 31, 3, 34, 16, 35, 13, 32, 19, 33]}, {"capacity": 785, "impossibleCargos": [1, 3, 5, 6, 7, 8, 16, 17, 19, 21, 24, 25, 26], "neighbors": [32, 16, 29, 5, 31, 19, 18, 35, 22, 15, 37, 6, 9, 7, 26, 23, 3, 17, 4, 12, 13]}, {"capacity": 411, "impossibleCargos": [0, 2, 3, 4, 6, 9, 11, 13, 15, 19, 20, 21, 22, 23, 24, 25], "neighbors": [37, 5, 0, 30, 20, 33, 26, 13, 38, 27, 22, 24, 7, 9, 10, 1, 29, 39, 18, 15, 3, 6]}, {"capacity": 557, "impossibleCargos": [1, 2, 5, 7, 8, 9, 13, 15, 16, 19, 20, 21, 25, 26, 27, 28], "neighbors": [15, 26, 30, 36, 17, 6, 5, 4, 25, 21, 12, 14, 0, 16, 33, 29, 13, 28]}, {"capacity": 449, "impossibleCargos": [1, 2, 3, 5, 8, 9, 12, 14, 19, 20, 23, 24, 28], "neighbors": [10, 5, 2, 31, 22, 8, 20, 28, 17, 0, 34, 15, 32, 11, 29, 38]}, {"capacity": 852, "impossibleCargos": [0, 7, 9, 11, 12, 13, 17, 18, 19, 21, 22, 23, 27], "neighbors": [35, 14, 4, 37, 11, 7, 2, 5, 23, 22, 33, 20, 13, 26, 18, 3, 29, 1, 38, 9, 16, 25, 15, 6, 27]}, {"capacity": 640, "impossibleCargos": [1, 3, 4, 5, 7, 10, 12, 14, 15, 18, 19, 25], "neighbors": [34, 22, 10, 25, 38, 9, 30, 18, 12, 0, 19, 29, 5, 6]}, {"capacity": 972, "impossibleCargos": [0, 2, 3, 4, 7, 9, 12, 14, 15, 16, 18, 19, 20, 22, 24, 28], "neighbors": [3, 32, 1, 8, 29, 27, 4, 6, 39, 16, 10, 17, 14, 5, 37]}, {"capacity": 379, "impossibleCargos": [2, 3, 4, 7, 10, 12, 20, 22, 23, 24, 25, 26, 27, 28, 29], "neighbors": [31, 4, 38, 27, 18, 25, 34, 5, 19, 30, 17, 28, 8, 15, 24, 6, 36]}, {"capacity": 926, "impossibleCargos": [1, 3, 8, 10, 11, 12, 13, 15, 18, 19, 20, 21, 22, 25, 27], "neighbors": [15, 37, 5, 29, 35, 25, 17, 19, 28, 31, 23, 2, 4, 34, 0, 9, 33, 13]}, {"capacity": 862, "impossibleCargos": [14, 15, 17, 18, 19, 24, 25, 26, 27, 28, 29], "neighbors": [8, 29, 25, 12, 1, 28, 5, 4, 36, 10, 23, 31, 3, 17, 20, 16, 7, 19]}]}