{"volumes": [705, 0, 528, 3714, 795, 234, 0, 1086, 493, 214, 587, 824, 900, 920, 607, 4362, 357, 919, 1365, 0, 1686, 1445, 0, 1017, 0, 0, 1141, 0, 0, 250], "conflicts": [[0, 6], [0, 9], [0, 19], [0, 25], [0, 26], [0, 27], [0, 28], [1, 5], [1, 6], [1, 7], [1, 11], [1, 13], [1, 14], [1, 15], [1, 17], [1, 18], [1, 22], [1, 24], [1, 25], [1, 27], [1, 28], [2, 5], [2, 6], [2, 12], [2, 13], [2, 14], [2, 17], [2, 18], [2, 24], [2, 25], [3, 6], [3, 19], [3, 24], [4, 11], [4, 21], [4, 24], [5, 12], [5, 14], [5, 16], [5, 17], [5, 18], [5, 24], [5, 25], [5, 27], [5, 28], [6, 8], [6, 9], [6, 10], [6, 11], [6, 12], [6, 14], [6, 15], [6, 20], [6, 21], [6, 24], [6, 27], [6, 28], [6, 29], [7, 12], [7, 17], [7, 24], [7, 25], [7, 27], [8, 9], [8, 14], [8, 16], [8, 17], [8, 25], [9, 18], [9, 24], [9, 25], [9, 26], [9, 27], [9, 28], [10, 12], [10, 19], [10, 21], [10, 26], [10, 27], [11, 14], [11, 17], [11, 19], [11, 22], [11, 24], [11, 25], [11, 29], [12, 14], [12, 17], [12, 19], [12, 22], [12, 27], [12, 28], [13, 22], [13, 28], [14, 19], [14, 21], [14, 22], [14, 24], [14, 28], [15, 19], [15, 25], [15, 27], [16, 19], [16, 22], [16, 24], [16, 27], [16, 29], [17, 19], [17, 22], [17, 23], [17, 25], [17, 27], [17, 28], [18, 19], [18, 24], [18, 27], [19, 20], [19, 23], [19, 24], [19, 27], [20, 24], [20, 28], [21, 22], [21, 24], [22, 23], [22, 26], [22, 27], [22, 28], [23, 24], [23, 25], [23, 28], [24, 25], [24, 26], [24, 27], [24, 28], [25, 26], [25, 27], [25, 28], [25, 29], [26, 28]], "tanks": [{"capacity": 630, "impossibleCargos": [0, 2, 6, 7, 8, 10, 11, 14, 17, 22, 23, 24, 25, 26, 28, 29], "neighbors": [21, 5, 34, 8, 38, 1, 24, 39, 4, 12, 11, 6, 18, 13, 37, 7, 26, 27, 23, 16, 32, 33]}, {"capacity": 419, "impossibleCargos": [2, 5, 6, 9, 10, 13, 15, 17, 18, 19, 21, 23, 24, 26, 29], "neighbors": [38, 3, 35, 9, 2, 30, 29, 19, 32, 0, 22, 5, 8, 34, 17, 6, 33, 10, 13, 39]}, {"capacity": 902, "impossibleCargos": [0, 2, 5, 6, 9, 10, 12, 15, 17, 20, 21, 24, 28, 29], "neighbors": [38, 4, 1, 32, 28, 12, 36, 15, 27, 20, 22, 5, 11, 24, 25, 26, 6, 3, 39, 9]}, {"capacity": 839, "impossibleCargos": [0, 3, 6, 7, 12, 13, 14, 16, 20, 22, 23, 24, 26, 27], "neighbors": [1, 8, 26, 18, 17, 23, 6, 27, 9, 13, 39, 22, 32, 14, 25, 12, 29, 24, 36, 2, 10, 31, 28]}, {"capacity": 566, "impossibleCargos": [0, 3, 4, 5, 6, 7, 8, 12, 13, 14, 15, 20, 21, 22, 24, 27, 29], "neighbors": [2, 39, 22, 19, 0, 36, 21, 24, 7, 20, 11, 33, 38, 6, 23, 34, 5]}, {"capacity": 480, "impossibleCargos": [2, 3, 4, 7, 8, 11, 13, 17, 18, 19, 20, 22, 23, 24, 25, 26, 27, 28], "neighbors": [0, 24, 15, 30, 19, 27, 2, 38, 13, 18, 1, 17, 10, 36, 9, 35, 21, 32, 37, 28, 4, 23, 34]}, {"capacity": 961, "impossibleCargos": [2, 4, 6, 9, 10, 11, 12, 14, 18, 19, 21, 22, 25, 28, 29], "neighbors": [14, 23, 8, 34, 3, 17, 20, 32, 12, 29, 1, 0, 35, 30, 4, 2, 22, 39, 21]}, {"capacity": 917, "impossibleCargos": [2, 3, 4, 11, 14, 16, 18, 22, 23, 24, 25, 27, 28, 29], "neighbors": [34, 14, 21, 13, 10, 11, 16, 22, 8, 4, 24, 36, 30, 20, 12, 0, 26, 31]}, {"capacity": 630, "impossibleCargos": [0, 3, 4, 6, 7, 8, 9, 10, 11, 13, 14, 16, 17, 18, 19, 20, 21, 24, 26, 28], "neighbors": [31, 3, 19, 6, 0, 12, 15, 24, 1, 7, 26, 11, 10, 22, 23]}, {"capacity": 617, "impossibleCargos": [2, 3, 4, 5, 11, 13, 15, 17, 18, 21, 23, 24, 26], "neighbors": [15, 1, 21, 35, 38, 3, 27, 25, 22, 37, 24, 20, 30, 10, 5, 36, 17, 11, 2, 29, 13, 39, 12]}, {"capacity": 932, "impossibleCargos": [0, 2, 4, 10, 12, 13, 16, 20, 21, 23, 24, 26, 29], "neighbors": [21, 35, 13, 7, 19, 5, 9, 12, 22, 28, 30, 23, 31, 14, 1, 8, 37, 3, 16, 24]}, {"capacity": 229, "impossibleCargos": [8, 10, 11, 12, 15, 16, 18, 19, 20, 21, 23, 25, 26], "neighbors": [21, 38, 19, 7, 32, 14, 30, 2, 12, 0, 4, 8, 26, 35, 37, 9, 39]}, {"capacity": 669, "impossibleCargos": [2, 4, 5, 6, 9, 14, 17, 19, 21, 23, 24, 26, 27], "neighbors": [39, 23, 14, 2, 8, 16, 6, 0, 11, 10, 24, 37, 3, 19, 13, 32, 35, 15, 7, 27, 30, 9, 21]}, {"capacity": 463, "impossibleCargos": [1, 2, 4, 5, 6, 7, 10, 12, 14, 15, 18, 19, 21, 24, 25, 26, 28], "neighbors": [34, 24, 10, 38, 7, 23, 31, 3, 5, 35, 19, 12, 0, 1, 29, 20, 9]}, {"capacity": 566, "impossibleCargos": [0, 2, 7, 8, 9, 11, 13, 15, 17, 18, 19, 21, 22, 24, 26, 27], "neighbors": [6, 18, 7, 24, 19, 12, 20, 30, 11, 39, 35, 17, 22, 25, 3, 31, 29, 27, 10, 23]}, {"capacity": 245, "impossibleCargos": [0, 1, 2, 9, 10, 11, 12, 16, 19, 20, 21, 24, 26, 27, 29], "neighbors": [9, 5, 36, 2, 8, 16, 38, 19, 32, 30, 29, 12, 26, 24, 31]}, {"capacity": 560, "impossibleCargos": [0, 2, 3, 4, 5, 6, 8, 10, 14, 15, 16, 18, 21, 22, 23, 26, 27, 29], "neighbors": [32, 39, 17, 12, 7, 15, 19, 24, 38, 20, 35, 23, 31, 30, 34, 36, 37, 25, 21, 22, 10, 0]}, {"capacity": 811, "impossibleCargos": [0, 2, 4, 5, 7, 8, 9, 13, 14, 16, 17, 19, 20, 21, 23, 24, 25, 29], "neighbors": [32, 3, 22, 16, 37, 6, 30, 5, 14, 1, 28, 23, 24, 9, 33, 20, 29]}, {"capacity": 266, "impossibleCargos": [1, 2, 3, 4, 5, 8, 9, 10, 12, 13, 14, 15, 16, 21, 22, 24, 28], "neighbors": [14, 34, 3, 19, 25, 5, 22, 26, 39, 35, 21, 0, 30]}, {"capacity": 334, "impossibleCargos": [2, 5, 8, 11, 13, 14, 15, 17, 18, 21, 22, 23, 24, 25, 27], "neighbors": [8, 1, 20, 14, 11, 5, 4, 30, 38, 18, 37, 15, 16, 10, 27, 13, 12, 34, 25, 35, 36, 23, 32, 29]}, {"capacity": 723, "impossibleCargos": [0, 1, 2, 4, 5, 7, 9, 10, 11, 12, 14, 18, 20, 22, 23, 24, 25, 26, 27, 28], "neighbors": [33, 19, 31, 29, 2, 14, 6, 9, 4, 16, 32, 22, 7, 27, 28, 24, 13, 34, 36, 17]}, {"capacity": 889, "impossibleCargos": [2, 4, 5, 7, 12, 13, 15, 16, 17, 18, 20, 22, 24, 25, 26, 28], "neighbors": [0, 11, 27, 22, 7, 10, 24, 9, 29, 37, 4, 34, 5, 18, 25, 16, 6, 12]}, {"capacity": 791, "impossibleCargos": [5, 6, 8, 12, 13, 14, 16, 17, 20, 22, 24, 25, 28, 29], "neighbors": [26, 21, 17, 25, 4, 2, 1, 7, 9, 23, 29, 18, 3, 14, 20, 10, 30, 35, 27, 32, 36, 28, 8, 6, 16]}, {"capacity": 728, "impossibleCargos": [0, 2, 3, 5, 9, 11, 14, 15, 17, 21, 24, 25, 26, 28, 29], "neighbors": [6, 12, 3, 13, 24, 22, 31, 39, 17, 34, 32, 16, 10, 4, 19, 0, 5, 14, 8]}, {"capacity": 489, "impossibleCargos": [0, 3, 7, 8, 11, 13, 14, 15, 19, 21, 27], "neighbors": [14, 5, 21, 13, 30, 0, 23, 8, 26, 9, 4, 16, 39, 12, 7, 2, 15, 27, 3, 25, 20, 17, 28, 38, 31, 10]}, {"capacity": 494, "impossibleCargos": [0, 1, 2, 4, 6, 9, 10, 12, 15, 21, 23, 25, 27, 28], "neighbors": [35, 37, 38, 22, 9, 18, 14, 3, 30, 19, 21, 2, 24, 16, 29, 27]}, {"capacity": 866, "impossibleCargos": [5, 10, 11, 14, 15, 16, 17, 20, 22, 24, 25, 26, 29], "neighbors": [28, 3, 22, 30, 34, 24, 32, 35, 18, 8, 11, 15, 2, 7, 0, 39]}, {"capacity": 521, "impossibleCargos": [1, 3, 4, 6, 7, 9, 11, 16, 17, 19, 22, 23, 25, 26, 27, 28, 29], "neighbors": [21, 3, 5, 2, 9, 19, 28, 14, 30, 24, 34, 20, 22, 12, 32, 0, 25]}, {"capacity": 991, "impossibleCargos": [0, 1, 5, 6, 7, 8, 9, 11, 13, 14, 15, 16, 18, 20, 21, 22, 24, 25, 28], "neighbors": [39, 26, 2, 38, 27, 17, 10, 36, 31, 30, 32, 5, 20, 22, 24, 3]}, {"capacity": 878, "impossibleCargos": [1, 5, 6, 7, 8, 13, 15, 16, 18, 19, 20, 21, 25, 26, 28], "neighbors": [1, 20, 21, 22, 6, 34, 14, 33, 3, 15, 39, 35, 38, 13, 31, 9, 17, 25, 19]}, {"capacity": 267, "impossibleCargos": [0, 3, 7, 11, 13, 14, 15, 16, 17, 18, 21, 23, 24, 28], "neighbors": [1, 5, 24, 19, 14, 26, 17, 37, 11, 9, 15, 25, 7, 10, 22, 34, 27, 28, 16, 6, 18, 31, 12]}, {"capacity": 282, "impossibleCargos": [0, 4, 5, 7, 9, 11, 12, 13, 14, 15, 16, 18, 19, 20, 22, 23, 25, 27, 28, 29], "neighbors": [8, 38, 37, 20, 34, 13, 23, 14, 28, 10, 16, 15, 36, 30, 39, 7, 29, 3, 24]}, {"capacity": 963, "impossibleCargos": [1, 4, 5, 6, 7, 8, 9, 10, 14, 15, 16, 19, 20, 21, 22, 23, 24, 25, 26], "neighbors": [37, 16, 17, 1, 2, 36, 11, 6, 26, 15, 3, 20, 39, 12, 23, 5, 28, 22, 27, 34, 19, 0]}, {"capacity": 456, "impossibleCargos": [0, 3, 4, 5, 6, 8, 9, 10, 11, 12, 14, 16, 23, 28], "neighbors": [39, 20, 36, 29, 1, 4, 34, 38, 17, 0]}, {"capacity": 941, "impossibleCargos": [0, 1, 3, 12, 13, 16, 17, 18, 20, 22, 23, 24, 28], "neighbors": [7, 18, 13, 0, 35, 36, 6, 31, 26, 39, 29, 1, 21, 23, 19, 30, 27, 16, 33, 20, 4, 32, 5]}, {"capacity": 624, "impossibleCargos": [0, 1, 3, 4, 5, 6, 7, 8, 9, 10, 13, 15, 16, 19, 20, 22, 23, 24, 25, 27, 28], "neighbors": [38, 1, 25, 10, 34, 9, 39, 36, 14, 13, 26, 37, 18, 16, 6, 5, 22, 12, 11, 29, 19]}, {"capacity": 865, "impossibleCargos": [0, 1, 2, 4, 5, 6, 7, 9, 10, 13, 14, 16, 17, 18, 21, 22, 24, 26, 29], "neighbors": [34, 15, 2, 32, 33, 35, 39, 4, 7, 5, 28, 16, 19, 31, 22, 3, 9, 20, 37]}, {"capacity": 970, "impossibleCargos": [0, 1, 2, 3, 4, 5, 6, 7, 9, 10, 11, 13, 14, 16, 18, 19, 20, 24, 26, 27, 28], "neighbors": [32, 39, 25, 31, 17, 21, 30, 9, 19, 35, 12, 38, 0, 5, 16, 10, 11, 36]}, {"capacity": 888, "impossibleCargos": [0, 1, 3, 4, 7, 9, 12, 17, 20, 21, 26, 29], "neighbors": [1, 35, 2, 31, 11, 25, 0, 28, 13, 19, 9, 5, 15, 39, 16, 37, 4, 29, 33, 24]}, {"capacity": 386, "impossibleCargos": [0, 1, 4, 5, 8, 9, 10, 11, 12, 14, 21, 22, 23, 25, 26, 27], "neighbors": [12, 28, 33, 37, 16, 4, 34, 35, 0, 14, 36, 3, 18, 38, 24, 23, 32, 29, 1, 2, 31, 26, 6, 11, 9]}]}