{"volumes": [1315, 718, 244, 1221, 0, 0, 1185, 0, 0, 557, 588, 1767, 1603, 0, 1068, 237, 690, 2289, 1005, 582, 527, 0, 0, 875, 813, 0, 1138, 0, 1102, 283], "conflicts": [[0, 4], [0, 5], [0, 7], [0, 8], [0, 13], [0, 21], [0, 22], [0, 25], [0, 27], [1, 2], [1, 5], [1, 7], [1, 8], [1, 13], [1, 15], [1, 19], [1, 21], [1, 22], [1, 24], [1, 25], [1, 27], [2, 4], [2, 5], [2, 7], [2, 8], [2, 13], [2, 21], [2, 22], [2, 25], [2, 27], [3, 4], [3, 5], [3, 7], [3, 8], [3, 10], [3, 13], [3, 21], [3, 22], [3, 25], [3, 27], [4, 5], [4, 7], [4, 9], [4, 10], [4, 12], [4, 13], [4, 14], [4, 15], [4, 16], [4, 18], [4, 20], [4, 21], [4, 22], [4, 23], [4, 25], [4, 27], [4, 28], [4, 29], [5, 6], [5, 7], [5, 8], [5, 10], [5, 13], [5, 16], [5, 18], [5, 21], [5, 23], [5, 24], [5, 25], [5, 26], [5, 27], [5, 28], [6, 7], [6, 8], [6, 10], [6, 13], [6, 22], [6, 25], [6, 27], [7, 8], [7, 9], [7, 10], [7, 11], [7, 12], [7, 13], [7, 14], [7, 15], [7, 16], [7, 17], [7, 18], [7, 19], [7, 20], [7, 21], [7, 22], [7, 24], [7, 25], [7, 26], [7, 27], [7, 28], [7, 29], [8, 9], [8, 11], [8, 12], [8, 13], [8, 14], [8, 15], [8, 16], [8, 18], [8, 19], [8, 21], [8, 22], [8, 23], [8, 24], [8, 25], [8, 26], [8, 27], [8, 29], [9, 10], [9, 13], [9, 20], [9, 21], [9, 22], [9, 23], [9, 26], [9, 27], [10, 12], [10, 13], [10, 15], [10, 19], [10, 21], [10, 25], [10, 27], [10, 28], [11, 13], [11, 22], [11, 25], [11, 27], [12, 13], [12, 22], [12, 23], [12, 25], [12, 27], [13, 14], [13, 15], [13, 16], [13, 17], [13, 18], [13, 19], [13, 20], [13, 21], [13, 22], [13, 23], [13, 24], [13, 25], [13, 26], [13, 29], [14, 19], [14, 20], [14, 21], [14, 22], [14, 25], [15, 21], [15, 22], [15, 26], [15, 29], [16, 21], [16, 25], [16, 27], [16, 29], [17, 21], [17, 22], [17, 27], [17, 29], [18, 22], [18, 29], [19, 22], [19, 25], [19, 26], [20, 22], [20, 24], [20, 25], [20, 27], [20, 29], [21, 22], [21, 24], [21, 25], [21, 27], [21, 28], [21, 29], [22, 24], [22, 25], [22, 26], [22, 27], [22, 28], [22, 29], [23, 24], [23, 25], [24, 25], [24, 27], [25, 27], [25, 28], [25, 29], [26, 27], [27, 28], [27, 29]], "tanks": [{"capacity": 824, "impossibleCargos": [0, 1, 2, 3, 4, 6, 9, 12, 14, 16, 17, 18, 20, 22, 27], "neighbors": [33, 21, 4, 23, 12, 26, 37, 5, 3, 9, 8, 15, 36, 20, 13, 6, 25, 19, 39, 7, 11]}, {"capacity": 320, "impossibleCargos": [1, 3, 4, 5, 8, 9, 10, 12, 14, 17, 20, 24, 25, 28, 29], "neighbors": [34, 35, 24, 16, 30, 15, 18, 2, 4, 23, 32, 8, 5, 12, 29, 39, 13, 14, 20]}, {"capacity": 568, "impossibleCargos": [1, 2, 4, 7, 8, 9, 13, 15, 16, 20, 22, 24, 26, 28], "neighbors": [25, 14, 33, 36, 23, 10, 22, 13, 20, 1, 29, 3, 6, 5, 16, 18, 15, 7]}, {"capacity": 366, "impossibleCargos": [1, 3, 5, 7, 9, 10, 11, 13, 14, 20, 21, 22, 23, 24, 25, 29], "neighbors": [14, 37, 13, 16, 0, 28, 20, 10, 2, 5, 33, 17, 25, 31, 36, 15, 29, 4]}, {"capacity": 432, "impossibleCargos": [0, 5, 7, 10, 11, 16, 17, 21, 22, 24, 26], "neighbors": [7, 5, 0, 30, 36, 29, 27, 15, 33, 1, 39, 20, 13, 3, 31, 25]}, {"capacity": 593, "impossibleCargos": [13, 14, 15, 19, 20, 21, 22, 23, 25, 28], "neighbors": [33, 4, 36, 0, 29, 3, 26, 19, 17, 2, 1, 7, 10, 32, 25, 13, 31]}, {"capacity": 449, "impossibleCargos": [2, 10, 11, 14, 15, 16, 19, 21, 24, 25, 27], "neighbors": [12, 31, 29, 24, 20, 9, 2, 23, 33, 13, 26, 14, 27, 0, 10, 25, 37]}, {"capacity": 363, "impossibleCargos": [0, 1, 2, 3, 4, 6, 8, 9, 10, 12, 13, 18, 22, 23, 24, 27], "neighbors": [4, 26, 14, 16, 13, 23, 22, 11, 20, 35, 24, 27, 29, 31, 33, 10, 18, 5, 8, 36, 17, 9, 19, 2, 0]}, {"capacity": 295, "impossibleCargos": [0, 1, 2, 5, 6, 7, 8, 13, 15, 16, 18, 19, 20, 21, 22, 25, 26], "neighbors": [31, 38, 17, 16, 25, 34, 0, 10, 23, 15, 21, 30, 14, 1, 28, 13, 20, 36, 7, 32, 18, 27]}, {"capacity": 719, "impossibleCargos": [1, 3, 5, 6, 8, 10, 13, 18, 20, 21, 22, 25, 26], "neighbors": [36, 18, 31, 19, 22, 37, 0, 11, 15, 6, 20, 33, 7, 35]}, {"capacity": 544, "impossibleCargos": [2, 6, 8, 9, 10, 11, 12, 14, 16, 17, 18, 19, 21, 22, 23], "neighbors": [20, 12, 2, 36, 16, 34, 33, 8, 3, 31, 39, 21, 7, 28, 27, 17, 5, 6, 11, 32, 14, 22, 13, 35, 25]}, {"capacity": 607, "impossibleCargos": [2, 3, 4, 5, 6, 7, 10, 12, 14, 16, 20, 21, 22, 23, 25, 27], "neighbors": [18, 32, 23, 7, 27, 21, 9, 34, 22, 36, 10, 0]}, {"capacity": 851, "impossibleCargos": [1, 2, 6, 8, 10, 12, 13, 14, 16, 20, 21, 22, 24, 25], "neighbors": [6, 25, 32, 10, 36, 28, 24, 0, 21, 37, 17, 19, 33, 26, 29, 14, 1, 16, 27, 22, 20]}, {"capacity": 270, "impossibleCargos": [1, 5, 6, 7, 9, 11, 12, 14, 15, 17, 18, 19, 20, 21, 22, 23, 25, 27, 28], "neighbors": [21, 7, 16, 3, 38, 2, 20, 26, 29, 23, 28, 6, 39, 19, 35, 14, 8, 0, 32, 25, 17, 4, 10, 36, 30, 5, 24, 1]}, {"capacity": 688, "impossibleCargos": [0, 2, 5, 6, 8, 12, 20, 25, 27, 29], "neighbors": [7, 36, 2, 38, 3, 19, 26, 39, 32, 25, 17, 33, 8, 13, 6, 12, 24, 31, 10, 1, 35, 21]}, {"capacity": 843, "impossibleCargos": [0, 1, 2, 8, 10, 15, 16, 17, 20, 22, 25, 28], "neighbors": [24, 4, 1, 28, 0, 9, 38, 8, 3, 30, 36, 16, 2, 31, 39]}, {"capacity": 994, "impossibleCargos": [0, 1, 3, 4, 5, 7, 9, 10, 13, 14, 15, 17, 24, 25, 26, 28, 29], "neighbors": [24, 20, 19, 7, 1, 13, 22, 10, 8, 3, 33, 38, 32, 30, 25, 26, 2, 18, 12, 15, 29, 35]}, {"capacity": 620, "impossibleCargos": [1, 3, 4, 5, 9, 10, 12, 13, 16, 17, 19, 22, 25, 27], "neighbors": [37, 28, 8, 34, 26, 19, 12, 24, 3, 14, 5, 30, 13, 10, 27, 25, 7, 22]}, {"capacity": 960, "impossibleCargos": [0, 2, 4, 5, 7, 8, 9, 11, 12, 13, 15, 16, 18, 19, 20, 21, 25, 26, 29], "neighbors": [32, 9, 11, 34, 28, 35, 25, 37, 1, 30, 21, 19, 38, 2, 7, 39, 16, 20, 8, 31]}, {"capacity": 286, "impossibleCargos": [0, 1, 6, 7, 11, 12, 15, 18, 19, 20, 22, 23, 25, 26, 27, 28, 29], "neighbors": [25, 16, 20, 30, 14, 24, 33, 9, 28, 17, 32, 12, 31, 21, 5, 29, 18, 22, 13, 7, 0, 34]}, {"capacity": 264, "impossibleCargos": [1, 3, 7, 8, 9, 10, 11, 13, 17, 18, 21, 22, 23, 24, 26, 27, 29], "neighbors": [16, 22, 23, 10, 19, 25, 7, 13, 2, 36, 6, 3, 9, 37, 0, 4, 8, 18, 27, 12, 38, 21, 1]}, {"capacity": 659, "impossibleCargos": [0, 2, 3, 4, 5, 8, 13, 15, 16, 20, 21, 22, 23, 25, 27, 29], "neighbors": [13, 0, 36, 12, 35, 11, 18, 19, 28, 30, 8, 32, 39, 10, 33, 38, 20, 14]}, {"capacity": 603, "impossibleCargos": [0, 1, 3, 5, 7, 8, 12, 16, 17, 20, 24, 26, 27, 29], "neighbors": [20, 32, 7, 34, 16, 38, 2, 9, 39, 31, 24, 37, 19, 11, 23, 36, 29, 26, 25, 10, 12, 17]}, {"capacity": 598, "impossibleCargos": [0, 7, 10, 15, 20, 25, 27, 28, 29], "neighbors": [20, 7, 0, 32, 2, 35, 30, 11, 25, 36, 27, 39, 8, 6, 1, 13, 37, 38, 24, 22, 29, 31]}, {"capacity": 303, "impossibleCargos": [0, 4, 5, 6, 7, 8, 9, 12, 13, 15, 17, 18, 21, 22, 26, 27, 28, 29], "neighbors": [16, 15, 34, 1, 25, 19, 12, 6, 7, 17, 22, 32, 35, 23, 28, 14, 38, 31, 13]}, {"capacity": 343, "impossibleCargos": [0, 3, 7, 8, 12, 13, 15, 16, 17, 28, 29], "neighbors": [19, 12, 2, 24, 28, 18, 23, 20, 39, 8, 30, 36, 14, 3, 16, 13, 0, 6, 22, 10, 17, 5, 26, 4]}, {"capacity": 350, "impossibleCargos": [2, 4, 6, 7, 10, 14, 18, 19, 20, 21, 22, 24, 26, 27, 29], "neighbors": [7, 36, 35, 32, 17, 14, 0, 27, 13, 5, 12, 16, 6, 38, 22, 29, 33, 34, 37, 25]}, {"capacity": 470, "impossibleCargos": [2, 5, 6, 7, 9, 13, 14, 16, 17, 21, 28, 29], "neighbors": [29, 4, 11, 23, 26, 7, 37, 28, 6, 10, 17, 12, 31, 38, 20, 8]}, {"capacity": 296, "impossibleCargos": [0, 1, 3, 4, 5, 6, 7, 10, 13, 14, 15, 16, 18, 24, 25, 27, 28], "neighbors": [36, 17, 18, 12, 25, 33, 30, 19, 35, 15, 3, 21, 27, 13, 24, 8, 10]}, {"capacity": 420, "impossibleCargos": [1, 5, 6, 7, 8, 13, 14, 15, 16, 18, 19, 20, 23, 26, 29], "neighbors": [39, 27, 33, 6, 4, 5, 2, 7, 13, 19, 12, 3, 34, 22, 26, 31, 1, 16, 23]}, {"capacity": 308, "impossibleCargos": [4, 6, 7, 8, 9, 12, 13, 14, 15, 17, 19, 20, 22, 23, 25, 27], "neighbors": [34, 19, 4, 23, 1, 28, 25, 18, 36, 38, 37, 31, 21, 16, 8, 15, 17, 32, 39, 13]}, {"capacity": 763, "impossibleCargos": [0, 3, 4, 9, 10, 11, 13, 14, 16, 18, 20, 21, 23, 26, 28], "neighbors": [33, 8, 6, 9, 39, 22, 34, 19, 30, 3, 7, 10, 14, 29, 27, 24, 4, 15, 23, 5, 18]}, {"capacity": 888, "impossibleCargos": [0, 5, 8, 10, 13, 15, 17, 19, 21, 23, 24, 25, 28, 29], "neighbors": [18, 22, 12, 23, 11, 26, 19, 14, 16, 34, 24, 21, 1, 30, 13, 33, 5, 10, 8, 35]}, {"capacity": 393, "impossibleCargos": [0, 5, 6, 12, 13, 14, 15, 17, 18, 20, 21, 23, 27, 28], "neighbors": [31, 5, 0, 2, 29, 28, 19, 37, 4, 10, 16, 12, 6, 3, 9, 14, 7, 21, 32, 26, 36]}, {"capacity": 398, "impossibleCargos": [1, 2, 3, 4, 7, 8, 10, 12, 14, 15, 17, 18, 19, 21, 22, 25, 29], "neighbors": [1, 24, 30, 18, 17, 22, 10, 8, 11, 31, 32, 29, 26, 37, 19]}, {"capacity": 853, "impossibleCargos": [0, 1, 2, 10, 13, 16, 19, 20, 21, 24, 26, 27], "neighbors": [37, 26, 1, 18, 23, 28, 7, 21, 24, 13, 10, 32, 39, 9, 16, 14]}, {"capacity": 327, "impossibleCargos": [3, 4, 5, 6, 10, 13, 14, 15, 18, 19, 20, 23, 26, 27, 29], "neighbors": [28, 9, 14, 26, 2, 12, 21, 10, 4, 23, 37, 5, 20, 30, 25, 0, 3, 11, 15, 22, 8, 13, 7, 33]}, {"capacity": 401, "impossibleCargos": [1, 2, 3, 5, 6, 7, 8, 9, 11, 12, 15, 16, 17, 20, 22, 23, 26, 27, 28], "neighbors": [35, 17, 3, 39, 33, 36, 18, 0, 9, 12, 30, 20, 27, 23, 22, 34, 26, 6]}, {"capacity": 481, "impossibleCargos": [0, 2, 5, 7, 10, 11, 12, 13, 14, 15, 16, 18, 20, 21, 25, 27], "neighbors": [8, 14, 39, 13, 22, 16, 30, 15, 23, 18, 26, 24, 21, 27, 20]}, {"capacity": 624, "impossibleCargos": [1, 3, 6, 9, 12, 14, 19, 20, 24, 26, 27], "neighbors": [29, 37, 38, 25, 14, 22, 31, 23, 21, 4, 13, 10, 18, 30, 35, 1, 0, 15]}]}