{"volumes": [0, 1447, 0, 653, 481, 1256, 2140, 1051, 499, 1285, 405, 1591, 1290, 361, 256, 2962, 381, 846, 0, 623, 726, 958, 0, 609, 511, 0, 0, 0, 761, 1104], "conflicts": [[0, 1], [0, 2], [0, 4], [0, 5], [0, 6], [0, 8], [0, 9], [0, 10], [0, 13], [0, 14], [0, 15], [0, 17], [0, 19], [0, 20], [0, 21], [0, 22], [0, 23], [0, 25], [0, 26], [0, 27], [0, 29], [1, 2], [1, 10], [1, 11], [1, 18], [1, 22], [1, 25], [1, 26], [1, 27], [1, 28], [2, 3], [2, 4], [2, 5], [2, 6], [2, 7], [2, 11], [2, 12], [2, 13], [2, 14], [2, 15], [2, 16], [2, 17], [2, 18], [2, 20], [2, 21], [2, 22], [2, 23], [2, 24], [2, 25], [2, 26], [2, 27], [2, 28], [2, 29], [3, 4], [3, 7], [3, 10], [3, 13], [3, 16], [3, 18], [3, 24], [3, 25], [3, 26], [3, 27], [4, 8], [4, 11], [4, 13], [4, 17], [4, 18], [4, 19], [4, 20], [4, 22], [4, 27], [5, 18], [5, 19], [5, 22], [5, 23], [5, 25], [5, 26], [5, 27], [5, 28], [6, 18], [6, 22], [6, 26], [6, 27], [7, 8], [7, 16], [7, 18], [7, 19], [7, 25], [7, 26], [7, 27], [8, 10], [8, 13], [8, 16], [8, 18], [8, 19], [8, 22], [8, 23], [8, 24], [8, 25], [8, 26], [8, 27], [8, 28], [8, 29], [9, 13], [9, 22], [9, 25], [9, 26], [9, 27], [9, 28], [10, 12], [10, 13], [10, 17], [10, 21], [10, 22], [10, 23], [10, 25], [10, 26], [10, 27], [11, 17], [11, 18], [11, 21], [11, 22], [11, 25], [12, 17], [12, 18], [12, 19], [12, 23], [12, 25], [12, 26], [12, 27], [13, 18], [13, 19], [13, 25], [13, 26], [13, 27], [13, 28], [14, 18], [14, 22], [14, 23], [14, 24], [14, 25], [14, 26], [15, 22], [15, 26], [15, 27], [16, 17], [16, 18], [16, 22], [16, 26], [16, 27], [17, 18], [17, 22], [17, 23], [17, 24], [17, 25], [17, 27], [18, 19], [18, 20], [18, 22], [18, 23], [18, 24], [18, 27], [18, 29], [19, 22], [19, 25], [19, 26], [19, 27], [20, 25], [20, 26], [20, 27], [21, 24], [21, 25], [21, 26], [21, 27], [21, 28], [22, 24], [22, 27], [22, 28], [22, 29], [23, 25], [23, 26], [23, 27], [23, 28], [24, 25], [24, 26], [24, 27], [25, 26], [25, 27], [25, 28], [25, 29], [26, 27], [26, 29], [27, 28], [27, 29]], "tanks": [{"capacity": 410, "impossibleCargos": [0, 1, 4, 6, 7, 8, 9, 12, 13, 14, 19, 20, 21, 22, 24, 25, 26, 27, 28, 29], "neighbors": [7, 1, 25, 19, 34, 39, 16, 33, 2, 8, 3, 26, 5, 4, 29, 12, 23, 13]}, {"capacity": 804, "impossibleCargos": [2, 5, 6, 9, 10, 13, 16, 18, 19, 20, 22, 24, 25, 27, 28], "neighbors": [17, 34, 18, 27, 11, 0, 5, 6, 16, 33, 26, 19, 3, 13, 14, 15, 7, 20, 31, 29]}, {"capacity": 525, "impossibleCargos": [3, 4, 5, 7, 9, 12, 13, 14, 16, 18, 19, 22, 23, 24, 25, 28, 29], "neighbors": [29, 17, 34, 16, 8, 20, 35, 32, 12, 15, 0, 30, 19, 6, 33, 27]}, {"capacity": 790, "impossibleCargos": [2, 3, 4, 5, 8, 10, 11, 15, 16, 18, 19, 22, 24, 25, 26], "neighbors": [10, 30, 38, 26, 14, 11, 19, 4, 20, 32, 12, 33, 27, 8, 35, 31, 18, 1, 16, 0, 37, 9, 17, 15]}, {"capacity": 510, "impossibleCargos": [1, 3, 5, 6, 11, 14, 15, 16, 19, 21, 23, 26], "neighbors": [34, 21, 22, 5, 30, 26, 16, 14, 3, 18, 12, 11, 7, 19, 33, 0, 6, 9, 15]}, {"capacity": 404, "impossibleCargos": [0, 4, 5, 6, 7, 9, 10, 12, 15, 17, 19, 20, 22, 23, 24, 25], "neighbors": [23, 1, 29, 4, 22, 7, 19, 38, 25, 16, 24, 15, 26, 28, 17, 39, 32, 13, 34, 11, 20, 0, 36, 21, 27]}, {"capacity": 577, "impossibleCargos": [2, 3, 4, 6, 7, 8, 10, 11, 14, 15, 16, 17, 18, 19, 20, 22, 23, 24, 25, 27, 28, 29], "neighbors": [23, 30, 1, 38, 28, 39, 22, 12, 37, 17, 8, 33, 2, 7, 36, 4, 16, 27, 19, 15, 35, 9, 10]}, {"capacity": 416, "impossibleCargos": [2, 3, 4, 5, 6, 7, 9, 13, 14, 15, 18, 20, 21, 25, 26, 27, 28, 29], "neighbors": [39, 0, 23, 5, 35, 26, 32, 4, 24, 6, 15, 18, 1, 13, 16, 28, 11, 29]}, {"capacity": 682, "impossibleCargos": [0, 1, 2, 5, 6, 7, 8, 10, 13, 14, 15, 16, 17, 18, 19, 20, 21, 22, 24, 25, 26, 27, 28], "neighbors": [15, 23, 2, 37, 22, 10, 19, 35, 34, 3, 0, 6, 28, 27, 24, 9, 33, 16]}, {"capacity": 617, "impossibleCargos": [0, 1, 2, 5, 6, 7, 13, 14, 18, 21, 24, 28, 29], "neighbors": [26, 35, 20, 25, 39, 10, 12, 11, 23, 22, 3, 33, 14, 8, 17, 4, 28, 6]}, {"capacity": 568, "impossibleCargos": [2, 4, 5, 6, 8, 11, 13, 16, 21, 23, 24, 25, 27], "neighbors": [28, 3, 36, 27, 12, 21, 8, 31, 23, 9, 38, 39, 33, 6]}, {"capacity": 293, "impossibleCargos": [3, 4, 6, 8, 9, 12, 13, 20, 21, 23, 25, 26, 27, 28], "neighbors": [29, 1, 19, 20, 27, 3, 17, 34, 23, 16, 4, 33, 9, 5, 35, 7, 15]}, {"capacity": 587, "impossibleCargos": [1, 3, 6, 7, 8, 9, 10, 13, 16, 17, 19, 22, 23, 24, 25, 26, 29], "neighbors": [13, 36, 25, 30, 20, 14, 10, 24, 3, 4, 35, 2, 28, 26, 6, 31, 9, 17, 27, 29, 34, 0, 39, 22]}, {"capacity": 459, "impossibleCargos": [3, 4, 7, 9, 12, 13, 14, 15, 16, 17, 20, 23, 24, 26, 28, 29], "neighbors": [12, 16, 23, 28, 20, 14, 1, 30, 5, 7, 32, 0, 21, 22, 26]}, {"capacity": 289, "impossibleCargos": [0, 3, 5, 12, 13, 15, 16, 17, 18, 20, 27], "neighbors": [3, 15, 25, 12, 28, 4, 24, 13, 36, 23, 30, 35, 1, 37, 21, 34, 9, 39, 32, 29, 22, 18]}, {"capacity": 809, "impossibleCargos": [1, 3, 7, 8, 14, 15, 16, 17, 18, 20, 22, 25, 26], "neighbors": [38, 20, 14, 8, 31, 37, 21, 26, 23, 32, 5, 2, 28, 27, 24, 39, 1, 7, 17, 30, 3, 18, 6, 11, 4]}, {"capacity": 266, "impossibleCargos": [4, 7, 9, 12, 15, 16, 17, 18, 19, 22, 24, 25, 26, 27, 28, 29], "neighbors": [38, 33, 13, 2, 4, 31, 5, 1, 0, 29, 11, 27, 18, 3, 23, 7, 28, 30, 6, 19, 25, 8]}, {"capacity": 863, "impossibleCargos": [2, 5, 10, 12, 17, 19, 20, 21, 22, 23, 24], "neighbors": [31, 1, 21, 2, 24, 19, 11, 18, 30, 12, 5, 37, 6, 32, 28, 15, 3, 29, 9, 22]}, {"capacity": 811, "impossibleCargos": [1, 2, 5, 6, 7, 8, 9, 11, 13, 14, 15, 16, 18, 22, 26, 27], "neighbors": [1, 32, 4, 25, 17, 3, 16, 21, 7, 39, 28, 27, 20, 15, 19, 14]}, {"capacity": 951, "impossibleCargos": [3, 5, 6, 8, 9, 10, 16, 18, 23, 27, 28], "neighbors": [29, 30, 35, 21, 11, 0, 3, 38, 17, 5, 33, 1, 8, 23, 36, 2, 26, 4, 34, 22, 39, 31, 6, 16, 18]}, {"capacity": 530, "impossibleCargos": [5, 8, 10, 11, 13, 14, 16, 21, 24, 25, 27, 29], "neighbors": [15, 11, 28, 12, 13, 29, 3, 2, 9, 31, 32, 35, 1, 27, 5, 38, 18]}, {"capacity": 420, "impossibleCargos": [3, 5, 7, 8, 9, 16, 20, 22, 23, 26, 27], "neighbors": [4, 19, 30, 17, 23, 15, 10, 36, 33, 25, 39, 35, 18, 34, 31, 14, 22, 5, 38, 13, 29]}, {"capacity": 694, "impossibleCargos": [1, 3, 4, 5, 6, 8, 9, 11, 12, 14, 17, 19, 21, 24, 26, 27, 29], "neighbors": [38, 4, 39, 5, 8, 25, 23, 29, 33, 6, 36, 24, 32, 37, 9, 19, 21, 17, 14, 13, 12]}, {"capacity": 827, "impossibleCargos": [0, 1, 2, 3, 4, 6, 8, 9, 10, 12, 16, 17, 27, 29], "neighbors": [27, 6, 5, 7, 8, 21, 34, 13, 22, 15, 11, 14, 10, 37, 19, 16, 25, 9, 32, 31, 0, 24, 35]}, {"capacity": 403, "impossibleCargos": [0, 3, 4, 5, 6, 8, 13, 15, 16, 18, 19, 21, 22, 25, 27, 29], "neighbors": [31, 17, 5, 12, 14, 37, 22, 36, 7, 15, 39, 8, 23, 32]}, {"capacity": 580, "impossibleCargos": [2, 3, 4, 7, 17, 18, 20, 21, 22, 24, 25, 26], "neighbors": [38, 33, 0, 12, 14, 22, 5, 26, 9, 21, 18, 30, 23, 34, 36, 31, 28, 29, 16]}, {"capacity": 238, "impossibleCargos": [0, 3, 6, 7, 8, 10, 11, 13, 14, 15, 16, 19, 21, 22, 26, 28], "neighbors": [9, 35, 36, 3, 4, 15, 25, 31, 29, 1, 7, 12, 5, 19, 0, 39, 13]}, {"capacity": 927, "impossibleCargos": [0, 1, 3, 4, 7, 8, 9, 14, 15, 20, 21, 23, 25, 26, 29], "neighbors": [23, 28, 1, 37, 10, 29, 11, 3, 16, 35, 12, 15, 34, 36, 33, 20, 8, 32, 18, 38, 5, 31, 6, 2]}, {"capacity": 684, "impossibleCargos": [0, 1, 3, 7, 11, 12, 14, 15, 17, 18, 20, 21, 23, 27], "neighbors": [10, 27, 20, 14, 13, 33, 6, 15, 12, 35, 5, 8, 17, 18, 16, 7, 25, 37, 30, 9]}, {"capacity": 202, "impossibleCargos": [0, 1, 2, 3, 5, 6, 7, 10, 13, 16, 18, 24, 28, 29], "neighbors": [19, 11, 2, 5, 27, 39, 20, 22, 16, 26, 32, 12, 38, 17, 0, 33, 25, 14, 1, 30, 21, 7]}, {"capacity": 781, "impossibleCargos": [0, 3, 5, 6, 7, 8, 10, 12, 14, 16, 21, 23, 25, 28, 29], "neighbors": [19, 32, 3, 6, 21, 37, 4, 12, 14, 34, 25, 17, 39, 2, 13, 15, 16, 28, 29]}, {"capacity": 378, "impossibleCargos": [0, 1, 2, 5, 8, 9, 10, 17, 18, 21, 22, 24, 25, 26], "neighbors": [17, 24, 15, 16, 26, 10, 36, 12, 3, 20, 21, 25, 33, 23, 19, 27, 1, 39]}, {"capacity": 994, "impossibleCargos": [2, 5, 6, 7, 10, 11, 13, 17, 20, 21, 22, 27], "neighbors": [30, 18, 3, 15, 2, 36, 7, 38, 29, 5, 20, 22, 17, 23, 27, 13, 14, 24]}, {"capacity": 990, "impossibleCargos": [3, 5, 6, 7, 9, 10, 11, 14, 16, 17, 18, 23, 26, 28], "neighbors": [25, 35, 16, 19, 28, 1, 22, 21, 39, 0, 3, 34, 11, 6, 10, 2, 4, 27, 9, 31, 29, 8]}, {"capacity": 354, "impossibleCargos": [0, 5, 9, 10, 11, 14, 16, 17, 19, 20, 22, 23, 25, 27, 28, 29], "neighbors": [4, 1, 2, 23, 0, 11, 33, 39, 30, 8, 21, 19, 27, 5, 25, 14, 12, 37, 36]}, {"capacity": 561, "impossibleCargos": [1, 2, 3, 4, 7, 10, 11, 14, 17, 18, 19, 21, 29], "neighbors": [19, 26, 33, 9, 37, 7, 2, 12, 8, 28, 3, 27, 21, 14, 20, 36, 11, 23, 6, 39]}, {"capacity": 878, "impossibleCargos": [1, 6, 7, 8, 14, 16, 17, 18, 21, 22, 23, 24, 25, 28], "neighbors": [39, 10, 26, 12, 21, 14, 31, 22, 32, 19, 24, 27, 35, 25, 6, 5, 34]}, {"capacity": 812, "impossibleCargos": [0, 2, 3, 4, 5, 9, 12, 14, 17, 21, 24, 27], "neighbors": [27, 30, 15, 8, 35, 23, 24, 17, 6, 3, 22, 14, 34, 28]}, {"capacity": 592, "impossibleCargos": [0, 7, 9, 10, 12, 15, 18, 19, 20, 22, 23, 24, 25], "neighbors": [25, 22, 15, 3, 16, 6, 19, 5, 10, 32, 29, 27, 20, 21]}, {"capacity": 389, "impossibleCargos": [0, 3, 7, 9, 10, 11, 18, 19, 21, 22, 23, 24, 25, 26, 29], "neighbors": [7, 36, 22, 29, 0, 33, 21, 9, 6, 34, 5, 30, 15, 10, 24, 18, 19, 26, 14, 12, 31, 35]}]}