{"volumes": [499, 456, 502, 789, 0, 640, 0, 0, 1080, 1178, 426, 1129, 701, 544, 256, 596, 794, 1379, 0, 1095, 247, 0, 219, 1119, 1069, 867, 0, 798, 471, 484], "conflicts": [[0, 7], [0, 20], [0, 22], [0, 29], [1, 2], [1, 4], [1, 5], [1, 6], [1, 20], [2, 4], [2, 17], [2, 24], [3, 5], [3, 6], [3, 8], [3, 20], [3, 26], [4, 5], [4, 7], [4, 10], [4, 11], [4, 15], [4, 19], [4, 20], [4, 21], [4, 25], [5, 8], [5, 15], [5, 18], [5, 19], [5, 21], [6, 8], [6, 10], [6, 16], [6, 25], [6, 26], [7, 13], [7, 16], [7, 17], [7, 19], [7, 25], [8, 25], [8, 26], [8, 28], [9, 28], [10, 11], [10, 12], [10, 26], [10, 27], [11, 14], [11, 24], [11, 29], [12, 20], [12, 26], [13, 14], [13, 18], [13, 21], [13, 23], [13, 29], [14, 22], [14, 28], [15, 18], [15, 21], [16, 26], [17, 18], [17, 21], [17, 27], [18, 20], [18, 22], [18, 28], [19, 26], [19, 27], [20, 21], [20, 25], [20, 26], [21, 27], [21, 28], [22, 26], [24, 26], [26, 27]], "tanks": [{"capacity": 306, "impossibleCargos": [0, 5, 8, 9, 12, 13, 19, 21], "neighbors": [16, 7, 20, 3, 17, 11, 13, 10, 23, 37, 19, 24]}, {"capacity": 763, "impossibleCargos": [0, 9, 11, 16, 19], "neighbors": [6, 7, 38, 28, 20, 2, 10]}, {"capacity": 482, "impossibleCargos": [0, 1, 2, 6, 7, 21, 23], "neighbors": [32, 15, 22, 25, 1, 14, 33, 31, 34, 9, 5, 17]}, {"capacity": 702, "impossibleCargos": [0, 1, 5, 6, 16, 19, 26, 29], "neighbors": [11, 14, 9, 8, 31, 37, 0, 38, 29]}, {"capacity": 882, "impossibleCargos": [2, 3, 6, 7, 16, 18, 20, 21, 26, 28], "neighbors": [32, 16, 8, 22, 14, 9, 7, 36, 30, 35, 27]}, {"capacity": 719, "impossibleCargos": [0, 2, 4, 6, 9, 10, 11, 21, 28], "neighbors": [15, 20, 30, 9, 33, 27, 2, 8]}, {"capacity": 427, "impossibleCargos": [0, 4, 7, 13, 19, 24, 26, 28, 29], "neighbors": [1, 20, 9, 15, 26, 34, 10, 16, 18]}, {"capacity": 773, "impossibleCargos": [5, 6, 9, 10, 14, 20, 24, 26, 28, 29], "neighbors": [24, 1, 0, 32, 4, 33, 34]}, {"capacity": 349, "impossibleCargos": [3, 13, 23, 26, 29], "neighbors": [27, 3, 4, 19, 36, 16, 23, 24, 5, 34]}, {"capacity": 619, "impossibleCargos": [1, 4, 6, 7, 10, 14, 24, 26], "neighbors": [39, 19, 3, 18, 6, 5, 4, 25, 29, 11, 2, 37, 14]}, {"capacity": 958, "impossibleCargos": [5, 9, 15, 17, 19, 24, 28], "neighbors": [35, 16, 39, 31, 19, 0, 6, 1, 27]}, {"capacity": 732, "impossibleCargos": [7, 9, 19, 25, 28], "neighbors": [3, 28, 35, 17, 20, 0, 19, 9, 12]}, {"capacity": 828, "impossibleCargos": [0, 2, 4, 8, 9, 10, 14, 26], "neighbors": [31, 23, 32, 22, 29, 19, 11]}, {"capacity": 840, "impossibleCargos": [1, 3, 5, 8, 15, 21, 22, 24, 28, 29], "neighbors": [15, 25, 31, 0, 37, 22]}, {"capacity": 333, "impossibleCargos": [0, 2, 4, 6, 7, 9, 16, 17, 21, 22], "neighbors": [3, 30, 4, 35, 18, 28, 20, 2, 19, 9]}, {"capacity": 490, "impossibleCargos": [1, 5, 8, 12, 13, 20, 21, 22, 28, 29], "neighbors": [21, 13, 5, 2, 18, 6, 22, 38, 27, 30, 39, 20]}, {"capacity": 1000, "impossibleCargos": [7, 11, 14, 15, 19, 21, 23, 27, 28], "neighbors": [4, 24, 0, 37, 10, 33, 19, 34, 39, 8, 21, 18, 6]}, {"capacity": 629, "impossibleCargos": [0, 2, 4, 7, 8, 10, 13, 15, 22], "neighbors": [18, 11, 26, 0, 37, 36, 2]}, {"capacity": 584, "impossibleCargos": [2, 13, 16, 23, 29], "neighbors": [37, 9, 17, 14, 33, 15, 36, 16, 6, 25]}, {"capacity": 984, "impossibleCargos": [8, 10, 12, 14, 21, 22, 26, 28], "neighbors": [25, 9, 16, 8, 10, 35, 38, 22, 11, 36, 14, 37, 12, 0]}, {"capacity": 219, "impossibleCargos": [0, 6, 7, 12, 21, 26], "neighbors": [5, 27, 6, 0, 14, 1, 11, 25, 38, 23, 37, 15]}, {"capacity": 437, "impossibleCargos": [0, 4, 7, 11, 12, 15, 19, 23, 25], "neighbors": [31, 15, 32, 16, 34, 24, 39]}, {"capacity": 867, "impossibleCargos": [9, 17, 18, 19, 24, 25, 26, 27, 29], "neighbors": [4, 31, 12, 19, 15, 2, 39, 29, 13]}, {"capacity": 255, "impossibleCargos": [5, 8, 9, 13, 15, 16, 23, 26, 29], "neighbors": [36, 37, 33, 12, 26, 27, 8, 0, 20]}, {"capacity": 657, "impossibleCargos": [2, 3, 4, 7, 16, 20, 21, 28, 29], "neighbors": [16, 7, 34, 35, 28, 25, 39, 36, 21, 29, 8, 0]}, {"capacity": 540, "impossibleCargos": [0, 18, 19, 21, 24, 27, 28, 29], "neighbors": [19, 13, 31, 9, 24, 2, 20, 18, 39, 30]}, {"capacity": 545, "impossibleCargos": [4, 9, 10, 11, 18, 19], "neighbors": [28, 6, 17, 23, 35]}, {"capacity": 610, "impossibleCargos": [0, 7, 17, 18, 22, 23, 24, 26, 28], "neighbors": [37, 34, 8, 20, 35, 28, 23, 15, 29, 5, 33, 4, 10]}, {"capacity": 800, "impossibleCargos": [0, 1, 6, 7, 8, 13, 14, 15, 17, 21, 24, 25, 26, 29], "neighbors": [11, 26, 1, 38, 14, 24, 34, 27, 29, 36, 30]}, {"capacity": 301, "impossibleCargos": [14, 16, 19, 21, 23], "neighbors": [39, 36, 12, 37, 28, 22, 9, 27, 24, 3]}, {"capacity": 602, "impossibleCargos": [7, 9, 18, 27], "neighbors": [38, 35, 14, 5, 15, 4, 34, 25, 28]}, {"capacity": 941, "impossibleCargos": [1, 3, 13, 14, 23, 26, 29], "neighbors": [21, 12, 10, 22, 25, 3, 13, 33, 2, 37]}, {"capacity": 478, "impossibleCargos": [0, 5, 10, 11, 15, 18, 27, 28], "neighbors": [4, 2, 39, 21, 12, 7, 36]}, {"capacity": 589, "impossibleCargos": [1, 13, 19, 23, 24, 27], "neighbors": [23, 16, 18, 7, 5, 31, 35, 2, 27]}, {"capacity": 298, "impossibleCargos": [6, 13, 15, 19, 23, 24, 25, 27, 28], "neighbors": [27, 24, 16, 28, 6, 21, 2, 30, 7, 8]}, {"capacity": 273, "impossibleCargos": [1, 6, 8, 9, 10, 12, 21], "neighbors": [30, 10, 24, 19, 14, 11, 27, 33, 4, 26]}, {"capacity": 357, "impossibleCargos": [2, 10, 11, 19, 20, 25, 28, 29], "neighbors": [23, 29, 18, 8, 19, 4, 17, 24, 28, 32]}, {"capacity": 878, "impossibleCargos": [5, 12, 16, 19, 24, 27, 29], "neighbors": [18, 27, 23, 16, 38, 3, 29, 17, 13, 31, 9, 19, 20, 0]}, {"capacity": 658, "impossibleCargos": [3, 5, 7, 8, 10, 16, 17, 26], "neighbors": [30, 1, 37, 28, 19, 15, 3, 20]}, {"capacity": 796, "impossibleCargos": [1, 3, 4, 9, 10, 11, 15, 20, 21, 22], "neighbors": [9, 29, 10, 32, 16, 22, 24, 15, 25, 21]}]}