{"volumes": [0, 748, 643, 495, 283, 1659, 0, 2221, 878, 2358, 0, 2320, 0, 661, 0, 629, 1139, 724, 0, 0, 262, 597, 0, 510, 795, 0, 435, 833, 290, 131], "conflicts": [[0, 1], [0, 2], [0, 3], [0, 5], [0, 6], [0, 7], [0, 8], [0, 9], [0, 10], [0, 13], [0, 15], [0, 16], [0, 17], [0, 18], [0, 19], [0, 20], [0, 21], [0, 22], [0, 23], [0, 24], [0, 25], [0, 26], [0, 27], [0, 28], [0, 29], [1, 2], [1, 10], [1, 12], [1, 13], [1, 14], [1, 15], [1, 18], [1, 22], [1, 25], [1, 26], [1, 28], [2, 3], [2, 4], [2, 10], [2, 12], [2, 13], [2, 14], [2, 15], [2, 17], [2, 18], [2, 19], [2, 20], [2, 22], [2, 23], [2, 24], [2, 25], [2, 28], [2, 29], [3, 4], [3, 8], [3, 10], [3, 12], [3, 14], [3, 18], [3, 19], [3, 20], [3, 22], [3, 23], [3, 24], [3, 26], [4, 5], [4, 6], [4, 10], [4, 13], [4, 14], [4, 19], [4, 21], [4, 22], [4, 24], [4, 25], [4, 27], [4, 28], [4, 29], [5, 6], [5, 10], [5, 12], [5, 13], [5, 14], [5, 18], [5, 19], [5, 20], [5, 21], [5, 24], [5, 25], [6, 7], [6, 8], [6, 9], [6, 11], [6, 14], [6, 15], [6, 16], [6, 17], [6, 18], [6, 22], [6, 23], [6, 24], [6, 25], [6, 27], [6, 28], [6, 29], [7, 10], [7, 13], [7, 14], [7, 18], [7, 19], [7, 20], [7, 22], [7, 25], [7, 26], [7, 27], [7, 29], [8, 12], [8, 14], [8, 15], [8, 18], [8, 19], [8, 21], [8, 24], [8, 25], [9, 10], [9, 12], [9, 14], [9, 15], [9, 19], [9, 22], [9, 28], [10, 11], [10, 13], [10, 14], [10, 16], [10, 19], [10, 20], [10, 21], [10, 22], [10, 23], [10, 24], [10, 25], [10, 28], [10, 29], [11, 13], [11, 14], [11, 17], [11, 18], [11, 19], [11, 22], [11, 24], [11, 25], [11, 26], [11, 29], [12, 13], [12, 14], [12, 15], [12, 16], [12, 17], [12, 18], [12, 19], [12, 20], [12, 21], [12, 23], [12, 24], [12, 25], [12, 26], [12, 27], [12, 28], [12, 29], [13, 14], [13, 18], [13, 19], [13, 20], [13, 21], [13, 22], [13, 23], [13, 26], [13, 27], [14, 15], [14, 16], [14, 17], [14, 18], [14, 19], [14, 20], [14, 21], [14, 22], [14, 23], [14, 24], [14, 25], [14, 26], [14, 28], [15, 16], [15, 18], [15, 19], [15, 20], [15, 22], [15, 23], [15, 26], [15, 29], [16, 18], [16, 20], [16, 25], [17, 20], [17, 21], [17, 22], [17, 23], [17, 24], [17, 25], [17, 28], [18, 19], [18, 20], [18, 21], [18, 22], [18, 23], [18, 24], [18, 25], [18, 26], [18, 27], [19, 20], [19, 21], [19, 23], [19, 24], [19, 25], [19, 26], [19, 27], [19, 28], [19, 29], [20, 21], [20, 25], [20, 26], [20, 27], [20, 28], [21, 23], [21, 24], [21, 26], [21, 27], [21, 29], [22, 23], [22, 24], [22, 25], [22, 26], [22, 27], [22, 29], [23, 24], [23, 25], [23, 26], [23, 28], [23, 29], [24, 25], [24, 26], [24, 28], [25, 26], [25, 27], [25, 28], [25, 29], [26, 27], [26, 29], [27, 28]], "tanks": [{"capacity": 439, "impossibleCargos": [1, 5, 7, 8, 12, 13, 16, 17, 18, 22, 23, 24, 25, 27, 29], "neighbors": [26, 28, 2, 8, 13, 6, 11, 24, 31, 7, 1, 3, 9, 32]}, {"capacity": 570, "impossibleCargos": [0, 1, 2, 3, 5, 6, 10, 12, 13, 15, 16, 18, 24, 28], "neighbors": [22, 25, 12, 28, 2, 3, 7, 27, 0, 20, 36]}, {"capacity": 635, "impossibleCargos": [0, 1, 2, 4, 6, 8, 10, 11, 12, 15, 20, 21, 22, 23, 24, 27, 28], "neighbors": [20, 0, 29, 39, 1, 6, 14, 36]}, {"capacity": 415, "impossibleCargos": [2, 3, 4, 5, 10, 12, 14, 15, 17, 18, 19, 20, 23, 26, 27], "neighbors": [5, 28, 38, 19, 25, 16, 1, 9, 36, 11, 0, 6, 27]}, {"capacity": 638, "impossibleCargos": [1, 6, 7, 8, 10, 15, 19, 20, 24, 26, 27, 28, 29], "neighbors": [34, 31, 35, 16, 13, 36, 24, 33, 9, 20, 5]}, {"capacity": 732, "impossibleCargos": [0, 3, 6, 7, 12, 13, 20, 22, 24, 25, 26, 27, 28, 29], "neighbors": [3, 8, 30, 32, 4, 35, 29, 19]}, {"capacity": 491, "impossibleCargos": [0, 1, 6, 7, 8, 9, 12, 14, 16, 19, 21, 22, 23, 24], "neighbors": [39, 8, 11, 10, 15, 38, 16, 0, 2, 3, 22, 12, 31, 18]}, {"capacity": 717, "impossibleCargos": [1, 6, 9, 16, 20, 23, 24, 25, 29], "neighbors": [9, 31, 1, 0, 23, 13, 20, 32]}, {"capacity": 446, "impossibleCargos": [0, 4, 5, 6, 7, 10, 13, 15, 17, 18, 19, 20, 21, 23], "neighbors": [26, 21, 6, 0, 5, 10, 17, 29, 20, 27]}, {"capacity": 201, "impossibleCargos": [0, 1, 6, 7, 9, 12, 13, 15, 16, 17, 18, 19, 21, 27, 28], "neighbors": [7, 11, 25, 35, 4, 3, 0]}, {"capacity": 544, "impossibleCargos": [1, 2, 9, 11, 12, 16, 18, 21, 24], "neighbors": [26, 6, 11, 8, 38, 14, 32]}, {"capacity": 394, "impossibleCargos": [0, 1, 4, 6, 10, 12, 14, 15, 17, 19, 20, 23, 25, 29], "neighbors": [9, 28, 31, 6, 10, 0, 27, 30, 34, 3, 24, 14, 36]}, {"capacity": 784, "impossibleCargos": [1, 3, 4, 5, 6, 7, 10, 12, 13, 14, 17, 18, 21, 22, 23, 24, 29], "neighbors": [18, 13, 19, 1, 31, 20, 36, 6]}, {"capacity": 794, "impossibleCargos": [0, 2, 4, 5, 6, 8, 9, 11, 16, 23, 24, 25, 26, 29], "neighbors": [12, 30, 14, 0, 37, 35, 4, 29, 7]}, {"capacity": 579, "impossibleCargos": [2, 4, 6, 8, 10, 11, 13, 14, 17, 19, 20, 26, 27, 28], "neighbors": [23, 15, 13, 20, 31, 19, 29, 11, 10, 30, 2]}, {"capacity": 961, "impossibleCargos": [0, 3, 10, 11, 12, 16, 19, 21, 23], "neighbors": [38, 14, 6, 19, 32, 37, 22]}, {"capacity": 968, "impossibleCargos": [1, 3, 4, 5, 12, 15, 17, 23, 28, 29], "neighbors": [26, 36, 6, 21, 4, 3, 39, 25, 20, 35]}, {"capacity": 962, "impossibleCargos": [0, 1, 3, 5, 6, 7, 10, 11, 16, 18, 19, 20, 21, 23, 24, 25], "neighbors": [39, 31, 32, 8, 34, 37]}, {"capacity": 792, "impossibleCargos": [0, 1, 2, 5, 12, 15, 17, 19, 20, 21, 22, 23, 28], "neighbors": [12, 33, 22, 31, 37, 6, 35]}, {"capacity": 979, "impossibleCargos": [0, 1, 2, 6, 7, 10, 13, 14, 15, 16, 18, 19, 20, 21, 27, 28], "neighbors": [27, 3, 12, 39, 26, 28, 15, 14, 36, 20, 5]}, {"capacity": 565, "impossibleCargos": [3, 9, 10, 13, 16, 20, 21, 22, 23, 24, 25, 27, 28], "neighbors": [35, 38, 24, 30, 32, 33, 2, 14, 36, 34, 16, 4, 8, 12, 19, 1, 7]}, {"capacity": 299, "impossibleCargos": [0, 1, 2, 4, 7, 8, 10, 12, 13, 15, 19, 21, 26, 27], "neighbors": [39, 8, 33, 16, 34, 29]}, {"capacity": 673, "impossibleCargos": [0, 2, 6, 7, 8, 10, 15, 16, 17, 19, 20, 22, 25], "neighbors": [1, 25, 18, 23, 34, 6, 15]}, {"capacity": 366, "impossibleCargos": [1, 3, 4, 7, 9, 11, 16, 22, 23, 26, 27, 28, 29], "neighbors": [14, 39, 22, 7, 24, 35]}, {"capacity": 902, "impossibleCargos": [4, 5, 6, 8, 10, 14, 15, 16, 18, 21, 23, 25, 27], "neighbors": [35, 27, 20, 38, 0, 4, 25, 11, 26, 23]}, {"capacity": 568, "impossibleCargos": [2, 4, 10, 11, 13, 14, 17, 19, 21, 23, 25], "neighbors": [1, 39, 3, 22, 9, 16, 24, 28, 31]}, {"capacity": 650, "impossibleCargos": [0, 1, 5, 8, 10, 13, 14, 15, 18, 20, 21, 22, 26, 28, 29], "neighbors": [10, 31, 35, 0, 8, 32, 16, 34, 19, 36, 27, 37, 24]}, {"capacity": 962, "impossibleCargos": [0, 1, 4, 7, 8, 11, 12, 13, 18, 19, 21, 23, 27, 28, 29], "neighbors": [31, 33, 19, 24, 11, 30, 1, 26, 8, 3]}, {"capacity": 289, "impossibleCargos": [0, 2, 4, 6, 8, 9, 10, 17, 19, 22, 23, 26, 27, 28], "neighbors": [3, 0, 11, 31, 1, 19, 25, 29, 39, 34]}, {"capacity": 928, "impossibleCargos": [0, 1, 2, 3, 7, 8, 9, 11, 15, 16, 22, 25, 28, 29], "neighbors": [35, 2, 13, 8, 28, 5, 14, 21]}, {"capacity": 816, "impossibleCargos": [0, 1, 2, 4, 5, 6, 7, 8, 16, 17, 18, 20, 23, 24, 25, 26, 28], "neighbors": [33, 20, 36, 13, 38, 11, 5, 27, 14, 39]}, {"capacity": 695, "impossibleCargos": [3, 4, 5, 12, 14, 17, 19, 22, 24, 28, 29], "neighbors": [26, 27, 4, 17, 28, 11, 7, 18, 12, 0, 14, 39, 34, 6, 25]}, {"capacity": 721, "impossibleCargos": [1, 3, 5, 6, 11, 12, 13, 17, 18, 20, 23, 24, 26, 27, 28, 29], "neighbors": [26, 17, 20, 5, 15, 0, 10, 34, 7]}, {"capacity": 542, "impossibleCargos": [0, 7, 8, 10, 12, 14, 15, 16, 17, 19, 20, 21, 24, 25, 26, 28], "neighbors": [30, 27, 18, 21, 20, 4, 39, 37]}, {"capacity": 834, "impossibleCargos": [1, 2, 7, 13, 17, 18, 19, 23, 26, 27, 29], "neighbors": [4, 26, 21, 20, 11, 31, 22, 17, 28, 32]}, {"capacity": 372, "impossibleCargos": [0, 1, 7, 8, 9, 13, 14, 15, 17, 18, 19, 29], "neighbors": [26, 20, 24, 4, 29, 13, 9, 16, 5, 23, 18]}, {"capacity": 675, "impossibleCargos": [2, 5, 7, 8, 10, 12, 13, 15, 17, 18, 19, 21, 23, 28], "neighbors": [30, 16, 20, 4, 26, 3, 19, 38, 12, 2, 1, 11]}, {"capacity": 878, "impossibleCargos": [1, 3, 4, 5, 8, 9, 10, 12, 14, 15, 17, 18, 19, 21, 22, 23, 27, 28, 29], "neighbors": [13, 15, 26, 33, 18, 17]}, {"capacity": 538, "impossibleCargos": [1, 5, 7, 10, 14, 15, 16, 18, 21, 22, 24, 27], "neighbors": [15, 20, 3, 6, 24, 30, 10, 36]}, {"capacity": 858, "impossibleCargos": [2, 4, 5, 7, 8, 9, 13, 14, 15, 16, 17, 19, 20, 22, 24, 25, 26, 28, 29], "neighbors": [21, 17, 6, 25, 23, 19, 2, 16, 33, 31, 28, 30]}]}