{"volumes": [275, 450, 916, 737, 190, 731, 0, 0, 0, 0, 2121, 879, 1247, 0, 318, 276, 1108, 328, 1495, 171, 0, 305, 311, 831, 0, 507, 924, 1431, 1705, 0], "conflicts": [[0, 5], [0, 6], [0, 12], [0, 14], [0, 16], [0, 17], [0, 18], [0, 19], [0, 21], [1, 2], [1, 6], [1, 7], [1, 8], [1, 9], [1, 13], [1, 17], [1, 20], [1, 25], [1, 27], [1, 29], [2, 4], [2, 5], [2, 6], [2, 8], [2, 9], [2, 11], [2, 13], [2, 17], [2, 21], [2, 22], [2, 23], [2, 25], [3, 4], [3, 6], [3, 9], [3, 15], [3, 22], [3, 24], [4, 5], [4, 6], [4, 9], [4, 13], [4, 14], [4, 16], [4, 17], [4, 18], [4, 21], [4, 24], [4, 28], [5, 9], [5, 14], [5, 18], [5, 20], [5, 24], [5, 27], [5, 29], [6, 8], [6, 9], [6, 12], [6, 13], [6, 15], [6, 16], [6, 19], [6, 20], [6, 24], [6, 25], [6, 27], [6, 28], [6, 29], [7, 9], [7, 12], [7, 15], [7, 17], [7, 18], [7, 19], [7, 21], [7, 23], [7, 24], [7, 26], [8, 9], [8, 11], [8, 12], [8, 13], [8, 15], [8, 17], [8, 18], [8, 21], [8, 24], [8, 26], [8, 27], [9, 11], [9, 14], [9, 16], [9, 17], [9, 21], [9, 22], [9, 23], [9, 26], [11, 14], [11, 15], [11, 18], [11, 22], [11, 28], [12, 14], [12, 15], [12, 21], [12, 29], [13, 15], [13, 16], [13, 19], [13, 21], [13, 22], [13, 24], [13, 27], [14, 20], [14, 22], [15, 17], [15, 19], [15, 23], [15, 24], [15, 26], [15, 28], [15, 29], [16, 25], [16, 29], [17, 20], [17, 21], [17, 23], [17, 24], [17, 25], [18, 24], [19, 20], [19, 22], [19, 24], [19, 25], [19, 29], [20, 24], [20, 28], [21, 22], [21, 23], [22, 29], [23, 25], [23, 27], [23, 29], [24, 25], [24, 27], [24, 29], [25, 26], [26, 29], [28, 29]], "tanks": [{"capacity": 341, "impossibleCargos": [0, 1, 2, 3, 4, 5, 6, 8, 9, 10, 11, 12, 14, 15, 16, 18, 19, 20, 21, 22, 23, 25, 26, 27, 28, 29], "neighbors": [27, 12, 35, 26, 25, 8, 17, 4, 7, 31, 2, 1, 3, 16, 11, 33]}, {"capacity": 485, "impossibleCargos": [1, 2, 3, 4, 5, 7, 8, 9, 10, 11, 12, 13, 14, 15, 16, 17, 19, 21, 22, 23, 24, 25, 26], "neighbors": [26, 16, 38, 30, 8, 11, 0, 13]}, {"capacity": 917, "impossibleCargos": [0, 2, 3, 4, 5, 7, 8, 9, 12, 15, 16, 18, 19, 20, 21, 22, 23, 24, 26, 27, 28], "neighbors": [9, 22, 8, 15, 4, 21, 17, 30, 0, 7, 20, 6, 27, 24]}, {"capacity": 335, "impossibleCargos": [1, 2, 4, 5, 8, 11, 13, 14, 15, 17, 20, 21, 22, 24, 26, 27, 29], "neighbors": [23, 39, 5, 14, 11, 22, 0, 7, 37, 24, 29]}, {"capacity": 654, "impossibleCargos": [0, 1, 5, 6, 9, 12, 13, 14, 15, 16, 18, 19, 20, 21, 22, 24, 25, 26, 27, 28, 29], "neighbors": [37, 29, 15, 17, 32, 2, 14, 0, 30, 34, 28, 12]}, {"capacity": 315, "impossibleCargos": [0, 1, 2, 3, 4, 5, 6, 8, 9, 13, 14, 17, 18, 21, 22, 23, 25, 27, 28, 29], "neighbors": [26, 24, 3, 12, 29, 13, 17, 6, 35, 19, 33, 15]}, {"capacity": 659, "impossibleCargos": [0, 2, 5, 6, 7, 8, 9, 10, 11, 13, 18, 20, 21, 22, 23, 24, 25, 26, 27, 28, 29], "neighbors": [14, 39, 12, 37, 5, 9, 21, 2, 8]}, {"capacity": 485, "impossibleCargos": [0, 1, 2, 3, 4, 6, 7, 9, 12, 14, 16, 17, 18, 19, 20, 22, 23, 24, 25, 27, 28, 29], "neighbors": [31, 39, 25, 20, 22, 0, 18, 2, 34, 3, 10]}, {"capacity": 947, "impossibleCargos": [1, 2, 7, 8, 10, 13, 14, 15, 16, 17, 18, 20, 21, 22, 23, 25, 27, 29], "neighbors": [12, 21, 2, 19, 33, 10, 17, 0, 25, 1, 35, 32, 36, 15, 37, 6]}, {"capacity": 508, "impossibleCargos": [0, 2, 3, 4, 6, 7, 8, 9, 10, 11, 12, 14, 15, 16, 18, 20, 21, 23, 24, 25, 26, 27], "neighbors": [2, 38, 18, 36, 19, 12, 6, 27]}, {"capacity": 493, "impossibleCargos": [0, 2, 3, 4, 5, 6, 8, 9, 10, 11, 12, 13, 14, 15, 17, 18, 20, 22, 23, 24, 25, 26, 27, 29], "neighbors": [19, 24, 8, 31, 27, 18, 17, 15, 7]}, {"capacity": 951, "impossibleCargos": [1, 2, 3, 6, 7, 9, 10, 11, 12, 14, 15, 16, 18, 20, 21, 22, 23, 24, 25, 26, 27, 29], "neighbors": [23, 15, 25, 31, 18, 3, 1, 32, 0]}, {"capacity": 972, "impossibleCargos": [0, 1, 4, 5, 6, 7, 8, 12, 14, 15, 16, 17, 18, 19, 20, 22, 23, 24, 25, 26, 27, 29], "neighbors": [15, 0, 8, 17, 5, 6, 14, 19, 21, 9, 4]}, {"capacity": 523, "impossibleCargos": [0, 1, 3, 4, 5, 6, 7, 8, 10, 11, 13, 14, 15, 16, 17, 18, 19, 20, 22, 23, 24, 25, 27, 28, 29], "neighbors": [31, 14, 36, 5, 1]}, {"capacity": 299, "impossibleCargos": [0, 1, 2, 3, 5, 6, 7, 8, 9, 11, 12, 13, 14, 16, 17, 19, 20, 21, 22, 24, 25, 27, 28, 29], "neighbors": [13, 6, 3, 30, 16, 4, 12, 37, 17, 39, 22]}, {"capacity": 322, "impossibleCargos": [1, 4, 5, 7, 8, 9, 10, 11, 12, 13, 14, 15, 16, 18, 19, 22, 24, 26, 27, 29], "neighbors": [26, 12, 29, 2, 4, 31, 11, 8, 10, 5]}, {"capacity": 436, "impossibleCargos": [0, 1, 3, 4, 5, 6, 7, 9, 11, 12, 13, 15, 16, 17, 18, 19, 21, 22, 23, 24, 25, 26, 27, 28], "neighbors": [26, 14, 1, 0, 34]}, {"capacity": 220, "impossibleCargos": [0, 2, 3, 4, 5, 6, 8, 9, 10, 11, 13, 15, 16, 19, 20, 21, 22, 23, 24, 25, 26, 29], "neighbors": [34, 20, 28, 12, 4, 8, 23, 2, 0, 5, 29, 14, 10, 24, 18]}, {"capacity": 374, "impossibleCargos": [1, 2, 5, 6, 7, 8, 9, 10, 11, 12, 13, 14, 15, 16, 17, 18, 19, 20, 21, 23, 25, 26, 27, 29], "neighbors": [25, 38, 28, 22, 20, 21, 9, 11, 39, 7, 36, 10, 32, 17]}, {"capacity": 403, "impossibleCargos": [0, 1, 2, 3, 5, 6, 7, 8, 10, 11, 12, 13, 15, 16, 17, 18, 20, 21, 23, 24, 25, 26, 27, 28, 29], "neighbors": [39, 10, 8, 35, 9, 12, 30, 5, 22, 20]}, {"capacity": 870, "impossibleCargos": [0, 3, 4, 5, 7, 8, 9, 10, 11, 12, 13, 14, 17, 18, 20, 22, 24, 25, 26, 27, 28, 29], "neighbors": [30, 18, 35, 17, 28, 7, 36, 27, 38, 37, 2, 39, 26, 19]}, {"capacity": 205, "impossibleCargos": [0, 1, 2, 4, 6, 7, 8, 9, 10, 11, 12, 13, 14, 15, 16, 19, 21, 22, 24, 25, 26, 28, 29], "neighbors": [8, 38, 18, 2, 22, 12, 6, 23]}, {"capacity": 639, "impossibleCargos": [0, 2, 3, 4, 5, 8, 9, 10, 12, 13, 14, 15, 16, 17, 18, 20, 22, 23, 24, 26, 28], "neighbors": [2, 18, 30, 7, 21, 35, 33, 3, 19, 14]}, {"capacity": 869, "impossibleCargos": [1, 3, 5, 6, 9, 10, 13, 14, 15, 16, 17, 19, 20, 21, 22, 24, 25, 26, 27, 28], "neighbors": [11, 3, 17, 25, 21, 30, 32]}, {"capacity": 343, "impossibleCargos": [0, 3, 6, 7, 8, 9, 10, 12, 14, 15, 16, 18, 19, 20, 22, 23, 24, 25, 27, 28], "neighbors": [5, 10, 30, 17, 3, 2]}, {"capacity": 211, "impossibleCargos": [0, 1, 2, 3, 5, 6, 9, 10, 12, 14, 15, 16, 17, 18, 20, 22, 23, 24, 25, 27, 28, 29], "neighbors": [18, 30, 7, 23, 0, 11, 8, 27, 34, 32]}, {"capacity": 697, "impossibleCargos": [0, 2, 3, 4, 5, 6, 7, 8, 10, 11, 12, 13, 14, 15, 16, 17, 18, 19, 21, 22, 23, 25, 26, 29], "neighbors": [15, 1, 34, 5, 16, 0, 28, 20, 32]}, {"capacity": 471, "impossibleCargos": [0, 1, 2, 3, 5, 6, 7, 9, 11, 14, 15, 16, 22, 24, 26, 27, 28], "neighbors": [0, 25, 10, 20, 9, 2, 28, 39]}, {"capacity": 601, "impossibleCargos": [1, 3, 4, 5, 6, 8, 11, 13, 14, 16, 17, 20, 21, 22, 23, 24, 25, 26, 27, 28], "neighbors": [18, 17, 36, 20, 35, 37, 26, 4, 39, 27]}, {"capacity": 311, "impossibleCargos": [0, 2, 3, 7, 8, 10, 12, 13, 15, 16, 18, 20, 21, 22, 23, 24, 25, 26, 28, 29], "neighbors": [15, 4, 5, 37, 30, 17, 39, 33, 3]}, {"capacity": 742, "impossibleCargos": [3, 5, 7, 8, 11, 13, 14, 15, 16, 17, 20, 21, 22, 23, 25, 26, 27, 28, 29], "neighbors": [20, 25, 14, 22, 1, 24, 2, 29, 4, 19, 37, 23, 39]}, {"capacity": 385, "impossibleCargos": [0, 2, 5, 7, 8, 9, 10, 12, 14, 15, 16, 17, 18, 19, 21, 22, 24, 25, 26, 27, 28, 29], "neighbors": [7, 13, 15, 10, 11, 0, 34]}, {"capacity": 526, "impossibleCargos": [0, 3, 4, 7, 8, 10, 11, 13, 14, 15, 17, 18, 19, 20, 21, 22, 23, 24, 26, 27, 28, 29], "neighbors": [4, 8, 25, 11, 23, 18, 26]}, {"capacity": 523, "impossibleCargos": [0, 1, 3, 4, 5, 6, 9, 10, 11, 12, 13, 15, 16, 19, 20, 21, 22, 23, 24, 25, 26, 28, 29], "neighbors": [8, 22, 38, 29, 5, 0]}, {"capacity": 325, "impossibleCargos": [0, 2, 3, 4, 6, 9, 10, 12, 13, 14, 16, 17, 19, 20, 23, 24, 25, 26, 27, 28, 29], "neighbors": [17, 26, 31, 25, 7, 38, 4, 16]}, {"capacity": 342, "impossibleCargos": [0, 1, 2, 3, 4, 5, 6, 7, 8, 9, 10, 11, 12, 14, 15, 17, 21, 22, 24, 25, 26, 27, 28, 29], "neighbors": [20, 0, 19, 28, 22, 8, 5]}, {"capacity": 851, "impossibleCargos": [5, 6, 7, 8, 9, 10, 13, 16, 18, 20, 21, 22, 23, 24, 26, 27, 28], "neighbors": [13, 28, 9, 20, 18, 8]}, {"capacity": 993, "impossibleCargos": [3, 4, 5, 6, 8, 10, 11, 12, 13, 14, 15, 16, 17, 18, 19, 20, 21, 22, 25, 26, 27, 29], "neighbors": [4, 6, 28, 29, 14, 20, 8, 30, 3]}, {"capacity": 817, "impossibleCargos": [0, 1, 2, 3, 4, 6, 9, 11, 12, 15, 18, 20, 21, 22, 23, 25, 26, 27, 29], "neighbors": [18, 21, 39, 9, 1, 20, 34, 33]}, {"capacity": 620, "impossibleCargos": [2, 3, 4, 5, 6, 7, 8, 9, 10, 11, 12, 13, 14, 15, 18, 21, 23, 24, 26, 27, 28, 29], "neighbors": [19, 7, 38, 3, 6, 18, 28, 29, 14, 20, 30, 27]}]}