{"volumes": [1071, 0, 324, 742, 896, 649, 896, 0, 0, 0, 802, 220, 284, 668, 895, 440, 1297, 0, 928, 1371, 1344, 1294, 1153, 0, 0, 0, 273, 0, 1348, 0], "conflicts": [[0, 1], [0, 2], [0, 9], [0, 12], [0, 15], [0, 17], [0, 24], [0, 25], [0, 27], [0, 29], [1, 2], [1, 4], [1, 5], [1, 6], [1, 7], [1, 9], [1, 10], [1, 11], [1, 13], [1, 15], [1, 16], [1, 17], [1, 18], [1, 19], [1, 20], [1, 21], [1, 23], [1, 24], [1, 25], [1, 26], [1, 27], [1, 28], [1, 29], [2, 5], [2, 7], [2, 9], [2, 11], [2, 12], [2, 15], [2, 17], [2, 23], [2, 25], [2, 26], [3, 7], [3, 8], [3, 9], [3, 17], [3, 24], [3, 25], [3, 26], [4, 7], [4, 8], [4, 11], [4, 17], [4, 22], [4, 23], [4, 24], [4, 27], [4, 28], [4, 29], [5, 7], [5, 8], [5, 9], [5, 12], [5, 21], [5, 23], [5, 24], [5, 26], [5, 27], [5, 29], [6, 7], [6, 8], [6, 9], [6, 22], [6, 23], [6, 24], [6, 25], [6, 29], [7, 9], [7, 10], [7, 11], [7, 13], [7, 14], [7, 15], [7, 16], [7, 18], [7, 19], [7, 20], [7, 21], [7, 22], [7, 24], [7, 25], [7, 26], [8, 9], [8, 10], [8, 11], [8, 12], [8, 13], [8, 14], [8, 15], [8, 19], [8, 20], [8, 22], [8, 23], [8, 25], [8, 26], [8, 28], [9, 10], [9, 12], [9, 13], [9, 15], [9, 16], [9, 18], [9, 20], [9, 21], [9, 24], [9, 25], [9, 26], [9, 27], [9, 28], [9, 29], [10, 11], [10, 17], [10, 24], [10, 25], [10, 26], [10, 29], [11, 17], [11, 24], [11, 27], [12, 17], [12, 19], [12, 23], [12, 24], [12, 25], [12, 27], [12, 29], [13, 17], [13, 25], [13, 27], [13, 29], [14, 17], [14, 24], [14, 25], [15, 17], [15, 23], [15, 24], [15, 27], [16, 17], [16, 23], [16, 24], [16, 25], [16, 27], [16, 28], [17, 19], [17, 20], [17, 21], [17, 25], [18, 24], [18, 29], [19, 23], [19, 24], [19, 27], [20, 23], [20, 26], [20, 27], [20, 29], [21, 23], [21, 25], [21, 27], [21, 29], [22, 23], [22, 24], [22, 27], [22, 29], [23, 24], [23, 26], [23, 27], [23, 28], [23, 29], [24, 25], [24, 26], [24, 28], [25, 26], [25, 27], [25, 28], [25, 29], [26, 27], [26, 29], [27, 29], [28, 29]], "tanks": [{"capacity": 422, "impossibleCargos": [3, 4, 6, 8, 9, 11, 28, 29], "neighbors": [6, 34, 10, 1, 8, 29, 38, 19, 25, 3, 11, 7, 14, 31, 20, 2, 17, 36, 28, 16, 12, 37, 24, 21, 15]}, {"capacity": 343, "impossibleCargos": [2, 8, 10, 12, 15, 27, 28, 29], "neighbors": [34, 26, 12, 36, 22, 32, 2, 30, 0, 21, 5, 7, 39, 16, 9, 18, 11, 31, 27, 10, 17, 19, 20]}, {"capacity": 444, "impossibleCargos": [0, 3, 4, 5, 9, 10, 14, 16, 17, 23, 27, 28], "neighbors": [33, 1, 20, 24, 16, 22, 26, 13, 0, 10, 5, 29, 21, 18]}, {"capacity": 895, "impossibleCargos": [1, 6, 12, 15, 16, 18, 21, 25], "neighbors": [8, 32, 36, 37, 4, 11, 0, 31, 35, 16, 7, 9, 12, 20, 19, 6, 21]}, {"capacity": 341, "impossibleCargos": [0, 2, 4, 13, 14, 18, 19, 21, 23, 26], "neighbors": [6, 5, 20, 10, 31, 15, 9, 17, 3, 28, 12, 7, 33, 11, 22, 29, 25, 35, 21, 16, 26]}, {"capacity": 800, "impossibleCargos": [3, 6, 10, 13, 18, 22], "neighbors": [29, 8, 31, 4, 32, 34, 1, 26, 9, 27, 13, 7, 18, 33, 28, 11, 30, 2, 20, 39]}, {"capacity": 665, "impossibleCargos": [7, 8, 9, 10, 17, 19], "neighbors": [8, 4, 0, 33, 22, 18, 10, 11, 28, 7, 29, 12, 20, 36, 25, 9, 30, 19, 14, 23, 3, 15, 35, 39]}, {"capacity": 807, "impossibleCargos": [1, 4, 5, 9, 10, 11, 12, 13, 14, 24], "neighbors": [24, 27, 15, 20, 9, 11, 1, 8, 6, 23, 39, 37, 38, 4, 35, 18, 0, 3, 5, 13, 34, 32, 22]}, {"capacity": 309, "impossibleCargos": [0, 8, 15, 16, 17, 19, 20, 23, 24, 28, 29], "neighbors": [6, 5, 3, 34, 11, 9, 7, 0, 35, 16, 24, 36, 10, 29, 39, 30, 25, 37, 27, 13, 31, 33, 14]}, {"capacity": 488, "impossibleCargos": [2, 8, 21, 25, 27], "neighbors": [7, 8, 33, 27, 4, 15, 39, 34, 1, 25, 5, 38, 26, 23, 31, 6, 3]}, {"capacity": 438, "impossibleCargos": [6, 10, 11, 15], "neighbors": [24, 32, 11, 4, 13, 25, 0, 16, 6, 29, 22, 34, 36, 20, 8, 1, 2, 30, 33, 15]}, {"capacity": 773, "impossibleCargos": [2, 14, 15, 16, 18, 19, 21, 26], "neighbors": [20, 10, 8, 12, 6, 7, 23, 36, 3, 0, 1, 4, 37, 35, 14, 29, 17, 30, 5, 21, 28]}, {"capacity": 905, "impossibleCargos": [0, 3, 9, 13, 20, 22, 24, 27], "neighbors": [39, 37, 1, 34, 11, 35, 22, 38, 6, 25, 36, 4, 21, 18, 19, 3, 0, 27]}, {"capacity": 925, "impossibleCargos": [3, 5, 12, 13, 14, 17], "neighbors": [14, 35, 26, 30, 23, 10, 32, 18, 24, 22, 16, 31, 5, 2, 20, 39, 7, 8, 34, 15]}, {"capacity": 266, "impossibleCargos": [1, 6, 11, 18, 23, 24, 25, 28], "neighbors": [13, 25, 36, 0, 26, 39, 11, 6, 34, 29, 28, 8]}, {"capacity": 662, "impossibleCargos": [3, 25, 27, 28, 29], "neighbors": [34, 7, 32, 4, 9, 27, 37, 23, 19, 22, 33, 30, 25, 6, 13, 0, 10]}, {"capacity": 379, "impossibleCargos": [0, 5, 8, 20, 23, 27, 29], "neighbors": [39, 34, 10, 27, 1, 25, 8, 21, 2, 20, 18, 3, 13, 32, 35, 0, 29, 36, 4]}, {"capacity": 318, "impossibleCargos": [4, 6, 14, 16, 20, 21, 22, 25, 27], "neighbors": [19, 23, 29, 33, 20, 4, 36, 22, 38, 18, 39, 1, 0, 11, 24, 28, 37]}, {"capacity": 966, "impossibleCargos": [5, 7, 10, 12, 13, 16, 18, 20, 21, 22, 23, 24, 26, 27, 29], "neighbors": [25, 6, 19, 27, 13, 35, 33, 1, 29, 7, 16, 36, 17, 38, 32, 12, 39, 24, 5, 22, 2]}, {"capacity": 517, "impossibleCargos": [2, 6, 13, 17, 20, 21, 26, 29], "neighbors": [32, 17, 27, 18, 21, 0, 37, 25, 15, 35, 33, 36, 12, 6, 39, 1, 3, 34, 26]}, {"capacity": 322, "impossibleCargos": [2, 9, 14, 15, 16, 19, 24, 28], "neighbors": [11, 30, 34, 39, 7, 4, 38, 17, 2, 37, 6, 32, 16, 10, 28, 33, 0, 13, 3, 1, 5]}, {"capacity": 447, "impossibleCargos": [1, 6, 7, 9, 11, 15, 16, 19, 22, 23, 24], "neighbors": [38, 36, 27, 1, 19, 24, 23, 16, 31, 12, 26, 32, 11, 4, 3, 0, 2]}, {"capacity": 937, "impossibleCargos": [17, 25, 27, 28], "neighbors": [30, 29, 6, 1, 12, 35, 28, 10, 17, 33, 13, 2, 4, 15, 23, 37, 18, 7]}, {"capacity": 400, "impossibleCargos": [3, 7, 12, 13, 22, 23, 27, 28], "neighbors": [33, 17, 36, 13, 27, 7, 32, 11, 21, 24, 26, 28, 15, 35, 9, 22, 6, 29]}, {"capacity": 224, "impossibleCargos": [1, 2, 7, 8, 9, 15, 19, 20, 26], "neighbors": [7, 10, 30, 36, 32, 21, 2, 23, 13, 33, 8, 18, 35, 39, 17, 0]}, {"capacity": 285, "impossibleCargos": [5, 7, 10, 15, 18, 19, 21, 27], "neighbors": [18, 14, 34, 39, 33, 10, 12, 16, 38, 28, 0, 9, 35, 19, 29, 6, 4, 8, 15, 36]}, {"capacity": 421, "impossibleCargos": [7, 8, 10, 11, 12, 17, 18, 20, 24, 27, 29], "neighbors": [1, 13, 5, 23, 36, 32, 9, 14, 2, 27, 21, 35, 31, 4, 19]}, {"capacity": 815, "impossibleCargos": [0, 3, 5, 9, 12, 18, 23, 25], "neighbors": [7, 33, 19, 21, 9, 23, 18, 16, 15, 29, 34, 30, 37, 5, 26, 1, 28, 8, 12]}, {"capacity": 330, "impossibleCargos": [4, 10, 15, 18, 23], "neighbors": [36, 31, 32, 22, 6, 35, 4, 25, 23, 38, 30, 34, 20, 27, 39, 5, 0, 14, 17, 11]}, {"capacity": 528, "impossibleCargos": [0, 1, 6, 18, 22, 25, 28], "neighbors": [5, 22, 34, 17, 10, 0, 6, 27, 32, 18, 25, 4, 8, 11, 14, 33, 16, 2, 23]}, {"capacity": 901, "impossibleCargos": [1, 4, 15, 29], "neighbors": [22, 20, 24, 13, 1, 35, 36, 32, 27, 28, 34, 8, 6, 15, 38, 11, 33, 5, 10]}, {"capacity": 865, "impossibleCargos": [12, 15, 17, 18, 24, 26], "neighbors": [5, 37, 35, 4, 28, 33, 3, 9, 21, 13, 1, 0, 38, 26, 8, 32]}, {"capacity": 218, "impossibleCargos": [4, 9, 17, 21, 27], "neighbors": [33, 19, 10, 5, 3, 15, 34, 1, 28, 38, 13, 24, 30, 23, 37, 35, 29, 26, 20, 16, 18, 21, 7, 31]}, {"capacity": 306, "impossibleCargos": [0, 3, 6, 7, 8, 11, 12, 15, 17, 19, 23, 27, 28], "neighbors": [32, 23, 6, 27, 2, 25, 9, 31, 17, 24, 22, 18, 4, 19, 15, 20, 5, 35, 30, 29, 37, 8, 10]}, {"capacity": 768, "impossibleCargos": [4, 8, 10, 13, 14, 24], "neighbors": [35, 15, 1, 29, 20, 0, 12, 8, 39, 16, 25, 32, 5, 9, 10, 27, 30, 28, 36, 14, 7, 13, 19]}, {"capacity": 863, "impossibleCargos": [1, 6, 12, 18, 22, 23], "neighbors": [34, 31, 13, 12, 30, 22, 28, 18, 8, 32, 7, 39, 25, 23, 3, 36, 19, 11, 26, 4, 24, 16, 33, 6]}, {"capacity": 781, "impossibleCargos": [1, 4, 6, 7, 19, 22, 24], "neighbors": [24, 23, 1, 28, 21, 3, 37, 30, 17, 11, 12, 14, 26, 10, 35, 18, 8, 6, 19, 38, 34, 0, 16, 25]}, {"capacity": 760, "impossibleCargos": [5, 6, 9, 14, 19, 24, 29], "neighbors": [31, 12, 36, 3, 32, 20, 7, 19, 15, 27, 11, 8, 22, 0, 39, 33, 17]}, {"capacity": 518, "impossibleCargos": [2, 13, 14, 16, 19, 20, 22, 27], "neighbors": [21, 12, 20, 32, 0, 39, 25, 17, 7, 28, 9, 18, 36, 31, 30]}, {"capacity": 738, "impossibleCargos": [6, 15, 16, 18, 19, 22], "neighbors": [16, 12, 20, 34, 25, 9, 1, 38, 7, 35, 8, 17, 18, 14, 28, 19, 13, 24, 37, 6, 5]}]}