{"volumes": [0, 456, 0, 869, 875, 913, 1953, 0, 1187, 1543, 1836, 1291, 1760, 725, 0, 0, 277, 0, 0, 909, 710, 532, 698, 194, 0, 0, 556, 0, 494, 432], "conflicts": [[0, 1], [0, 6], [0, 7], [0, 8], [0, 10], [0, 15], [0, 17], [0, 24], [0, 29], [1, 7], [1, 14], [1, 24], [2, 9], [2, 12], [2, 14], [2, 20], [2, 22], [2, 23], [2, 24], [2, 27], [2, 29], [3, 7], [3, 16], [3, 18], [3, 25], [5, 18], [5, 27], [5, 29], [6, 7], [6, 14], [6, 17], [6, 18], [6, 22], [6, 24], [7, 9], [7, 10], [7, 13], [7, 20], [7, 28], [8, 15], [8, 27], [9, 14], [10, 17], [10, 18], [11, 27], [12, 18], [13, 18], [13, 22], [13, 24], [14, 19], [14, 23], [14, 27], [15, 20], [15, 24], [15, 25], [16, 17], [16, 27], [17, 20], [17, 24], [17, 28], [17, 29], [18, 22], [18, 29], [19, 27], [20, 27], [21, 22], [21, 24], [21, 27], [22, 23], [22, 27], [23, 25], [23, 28], [24, 27], [25, 29], [27, 29]], "tanks": [{"capacity": 740, "impossibleCargos": [0, 1, 2, 5, 6, 9, 10, 11, 18, 21, 24, 25, 26], "neighbors": [3, 8, 7, 6, 10, 24, 27, 15, 20, 21, 29, 14, 35, 18, 30, 33, 23, 38]}, {"capacity": 996, "impossibleCargos": [0, 2, 3, 4, 5, 9, 15, 16, 17, 20, 22, 23], "neighbors": [14, 13, 19, 23, 26, 25, 17, 10, 7, 36, 6, 27, 32, 4, 29, 16, 24, 33, 37, 8, 20, 18, 30]}, {"capacity": 324, "impossibleCargos": [0, 1, 4, 9, 10, 18, 19, 21, 22, 24, 25, 28, 29], "neighbors": [10, 20, 17, 14, 32, 13, 6, 28, 26, 36, 27, 19, 35, 9, 34, 5, 31]}, {"capacity": 266, "impossibleCargos": [2, 4, 5, 7, 8, 10, 13, 15, 19, 20, 21, 22, 23, 25, 26, 28], "neighbors": [0, 33, 26, 14, 36, 37, 12, 6, 30, 25, 20, 28, 15, 23, 10, 17, 31, 13, 16, 4]}, {"capacity": 824, "impossibleCargos": [5, 6, 12, 14, 18, 20, 21], "neighbors": [29, 18, 9, 14, 1, 5, 20, 13, 3]}, {"capacity": 592, "impossibleCargos": [0, 1, 3, 6, 8, 10, 16, 18, 19, 21, 23, 24, 27, 28, 29], "neighbors": [11, 34, 8, 21, 37, 12, 31, 17, 29, 22, 18, 25, 39, 4, 2, 36, 30]}, {"capacity": 373, "impossibleCargos": [0, 1, 2, 7, 9, 14, 16, 17, 18, 21, 22, 23, 27, 28, 29], "neighbors": [14, 16, 0, 22, 23, 7, 2, 10, 39, 3, 9, 18, 27, 29, 32, 35, 1, 20, 19, 26, 30, 25, 34, 21, 13, 15, 37, 33]}, {"capacity": 678, "impossibleCargos": [0, 1, 4, 7, 8, 13, 15, 19, 25, 26, 27], "neighbors": [16, 18, 0, 11, 20, 14, 15, 8, 10, 6, 1, 21, 34, 17, 12, 39, 35, 25, 9, 26, 24]}, {"capacity": 203, "impossibleCargos": [0, 1, 6, 10, 11, 12, 13, 15, 16, 17, 18, 24, 25, 26, 27, 29], "neighbors": [0, 36, 22, 27, 34, 19, 7, 5, 14, 9, 15, 20, 21, 1, 26]}, {"capacity": 391, "impossibleCargos": [0, 1, 2, 7, 9, 18, 19, 24, 26, 28], "neighbors": [25, 10, 36, 13, 22, 4, 37, 8, 29, 6, 21, 33, 39, 18, 15, 28, 14, 11, 32, 7, 2, 16, 24, 38, 30]}, {"capacity": 297, "impossibleCargos": [2, 4, 5, 6, 8, 9, 10, 14, 16, 17, 19, 20, 21, 22, 23, 27, 29], "neighbors": [9, 2, 27, 0, 13, 20, 35, 7, 6, 25, 1, 36, 11, 15, 3, 39, 31, 18, 34, 23, 22, 37, 38]}, {"capacity": 780, "impossibleCargos": [2, 3, 4, 6, 7, 9, 10, 16, 17, 21, 23, 24, 26], "neighbors": [18, 5, 7, 21, 38, 28, 14, 27, 10, 24, 36, 12, 9, 35]}, {"capacity": 484, "impossibleCargos": [2, 3, 4, 5, 6, 7, 9, 13, 14, 15, 16, 17, 19, 21, 26, 28, 29], "neighbors": [30, 16, 36, 38, 3, 5, 31, 35, 13, 7, 21, 11, 23, 39, 22, 37, 26, 20]}, {"capacity": 823, "impossibleCargos": [0, 1, 2, 5, 7, 12, 18, 19, 20, 22, 27, 28, 29], "neighbors": [37, 32, 1, 9, 10, 20, 33, 2, 23, 26, 29, 24, 12, 21, 30, 19, 6, 31, 39, 27, 35, 4, 3]}, {"capacity": 434, "impossibleCargos": [3, 6, 10, 11, 13, 14, 15, 20, 23, 24, 29], "neighbors": [6, 1, 20, 37, 7, 17, 39, 3, 2, 33, 8, 18, 11, 0, 21, 26, 4, 19, 30, 9, 16, 25, 32, 27, 28]}, {"capacity": 987, "impossibleCargos": [0, 5, 6, 7, 8, 12, 14, 19, 21], "neighbors": [30, 34, 7, 36, 18, 24, 0, 21, 8, 3, 10, 20, 9, 31, 25, 26, 22, 6]}, {"capacity": 602, "impossibleCargos": [0, 2, 4, 6, 7, 8, 9, 13, 16, 18, 20, 22, 23, 24, 25, 26, 29], "neighbors": [7, 26, 32, 6, 33, 12, 22, 17, 27, 38, 25, 1, 20, 24, 14, 39, 31, 9, 30, 19, 34, 3]}, {"capacity": 637, "impossibleCargos": [0, 2, 4, 5, 6, 13, 14, 16, 17, 19, 21, 22, 25, 26, 27], "neighbors": [33, 14, 2, 16, 38, 19, 1, 5, 30, 37, 18, 7, 27, 3, 34, 20, 32, 26]}, {"capacity": 772, "impossibleCargos": [0, 8, 9, 11, 13, 15, 16, 18, 20, 21, 22, 24, 25, 27, 28, 29], "neighbors": [21, 7, 11, 4, 25, 39, 27, 35, 15, 19, 14, 6, 17, 9, 5, 26, 0, 37, 10, 32, 28, 31, 1, 33]}, {"capacity": 795, "impossibleCargos": [0, 2, 3, 4, 8, 9, 12, 14, 15, 17, 19, 20, 21, 22, 23, 24, 25, 27, 28, 29], "neighbors": [1, 22, 8, 36, 38, 18, 34, 17, 23, 14, 6, 2, 13, 26, 16, 30]}, {"capacity": 877, "impossibleCargos": [1, 2, 3, 4, 5, 7, 9, 12, 13, 17, 18, 20, 21, 22, 23, 26, 28, 29], "neighbors": [25, 14, 7, 38, 10, 13, 2, 23, 32, 24, 0, 3, 8, 15, 6, 16, 28, 17, 1, 33, 4, 12]}, {"capacity": 459, "impossibleCargos": [0, 5, 7, 8, 9, 10, 11, 12, 14, 15, 16, 17, 19, 20, 21, 24, 26, 27, 28], "neighbors": [18, 34, 5, 11, 0, 15, 14, 7, 9, 26, 39, 13, 12, 31, 32, 8, 6, 33, 22, 35]}, {"capacity": 730, "impossibleCargos": [0, 3, 6, 8, 12, 13, 14, 15, 19, 24, 25, 28, 29], "neighbors": [8, 30, 6, 19, 16, 9, 37, 27, 31, 33, 5, 15, 12, 21, 34, 36, 10]}, {"capacity": 661, "impossibleCargos": [3, 4, 5, 6, 14, 16, 19, 21, 23, 24, 28], "neighbors": [29, 31, 1, 33, 6, 27, 20, 13, 19, 3, 35, 32, 12, 10, 25, 39, 0]}, {"capacity": 491, "impossibleCargos": [0, 1, 3, 6, 8, 9, 10, 11, 18, 20, 27, 28, 29], "neighbors": [39, 36, 0, 15, 20, 34, 13, 32, 11, 27, 29, 16, 1, 37, 9, 7]}, {"capacity": 372, "impossibleCargos": [0, 1, 9, 12, 13, 17, 19, 22, 26], "neighbors": [9, 20, 18, 1, 10, 3, 35, 34, 33, 29, 16, 5, 15, 26, 6, 36, 7, 31, 14, 28, 23]}, {"capacity": 936, "impossibleCargos": [5, 7, 8, 14, 15, 18, 19, 21, 22, 24, 25, 28], "neighbors": [16, 3, 1, 36, 39, 33, 13, 35, 38, 14, 21, 29, 18, 6, 2, 25, 15, 28, 7, 19, 12, 17, 8, 31]}, {"capacity": 982, "impossibleCargos": [1, 2, 3, 9, 10, 11, 12, 13, 14, 15, 16, 17, 18, 21, 23, 24, 25, 26, 27], "neighbors": [8, 10, 36, 23, 18, 0, 34, 22, 30, 16, 6, 11, 24, 1, 17, 2, 31, 13, 14]}, {"capacity": 989, "impossibleCargos": [1, 4, 6, 7, 10, 13, 14, 16, 17, 18, 19, 20, 21, 22, 24, 26, 28, 29], "neighbors": [39, 11, 37, 3, 2, 9, 29, 20, 33, 26, 25, 35, 18, 14]}, {"capacity": 388, "impossibleCargos": [0, 3, 7, 9, 10, 14, 15, 16, 19, 20, 24, 26, 27, 29], "neighbors": [23, 4, 33, 39, 35, 38, 37, 34, 0, 9, 13, 5, 6, 25, 26, 24, 1, 28]}, {"capacity": 980, "impossibleCargos": [0, 1, 2, 3, 5, 8, 11, 16, 17, 18, 19, 23, 24, 25], "neighbors": [39, 15, 12, 22, 27, 3, 17, 31, 34, 0, 14, 6, 13, 16, 38, 19, 5, 9, 1]}, {"capacity": 772, "impossibleCargos": [2, 7, 8, 10, 16, 17, 18, 22, 26, 29], "neighbors": [23, 38, 33, 22, 12, 5, 30, 37, 34, 10, 21, 15, 25, 32, 16, 13, 27, 3, 18, 2, 26]}, {"capacity": 522, "impossibleCargos": [0, 2, 3, 5, 7, 8, 9, 10, 11, 12, 13, 14, 16, 19, 20, 22, 24, 26], "neighbors": [16, 13, 38, 2, 20, 24, 6, 34, 1, 21, 31, 9, 23, 17, 18, 36, 14, 37]}, {"capacity": 985, "impossibleCargos": [1, 6, 7, 10, 14, 15, 18, 19, 21, 23, 24, 27], "neighbors": [16, 17, 23, 37, 3, 29, 13, 14, 31, 26, 22, 25, 9, 28, 21, 1, 6, 35, 20, 18, 0]}, {"capacity": 205, "impossibleCargos": [0, 1, 2, 4, 5, 9, 11, 12, 13, 14, 21, 24, 25, 26, 27], "neighbors": [21, 5, 15, 8, 39, 27, 24, 19, 29, 25, 7, 31, 32, 30, 17, 6, 10, 2, 22, 16, 36, 37]}, {"capacity": 514, "impossibleCargos": [1, 2, 3, 10, 11, 12, 13, 15, 22, 24, 29], "neighbors": [29, 37, 18, 10, 26, 12, 25, 6, 0, 7, 23, 2, 28, 33, 11, 21, 13]}, {"capacity": 772, "impossibleCargos": [0, 1, 3, 11, 13, 15, 16, 17, 20, 23, 26, 28, 29], "neighbors": [8, 9, 24, 12, 27, 15, 19, 26, 37, 3, 10, 1, 11, 2, 25, 32, 22, 5, 34, 39]}, {"capacity": 216, "impossibleCargos": [0, 1, 3, 5, 6, 7, 8, 10, 12, 13, 14, 15, 19, 20, 22, 23, 25, 26, 29], "neighbors": [13, 14, 33, 39, 35, 22, 29, 36, 3, 5, 9, 28, 17, 31, 38, 18, 1, 6, 24, 12, 32, 34, 10]}, {"capacity": 433, "impossibleCargos": [2, 3, 5, 7, 10, 11, 16, 17, 18, 20, 22, 28], "neighbors": [20, 12, 29, 32, 19, 11, 31, 17, 26, 16, 37, 30, 39, 9, 10, 0]}, {"capacity": 882, "impossibleCargos": [1, 2, 5, 6, 8, 13, 15, 17, 19, 24], "neighbors": [30, 24, 37, 29, 34, 14, 18, 26, 28, 6, 9, 10, 21, 7, 5, 16, 12, 13, 38, 36, 23]}]}