{"volumes": [819, 0, 763, 1374, 0, 698, 0, 475, 1164, 1448, 239, 774, 148, 1273, 486, 532, 832, 595, 495, 0, 0, 479, 462, 1025, 302, 821, 775, 0, 939, 625], "conflicts": [[0, 1], [0, 5], [0, 7], [0, 15], [0, 18], [0, 19], [0, 20], [0, 21], [1, 3], [1, 4], [1, 8], [1, 9], [1, 10], [1, 13], [1, 14], [1, 19], [1, 21], [1, 22], [1, 24], [1, 26], [1, 28], [1, 29], [2, 5], [2, 6], [2, 24], [2, 27], [3, 4], [3, 19], [3, 20], [4, 8], [4, 9], [4, 10], [4, 16], [4, 17], [4, 18], [4, 20], [4, 24], [4, 25], [4, 26], [4, 27], [4, 28], [5, 7], [5, 11], [5, 13], [5, 19], [5, 20], [5, 27], [6, 7], [6, 9], [6, 10], [6, 11], [6, 13], [6, 14], [6, 17], [6, 18], [6, 19], [6, 20], [6, 21], [6, 22], [6, 24], [6, 25], [6, 29], [7, 10], [7, 18], [7, 19], [7, 20], [8, 12], [8, 19], [8, 27], [9, 20], [10, 11], [10, 12], [10, 18], [11, 20], [11, 21], [11, 24], [12, 15], [12, 16], [12, 18], [12, 19], [12, 20], [12, 24], [13, 19], [13, 20], [13, 24], [14, 21], [14, 27], [14, 28], [15, 17], [15, 20], [15, 22], [15, 25], [16, 19], [16, 20], [16, 21], [16, 24], [16, 27], [16, 28], [17, 19], [18, 24], [19, 22], [19, 26], [19, 29], [20, 21], [20, 24], [20, 25], [20, 28], [20, 29], [21, 24], [21, 27], [22, 24], [22, 27], [23, 27], [24, 29], [25, 27], [26, 27], [27, 28]], "tanks": [{"capacity": 883, "impossibleCargos": [0, 1, 3, 5, 6, 9, 11, 12, 13, 15, 16, 17, 19, 21, 23, 27, 29], "neighbors": [2, 32, 14, 22, 17, 21, 25, 18, 5, 38, 36, 24, 3, 35, 29, 1, 37, 33, 31]}, {"capacity": 430, "impossibleCargos": [0, 1, 4, 5, 8, 9, 10, 11, 13, 14, 15, 18, 19, 20, 21, 22, 25, 28, 29], "neighbors": [5, 4, 10, 7, 32, 12, 19, 27, 37, 34, 11, 6, 0, 26, 31, 38]}, {"capacity": 252, "impossibleCargos": [0, 3, 5, 6, 7, 8, 11, 18, 19, 25, 26, 28], "neighbors": [0, 5, 15, 27, 16, 6, 24, 30, 20, 21, 10, 17, 28, 31, 33, 19, 14, 37, 29, 26, 34]}, {"capacity": 925, "impossibleCargos": [0, 2, 6, 9, 11, 13, 14, 15, 17, 18, 19, 21, 23, 24, 25, 27, 28, 29], "neighbors": [13, 18, 7, 19, 28, 36, 9, 39, 15, 20, 8, 12, 21, 5, 31, 37, 0, 14, 22, 38, 35, 17, 6]}, {"capacity": 335, "impossibleCargos": [0, 2, 5, 9, 10, 12, 13, 14, 15, 17, 21, 22, 27], "neighbors": [8, 15, 1, 33, 28, 10, 11, 39, 20, 27, 23, 16, 24, 26, 37, 5, 17]}, {"capacity": 975, "impossibleCargos": [1, 2, 3, 6, 7, 11, 13, 16, 19, 20, 22, 23, 24, 29], "neighbors": [2, 18, 12, 1, 10, 25, 14, 36, 30, 0, 31, 33, 28, 3, 35, 16, 11, 39, 29, 26, 6, 38, 7, 9, 8, 4, 23]}, {"capacity": 557, "impossibleCargos": [1, 3, 4, 5, 6, 7, 10, 12, 17, 20, 21, 24, 26, 29], "neighbors": [29, 35, 39, 20, 2, 22, 11, 30, 26, 17, 5, 7, 1, 3]}, {"capacity": 741, "impossibleCargos": [0, 1, 2, 4, 6, 7, 10, 11, 12, 13, 14, 18, 22, 23, 24, 25, 26, 27], "neighbors": [8, 29, 10, 3, 18, 16, 11, 1, 19, 21, 9, 14, 5, 6, 25, 23, 17, 38]}, {"capacity": 516, "impossibleCargos": [0, 2, 4, 5, 7, 8, 12, 15, 16, 22, 24, 25, 26, 28], "neighbors": [7, 4, 32, 18, 16, 30, 3, 9, 35, 25, 14, 11, 33, 38, 5, 13]}, {"capacity": 640, "impossibleCargos": [0, 4, 9, 15, 17, 18, 21, 24, 27, 28, 29], "neighbors": [13, 16, 30, 39, 14, 26, 3, 25, 15, 31, 8, 12, 10, 7, 18, 24, 37, 20, 21, 5, 17]}, {"capacity": 217, "impossibleCargos": [2, 3, 4, 6, 9, 11, 12, 13, 14, 16, 19, 21, 22, 23, 24, 26, 27, 28, 29], "neighbors": [37, 18, 7, 17, 24, 5, 1, 27, 4, 35, 19, 12, 21, 20, 2, 28, 9, 26, 30, 25, 11, 23, 38, 16, 14, 32, 34]}, {"capacity": 454, "impossibleCargos": [1, 5, 7, 8, 11, 13, 14, 15, 16, 21, 23, 25, 26, 27], "neighbors": [22, 23, 24, 38, 7, 4, 6, 13, 26, 28, 14, 5, 8, 10, 36, 1, 16, 37]}, {"capacity": 600, "impossibleCargos": [1, 3, 7, 8, 9, 10, 13, 14, 15, 19, 21, 22, 24, 27, 28], "neighbors": [14, 29, 22, 5, 25, 13, 37, 15, 32, 10, 3, 9, 23, 21, 1, 28, 18, 35, 38, 31]}, {"capacity": 1000, "impossibleCargos": [1, 2, 8, 9, 10, 11, 12, 14, 15, 18, 20, 21, 26, 27], "neighbors": [9, 3, 20, 25, 12, 39, 38, 17, 14, 11, 35, 24, 27, 32, 36, 19, 22, 37, 8]}, {"capacity": 838, "impossibleCargos": [0, 2, 4, 5, 7, 8, 10, 12, 13, 14, 15, 16, 18, 19, 21, 27], "neighbors": [18, 12, 0, 30, 34, 24, 21, 32, 9, 5, 13, 37, 19, 8, 11, 31, 7, 35, 3, 2, 29, 10, 16, 20, 36]}, {"capacity": 446, "impossibleCargos": [2, 4, 5, 6, 7, 8, 10, 11, 14, 18, 20, 23, 24, 26, 28, 29], "neighbors": [2, 19, 4, 21, 24, 3, 12, 9, 36, 39, 20, 29, 38, 28, 30, 16, 27, 33, 31]}, {"capacity": 349, "impossibleCargos": [5, 6, 7, 12, 13, 14, 18, 20, 21, 24, 25, 28, 29], "neighbors": [9, 7, 18, 2, 38, 30, 8, 34, 23, 25, 4, 5, 28, 17, 22, 15, 10, 37, 21, 14, 35, 11, 29, 32]}, {"capacity": 417, "impossibleCargos": [1, 2, 4, 7, 8, 9, 12, 15, 16, 17, 20, 21, 23, 27, 29], "neighbors": [38, 22, 32, 0, 18, 10, 23, 37, 13, 28, 39, 2, 36, 6, 16, 29, 20, 3, 26, 7, 9, 4]}, {"capacity": 669, "impossibleCargos": [1, 9, 11, 12, 13, 14, 15, 19, 20, 21, 22, 24, 28, 29], "neighbors": [23, 14, 31, 10, 5, 3, 28, 7, 17, 16, 34, 8, 0, 37, 32, 30, 38, 9, 12, 21, 27, 24, 26]}, {"capacity": 292, "impossibleCargos": [0, 1, 2, 4, 5, 7, 9, 11, 13, 16, 17, 18, 21, 23, 24, 25], "neighbors": [30, 15, 3, 24, 26, 10, 37, 7, 29, 14, 2, 32, 38, 25, 1, 28, 13]}, {"capacity": 706, "impossibleCargos": [1, 2, 5, 10, 11, 14, 15, 17, 18, 22], "neighbors": [6, 13, 3, 2, 34, 30, 10, 4, 23, 22, 32, 15, 31, 17, 9, 29, 14]}, {"capacity": 567, "impossibleCargos": [4, 5, 6, 9, 11, 13, 22, 23, 25, 26, 27], "neighbors": [38, 14, 15, 26, 0, 36, 10, 2, 3, 7, 12, 31, 29, 25, 18, 9, 16, 28]}, {"capacity": 532, "impossibleCargos": [4, 7, 10, 12, 14, 15, 19, 20, 24, 25, 28, 29], "neighbors": [11, 12, 0, 17, 39, 6, 30, 25, 20, 34, 36, 16, 26, 38, 3, 13]}, {"capacity": 526, "impossibleCargos": [0, 3, 5, 12, 16, 18, 19, 20, 22, 23, 25, 27], "neighbors": [18, 11, 17, 35, 32, 16, 30, 20, 12, 4, 29, 38, 10, 7, 5, 31]}, {"capacity": 661, "impossibleCargos": [0, 1, 2, 3, 4, 6, 11, 12, 13, 14, 16, 19, 24, 27, 28, 29], "neighbors": [19, 11, 14, 26, 10, 15, 2, 39, 25, 37, 29, 30, 0, 13, 4, 32, 9, 34, 18, 35]}, {"capacity": 518, "impossibleCargos": [0, 1, 2, 4, 5, 7, 11, 12, 14, 17, 19, 20, 21, 22, 23, 28], "neighbors": [37, 39, 13, 38, 12, 29, 5, 9, 0, 22, 10, 8, 16, 24, 21, 27, 35, 19, 7]}, {"capacity": 737, "impossibleCargos": [1, 2, 4, 6, 10, 15, 17, 18, 19, 20, 22, 25, 29], "neighbors": [24, 9, 21, 19, 37, 33, 11, 6, 34, 32, 10, 38, 28, 22, 5, 18, 4, 17, 1, 2, 39]}, {"capacity": 970, "impossibleCargos": [2, 5, 6, 8, 9, 10, 14, 15, 16, 17, 20, 22, 24, 25, 29], "neighbors": [2, 10, 33, 37, 4, 31, 13, 25, 36, 34, 18, 1, 30, 15, 28, 35]}, {"capacity": 843, "impossibleCargos": [3, 4, 5, 6, 8, 10, 11, 12, 13, 14, 19, 21, 23, 25, 26, 27, 29], "neighbors": [18, 37, 3, 4, 17, 10, 11, 5, 2, 31, 26, 16, 35, 15, 12, 19, 27, 21, 29]}, {"capacity": 631, "impossibleCargos": [1, 2, 5, 6, 7, 8, 10, 14, 17, 26, 28], "neighbors": [6, 12, 7, 33, 30, 25, 19, 32, 15, 24, 23, 21, 17, 5, 14, 0, 2, 36, 28, 20, 16]}, {"capacity": 557, "impossibleCargos": [0, 1, 10, 11, 12, 18, 19, 20, 21, 22, 24, 29], "neighbors": [19, 14, 29, 9, 36, 16, 2, 22, 8, 5, 23, 20, 6, 39, 18, 10, 24, 15, 31, 27]}, {"capacity": 479, "impossibleCargos": [1, 2, 3, 4, 5, 6, 9, 12, 15, 16, 19, 25, 26, 28, 29], "neighbors": [18, 39, 38, 32, 9, 5, 28, 27, 2, 3, 21, 36, 33, 14, 20, 30, 34, 1, 0, 15, 23, 12]}, {"capacity": 509, "impossibleCargos": [1, 2, 3, 5, 7, 8, 9, 10, 11, 14, 20, 21, 24, 26], "neighbors": [33, 0, 38, 17, 14, 31, 8, 23, 12, 34, 1, 26, 18, 29, 20, 35, 19, 13, 24, 37, 10, 16]}, {"capacity": 556, "impossibleCargos": [0, 2, 3, 9, 10, 11, 12, 13, 16, 20, 22, 23, 25, 26, 27, 29], "neighbors": [32, 29, 4, 27, 26, 5, 2, 31, 8, 38, 15, 0]}, {"capacity": 216, "impossibleCargos": [0, 5, 10, 11, 12, 16, 17, 21, 22, 23, 25, 26, 28], "neighbors": [14, 18, 16, 20, 32, 26, 22, 27, 24, 1, 31, 10, 35, 2]}, {"capacity": 960, "impossibleCargos": [1, 2, 3, 4, 6, 9, 11, 13, 16, 21, 23, 25, 26], "neighbors": [6, 23, 10, 8, 13, 5, 32, 37, 28, 25, 14, 12, 24, 0, 39, 3, 27, 16, 34]}, {"capacity": 517, "impossibleCargos": [0, 1, 3, 5, 10, 12, 13, 14, 15, 17, 20, 21, 27, 29], "neighbors": [37, 3, 30, 5, 21, 15, 17, 0, 31, 22, 38, 27, 11, 13, 29, 14]}, {"capacity": 771, "impossibleCargos": [0, 1, 4, 5, 8, 10, 14, 16, 17, 18, 19, 20, 21, 23, 24, 25, 28, 29], "neighbors": [25, 10, 36, 28, 17, 12, 19, 26, 27, 18, 14, 24, 35, 38, 3, 32, 9, 1, 2, 16, 4, 0, 13, 11]}, {"capacity": 667, "impossibleCargos": [2, 4, 6, 7, 8, 9, 11, 13, 19, 20, 21, 22, 24, 25, 27, 28, 29], "neighbors": [32, 17, 21, 11, 31, 25, 16, 39, 13, 0, 18, 26, 15, 37, 19, 36, 23, 8, 22, 12, 10, 5, 3, 33, 1, 7]}, {"capacity": 424, "impossibleCargos": [8, 9, 14, 15, 17, 18, 22, 23, 24, 25, 27], "neighbors": [25, 6, 31, 22, 9, 3, 38, 13, 24, 4, 30, 17, 15, 5, 35, 26]}]}