{"volumes": [942, 0, 862, 0, 1715, 0, 978, 329, 0, 255, 0, 0, 579, 725, 1766, 0, 0, 1292, 209, 508, 445, 1745, 0, 637, 585, 667, 1383, 0, 932, 708], "conflicts": [[0, 1], [0, 2], [0, 5], [0, 7], [0, 8], [0, 11], [0, 15], [0, 16], [0, 19], [0, 22], [0, 24], [0, 27], [1, 2], [1, 4], [1, 6], [1, 7], [1, 8], [1, 9], [1, 10], [1, 11], [1, 12], [1, 13], [1, 14], [1, 15], [1, 16], [1, 17], [1, 18], [1, 19], [1, 20], [1, 22], [1, 23], [1, 24], [1, 28], [2, 3], [2, 5], [2, 7], [2, 8], [2, 10], [2, 11], [2, 13], [2, 16], [2, 17], [2, 18], [2, 25], [2, 27], [3, 4], [3, 5], [3, 6], [3, 7], [3, 8], [3, 10], [3, 14], [3, 15], [3, 16], [3, 17], [3, 18], [3, 20], [3, 21], [3, 22], [3, 24], [3, 25], [3, 26], [3, 27], [3, 29], [4, 8], [4, 10], [4, 11], [4, 15], [4, 22], [4, 27], [5, 7], [5, 8], [5, 9], [5, 10], [5, 12], [5, 13], [5, 14], [5, 15], [5, 19], [5, 21], [5, 22], [5, 23], [5, 24], [5, 25], [5, 26], [5, 27], [5, 28], [5, 29], [6, 10], [6, 13], [6, 15], [6, 16], [6, 18], [6, 22], [7, 8], [7, 10], [7, 11], [7, 16], [7, 22], [7, 24], [7, 27], [7, 29], [8, 9], [8, 10], [8, 11], [8, 12], [8, 14], [8, 15], [8, 16], [8, 17], [8, 18], [8, 19], [8, 21], [8, 25], [8, 26], [9, 10], [9, 13], [9, 15], [9, 16], [9, 20], [9, 22], [9, 23], [9, 24], [9, 27], [9, 29], [10, 11], [10, 13], [10, 15], [10, 17], [10, 18], [10, 19], [10, 21], [10, 22], [10, 23], [10, 24], [10, 25], [10, 27], [10, 28], [10, 29], [11, 12], [11, 13], [11, 14], [11, 15], [11, 17], [11, 19], [11, 20], [11, 21], [11, 22], [11, 23], [11, 24], [11, 25], [11, 28], [11, 29], [12, 13], [12, 16], [12, 19], [12, 22], [12, 25], [12, 27], [13, 18], [13, 19], [13, 22], [13, 24], [13, 27], [13, 29], [14, 16], [14, 22], [14, 24], [15, 16], [15, 17], [15, 18], [15, 20], [15, 21], [15, 23], [15, 24], [15, 25], [15, 26], [15, 27], [15, 29], [16, 18], [16, 20], [16, 21], [16, 22], [16, 23], [16, 24], [16, 25], [16, 26], [16, 28], [17, 22], [17, 27], [18, 20], [18, 22], [18, 27], [19, 24], [19, 25], [19, 26], [19, 27], [20, 22], [20, 24], [21, 22], [21, 27], [22, 23], [22, 24], [22, 26], [22, 27], [22, 28], [22, 29], [23, 27], [24, 25], [24, 27], [26, 27], [27, 28], [27, 29]], "tanks": [{"capacity": 576, "impossibleCargos": [0, 1, 5, 6, 7, 9, 10, 12, 14, 15, 18, 20, 21, 22, 25, 26, 27, 29], "neighbors": [24, 19, 21, 17, 2, 34, 32, 8, 29, 25, 9, 11, 7, 33, 18, 22, 39, 28, 15]}, {"capacity": 930, "impossibleCargos": [1, 2, 4, 7, 8, 10, 12, 14, 15, 16, 17, 18, 22, 23, 26, 27], "neighbors": [7, 20, 9, 24, 4, 13, 3, 39, 14, 22, 10, 37, 8, 16, 18, 28, 27]}, {"capacity": 842, "impossibleCargos": [0, 1, 3, 4, 5, 6, 7, 8, 9, 10, 13, 18, 20, 22, 26, 27], "neighbors": [12, 32, 20, 0, 11, 36, 22, 27, 31, 35, 39, 25, 29, 15, 33]}, {"capacity": 313, "impossibleCargos": [0, 2, 4, 9, 10, 19, 21, 23, 24, 25, 26, 28], "neighbors": [6, 34, 24, 8, 21, 23, 1, 4, 37, 29, 11, 35, 25, 31, 32, 22, 38, 16, 28, 27]}, {"capacity": 916, "impossibleCargos": [0, 1, 3, 10, 12, 13, 14, 16, 19, 20, 23, 24, 26, 28], "neighbors": [11, 19, 24, 13, 12, 28, 37, 27, 20, 1, 22, 25, 36, 18, 32, 3, 33, 7, 31, 23, 8, 26]}, {"capacity": 911, "impossibleCargos": [0, 1, 3, 5, 6, 10, 14, 16, 18, 19, 22, 23, 29], "neighbors": [38, 11, 9, 8, 15, 21, 19, 30, 14, 10, 13, 17]}, {"capacity": 239, "impossibleCargos": [1, 2, 3, 7, 8, 9, 11, 12, 15, 16, 18, 19, 20, 23, 24, 26, 27, 28], "neighbors": [3, 10, 39, 7, 27, 20, 30, 9, 15, 34, 13, 18, 17, 38, 29, 31, 25, 11, 21, 28, 22]}, {"capacity": 514, "impossibleCargos": [0, 1, 3, 6, 10, 11, 13, 16, 17, 19, 21, 24, 25, 29], "neighbors": [1, 31, 33, 9, 17, 6, 23, 26, 28, 11, 0, 4, 16, 19, 21, 39, 34, 29, 27]}, {"capacity": 266, "impossibleCargos": [2, 5, 11, 13, 15, 16, 17, 19, 20, 25, 26, 27, 29], "neighbors": [30, 14, 15, 22, 23, 18, 38, 3, 10, 5, 0, 16, 35, 25, 37, 27, 1, 24, 33, 4, 19]}, {"capacity": 522, "impossibleCargos": [0, 1, 4, 7, 12, 14, 15, 16, 22, 27, 28], "neighbors": [22, 21, 14, 30, 13, 5, 7, 20, 1, 34, 39, 28, 6, 11, 16, 0, 24, 32, 17, 29, 27]}, {"capacity": 778, "impossibleCargos": [2, 5, 7, 8, 10, 11, 12, 14, 16, 17, 19, 20, 23, 24, 25, 28, 29], "neighbors": [6, 20, 21, 30, 19, 34, 8, 11, 29, 14, 24, 1, 26, 36, 5, 31, 27, 37, 15, 35]}, {"capacity": 269, "impossibleCargos": [2, 5, 6, 7, 8, 10, 13, 14, 15, 16, 18, 23, 27, 28], "neighbors": [4, 24, 14, 5, 2, 37, 34, 22, 25, 10, 32, 21, 9, 13, 3, 17, 7, 16, 0, 39, 6, 12, 18]}, {"capacity": 808, "impossibleCargos": [3, 5, 7, 8, 10, 13, 15, 19, 21, 23, 27, 28, 29], "neighbors": [2, 39, 4, 23, 27, 14, 28, 36, 22, 29, 21, 34, 11, 38]}, {"capacity": 900, "impossibleCargos": [6, 8, 9, 10, 12, 16, 18, 21, 26, 28, 29], "neighbors": [39, 16, 34, 9, 4, 36, 1, 17, 38, 6, 25, 14, 22, 11, 28, 27, 23, 24, 5, 31, 21]}, {"capacity": 528, "impossibleCargos": [2, 4, 7, 9, 10, 11, 13, 18, 21, 25, 28], "neighbors": [20, 9, 8, 39, 11, 24, 12, 10, 13, 16, 1, 23, 28, 34, 31, 5, 26, 33]}, {"capacity": 604, "impossibleCargos": [0, 1, 2, 5, 6, 7, 8, 12, 16, 17, 18, 19, 22, 26, 27], "neighbors": [32, 33, 23, 8, 28, 30, 6, 5, 38, 17, 20, 27, 18, 2, 16, 35, 36, 10, 31, 0]}, {"capacity": 355, "impossibleCargos": [0, 1, 3, 5, 7, 10, 11, 12, 13, 15, 16, 17, 20, 22, 24, 26], "neighbors": [13, 20, 19, 25, 27, 39, 8, 14, 33, 9, 37, 11, 15, 7, 35, 1, 3, 23, 21, 31]}, {"capacity": 607, "impossibleCargos": [1, 3, 4, 7, 8, 9, 17, 18, 19, 21, 22, 27, 28], "neighbors": [36, 0, 7, 13, 26, 15, 19, 22, 37, 11, 6, 20, 21, 23, 32, 33, 5, 9, 39]}, {"capacity": 570, "impossibleCargos": [1, 2, 3, 7, 8, 10, 14, 16, 17, 20, 22, 23, 27, 28], "neighbors": [28, 34, 8, 23, 35, 31, 37, 4, 25, 32, 27, 38, 6, 15, 21, 20, 0, 1, 11, 39, 36, 29, 24]}, {"capacity": 214, "impossibleCargos": [1, 2, 3, 4, 6, 7, 8, 10, 11, 12, 14, 16, 17, 18, 19, 20, 21, 24, 26, 27], "neighbors": [4, 0, 16, 34, 33, 10, 28, 26, 29, 39, 17, 35, 5, 24, 7, 21, 8]}, {"capacity": 511, "impossibleCargos": [4, 5, 6, 7, 8, 9, 11, 12, 14, 15, 18, 19, 22, 24, 26], "neighbors": [14, 2, 16, 31, 10, 1, 33, 9, 6, 4, 34, 15, 21, 17, 22, 18, 38, 32, 28, 36]}, {"capacity": 653, "impossibleCargos": [0, 3, 4, 6, 7, 8, 11, 20, 24, 25, 27], "neighbors": [9, 36, 0, 10, 25, 33, 3, 11, 22, 5, 20, 18, 17, 24, 35, 12, 32, 7, 19, 23, 37, 16, 39, 13, 6]}, {"capacity": 406, "impossibleCargos": [0, 1, 3, 4, 5, 6, 9, 11, 13, 14, 15, 16, 19, 20, 23, 24, 29], "neighbors": [9, 25, 38, 8, 2, 11, 31, 4, 13, 1, 21, 17, 12, 26, 20, 33, 3, 0, 28, 23, 35, 6]}, {"capacity": 333, "impossibleCargos": [1, 5, 6, 8, 9, 10, 11, 12, 15, 17, 18, 19, 20, 21, 22, 24, 29], "neighbors": [30, 15, 39, 8, 18, 12, 37, 33, 7, 3, 24, 14, 31, 28, 25, 13, 17, 32, 22, 36, 16, 21, 4, 34]}, {"capacity": 768, "impossibleCargos": [0, 4, 5, 10, 12, 13, 14, 19, 20, 21, 23, 29], "neighbors": [0, 11, 4, 14, 28, 3, 31, 1, 37, 23, 10, 29, 38, 9, 19, 8, 21, 25, 35, 34, 13, 18, 32]}, {"capacity": 246, "impossibleCargos": [2, 3, 4, 6, 13, 15, 16, 21, 23, 24, 29], "neighbors": [28, 22, 21, 16, 11, 2, 4, 18, 8, 13, 33, 34, 0, 3, 23, 36, 24, 6, 30]}, {"capacity": 768, "impossibleCargos": [0, 2, 5, 6, 10, 12, 14, 15, 16, 19, 22, 26, 28, 29], "neighbors": [33, 34, 36, 28, 7, 19, 17, 22, 30, 10, 27, 29, 14, 32, 4]}, {"capacity": 651, "impossibleCargos": [0, 1, 2, 3, 5, 7, 9, 10, 12, 17, 19, 20, 22, 26, 29], "neighbors": [35, 33, 2, 12, 30, 6, 4, 16, 36, 18, 15, 8, 13, 37, 26, 10, 3, 34, 1, 7, 9]}, {"capacity": 919, "impossibleCargos": [0, 1, 2, 3, 7, 10, 11, 12, 13, 14, 17, 19, 20, 23, 24, 28, 29], "neighbors": [25, 39, 18, 29, 4, 15, 34, 24, 26, 19, 12, 9, 37, 31, 13, 7, 23, 35, 14, 38, 22, 20, 3, 1, 0, 6]}, {"capacity": 329, "impossibleCargos": [1, 2, 3, 4, 5, 17, 18, 20, 21, 26, 27, 28], "neighbors": [28, 10, 36, 19, 0, 24, 3, 2, 6, 31, 12, 26, 7, 9, 18]}, {"capacity": 960, "impossibleCargos": [1, 2, 3, 4, 5, 6, 8, 9, 10, 13, 14, 15, 16, 17, 19, 20, 21, 23, 25, 26], "neighbors": [8, 23, 9, 35, 27, 10, 15, 6, 26, 5, 25]}, {"capacity": 770, "impossibleCargos": [3, 4, 5, 6, 7, 13, 14, 17, 18, 19, 20, 23, 27, 29], "neighbors": [7, 20, 2, 18, 24, 22, 39, 28, 23, 33, 3, 35, 29, 6, 14, 4, 10, 13, 16, 36, 15, 37]}, {"capacity": 533, "impossibleCargos": [5, 7, 9, 10, 14, 19, 22, 23, 24, 25, 26, 28, 29], "neighbors": [15, 2, 33, 0, 11, 4, 18, 36, 3, 9, 20, 34, 21, 23, 17, 26, 38, 24]}, {"capacity": 712, "impossibleCargos": [1, 4, 5, 7, 8, 9, 10, 13, 15, 16, 17, 18, 20, 23, 27, 28], "neighbors": [26, 15, 27, 7, 20, 19, 21, 32, 23, 4, 25, 16, 35, 31, 22, 2, 0, 34, 17, 14, 8]}, {"capacity": 664, "impossibleCargos": [2, 3, 4, 6, 7, 10, 11, 12, 15, 16, 17, 19, 20, 22, 23, 24, 27, 28, 29], "neighbors": [37, 18, 26, 13, 3, 19, 28, 0, 11, 10, 9, 6, 20, 25, 14, 36, 32, 24, 12, 33, 7, 27, 23]}, {"capacity": 811, "impossibleCargos": [2, 3, 5, 6, 8, 9, 12, 14, 16, 17, 18, 19, 20, 24, 25, 26, 28, 29], "neighbors": [37, 27, 38, 36, 18, 30, 39, 2, 8, 19, 3, 33, 28, 31, 15, 16, 21, 24, 22, 10]}, {"capacity": 500, "impossibleCargos": [2, 3, 4, 5, 6, 8, 11, 18, 21, 24, 25, 28, 29], "neighbors": [17, 21, 2, 26, 35, 13, 29, 4, 27, 12, 32, 10, 25, 34, 15, 23, 18, 20, 31, 37]}, {"capacity": 372, "impossibleCargos": [1, 3, 4, 7, 8, 9, 11, 12, 14, 16, 17, 18, 22, 25, 27, 28, 29], "neighbors": [34, 35, 11, 23, 4, 24, 18, 28, 38, 3, 8, 17, 1, 16, 27, 21, 10, 36, 31]}, {"capacity": 255, "impossibleCargos": [0, 3, 5, 9, 10, 11, 12, 14, 18, 20, 22, 23, 24, 27], "neighbors": [35, 22, 5, 8, 13, 37, 15, 18, 24, 6, 20, 28, 3, 12, 32]}, {"capacity": 456, "impossibleCargos": [0, 3, 4, 5, 7, 8, 9, 10, 11, 15, 18, 19, 21, 22, 23], "neighbors": [28, 13, 12, 6, 23, 14, 35, 2, 9, 31, 16, 19, 1, 11, 0, 7, 18, 21, 17]}]}