{"volumes": [603, 1176, 1504, 0, 447, 367, 349, 0, 0, 681, 0, 913, 257, 1927, 466, 379, 0, 0, 804, 0, 862, 1706, 1303, 732, 0, 270, 1479, 908, 694, 229], "conflicts": [[0, 3], [0, 8], [0, 10], [0, 16], [0, 17], [0, 19], [1, 3], [1, 4], [1, 7], [1, 10], [1, 11], [1, 16], [1, 17], [1, 19], [1, 24], [2, 3], [2, 6], [2, 7], [2, 8], [2, 9], [2, 12], [2, 16], [2, 17], [2, 19], [3, 5], [3, 6], [3, 7], [3, 9], [3, 10], [3, 11], [3, 12], [3, 13], [3, 14], [3, 15], [3, 17], [3, 19], [3, 20], [3, 21], [3, 23], [3, 24], [3, 25], [3, 28], [4, 7], [4, 10], [4, 11], [4, 16], [4, 17], [4, 19], [4, 20], [4, 23], [4, 24], [4, 25], [4, 29], [5, 8], [5, 10], [5, 16], [5, 19], [5, 24], [6, 7], [6, 10], [6, 11], [6, 14], [6, 16], [6, 17], [6, 19], [6, 20], [6, 23], [6, 24], [6, 25], [6, 27], [7, 8], [7, 9], [7, 10], [7, 11], [7, 12], [7, 13], [7, 14], [7, 15], [7, 16], [7, 18], [7, 19], [7, 21], [7, 22], [7, 23], [7, 24], [7, 25], [7, 26], [7, 27], [7, 28], [7, 29], [8, 10], [8, 11], [8, 12], [8, 13], [8, 14], [8, 15], [8, 16], [8, 17], [8, 20], [8, 21], [8, 22], [8, 25], [8, 27], [8, 29], [9, 10], [9, 11], [9, 12], [9, 14], [9, 15], [9, 17], [9, 19], [9, 21], [9, 24], [9, 25], [10, 11], [10, 12], [10, 14], [10, 15], [10, 16], [10, 18], [10, 19], [10, 21], [10, 22], [10, 23], [10, 24], [10, 25], [10, 26], [10, 28], [11, 12], [11, 14], [11, 16], [11, 18], [11, 19], [11, 23], [11, 24], [11, 27], [12, 13], [12, 16], [12, 19], [12, 24], [12, 25], [13, 16], [13, 17], [13, 24], [14, 16], [14, 17], [14, 19], [14, 27], [15, 16], [15, 19], [15, 20], [15, 24], [15, 25], [15, 27], [16, 17], [16, 20], [16, 22], [16, 23], [16, 24], [16, 26], [16, 27], [16, 28], [16, 29], [17, 18], [17, 20], [17, 21], [17, 22], [17, 24], [17, 25], [17, 27], [18, 19], [18, 24], [19, 20], [19, 21], [19, 22], [19, 23], [19, 24], [19, 25], [19, 26], [19, 27], [19, 28], [19, 29], [20, 24], [21, 24], [22, 24], [22, 25], [22, 29], [23, 24], [23, 27], [23, 29], [24, 26], [24, 27], [24, 28], [24, 29], [25, 29]], "tanks": [{"capacity": 747, "impossibleCargos": [0, 1, 2, 3, 6, 7, 9, 10, 11, 14, 18, 19, 22, 24, 26, 28], "neighbors": [1, 20, 19, 24, 18, 12, 35, 9, 4, 31, 3, 5, 34, 30, 32, 10, 39, 14, 15]}, {"capacity": 346, "impossibleCargos": [0, 1, 3, 4, 5, 8, 9, 10, 11, 12, 15, 16, 17, 20, 22, 23, 26, 29], "neighbors": [6, 36, 0, 33, 34, 21, 9, 32, 20, 11, 13, 15, 24, 27, 37]}, {"capacity": 802, "impossibleCargos": [2, 3, 5, 7, 11, 13, 14, 18, 22, 24, 25, 26, 27, 29], "neighbors": [10, 33, 24, 29, 18, 28, 8, 23, 32, 38, 37, 34, 13, 30, 9, 19, 7, 12, 14, 16]}, {"capacity": 824, "impossibleCargos": [0, 3, 6, 8, 9, 10, 11, 12, 21, 23, 24, 26], "neighbors": [13, 21, 24, 9, 31, 34, 30, 22, 36, 0, 26, 16, 33, 4, 20, 15]}, {"capacity": 533, "impossibleCargos": [0, 3, 5, 7, 9, 10, 11, 13, 16, 17, 20, 21, 22, 23, 26, 27, 28, 29], "neighbors": [37, 8, 16, 11, 14, 24, 19, 33, 35, 30, 21, 34, 0, 22, 39, 18, 3, 27, 13, 12, 23]}, {"capacity": 221, "impossibleCargos": [1, 2, 4, 6, 7, 8, 10, 12, 13, 16, 18, 20, 23, 24, 27, 29], "neighbors": [30, 15, 27, 20, 32, 6, 34, 37, 26, 0, 13, 35, 36, 31, 18]}, {"capacity": 328, "impossibleCargos": [0, 1, 3, 4, 5, 6, 8, 9, 10, 11, 12, 17, 20, 21, 23, 26, 28], "neighbors": [1, 19, 37, 23, 12, 5, 11, 21, 15, 22, 13, 34, 39, 9, 29, 32, 28, 14, 25, 30]}, {"capacity": 755, "impossibleCargos": [0, 1, 3, 4, 5, 8, 10, 11, 12, 13, 14, 16, 19, 21, 22, 23, 24, 26, 27, 28], "neighbors": [21, 37, 12, 14, 23, 29, 17, 34, 35, 20, 39, 26, 27, 22, 13, 19, 2, 8, 33, 11, 32, 30]}, {"capacity": 723, "impossibleCargos": [2, 5, 11, 12, 14, 16, 18, 19, 20, 25], "neighbors": [25, 26, 4, 2, 35, 32, 29, 11, 24, 22, 9, 7, 21, 23, 16, 30, 31, 34]}, {"capacity": 879, "impossibleCargos": [0, 3, 6, 10, 16, 17, 18, 23, 25, 26, 29], "neighbors": [17, 34, 35, 3, 37, 19, 0, 29, 26, 1, 30, 10, 39, 15, 6, 2, 8, 27, 28, 36, 31, 16, 12]}, {"capacity": 592, "impossibleCargos": [0, 1, 2, 4, 5, 6, 7, 8, 10, 15, 16, 17, 18, 23, 26, 27, 28], "neighbors": [2, 17, 31, 32, 34, 26, 38, 11, 15, 23, 18, 16, 20, 9, 0, 22, 14]}, {"capacity": 767, "impossibleCargos": [1, 2, 3, 7, 9, 10, 12, 16, 19, 22, 23, 27, 29], "neighbors": [21, 37, 27, 30, 4, 33, 6, 32, 22, 10, 12, 18, 8, 25, 28, 1, 13, 24, 7]}, {"capacity": 759, "impossibleCargos": [0, 5, 6, 8, 9, 10, 12, 13, 14, 18, 19, 26, 27, 28], "neighbors": [21, 26, 28, 7, 18, 20, 34, 38, 6, 0, 22, 17, 11, 23, 29, 2, 36, 4, 9]}, {"capacity": 561, "impossibleCargos": [0, 4, 8, 9, 16, 17, 18, 19, 20, 22, 25, 29], "neighbors": [26, 3, 16, 23, 15, 34, 32, 36, 35, 6, 24, 39, 7, 17, 5, 31, 2, 21, 1, 11, 14, 30, 38, 4]}, {"capacity": 662, "impossibleCargos": [1, 2, 3, 4, 5, 6, 11, 12, 16, 20, 21, 23, 24, 26, 28, 29], "neighbors": [27, 7, 19, 4, 32, 18, 28, 15, 30, 37, 39, 25, 35, 34, 33, 38, 2, 6, 13, 0, 10]}, {"capacity": 852, "impossibleCargos": [0, 5, 7, 8, 9, 14, 15, 17, 18, 19, 20, 21, 25, 27], "neighbors": [22, 5, 28, 13, 27, 21, 6, 16, 14, 10, 35, 31, 17, 9, 19, 30, 1, 3, 0]}, {"capacity": 672, "impossibleCargos": [1, 2, 4, 8, 10, 11, 12, 17, 20, 23, 25, 26], "neighbors": [17, 13, 4, 30, 36, 22, 15, 26, 28, 35, 38, 10, 3, 32, 27, 34, 8, 9, 37, 2, 25, 23]}, {"capacity": 334, "impossibleCargos": [2, 6, 7, 9, 14, 15, 17, 20, 22, 23, 25, 26, 29], "neighbors": [9, 10, 16, 7, 12, 20, 39, 32, 31, 15, 29, 26, 13, 27, 21, 22, 25, 38]}, {"capacity": 789, "impossibleCargos": [1, 3, 4, 6, 11, 12, 14, 15, 16, 17, 18, 19, 20, 22, 24, 27, 28, 29], "neighbors": [35, 12, 29, 2, 0, 20, 28, 14, 11, 10, 23, 24, 4, 34, 21, 30, 31, 5]}, {"capacity": 421, "impossibleCargos": [0, 1, 2, 3, 4, 7, 10, 13, 14, 15, 19, 21, 23, 24, 25, 27, 29], "neighbors": [30, 6, 24, 14, 33, 35, 0, 4, 25, 9, 39, 32, 2, 7, 20, 34, 15, 23]}, {"capacity": 534, "impossibleCargos": [0, 2, 3, 9, 10, 11, 13, 15, 16, 21, 23, 25, 27, 29], "neighbors": [28, 5, 0, 12, 33, 39, 7, 18, 17, 10, 30, 22, 1, 25, 19, 31, 3]}, {"capacity": 849, "impossibleCargos": [1, 3, 4, 5, 6, 7, 8, 10, 11, 12, 13, 15, 16, 17, 18, 19, 23, 26, 28], "neighbors": [12, 11, 7, 3, 31, 6, 1, 15, 4, 37, 23, 26, 22, 35, 17, 13, 8, 27, 18, 25]}, {"capacity": 556, "impossibleCargos": [1, 6, 8, 10, 13, 15, 16, 19, 20, 22, 25, 26], "neighbors": [15, 28, 37, 32, 12, 16, 11, 3, 34, 39, 4, 6, 7, 21, 20, 31, 26, 8, 38, 24, 27, 30, 10, 17]}, {"capacity": 366, "impossibleCargos": [4, 6, 8, 9, 10, 11, 13, 15, 16, 17, 19, 21, 22, 27, 29], "neighbors": [7, 6, 34, 13, 2, 33, 21, 10, 12, 18, 19, 8, 24, 16, 4]}, {"capacity": 526, "impossibleCargos": [0, 1, 4, 5, 7, 11, 13, 14, 15, 19, 21, 24, 29], "neighbors": [29, 19, 2, 3, 0, 4, 32, 34, 13, 8, 38, 18, 22, 27, 25, 23, 11, 1, 37, 36]}, {"capacity": 962, "impossibleCargos": [3, 5, 6, 7, 8, 12, 13, 14, 16, 17, 19, 20, 24, 26, 27, 29], "neighbors": [8, 38, 27, 19, 26, 32, 11, 14, 29, 20, 30, 28, 24, 21, 6, 16, 17, 37]}, {"capacity": 405, "impossibleCargos": [2, 3, 4, 5, 7, 12, 14, 15, 16, 17, 20, 21, 23, 26, 27, 28], "neighbors": [13, 12, 29, 8, 10, 32, 33, 7, 38, 37, 25, 16, 9, 21, 5, 30, 17, 3, 22, 31]}, {"capacity": 902, "impossibleCargos": [1, 2, 3, 4, 8, 9, 10, 11, 12, 15, 18, 19, 20, 21, 22, 25, 27, 28], "neighbors": [5, 14, 11, 31, 25, 15, 30, 28, 7, 37, 17, 16, 36, 9, 22, 24, 21, 4, 29, 1]}, {"capacity": 257, "impossibleCargos": [3, 4, 7, 9, 10, 12, 14, 16, 18, 19, 22, 27], "neighbors": [12, 20, 22, 38, 2, 15, 18, 27, 35, 14, 36, 16, 34, 11, 9, 25, 6, 30, 39]}, {"capacity": 481, "impossibleCargos": [1, 5, 6, 7, 10, 11, 14, 16, 19, 22, 23, 25, 26, 27, 28], "neighbors": [24, 26, 2, 18, 7, 39, 9, 8, 12, 17, 25, 33, 6, 34, 27, 35]}, {"capacity": 551, "impossibleCargos": [2, 6, 7, 8, 18, 21, 23, 24, 28], "neighbors": [5, 19, 11, 16, 27, 4, 3, 38, 14, 34, 32, 35, 9, 26, 20, 2, 25, 0, 37, 15, 22, 28, 36, 13, 18, 6, 8, 7]}, {"capacity": 494, "impossibleCargos": [0, 6, 7, 8, 9, 10, 11, 14, 16, 20, 22, 23, 26, 27, 28, 29], "neighbors": [10, 21, 27, 3, 34, 32, 17, 15, 0, 39, 13, 22, 33, 20, 5, 26, 9, 18, 8]}, {"capacity": 903, "impossibleCargos": [2, 6, 7, 10, 13, 15, 16, 18, 20, 23, 24, 26, 27, 28, 29], "neighbors": [39, 35, 10, 5, 26, 8, 22, 14, 11, 31, 2, 13, 24, 19, 17, 25, 30, 38, 1, 16, 6, 0, 7]}, {"capacity": 373, "impossibleCargos": [1, 3, 4, 5, 7, 8, 13, 14, 15, 16, 17, 18, 19, 22, 23, 25, 27, 29], "neighbors": [2, 20, 1, 19, 26, 35, 38, 11, 4, 23, 34, 37, 3, 29, 31, 14, 7]}, {"capacity": 850, "impossibleCargos": [1, 10, 12, 13, 18, 19, 24, 25, 26, 29], "neighbors": [9, 38, 7, 10, 1, 23, 12, 31, 13, 3, 5, 36, 39, 4, 22, 33, 30, 24, 6, 35, 37, 28, 18, 14, 2, 16, 0, 19, 29, 8]}, {"capacity": 546, "impossibleCargos": [0, 1, 3, 4, 5, 7, 8, 10, 12, 13, 14, 17, 18, 19, 23, 26, 29], "neighbors": [18, 32, 9, 19, 8, 7, 33, 0, 4, 37, 28, 13, 30, 16, 15, 14, 21, 34, 5, 29]}, {"capacity": 307, "impossibleCargos": [0, 6, 7, 8, 9, 10, 13, 14, 15, 16, 17, 18, 19, 25, 27], "neighbors": [1, 16, 34, 28, 3, 13, 27, 5, 12, 30, 9, 37, 24]}, {"capacity": 331, "impossibleCargos": [0, 1, 8, 9, 10, 13, 14, 22, 23, 24, 26, 29], "neighbors": [4, 7, 39, 11, 22, 6, 9, 26, 35, 5, 21, 38, 14, 27, 2, 33, 34, 30, 24, 16, 36, 25, 1]}, {"capacity": 738, "impossibleCargos": [0, 1, 2, 4, 11, 14, 15, 16, 17, 18, 19, 24, 26, 28], "neighbors": [34, 28, 25, 12, 33, 26, 10, 30, 37, 2, 16, 32, 24, 22, 14, 13, 17]}, {"capacity": 639, "impossibleCargos": [0, 1, 2, 4, 5, 7, 10, 11, 12, 13, 14, 15, 16, 17, 18, 19, 24, 26, 28, 29], "neighbors": [32, 37, 20, 7, 29, 34, 19, 17, 22, 14, 13, 4, 9, 6, 31, 0, 28]}]}