{"volumes": [337, 370, 477, 583, 585, 0, 525, 0, 597, 894, 576, 0, 1305, 353, 0, 505, 1255, 621, 1407, 0, 485, 722, 806, 1635, 0, 739, 983, 0, 577, 350], "conflicts": [[0, 4], [0, 10], [0, 24], [1, 2], [1, 13], [1, 19], [1, 29], [2, 5], [2, 6], [2, 11], [3, 11], [3, 14], [4, 14], [4, 24], [4, 27], [5, 9], [5, 19], [5, 25], [6, 14], [6, 27], [7, 10], [7, 11], [7, 17], [7, 20], [7, 22], [7, 28], [8, 24], [9, 14], [9, 24], [10, 13], [10, 19], [11, 15], [11, 22], [11, 24], [11, 25], [11, 28], [11, 29], [14, 16], [14, 17], [14, 18], [14, 28], [14, 29], [15, 24], [15, 25], [15, 27], [17, 19], [18, 19], [18, 24], [19, 21], [19, 22], [19, 24], [19, 25], [22, 27], [23, 27], [24, 28], [25, 27], [27, 28]], "tanks": [{"capacity": 595, "impossibleCargos": [2, 3, 5, 10, 12, 16, 21, 26, 29], "neighbors": [29, 28, 21, 32, 36, 31, 35, 18, 27, 26, 22, 25, 23, 2, 9, 20, 13, 34, 8, 37, 39, 7, 10, 15, 6, 5, 17, 38, 33, 24, 4, 1, 14]}, {"capacity": 246, "impossibleCargos": [1, 2, 9, 15, 16, 18, 19], "neighbors": [4, 16, 20, 13, 23, 34, 17, 33, 24, 19, 7, 29, 38, 5, 32, 22, 15, 30, 26, 10, 28, 14, 3, 0, 8, 2, 36]}, {"capacity": 844, "impossibleCargos": [1, 4, 5, 7, 10, 16], "neighbors": [21, 26, 32, 9, 17, 18, 38, 4, 37, 39, 25, 12, 30, 0, 5, 16, 22, 23, 35, 28, 20, 34, 10, 29, 15, 8, 1, 31, 7, 14]}, {"capacity": 494, "impossibleCargos": [10, 14, 16, 23, 25, 27], "neighbors": [29, 31, 9, 21, 5, 38, 37, 14, 23, 25, 12, 6, 28, 34, 19, 4, 36, 16, 8, 20, 26, 22, 32, 24, 13, 10, 15, 30, 1, 33]}, {"capacity": 663, "impossibleCargos": [3, 11, 12, 13, 16, 21], "neighbors": [36, 30, 1, 37, 10, 34, 9, 17, 7, 23, 2, 12, 26, 15, 28, 27, 19, 3, 25, 38, 32, 8, 5, 6, 24, 39, 14, 13, 33, 0, 20, 29]}, {"capacity": 537, "impossibleCargos": [0, 3, 12, 17], "neighbors": [31, 19, 3, 22, 36, 21, 26, 8, 17, 2, 10, 1, 9, 14, 29, 4, 0, 27, 11, 35, 23, 18, 30, 28, 20, 13]}, {"capacity": 363, "impossibleCargos": [7, 9, 15, 24], "neighbors": [36, 13, 24, 32, 17, 18, 35, 26, 39, 14, 20, 27, 3, 23, 31, 38, 29, 34, 22, 25, 0, 21, 4, 10, 15, 8, 12, 9, 37, 16]}, {"capacity": 865, "impossibleCargos": [16, 23, 27], "neighbors": [26, 13, 22, 4, 17, 16, 14, 15, 8, 1, 25, 23, 18, 30, 31, 12, 39, 0, 27, 28, 33, 20, 34, 24, 2, 38]}, {"capacity": 633, "impossibleCargos": [1, 2, 3, 5, 8, 12, 15, 18, 25, 27, 29], "neighbors": [13, 30, 24, 26, 31, 21, 28, 5, 25, 36, 7, 0, 38, 17, 11, 23, 4, 3, 15, 27, 39, 32, 6, 20, 35, 2, 1, 10, 34]}, {"capacity": 456, "impossibleCargos": [3, 4, 5, 6, 9, 11, 12, 16, 29], "neighbors": [3, 13, 4, 33, 27, 2, 26, 20, 12, 24, 17, 14, 15, 29, 0, 16, 25, 34, 5, 32, 39, 10, 30, 35, 21, 6]}, {"capacity": 372, "impossibleCargos": [0, 2, 4, 9, 11, 14, 15, 18, 21], "neighbors": [15, 4, 35, 33, 19, 14, 16, 18, 23, 12, 37, 38, 21, 5, 17, 30, 24, 25, 2, 0, 34, 20, 1, 6, 28, 9, 32, 3, 39, 8, 31]}, {"capacity": 687, "impossibleCargos": [6, 17], "neighbors": [24, 22, 20, 36, 30, 35, 25, 17, 16, 29, 38, 32, 8, 12, 27, 31, 14, 5, 26, 34, 39, 15, 23, 21]}, {"capacity": 864, "impossibleCargos": [1, 3, 5, 6, 8, 10, 11, 12, 14, 19, 25, 26, 29], "neighbors": [13, 18, 29, 20, 15, 22, 4, 10, 31, 28, 9, 24, 36, 2, 17, 32, 35, 26, 3, 16, 37, 25, 7, 11, 34, 38, 21, 19, 6, 33]}, {"capacity": 564, "impossibleCargos": [3, 7, 12, 13, 29], "neighbors": [12, 30, 6, 25, 8, 9, 20, 15, 7, 1, 34, 29, 26, 38, 28, 31, 0, 23, 22, 36, 39, 3, 4, 37, 5, 16, 27, 19, 32, 35]}, {"capacity": 293, "impossibleCargos": [5, 6, 10, 13, 14, 15, 16, 20, 25], "neighbors": [10, 33, 35, 31, 28, 15, 7, 3, 23, 9, 6, 20, 19, 18, 5, 37, 17, 11, 29, 27, 16, 36, 4, 30, 22, 1, 0, 25, 24, 32, 2]}, {"capacity": 317, "impossibleCargos": [2, 3, 4, 8, 12, 14], "neighbors": [37, 28, 10, 22, 13, 14, 17, 36, 12, 31, 7, 9, 19, 4, 35, 16, 34, 1, 27, 18, 0, 29, 32, 8, 25, 2, 6, 11, 39, 3]}, {"capacity": 202, "impossibleCargos": [0, 1, 10, 17, 18, 22, 27], "neighbors": [36, 25, 1, 31, 34, 10, 27, 22, 32, 7, 35, 11, 18, 19, 39, 23, 9, 2, 12, 15, 33, 3, 14, 38, 29, 30, 37, 26, 13, 28, 17, 6]}, {"capacity": 887, "impossibleCargos": [4, 7, 8, 17, 18, 19, 20, 22, 26, 29], "neighbors": [28, 4, 6, 2, 1, 7, 31, 21, 15, 11, 22, 5, 34, 9, 12, 33, 10, 37, 8, 19, 20, 36, 26, 14, 30, 25, 0, 24, 39, 16]}, {"capacity": 726, "impossibleCargos": [3, 13, 18, 26, 29], "neighbors": [12, 6, 33, 35, 2, 10, 24, 16, 27, 0, 23, 20, 26, 36, 7, 39, 22, 14, 37, 32, 15, 31, 25, 5, 28]}, {"capacity": 888, "impossibleCargos": [0, 6, 12, 15, 16, 22, 24, 26, 28], "neighbors": [32, 39, 5, 10, 38, 1, 16, 37, 15, 14, 4, 28, 3, 17, 27, 20, 29, 26, 12, 35, 22, 13, 36]}, {"capacity": 353, "impossibleCargos": [11, 14, 17, 20, 23, 25], "neighbors": [32, 13, 11, 1, 25, 39, 30, 33, 12, 9, 14, 6, 34, 18, 21, 37, 27, 0, 2, 19, 17, 29, 3, 28, 31, 10, 24, 8, 38, 5, 7, 4]}, {"capacity": 698, "impossibleCargos": [2, 4, 11, 14, 18, 27], "neighbors": [2, 23, 37, 0, 3, 32, 17, 8, 5, 38, 29, 20, 10, 36, 26, 30, 6, 33, 27, 12, 22, 9, 34, 28, 35, 11]}, {"capacity": 556, "impossibleCargos": [2, 7, 10, 19, 20, 24], "neighbors": [28, 25, 23, 15, 32, 11, 39, 27, 7, 36, 16, 5, 17, 12, 29, 34, 24, 38, 0, 13, 18, 2, 33, 30, 1, 6, 3, 21, 14, 19]}, {"capacity": 834, "impossibleCargos": [5, 7, 14, 19, 24], "neighbors": [21, 22, 35, 1, 25, 4, 10, 14, 32, 31, 36, 18, 28, 29, 3, 16, 0, 30, 37, 7, 6, 13, 2, 26, 8, 34, 24, 5, 11]}, {"capacity": 781, "impossibleCargos": [7, 8, 12, 16, 17, 18, 19, 26, 27, 29], "neighbors": [11, 37, 6, 8, 1, 36, 18, 9, 25, 12, 30, 22, 27, 26, 32, 28, 10, 29, 17, 3, 4, 23, 39, 35, 20, 31, 0, 38, 34, 7, 14]}, {"capacity": 593, "impossibleCargos": [1, 10, 15, 20, 23, 24, 25], "neighbors": [32, 34, 22, 13, 16, 20, 28, 23, 38, 11, 8, 31, 24, 2, 7, 26, 3, 0, 29, 9, 37, 12, 4, 6, 10, 35, 30, 17, 15, 18, 39, 33, 27, 14]}, {"capacity": 329, "impossibleCargos": [1, 4, 10, 15, 23, 28], "neighbors": [7, 2, 8, 6, 9, 13, 5, 35, 37, 4, 29, 0, 25, 18, 12, 21, 23, 24, 34, 32, 17, 36, 19, 1, 3, 11, 31, 27, 39, 16]}, {"capacity": 594, "impossibleCargos": [8, 10, 21, 26, 27, 29], "neighbors": [36, 9, 22, 39, 16, 18, 6, 0, 20, 24, 4, 37, 19, 11, 15, 38, 7, 5, 8, 14, 21, 30, 31, 26, 25, 13]}, {"capacity": 303, "impossibleCargos": [0, 4, 9, 11, 16, 26], "neighbors": [17, 22, 15, 0, 39, 25, 14, 8, 32, 12, 13, 23, 35, 3, 4, 36, 19, 2, 24, 20, 37, 10, 7, 30, 5, 18, 21, 1, 16]}, {"capacity": 715, "impossibleCargos": [4, 6, 7, 25, 29], "neighbors": [12, 3, 0, 13, 21, 22, 31, 26, 11, 9, 23, 1, 30, 25, 35, 6, 19, 5, 24, 38, 20, 15, 2, 14, 16, 33, 4, 39, 37]}, {"capacity": 433, "impossibleCargos": [6, 20, 26], "neighbors": [4, 13, 8, 11, 20, 37, 31, 24, 2, 23, 29, 7, 21, 10, 22, 33, 32, 1, 25, 36, 38, 17, 39, 9, 5, 27, 14, 28, 35, 16, 3]}, {"capacity": 731, "impossibleCargos": [22, 23], "neighbors": [5, 3, 16, 35, 14, 8, 36, 17, 15, 12, 29, 25, 0, 30, 23, 38, 13, 6, 7, 39, 11, 18, 37, 20, 26, 34, 27, 33, 24, 32, 2, 10]}, {"capacity": 458, "impossibleCargos": [3, 11, 21], "neighbors": [37, 19, 25, 20, 35, 22, 2, 21, 6, 16, 0, 33, 28, 23, 12, 24, 11, 1, 26, 30, 4, 18, 15, 3, 9, 8, 10, 34, 36, 31, 39, 13, 14]}, {"capacity": 964, "impossibleCargos": [1, 10, 19, 29], "neighbors": [10, 9, 34, 14, 18, 20, 1, 32, 37, 17, 36, 22, 30, 16, 21, 39, 0, 35, 7, 31, 4, 29, 12, 25, 3]}, {"capacity": 459, "impossibleCargos": [3, 5, 8, 9, 10, 14, 21, 23, 24], "neighbors": [25, 4, 33, 13, 1, 16, 38, 22, 17, 20, 0, 3, 26, 9, 39, 6, 15, 2, 35, 10, 37, 23, 12, 11, 31, 32, 21, 7, 24, 8]}, {"capacity": 505, "impossibleCargos": [11, 12, 22, 23], "neighbors": [32, 39, 10, 23, 31, 14, 6, 18, 11, 26, 16, 0, 12, 28, 29, 2, 37, 15, 34, 25, 5, 9, 24, 33, 19, 30, 8, 21, 13]}, {"capacity": 574, "impossibleCargos": [0, 1, 3, 7, 8, 12, 18, 19, 20, 22, 23, 24], "neighbors": [27, 4, 6, 16, 11, 22, 31, 5, 15, 24, 0, 8, 12, 23, 21, 18, 38, 13, 28, 33, 3, 17, 26, 30, 39, 14, 32, 19, 1]}, {"capacity": 607, "impossibleCargos": [1, 2, 5, 8, 9, 20, 24, 25, 26], "neighbors": [32, 15, 21, 4, 24, 38, 3, 30, 26, 2, 10, 33, 19, 20, 23, 17, 35, 27, 25, 39, 12, 18, 0, 14, 34, 31, 28, 16, 13, 6, 29]}, {"capacity": 631, "impossibleCargos": [2, 4, 10, 14, 21, 26], "neighbors": [37, 3, 25, 2, 19, 34, 21, 13, 31, 22, 10, 11, 36, 1, 39, 6, 8, 4, 29, 27, 30, 0, 16, 12, 20, 24, 7]}, {"capacity": 474, "impossibleCargos": [2, 11, 13, 20, 24], "neighbors": [19, 35, 22, 28, 27, 20, 6, 16, 2, 18, 38, 13, 34, 31, 37, 7, 0, 17, 8, 4, 33, 30, 9, 24, 36, 25, 11, 26, 15, 10, 32, 29]}]}