{"volumes": [0, 0, 1684, 1292, 443, 0, 298, 1179, 627, 553, 173, 1523, 916, 0, 182, 501, 343, 246, 596, 428, 277, 182, 447, 682, 0, 741, 179, 1796, 367, 154], "conflicts": [[0, 3], [0, 4], [0, 10], [0, 14], [0, 21], [0, 23], [0, 24], [0, 26], [0, 29], [1, 7], [1, 12], [1, 13], [1, 17], [1, 20], [1, 28], [1, 29], [3, 13], [3, 24], [5, 6], [5, 9], [5, 14], [5, 19], [5, 27], [5, 28], [6, 21], [6, 28], [7, 13], [8, 13], [9, 17], [9, 20], [10, 21], [11, 24], [12, 25], [13, 16], [13, 17], [13, 18], [13, 21], [14, 21], [16, 22], [16, 25], [16, 28], [17, 24], [17, 26], [18, 24], [20, 21], [21, 24], [22, 24], [22, 29], [24, 26], [24, 29]], "tanks": [{"capacity": 539, "impossibleCargos": [3, 5, 8, 12, 22, 25, 26, 27, 29], "neighbors": [17, 9, 37, 1, 30, 35, 24, 32, 31, 14, 13, 34, 12, 36, 6, 2, 3, 25, 29, 39, 18, 11, 8, 38, 22, 4, 16, 33]}, {"capacity": 543, "impossibleCargos": [0, 4, 7, 13, 15], "neighbors": [24, 11, 0, 15, 7, 28, 17, 14, 29, 8, 19, 23, 9, 30, 3, 37, 18, 4, 10, 35, 34, 26, 38, 20, 16]}, {"capacity": 525, "impossibleCargos": [4, 6, 7, 11, 14, 19, 26], "neighbors": [24, 33, 32, 22, 25, 13, 7, 10, 3, 6, 14, 39, 29, 12, 30, 9, 4, 35, 34, 8, 0, 15, 20, 21, 31, 23, 11, 18, 28]}, {"capacity": 572, "impossibleCargos": [2, 5, 11, 14, 20, 22, 24, 27, 29], "neighbors": [8, 12, 9, 5, 28, 2, 36, 27, 30, 37, 13, 18, 10, 33, 0, 34, 1, 20, 14, 7, 16, 26, 25, 24, 23]}, {"capacity": 273, "impossibleCargos": [5, 6, 14, 16, 18, 20, 23], "neighbors": [22, 8, 19, 17, 21, 27, 28, 39, 14, 2, 38, 29, 20, 9, 30, 11, 18, 5, 31, 1, 26, 34, 0, 15, 33, 24]}, {"capacity": 886, "impossibleCargos": [0, 2, 9, 10, 15, 16, 17, 20, 25, 26, 28], "neighbors": [20, 24, 34, 3, 32, 22, 6, 23, 13, 35, 18, 12, 25, 39, 30, 7, 15, 14, 26, 10, 17, 4, 19, 29, 37, 38, 21]}, {"capacity": 357, "impossibleCargos": [1, 6, 12, 13, 17, 18, 21, 22, 28], "neighbors": [35, 26, 8, 16, 13, 19, 5, 2, 21, 17, 7, 14, 23, 31, 15, 37, 39, 36, 20, 25, 24, 0, 11, 22, 38, 30, 10, 27, 28, 33, 12, 34]}, {"capacity": 458, "impossibleCargos": [4, 7, 8, 10, 12, 28, 29], "neighbors": [14, 34, 36, 22, 20, 21, 2, 32, 18, 25, 26, 1, 12, 5, 33, 9, 6, 39, 27, 24, 17, 30, 38, 35, 23, 3, 11, 28, 16, 19, 29, 10, 13]}, {"capacity": 759, "impossibleCargos": [2, 8, 10, 14], "neighbors": [3, 6, 11, 18, 4, 35, 26, 23, 28, 36, 12, 17, 2, 1, 27, 19, 14, 15, 25, 31, 21, 0, 29, 34, 13, 33, 20, 38, 32, 22, 10]}, {"capacity": 493, "impossibleCargos": [1, 3, 4, 12, 14, 17, 18, 19, 22, 26], "neighbors": [23, 0, 19, 3, 39, 38, 31, 17, 36, 18, 35, 2, 29, 28, 7, 26, 4, 25, 21, 27, 16, 1, 13, 15, 12, 32, 34, 14, 30, 22]}, {"capacity": 777, "impossibleCargos": [1, 2, 4, 11, 22], "neighbors": [13, 38, 36, 2, 24, 11, 20, 26, 18, 23, 28, 3, 12, 5, 25, 29, 27, 19, 6, 1, 35, 17, 30, 33, 7, 14, 8, 31]}, {"capacity": 845, "impossibleCargos": [2, 5, 9, 16, 17, 21, 22], "neighbors": [18, 13, 1, 8, 38, 28, 29, 36, 12, 14, 10, 16, 35, 19, 23, 24, 25, 22, 4, 39, 6, 17, 34, 32, 27, 7, 0, 2, 33]}, {"capacity": 687, "impossibleCargos": [6, 8, 13, 17, 21, 22, 26], "neighbors": [15, 27, 3, 19, 20, 11, 39, 33, 24, 26, 5, 30, 2, 31, 17, 7, 18, 8, 10, 0, 16, 37, 35, 38, 29, 14, 9, 36, 28, 6, 13]}, {"capacity": 545, "impossibleCargos": [2, 3, 8, 12, 13, 21, 23, 26, 29], "neighbors": [20, 27, 11, 6, 10, 32, 2, 37, 5, 18, 39, 23, 17, 24, 34, 14, 0, 3, 16, 28, 29, 26, 30, 36, 9, 21, 19, 38, 15, 8, 12, 7, 35]}, {"capacity": 731, "impossibleCargos": [1, 4, 5, 6, 9, 13, 14, 16, 17, 20, 22, 27], "neighbors": [7, 19, 35, 11, 17, 28, 32, 20, 2, 0, 26, 30, 4, 13, 16, 6, 1, 5, 37, 8, 31, 3, 12, 18, 24, 29, 22, 15, 9, 36, 10]}, {"capacity": 309, "impossibleCargos": [1, 2, 6, 15, 18, 21, 24, 27, 28], "neighbors": [12, 1, 33, 37, 35, 17, 27, 16, 31, 26, 5, 20, 6, 39, 21, 28, 2, 8, 18, 38, 9, 25, 36, 13, 32, 22, 14, 23, 4, 29]}, {"capacity": 203, "impossibleCargos": [7, 15, 18, 21, 25, 26, 29], "neighbors": [26, 6, 19, 36, 29, 24, 28, 11, 15, 32, 17, 14, 30, 13, 25, 12, 22, 33, 9, 34, 35, 3, 7, 0, 18, 38, 23, 1, 21]}, {"capacity": 883, "impossibleCargos": [1, 6, 10, 13, 14, 15, 17, 18, 22, 24, 26, 28], "neighbors": [23, 0, 39, 34, 4, 18, 9, 27, 31, 20, 37, 14, 35, 15, 29, 13, 24, 16, 12, 33, 6, 26, 1, 21, 8, 25, 5, 7, 36, 11, 32, 10, 19, 38]}, {"capacity": 275, "impossibleCargos": [14, 15, 16, 19, 28], "neighbors": [21, 11, 27, 8, 17, 9, 13, 7, 28, 5, 24, 10, 12, 38, 32, 3, 33, 4, 25, 31, 39, 34, 23, 15, 26, 1, 0, 22, 14, 2, 29, 16, 19]}, {"capacity": 290, "impossibleCargos": [2, 5, 15, 16, 23, 25], "neighbors": [16, 9, 25, 4, 6, 12, 37, 14, 24, 11, 20, 27, 32, 34, 22, 39, 38, 30, 26, 36, 29, 35, 1, 8, 23, 5, 10, 13, 17, 21, 7, 31, 18]}, {"capacity": 991, "impossibleCargos": [0, 1, 8, 9, 10, 17, 22, 28], "neighbors": [5, 13, 25, 34, 7, 12, 39, 32, 17, 24, 14, 10, 22, 19, 23, 38, 35, 4, 15, 6, 30, 29, 36, 21, 2, 26, 3, 27, 28, 8, 1]}, {"capacity": 541, "impossibleCargos": [11, 18, 20, 24, 25, 27, 28, 29], "neighbors": [18, 7, 4, 33, 31, 22, 6, 17, 32, 9, 15, 30, 20, 2, 34, 8, 13, 23, 38, 19, 26, 5, 16]}, {"capacity": 743, "impossibleCargos": [0, 3, 10, 29], "neighbors": [31, 4, 7, 5, 2, 36, 21, 29, 20, 11, 19, 16, 37, 6, 23, 30, 28, 18, 32, 0, 15, 14, 8, 9]}, {"capacity": 274, "impossibleCargos": [12, 17, 19, 22, 24, 29], "neighbors": [17, 38, 9, 26, 25, 5, 31, 29, 13, 8, 20, 39, 11, 10, 6, 36, 34, 33, 30, 28, 35, 1, 19, 2, 22, 18, 7, 21, 32, 15, 3, 16, 37]}, {"capacity": 214, "impossibleCargos": [4, 8, 9, 11, 18, 20, 21, 22, 24], "neighbors": [29, 1, 25, 5, 2, 0, 20, 16, 10, 12, 19, 13, 35, 17, 18, 11, 32, 38, 7, 6, 26, 14, 30, 3, 4]}, {"capacity": 623, "impossibleCargos": [1, 7, 15, 19, 24, 25, 27], "neighbors": [20, 24, 19, 23, 28, 2, 37, 31, 7, 5, 11, 9, 16, 17, 10, 18, 6, 0, 38, 8, 15, 3, 39, 26]}, {"capacity": 810, "impossibleCargos": [8, 10, 12, 14, 19, 25, 26, 27], "neighbors": [16, 6, 33, 23, 35, 27, 34, 8, 30, 37, 12, 14, 28, 32, 7, 10, 15, 9, 17, 5, 19, 38, 13, 20, 18, 24, 4, 3, 21, 1, 25]}, {"capacity": 311, "impossibleCargos": [3, 21, 28], "neighbors": [13, 12, 18, 37, 29, 17, 26, 34, 4, 15, 35, 3, 19, 32, 7, 39, 28, 31, 9, 8, 36, 38, 10, 11, 6, 20, 30]}, {"capacity": 727, "impossibleCargos": [2, 11, 12, 20, 24, 28, 29], "neighbors": [33, 38, 25, 11, 3, 14, 16, 4, 18, 8, 26, 30, 34, 9, 31, 10, 1, 32, 27, 13, 23, 29, 15, 22, 37, 35, 6, 7, 20, 12, 2]}, {"capacity": 410, "impossibleCargos": [3, 4, 11, 24, 26, 29], "neighbors": [24, 39, 16, 27, 11, 23, 17, 22, 2, 35, 9, 4, 38, 30, 31, 19, 28, 1, 36, 34, 20, 10, 13, 5, 32, 0, 12, 8, 18, 37, 14, 7, 15]}, {"capacity": 244, "impossibleCargos": [4, 8, 10, 12, 14, 17], "neighbors": [35, 0, 33, 26, 14, 12, 2, 28, 3, 5, 16, 34, 4, 23, 36, 21, 29, 39, 19, 7, 37, 20, 1, 32, 13, 6, 22, 10, 27, 24, 9]}, {"capacity": 705, "impossibleCargos": [4, 8, 14, 15, 16, 17, 22, 28, 29], "neighbors": [22, 35, 9, 17, 39, 23, 0, 25, 21, 34, 36, 12, 15, 28, 6, 27, 29, 18, 33, 4, 2, 14, 8, 37, 19, 10]}, {"capacity": 275, "impossibleCargos": [3, 5, 6, 8, 22, 23, 26, 28], "neighbors": [33, 5, 13, 2, 20, 0, 7, 14, 16, 34, 26, 39, 27, 19, 24, 18, 28, 21, 38, 30, 29, 11, 17, 23, 9, 22, 15, 37, 36, 35, 8]}, {"capacity": 730, "impossibleCargos": [3, 6, 16, 19, 27], "neighbors": [38, 26, 32, 28, 2, 15, 34, 21, 36, 30, 12, 17, 7, 23, 18, 3, 16, 31, 39, 35, 6, 10, 8, 37, 4, 11, 0]}, {"capacity": 840, "impossibleCargos": [11, 15, 23, 24, 26, 27], "neighbors": [38, 20, 7, 17, 5, 33, 27, 26, 13, 31, 32, 28, 19, 35, 30, 0, 23, 2, 39, 29, 3, 18, 11, 16, 21, 8, 9, 4, 36, 1, 6]}, {"capacity": 314, "impossibleCargos": [2, 5, 15], "neighbors": [6, 30, 31, 26, 0, 8, 14, 15, 17, 38, 9, 5, 36, 11, 39, 27, 24, 29, 20, 2, 34, 23, 19, 7, 12, 16, 33, 10, 28, 1, 32, 13]}, {"capacity": 214, "impossibleCargos": [2, 5, 8, 10, 15, 20, 26], "neighbors": [37, 7, 16, 11, 39, 9, 10, 22, 33, 35, 3, 31, 8, 23, 0, 30, 6, 19, 29, 17, 20, 27, 13, 12, 15, 34, 14, 32, 38]}, {"capacity": 561, "impossibleCargos": [0, 2, 4, 9, 10, 11, 12, 13, 14, 18, 22], "neighbors": [36, 0, 27, 19, 17, 13, 15, 25, 26, 3, 6, 38, 22, 14, 30, 12, 1, 5, 28, 29, 33, 32, 31, 23]}, {"capacity": 847, "impossibleCargos": [2, 6, 12, 15, 16, 19, 23, 27, 29], "neighbors": [23, 33, 39, 34, 28, 11, 10, 9, 35, 20, 4, 24, 18, 29, 37, 19, 26, 7, 6, 32, 25, 12, 27, 21, 15, 13, 0, 5, 17, 16, 36, 1, 8]}, {"capacity": 300, "impossibleCargos": [0, 2, 6, 19, 20, 21], "neighbors": [38, 17, 29, 9, 20, 31, 36, 12, 13, 4, 35, 2, 32, 23, 5, 7, 27, 19, 34, 15, 6, 30, 11, 18, 33, 0, 25]}]}