{"volumes": [366, 0, 615, 438, 398, 0, 288, 0, 1672, 0, 990, 496, 700, 860, 799, 973, 356, 806, 1469, 0, 1516, 441, 799, 631, 740, 541, 438, 752, 1086, 0], "conflicts": [[0, 1], [0, 9], [0, 19], [0, 25], [0, 29], [1, 3], [1, 5], [1, 8], [1, 9], [1, 10], [1, 11], [1, 12], [1, 13], [1, 14], [1, 15], [1, 16], [1, 17], [1, 18], [1, 19], [1, 21], [1, 23], [1, 24], [1, 25], [1, 26], [1, 27], [1, 28], [2, 4], [2, 5], [2, 7], [2, 9], [2, 13], [2, 19], [2, 29], [3, 7], [3, 8], [3, 9], [3, 16], [3, 19], [3, 27], [3, 29], [4, 5], [4, 7], [4, 9], [4, 19], [4, 27], [5, 7], [5, 8], [5, 11], [5, 12], [5, 14], [5, 16], [5, 17], [5, 18], [5, 21], [5, 23], [5, 24], [5, 25], [5, 26], [5, 27], [5, 29], [6, 9], [6, 19], [6, 21], [6, 29], [7, 8], [7, 9], [7, 10], [7, 11], [7, 12], [7, 13], [7, 14], [7, 16], [7, 18], [7, 21], [7, 22], [7, 23], [7, 24], [7, 25], [7, 26], [7, 27], [7, 29], [8, 16], [8, 29], [9, 13], [9, 14], [9, 15], [9, 17], [9, 18], [9, 19], [9, 20], [9, 21], [9, 22], [9, 23], [9, 24], [9, 25], [9, 26], [9, 29], [10, 19], [10, 29], [11, 19], [11, 29], [12, 29], [13, 25], [13, 29], [14, 19], [14, 29], [15, 19], [16, 19], [16, 21], [16, 29], [17, 19], [17, 27], [17, 29], [18, 19], [18, 29], [19, 21], [19, 22], [19, 24], [19, 26], [19, 27], [19, 28], [19, 29], [22, 29], [23, 29], [24, 29], [25, 27], [25, 29], [26, 27]], "tanks": [{"capacity": 958, "impossibleCargos": [2, 3, 6, 9, 15, 19], "neighbors": [17, 20, 9, 27, 25, 28, 10, 13, 29, 16, 4, 31, 12, 19, 2, 24, 18, 22, 7, 34, 5, 33, 38]}, {"capacity": 853, "impossibleCargos": [4, 23, 25], "neighbors": [26, 14, 16, 32, 7, 39, 25, 37, 20, 3, 38, 15, 23, 11, 8, 6, 17, 30, 4, 29, 31, 34, 24, 22, 10, 35, 13, 21, 27, 5, 9]}, {"capacity": 539, "impossibleCargos": [5, 14, 20, 25, 26, 28], "neighbors": [35, 8, 36, 18, 37, 29, 3, 32, 7, 16, 20, 31, 19, 25, 17, 14, 30, 0, 9, 15, 23, 21, 27, 28, 39, 11, 33, 5, 24, 26, 4]}, {"capacity": 681, "impossibleCargos": [4, 7, 8, 15], "neighbors": [27, 34, 14, 13, 35, 1, 8, 25, 5, 37, 2, 4, 7, 9, 6, 29, 32, 17, 21, 12, 22, 15, 18, 33, 38, 31, 39, 30, 19, 24]}, {"capacity": 295, "impossibleCargos": [2, 3, 5, 10, 13, 21, 24, 29], "neighbors": [31, 36, 9, 28, 20, 5, 30, 37, 11, 10, 22, 33, 3, 6, 0, 26, 1, 32, 13, 23, 8, 16, 34, 12, 35, 18, 14, 27, 38, 15, 24, 2, 25]}, {"capacity": 212, "impossibleCargos": [0, 2, 15, 18, 20, 22], "neighbors": [9, 4, 12, 32, 18, 11, 17, 3, 27, 24, 38, 22, 20, 30, 28, 19, 39, 21, 25, 16, 1, 13, 2, 0, 33, 31]}, {"capacity": 512, "impossibleCargos": [5, 12, 14, 15, 16, 23, 24, 28], "neighbors": [8, 12, 19, 9, 35, 33, 29, 36, 4, 31, 22, 1, 28, 34, 15, 39, 27, 3, 7, 13, 23, 30, 32, 10, 21, 16, 26, 20, 24, 25, 17, 11, 37, 38]}, {"capacity": 347, "impossibleCargos": [0, 1, 12, 19, 22, 24, 25, 27], "neighbors": [14, 36, 30, 1, 17, 15, 11, 20, 8, 2, 9, 3, 12, 18, 34, 24, 6, 19, 16, 29, 27, 21, 35, 13, 22, 0, 28, 10, 31, 23]}, {"capacity": 749, "impossibleCargos": [1, 2, 5, 9, 14, 17], "neighbors": [24, 6, 2, 26, 17, 21, 22, 13, 29, 25, 3, 7, 14, 27, 12, 33, 35, 28, 1, 10, 37, 4, 15, 16, 34, 39, 30, 23]}, {"capacity": 447, "impossibleCargos": [0, 2, 4, 5, 6, 15, 17, 22, 24], "neighbors": [29, 5, 4, 10, 0, 18, 6, 31, 38, 22, 19, 24, 32, 12, 7, 3, 20, 16, 35, 37, 14, 28, 30, 2, 15, 39, 26, 25, 1, 33]}, {"capacity": 409, "impossibleCargos": [3, 7, 8, 9, 16, 24], "neighbors": [25, 9, 11, 36, 32, 26, 4, 0, 30, 14, 20, 8, 27, 18, 15, 17, 22, 39, 6, 19, 34, 1, 29, 13, 23, 33, 38, 12, 35, 31, 21, 24, 7]}, {"capacity": 471, "impossibleCargos": [9, 14, 17, 19, 25], "neighbors": [38, 13, 10, 23, 15, 5, 18, 7, 16, 4, 17, 1, 12, 21, 34, 22, 24, 29, 27, 32, 19, 30, 26, 2, 14, 31, 37, 6, 35, 28]}, {"capacity": 856, "impossibleCargos": [2, 3, 4, 6, 7, 11, 19, 22, 25], "neighbors": [13, 6, 5, 18, 8, 9, 25, 38, 11, 7, 28, 17, 20, 0, 21, 30, 19, 15, 24, 35, 3, 34, 23, 4, 27, 29, 37, 39, 10, 22, 14, 36]}, {"capacity": 204, "impossibleCargos": [0, 3, 5, 6, 11, 12, 13, 15, 16, 17, 18, 19, 23, 28, 29], "neighbors": [12, 24, 11, 3, 32, 17, 8, 16, 20, 21, 35, 0, 19, 28, 6, 23, 31, 4, 22, 38, 7, 1, 10, 25, 29, 5, 33, 26, 27]}, {"capacity": 655, "impossibleCargos": [1, 2, 16, 23, 24, 25], "neighbors": [7, 29, 3, 1, 24, 15, 36, 22, 39, 35, 8, 10, 30, 19, 16, 2, 32, 38, 9, 33, 27, 4, 11, 31, 12]}, {"capacity": 924, "impossibleCargos": [3, 6, 10, 15, 26, 28, 29], "neighbors": [18, 30, 26, 21, 14, 38, 11, 32, 7, 36, 1, 23, 27, 34, 24, 6, 10, 25, 8, 12, 2, 29, 9, 19, 3, 28, 37, 35, 4, 33, 39]}, {"capacity": 508, "impossibleCargos": [3, 4, 8, 9, 13, 16, 19, 20, 23], "neighbors": [1, 37, 17, 23, 11, 13, 19, 36, 31, 2, 18, 0, 14, 9, 27, 21, 28, 4, 7, 8, 35, 6, 29, 26, 33, 5, 22, 39, 20, 32, 25]}, {"capacity": 630, "impossibleCargos": [1, 4, 15, 26, 29], "neighbors": [0, 8, 13, 7, 38, 5, 16, 26, 35, 37, 22, 25, 11, 33, 34, 19, 1, 18, 12, 31, 39, 2, 32, 10, 3, 36, 6, 30, 29, 24, 21]}, {"capacity": 813, "impossibleCargos": [0, 1, 5, 12, 14, 19, 24], "neighbors": [15, 19, 9, 29, 2, 5, 22, 11, 32, 12, 16, 17, 31, 7, 10, 28, 36, 0, 27, 26, 23, 35, 3, 4, 24, 21, 30, 39]}, {"capacity": 256, "impossibleCargos": [1, 3, 4, 5, 6, 18, 19], "neighbors": [38, 32, 18, 6, 35, 39, 34, 20, 23, 9, 24, 16, 30, 33, 22, 13, 17, 21, 2, 14, 0, 7, 10, 5, 12, 15, 36, 11, 31, 3]}, {"capacity": 760, "impossibleCargos": [0, 4, 11, 24, 29], "neighbors": [31, 28, 36, 0, 4, 37, 22, 19, 1, 7, 13, 33, 32, 2, 10, 12, 9, 39, 5, 30, 23, 6, 24, 16, 25, 38]}, {"capacity": 678, "impossibleCargos": [0, 2, 5, 12, 22, 24, 26, 27], "neighbors": [26, 27, 15, 22, 8, 38, 35, 33, 13, 36, 19, 11, 34, 12, 16, 6, 31, 23, 7, 3, 5, 24, 2, 1, 18, 17, 10, 32]}, {"capacity": 523, "impossibleCargos": [0, 10, 13, 21, 22, 23, 28], "neighbors": [39, 33, 21, 8, 31, 20, 37, 14, 18, 9, 17, 4, 19, 6, 26, 24, 10, 13, 5, 1, 11, 29, 28, 3, 0, 7, 16, 12]}, {"capacity": 575, "impossibleCargos": [4, 5, 7, 20, 24, 26], "neighbors": [25, 29, 11, 34, 19, 26, 16, 15, 1, 30, 37, 32, 28, 6, 13, 4, 20, 21, 18, 24, 2, 12, 10, 8, 35, 7]}, {"capacity": 782, "impossibleCargos": [2, 6, 10, 11, 14, 18, 19, 20, 26], "neighbors": [8, 37, 13, 14, 32, 34, 39, 30, 35, 19, 9, 15, 27, 7, 22, 5, 1, 0, 26, 33, 38, 23, 25, 12, 11, 21, 20, 6, 18, 36, 31, 4, 17, 28, 2, 10, 3]}, {"capacity": 882, "impossibleCargos": [5, 7, 8, 14, 26, 27, 29], "neighbors": [10, 23, 29, 31, 37, 35, 1, 8, 0, 3, 17, 12, 26, 2, 15, 34, 36, 24, 13, 5, 6, 38, 28, 9, 27, 20, 30, 4, 16]}, {"capacity": 856, "impossibleCargos": [2, 3, 5, 8, 17, 18, 20, 22, 23, 24, 26], "neighbors": [21, 1, 8, 15, 10, 23, 17, 39, 25, 28, 27, 22, 4, 29, 24, 36, 37, 33, 18, 38, 6, 16, 31, 11, 9, 32, 13, 2]}, {"capacity": 873, "impossibleCargos": [2, 4, 6, 11, 13, 14, 15, 19, 22], "neighbors": [3, 21, 37, 34, 0, 35, 5, 8, 15, 31, 39, 24, 26, 30, 10, 6, 16, 32, 18, 7, 14, 11, 12, 2, 1, 4, 25, 29, 13]}, {"capacity": 397, "impossibleCargos": [4, 5, 9, 10, 16, 17, 19, 21, 23, 24, 27], "neighbors": [30, 20, 4, 36, 0, 39, 32, 33, 31, 8, 6, 13, 26, 12, 29, 23, 18, 16, 5, 9, 22, 15, 7, 2, 24, 25, 37, 11]}, {"capacity": 940, "impossibleCargos": [0, 10, 23, 29], "neighbors": [9, 14, 23, 25, 18, 38, 8, 6, 2, 36, 31, 0, 28, 26, 1, 7, 3, 10, 22, 16, 11, 15, 34, 12, 13, 17, 27]}, {"capacity": 584, "impossibleCargos": [0, 1, 2, 3, 9, 11, 13, 18], "neighbors": [28, 15, 38, 7, 4, 33, 24, 19, 10, 23, 34, 1, 14, 27, 2, 6, 20, 12, 5, 9, 35, 11, 17, 32, 18, 8, 3, 25]}, {"capacity": 385, "impossibleCargos": [1, 2, 6, 9, 10, 19, 28], "neighbors": [20, 4, 9, 22, 39, 25, 29, 16, 6, 28, 27, 36, 32, 2, 18, 17, 0, 1, 13, 21, 34, 26, 19, 33, 11, 24, 10, 3, 14, 37, 5, 7, 35]}, {"capacity": 841, "impossibleCargos": [9, 12, 13, 23, 24, 25], "neighbors": [36, 19, 13, 1, 24, 10, 5, 15, 18, 37, 2, 9, 28, 34, 20, 39, 31, 23, 4, 17, 6, 27, 14, 3, 11, 35, 30, 33, 26, 38, 16, 21]}, {"capacity": 435, "impossibleCargos": [0, 6, 8, 17, 26, 27, 28], "neighbors": [22, 30, 6, 34, 38, 4, 21, 28, 17, 19, 20, 8, 37, 36, 26, 24, 14, 16, 10, 3, 31, 2, 13, 32, 5, 15, 0, 9]}, {"capacity": 396, "impossibleCargos": [2, 7, 15, 19, 20, 21, 22, 23, 24, 26, 27, 28], "neighbors": [3, 23, 19, 24, 27, 33, 38, 32, 17, 15, 6, 30, 21, 7, 39, 1, 11, 25, 10, 31, 4, 12, 29, 8, 0, 36]}, {"capacity": 429, "impossibleCargos": [25, 26], "neighbors": [2, 3, 19, 6, 39, 25, 14, 21, 24, 17, 27, 8, 13, 36, 9, 37, 16, 18, 30, 1, 7, 12, 4, 32, 15, 38, 10, 11, 23, 31]}, {"capacity": 654, "impossibleCargos": [5, 11, 16, 17, 29], "neighbors": [20, 32, 4, 2, 7, 37, 10, 28, 14, 29, 16, 6, 15, 21, 31, 35, 38, 18, 33, 26, 25, 39, 19, 17, 24, 34, 12]}, {"capacity": 617, "impossibleCargos": [4, 5, 7, 14, 24], "neighbors": [24, 38, 36, 20, 27, 25, 22, 16, 1, 4, 2, 17, 32, 3, 39, 23, 33, 8, 9, 35, 26, 12, 15, 11, 6, 31, 28]}, {"capacity": 401, "impossibleCargos": [8, 12, 16], "neighbors": [11, 19, 37, 30, 15, 21, 9, 17, 29, 1, 33, 34, 12, 36, 5, 14, 26, 24, 13, 39, 10, 3, 25, 35, 4, 0, 6, 32, 20]}, {"capacity": 851, "impossibleCargos": [3, 6, 7, 12, 19, 24, 27], "neighbors": [22, 31, 19, 35, 14, 1, 24, 26, 28, 37, 32, 27, 6, 34, 17, 20, 10, 38, 36, 5, 12, 9, 2, 8, 16, 3, 15, 18]}]}