{"volumes": [963, 219, 251, 199, 229, 428, 705, 897, 387, 0, 451, 0, 240, 450, 430, 0, 507, 0, 0, 0, 466, 0, 0, 0, 0, 0, 423, 697, 865, 0], "conflicts": [[0, 1], [0, 3], [0, 14], [0, 15], [0, 18], [0, 23], [0, 25], [0, 29], [1, 2], [1, 6], [1, 8], [1, 10], [1, 11], [1, 14], [1, 15], [1, 16], [1, 18], [1, 20], [1, 23], [1, 24], [1, 25], [2, 8], [2, 19], [2, 20], [2, 22], [2, 24], [2, 25], [3, 4], [3, 5], [3, 7], [3, 9], [3, 10], [3, 11], [3, 20], [3, 24], [3, 25], [3, 29], [4, 9], [4, 10], [4, 15], [4, 23], [4, 24], [4, 28], [5, 8], [5, 9], [5, 12], [5, 15], [5, 16], [5, 22], [5, 23], [5, 24], [6, 9], [6, 11], [6, 18], [6, 24], [6, 25], [7, 9], [7, 13], [7, 17], [7, 18], [7, 22], [7, 25], [7, 29], [8, 9], [8, 10], [8, 15], [8, 17], [8, 18], [8, 19], [8, 21], [8, 24], [8, 25], [8, 26], [8, 29], [9, 16], [9, 20], [9, 23], [9, 24], [9, 25], [10, 15], [10, 18], [10, 21], [10, 23], [10, 25], [10, 26], [11, 14], [11, 16], [11, 18], [11, 19], [11, 20], [11, 21], [11, 22], [11, 23], [12, 19], [12, 22], [12, 25], [12, 29], [13, 15], [13, 17], [13, 18], [13, 19], [13, 20], [13, 21], [14, 18], [14, 20], [15, 17], [15, 18], [15, 20], [15, 21], [15, 24], [15, 26], [15, 29], [16, 17], [16, 18], [16, 19], [16, 21], [16, 22], [16, 24], [17, 18], [17, 20], [17, 21], [17, 25], [17, 26], [18, 22], [18, 23], [18, 24], [18, 25], [18, 26], [18, 27], [18, 28], [18, 29], [19, 20], [19, 22], [19, 24], [19, 25], [19, 28], [19, 29], [20, 21], [20, 22], [20, 23], [20, 29], [21, 22], [21, 25], [21, 27], [21, 28], [22, 23], [22, 25], [22, 26], [22, 27], [22, 28], [23, 24], [23, 25], [23, 28], [23, 29], [24, 25], [24, 26], [25, 28], [25, 29], [27, 29]], "tanks": [{"capacity": 277, "impossibleCargos": [3, 5, 7, 11, 12, 13, 23, 26], "neighbors": [13, 4, 22, 35, 2, 6, 8]}, {"capacity": 281, "impossibleCargos": [2, 6, 12, 13, 14, 20, 24, 26], "neighbors": [33, 32, 27, 25, 3, 13, 8, 38, 39, 4]}, {"capacity": 201, "impossibleCargos": [4, 7, 11, 13, 14, 15, 17, 22, 23], "neighbors": [19, 9, 29, 30, 39, 20, 26, 0, 31, 13]}, {"capacity": 213, "impossibleCargos": [0, 1, 3, 26, 27, 28, 29], "neighbors": [26, 16, 27, 1, 6, 36, 11, 30]}, {"capacity": 263, "impossibleCargos": [0, 1, 2, 3, 11, 14, 15, 19, 21, 24], "neighbors": [16, 14, 0, 10, 9, 20, 17, 27, 13, 18, 1]}, {"capacity": 216, "impossibleCargos": [2, 8, 9, 14, 17], "neighbors": [38, 26, 6, 10, 36, 16, 23, 21, 22, 11, 35]}, {"capacity": 204, "impossibleCargos": [0, 1, 6, 16, 17, 18, 19, 21], "neighbors": [30, 5, 23, 9, 3, 18, 8, 17, 38, 0, 10]}, {"capacity": 201, "impossibleCargos": [0, 3, 16, 24, 25, 27], "neighbors": [8, 19, 26, 10, 21]}, {"capacity": 218, "impossibleCargos": [0, 3, 5, 9, 15, 16, 19, 23, 25, 26, 29], "neighbors": [7, 10, 1, 16, 18, 11, 12, 6, 0]}, {"capacity": 261, "impossibleCargos": [2, 3, 4, 6, 8, 12, 15, 20, 22, 29], "neighbors": [34, 2, 6, 22, 4, 36, 38, 29, 37]}, {"capacity": 241, "impossibleCargos": [0, 4, 5, 7, 8, 9, 11, 13, 14, 15, 16, 19, 27], "neighbors": [34, 26, 15, 5, 32, 20, 38, 31, 14, 8, 29, 16, 7, 25, 4, 24, 6]}, {"capacity": 298, "impossibleCargos": [3, 5, 6, 7, 13, 22, 23, 25, 27], "neighbors": [38, 19, 14, 17, 12, 8, 13, 27, 3, 5, 25, 33]}, {"capacity": 246, "impossibleCargos": [3, 4, 6, 15, 23, 25, 28], "neighbors": [37, 39, 29, 11, 34, 8, 35, 13, 31]}, {"capacity": 283, "impossibleCargos": [1, 3, 4, 5, 8, 16, 18, 25, 27, 29], "neighbors": [39, 0, 1, 19, 18, 11, 14, 30, 2, 4, 12, 20]}, {"capacity": 240, "impossibleCargos": [1, 6, 9, 15, 19, 22, 23, 24, 27], "neighbors": [30, 34, 37, 4, 31, 11, 10, 22, 27, 13, 35, 17]}, {"capacity": 215, "impossibleCargos": [4, 11, 20, 22, 29], "neighbors": [25, 10, 20, 30, 24, 31, 27, 28, 35, 17, 38, 32, 33]}, {"capacity": 215, "impossibleCargos": [3, 5, 11, 15, 24, 27], "neighbors": [4, 3, 38, 5, 10, 8, 28, 36, 31, 30, 19, 33]}, {"capacity": 201, "impossibleCargos": [11, 17, 20], "neighbors": [35, 11, 38, 15, 4, 14, 19, 32, 33, 6]}, {"capacity": 275, "impossibleCargos": [2, 3, 6, 7, 14, 20, 21, 23, 28], "neighbors": [8, 13, 6, 29, 34, 4]}, {"capacity": 231, "impossibleCargos": [2, 5, 7, 8, 10, 17, 29], "neighbors": [11, 2, 7, 13, 35, 39, 33, 16, 17, 24]}, {"capacity": 259, "impossibleCargos": [0, 3, 4, 5, 8, 14, 17, 21, 23, 26, 28], "neighbors": [15, 10, 37, 26, 2, 4, 27, 13]}, {"capacity": 250, "impossibleCargos": [0, 2, 6, 9, 13, 20, 22, 23, 25, 26, 27], "neighbors": [26, 5, 24, 7, 39, 32]}, {"capacity": 264, "impossibleCargos": [5, 6, 7, 12, 14, 18, 20, 22, 23, 24], "neighbors": [39, 29, 0, 14, 9, 5, 32]}, {"capacity": 243, "impossibleCargos": [1, 2, 3, 10, 11, 16, 18, 19, 20, 21, 26, 29], "neighbors": [37, 6, 5, 27, 35]}, {"capacity": 245, "impossibleCargos": [3, 7, 15, 21, 25], "neighbors": [26, 15, 29, 25, 21, 30, 10, 32, 19, 34, 38]}, {"capacity": 221, "impossibleCargos": [2, 4, 5, 12, 17, 19, 20, 29], "neighbors": [15, 30, 1, 24, 10, 32, 11]}, {"capacity": 228, "impossibleCargos": [0, 6, 10, 12, 18, 19, 21, 28], "neighbors": [21, 24, 3, 10, 5, 33, 7, 20, 31, 2, 28]}, {"capacity": 271, "impossibleCargos": [0, 5, 6, 12, 19, 20, 25], "neighbors": [30, 33, 31, 3, 1, 14, 23, 15, 11, 4, 20, 28]}, {"capacity": 248, "impossibleCargos": [3, 6, 15, 18, 20, 22, 27], "neighbors": [38, 31, 16, 15, 26, 27, 29]}, {"capacity": 206, "impossibleCargos": [0, 6, 11, 16, 17, 21, 26], "neighbors": [22, 32, 2, 12, 24, 10, 31, 9, 18, 28, 35]}, {"capacity": 225, "impossibleCargos": [9, 10, 22, 23, 27, 29], "neighbors": [6, 27, 14, 25, 15, 2, 13, 24, 16, 3, 39]}, {"capacity": 218, "impossibleCargos": [2, 7, 8, 11, 17, 18, 20, 23, 24], "neighbors": [27, 14, 10, 34, 28, 26, 15, 35, 2, 16, 36, 29, 12]}, {"capacity": 282, "impossibleCargos": [0, 1, 5, 15, 22, 26], "neighbors": [1, 10, 29, 34, 25, 15, 17, 24, 21, 22]}, {"capacity": 213, "impossibleCargos": [1, 8, 10, 11, 12, 13, 17, 21, 29], "neighbors": [27, 1, 26, 37, 19, 35, 11, 17, 15, 16]}, {"capacity": 233, "impossibleCargos": [3, 7, 15], "neighbors": [10, 14, 9, 31, 12, 39, 32, 38, 24, 18]}, {"capacity": 236, "impossibleCargos": [4, 5, 6, 9, 14, 18, 21, 26], "neighbors": [17, 39, 0, 19, 31, 14, 15, 12, 33, 23, 29, 5, 37]}, {"capacity": 242, "impossibleCargos": [14, 15, 16, 24], "neighbors": [5, 3, 16, 9, 31]}, {"capacity": 228, "impossibleCargos": [2, 6, 12, 14, 17, 21, 28], "neighbors": [23, 14, 12, 20, 33, 9, 35]}, {"capacity": 214, "impossibleCargos": [1, 3, 5, 7, 10, 27, 28, 29], "neighbors": [11, 5, 16, 10, 28, 1, 34, 17, 15, 9, 6, 24]}, {"capacity": 273, "impossibleCargos": [3, 10, 14, 15, 16, 17], "neighbors": [13, 22, 12, 2, 34, 35, 19, 1, 30, 21]}]}