{"volumes": [275, 220, 0, 930, 447, 0, 0, 0, 0, 0, 180, 479, 213, 0, 0, 0, 662, 728, 252, 196, 216, 435, 0, 234, 691, 740, 430, 640, 438, 397], "conflicts": [[0, 1], [0, 2], [0, 4], [0, 5], [0, 6], [0, 7], [0, 8], [0, 9], [0, 12], [0, 13], [0, 16], [0, 19], [0, 22], [0, 23], [0, 24], [0, 29], [1, 2], [1, 4], [1, 5], [1, 7], [1, 9], [1, 11], [1, 14], [1, 18], [1, 20], [1, 27], [1, 28], [1, 29], [2, 3], [2, 7], [2, 11], [2, 14], [2, 17], [2, 26], [2, 29], [3, 5], [3, 9], [3, 12], [3, 13], [3, 14], [3, 15], [3, 18], [3, 22], [4, 5], [4, 7], [4, 11], [4, 13], [4, 17], [4, 20], [4, 25], [5, 7], [5, 8], [5, 9], [5, 12], [5, 13], [5, 18], [5, 22], [5, 23], [5, 25], [5, 26], [5, 27], [6, 7], [6, 8], [6, 9], [6, 11], [6, 14], [6, 17], [6, 18], [6, 21], [6, 22], [6, 25], [6, 27], [6, 29], [7, 11], [7, 13], [7, 14], [7, 17], [7, 21], [7, 22], [7, 27], [8, 9], [8, 10], [8, 13], [8, 15], [8, 16], [8, 17], [8, 19], [8, 21], [8, 22], [8, 23], [8, 25], [8, 29], [9, 10], [9, 14], [9, 15], [9, 16], [9, 19], [9, 20], [9, 21], [9, 22], [9, 23], [9, 27], [9, 28], [9, 29], [10, 13], [10, 15], [10, 16], [10, 17], [10, 27], [11, 15], [11, 19], [11, 21], [11, 24], [11, 26], [12, 13], [12, 14], [12, 18], [12, 19], [12, 21], [12, 22], [12, 23], [12, 26], [12, 27], [12, 28], [13, 14], [13, 15], [13, 19], [13, 22], [13, 24], [13, 25], [13, 29], [14, 15], [14, 18], [14, 19], [14, 20], [14, 22], [14, 25], [14, 26], [14, 27], [14, 29], [15, 17], [15, 18], [15, 19], [15, 21], [15, 24], [15, 25], [15, 27], [15, 28], [15, 29], [16, 22], [17, 23], [17, 26], [18, 20], [18, 22], [18, 23], [18, 25], [19, 23], [19, 27], [20, 26], [20, 27], [20, 29], [22, 25], [22, 28], [22, 29], [23, 24], [23, 26], [24, 26], [26, 29], [27, 28]], "tanks": [{"capacity": 237, "impossibleCargos": [0, 1, 3, 6, 8, 10, 13, 24, 25, 26, 29], "neighbors": [29, 4, 38, 10, 19, 9, 23, 39, 7]}, {"capacity": 257, "impossibleCargos": [0, 1, 6, 10, 18, 21, 22, 23, 27, 28], "neighbors": [4, 32, 8, 26, 13, 19, 22, 5, 10]}, {"capacity": 247, "impossibleCargos": [2, 6, 7, 8, 10, 11, 12, 14, 16, 23, 24, 25, 26, 28], "neighbors": [30, 4, 25, 9, 14, 39, 23, 32]}, {"capacity": 260, "impossibleCargos": [0, 2, 3, 4, 5, 8, 9, 10, 11, 14, 16, 18, 19, 20, 25, 26], "neighbors": [39, 25, 11, 13, 34, 17, 35, 7, 32, 26, 38]}, {"capacity": 211, "impossibleCargos": [1, 8, 12, 13, 14, 15, 18, 23, 26, 28], "neighbors": [10, 1, 39, 2, 20, 17, 21, 28, 0, 34, 30, 29, 22]}, {"capacity": 218, "impossibleCargos": [5, 6, 7, 10, 12, 13, 16, 17, 18, 19, 21, 22, 24, 29], "neighbors": [23, 6, 37, 1, 15, 17, 18, 38, 12]}, {"capacity": 247, "impossibleCargos": [1, 3, 5, 6, 8, 11, 13, 15, 16, 18, 20, 21, 22, 23, 24, 25], "neighbors": [29, 7, 20, 19, 5, 10, 23, 37]}, {"capacity": 206, "impossibleCargos": [0, 1, 2, 5, 10, 12, 16, 19, 20, 22, 23, 24, 26, 27, 28, 29], "neighbors": [18, 6, 29, 33, 26, 28, 0, 3]}, {"capacity": 218, "impossibleCargos": [1, 9, 13, 14, 15, 18, 19, 22, 25, 26, 27, 29], "neighbors": [1, 11, 22, 20, 9, 27, 15]}, {"capacity": 204, "impossibleCargos": [0, 3, 5, 6, 8, 10, 13, 14, 15, 16, 18, 24, 26], "neighbors": [17, 2, 33, 39, 29, 8, 36, 38, 31, 0, 30]}, {"capacity": 260, "impossibleCargos": [2, 4, 5, 6, 8, 11, 12, 16, 17, 19, 20, 21, 23, 24, 26, 27, 29], "neighbors": [4, 29, 23, 26, 16, 24, 37, 0, 6, 1, 31]}, {"capacity": 216, "impossibleCargos": [0, 2, 3, 4, 5, 6, 7, 12, 15, 17, 21, 22, 23, 24], "neighbors": [17, 21, 15, 18, 8, 22, 3, 29, 28, 39, 36]}, {"capacity": 254, "impossibleCargos": [1, 7, 8, 9, 11, 12, 15, 18, 20, 22, 24, 25, 26, 29], "neighbors": [27, 17, 18, 25, 34, 37, 30, 22, 5]}, {"capacity": 239, "impossibleCargos": [0, 1, 2, 5, 6, 8, 10, 13, 14, 15, 16, 17, 18, 19, 22, 23, 24, 25, 26, 27], "neighbors": [25, 33, 16, 1, 3, 26, 21, 38, 29]}, {"capacity": 251, "impossibleCargos": [1, 6, 7, 8, 9, 10, 14, 15, 16, 18, 21, 22, 23, 24, 25, 28, 29], "neighbors": [37, 18, 39, 38, 32, 36, 2, 20, 24]}, {"capacity": 210, "impossibleCargos": [0, 1, 8, 10, 12, 18, 21, 22], "neighbors": [26, 11, 37, 28, 5, 21, 25, 8]}, {"capacity": 210, "impossibleCargos": [0, 1, 4, 8, 9, 12, 13, 15, 17, 18, 19, 23, 24, 27, 29], "neighbors": [13, 27, 37, 10, 32, 17]}, {"capacity": 296, "impossibleCargos": [6, 8, 9, 10, 12, 13, 14, 17, 21, 22, 24, 28, 29], "neighbors": [11, 9, 4, 29, 12, 33, 24, 26, 27, 5, 16, 3]}, {"capacity": 267, "impossibleCargos": [0, 5, 6, 9, 10, 11, 12, 14, 16, 22, 23, 26, 27], "neighbors": [7, 20, 11, 14, 19, 12, 21, 36, 5, 32]}, {"capacity": 237, "impossibleCargos": [0, 2, 4, 6, 7, 8, 10, 12, 13, 14, 16, 17, 19, 20, 21, 22, 23, 25, 26], "neighbors": [6, 18, 37, 1, 0, 23]}, {"capacity": 296, "impossibleCargos": [0, 1, 4, 7, 9, 10, 13, 15, 19, 21, 22, 23, 24, 26, 28, 29], "neighbors": [38, 4, 18, 6, 32, 36, 27, 23, 8, 35, 14]}, {"capacity": 269, "impossibleCargos": [0, 3, 4, 6, 8, 13, 14, 18, 19, 23, 26, 28], "neighbors": [11, 4, 33, 39, 18, 13, 15]}, {"capacity": 273, "impossibleCargos": [0, 1, 4, 5, 8, 9, 10, 12, 14, 16, 17, 19, 20, 21, 22, 25, 26, 27], "neighbors": [32, 39, 27, 8, 11, 35, 1, 23, 25, 12, 4]}, {"capacity": 243, "impossibleCargos": [0, 2, 4, 5, 6, 9, 16, 17, 24, 25, 26, 27, 29], "neighbors": [35, 33, 39, 10, 32, 38, 5, 20, 37, 26, 22, 2, 24, 6, 0, 19, 25]}, {"capacity": 237, "impossibleCargos": [1, 2, 3, 4, 7, 9, 15, 17, 19, 22, 24, 26, 29], "neighbors": [17, 30, 38, 10, 23, 14, 26, 39]}, {"capacity": 256, "impossibleCargos": [0, 1, 2, 3, 6, 8, 9, 12, 13, 14, 15, 16, 19, 20, 21, 22, 23, 24, 26], "neighbors": [26, 2, 13, 3, 28, 12, 36, 22, 15, 29, 23]}, {"capacity": 286, "impossibleCargos": [2, 3, 4, 5, 6, 7, 9, 11, 12, 13, 14, 15, 17, 18, 20, 23, 24, 26, 28, 29], "neighbors": [15, 25, 1, 10, 31, 7, 17, 37, 13, 23, 24, 3]}, {"capacity": 215, "impossibleCargos": [0, 1, 2, 5, 6, 7, 10, 12, 14, 16, 17, 20, 22, 23, 27, 28, 29], "neighbors": [12, 22, 20, 38, 16, 17, 32, 28, 29, 8]}, {"capacity": 229, "impossibleCargos": [2, 3, 9, 11, 13, 15, 17, 18, 19, 21, 23, 24, 27, 29], "neighbors": [34, 32, 37, 25, 4, 7, 15, 11, 27, 29]}, {"capacity": 200, "impossibleCargos": [2, 4, 5, 8, 9, 12, 13, 16, 17, 18, 22, 24, 26], "neighbors": [6, 10, 34, 32, 7, 9, 17, 0, 11, 39, 28, 36, 4, 27, 13, 25]}, {"capacity": 218, "impossibleCargos": [3, 4, 10, 14, 17, 20, 21, 23, 25, 27, 29], "neighbors": [2, 24, 39, 37, 4, 12, 9, 33]}, {"capacity": 257, "impossibleCargos": [1, 2, 3, 4, 5, 6, 8, 10, 12, 16, 18, 19, 21, 23, 24, 26], "neighbors": [35, 26, 9, 10]}, {"capacity": 233, "impossibleCargos": [0, 1, 5, 6, 7, 10, 12, 15, 18, 19, 20, 21, 23, 27, 28, 29], "neighbors": [22, 28, 29, 1, 20, 23, 14, 16, 27, 2, 18, 3]}, {"capacity": 229, "impossibleCargos": [2, 5, 6, 7, 8, 11, 13, 14, 15, 20, 21, 24, 26, 27], "neighbors": [23, 9, 13, 7, 17, 21, 36, 30]}, {"capacity": 219, "impossibleCargos": [0, 1, 4, 5, 7, 9, 11, 13, 15, 17, 18, 20, 23, 24, 25, 27, 28, 29], "neighbors": [38, 28, 29, 4, 12, 3]}, {"capacity": 238, "impossibleCargos": [5, 6, 10, 11, 14, 15, 16, 17, 19, 22, 23, 24, 28], "neighbors": [23, 31, 22, 20, 36, 3]}, {"capacity": 213, "impossibleCargos": [0, 1, 3, 7, 8, 10, 11, 12, 13, 14, 15, 16, 18, 22, 23, 25, 27, 28], "neighbors": [20, 14, 33, 18, 25, 9, 35, 11, 29]}, {"capacity": 215, "impossibleCargos": [0, 1, 2, 3, 4, 6, 8, 9, 12, 13, 20, 22, 27, 29], "neighbors": [28, 14, 16, 19, 5, 15, 26, 30, 23, 10, 12, 39, 6]}, {"capacity": 224, "impossibleCargos": [0, 1, 2, 3, 4, 6, 8, 9, 12, 15, 20, 23, 24, 27], "neighbors": [34, 20, 27, 23, 14, 24, 0, 9, 39, 13, 5, 3]}, {"capacity": 211, "impossibleCargos": [0, 1, 3, 7, 8, 10, 11, 12, 19, 20, 23, 24, 26, 27, 29], "neighbors": [23, 4, 3, 22, 14, 9, 21, 11, 29, 30, 2, 37, 38, 0, 24]}]}