{"volumes": [245, 0, 448, 282, 197, 0, 494, 0, 275, 0, 267, 0, 1391, 464, 218, 477, 523, 0, 533, 470, 234, 749, 0, 0, 0, 1047, 209, 493, 277, 283], "conflicts": [[0, 1], [0, 5], [0, 6], [0, 7], [0, 8], [0, 9], [0, 11], [0, 13], [0, 16], [0, 17], [0, 18], [0, 19], [0, 20], [0, 22], [0, 23], [0, 24], [0, 29], [1, 2], [1, 3], [1, 4], [1, 5], [1, 6], [1, 7], [1, 8], [1, 9], [1, 10], [1, 13], [1, 14], [1, 16], [1, 17], [1, 18], [1, 20], [1, 21], [1, 22], [1, 23], [1, 24], [1, 25], [1, 26], [1, 27], [1, 28], [1, 29], [2, 3], [2, 5], [2, 7], [2, 8], [2, 9], [2, 13], [2, 17], [2, 18], [2, 22], [2, 23], [2, 24], [3, 4], [3, 6], [3, 9], [3, 10], [3, 11], [3, 15], [3, 20], [3, 21], [3, 22], [3, 23], [3, 24], [3, 25], [3, 27], [3, 29], [4, 6], [4, 7], [4, 8], [4, 9], [4, 11], [4, 15], [4, 16], [4, 17], [4, 18], [4, 19], [4, 22], [4, 23], [5, 7], [5, 8], [5, 9], [5, 10], [5, 11], [5, 12], [5, 13], [5, 14], [5, 15], [5, 16], [5, 17], [5, 19], [5, 20], [5, 21], [5, 22], [5, 23], [5, 25], [5, 26], [5, 27], [5, 28], [6, 7], [6, 9], [6, 11], [6, 17], [6, 23], [6, 24], [6, 28], [6, 29], [7, 8], [7, 9], [7, 10], [7, 11], [7, 12], [7, 13], [7, 14], [7, 18], [7, 20], [7, 21], [7, 23], [7, 24], [7, 26], [7, 27], [7, 28], [8, 9], [8, 10], [8, 13], [8, 19], [8, 20], [8, 22], [8, 23], [8, 26], [8, 27], [9, 10], [9, 13], [9, 14], [9, 15], [9, 16], [9, 17], [9, 18], [9, 20], [9, 21], [9, 23], [9, 24], [9, 25], [9, 26], [9, 27], [9, 29], [10, 11], [10, 14], [10, 16], [10, 17], [10, 18], [10, 19], [10, 20], [10, 21], [10, 22], [10, 23], [10, 24], [10, 26], [10, 27], [10, 29], [11, 13], [11, 15], [11, 16], [11, 18], [11, 20], [11, 21], [11, 22], [11, 23], [11, 25], [11, 26], [11, 27], [11, 29], [12, 14], [12, 22], [12, 23], [12, 24], [13, 17], [13, 18], [13, 20], [13, 24], [13, 28], [14, 16], [14, 17], [14, 18], [14, 19], [14, 21], [14, 22], [14, 24], [14, 26], [14, 28], [14, 29], [15, 17], [15, 19], [15, 22], [15, 23], [15, 27], [15, 28], [15, 29], [16, 20], [16, 22], [16, 23], [16, 24], [16, 25], [16, 26], [17, 18], [17, 19], [17, 20], [17, 21], [17, 22], [17, 23], [17, 24], [17, 25], [17, 26], [17, 27], [17, 28], [17, 29], [18, 22], [18, 24], [18, 25], [18, 28], [19, 22], [19, 24], [20, 22], [20, 23], [20, 24], [20, 25], [20, 26], [21, 22], [21, 23], [21, 24], [21, 26], [21, 27], [21, 28], [22, 25], [22, 26], [22, 27], [22, 28], [22, 29], [23, 24], [23, 25], [23, 26], [23, 28], [23, 29], [24, 25], [24, 26], [24, 28], [24, 29], [25, 27], [25, 29], [26, 29], [28, 29]], "tanks": [{"capacity": 293, "impossibleCargos": [0, 1, 2, 3, 8, 12, 16, 18, 22, 23, 27, 28, 29], "neighbors": [29, 26, 25, 8, 12, 7, 9, 24, 1, 3, 36, 32]}, {"capacity": 293, "impossibleCargos": [5, 6, 8, 9, 12, 13, 17, 22, 29], "neighbors": [12, 21, 19, 14, 27, 6, 15, 8, 32, 0, 25, 31]}, {"capacity": 296, "impossibleCargos": [3, 4, 10, 11, 14, 16, 17, 19, 21, 24, 28, 29], "neighbors": [23, 7, 11, 17, 5, 20, 34, 37]}, {"capacity": 261, "impossibleCargos": [1, 4, 5, 9, 11, 12, 15, 16, 17, 19, 21, 22, 23, 27, 29], "neighbors": [37, 13, 19, 7, 23, 17, 30, 0, 5, 33]}, {"capacity": 300, "impossibleCargos": [2, 5, 6, 7, 8, 9, 12, 13, 15, 18, 20, 23, 25, 27, 28], "neighbors": [24, 36, 12, 33, 26, 37, 19, 25, 22, 21]}, {"capacity": 210, "impossibleCargos": [0, 1, 7, 11, 13, 15, 16, 22, 23, 25, 27, 28, 29], "neighbors": [11, 21, 25, 27, 14, 8, 13, 10, 6, 2, 22, 3, 19, 36]}, {"capacity": 294, "impossibleCargos": [4, 8, 11, 15, 16, 17, 21, 23, 24, 27, 29], "neighbors": [24, 29, 12, 18, 11, 1, 28, 5, 36, 13, 25]}, {"capacity": 219, "impossibleCargos": [0, 1, 2, 3, 5, 9, 10, 11, 12, 13, 15, 17, 22, 24, 25], "neighbors": [33, 16, 2, 23, 34, 36, 3, 0, 22, 14]}, {"capacity": 251, "impossibleCargos": [0, 3, 6, 7, 10, 11, 12, 15, 17, 18, 21, 22, 23, 25, 29], "neighbors": [5, 34, 0, 23, 21, 1, 11, 25, 20]}, {"capacity": 259, "impossibleCargos": [3, 4, 7, 9, 10, 11, 16, 17, 20, 21, 26], "neighbors": [37, 25, 34, 0, 38, 35, 33]}, {"capacity": 219, "impossibleCargos": [0, 2, 7, 9, 10, 11, 12, 13, 14, 16, 21, 22, 28, 29], "neighbors": [25, 33, 16, 17, 5, 27, 19, 24]}, {"capacity": 285, "impossibleCargos": [0, 1, 2, 10, 12, 14, 15, 16, 20, 21, 22, 23, 24, 28, 29], "neighbors": [5, 34, 30, 6, 2, 18, 8, 32]}, {"capacity": 250, "impossibleCargos": [0, 1, 3, 6, 7, 8, 13, 14, 16, 18, 19, 21, 24, 25, 28], "neighbors": [29, 1, 38, 4, 6, 0, 24, 25]}, {"capacity": 272, "impossibleCargos": [0, 1, 2, 3, 6, 8, 9, 11, 13, 17, 19, 20, 21, 28, 29], "neighbors": [18, 35, 34, 3, 37, 5, 39, 23, 21, 6, 36]}, {"capacity": 270, "impossibleCargos": [0, 2, 3, 4, 5, 7, 8, 9, 10, 11, 12, 13, 14, 15, 16, 21, 23, 26, 27, 29], "neighbors": [20, 39, 18, 5, 30, 1, 36, 16, 22, 7, 23]}, {"capacity": 256, "impossibleCargos": [0, 1, 7, 8, 13, 15, 16, 23, 27, 28], "neighbors": [29, 34, 16, 1, 24]}, {"capacity": 298, "impossibleCargos": [0, 3, 4, 6, 8, 9, 12, 14, 18, 20, 21, 22, 24, 27, 28], "neighbors": [36, 7, 18, 38, 10, 27, 14, 15, 28, 31, 32, 19, 29]}, {"capacity": 246, "impossibleCargos": [1, 3, 4, 5, 6, 7, 10, 12, 13, 14, 16, 18, 21, 22, 23, 24, 25, 29], "neighbors": [32, 10, 30, 23, 2, 21, 3, 22, 34]}, {"capacity": 270, "impossibleCargos": [1, 6, 8, 10, 15, 17, 19, 20, 21, 22, 29], "neighbors": [14, 16, 13, 24, 6, 30, 31, 38, 26, 33, 11, 23, 39, 35]}, {"capacity": 255, "impossibleCargos": [1, 3, 4, 5, 8, 9, 10, 12, 14, 17, 18, 19, 24, 27], "neighbors": [33, 27, 1, 20, 21, 3, 4, 36, 23, 16, 5, 10]}, {"capacity": 255, "impossibleCargos": [6, 7, 10, 12, 13, 16, 17, 25, 26, 29], "neighbors": [22, 14, 26, 19, 24, 33, 29, 2, 8]}, {"capacity": 267, "impossibleCargos": [1, 4, 6, 10, 14, 15, 17, 18, 19, 21, 23, 24, 25, 26, 28, 29], "neighbors": [5, 1, 39, 19, 38, 32, 8, 17, 28, 13, 4]}, {"capacity": 215, "impossibleCargos": [7, 8, 10, 12, 15, 16, 17, 18, 22, 26], "neighbors": [20, 32, 17, 5, 7, 14, 4]}, {"capacity": 207, "impossibleCargos": [2, 6, 9, 11, 15, 16, 18, 20, 24, 25, 26, 28, 29], "neighbors": [2, 7, 8, 17, 3, 19, 18, 13, 14]}, {"capacity": 288, "impossibleCargos": [4, 9, 10, 11, 13, 14, 19, 20, 21, 24, 25, 29], "neighbors": [4, 6, 18, 30, 20, 15, 39, 0, 12, 25, 27, 10]}, {"capacity": 275, "impossibleCargos": [0, 1, 3, 9, 13, 17, 18, 22, 24, 26, 27], "neighbors": [10, 5, 37, 0, 9, 4, 8, 24, 12, 1, 6]}, {"capacity": 223, "impossibleCargos": [1, 2, 3, 7, 8, 10, 13, 15, 17, 18, 20, 22, 26, 27, 28], "neighbors": [27, 35, 31, 20, 0, 4, 18, 29, 30, 38]}, {"capacity": 272, "impossibleCargos": [0, 1, 2, 4, 5, 7, 9, 11, 15, 17, 22, 24, 28, 29], "neighbors": [26, 19, 5, 16, 39, 1, 28, 37, 10, 24, 38]}, {"capacity": 280, "impossibleCargos": [1, 6, 8, 11, 13, 16, 18, 22, 24, 25, 27, 28, 29], "neighbors": [27, 38, 16, 31, 6, 21, 36]}, {"capacity": 265, "impossibleCargos": [2, 6, 7, 9, 10, 11, 13, 14, 17, 18, 20, 21, 23, 24, 26, 27], "neighbors": [12, 6, 0, 15, 26, 20, 16]}, {"capacity": 297, "impossibleCargos": [0, 1, 3, 7, 9, 11, 14, 15, 18, 19, 20, 21, 22, 23, 24, 26, 28], "neighbors": [11, 32, 14, 37, 24, 18, 17, 26, 3]}, {"capacity": 257, "impossibleCargos": [0, 1, 2, 4, 7, 8, 10, 14, 15, 16, 19, 20, 21, 24, 26, 28], "neighbors": [26, 18, 32, 16, 28, 39, 1]}, {"capacity": 231, "impossibleCargos": [3, 5, 6, 13, 15, 16, 18, 22, 27, 29], "neighbors": [36, 30, 38, 17, 21, 31, 22, 16, 1, 11, 0]}, {"capacity": 248, "impossibleCargos": [0, 1, 2, 3, 9, 11, 12, 13, 16, 19, 23, 25, 26, 29], "neighbors": [7, 19, 36, 10, 4, 37, 20, 18, 9, 3]}, {"capacity": 266, "impossibleCargos": [1, 2, 6, 7, 8, 10, 11, 13, 14, 23, 24, 26, 28], "neighbors": [11, 37, 13, 7, 8, 15, 9, 2, 17]}, {"capacity": 263, "impossibleCargos": [0, 1, 2, 4, 6, 7, 10, 11, 13, 15, 17, 22, 24, 26, 28], "neighbors": [26, 37, 13, 9, 18]}, {"capacity": 231, "impossibleCargos": [7, 10, 11, 13, 17, 18, 19, 21, 22, 25, 29], "neighbors": [16, 4, 33, 32, 14, 7, 37, 19, 6, 13, 5, 28, 0]}, {"capacity": 292, "impossibleCargos": [1, 2, 3, 4, 5, 7, 8, 9, 12, 15, 17, 18, 19, 21, 25, 26, 27, 28], "neighbors": [9, 35, 25, 38, 34, 3, 30, 13, 4, 36, 33, 27, 2]}, {"capacity": 212, "impossibleCargos": [3, 8, 9, 10, 13, 14, 15, 16, 17, 18, 25, 26, 27, 29], "neighbors": [12, 16, 37, 21, 32, 28, 9, 18, 26, 27]}, {"capacity": 220, "impossibleCargos": [1, 2, 3, 5, 6, 10, 13, 14, 16, 18, 20, 21, 25, 27, 28, 29], "neighbors": [14, 21, 27, 24, 13, 18, 31]}]}