{"volumes": [490, 0, 0, 230, 243, 601, 704, 275, 873, 424, 458, 0, 0, 0, 0, 512, 476, 0, 243, 224, 0, 262, 0, 0, 500, 859, 207, 225, 217, 1022], "conflicts": [[0, 2], [0, 12], [0, 14], [0, 21], [0, 26], [1, 5], [1, 6], [1, 11], [1, 15], [1, 16], [1, 26], [1, 27], [1, 28], [1, 29], [2, 9], [2, 11], [2, 12], [2, 15], [3, 14], [3, 27], [4, 15], [4, 16], [4, 20], [4, 23], [5, 14], [5, 20], [5, 22], [6, 11], [6, 13], [6, 16], [6, 22], [6, 26], [7, 12], [7, 19], [8, 17], [8, 28], [9, 17], [9, 20], [9, 28], [10, 15], [10, 19], [10, 23], [11, 12], [11, 19], [11, 21], [11, 26], [12, 18], [12, 21], [12, 22], [13, 24], [14, 18], [14, 20], [14, 24], [15, 21], [15, 22], [16, 17], [16, 20], [16, 21], [17, 20], [17, 27], [18, 23], [19, 23], [19, 26], [21, 22], [22, 28], [23, 29], [26, 28], [27, 28]], "tanks": [{"capacity": 239, "impossibleCargos": [1, 2, 3, 4, 5, 6, 7, 8, 9, 10, 11, 12, 13, 15, 16, 17, 18, 19, 20, 22, 23, 25, 26, 29], "neighbors": [8, 17, 12, 11, 22, 23, 4]}, {"capacity": 217, "impossibleCargos": [0, 1, 2, 3, 4, 5, 9, 10, 11, 12, 14, 16, 17, 18, 20, 21, 25, 26, 27, 28], "neighbors": [36, 13, 32, 4, 14, 17, 26, 22]}, {"capacity": 297, "impossibleCargos": [3, 4, 5, 6, 7, 8, 9, 10, 11, 12, 13, 14, 16, 17, 18, 19, 20, 21, 22, 23, 24, 25, 26, 28], "neighbors": [18, 35, 8, 17, 4, 10]}, {"capacity": 229, "impossibleCargos": [0, 2, 3, 4, 5, 6, 7, 8, 9, 10, 11, 13, 14, 15, 16, 17, 18, 20, 21, 23, 24, 26, 28, 29], "neighbors": [5, 14, 30, 7, 8, 32, 17, 9, 37]}, {"capacity": 209, "impossibleCargos": [0, 1, 2, 3, 6, 7, 8, 9, 10, 11, 12, 13, 14, 16, 18, 19, 22, 23, 24, 25, 26, 27], "neighbors": [9, 32, 25, 2, 29, 1, 17, 26, 24, 12, 10, 0, 11, 28, 14]}, {"capacity": 210, "impossibleCargos": [3, 4, 5, 7, 8, 9, 10, 11, 13, 14, 15, 17, 19, 21, 23, 25, 27, 28, 29], "neighbors": [14, 3, 19, 28, 38, 6, 9, 22]}, {"capacity": 207, "impossibleCargos": [0, 1, 2, 3, 4, 5, 6, 7, 9, 11, 13, 14, 15, 16, 17, 18, 21, 22, 23, 25, 27, 28], "neighbors": [34, 36, 32, 26, 16, 39, 13, 8, 5, 28, 14, 30]}, {"capacity": 265, "impossibleCargos": [3, 5, 7, 8, 9, 10, 11, 13, 15, 18, 19, 22, 24, 25, 26, 27], "neighbors": [18, 39, 14, 3, 24, 22, 29, 37]}, {"capacity": 250, "impossibleCargos": [2, 5, 6, 7, 9, 10, 11, 12, 14, 15, 16, 17, 18, 19, 21, 23, 27, 28, 29], "neighbors": [2, 32, 26, 31, 3, 0, 24, 36, 16, 38, 10, 13, 6, 18]}, {"capacity": 238, "impossibleCargos": [0, 1, 3, 4, 7, 8, 9, 10, 11, 12, 13, 14, 17, 19, 21, 24, 25, 26, 27, 28], "neighbors": [39, 4, 36, 38, 18, 28, 3, 5]}, {"capacity": 240, "impossibleCargos": [2, 4, 5, 6, 9, 11, 12, 13, 15, 16, 17, 18, 19, 20, 23, 24, 26, 27], "neighbors": [26, 22, 24, 30, 17, 34, 33, 8, 20, 29, 4, 2]}, {"capacity": 248, "impossibleCargos": [1, 3, 6, 9, 10, 11, 13, 16, 17, 19, 21, 22, 23, 24, 27, 28], "neighbors": [31, 23, 28, 17, 35, 37, 0, 21, 20, 12, 4]}, {"capacity": 206, "impossibleCargos": [3, 4, 5, 6, 9, 12, 14, 15, 17, 19, 22, 24, 25, 26, 27, 28], "neighbors": [28, 13, 25, 0, 20, 24, 11, 4]}, {"capacity": 225, "impossibleCargos": [1, 2, 4, 5, 7, 8, 10, 11, 12, 13, 15, 16, 17, 20, 21, 22, 23, 24, 25, 28, 29], "neighbors": [32, 39, 26, 20, 1, 12, 19, 14, 18, 6, 8, 27]}, {"capacity": 204, "impossibleCargos": [0, 2, 3, 4, 6, 7, 8, 9, 11, 13, 14, 16, 19, 20, 25, 26, 27, 28, 29], "neighbors": [5, 3, 7, 20, 30, 38, 13, 1, 21, 17, 18, 6, 4]}, {"capacity": 255, "impossibleCargos": [0, 3, 6, 10, 12, 13, 14, 15, 16, 17, 18, 20, 21, 22, 23, 24, 25, 27, 28, 29], "neighbors": [38, 28, 39, 22, 21]}, {"capacity": 291, "impossibleCargos": [0, 2, 3, 5, 6, 9, 10, 12, 13, 15, 16, 17, 18, 19, 22, 24, 26, 27, 29], "neighbors": [31, 27, 22, 6, 8, 24, 20, 17, 35]}, {"capacity": 264, "impossibleCargos": [0, 1, 3, 5, 6, 8, 9, 10, 11, 12, 13, 15, 18, 19, 20, 23, 25, 28], "neighbors": [23, 33, 20, 2, 0, 11, 10, 4, 37, 3, 1, 16, 14, 24]}, {"capacity": 263, "impossibleCargos": [0, 1, 2, 3, 4, 5, 6, 7, 8, 9, 10, 11, 13, 14, 15, 16, 18, 19, 20, 22, 25, 27, 28], "neighbors": [7, 2, 34, 25, 32, 9, 38, 23, 13, 31, 37, 39, 14, 8]}, {"capacity": 258, "impossibleCargos": [0, 1, 2, 3, 6, 7, 8, 9, 10, 11, 12, 13, 14, 15, 16, 17, 22, 24, 25, 26, 27, 28, 29], "neighbors": [5, 27, 24, 26, 13, 28, 32, 22]}, {"capacity": 270, "impossibleCargos": [1, 4, 6, 7, 8, 9, 11, 13, 14, 15, 16, 17, 18, 19, 20, 21, 22, 24, 25, 26], "neighbors": [22, 17, 13, 14, 12, 33, 32, 16, 35, 10, 11, 26]}, {"capacity": 267, "impossibleCargos": [0, 1, 2, 5, 7, 8, 9, 10, 11, 12, 13, 14, 15, 17, 18, 19, 21, 22, 23, 26, 27, 29], "neighbors": [14, 11, 15]}, {"capacity": 270, "impossibleCargos": [2, 3, 4, 6, 7, 8, 9, 10, 11, 12, 14, 15, 16, 18, 20, 21, 22, 23, 25, 27], "neighbors": [20, 10, 39, 34, 23, 24, 15, 16, 31, 7, 1, 0, 5, 19, 33]}, {"capacity": 244, "impossibleCargos": [0, 3, 4, 5, 6, 7, 8, 10, 11, 13, 14, 15, 16, 18, 20, 21, 23, 24, 25, 26, 27, 28, 29], "neighbors": [27, 17, 11, 22, 18, 39, 31, 0]}, {"capacity": 261, "impossibleCargos": [0, 1, 2, 3, 5, 7, 8, 9, 10, 11, 12, 13, 14, 15, 16, 17, 18, 19, 20, 22, 23, 24, 26, 27, 28, 29], "neighbors": [29, 10, 26, 19, 8, 7, 25, 28, 22, 36, 16, 4, 12, 17]}, {"capacity": 255, "impossibleCargos": [1, 2, 3, 4, 5, 6, 7, 9, 10, 12, 13, 14, 15, 18, 19, 21, 22, 23, 24, 25, 26, 27], "neighbors": [38, 34, 39, 18, 4, 24, 12, 32, 26]}, {"capacity": 285, "impossibleCargos": [0, 2, 3, 4, 5, 7, 9, 11, 13, 15, 16, 17, 18, 19, 20, 21, 22, 23, 25, 26, 27, 28], "neighbors": [10, 39, 24, 8, 13, 19, 32, 6, 4, 27, 28, 25, 1, 20]}, {"capacity": 244, "impossibleCargos": [2, 5, 6, 8, 9, 10, 11, 12, 13, 15, 16, 17, 20, 21, 22, 23, 24, 25, 26, 27, 28, 29], "neighbors": [19, 16, 23, 32, 36, 28, 33, 29, 26, 37, 13]}, {"capacity": 201, "impossibleCargos": [0, 2, 3, 4, 8, 9, 10, 12, 14, 16, 17, 19, 20, 21, 22, 23, 26, 27, 29], "neighbors": [15, 27, 12, 11, 39, 24, 31, 19, 5, 9, 26, 6, 4]}, {"capacity": 230, "impossibleCargos": [0, 2, 4, 5, 6, 9, 10, 11, 12, 14, 15, 16, 17, 18, 19, 20, 21, 22, 23, 24, 26, 27, 28], "neighbors": [24, 35, 4, 27, 7, 32, 10]}, {"capacity": 220, "impossibleCargos": [0, 1, 2, 5, 7, 9, 10, 11, 14, 15, 16, 17, 18, 19, 20, 21, 22, 24, 25, 26, 27, 28, 29], "neighbors": [3, 36, 10, 14, 6]}, {"capacity": 222, "impossibleCargos": [0, 1, 2, 3, 5, 6, 7, 8, 10, 11, 12, 14, 15, 16, 17, 18, 19, 20, 21, 22, 23, 25, 26, 27, 29], "neighbors": [16, 11, 8, 28, 22, 18, 23, 35]}, {"capacity": 278, "impossibleCargos": [2, 4, 5, 6, 7, 8, 9, 12, 15, 16, 17, 18, 19, 20, 27, 28, 29], "neighbors": [8, 13, 4, 27, 3, 26, 18, 6, 1, 25, 20, 19, 29]}, {"capacity": 211, "impossibleCargos": [0, 2, 3, 4, 6, 8, 10, 11, 12, 13, 14, 15, 16, 17, 18, 19, 20, 21, 23, 24, 26, 27, 28, 29], "neighbors": [17, 36, 27, 39, 10, 20, 22]}, {"capacity": 269, "impossibleCargos": [0, 2, 5, 6, 8, 10, 11, 12, 13, 14, 17, 18, 19, 21, 22, 23, 27, 28, 29], "neighbors": [25, 18, 22, 6, 38, 10, 37]}, {"capacity": 200, "impossibleCargos": [1, 2, 3, 5, 6, 7, 8, 9, 10, 11, 13, 14, 15, 16, 17, 19, 20, 22, 25, 27, 29], "neighbors": [2, 29, 36, 11, 20, 16, 31]}, {"capacity": 291, "impossibleCargos": [0, 1, 2, 3, 4, 7, 8, 9, 10, 12, 13, 14, 15, 20, 21, 22, 25, 26, 27, 28, 29], "neighbors": [9, 27, 1, 30, 8, 33, 35, 6, 24]}, {"capacity": 225, "impossibleCargos": [0, 1, 2, 3, 4, 5, 7, 10, 12, 13, 15, 17, 19, 20, 21, 26, 27, 28, 29], "neighbors": [17, 34, 11, 18, 7, 27, 3]}, {"capacity": 222, "impossibleCargos": [1, 3, 4, 5, 6, 7, 10, 13, 14, 16, 18, 19, 20, 23, 24, 25, 26, 27, 28], "neighbors": [15, 25, 34, 9, 18, 14, 8, 5]}, {"capacity": 261, "impossibleCargos": [0, 1, 2, 4, 7, 8, 9, 11, 12, 16, 17, 18, 19, 20, 21, 22, 23, 24, 25, 27, 28, 29], "neighbors": [9, 25, 26, 22, 15, 7, 13, 28, 33, 6, 23, 18]}]}