{"volumes": [0, 269, 428, 0, 0, 0, 0, 950, 250, 661, 524, 0, 398, 268, 0, 241, 0, 287, 275, 199, 677, 271, 242, 0, 469, 720, 199, 731, 628, 550], "conflicts": [[0, 2], [0, 5], [0, 10], [0, 11], [0, 15], [0, 16], [0, 17], [0, 19], [0, 22], [0, 26], [0, 27], [0, 29], [1, 4], [1, 5], [1, 6], [1, 11], [1, 14], [1, 20], [1, 23], [1, 28], [2, 3], [2, 4], [2, 19], [2, 21], [2, 24], [2, 27], [3, 8], [3, 9], [3, 10], [3, 11], [3, 15], [3, 21], [3, 24], [3, 25], [3, 26], [3, 27], [3, 28], [4, 5], [4, 11], [4, 14], [4, 18], [4, 21], [4, 22], [4, 24], [4, 25], [4, 27], [4, 28], [5, 6], [5, 11], [5, 12], [5, 15], [5, 18], [5, 21], [5, 24], [5, 26], [5, 29], [6, 8], [6, 9], [6, 10], [6, 13], [6, 14], [6, 15], [6, 17], [6, 18], [6, 21], [6, 22], [6, 23], [6, 26], [6, 27], [7, 11], [7, 14], [7, 17], [7, 18], [7, 23], [8, 15], [8, 16], [8, 17], [8, 24], [8, 26], [8, 29], [9, 11], [9, 12], [9, 13], [9, 29], [10, 16], [10, 17], [10, 21], [11, 13], [11, 14], [11, 16], [11, 20], [11, 26], [11, 28], [11, 29], [12, 16], [12, 21], [13, 15], [13, 22], [13, 23], [13, 25], [13, 28], [13, 29], [14, 15], [14, 17], [14, 18], [14, 20], [14, 21], [14, 23], [14, 27], [14, 29], [15, 16], [15, 18], [15, 23], [15, 25], [15, 27], [16, 17], [16, 20], [16, 22], [16, 23], [16, 26], [16, 28], [16, 29], [17, 22], [18, 23], [18, 29], [19, 27], [20, 22], [20, 23], [21, 22], [21, 23], [21, 29], [22, 26], [22, 29], [23, 24], [23, 25], [23, 27], [23, 29], [24, 25], [24, 28], [25, 26], [25, 29], [26, 27]], "tanks": [{"capacity": 292, "impossibleCargos": [0, 1, 2, 3, 4, 5, 7, 8, 10, 11, 12, 14, 15, 18, 19, 20, 22, 23, 24, 25, 26, 27, 28, 29], "neighbors": [19, 33, 23, 6, 16, 17, 3]}, {"capacity": 286, "impossibleCargos": [0, 2, 7, 10, 12, 13, 14, 15, 16, 17, 18, 19, 20, 21, 22, 23, 24, 26, 27, 28, 29], "neighbors": [38, 34, 33, 19, 21, 6, 4, 2, 30, 28]}, {"capacity": 262, "impossibleCargos": [0, 1, 3, 4, 6, 7, 8, 9, 11, 12, 13, 14, 15, 16, 18, 19, 21, 22, 23, 24, 25, 26], "neighbors": [12, 22, 38, 23, 14, 1, 20, 33, 15, 24]}, {"capacity": 254, "impossibleCargos": [0, 3, 4, 5, 7, 8, 9, 12, 13, 16, 17, 19, 20, 21, 22, 23, 25, 26, 27, 28, 29], "neighbors": [17, 7, 11, 30, 21, 13, 0, 23]}, {"capacity": 200, "impossibleCargos": [0, 1, 2, 3, 4, 6, 7, 9, 10, 11, 15, 18, 19, 20, 21, 22, 23, 24, 25, 27, 28, 29], "neighbors": [30, 18, 1, 36]}, {"capacity": 300, "impossibleCargos": [0, 1, 2, 3, 4, 5, 6, 7, 8, 9, 11, 12, 13, 14, 15, 16, 17, 18, 19, 20, 22, 23, 24, 25, 26, 28, 29], "neighbors": [34, 31, 9, 29, 15, 14, 16, 12]}, {"capacity": 240, "impossibleCargos": [0, 2, 3, 6, 7, 8, 9, 11, 12, 13, 14, 15, 16, 18, 19, 20, 21, 22, 23, 24, 25, 26], "neighbors": [29, 39, 17, 37, 0, 13, 1, 10, 35, 14, 12, 15]}, {"capacity": 220, "impossibleCargos": [1, 2, 3, 4, 5, 6, 7, 8, 10, 11, 13, 14, 15, 18, 19, 20, 21, 22, 23, 24, 26, 27, 29], "neighbors": [26, 3, 16, 32, 19, 9, 27, 22]}, {"capacity": 206, "impossibleCargos": [1, 2, 4, 6, 7, 8, 11, 13, 14, 17, 18, 19, 20, 21, 22, 23, 24, 25, 26], "neighbors": [35, 25, 10, 23, 26, 20, 19, 36]}, {"capacity": 281, "impossibleCargos": [2, 3, 5, 8, 11, 13, 14, 15, 16, 17, 20, 21, 22, 23, 24, 26, 28, 29], "neighbors": [15, 5, 32, 25, 19, 18, 34, 7, 36, 28, 35, 31]}, {"capacity": 252, "impossibleCargos": [1, 2, 3, 4, 5, 6, 8, 9, 11, 12, 18, 19, 24, 28, 29], "neighbors": [14, 17, 8, 31, 38, 25, 33, 6, 26, 19]}, {"capacity": 264, "impossibleCargos": [0, 2, 3, 5, 6, 7, 11, 12, 14, 15, 16, 18, 19, 26, 27, 29], "neighbors": [20, 12, 31, 27, 37, 13, 3, 18, 23, 32, 29, 17]}, {"capacity": 265, "impossibleCargos": [0, 1, 2, 3, 4, 5, 6, 8, 9, 10, 11, 13, 14, 15, 16, 18, 20, 21, 22, 24, 26, 29], "neighbors": [11, 22, 29, 23, 38, 35, 2, 16, 17, 5, 6, 36]}, {"capacity": 258, "impossibleCargos": [0, 3, 4, 5, 8, 9, 11, 12, 13, 14, 15, 16, 17, 18, 19, 20, 22, 25, 26, 27, 28, 29], "neighbors": [32, 31, 20, 36, 30, 19, 11, 3, 29, 6, 38, 23, 26, 28, 17]}, {"capacity": 234, "impossibleCargos": [0, 2, 4, 5, 6, 7, 8, 9, 10, 11, 12, 13, 14, 15, 16, 17, 18, 20, 21, 22, 23, 25, 26, 28, 29], "neighbors": [32, 29, 10, 5, 31, 2, 6, 33]}, {"capacity": 253, "impossibleCargos": [0, 1, 6, 7, 8, 9, 10, 12, 13, 14, 16, 18, 19, 23, 24, 27, 28], "neighbors": [9, 22, 35, 20, 19, 5, 23, 29, 6, 2]}, {"capacity": 208, "impossibleCargos": [2, 3, 5, 6, 7, 8, 9, 10, 11, 13, 14, 16, 17, 18, 19, 22, 23, 24, 25, 26, 27, 28, 29], "neighbors": [7, 0, 5, 21, 12]}, {"capacity": 277, "impossibleCargos": [0, 1, 2, 3, 4, 5, 6, 7, 8, 10, 11, 12, 13, 14, 15, 16, 17, 19, 21, 22, 24, 25, 26, 27, 28, 29], "neighbors": [21, 3, 10, 20, 6, 11, 34, 32, 0, 12, 31, 13]}, {"capacity": 275, "impossibleCargos": [3, 4, 6, 7, 8, 9, 10, 11, 12, 14, 15, 16, 18, 19, 20, 21, 22, 23, 24, 25, 26, 27, 28], "neighbors": [32, 23, 9, 19, 11, 4, 22, 34]}, {"capacity": 264, "impossibleCargos": [0, 1, 2, 3, 4, 5, 6, 7, 9, 11, 14, 15, 16, 17, 18, 19, 20, 22, 23, 27], "neighbors": [0, 9, 13, 15, 18, 7, 22, 1, 32, 8, 23, 10, 25]}, {"capacity": 229, "impossibleCargos": [0, 1, 2, 3, 4, 6, 8, 9, 10, 11, 13, 14, 15, 17, 18, 19, 20, 21, 22, 23, 24, 25, 27, 28, 29], "neighbors": [11, 31, 13, 15, 35, 36, 34, 17, 37, 8, 25, 2, 32, 29]}, {"capacity": 298, "impossibleCargos": [0, 2, 3, 4, 5, 6, 7, 8, 10, 11, 12, 14, 15, 18, 19, 20, 21, 22, 24, 26, 28, 29], "neighbors": [17, 25, 3, 39, 1, 16, 30, 37]}, {"capacity": 271, "impossibleCargos": [1, 2, 6, 9, 10, 13, 14, 17, 18, 19, 20, 22, 23, 24, 25, 29], "neighbors": [25, 15, 24, 12, 39, 38, 37, 19, 2, 31, 26, 18, 35, 7]}, {"capacity": 230, "impossibleCargos": [0, 1, 5, 9, 10, 11, 13, 14, 15, 16, 17, 18, 19, 20, 21, 22, 23, 25, 26, 27, 28], "neighbors": [29, 18, 12, 0, 11, 8, 2, 13, 19, 15, 3, 28]}, {"capacity": 220, "impossibleCargos": [0, 1, 2, 3, 4, 5, 6, 7, 8, 10, 11, 12, 13, 14, 15, 18, 19, 20, 23, 24, 26, 27, 29], "neighbors": [22, 28, 39, 27, 33, 2]}, {"capacity": 232, "impossibleCargos": [0, 1, 3, 4, 5, 6, 7, 8, 9, 10, 12, 13, 16, 18, 19, 20, 21, 22, 23, 24, 25, 26, 29], "neighbors": [32, 29, 22, 9, 21, 8, 38, 35, 10, 36, 20, 27, 19]}, {"capacity": 271, "impossibleCargos": [0, 1, 4, 5, 7, 8, 9, 10, 11, 12, 13, 14, 16, 17, 18, 20, 21, 22, 23, 24, 26, 29], "neighbors": [7, 8, 39, 22, 33, 13, 35, 10]}, {"capacity": 247, "impossibleCargos": [0, 2, 3, 4, 6, 7, 8, 9, 10, 11, 12, 13, 14, 15, 16, 17, 18, 21, 23, 24, 28, 29], "neighbors": [34, 11, 30, 24, 35, 29, 7, 25]}, {"capacity": 200, "impossibleCargos": [1, 2, 3, 5, 7, 8, 10, 11, 12, 13, 14, 15, 16, 17, 19, 21, 22, 23, 24, 25, 28, 29], "neighbors": [24, 39, 9, 13, 1, 23]}, {"capacity": 275, "impossibleCargos": [0, 1, 2, 3, 4, 5, 8, 9, 10, 11, 12, 13, 14, 15, 16, 17, 18, 19, 21, 23, 24, 25, 26, 28], "neighbors": [23, 25, 6, 12, 5, 14, 13, 11, 27, 36, 15, 20]}, {"capacity": 297, "impossibleCargos": [0, 1, 2, 3, 4, 6, 8, 9, 10, 11, 12, 13, 16, 17, 20, 21, 23, 25, 26, 27], "neighbors": [4, 37, 13, 3, 27, 36, 39, 21, 1]}, {"capacity": 249, "impossibleCargos": [1, 4, 7, 8, 9, 10, 11, 13, 14, 16, 18, 19, 21, 22, 23, 24, 26, 27, 28, 29], "neighbors": [11, 13, 20, 5, 10, 38, 14, 22, 17, 9]}, {"capacity": 209, "impossibleCargos": [1, 2, 3, 4, 5, 6, 7, 8, 9, 10, 11, 12, 13, 14, 15, 17, 20, 21, 22, 24, 25, 29], "neighbors": [14, 25, 13, 18, 9, 7, 11, 19, 17, 20]}, {"capacity": 221, "impossibleCargos": [0, 1, 3, 6, 7, 8, 11, 12, 13, 14, 17, 21, 22, 23, 24, 25, 26, 27, 29], "neighbors": [0, 38, 35, 36, 1, 10, 24, 26, 14, 34, 2]}, {"capacity": 249, "impossibleCargos": [0, 5, 6, 7, 8, 10, 12, 13, 14, 15, 16, 17, 18, 19, 20, 23, 24, 25, 26, 27, 28, 29], "neighbors": [5, 27, 1, 20, 35, 9, 39, 17, 18, 33]}, {"capacity": 285, "impossibleCargos": [1, 2, 3, 4, 5, 6, 8, 9, 10, 14, 15, 17, 18, 19, 20, 21, 22, 23, 24, 26, 27, 28], "neighbors": [8, 38, 15, 12, 20, 33, 34, 25, 27, 22, 6, 9, 26]}, {"capacity": 205, "impossibleCargos": [1, 2, 3, 4, 5, 7, 8, 11, 12, 13, 14, 15, 16, 17, 18, 19, 20, 21, 22, 23, 24, 25, 26, 29], "neighbors": [13, 20, 33, 30, 29, 25, 9, 4, 12, 8]}, {"capacity": 269, "impossibleCargos": [0, 2, 4, 5, 6, 7, 8, 10, 11, 12, 14, 15, 16, 17, 18, 19, 20, 21, 22, 24, 25, 26, 28], "neighbors": [30, 11, 22, 6, 20, 21]}, {"capacity": 213, "impossibleCargos": [0, 2, 4, 5, 7, 8, 9, 10, 11, 12, 14, 15, 16, 17, 18, 19, 20, 21, 23, 24, 26, 28], "neighbors": [35, 1, 12, 33, 22, 25, 10, 31, 2, 13]}, {"capacity": 213, "impossibleCargos": [0, 1, 3, 4, 5, 6, 7, 10, 11, 12, 15, 16, 18, 21, 22, 23, 24, 25, 27, 28, 29], "neighbors": [22, 28, 24, 6, 21, 26, 34, 30]}]}