{"volumes": [0, 0, 454, 0, 0, 948, 669, 405, 457, 0, 951, 0, 0, 265, 719, 533, 275, 405, 1011, 0, 0, 261, 194, 207, 270, 0, 0, 256, 218, 656], "conflicts": [[0, 1], [0, 2], [0, 4], [0, 5], [0, 6], [0, 7], [0, 11], [0, 12], [0, 13], [0, 15], [0, 16], [0, 17], [0, 18], [0, 20], [0, 21], [0, 23], [0, 26], [1, 2], [1, 4], [1, 8], [1, 10], [1, 11], [1, 12], [1, 14], [1, 16], [1, 17], [1, 21], [1, 25], [1, 28], [2, 3], [2, 4], [2, 9], [2, 10], [2, 11], [2, 21], [2, 23], [2, 24], [2, 25], [3, 4], [3, 5], [3, 7], [3, 10], [3, 11], [3, 12], [3, 14], [3, 15], [3, 19], [3, 20], [3, 21], [3, 25], [3, 29], [4, 5], [4, 6], [4, 10], [4, 12], [4, 14], [4, 16], [4, 19], [4, 21], [4, 22], [4, 24], [4, 25], [4, 28], [5, 8], [5, 19], [5, 20], [5, 24], [6, 9], [6, 11], [6, 19], [6, 20], [6, 22], [7, 8], [7, 10], [7, 12], [7, 13], [7, 15], [7, 17], [7, 20], [7, 24], [7, 27], [7, 28], [8, 14], [8, 20], [8, 25], [8, 26], [9, 11], [9, 13], [9, 14], [9, 15], [9, 17], [9, 18], [9, 20], [9, 22], [9, 23], [9, 26], [9, 27], [9, 28], [9, 29], [10, 11], [10, 19], [10, 26], [10, 27], [11, 12], [11, 14], [11, 15], [11, 18], [11, 20], [11, 22], [11, 23], [11, 24], [11, 27], [12, 14], [12, 15], [12, 17], [12, 18], [12, 19], [12, 20], [12, 21], [12, 22], [12, 25], [12, 27], [13, 15], [13, 16], [13, 20], [13, 21], [13, 23], [13, 24], [13, 25], [14, 19], [14, 26], [15, 19], [15, 28], [16, 18], [16, 19], [16, 26], [17, 20], [17, 23], [17, 25], [18, 21], [19, 24], [19, 25], [19, 27], [20, 22], [20, 24], [20, 25], [20, 26], [20, 27], [20, 28], [20, 29], [21, 28], [22, 23], [22, 25], [22, 28], [23, 25], [23, 26], [24, 26], [24, 27], [24, 28], [24, 29], [25, 28], [25, 29], [26, 27], [26, 29], [27, 29]], "tanks": [{"capacity": 276, "impossibleCargos": [0, 1, 2, 3, 4, 6, 7, 8, 10, 12, 13, 14, 16, 17, 20, 21, 23, 25, 29], "neighbors": [25, 19, 6, 18, 10, 17, 36]}, {"capacity": 213, "impossibleCargos": [0, 1, 2, 4, 6, 7, 8, 9, 10, 11, 12, 13, 15, 18, 19, 21, 22, 24, 25, 26, 29], "neighbors": [37, 7, 20, 21, 31, 15, 36, 25, 28, 9, 14, 27, 39]}, {"capacity": 262, "impossibleCargos": [2, 5, 8, 11, 12, 13, 14, 16, 17, 18, 19, 20, 21, 22, 23, 25, 26, 27], "neighbors": [12, 34, 14, 35, 19, 29, 6, 9]}, {"capacity": 212, "impossibleCargos": [0, 1, 2, 3, 4, 8, 10, 11, 12, 13, 16, 17, 20, 21, 24, 25, 27, 28, 29], "neighbors": [6, 30, 28, 15, 32, 36, 27, 37, 31, 10, 14, 8, 26, 13, 20, 5]}, {"capacity": 300, "impossibleCargos": [0, 1, 2, 4, 5, 6, 7, 8, 9, 10, 12, 13, 15, 16, 17, 18, 21, 22, 23, 25, 26, 27, 28], "neighbors": [23, 37, 12, 15, 19, 36, 8]}, {"capacity": 253, "impossibleCargos": [0, 4, 5, 6, 7, 8, 9, 10, 11, 12, 13, 14, 15, 16, 17, 20, 21, 22, 23, 24, 25, 26, 27, 29], "neighbors": [22, 35, 34, 14, 7, 20, 36, 23, 3]}, {"capacity": 247, "impossibleCargos": [0, 1, 3, 4, 5, 6, 8, 9, 10, 11, 12, 13, 14, 15, 16, 17, 19, 20, 23, 24, 25, 26, 27, 28, 29], "neighbors": [3, 0, 25, 38, 12, 19, 27, 20, 2, 14]}, {"capacity": 211, "impossibleCargos": [1, 4, 5, 6, 8, 9, 10, 12, 13, 14, 15, 16, 17, 18, 19, 20, 21, 22, 26, 28, 29], "neighbors": [32, 1, 22, 5, 23, 17, 25, 28, 26, 16]}, {"capacity": 293, "impossibleCargos": [1, 3, 4, 5, 6, 7, 8, 9, 10, 11, 13, 14, 16, 18, 19, 20, 21, 22, 23, 24, 27, 28, 29], "neighbors": [34, 35, 21, 28, 31, 4, 24, 30, 37, 29, 3, 25]}, {"capacity": 210, "impossibleCargos": [0, 1, 2, 3, 4, 6, 8, 9, 10, 12, 13, 14, 15, 17, 18, 20, 21, 23, 24, 25, 26, 27, 28], "neighbors": [20, 17, 19, 10, 29, 37, 26, 15, 22, 35, 1, 2, 38]}, {"capacity": 250, "impossibleCargos": [0, 1, 4, 5, 6, 7, 8, 11, 12, 13, 14, 15, 16, 17, 19, 20, 21, 22, 24, 25, 26, 27, 28], "neighbors": [22, 9, 0, 28, 3, 37, 21, 35]}, {"capacity": 281, "impossibleCargos": [2, 3, 4, 5, 8, 9, 10, 13, 14, 15, 16, 17, 18, 21, 23, 24, 25, 26], "neighbors": [12, 21, 18, 38, 20, 29, 22]}, {"capacity": 264, "impossibleCargos": [0, 1, 2, 3, 4, 5, 7, 8, 11, 12, 13, 14, 16, 17, 18, 19, 20, 21, 22, 23, 25, 26, 27, 29], "neighbors": [11, 19, 2, 4, 6, 23, 24, 27, 22]}, {"capacity": 213, "impossibleCargos": [0, 1, 3, 5, 6, 8, 9, 10, 11, 12, 13, 15, 16, 18, 19, 20, 21, 23, 24, 25, 26, 27, 28, 29], "neighbors": [37, 15, 34, 33, 3]}, {"capacity": 278, "impossibleCargos": [0, 1, 2, 3, 4, 5, 8, 9, 10, 11, 14, 16, 17, 18, 20, 21, 22, 23, 24, 25, 29], "neighbors": [38, 16, 5, 33, 21, 25, 2, 3, 27, 1, 6, 30]}, {"capacity": 216, "impossibleCargos": [0, 1, 2, 3, 4, 5, 7, 9, 10, 11, 13, 17, 18, 19, 20, 21, 25, 26, 27, 28, 29], "neighbors": [13, 32, 19, 31, 3, 4, 28, 36, 1, 22, 9]}, {"capacity": 235, "impossibleCargos": [0, 1, 2, 4, 5, 7, 8, 9, 10, 11, 12, 14, 15, 16, 17, 20, 21, 23, 24, 26, 27, 29], "neighbors": [14, 30, 38, 24, 18, 20, 37, 33, 28, 7]}, {"capacity": 289, "impossibleCargos": [1, 2, 3, 4, 6, 10, 12, 13, 14, 15, 16, 17, 18, 23, 24, 25, 26, 27, 28, 29], "neighbors": [19, 9, 24, 32, 36, 7, 0, 25]}, {"capacity": 222, "impossibleCargos": [0, 1, 3, 4, 6, 8, 9, 12, 13, 15, 16, 17, 18, 20, 21, 22, 23, 24, 25, 26, 27, 28, 29], "neighbors": [38, 11, 0, 16, 27]}, {"capacity": 228, "impossibleCargos": [0, 1, 2, 3, 4, 6, 7, 8, 11, 13, 14, 15, 16, 17, 18, 20, 22, 26, 27, 28, 29], "neighbors": [15, 12, 17, 0, 9, 35, 6, 4, 21, 27, 31, 2]}, {"capacity": 211, "impossibleCargos": [0, 2, 5, 6, 9, 10, 11, 12, 13, 14, 15, 17, 18, 20, 21, 25, 26, 27, 28, 29], "neighbors": [9, 28, 23, 1, 11, 16, 5, 6, 33, 31, 3]}, {"capacity": 227, "impossibleCargos": [1, 4, 5, 7, 8, 9, 11, 12, 13, 14, 17, 18, 19, 20, 21, 22, 23, 25, 26, 28, 29], "neighbors": [11, 14, 1, 8, 27, 38, 37, 19, 33, 35, 25, 10]}, {"capacity": 250, "impossibleCargos": [0, 1, 3, 4, 5, 6, 9, 10, 11, 12, 13, 15, 16, 19, 20, 21, 23, 24, 26, 27, 29], "neighbors": [10, 27, 5, 7, 38, 25, 15, 9, 12, 11]}, {"capacity": 249, "impossibleCargos": [7, 8, 9, 11, 12, 13, 14, 15, 17, 18, 19, 20, 21, 23, 24, 25, 27, 28, 29], "neighbors": [28, 4, 20, 36, 34, 7, 37, 12, 5]}, {"capacity": 272, "impossibleCargos": [0, 2, 3, 6, 7, 8, 9, 11, 12, 14, 15, 16, 17, 18, 19, 20, 21, 22, 23, 24, 26, 27, 29], "neighbors": [17, 39, 16, 38, 27, 28, 12, 8, 37]}, {"capacity": 267, "impossibleCargos": [0, 1, 2, 3, 4, 6, 8, 11, 12, 14, 15, 16, 20, 21, 22, 23, 24, 26, 27, 28, 29], "neighbors": [0, 32, 6, 14, 7, 22, 38, 17, 1, 30, 21, 29, 8]}, {"capacity": 220, "impossibleCargos": [1, 2, 3, 4, 7, 8, 9, 12, 15, 16, 19, 20, 22, 23, 24, 25, 27, 28, 29], "neighbors": [37, 27, 7, 9, 3]}, {"capacity": 233, "impossibleCargos": [0, 1, 3, 6, 8, 9, 10, 11, 13, 14, 15, 16, 17, 18, 19, 22, 25, 26, 27, 29], "neighbors": [33, 22, 28, 32, 21, 36, 6, 26, 24, 3, 12, 19, 18, 14, 34, 1]}, {"capacity": 211, "impossibleCargos": [0, 1, 2, 3, 8, 11, 12, 13, 14, 15, 16, 17, 19, 20, 21, 22, 23, 24, 25, 26, 27, 28, 29], "neighbors": [23, 20, 27, 3, 15, 8, 7, 10, 24, 30, 16, 1, 34]}, {"capacity": 224, "impossibleCargos": [1, 3, 4, 6, 7, 8, 9, 10, 12, 15, 16, 17, 21, 22, 24, 25, 26, 27, 28, 29], "neighbors": [38, 9, 8, 25, 2, 11]}, {"capacity": 280, "impossibleCargos": [0, 1, 2, 3, 4, 9, 10, 11, 12, 13, 15, 16, 18, 19, 20, 21, 23, 25, 26, 28], "neighbors": [16, 37, 3, 35, 28, 8, 25, 33, 14]}, {"capacity": 273, "impossibleCargos": [0, 1, 2, 3, 6, 7, 8, 9, 10, 11, 12, 13, 14, 16, 17, 18, 19, 22, 24, 25, 26, 28], "neighbors": [15, 1, 35, 37, 8, 38, 19, 3, 20]}, {"capacity": 215, "impossibleCargos": [0, 1, 2, 3, 4, 6, 8, 9, 10, 13, 15, 16, 17, 18, 19, 20, 25, 26, 27, 28, 29], "neighbors": [15, 7, 25, 17, 27, 3, 36]}, {"capacity": 227, "impossibleCargos": [0, 2, 3, 5, 6, 8, 10, 11, 12, 14, 15, 16, 17, 18, 19, 21, 22, 23, 24, 25, 26, 27, 28], "neighbors": [27, 14, 13, 36, 16, 21, 20, 30]}, {"capacity": 239, "impossibleCargos": [1, 2, 4, 6, 7, 9, 10, 12, 14, 16, 17, 18, 19, 21, 22, 23, 24, 26, 27, 28, 29], "neighbors": [5, 8, 2, 38, 13, 23, 28, 27]}, {"capacity": 234, "impossibleCargos": [0, 1, 2, 4, 5, 7, 8, 9, 11, 12, 13, 15, 17, 18, 21, 22, 23, 24, 25, 26, 28, 29], "neighbors": [5, 36, 8, 19, 30, 31, 2, 21, 9, 10]}, {"capacity": 272, "impossibleCargos": [0, 2, 3, 4, 5, 8, 9, 11, 12, 13, 16, 17, 18, 21, 22, 23, 24, 25, 29], "neighbors": [35, 17, 23, 27, 3, 33, 15, 4, 1, 5, 32, 0]}, {"capacity": 276, "impossibleCargos": [0, 1, 2, 3, 4, 5, 7, 8, 10, 11, 12, 13, 14, 15, 17, 18, 19, 20, 21, 22, 23, 24, 25, 26, 28, 29], "neighbors": [13, 26, 1, 30, 4, 23, 21, 31, 16, 3, 9, 24, 8, 10]}, {"capacity": 293, "impossibleCargos": [0, 2, 3, 5, 6, 7, 8, 9, 10, 11, 13, 15, 16, 17, 18, 20, 21, 23, 24, 26, 27, 28, 29], "neighbors": [29, 14, 16, 22, 18, 34, 6, 11, 21, 24, 31, 25, 39, 9]}, {"capacity": 247, "impossibleCargos": [0, 2, 3, 4, 5, 6, 8, 9, 11, 12, 13, 14, 15, 16, 17, 18, 19, 21, 24, 26, 27], "neighbors": [24, 38, 1]}]}