{"volumes": [187, 0, 467, 710, 0, 196, 478, 462, 196, 731, 181, 195, 0, 0, 0, 0, 951, 391, 0, 276, 241, 459, 0, 1298, 213, 191, 539, 0, 0, 684], "conflicts": [[0, 1], [0, 5], [0, 8], [0, 12], [0, 13], [0, 14], [0, 18], [0, 20], [0, 22], [0, 28], [1, 2], [1, 3], [1, 4], [1, 5], [1, 9], [1, 11], [1, 12], [1, 13], [1, 14], [1, 17], [1, 18], [1, 19], [1, 20], [1, 21], [1, 23], [1, 24], [1, 25], [1, 26], [1, 27], [1, 28], [1, 29], [2, 4], [2, 10], [2, 11], [2, 12], [2, 13], [2, 15], [2, 18], [2, 22], [2, 24], [3, 4], [3, 5], [3, 12], [3, 14], [3, 15], [3, 20], [3, 22], [3, 27], [3, 28], [4, 7], [4, 8], [4, 9], [4, 10], [4, 11], [4, 13], [4, 14], [4, 15], [4, 16], [4, 20], [4, 21], [4, 23], [4, 24], [4, 25], [4, 26], [4, 27], [4, 28], [4, 29], [5, 8], [5, 10], [5, 12], [5, 13], [5, 14], [5, 15], [5, 18], [5, 19], [5, 22], [5, 25], [5, 26], [5, 27], [5, 28], [6, 12], [6, 13], [6, 14], [6, 18], [6, 19], [6, 22], [6, 27], [7, 11], [7, 12], [7, 13], [7, 14], [7, 22], [7, 27], [7, 28], [8, 10], [8, 11], [8, 13], [8, 14], [8, 15], [8, 19], [8, 22], [8, 27], [8, 29], [9, 10], [9, 12], [9, 14], [9, 15], [9, 22], [9, 28], [10, 11], [10, 14], [10, 16], [10, 18], [10, 22], [10, 25], [10, 27], [11, 12], [11, 13], [11, 14], [11, 15], [11, 18], [11, 21], [11, 28], [12, 13], [12, 15], [12, 16], [12, 17], [12, 18], [12, 19], [12, 20], [12, 23], [12, 24], [12, 25], [12, 26], [12, 28], [12, 29], [13, 14], [13, 15], [13, 17], [13, 18], [13, 19], [13, 20], [13, 21], [13, 22], [13, 24], [13, 25], [13, 26], [13, 27], [13, 28], [13, 29], [14, 15], [14, 16], [14, 17], [14, 18], [14, 19], [14, 20], [14, 21], [14, 22], [14, 23], [14, 24], [14, 26], [14, 28], [15, 16], [15, 18], [15, 19], [15, 20], [15, 21], [15, 22], [15, 23], [15, 24], [15, 25], [15, 27], [15, 28], [15, 29], [16, 18], [16, 19], [16, 22], [16, 28], [17, 20], [17, 22], [17, 25], [17, 27], [17, 28], [18, 19], [18, 20], [18, 21], [18, 24], [18, 25], [18, 26], [18, 28], [18, 29], [19, 22], [19, 27], [19, 28], [20, 22], [20, 24], [20, 25], [20, 27], [21, 22], [21, 28], [22, 23], [22, 24], [22, 25], [22, 28], [22, 29], [23, 27], [24, 25], [24, 28], [25, 27], [25, 28], [26, 27], [26, 28], [27, 28], [27, 29], [28, 29]], "tanks": [{"capacity": 266, "impossibleCargos": [0, 2, 3, 11, 12, 21, 25], "neighbors": [35, 16, 3, 1, 28, 21, 19, 17, 29, 37, 38, 9, 27, 34, 11, 25, 14]}, {"capacity": 273, "impossibleCargos": [1, 2, 7, 15, 16, 23], "neighbors": [28, 14, 2, 0, 34, 20, 30, 4, 36, 29, 17, 10, 37, 12, 21, 7, 31, 35, 39, 33, 38, 26]}, {"capacity": 210, "impossibleCargos": [0, 7, 10, 11, 12, 19, 20, 23, 25, 27], "neighbors": [35, 21, 34, 3, 17, 13, 18, 1, 9, 16, 4, 32, 36, 19, 15, 38, 31, 12, 7, 10, 20, 30, 5, 39]}, {"capacity": 216, "impossibleCargos": [0, 2, 6, 9, 12, 14, 22, 26], "neighbors": [32, 37, 17, 2, 36, 14, 38, 15, 13, 0, 26, 33, 23, 10, 22, 31, 21, 7]}, {"capacity": 294, "impossibleCargos": [16, 24, 25, 28], "neighbors": [12, 19, 14, 30, 33, 36, 7, 10, 2, 11, 9, 34, 1, 5, 24, 13, 35, 17]}, {"capacity": 278, "impossibleCargos": [0, 4, 5, 13, 15, 16, 18, 21, 22, 29], "neighbors": [14, 9, 20, 4, 16, 8, 33, 37, 26, 15, 23, 2, 30, 21]}, {"capacity": 220, "impossibleCargos": [3, 9, 11, 12, 26], "neighbors": [32, 16, 13, 26, 34, 31, 24, 15, 21, 23, 8, 18, 12, 30, 38, 7]}, {"capacity": 201, "impossibleCargos": [3, 11, 13, 15, 23, 24], "neighbors": [38, 10, 28, 14, 17, 34, 35, 25, 4, 11, 31, 16, 2, 1, 21, 23, 22, 32, 6, 3]}, {"capacity": 288, "impossibleCargos": [6, 16, 17, 20, 21, 23, 27, 28], "neighbors": [39, 26, 33, 29, 12, 17, 13, 27, 34, 9, 35, 32, 19, 5, 25, 22, 6, 21, 37, 14, 36, 10]}, {"capacity": 294, "impossibleCargos": [0, 1, 5, 15, 16, 17, 22, 27], "neighbors": [26, 20, 31, 25, 17, 23, 27, 5, 36, 19, 2, 4, 8, 35, 37, 16, 15, 0, 11]}, {"capacity": 265, "impossibleCargos": [4, 5, 6, 8, 13, 26], "neighbors": [13, 7, 12, 31, 28, 21, 25, 4, 36, 16, 1, 2, 3, 37, 26, 33, 30, 20, 32, 8]}, {"capacity": 210, "impossibleCargos": [4, 6, 15, 20, 29], "neighbors": [18, 21, 15, 26, 7, 4, 33, 29, 37, 31, 34, 23, 27, 14, 25, 9, 0, 20]}, {"capacity": 212, "impossibleCargos": [6, 7, 11, 24, 26, 28, 29], "neighbors": [4, 24, 10, 14, 30, 8, 28, 22, 34, 39, 31, 2, 1, 6, 19]}, {"capacity": 288, "impossibleCargos": [2, 7, 10, 14, 18, 24, 27, 28], "neighbors": [10, 37, 15, 6, 2, 3, 17, 20, 33, 29, 16, 8, 32, 36, 4, 38, 22, 34, 35]}, {"capacity": 288, "impossibleCargos": [2, 3, 4, 8, 14, 17], "neighbors": [25, 5, 30, 3, 1, 4, 12, 7, 39, 21, 36, 26, 28, 16, 35, 19, 23, 34, 11, 8, 24, 0, 22]}, {"capacity": 202, "impossibleCargos": [1, 5, 6, 11, 13, 14, 21, 28], "neighbors": [28, 33, 13, 27, 29, 17, 11, 3, 38, 25, 23, 19, 30, 2, 6, 9, 16, 39, 5, 34]}, {"capacity": 241, "impossibleCargos": [1, 6, 8, 13, 18, 20, 21, 23, 27], "neighbors": [38, 18, 6, 34, 25, 0, 13, 37, 2, 30, 14, 19, 5, 7, 10, 9, 22, 15, 33, 31]}, {"capacity": 227, "impossibleCargos": [1, 3, 7, 15, 19, 24], "neighbors": [29, 3, 21, 15, 2, 9, 7, 13, 30, 8, 27, 32, 0, 28, 35, 18, 1, 36, 4, 20, 31, 39]}, {"capacity": 212, "impossibleCargos": [8, 19, 25], "neighbors": [11, 16, 38, 2, 35, 30, 17, 25, 28, 19, 29, 32, 6, 37, 20]}, {"capacity": 257, "impossibleCargos": [5, 7, 10, 13, 16], "neighbors": [29, 33, 4, 37, 9, 15, 2, 0, 20, 16, 14, 36, 39, 26, 8, 25, 18, 27, 32, 12, 28]}, {"capacity": 245, "impossibleCargos": [2, 5, 8, 9, 17, 23], "neighbors": [9, 37, 28, 30, 23, 38, 13, 1, 5, 19, 35, 2, 25, 21, 17, 24, 18, 10, 11]}, {"capacity": 290, "impossibleCargos": [1, 2, 4, 5, 6, 7, 10, 12, 16, 17, 20, 25], "neighbors": [2, 11, 17, 26, 24, 10, 29, 14, 32, 0, 31, 6, 1, 7, 37, 20, 8, 27, 3, 35, 23, 5]}, {"capacity": 200, "impossibleCargos": [2, 5, 6, 20, 21, 26, 27], "neighbors": [31, 30, 28, 12, 37, 36, 26, 34, 16, 8, 23, 38, 3, 13, 7, 32, 29, 14]}, {"capacity": 298, "impossibleCargos": [0, 1, 6, 10, 15, 16, 21, 22], "neighbors": [28, 33, 29, 9, 20, 15, 38, 39, 14, 31, 11, 36, 22, 3, 7, 6, 5, 34, 21]}, {"capacity": 205, "impossibleCargos": [2, 3, 7, 10, 11, 12, 13, 17, 19, 25, 27], "neighbors": [37, 25, 12, 21, 28, 6, 4, 27, 26, 34, 20, 38, 14, 39]}, {"capacity": 266, "impossibleCargos": [0, 4, 6, 25], "neighbors": [14, 9, 24, 36, 15, 37, 16, 10, 7, 18, 28, 19, 30, 8, 38, 20, 29, 11, 0, 27]}, {"capacity": 224, "impossibleCargos": [1, 3, 4, 12, 13, 18, 27, 29], "neighbors": [9, 8, 36, 11, 21, 6, 14, 3, 22, 19, 31, 28, 24, 10, 5, 1]}, {"capacity": 221, "impossibleCargos": [4, 12, 13, 14, 17, 18, 19, 29], "neighbors": [39, 15, 9, 37, 17, 8, 24, 19, 11, 34, 0, 21, 36, 25]}, {"capacity": 249, "impossibleCargos": [1, 4, 8, 18, 19, 22, 24, 28], "neighbors": [36, 15, 23, 1, 30, 20, 7, 10, 12, 22, 0, 14, 24, 17, 34, 25, 26, 18, 29, 38, 33, 19]}, {"capacity": 238, "impossibleCargos": [2, 7, 9, 10, 15, 16, 20, 21, 26, 27, 29], "neighbors": [17, 19, 15, 8, 23, 34, 21, 13, 31, 1, 11, 0, 30, 28, 18, 25, 38, 33, 39, 35, 22]}, {"capacity": 291, "impossibleCargos": [1, 2, 7, 13, 17, 18, 20, 21, 22], "neighbors": [14, 28, 37, 4, 12, 20, 38, 17, 22, 16, 32, 1, 18, 15, 31, 25, 35, 29, 2, 34, 10, 39, 5, 6]}, {"capacity": 230, "impossibleCargos": [0, 7, 9, 13, 16, 24], "neighbors": [9, 22, 32, 39, 10, 33, 29, 7, 12, 6, 2, 26, 11, 30, 23, 21, 1, 3, 17, 38, 16]}, {"capacity": 227, "impossibleCargos": [1, 3, 6, 9, 10, 17, 20, 23, 24, 28], "neighbors": [6, 3, 31, 21, 2, 30, 13, 17, 33, 8, 18, 37, 35, 19, 36, 7, 10, 22]}, {"capacity": 201, "impossibleCargos": [9, 10], "neighbors": [15, 23, 19, 8, 4, 31, 13, 37, 32, 11, 3, 5, 10, 35, 16, 28, 1, 29, 36]}, {"capacity": 237, "impossibleCargos": [2, 4, 5, 8, 9, 13, 16, 19, 21, 26, 27], "neighbors": [2, 16, 29, 7, 37, 6, 1, 36, 4, 12, 8, 28, 14, 11, 22, 39, 27, 24, 38, 0, 30, 15, 13, 23]}, {"capacity": 259, "impossibleCargos": [1, 2, 4, 6, 9, 10, 11, 14, 18, 22, 25, 28], "neighbors": [2, 0, 39, 7, 18, 14, 17, 38, 9, 8, 4, 30, 20, 32, 33, 1, 21, 13, 29]}, {"capacity": 285, "impossibleCargos": [5, 9, 11, 13, 16, 19, 20, 24, 25], "neighbors": [28, 3, 26, 25, 4, 9, 10, 14, 37, 34, 2, 22, 13, 1, 19, 38, 17, 23, 39, 32, 8, 27, 33]}, {"capacity": 271, "impossibleCargos": [0, 10, 14], "neighbors": [3, 13, 24, 20, 30, 19, 25, 34, 16, 27, 36, 22, 33, 11, 0, 9, 1, 38, 10, 21, 32, 5, 8, 18]}, {"capacity": 218, "impossibleCargos": [10, 17, 19, 25, 26, 28], "neighbors": [7, 16, 3, 18, 15, 30, 20, 23, 2, 35, 36, 25, 13, 37, 22, 0, 28, 34, 31, 29, 24, 6, 1]}, {"capacity": 212, "impossibleCargos": [1, 4, 7, 10, 12, 21, 23, 24, 29], "neighbors": [27, 8, 14, 31, 35, 12, 19, 23, 34, 15, 36, 1, 30, 24, 29, 2, 17]}]}