{"volumes": [0, 193, 473, 611, 206, 699, 246, 473, 229, 214, 0, 227, 215, 471, 721, 0, 470, 246, 0, 0, 444, 498, 228, 433, 493, 752, 512, 0, 0, 0], "conflicts": [[0, 3], [0, 7], [0, 9], [0, 13], [0, 15], [1, 18], [2, 15], [3, 4], [3, 6], [3, 27], [3, 28], [4, 7], [4, 12], [4, 15], [4, 26], [4, 27], [4, 29], [5, 10], [5, 15], [5, 18], [5, 27], [6, 18], [6, 19], [6, 26], [7, 15], [7, 29], [8, 26], [9, 18], [9, 20], [10, 11], [10, 14], [10, 20], [10, 21], [10, 22], [10, 23], [10, 25], [10, 28], [11, 15], [11, 16], [11, 29], [12, 16], [12, 26], [12, 29], [13, 18], [13, 19], [14, 19], [14, 29], [15, 22], [15, 23], [15, 25], [15, 27], [16, 19], [16, 26], [16, 28], [17, 21], [17, 28], [18, 21], [18, 23], [18, 26], [19, 21], [20, 29], [21, 28], [21, 29], [24, 28], [25, 27]], "tanks": [{"capacity": 224, "impossibleCargos": [0, 3, 5, 8, 11, 12, 14, 15, 17, 24, 29], "neighbors": [37, 26, 39, 34, 21, 23, 35, 4, 8, 31, 18, 3, 13, 28, 24, 27, 11, 15, 17, 38, 10, 2, 30, 7]}, {"capacity": 260, "impossibleCargos": [0, 5, 6, 7, 8, 11, 12, 15, 20, 21, 22, 25, 26], "neighbors": [35, 8, 36, 27, 37, 15, 5, 38, 16, 32, 25, 3, 26, 9]}, {"capacity": 212, "impossibleCargos": [2, 5, 7, 9, 10, 11, 12, 13, 14, 15, 16, 17, 19, 20, 21, 22, 23], "neighbors": [32, 30, 33, 10, 38, 4, 31, 23, 26, 11, 5, 36, 20, 28, 34, 0, 25, 39, 22]}, {"capacity": 248, "impossibleCargos": [0, 1, 2, 7, 13, 15, 17, 19, 20, 21, 24, 28, 29], "neighbors": [25, 7, 18, 30, 0, 13, 20, 37, 9, 14, 36, 29, 26, 19, 12, 16, 33, 22, 6, 21, 32, 1]}, {"capacity": 261, "impossibleCargos": [0, 4, 5, 7, 11, 12, 16, 17, 19, 21, 22, 24, 26, 27, 28], "neighbors": [23, 6, 0, 9, 31, 29, 7, 22, 2, 34, 17, 16, 36, 27, 39, 10, 8]}, {"capacity": 222, "impossibleCargos": [1, 2, 3, 5, 7, 9, 13, 14, 15, 16, 18, 21, 23, 24, 27, 29], "neighbors": [17, 24, 7, 14, 30, 23, 20, 15, 28, 19, 2, 1, 18, 36]}, {"capacity": 203, "impossibleCargos": [0, 2, 6, 7, 13, 14, 15, 17, 22, 23, 24, 27], "neighbors": [35, 4, 30, 21, 16, 34, 27, 11, 29, 10, 38, 28, 31, 20, 13, 36, 3, 8, 39]}, {"capacity": 297, "impossibleCargos": [2, 3, 7, 8, 10, 14, 15, 16, 17, 19, 21, 23, 25, 26, 27, 29], "neighbors": [29, 33, 3, 5, 37, 4, 20, 18, 22, 38, 25, 12, 39, 28, 9, 0, 15, 19, 30]}, {"capacity": 286, "impossibleCargos": [4, 11, 13, 16, 17, 19, 25, 26, 28, 29], "neighbors": [16, 29, 20, 37, 0, 1, 34, 28, 14, 12, 38, 24, 22, 10, 19, 23, 13, 11, 6, 18, 31, 4]}, {"capacity": 272, "impossibleCargos": [1, 5, 6, 14, 15, 20, 21, 25, 26, 27, 28, 29], "neighbors": [23, 33, 26, 4, 20, 38, 17, 19, 3, 16, 32, 27, 28, 7, 39, 36, 14, 25, 1]}, {"capacity": 227, "impossibleCargos": [1, 2, 3, 5, 9, 13, 14, 16, 19, 20, 21, 22, 24, 25, 26, 28], "neighbors": [21, 35, 39, 23, 25, 2, 38, 8, 6, 20, 34, 0, 18, 28, 4]}, {"capacity": 212, "impossibleCargos": [0, 3, 5, 6, 7, 8, 9, 10, 12, 16, 17, 18, 20, 22, 23, 26, 27, 29], "neighbors": [13, 34, 6, 33, 19, 24, 15, 16, 39, 26, 2, 0, 22, 8, 32, 27, 20, 18, 38]}, {"capacity": 241, "impossibleCargos": [1, 4, 5, 6, 10, 11, 13, 14, 15, 17, 18, 19, 21, 22, 29], "neighbors": [18, 13, 24, 28, 15, 8, 17, 29, 37, 21, 7, 3, 36, 26]}, {"capacity": 216, "impossibleCargos": [0, 2, 4, 6, 7, 11, 13, 17, 18, 20, 24, 25, 26, 29], "neighbors": [37, 24, 12, 14, 25, 18, 11, 3, 0, 38, 22, 20, 8, 6, 28, 26, 19, 17]}, {"capacity": 225, "impossibleCargos": [1, 2, 5, 7, 8, 10, 12, 13, 15, 16, 19, 25, 26, 27, 29], "neighbors": [19, 34, 13, 5, 15, 8, 26, 20, 3, 33, 16, 25, 21, 9, 32, 18, 27]}, {"capacity": 209, "impossibleCargos": [0, 1, 2, 4, 7, 12, 14, 18, 19, 20, 21], "neighbors": [33, 23, 16, 35, 14, 19, 12, 5, 11, 17, 18, 0, 29, 1, 37, 38, 20, 7, 39]}, {"capacity": 251, "impossibleCargos": [0, 2, 3, 7, 8, 9, 11, 14, 17, 19, 20, 24, 25, 26, 27], "neighbors": [8, 19, 6, 15, 21, 34, 28, 36, 17, 11, 9, 38, 14, 33, 3, 25, 4, 31, 20, 1, 23, 39]}, {"capacity": 248, "impossibleCargos": [0, 3, 5, 9, 11, 13, 18, 19, 23, 24, 26, 27, 28], "neighbors": [5, 25, 12, 22, 16, 9, 15, 38, 4, 18, 26, 0, 35, 39, 21, 13, 29, 32]}, {"capacity": 215, "impossibleCargos": [3, 9, 12, 13, 14, 15, 18, 19, 28], "neighbors": [12, 13, 31, 3, 30, 0, 28, 7, 19, 20, 33, 15, 17, 23, 35, 22, 24, 38, 5, 10, 8, 11, 14]}, {"capacity": 275, "impossibleCargos": [2, 3, 5, 6, 8, 9, 11, 14, 15, 16, 17, 18, 19, 21, 22, 24, 27], "neighbors": [14, 26, 16, 39, 30, 15, 11, 8, 38, 9, 5, 18, 34, 33, 31, 20, 36, 3, 23, 13, 7, 24]}, {"capacity": 274, "impossibleCargos": [3, 5, 10, 11, 12, 18, 20, 23, 24, 26, 27, 28, 29], "neighbors": [24, 8, 36, 39, 5, 7, 9, 3, 14, 34, 13, 21, 18, 10, 31, 19, 32, 27, 6, 2, 15, 38, 16, 11, 33, 22, 23, 25]}, {"capacity": 270, "impossibleCargos": [1, 5, 6, 7, 13, 14, 15, 16, 20, 22, 24, 25, 26, 28], "neighbors": [27, 34, 0, 10, 25, 39, 6, 26, 16, 36, 20, 12, 32, 30, 29, 17, 3, 14, 38]}, {"capacity": 281, "impossibleCargos": [2, 3, 6, 8, 9, 13, 15, 19, 20, 21, 22, 23, 24, 28], "neighbors": [26, 39, 33, 27, 24, 31, 35, 4, 8, 17, 13, 7, 18, 11, 23, 30, 3, 32, 20, 2, 34]}, {"capacity": 241, "impossibleCargos": [0, 1, 3, 8, 11, 13, 14, 15, 17, 20, 21, 22, 25, 27, 28], "neighbors": [4, 9, 0, 15, 30, 37, 10, 5, 34, 39, 2, 8, 18, 24, 27, 22, 32, 33, 19, 16, 25, 20]}, {"capacity": 236, "impossibleCargos": [0, 1, 3, 7, 8, 11, 12, 13, 16, 17, 20, 21, 22, 23, 24, 27], "neighbors": [31, 13, 20, 5, 12, 22, 8, 33, 11, 32, 0, 23, 18, 39, 19]}, {"capacity": 263, "impossibleCargos": [0, 3, 4, 6, 9, 10, 11, 13, 17, 18, 22, 24, 25, 26, 27, 28, 29], "neighbors": [3, 21, 32, 13, 17, 10, 39, 33, 30, 7, 36, 16, 29, 14, 35, 2, 23, 1, 9, 20]}, {"capacity": 201, "impossibleCargos": [1, 2, 5, 10, 12, 13, 18, 22, 25, 28, 29], "neighbors": [19, 0, 32, 22, 38, 21, 29, 9, 31, 14, 39, 11, 2, 17, 3, 37, 13, 35, 36, 12, 1]}, {"capacity": 252, "impossibleCargos": [3, 13, 14, 15, 17, 20, 21, 22, 23, 24, 25, 28], "neighbors": [21, 29, 28, 39, 6, 22, 38, 1, 9, 0, 20, 23, 30, 4, 11, 14]}, {"capacity": 245, "impossibleCargos": [0, 2, 3, 7, 8, 9, 11, 14, 20, 23, 25, 26, 27], "neighbors": [39, 27, 36, 29, 31, 8, 33, 12, 18, 37, 16, 5, 0, 6, 30, 7, 9, 2, 13, 35, 10]}, {"capacity": 250, "impossibleCargos": [0, 1, 3, 4, 5, 6, 7, 8, 9, 13, 16, 19, 24, 26, 27, 29], "neighbors": [8, 7, 27, 26, 28, 30, 4, 6, 38, 12, 3, 33, 36, 15, 25, 34, 21, 37, 17]}, {"capacity": 250, "impossibleCargos": [0, 4, 6, 7, 10, 12, 15, 16, 17, 18, 19, 23, 25, 26, 28, 29], "neighbors": [6, 2, 19, 23, 3, 18, 29, 5, 33, 25, 34, 28, 27, 22, 21, 0, 37, 31, 7]}, {"capacity": 238, "impossibleCargos": [0, 1, 2, 3, 5, 7, 8, 9, 10, 11, 13, 14, 15, 17, 19, 22, 25, 27, 28], "neighbors": [24, 18, 28, 0, 22, 26, 4, 39, 2, 19, 20, 6, 33, 38, 16, 8, 30]}, {"capacity": 251, "impossibleCargos": [3, 4, 5, 6, 7, 8, 12, 13, 17, 18, 19, 21, 22, 23, 25, 26], "neighbors": [26, 2, 25, 38, 39, 24, 9, 20, 21, 23, 22, 11, 1, 3, 17, 14]}, {"capacity": 273, "impossibleCargos": [2, 5, 7, 9, 10, 12, 15, 16, 19, 21, 24, 26], "neighbors": [15, 36, 2, 22, 7, 9, 11, 28, 24, 35, 25, 30, 19, 14, 29, 18, 31, 16, 3, 23, 20]}, {"capacity": 219, "impossibleCargos": [0, 1, 2, 4, 6, 7, 9, 12, 13, 14, 18, 19, 24, 25, 28], "neighbors": [14, 21, 0, 6, 11, 8, 16, 23, 38, 39, 20, 19, 4, 30, 10, 37, 36, 2, 29, 22]}, {"capacity": 229, "impossibleCargos": [0, 1, 2, 3, 4, 5, 7, 12, 13, 14, 16, 17, 20, 24], "neighbors": [6, 39, 1, 0, 15, 10, 22, 33, 18, 36, 17, 28, 25, 26, 37]}, {"capacity": 264, "impossibleCargos": [0, 1, 2, 5, 6, 9, 12, 16, 18, 19, 20, 21, 22, 23, 25, 26, 27, 28], "neighbors": [33, 20, 28, 1, 21, 39, 16, 3, 19, 29, 25, 2, 35, 34, 37, 6, 4, 38, 9, 26, 5, 12]}, {"capacity": 282, "impossibleCargos": [1, 2, 3, 6, 7, 10, 12, 14, 15, 16, 18, 20, 21, 23], "neighbors": [0, 13, 8, 23, 7, 28, 3, 12, 1, 38, 34, 39, 15, 26, 36, 30, 35, 29]}, {"capacity": 253, "impossibleCargos": [1, 3, 4, 5, 6, 10, 11, 12, 14, 19, 24, 27, 28], "neighbors": [26, 27, 2, 8, 32, 29, 34, 10, 13, 9, 19, 7, 16, 6, 17, 37, 0, 15, 31, 18, 39, 20, 1, 36, 11, 21]}, {"capacity": 251, "impossibleCargos": [0, 1, 3, 4, 5, 7, 12, 14, 15, 16, 18, 21, 22, 24, 26, 27, 29], "neighbors": [0, 35, 28, 21, 22, 27, 19, 20, 10, 31, 25, 34, 32, 36, 26, 11, 23, 7, 37, 38, 17, 6, 9, 4, 24, 15, 2, 16]}]}