{"volumes": [218, 0, 235, 277, 213, 528, 445, 228, 440, 437, 0, 200, 512, 208, 184, 243, 722, 1198, 0, 210, 290, 0, 0, 0, 0, 294, 252, 711, 711, 523], "conflicts": [[0, 1], [0, 4], [0, 13], [0, 15], [0, 23], [0, 24], [1, 2], [1, 3], [1, 4], [1, 7], [1, 9], [1, 10], [1, 11], [1, 19], [1, 20], [1, 21], [1, 24], [1, 28], [1, 29], [2, 11], [2, 15], [2, 18], [3, 6], [3, 9], [3, 18], [3, 20], [3, 23], [3, 25], [3, 26], [4, 7], [4, 10], [4, 14], [4, 19], [4, 24], [5, 14], [5, 18], [5, 21], [5, 22], [6, 7], [6, 8], [6, 11], [6, 21], [6, 23], [6, 24], [7, 13], [7, 15], [7, 22], [7, 23], [7, 26], [7, 27], [8, 21], [8, 22], [8, 23], [9, 13], [9, 15], [9, 23], [9, 24], [9, 25], [10, 12], [10, 13], [10, 16], [10, 18], [10, 19], [10, 21], [10, 22], [10, 23], [10, 27], [10, 28], [11, 18], [11, 19], [11, 20], [11, 21], [11, 22], [11, 25], [12, 14], [12, 22], [13, 17], [13, 20], [13, 21], [13, 23], [13, 26], [14, 15], [14, 18], [14, 21], [14, 22], [14, 26], [15, 18], [15, 24], [16, 18], [16, 19], [16, 21], [16, 23], [16, 24], [17, 22], [17, 24], [18, 21], [18, 23], [18, 24], [18, 25], [18, 27], [18, 28], [18, 29], [19, 21], [19, 23], [19, 24], [19, 26], [19, 28], [20, 22], [20, 23], [20, 24], [20, 25], [20, 26], [21, 23], [21, 24], [21, 26], [21, 27], [21, 28], [22, 23], [22, 24], [22, 25], [22, 26], [22, 27], [22, 28], [23, 28], [23, 29], [24, 26], [24, 27], [24, 28], [25, 26]], "tanks": [{"capacity": 296, "impossibleCargos": [1, 4, 9, 12, 15, 17, 18, 22, 25, 26], "neighbors": [7, 36, 21, 29, 22, 35, 23, 9, 39, 37, 17, 6, 32, 2, 33, 31, 4, 8, 38, 20, 5, 18, 11]}, {"capacity": 263, "impossibleCargos": [0, 2, 3, 5, 7, 8, 9, 11, 14, 15, 20, 23, 24, 25, 26, 29], "neighbors": [7, 11, 32, 4, 10, 36, 25, 20, 18, 34, 3, 24, 2, 21, 31, 12, 8, 38, 37, 16, 23]}, {"capacity": 283, "impossibleCargos": [3, 6, 7, 9, 12, 13, 15, 19, 22, 23, 24, 27, 28], "neighbors": [11, 3, 10, 21, 36, 26, 17, 0, 1, 29, 20, 13, 9, 38, 7, 28, 22, 6]}, {"capacity": 201, "impossibleCargos": [0, 2, 5, 8, 11, 12, 13, 14, 16, 20, 23, 26], "neighbors": [26, 30, 10, 16, 2, 6, 13, 27, 17, 23, 24, 14, 1, 8, 21, 4, 29]}, {"capacity": 200, "impossibleCargos": [0, 2, 5, 6, 7, 8, 9, 13, 17, 18, 19, 21, 24, 26, 27, 28], "neighbors": [27, 24, 20, 37, 1, 12, 29, 5, 16, 6, 38, 26, 22, 39, 13, 33, 8, 0, 3, 25, 35, 21]}, {"capacity": 246, "impossibleCargos": [0, 1, 2, 3, 5, 6, 11, 12, 13, 16, 18, 19, 20, 22, 25, 26, 27], "neighbors": [30, 8, 38, 33, 16, 19, 31, 26, 22, 17, 37, 39, 4, 21, 9, 34, 6, 24, 0, 10, 14, 36]}, {"capacity": 247, "impossibleCargos": [0, 1, 4, 5, 6, 8, 12, 14, 15, 16, 18, 19, 20, 21, 22, 26, 29], "neighbors": [35, 8, 7, 3, 29, 26, 16, 14, 4, 0, 15, 32, 12, 19, 13, 36, 5, 22, 28, 9, 2]}, {"capacity": 267, "impossibleCargos": [0, 1, 2, 8, 9, 10, 15, 16, 20, 21, 22, 23, 24, 26, 29], "neighbors": [1, 23, 0, 18, 33, 22, 29, 6, 19, 28, 39, 10, 14, 26, 13, 34, 32, 20, 11, 15, 2, 16, 12]}, {"capacity": 207, "impossibleCargos": [0, 1, 2, 5, 6, 7, 10, 11, 22, 23, 26, 28], "neighbors": [24, 23, 5, 13, 6, 18, 32, 12, 3, 15, 37, 4, 1, 34, 36, 25, 0, 11, 14, 30, 31]}, {"capacity": 260, "impossibleCargos": [3, 4, 5, 7, 9, 11, 15, 17, 18, 19, 21, 23, 25, 29], "neighbors": [26, 13, 15, 17, 24, 0, 25, 31, 37, 5, 33, 34, 35, 2, 22, 32, 36, 18, 38, 6]}, {"capacity": 289, "impossibleCargos": [0, 1, 4, 6, 8, 10, 14, 16, 22, 23, 26, 27], "neighbors": [14, 12, 1, 3, 13, 2, 15, 18, 37, 31, 32, 16, 7, 33, 38, 17, 5, 36, 35]}, {"capacity": 207, "impossibleCargos": [1, 3, 7, 9, 11, 14, 15, 18, 21, 25, 29], "neighbors": [34, 2, 1, 16, 13, 25, 35, 19, 33, 31, 37, 14, 29, 30, 8, 7, 0, 23]}, {"capacity": 224, "impossibleCargos": [0, 1, 4, 7, 8, 9, 11, 12, 13, 17, 19, 21, 22, 23, 24, 25, 26, 27, 28], "neighbors": [10, 4, 20, 33, 8, 6, 26, 1, 28, 38, 21, 34, 31, 30, 23, 7]}, {"capacity": 247, "impossibleCargos": [1, 3, 6, 7, 9, 10, 12, 16, 23, 24, 26, 27, 28], "neighbors": [18, 27, 17, 9, 15, 8, 11, 10, 20, 3, 25, 32, 34, 37, 24, 31, 4, 6, 2, 26, 7, 29, 35, 30]}, {"capacity": 288, "impossibleCargos": [1, 2, 3, 5, 7, 9, 11, 16, 19, 20, 28], "neighbors": [15, 10, 21, 39, 28, 33, 17, 16, 27, 38, 31, 6, 23, 3, 35, 26, 11, 19, 7, 34, 8, 24, 18, 5]}, {"capacity": 266, "impossibleCargos": [1, 4, 7, 8, 9, 11, 12, 14, 15, 17, 18, 19, 21, 24], "neighbors": [14, 37, 29, 13, 9, 18, 20, 21, 24, 10, 6, 16, 32, 23, 27, 8, 36, 35, 38, 26, 7]}, {"capacity": 233, "impossibleCargos": [1, 2, 4, 5, 6, 10, 12, 20, 25, 27, 28, 29], "neighbors": [37, 5, 38, 26, 11, 3, 24, 14, 6, 4, 20, 10, 17, 22, 15, 31, 18, 39, 19, 35, 1, 27, 30, 7, 28]}, {"capacity": 224, "impossibleCargos": [1, 4, 5, 6, 9, 10, 11, 12, 16, 17, 18, 21, 29], "neighbors": [13, 9, 37, 14, 5, 28, 20, 32, 26, 3, 0, 16, 2, 18, 39, 23, 36, 35, 27, 10]}, {"capacity": 246, "impossibleCargos": [1, 2, 5, 8, 12, 14, 15, 16, 18, 19, 20, 26, 27, 28, 29], "neighbors": [30, 13, 19, 24, 7, 23, 15, 26, 1, 10, 31, 8, 39, 17, 16, 9, 0, 32, 14]}, {"capacity": 280, "impossibleCargos": [3, 6, 7, 8, 11, 13, 16, 18, 19, 22, 24, 29], "neighbors": [18, 35, 34, 5, 24, 7, 11, 25, 6, 14, 16, 31, 27, 20]}, {"capacity": 233, "impossibleCargos": [1, 2, 7, 8, 11, 13, 14, 20, 22, 23, 26, 28], "neighbors": [4, 38, 34, 31, 15, 17, 1, 13, 26, 12, 27, 21, 16, 2, 22, 19, 0, 7, 25]}, {"capacity": 245, "impossibleCargos": [0, 1, 3, 5, 6, 8, 9, 12, 13, 18, 19, 23, 25, 26, 28], "neighbors": [14, 0, 31, 22, 15, 2, 5, 20, 1, 39, 3, 27, 24, 12, 29, 30, 4]}, {"capacity": 219, "impossibleCargos": [0, 1, 5, 7, 9, 10, 13, 17, 18, 20, 21, 22, 23, 24, 25, 26, 28, 29], "neighbors": [37, 7, 5, 0, 29, 21, 27, 32, 4, 16, 9, 20, 6, 2, 38]}, {"capacity": 258, "impossibleCargos": [0, 3, 5, 6, 7, 8, 9, 15, 19, 20, 21, 23, 25, 26, 29], "neighbors": [8, 39, 7, 29, 18, 26, 35, 0, 32, 25, 14, 3, 28, 15, 17, 34, 12, 1, 11]}, {"capacity": 218, "impossibleCargos": [0, 1, 3, 4, 6, 7, 10, 12, 13, 14, 15, 16, 18, 19, 20, 21, 23, 27], "neighbors": [4, 8, 34, 38, 18, 19, 9, 16, 15, 28, 13, 3, 1, 21, 14, 35, 36, 5, 27, 33]}, {"capacity": 268, "impossibleCargos": [0, 1, 5, 7, 8, 9, 10, 15, 20, 22, 23, 26, 29], "neighbors": [38, 27, 1, 11, 9, 13, 36, 23, 32, 19, 31, 33, 8, 34, 4, 20]}, {"capacity": 296, "impossibleCargos": [0, 3, 4, 8, 10, 13, 16, 18, 21, 22, 23, 24, 26], "neighbors": [36, 3, 9, 16, 23, 5, 18, 34, 17, 28, 20, 6, 4, 2, 14, 12, 27, 13, 7, 15, 39, 30]}, {"capacity": 241, "impossibleCargos": [1, 2, 4, 6, 7, 9, 10, 13, 15, 20, 21, 25, 28], "neighbors": [4, 13, 25, 32, 29, 33, 3, 14, 36, 20, 22, 39, 28, 15, 26, 21, 19, 17, 16, 24]}, {"capacity": 253, "impossibleCargos": [2, 5, 6, 8, 13, 14, 15, 19, 22, 23, 24, 25, 28], "neighbors": [37, 14, 35, 17, 26, 24, 7, 27, 30, 34, 23, 12, 32, 2, 16, 6, 31, 39]}, {"capacity": 298, "impossibleCargos": [1, 2, 4, 9, 14, 15, 16, 18, 21, 26, 27, 29], "neighbors": [23, 34, 15, 0, 7, 22, 27, 39, 6, 4, 35, 11, 2, 32, 21, 13, 3, 31]}, {"capacity": 258, "impossibleCargos": [2, 5, 7, 11, 12, 13, 18, 19, 20, 21, 24, 27, 29], "neighbors": [18, 5, 3, 31, 32, 28, 11, 12, 16, 8, 21, 13, 26, 34]}, {"capacity": 251, "impossibleCargos": [4, 10, 12, 13, 15, 17, 19, 21, 22, 24, 26, 27], "neighbors": [35, 34, 20, 30, 5, 21, 33, 14, 18, 32, 10, 9, 11, 16, 39, 13, 1, 0, 25, 19, 12, 29, 28, 8]}, {"capacity": 288, "impossibleCargos": [0, 3, 4, 5, 6, 9, 11, 13, 18, 19, 24, 26], "neighbors": [1, 27, 17, 33, 13, 23, 22, 31, 10, 8, 25, 30, 0, 15, 6, 29, 37, 39, 38, 9, 28, 7, 18]}, {"capacity": 209, "impossibleCargos": [2, 6, 8, 10, 12, 15, 17, 18, 19, 20, 24, 25, 27, 29], "neighbors": [5, 7, 14, 31, 32, 27, 12, 9, 11, 35, 0, 4, 36, 25, 38, 10, 24]}, {"capacity": 222, "impossibleCargos": [0, 1, 3, 5, 10, 11, 12, 13, 16, 17, 20, 21, 22, 25], "neighbors": [29, 11, 24, 31, 20, 19, 26, 13, 1, 9, 28, 8, 5, 14, 12, 7, 25, 23, 30]}, {"capacity": 211, "impossibleCargos": [0, 2, 3, 6, 7, 8, 13, 17, 20, 27, 29], "neighbors": [31, 19, 38, 6, 28, 23, 0, 11, 29, 14, 33, 9, 16, 17, 15, 24, 4, 13, 10]}, {"capacity": 260, "impossibleCargos": [0, 3, 4, 5, 6, 7, 9, 11, 12, 17, 18, 19, 20, 26, 27, 28, 29], "neighbors": [26, 0, 1, 27, 25, 2, 17, 33, 8, 6, 39, 15, 9, 37, 24, 38, 10, 5]}, {"capacity": 298, "impossibleCargos": [2, 3, 5, 6, 12, 14, 15, 16, 17, 19, 20, 22, 23, 24, 27], "neighbors": [16, 15, 4, 28, 22, 17, 5, 0, 13, 10, 9, 11, 8, 1, 32, 36, 39]}, {"capacity": 296, "impossibleCargos": [6, 7, 8, 9, 10, 11, 12, 17, 18, 19, 20, 21, 22, 23, 24, 26, 28], "neighbors": [5, 20, 24, 25, 16, 35, 14, 4, 1, 32, 12, 33, 2, 15, 10, 0, 9, 36, 22]}, {"capacity": 288, "impossibleCargos": [0, 1, 2, 7, 10, 12, 14, 15, 18, 19, 20, 21, 25, 27], "neighbors": [23, 14, 29, 0, 5, 27, 18, 4, 7, 31, 16, 17, 21, 32, 36, 26, 37, 28]}]}