{"volumes": [940, 209, 208, 783, 542, 0, 0, 243, 0, 195, 0, 0, 960, 467, 0, 0, 718, 0, 553, 484, 239, 0, 238, 206, 774, 235, 424, 440, 231, 218], "conflicts": [[0, 5], [0, 6], [0, 8], [0, 11], [0, 14], [0, 15], [0, 17], [0, 21], [1, 5], [1, 6], [1, 8], [1, 11], [1, 13], [1, 14], [1, 15], [1, 17], [1, 21], [1, 22], [1, 25], [1, 26], [1, 28], [1, 29], [2, 5], [2, 7], [2, 8], [2, 10], [2, 11], [2, 12], [2, 14], [2, 15], [2, 17], [2, 20], [2, 21], [2, 28], [2, 29], [3, 5], [3, 6], [3, 7], [3, 8], [3, 10], [3, 11], [3, 14], [3, 15], [3, 17], [3, 21], [3, 22], [4, 5], [4, 6], [4, 7], [4, 10], [4, 11], [4, 14], [4, 17], [5, 6], [5, 7], [5, 8], [5, 10], [5, 12], [5, 13], [5, 15], [5, 16], [5, 17], [5, 18], [5, 19], [5, 20], [5, 23], [5, 24], [5, 26], [5, 27], [5, 28], [5, 29], [6, 7], [6, 8], [6, 10], [6, 11], [6, 13], [6, 14], [6, 17], [6, 18], [6, 19], [6, 21], [6, 22], [6, 23], [6, 24], [6, 27], [6, 29], [7, 8], [7, 10], [7, 14], [7, 17], [7, 21], [7, 26], [7, 29], [8, 9], [8, 10], [8, 11], [8, 13], [8, 14], [8, 15], [8, 16], [8, 17], [8, 18], [8, 19], [8, 20], [8, 21], [8, 24], [8, 25], [8, 26], [8, 27], [8, 28], [8, 29], [9, 10], [9, 11], [9, 14], [9, 17], [9, 18], [9, 20], [9, 22], [9, 28], [9, 29], [10, 11], [10, 12], [10, 13], [10, 14], [10, 15], [10, 16], [10, 17], [10, 18], [10, 20], [10, 21], [10, 22], [10, 23], [10, 24], [10, 25], [10, 26], [10, 27], [10, 28], [10, 29], [11, 12], [11, 17], [11, 19], [11, 20], [11, 21], [11, 22], [11, 23], [11, 24], [11, 25], [11, 27], [11, 28], [11, 29], [12, 14], [12, 15], [12, 17], [13, 14], [13, 15], [13, 17], [13, 21], [13, 25], [14, 16], [14, 18], [14, 21], [14, 23], [14, 24], [14, 25], [14, 26], [14, 29], [15, 16], [15, 17], [15, 18], [15, 20], [15, 21], [15, 22], [15, 23], [15, 24], [15, 26], [15, 27], [15, 28], [15, 29], [16, 17], [17, 18], [17, 20], [17, 24], [17, 25], [17, 26], [17, 28], [17, 29], [18, 21], [19, 21], [20, 21], [20, 23], [20, 25], [20, 29], [21, 22], [21, 23], [21, 25], [21, 26], [21, 27], [21, 28], [21, 29], [23, 27], [24, 25], [25, 28], [28, 29]], "tanks": [{"capacity": 277, "impossibleCargos": [2, 5, 6, 8, 9, 10, 12, 14, 20, 22, 23, 24, 25, 26, 27, 28, 29], "neighbors": [37, 4, 21, 16, 11, 36, 27, 3, 9, 33, 6, 19, 10, 24, 14, 25, 38, 12, 35, 39]}, {"capacity": 243, "impossibleCargos": [1, 5, 9, 12, 13, 14, 17, 18, 19, 21, 22, 25, 28], "neighbors": [15, 14, 17, 3, 4, 6, 22, 32, 27, 33, 2, 35, 28, 13, 31, 23, 19, 39, 18, 25, 9, 10]}, {"capacity": 292, "impossibleCargos": [0, 1, 2, 3, 7, 8, 11, 12, 14, 15, 16, 17, 20, 22, 23, 25, 26], "neighbors": [24, 34, 5, 26, 27, 35, 14, 33, 11, 1, 31, 20, 16, 9, 13, 15, 6, 28, 37, 30, 4, 22]}, {"capacity": 212, "impossibleCargos": [0, 1, 3, 7, 9, 12, 13, 14, 17, 18, 23, 24, 25, 26, 27, 28], "neighbors": [15, 1, 10, 22, 34, 35, 6, 38, 8, 19, 0, 17, 5, 31, 12, 7, 29, 39, 30, 16]}, {"capacity": 253, "impossibleCargos": [1, 2, 3, 4, 5, 8, 10, 11, 12, 14, 15, 18, 19, 20, 24, 25], "neighbors": [15, 16, 23, 1, 0, 18, 26, 11, 22, 36, 5, 8, 19, 24, 12, 2, 13, 31, 39, 20]}, {"capacity": 240, "impossibleCargos": [0, 1, 2, 3, 5, 6, 7, 8, 12, 13, 14, 15, 19, 24, 26], "neighbors": [9, 2, 24, 35, 22, 39, 23, 3, 4, 30, 7, 20, 18, 11, 15, 31, 29, 28]}, {"capacity": 217, "impossibleCargos": [3, 4, 10, 12, 13, 14, 15, 16, 17, 18, 20, 21, 26, 27, 28], "neighbors": [20, 16, 1, 18, 13, 23, 3, 7, 25, 0, 22, 28, 14, 2, 38, 35, 30]}, {"capacity": 296, "impossibleCargos": [4, 5, 6, 7, 11, 12, 13, 14, 21, 22, 23, 25, 26, 29], "neighbors": [20, 21, 28, 32, 6, 18, 19, 34, 31, 17, 30, 5, 3, 8, 36, 29, 27, 23, 11, 10, 9, 25, 14]}, {"capacity": 263, "impossibleCargos": [3, 4, 5, 7, 9, 10, 12, 15, 17, 18, 19, 21, 22, 23, 24, 26, 28, 29], "neighbors": [18, 16, 38, 23, 30, 3, 39, 32, 4, 33, 34, 22, 25, 7, 35, 14, 15]}, {"capacity": 220, "impossibleCargos": [0, 3, 4, 6, 10, 11, 12, 13, 15, 20, 22, 24, 27], "neighbors": [14, 10, 5, 26, 36, 0, 19, 2, 33, 31, 35, 7, 29, 1]}, {"capacity": 234, "impossibleCargos": [3, 4, 5, 6, 8, 11, 14, 15, 18, 19, 21, 23, 24, 25, 26, 28], "neighbors": [27, 37, 9, 20, 3, 22, 26, 12, 24, 21, 25, 31, 0, 7, 19, 1]}, {"capacity": 277, "impossibleCargos": [1, 2, 3, 4, 5, 7, 9, 10, 11, 13, 16, 19, 23, 25, 26, 29], "neighbors": [32, 25, 38, 0, 28, 2, 37, 17, 4, 35, 36, 5, 7, 14, 26, 13, 19, 22]}, {"capacity": 291, "impossibleCargos": [0, 3, 5, 8, 11, 12, 13, 14, 15, 16, 17, 19, 20, 21, 23, 29], "neighbors": [30, 35, 19, 10, 24, 25, 32, 28, 3, 20, 34, 23, 0, 22, 26, 37, 4, 27, 13, 31]}, {"capacity": 200, "impossibleCargos": [1, 2, 3, 5, 8, 13, 16, 21, 22, 24, 27, 28], "neighbors": [16, 6, 15, 26, 34, 14, 24, 31, 35, 25, 1, 2, 33, 22, 29, 4, 21, 11, 39, 12]}, {"capacity": 239, "impossibleCargos": [0, 1, 2, 4, 7, 8, 13, 14, 17, 18, 20, 21, 22, 24, 25, 26, 28, 29], "neighbors": [27, 9, 1, 36, 31, 19, 23, 20, 30, 13, 32, 2, 38, 6, 0, 34, 24, 8, 29, 11, 25, 7, 21]}, {"capacity": 258, "impossibleCargos": [3, 4, 5, 6, 7, 10, 13, 15, 16, 19, 23, 26, 27, 28, 29], "neighbors": [4, 3, 1, 33, 35, 20, 25, 13, 30, 27, 28, 2, 16, 39, 23, 5, 8, 19]}, {"capacity": 227, "impossibleCargos": [0, 4, 6, 10, 13, 15, 16, 20, 21, 22, 25, 26, 29], "neighbors": [4, 8, 6, 13, 33, 26, 0, 22, 18, 2, 37, 19, 17, 39, 27, 29, 23, 15, 28, 21, 30, 3]}, {"capacity": 287, "impossibleCargos": [0, 1, 3, 4, 5, 7, 8, 11, 14, 17, 18, 19, 21, 22, 23, 25, 26, 27, 28, 29], "neighbors": [24, 26, 28, 1, 11, 20, 7, 3, 16, 30, 19, 38, 35, 37, 36, 32, 29, 33]}, {"capacity": 299, "impossibleCargos": [0, 6, 8, 9, 11, 23, 25, 27], "neighbors": [38, 8, 6, 27, 20, 4, 7, 16, 33, 29, 25, 36, 19, 26, 22, 5, 1, 30]}, {"capacity": 222, "impossibleCargos": [2, 3, 4, 9, 10, 11, 13, 14, 15, 16, 18, 20, 22, 23, 26, 27, 29], "neighbors": [14, 12, 36, 30, 7, 25, 3, 16, 9, 28, 0, 33, 39, 18, 17, 4, 38, 1, 10, 11, 15, 31, 32]}, {"capacity": 217, "impossibleCargos": [0, 3, 4, 5, 7, 11, 12, 14, 15, 16, 17, 20, 21, 22, 23, 24, 25, 28, 29], "neighbors": [7, 35, 6, 10, 14, 15, 21, 18, 17, 2, 32, 26, 23, 5, 12, 38, 24, 31, 34, 25, 36, 27, 4]}, {"capacity": 245, "impossibleCargos": [0, 4, 5, 6, 8, 9, 10, 16, 17, 18, 19, 20, 22, 23, 24, 26, 27, 29], "neighbors": [7, 38, 26, 20, 32, 0, 34, 30, 10, 33, 24, 13, 16, 36, 31, 14]}, {"capacity": 211, "impossibleCargos": [0, 1, 2, 3, 5, 6, 17, 18, 20, 21, 22, 25, 27, 29], "neighbors": [24, 37, 10, 1, 33, 3, 31, 5, 16, 30, 4, 6, 8, 13, 18, 12, 26, 36, 23, 39, 35, 2, 11]}, {"capacity": 249, "impossibleCargos": [0, 1, 3, 4, 5, 6, 8, 10, 11, 12, 13, 14, 15, 17, 18, 20, 24, 25, 27, 28], "neighbors": [4, 8, 14, 6, 30, 26, 5, 20, 16, 27, 12, 1, 7, 25, 22, 15, 38]}, {"capacity": 239, "impossibleCargos": [0, 1, 2, 5, 6, 9, 13, 14, 17, 18, 19, 20, 21, 24, 26, 29], "neighbors": [17, 2, 22, 27, 34, 5, 12, 13, 10, 0, 33, 4, 26, 14, 20, 21, 37]}, {"capacity": 260, "impossibleCargos": [1, 2, 3, 8, 12, 13, 15, 16, 18, 19, 22, 24, 26, 27, 28], "neighbors": [29, 26, 11, 15, 27, 36, 12, 19, 28, 10, 6, 13, 38, 18, 35, 8, 0, 30, 23, 34, 20, 14, 1, 7, 37]}, {"capacity": 242, "impossibleCargos": [1, 3, 5, 6, 7, 8, 9, 12, 13, 14, 15, 16, 17, 20, 24, 25, 26, 28], "neighbors": [17, 25, 21, 10, 27, 2, 16, 13, 23, 4, 35, 9, 31, 39, 20, 18, 24, 22, 12, 30, 11, 28]}, {"capacity": 248, "impossibleCargos": [0, 1, 2, 11, 15, 18, 19, 20, 21, 23, 26, 29], "neighbors": [10, 24, 14, 36, 26, 18, 25, 2, 35, 30, 1, 32, 0, 15, 16, 33, 29, 23, 7, 12, 20, 34]}, {"capacity": 265, "impossibleCargos": [0, 3, 4, 5, 10, 13, 14, 18, 19, 22, 23, 29], "neighbors": [32, 37, 17, 7, 11, 36, 25, 15, 19, 29, 39, 1, 35, 6, 12, 16, 2, 5, 26, 31]}, {"capacity": 293, "impossibleCargos": [1, 2, 4, 7, 10, 11, 12, 13, 14, 15, 17, 19, 21, 23, 25, 28, 29], "neighbors": [25, 31, 18, 28, 16, 33, 27, 7, 3, 13, 14, 32, 34, 17, 5, 9, 39]}, {"capacity": 300, "impossibleCargos": [0, 2, 4, 6, 7, 8, 10, 13, 15, 18, 19, 22, 24, 26, 29], "neighbors": [12, 8, 23, 27, 14, 15, 34, 19, 22, 21, 35, 7, 5, 17, 33, 25, 2, 26, 6, 3, 16, 18, 39]}, {"capacity": 298, "impossibleCargos": [0, 5, 7, 8, 10, 11, 15, 16, 25, 27, 29], "neighbors": [14, 29, 22, 32, 37, 13, 2, 26, 7, 36, 10, 33, 3, 1, 9, 34, 20, 4, 5, 19, 21, 12, 28]}, {"capacity": 237, "impossibleCargos": [1, 2, 3, 8, 9, 11, 13, 14, 17, 18, 19, 21, 22, 23, 24, 25], "neighbors": [28, 11, 1, 7, 21, 31, 14, 27, 12, 20, 8, 38, 29, 17, 19, 35]}, {"capacity": 247, "impossibleCargos": [2, 5, 6, 11, 15, 17, 18, 21, 22, 23, 24, 29], "neighbors": [15, 22, 16, 36, 2, 1, 18, 0, 31, 19, 27, 39, 38, 9, 24, 29, 8, 13, 21, 30, 35, 17]}, {"capacity": 241, "impossibleCargos": [1, 5, 6, 7, 10, 11, 12, 13, 14, 18, 19, 20, 22, 23, 25, 27, 28], "neighbors": [2, 24, 3, 13, 30, 7, 21, 38, 35, 14, 8, 12, 31, 25, 20, 29, 27]}, {"capacity": 288, "impossibleCargos": [0, 1, 5, 6, 7, 8, 10, 12, 14, 17, 22, 25, 28], "neighbors": [20, 12, 15, 3, 5, 27, 2, 26, 13, 1, 34, 11, 30, 28, 25, 8, 17, 9, 0, 33, 38, 6, 22, 32]}, {"capacity": 256, "impossibleCargos": [4, 7, 9, 13, 15, 19, 20, 21, 22, 23, 24, 27, 28], "neighbors": [27, 14, 19, 25, 33, 0, 28, 9, 4, 31, 18, 7, 22, 11, 17, 20, 21]}, {"capacity": 295, "impossibleCargos": [6, 7, 8, 9, 10, 11, 12, 13, 16, 17, 18, 19, 21, 25, 26, 27, 28, 29], "neighbors": [28, 10, 22, 0, 31, 11, 16, 2, 12, 17, 25, 24]}, {"capacity": 235, "impossibleCargos": [0, 2, 4, 7, 8, 9, 10, 11, 12, 15, 18, 20, 23, 25, 26, 27, 28, 29], "neighbors": [18, 8, 21, 11, 3, 14, 34, 25, 33, 17, 20, 6, 0, 35, 19, 23, 32, 39]}, {"capacity": 210, "impossibleCargos": [2, 4, 6, 7, 9, 11, 15, 16, 17, 18, 21, 22, 25, 27, 28, 29], "neighbors": [5, 8, 26, 28, 16, 19, 33, 15, 22, 38, 3, 1, 4, 0, 13, 29, 30]}]}