{"volumes": [0, 205, 728, 541, 214, 0, 687, 205, 269, 234, 257, 264, 240, 244, 396, 287, 216, 528, 233, 499, 231, 682, 399, 0, 234, 270, 0, 0, 670, 437], "conflicts": [[0, 10], [0, 16], [0, 17], [0, 23], [0, 26], [1, 19], [5, 10], [5, 11], [5, 20], [5, 22], [5, 23], [6, 23], [8, 27], [9, 13], [9, 20], [9, 24], [9, 26], [10, 27], [11, 27], [12, 26], [13, 25], [14, 26], [14, 27], [17, 23], [17, 27], [18, 23], [18, 26], [20, 27], [23, 25], [23, 28], [26, 27], [26, 29], [27, 29]], "tanks": [{"capacity": 290, "impossibleCargos": [1, 3, 8, 9, 16, 20, 21, 26, 27], "neighbors": [17, 25, 28, 21, 38, 12, 2, 29, 34, 32, 22, 1, 3, 6, 9, 36, 39, 37, 7, 5, 19, 10, 20, 11, 30, 18, 33, 8, 31, 4, 16, 27]}, {"capacity": 234, "impossibleCargos": [0, 6, 8, 10, 17, 22, 28], "neighbors": [38, 12, 27, 28, 10, 18, 3, 33, 0, 8, 6, 13, 23, 25, 22, 35, 34, 21, 36, 11, 19, 4, 32, 7, 37, 17, 2, 15, 16, 24]}, {"capacity": 285, "impossibleCargos": [2, 6, 22, 26], "neighbors": [34, 24, 20, 36, 29, 38, 17, 26, 7, 0, 6, 35, 15, 12, 21, 3, 10, 22, 27, 19, 5, 9, 23, 13, 30, 31, 25, 18, 14, 39, 8, 11, 1]}, {"capacity": 271, "impossibleCargos": [1, 10, 12, 16, 19, 20, 21, 26, 27, 28], "neighbors": [21, 7, 14, 28, 8, 9, 19, 1, 5, 27, 2, 20, 0, 16, 30, 10, 13, 11, 34, 32, 29, 39, 4, 36, 38]}, {"capacity": 210, "impossibleCargos": [7, 14, 17, 25], "neighbors": [19, 28, 35, 18, 23, 33, 30, 37, 7, 36, 21, 12, 39, 32, 13, 25, 14, 34, 22, 1, 29, 26, 27, 38, 8, 3, 10, 5, 20, 9, 11, 0]}, {"capacity": 236, "impossibleCargos": [7, 12, 19, 22, 23, 24, 27, 29], "neighbors": [14, 39, 12, 26, 13, 35, 27, 37, 18, 31, 32, 8, 3, 10, 9, 11, 2, 6, 19, 0, 17, 24, 23, 20, 30, 38, 15, 22, 34, 28, 29, 7, 4]}, {"capacity": 244, "impossibleCargos": [7, 15, 16, 17, 19, 21, 22, 29], "neighbors": [14, 24, 16, 10, 13, 2, 11, 7, 27, 0, 1, 19, 25, 36, 5, 30, 39, 17, 15, 37, 22, 8, 33, 20, 34, 21, 35, 38]}, {"capacity": 233, "impossibleCargos": [0, 9, 10, 14, 15, 22, 27], "neighbors": [28, 3, 27, 25, 8, 12, 37, 34, 2, 31, 21, 6, 39, 35, 24, 4, 23, 14, 10, 0, 18, 26, 13, 19, 22, 17, 30, 1, 15, 5]}, {"capacity": 261, "impossibleCargos": [4, 6, 8, 13, 16, 25, 27, 28, 29], "neighbors": [20, 15, 7, 16, 3, 13, 10, 29, 5, 34, 11, 39, 12, 26, 24, 1, 25, 36, 37, 17, 6, 22, 2, 0, 4, 33, 14, 18]}, {"capacity": 241, "impossibleCargos": [4, 6, 13, 16, 18, 26], "neighbors": [13, 31, 29, 10, 3, 22, 35, 34, 12, 38, 0, 36, 5, 30, 2, 25, 17, 20, 21, 28, 27, 33, 15, 18, 32, 14, 19, 4]}, {"capacity": 293, "impossibleCargos": [0, 1, 2, 3, 9, 10, 14, 16, 17, 21, 25, 26, 28], "neighbors": [12, 6, 29, 37, 13, 38, 9, 30, 1, 8, 27, 19, 2, 5, 21, 39, 16, 7, 26, 35, 3, 31, 20, 0, 34, 22, 14, 23, 24, 11, 4, 33, 36]}, {"capacity": 262, "impossibleCargos": [1, 7, 11, 13, 28], "neighbors": [21, 17, 13, 39, 29, 6, 22, 36, 8, 37, 24, 25, 5, 16, 12, 30, 3, 1, 14, 19, 0, 28, 2, 10, 4]}, {"capacity": 294, "impossibleCargos": [1, 6, 11, 12, 17, 18, 27], "neighbors": [28, 14, 5, 25, 10, 7, 0, 24, 20, 38, 1, 29, 2, 8, 35, 34, 9, 18, 37, 15, 4, 16, 27, 11, 26, 17, 13, 23, 21, 36, 30, 22]}, {"capacity": 208, "impossibleCargos": [1, 2, 11, 12, 13, 19], "neighbors": [9, 25, 5, 11, 17, 6, 10, 39, 8, 22, 19, 14, 29, 30, 23, 34, 15, 18, 1, 4, 3, 2, 7, 35, 20, 16, 37, 27, 32, 21, 12, 28, 38, 36]}, {"capacity": 271, "impossibleCargos": [0, 20, 21, 24, 26, 27], "neighbors": [17, 12, 25, 5, 34, 6, 3, 19, 32, 36, 15, 13, 39, 28, 37, 7, 30, 31, 4, 18, 11, 2, 38, 29, 26, 10, 33, 9, 21, 8, 27, 35]}, {"capacity": 210, "impossibleCargos": [0, 2, 7, 8, 21, 24, 28, 29], "neighbors": [8, 38, 31, 17, 2, 28, 19, 14, 12, 13, 39, 20, 30, 35, 32, 34, 6, 24, 5, 9, 25, 1, 7, 22, 29]}, {"capacity": 223, "impossibleCargos": [4, 11, 20], "neighbors": [21, 32, 28, 6, 8, 33, 37, 34, 10, 29, 12, 3, 11, 24, 13, 31, 38, 20, 19, 18, 23, 1, 27, 26, 0, 25]}, {"capacity": 258, "impossibleCargos": [1, 9, 18, 22, 25, 29], "neighbors": [14, 0, 18, 11, 2, 13, 15, 19, 39, 26, 23, 24, 36, 9, 5, 29, 8, 6, 12, 7, 28, 32, 21, 34, 25, 1, 38, 35, 22]}, {"capacity": 207, "impossibleCargos": [8, 10, 17, 26], "neighbors": [21, 32, 17, 34, 24, 5, 4, 1, 12, 33, 38, 20, 13, 25, 7, 27, 30, 19, 14, 2, 31, 16, 0, 9, 29, 8]}, {"capacity": 278, "impossibleCargos": [1, 3, 4, 6, 8, 9, 10, 20, 29], "neighbors": [28, 23, 33, 20, 36, 14, 4, 17, 15, 13, 3, 10, 29, 30, 37, 6, 2, 5, 0, 31, 18, 7, 22, 1, 11, 39, 21, 34, 16, 32, 9, 27, 35]}, {"capacity": 201, "impossibleCargos": [15, 24], "neighbors": [8, 2, 25, 34, 19, 23, 12, 33, 28, 3, 18, 22, 35, 15, 10, 9, 27, 13, 0, 16, 5, 39, 6, 31, 32, 26, 4]}, {"capacity": 236, "impossibleCargos": [2, 5, 12, 13, 14, 17, 18, 22, 25, 28], "neighbors": [3, 16, 18, 11, 23, 38, 0, 35, 7, 34, 2, 37, 10, 31, 24, 4, 27, 1, 39, 26, 29, 9, 17, 19, 13, 6, 28, 12, 14, 25, 30, 32]}, {"capacity": 271, "impossibleCargos": [2, 8, 10, 13, 14, 17, 18, 22, 28], "neighbors": [13, 33, 11, 9, 0, 35, 2, 20, 32, 1, 24, 7, 19, 6, 25, 4, 36, 26, 37, 5, 10, 8, 29, 30, 15, 12, 17]}, {"capacity": 202, "impossibleCargos": [3, 7, 19, 21, 23], "neighbors": [19, 27, 24, 21, 30, 20, 4, 17, 32, 13, 38, 7, 28, 25, 1, 35, 2, 5, 31, 10, 12, 16, 26, 29, 36]}, {"capacity": 263, "impossibleCargos": [3, 9, 11, 13, 15, 19, 21, 26, 27, 28, 29], "neighbors": [2, 27, 23, 6, 38, 18, 12, 39, 32, 7, 31, 8, 11, 37, 17, 21, 25, 35, 5, 36, 22, 30, 16, 15, 34, 29, 28, 10, 1, 33]}, {"capacity": 250, "impossibleCargos": [1, 9, 14, 24, 25, 28], "neighbors": [14, 20, 12, 35, 0, 7, 28, 13, 30, 26, 11, 24, 23, 6, 18, 8, 39, 9, 4, 1, 34, 33, 2, 22, 27, 15, 17, 29, 21, 31, 36, 37, 16]}, {"capacity": 240, "impossibleCargos": [1, 5, 10, 16, 24, 28], "neighbors": [5, 2, 17, 8, 25, 36, 30, 10, 37, 38, 33, 7, 12, 21, 39, 27, 22, 14, 32, 4, 29, 23, 20, 16, 28]}, {"capacity": 235, "impossibleCargos": [2, 4, 6, 13, 14, 15, 22, 23, 27, 29], "neighbors": [23, 24, 7, 28, 5, 37, 1, 35, 34, 10, 6, 3, 2, 21, 12, 18, 20, 9, 36, 13, 26, 25, 32, 4, 19, 33, 16, 14, 30, 0, 31]}, {"capacity": 240, "impossibleCargos": [0, 2, 4, 10, 11, 17, 19, 20, 25, 29], "neighbors": [12, 7, 37, 19, 35, 0, 16, 27, 25, 3, 4, 30, 29, 1, 15, 20, 14, 32, 23, 31, 9, 17, 11, 21, 13, 5, 24, 36, 38, 26, 33]}, {"capacity": 227, "impossibleCargos": [1, 4, 9, 12, 14, 22, 23, 27, 29], "neighbors": [2, 9, 10, 28, 0, 11, 35, 12, 39, 36, 8, 34, 19, 38, 13, 31, 16, 32, 17, 33, 21, 3, 14, 4, 24, 22, 26, 25, 5, 18, 15, 23]}, {"capacity": 252, "impossibleCargos": [3, 6, 7, 12, 19, 23, 28], "neighbors": [39, 23, 28, 10, 38, 4, 25, 19, 13, 26, 14, 9, 6, 3, 15, 11, 24, 2, 18, 7, 5, 0, 12, 21, 22, 27]}, {"capacity": 248, "impossibleCargos": [0, 4, 5, 6, 8, 17, 28], "neighbors": [9, 39, 15, 7, 5, 32, 24, 21, 29, 14, 10, 33, 28, 23, 19, 2, 16, 34, 18, 20, 0, 36, 35, 25, 27]}, {"capacity": 229, "impossibleCargos": [0, 1, 3, 5, 8, 13, 24], "neighbors": [37, 38, 18, 16, 14, 24, 35, 5, 33, 0, 31, 28, 23, 34, 4, 36, 29, 22, 15, 3, 17, 1, 13, 27, 26, 20, 9, 19, 21]}, {"capacity": 254, "impossibleCargos": [4, 9, 10, 20, 24, 26, 29], "neighbors": [19, 16, 22, 4, 20, 32, 1, 18, 38, 35, 34, 26, 31, 29, 25, 9, 6, 0, 14, 8, 24, 27, 37, 28, 10]}, {"capacity": 286, "impossibleCargos": [0, 3, 5, 11, 17, 22, 23, 24, 27, 28, 29], "neighbors": [2, 14, 20, 18, 7, 0, 27, 8, 21, 29, 9, 12, 32, 13, 16, 33, 39, 1, 25, 15, 3, 4, 35, 31, 10, 19, 5, 24, 17, 6, 36, 37, 38]}, {"capacity": 294, "impossibleCargos": [7, 13, 22], "neighbors": [38, 28, 25, 5, 4, 2, 29, 21, 27, 32, 9, 7, 12, 22, 36, 20, 33, 23, 10, 24, 1, 15, 13, 34, 39, 6, 31, 19, 17, 14]}, {"capacity": 263, "impossibleCargos": [2, 3, 5, 20, 22], "neighbors": [37, 2, 19, 38, 14, 29, 11, 39, 26, 4, 0, 9, 17, 6, 35, 32, 24, 8, 1, 27, 22, 34, 28, 12, 3, 31, 13, 25, 23, 10]}, {"capacity": 201, "impossibleCargos": [0, 2, 11, 12, 17, 20, 21, 25, 27, 28], "neighbors": [36, 32, 28, 7, 27, 10, 5, 19, 21, 14, 11, 4, 16, 12, 24, 0, 38, 26, 8, 6, 13, 22, 1, 34, 33, 39, 25]}, {"capacity": 298, "impossibleCargos": [7, 8, 12, 24, 25], "neighbors": [32, 35, 24, 2, 1, 21, 15, 36, 0, 12, 10, 30, 29, 23, 9, 33, 39, 18, 37, 26, 16, 5, 14, 4, 13, 17, 28, 34, 6, 3]}, {"capacity": 226, "impossibleCargos": [10, 13, 17, 22, 24, 26, 28], "neighbors": [5, 30, 31, 11, 13, 17, 24, 29, 14, 7, 8, 36, 38, 10, 4, 15, 0, 25, 34, 6, 21, 26, 19, 2, 3, 20, 35, 37]}]}