{"volumes": [655, 228, 232, 810, 783, 0, 0, 0, 722, 286, 238, 0, 405, 441, 707, 235, 0, 748, 0, 0, 393, 0, 510, 198, 0, 218, 440, 0, 494, 475], "conflicts": [[0, 6], [0, 10], [0, 19], [0, 24], [1, 6], [1, 16], [1, 18], [1, 21], [2, 6], [2, 16], [2, 19], [2, 24], [3, 7], [3, 11], [3, 18], [3, 24], [4, 5], [4, 7], [4, 24], [4, 27], [5, 8], [5, 9], [5, 11], [5, 13], [5, 16], [5, 20], [5, 22], [5, 23], [5, 25], [5, 27], [5, 29], [6, 7], [6, 8], [6, 9], [6, 17], [6, 18], [6, 19], [6, 20], [6, 22], [6, 23], [6, 24], [6, 25], [6, 26], [6, 27], [6, 28], [7, 10], [7, 11], [7, 14], [7, 16], [7, 18], [7, 19], [7, 21], [7, 22], [7, 23], [7, 24], [7, 25], [7, 29], [8, 11], [8, 16], [8, 19], [8, 21], [9, 18], [9, 19], [9, 21], [9, 26], [10, 19], [11, 12], [11, 14], [11, 15], [11, 16], [11, 19], [11, 20], [11, 23], [11, 25], [11, 27], [11, 29], [12, 18], [12, 19], [12, 21], [13, 18], [13, 24], [14, 16], [14, 19], [14, 27], [15, 16], [15, 19], [15, 24], [16, 17], [16, 20], [16, 21], [16, 22], [16, 25], [16, 26], [16, 27], [16, 28], [16, 29], [17, 18], [17, 19], [17, 27], [18, 20], [18, 21], [18, 23], [18, 24], [18, 25], [18, 29], [19, 20], [19, 22], [19, 23], [19, 25], [19, 28], [19, 29], [21, 22], [21, 26], [21, 27], [21, 28], [22, 27], [23, 25], [23, 27], [24, 25], [24, 27], [24, 29], [25, 27], [26, 27], [27, 28]], "tanks": [{"capacity": 202, "impossibleCargos": [4, 7, 8, 20, 24, 25], "neighbors": [32, 23, 21, 36, 33, 31, 16, 26, 6, 18, 39, 11, 14, 24, 5, 13, 20, 2, 25, 7, 27, 19, 12, 38, 30, 34, 3, 28, 15]}, {"capacity": 221, "impossibleCargos": [0, 7, 9, 13, 14, 18, 21, 25, 27], "neighbors": [15, 24, 9, 25, 8, 38, 20, 22, 35, 3, 21, 32, 18, 26, 23, 39, 34, 36, 14, 17, 10, 30, 19, 4, 33, 2, 27, 31, 11]}, {"capacity": 205, "impossibleCargos": [3, 9, 12, 19], "neighbors": [29, 14, 31, 6, 10, 4, 17, 12, 9, 13, 23, 30, 5, 0, 33, 20, 25, 11, 38, 18, 15, 1, 27, 37, 35, 36, 39, 28, 8, 19, 32]}, {"capacity": 264, "impossibleCargos": [4, 12, 13, 18, 21, 23, 24, 25], "neighbors": [7, 13, 16, 11, 30, 33, 17, 22, 1, 18, 32, 29, 31, 36, 23, 26, 37, 20, 8, 24, 15, 4, 35, 21, 9, 0, 28]}, {"capacity": 273, "impossibleCargos": [0, 1, 4, 9, 10, 11, 12, 16, 17, 18, 20], "neighbors": [14, 6, 36, 13, 26, 5, 2, 22, 18, 21, 33, 34, 9, 12, 20, 10, 28, 30, 17, 23, 31, 25, 1, 32, 3, 16, 19, 38]}, {"capacity": 266, "impossibleCargos": [1, 5, 8, 9, 18, 21], "neighbors": [19, 14, 21, 33, 4, 39, 24, 36, 25, 9, 12, 18, 0, 11, 31, 38, 2, 8, 37, 7, 34, 6, 28, 35, 30, 13]}, {"capacity": 290, "impossibleCargos": [2, 8, 15, 17, 20, 24], "neighbors": [4, 33, 23, 7, 2, 0, 31, 14, 20, 32, 9, 29, 22, 27, 16, 28, 35, 39, 30, 24, 19, 18, 10, 12, 5, 17, 15, 21, 11, 37]}, {"capacity": 201, "impossibleCargos": [3, 7, 11, 13, 15, 17, 22, 23], "neighbors": [38, 18, 3, 21, 22, 6, 28, 34, 12, 10, 19, 39, 15, 37, 23, 25, 20, 33, 14, 0, 5, 9, 35, 17, 32, 27, 13, 16, 26, 24, 30, 31, 11]}, {"capacity": 286, "impossibleCargos": [1, 5, 7, 9, 11, 21, 29], "neighbors": [22, 32, 27, 12, 16, 1, 17, 10, 36, 29, 31, 19, 14, 13, 34, 11, 39, 33, 5, 9, 21, 26, 37, 3, 23, 38, 2]}, {"capacity": 240, "impossibleCargos": [3, 4, 29], "neighbors": [1, 25, 22, 26, 23, 2, 36, 30, 14, 6, 5, 15, 10, 4, 27, 11, 34, 35, 32, 8, 31, 12, 16, 28, 13, 7, 21, 38, 39, 18, 3, 37, 24]}, {"capacity": 252, "impossibleCargos": [1, 7, 9, 10, 17, 19, 28, 29], "neighbors": [31, 36, 24, 2, 8, 12, 7, 9, 17, 11, 30, 35, 13, 19, 22, 4, 21, 6, 20, 1, 37, 33, 32, 28, 15, 34]}, {"capacity": 291, "impossibleCargos": [2, 3, 6, 7, 11, 17, 21, 25, 26, 28], "neighbors": [30, 29, 3, 23, 20, 16, 0, 32, 21, 24, 35, 5, 9, 8, 10, 31, 2, 19, 1, 13, 15, 27, 7, 37, 17, 6, 14]}, {"capacity": 235, "impossibleCargos": [0, 3, 6, 13, 21, 23], "neighbors": [39, 8, 15, 16, 32, 37, 28, 7, 10, 2, 18, 17, 5, 24, 4, 33, 9, 19, 14, 35, 0, 6, 38, 34, 31, 13, 23]}, {"capacity": 287, "impossibleCargos": [0, 17, 19, 22, 29], "neighbors": [21, 4, 3, 39, 28, 27, 2, 36, 0, 15, 25, 8, 35, 24, 18, 26, 10, 30, 31, 9, 23, 17, 14, 12, 7, 11, 32, 33, 5]}, {"capacity": 232, "impossibleCargos": [10, 14, 26], "neighbors": [39, 4, 2, 19, 5, 17, 21, 6, 0, 9, 31, 38, 27, 24, 20, 25, 37, 33, 8, 36, 23, 26, 29, 22, 15, 1, 12, 7, 13, 30, 16, 35, 11]}, {"capacity": 271, "impossibleCargos": [2, 7, 10, 16, 25, 26, 28], "neighbors": [1, 19, 29, 12, 24, 30, 38, 34, 16, 28, 9, 7, 13, 31, 35, 14, 23, 2, 18, 21, 25, 26, 36, 6, 3, 33, 11, 10, 20, 0]}, {"capacity": 300, "impossibleCargos": [0, 12, 13, 17, 19, 24, 26], "neighbors": [19, 34, 24, 0, 8, 12, 32, 30, 20, 3, 11, 28, 15, 39, 6, 26, 23, 36, 21, 17, 9, 25, 38, 14, 7, 4, 27]}, {"capacity": 250, "impossibleCargos": [3, 7, 17, 20, 28], "neighbors": [32, 14, 8, 2, 22, 23, 36, 12, 3, 38, 10, 27, 18, 19, 39, 24, 20, 16, 35, 37, 31, 4, 1, 30, 29, 7, 13, 6, 11, 25]}, {"capacity": 263, "impossibleCargos": [0, 3, 5, 6, 13, 14, 18, 22, 29], "neighbors": [25, 7, 0, 21, 4, 28, 12, 24, 19, 32, 5, 22, 3, 17, 30, 13, 1, 20, 6, 2, 15, 38, 31, 35, 9]}, {"capacity": 203, "impossibleCargos": [2, 6, 7, 13, 15, 17, 19, 20, 26, 29], "neighbors": [16, 15, 5, 14, 23, 35, 38, 32, 26, 29, 18, 24, 21, 7, 25, 8, 31, 30, 28, 17, 10, 6, 12, 0, 1, 11, 39, 27, 4, 34, 33, 2]}, {"capacity": 230, "impossibleCargos": [3, 4, 5, 9, 10, 15, 16, 18, 20], "neighbors": [26, 35, 39, 30, 1, 6, 28, 16, 34, 11, 24, 22, 25, 36, 14, 0, 4, 17, 7, 2, 18, 21, 23, 10, 29, 3, 38, 32, 37, 15, 31]}, {"capacity": 292, "impossibleCargos": [0, 2, 12, 13, 23, 25, 28], "neighbors": [13, 24, 7, 0, 5, 14, 38, 22, 36, 18, 33, 4, 19, 25, 27, 11, 1, 28, 16, 39, 35, 23, 10, 30, 20, 8, 15, 32, 9, 3, 37, 6]}, {"capacity": 271, "impossibleCargos": [0, 3, 16, 20, 27, 28], "neighbors": [28, 8, 34, 7, 35, 38, 9, 21, 17, 4, 29, 1, 23, 27, 3, 20, 18, 6, 26, 39, 14, 10, 32, 30, 33, 36]}, {"capacity": 225, "impossibleCargos": [7, 10, 17, 28], "neighbors": [6, 19, 0, 37, 35, 39, 32, 17, 38, 9, 11, 26, 22, 34, 2, 25, 7, 16, 14, 15, 21, 1, 24, 31, 28, 20, 27, 13, 3, 4, 36, 33, 30, 12, 8]}, {"capacity": 296, "impossibleCargos": [2, 8, 14, 16, 18, 22, 24], "neighbors": [1, 21, 16, 10, 15, 30, 5, 34, 33, 20, 18, 19, 38, 35, 0, 11, 14, 12, 32, 26, 13, 17, 37, 6, 23, 39, 31, 28, 3, 27, 7, 9]}, {"capacity": 268, "impossibleCargos": [2, 3, 5, 7, 11, 16, 24, 25, 29], "neighbors": [18, 37, 28, 33, 9, 1, 27, 38, 5, 21, 20, 19, 14, 13, 23, 36, 26, 7, 0, 2, 39, 30, 16, 34, 29, 4, 15, 32, 17]}, {"capacity": 201, "impossibleCargos": [14, 16, 22, 25, 29], "neighbors": [39, 20, 0, 4, 31, 9, 33, 38, 19, 23, 28, 22, 16, 24, 25, 13, 14, 1, 3, 8, 36, 30, 15, 7, 35]}, {"capacity": 296, "impossibleCargos": [1, 6, 7, 8, 9, 14, 15, 21, 22, 23, 26], "neighbors": [8, 25, 34, 39, 13, 35, 21, 22, 14, 6, 9, 17, 29, 0, 23, 32, 1, 7, 2, 19, 24, 11, 28, 36, 38, 16, 37]}, {"capacity": 260, "impossibleCargos": [8, 10, 16, 20, 29], "neighbors": [22, 38, 25, 7, 30, 20, 12, 13, 18, 33, 16, 15, 26, 37, 6, 32, 19, 21, 31, 4, 23, 9, 34, 5, 24, 10, 27, 29, 0, 39, 2, 3]}, {"capacity": 300, "impossibleCargos": [4, 5, 17, 23], "neighbors": [2, 15, 39, 38, 11, 22, 8, 34, 36, 19, 37, 35, 6, 3, 27, 14, 32, 17, 25, 20, 28]}, {"capacity": 212, "impossibleCargos": [1, 2, 3, 6, 19, 24, 26], "neighbors": [11, 24, 20, 28, 15, 16, 3, 9, 2, 19, 18, 36, 32, 10, 13, 6, 21, 33, 4, 17, 25, 1, 39, 14, 0, 26, 5, 22, 23, 31, 35, 7]}, {"capacity": 207, "impossibleCargos": [11, 16, 17, 18, 19, 27, 29], "neighbors": [10, 2, 0, 26, 6, 32, 39, 8, 37, 14, 19, 38, 15, 5, 28, 3, 9, 11, 13, 23, 17, 24, 18, 4, 12, 35, 1, 30, 7, 33, 20]}, {"capacity": 255, "impossibleCargos": [2, 10, 14, 18, 22, 26], "neighbors": [0, 8, 17, 37, 12, 38, 23, 31, 19, 16, 6, 36, 34, 18, 33, 11, 3, 24, 1, 28, 30, 29, 9, 22, 21, 27, 39, 7, 10, 4, 20, 25, 13, 2]}, {"capacity": 241, "impossibleCargos": [0, 1, 7, 11, 13, 17, 20, 28], "neighbors": [6, 25, 0, 5, 26, 21, 36, 24, 3, 28, 32, 4, 14, 12, 8, 2, 7, 30, 37, 10, 1, 15, 23, 22, 34, 19, 31, 13]}, {"capacity": 229, "impossibleCargos": [4, 7, 13, 14, 17, 24, 25, 26], "neighbors": [16, 22, 7, 27, 15, 29, 20, 24, 32, 23, 4, 36, 37, 9, 8, 1, 35, 25, 28, 5, 12, 38, 0, 19, 33, 10]}, {"capacity": 241, "impossibleCargos": [1, 8, 9, 11, 14, 16, 18, 21, 24, 26, 28], "neighbors": [22, 20, 23, 19, 37, 1, 29, 27, 24, 11, 38, 6, 13, 10, 15, 9, 21, 36, 17, 12, 34, 7, 5, 31, 18, 2, 3, 26, 30, 14]}, {"capacity": 276, "impossibleCargos": [5, 6, 11, 12, 13, 17, 18, 20, 22, 24], "neighbors": [4, 10, 0, 38, 8, 21, 17, 39, 33, 32, 29, 5, 9, 13, 37, 20, 34, 25, 30, 14, 16, 35, 1, 3, 26, 15, 2, 23, 27, 22]}, {"capacity": 241, "impossibleCargos": [0, 1, 8, 13, 17, 20, 22, 27], "neighbors": [25, 23, 32, 12, 35, 39, 29, 31, 36, 28, 14, 34, 7, 24, 38, 5, 17, 10, 33, 3, 8, 2, 20, 9, 21, 11, 6, 27]}, {"capacity": 210, "impossibleCargos": [1, 2, 5, 9, 11, 14, 18, 20, 23, 24, 27, 28, 29], "neighbors": [7, 28, 36, 22, 21, 29, 1, 19, 32, 23, 25, 15, 26, 39, 24, 14, 17, 35, 31, 5, 37, 2, 12, 18, 34, 16, 0, 9, 20, 4, 27, 8]}, {"capacity": 265, "impossibleCargos": [6, 15, 16, 17, 18, 21, 28], "neighbors": [14, 12, 26, 29, 20, 23, 13, 36, 31, 5, 27, 0, 37, 38, 7, 16, 22, 6, 17, 8, 21, 1, 25, 24, 32, 30, 19, 9, 2, 28]}]}