{"volumes": [453, 769, 291, 241, 273, 0, 243, 231, 0, 0, 217, 235, 269, 0, 253, 490, 228, 287, 271, 264, 0, 195, 539, 769, 478, 184, 856, 736, 467, 238], "conflicts": [[0, 8], [0, 9], [0, 13], [1, 5], [1, 8], [1, 13], [1, 20], [2, 8], [2, 9], [2, 10], [2, 13], [2, 16], [2, 20], [3, 5], [3, 8], [3, 9], [3, 13], [3, 16], [3, 20], [3, 22], [3, 25], [4, 5], [4, 7], [4, 8], [4, 9], [4, 11], [4, 12], [4, 17], [4, 18], [4, 20], [4, 21], [4, 25], [5, 6], [5, 7], [5, 8], [5, 10], [5, 11], [5, 12], [5, 14], [5, 16], [5, 18], [5, 20], [5, 21], [5, 22], [5, 23], [5, 25], [5, 28], [5, 29], [6, 8], [6, 9], [6, 16], [6, 20], [7, 8], [7, 9], [7, 11], [7, 13], [7, 15], [7, 20], [7, 21], [8, 9], [8, 11], [8, 12], [8, 13], [8, 14], [8, 15], [8, 16], [8, 17], [8, 18], [8, 22], [8, 23], [8, 24], [8, 25], [8, 26], [8, 27], [8, 28], [9, 13], [9, 14], [9, 15], [9, 16], [9, 17], [9, 18], [9, 19], [9, 20], [9, 22], [9, 23], [9, 25], [9, 26], [9, 27], [9, 28], [9, 29], [10, 12], [10, 13], [10, 20], [10, 25], [11, 12], [11, 13], [11, 17], [11, 20], [12, 19], [13, 14], [13, 15], [13, 16], [13, 17], [13, 20], [13, 22], [13, 23], [13, 24], [13, 26], [13, 27], [13, 28], [13, 29], [14, 17], [14, 19], [14, 20], [14, 21], [16, 18], [16, 20], [17, 29], [18, 20], [20, 21], [20, 22], [20, 23], [20, 24], [20, 25], [20, 26], [20, 27], [20, 29], [22, 28]], "tanks": [{"capacity": 300, "impossibleCargos": [2, 3, 5, 6, 11, 23, 29], "neighbors": [3, 20, 8, 18, 5, 30, 9, 23, 25, 34, 31, 28, 2, 37, 36, 7, 33, 35, 12, 29, 21, 32, 15, 10, 14]}, {"capacity": 267, "impossibleCargos": [5, 12, 21, 29], "neighbors": [15, 18, 21, 3, 31, 28, 10, 11, 7, 14, 38, 16, 8, 34, 19, 20, 36, 4, 6, 39, 27, 12, 23, 25, 26, 13, 35, 37, 24, 33, 22]}, {"capacity": 221, "impossibleCargos": [5, 11, 13, 16, 20, 22, 25], "neighbors": [11, 31, 32, 19, 39, 20, 10, 12, 25, 37, 16, 14, 7, 0, 30, 33, 8, 36, 13, 6, 28, 24, 27, 5, 35, 9, 18, 3]}, {"capacity": 250, "impossibleCargos": [4, 5, 8, 10, 20, 24, 25, 26, 27, 28], "neighbors": [0, 25, 5, 21, 8, 1, 38, 6, 30, 7, 31, 28, 39, 4, 15, 20, 27, 24, 19, 34, 37, 22, 14, 29, 35, 10, 17, 36, 11, 9, 2, 32, 23, 13]}, {"capacity": 291, "impossibleCargos": [0, 2, 9, 10, 21, 29], "neighbors": [19, 36, 13, 8, 23, 15, 27, 22, 21, 3, 33, 38, 14, 20, 6, 34, 32, 7, 1, 9, 28, 39, 29, 30, 31, 17, 24, 35, 10, 18]}, {"capacity": 217, "impossibleCargos": [0, 16, 24, 28], "neighbors": [32, 25, 3, 0, 29, 9, 14, 16, 38, 17, 10, 21, 23, 12, 37, 8, 28, 31, 36, 35, 7, 15, 6, 2, 27, 13, 39, 26, 11]}, {"capacity": 274, "impossibleCargos": [3, 4, 13, 14, 16, 18, 21, 22, 28], "neighbors": [35, 26, 39, 23, 36, 27, 14, 3, 30, 22, 21, 17, 12, 13, 16, 4, 37, 24, 2, 1, 20, 38, 5, 7, 19, 31, 28, 10]}, {"capacity": 235, "impossibleCargos": [0, 3, 4, 6, 7, 9, 15, 18, 29], "neighbors": [23, 33, 9, 31, 3, 28, 20, 35, 18, 1, 14, 2, 12, 38, 30, 0, 5, 17, 24, 4, 27, 19, 6, 34, 29, 25, 11, 8]}, {"capacity": 298, "impossibleCargos": [6, 16, 19, 20, 23, 26, 28], "neighbors": [12, 11, 0, 39, 3, 13, 4, 28, 34, 18, 14, 36, 9, 10, 1, 29, 27, 5, 33, 38, 2, 35, 22, 26, 15, 21, 25, 17, 23, 7]}, {"capacity": 293, "impossibleCargos": [1, 7, 11, 14, 15, 17, 22, 25], "neighbors": [17, 7, 32, 36, 5, 0, 20, 35, 18, 25, 8, 38, 39, 13, 24, 22, 4, 15, 34, 10, 28, 19, 29, 11, 2, 26, 3, 21, 37]}, {"capacity": 248, "impossibleCargos": [5, 12, 18, 19, 22, 24, 26, 29], "neighbors": [39, 38, 14, 32, 1, 2, 33, 24, 35, 36, 5, 21, 8, 28, 15, 29, 23, 34, 31, 25, 30, 3, 9, 11, 19, 0, 4, 6, 18]}, {"capacity": 248, "impossibleCargos": [6, 14, 18, 29], "neighbors": [8, 16, 2, 26, 29, 22, 31, 24, 1, 17, 35, 15, 33, 21, 25, 23, 28, 34, 36, 38, 32, 10, 18, 9, 30, 3, 13, 20, 7, 5]}, {"capacity": 237, "impossibleCargos": [0, 3, 7, 11, 15, 17, 21, 23, 25], "neighbors": [8, 16, 20, 37, 2, 22, 29, 36, 39, 35, 6, 15, 13, 5, 7, 14, 27, 28, 1, 0, 30, 19, 34, 32, 33, 25]}, {"capacity": 261, "impossibleCargos": [15, 17, 21, 28, 29], "neighbors": [36, 8, 4, 15, 29, 33, 32, 21, 6, 12, 24, 18, 39, 28, 9, 16, 31, 2, 30, 17, 26, 5, 1, 35, 11, 3]}, {"capacity": 258, "impossibleCargos": [2, 4, 10, 12, 13, 18, 25, 26, 29], "neighbors": [34, 38, 21, 6, 20, 10, 5, 39, 30, 36, 18, 1, 8, 37, 32, 7, 2, 22, 4, 31, 12, 15, 26, 23, 27, 3, 24, 17, 25, 0, 16, 35]}, {"capacity": 288, "impossibleCargos": [2, 6, 14, 19, 20, 22, 28, 29], "neighbors": [1, 17, 13, 39, 19, 4, 23, 28, 35, 30, 16, 26, 12, 3, 11, 27, 20, 10, 25, 34, 29, 8, 5, 14, 38, 9, 32, 22, 18, 0, 37]}, {"capacity": 228, "impossibleCargos": [0, 11, 18, 24, 25], "neighbors": [11, 30, 12, 23, 5, 29, 36, 33, 15, 38, 20, 37, 2, 1, 6, 17, 24, 13, 27, 31, 14, 34]}, {"capacity": 204, "impossibleCargos": [4, 11, 15, 19], "neighbors": [9, 15, 38, 5, 11, 23, 6, 18, 36, 27, 30, 16, 29, 21, 22, 19, 7, 24, 20, 25, 13, 3, 14, 39, 32, 4, 31, 8]}, {"capacity": 282, "impossibleCargos": [8, 9], "neighbors": [27, 39, 0, 20, 30, 26, 1, 36, 23, 8, 7, 14, 35, 17, 19, 9, 37, 34, 33, 13, 28, 24, 32, 25, 38, 15, 11, 2, 4, 10]}, {"capacity": 298, "impossibleCargos": [0, 13, 14, 28], "neighbors": [4, 2, 27, 31, 23, 15, 18, 28, 26, 30, 1, 21, 17, 37, 7, 3, 20, 32, 24, 38, 12, 9, 35, 10, 39, 25, 6]}, {"capacity": 230, "impossibleCargos": [3, 20, 29], "neighbors": [0, 18, 30, 14, 12, 2, 7, 9, 16, 26, 38, 32, 3, 25, 4, 15, 34, 36, 29, 1, 31, 39, 6, 19, 23, 17, 28, 24, 35, 11]}, {"capacity": 247, "impossibleCargos": [0, 12, 24, 28], "neighbors": [39, 3, 1, 24, 14, 35, 6, 13, 33, 36, 10, 27, 5, 38, 4, 37, 22, 25, 29, 32, 17, 19, 8, 11, 28, 0, 9]}, {"capacity": 273, "impossibleCargos": [5, 6, 8, 11, 12, 18, 19, 24], "neighbors": [23, 11, 27, 24, 6, 30, 29, 36, 26, 12, 4, 21, 35, 14, 28, 31, 38, 8, 17, 9, 3, 15, 32, 1]}, {"capacity": 280, "impossibleCargos": [1, 16, 19, 23], "neighbors": [7, 22, 6, 34, 31, 16, 25, 19, 4, 0, 18, 15, 17, 5, 37, 28, 32, 38, 14, 10, 24, 11, 35, 20, 1, 26, 29, 8, 3, 33]}, {"capacity": 213, "impossibleCargos": [0, 1, 8, 13, 15, 20, 27, 28], "neighbors": [35, 31, 21, 22, 25, 38, 11, 36, 30, 10, 33, 13, 16, 3, 18, 6, 28, 7, 9, 23, 17, 26, 19, 2, 14, 20, 34, 4, 1, 27, 32]}, {"capacity": 295, "impossibleCargos": [0, 4, 10, 13, 18, 25, 26, 28], "neighbors": [3, 5, 24, 23, 38, 0, 26, 2, 9, 21, 20, 37, 15, 30, 36, 11, 18, 39, 10, 28, 8, 17, 1, 31, 12, 19, 14, 7, 35]}, {"capacity": 204, "impossibleCargos": [8, 10, 12, 17, 28], "neighbors": [6, 11, 18, 36, 37, 39, 25, 22, 32, 15, 20, 19, 8, 27, 30, 14, 31, 24, 23, 28, 13, 35, 1, 29, 5, 9]}, {"capacity": 294, "impossibleCargos": [4, 6, 7, 10, 17, 19, 21, 28], "neighbors": [18, 31, 6, 22, 19, 34, 39, 4, 21, 32, 8, 15, 17, 33, 38, 3, 26, 7, 12, 14, 1, 2, 36, 29, 5, 16, 30, 35, 24]}, {"capacity": 210, "impossibleCargos": [1, 4, 5, 7, 9, 16, 22, 23, 28, 29], "neighbors": [33, 1, 7, 8, 15, 38, 3, 35, 37, 31, 29, 0, 19, 10, 22, 5, 23, 18, 13, 24, 39, 21, 4, 12, 2, 11, 25, 30, 9, 26, 20, 34, 36, 6]}, {"capacity": 280, "impossibleCargos": [4, 10, 12, 17, 20, 21, 27], "neighbors": [30, 11, 34, 5, 13, 16, 22, 12, 28, 8, 21, 17, 37, 20, 15, 36, 10, 35, 31, 3, 27, 4, 33, 0, 9, 32, 7, 39, 38, 26, 23]}, {"capacity": 246, "impossibleCargos": [2, 5, 14, 17, 19, 27], "neighbors": [29, 18, 20, 35, 16, 0, 3, 6, 38, 24, 14, 22, 36, 15, 2, 17, 25, 19, 7, 37, 31, 26, 13, 12, 10, 4, 28, 39, 27, 33, 32, 11, 34]}, {"capacity": 297, "impossibleCargos": [2, 8, 10, 16, 19, 22], "neighbors": [2, 27, 24, 32, 1, 23, 7, 11, 19, 38, 35, 0, 3, 28, 22, 14, 5, 30, 20, 13, 36, 29, 10, 26, 37, 4, 25, 16, 17, 33, 6]}, {"capacity": 233, "impossibleCargos": [10, 14, 28], "neighbors": [5, 34, 35, 2, 9, 31, 37, 10, 13, 26, 27, 38, 20, 14, 39, 36, 23, 4, 21, 18, 19, 33, 15, 17, 0, 11, 29, 12, 22, 30, 3, 24]}, {"capacity": 223, "impossibleCargos": [0, 1, 5, 9, 13, 14, 23, 24], "neighbors": [35, 7, 36, 28, 39, 37, 13, 10, 16, 38, 21, 24, 4, 18, 8, 11, 27, 2, 0, 34, 32, 29, 12, 30, 1, 31, 23]}, {"capacity": 216, "impossibleCargos": [2, 5, 6, 11, 14, 19, 21, 24], "neighbors": [32, 23, 29, 14, 27, 0, 8, 38, 18, 1, 4, 15, 20, 37, 33, 10, 3, 11, 9, 12, 7, 28, 24, 16, 30, 36]}, {"capacity": 230, "impossibleCargos": [1, 7, 12, 14, 21, 25, 26, 27, 29], "neighbors": [6, 33, 32, 24, 30, 21, 37, 31, 7, 11, 15, 10, 18, 9, 28, 12, 22, 8, 5, 36, 29, 0, 23, 3, 2, 26, 19, 4, 1, 27, 20, 25, 13, 14]}, {"capacity": 249, "impossibleCargos": [2, 3, 10, 11, 14, 22, 24], "neighbors": [38, 13, 33, 39, 6, 9, 4, 18, 26, 24, 16, 14, 22, 10, 30, 21, 12, 17, 8, 37, 32, 5, 0, 20, 29, 1, 35, 2, 25, 31, 27, 11, 3, 34, 28]}, {"capacity": 264, "impossibleCargos": [0, 1, 5, 8, 19], "neighbors": [33, 32, 26, 12, 35, 2, 16, 28, 21, 14, 18, 5, 0, 36, 25, 23, 29, 6, 30, 34, 19, 3, 31, 15, 1, 38, 9]}, {"capacity": 274, "impossibleCargos": [3, 5, 14, 20, 21, 22, 24, 26], "neighbors": [36, 10, 14, 3, 24, 17, 25, 30, 31, 5, 33, 28, 16, 32, 20, 21, 1, 34, 4, 8, 27, 22, 9, 7, 23, 15, 6, 19, 18, 11, 29, 39, 37]}, {"capacity": 253, "impossibleCargos": [0, 5, 8, 10, 22, 24, 25, 27], "neighbors": [10, 18, 6, 33, 36, 21, 8, 27, 2, 26, 15, 14, 12, 3, 32, 13, 9, 20, 28, 4, 1, 25, 30, 17, 29, 19, 5, 38]}]}