{"volumes": [264, 0, 0, 252, 478, 0, 0, 0, 216, 197, 812, 0, 429, 477, 515, 225, 0, 283, 455, 184, 381, 470, 0, 730, 899, 539, 261, 0, 1078, 237], "conflicts": [[0, 1], [0, 5], [0, 7], [0, 16], [0, 22], [0, 26], [0, 27], [1, 2], [1, 4], [1, 5], [1, 6], [1, 8], [1, 10], [1, 11], [1, 12], [1, 15], [1, 16], [1, 17], [1, 21], [1, 22], [1, 23], [1, 24], [1, 25], [1, 26], [1, 27], [1, 28], [1, 29], [2, 3], [2, 5], [2, 6], [2, 7], [2, 9], [2, 10], [2, 11], [2, 12], [2, 13], [2, 17], [2, 18], [2, 19], [2, 22], [2, 23], [2, 25], [2, 27], [2, 29], [3, 6], [3, 7], [3, 9], [3, 11], [3, 16], [3, 20], [3, 22], [4, 5], [4, 6], [4, 7], [4, 11], [4, 16], [5, 6], [5, 8], [5, 9], [5, 10], [5, 11], [5, 12], [5, 14], [5, 16], [5, 17], [5, 18], [5, 19], [5, 20], [5, 21], [5, 22], [5, 24], [5, 25], [5, 26], [5, 28], [6, 7], [6, 8], [6, 10], [6, 11], [6, 12], [6, 13], [6, 16], [6, 17], [6, 18], [6, 24], [6, 25], [6, 27], [6, 28], [7, 8], [7, 10], [7, 11], [7, 12], [7, 13], [7, 15], [7, 18], [7, 19], [7, 20], [7, 21], [7, 22], [7, 24], [7, 26], [7, 28], [8, 11], [8, 15], [8, 16], [8, 19], [8, 22], [9, 16], [10, 11], [10, 16], [10, 22], [10, 27], [11, 12], [11, 13], [11, 15], [11, 21], [11, 22], [11, 24], [11, 26], [11, 28], [11, 29], [12, 16], [12, 22], [12, 27], [13, 22], [13, 27], [14, 16], [14, 22], [14, 27], [15, 16], [15, 22], [15, 27], [15, 29], [16, 18], [16, 19], [16, 20], [16, 21], [16, 22], [16, 23], [16, 24], [16, 25], [16, 26], [16, 27], [16, 28], [16, 29], [17, 27], [18, 22], [19, 21], [19, 22], [19, 29], [20, 22], [20, 27], [21, 22], [21, 26], [21, 27], [22, 23], [22, 24], [22, 25], [22, 26], [22, 27], [22, 28], [22, 29], [23, 27], [25, 27], [26, 27]], "tanks": [{"capacity": 276, "impossibleCargos": [13, 19, 21, 23, 24, 26, 28, 29], "neighbors": [39, 20, 36, 7, 25, 1, 16, 31, 32, 5, 35, 22, 28, 29, 2, 21, 24, 6, 11, 34, 13, 23, 18, 26, 4, 37, 27, 3, 12, 38, 15, 14]}, {"capacity": 268, "impossibleCargos": [0, 2, 4, 17, 22, 28], "neighbors": [16, 11, 6, 22, 35, 23, 13, 26, 0, 29, 15, 20, 9, 27, 24, 3, 33, 28, 18, 38, 36, 31, 21, 4, 17, 8, 2, 37, 30, 39, 12]}, {"capacity": 286, "impossibleCargos": [3, 7, 8, 10, 18, 20, 21, 23, 25, 28], "neighbors": [17, 3, 22, 29, 38, 32, 36, 18, 7, 20, 37, 13, 24, 30, 8, 5, 0, 11, 16, 12, 6, 26, 1, 9, 23, 27, 35, 39]}, {"capacity": 258, "impossibleCargos": [1, 2, 10, 11, 12], "neighbors": [38, 2, 5, 11, 6, 15, 39, 16, 22, 37, 31, 9, 23, 8, 35, 14, 1, 4, 10, 26, 36, 12, 24, 0, 19, 20, 18, 21, 17, 32]}, {"capacity": 237, "impossibleCargos": [1, 3, 6], "neighbors": [37, 13, 7, 34, 19, 8, 12, 25, 14, 11, 39, 27, 32, 24, 36, 30, 3, 21, 38, 15, 22, 26, 29, 33, 9, 1, 0, 20, 6, 35, 5]}, {"capacity": 235, "impossibleCargos": [4, 7, 14, 16, 17, 22], "neighbors": [3, 12, 0, 31, 28, 29, 20, 15, 2, 38, 10, 36, 6, 25, 22, 17, 34, 39, 35, 23, 18, 33, 7, 9, 11, 37, 4, 21, 8]}, {"capacity": 219, "impossibleCargos": [2, 11, 16, 19, 23, 29], "neighbors": [21, 8, 25, 7, 1, 17, 3, 27, 36, 31, 35, 14, 15, 0, 10, 18, 5, 37, 39, 19, 24, 22, 2, 26, 11, 30, 23, 12, 33, 4, 20, 28, 9]}, {"capacity": 296, "impossibleCargos": [0, 4, 8, 9, 16, 18, 20, 24], "neighbors": [37, 6, 8, 0, 17, 4, 25, 28, 2, 21, 36, 10, 29, 23, 22, 35, 39, 11, 19, 18, 14, 31, 38, 24, 5, 15, 20, 12]}, {"capacity": 242, "impossibleCargos": [1, 5, 16, 18, 26, 28], "neighbors": [6, 7, 14, 9, 19, 20, 29, 4, 32, 11, 26, 18, 17, 33, 2, 15, 3, 39, 38, 13, 37, 34, 10, 1, 12, 31, 5, 36]}, {"capacity": 221, "impossibleCargos": [0, 1, 6, 7, 12, 20, 21, 23, 26, 27], "neighbors": [12, 15, 8, 24, 39, 13, 31, 36, 27, 38, 1, 16, 3, 29, 10, 22, 17, 4, 11, 21, 2, 5, 37, 14, 6, 35, 25, 32]}, {"capacity": 259, "impossibleCargos": [9, 15, 16, 17, 21], "neighbors": [12, 36, 37, 29, 25, 20, 30, 13, 7, 21, 34, 11, 27, 22, 5, 31, 6, 23, 28, 3, 26, 9, 18, 33, 8, 19, 24, 32, 16, 38]}, {"capacity": 285, "impossibleCargos": [9, 11, 12, 25, 28], "neighbors": [25, 1, 21, 23, 3, 19, 36, 26, 33, 4, 8, 20, 14, 28, 15, 10, 24, 2, 34, 0, 7, 16, 29, 35, 37, 18, 27, 22, 6, 9, 13, 5, 31, 12, 38]}, {"capacity": 300, "impossibleCargos": [1, 8, 13, 15, 18, 25], "neighbors": [9, 10, 31, 4, 5, 20, 36, 17, 35, 19, 27, 30, 29, 39, 3, 23, 2, 26, 18, 37, 32, 38, 8, 6, 0, 24, 1, 14, 11, 7]}, {"capacity": 225, "impossibleCargos": [7, 10], "neighbors": [21, 38, 4, 22, 1, 37, 18, 9, 20, 10, 23, 2, 36, 17, 19, 16, 28, 25, 8, 29, 33, 39, 27, 0, 30, 11, 34]}, {"capacity": 251, "impossibleCargos": [6, 8, 11, 19, 20, 23, 24, 25, 28], "neighbors": [16, 8, 4, 27, 11, 39, 6, 17, 3, 38, 20, 37, 31, 7, 21, 33, 25, 0, 9, 35, 12, 26]}, {"capacity": 284, "impossibleCargos": [10, 12, 17, 19], "neighbors": [9, 26, 3, 39, 32, 23, 22, 27, 34, 1, 36, 33, 11, 29, 16, 30, 5, 8, 6, 4, 21, 28, 24, 37, 18, 20, 0, 7, 35]}, {"capacity": 286, "impossibleCargos": [0, 2, 4, 7, 13, 19, 20, 23, 27], "neighbors": [14, 1, 23, 32, 27, 0, 3, 39, 28, 24, 15, 9, 38, 29, 13, 18, 11, 2, 31, 26, 30, 21, 20, 35, 22, 34, 10]}, {"capacity": 271, "impossibleCargos": [2, 27], "neighbors": [2, 6, 7, 25, 39, 26, 34, 38, 8, 13, 22, 14, 12, 27, 30, 36, 5, 9, 18, 1, 33, 35, 19, 37, 3, 23, 32]}, {"capacity": 218, "impossibleCargos": [0, 2, 3, 5, 10, 12, 17, 26], "neighbors": [31, 30, 20, 13, 2, 37, 35, 8, 26, 27, 33, 21, 6, 16, 7, 10, 1, 28, 23, 17, 5, 11, 0, 12, 15, 39, 3, 19]}, {"capacity": 204, "impossibleCargos": [0, 1, 7, 10, 18, 19, 23], "neighbors": [25, 4, 8, 11, 23, 36, 31, 35, 13, 22, 34, 33, 7, 12, 37, 20, 26, 6, 38, 10, 24, 17, 3, 30, 32, 27, 18]}, {"capacity": 242, "impossibleCargos": [5, 8, 10, 12, 14, 15, 25, 27], "neighbors": [0, 8, 18, 30, 23, 12, 22, 34, 2, 36, 10, 11, 13, 1, 21, 5, 39, 14, 19, 29, 24, 28, 32, 33, 4, 26, 16, 38, 15, 3, 6, 35, 7]}, {"capacity": 277, "impossibleCargos": [0, 1, 7, 8, 9, 20, 22, 25, 26, 28], "neighbors": [13, 6, 24, 11, 36, 7, 29, 10, 20, 39, 18, 0, 38, 37, 30, 4, 25, 28, 33, 23, 1, 32, 31, 15, 14, 9, 16, 34, 3, 5]}, {"capacity": 257, "impossibleCargos": [0, 1, 4, 5, 15, 18, 19, 28], "neighbors": [37, 2, 13, 1, 26, 28, 20, 33, 15, 3, 38, 0, 30, 31, 17, 7, 10, 29, 19, 23, 27, 5, 9, 4, 6, 24, 11, 25, 34, 16, 39]}, {"capacity": 200, "impossibleCargos": [12, 17, 22, 23], "neighbors": [16, 11, 1, 20, 15, 19, 38, 13, 7, 3, 31, 32, 22, 10, 33, 25, 30, 39, 12, 21, 18, 5, 0, 28, 6, 24, 2, 35, 17, 29]}, {"capacity": 211, "impossibleCargos": [0, 5, 8, 11, 16, 29], "neighbors": [21, 29, 9, 28, 2, 16, 4, 37, 11, 25, 1, 0, 20, 6, 22, 27, 33, 15, 7, 31, 3, 19, 23, 10, 32, 30, 39, 12, 38]}, {"capacity": 287, "impossibleCargos": [9, 15, 20, 25], "neighbors": [19, 11, 6, 7, 0, 4, 17, 29, 10, 36, 24, 32, 34, 13, 5, 23, 26, 27, 21, 30, 14, 22, 33, 37, 9]}, {"capacity": 252, "impossibleCargos": [7, 21, 26], "neighbors": [22, 31, 33, 38, 36, 1, 15, 34, 11, 8, 27, 17, 18, 37, 35, 3, 10, 19, 25, 28, 4, 2, 12, 6, 16, 0, 39, 20, 32, 14]}, {"capacity": 225, "impossibleCargos": [2, 4, 6, 7, 13, 14, 15, 16, 23, 26, 28], "neighbors": [31, 37, 34, 16, 29, 15, 6, 28, 14, 26, 9, 18, 4, 1, 32, 10, 30, 33, 17, 35, 22, 36, 12, 25, 13, 24, 11, 0, 2, 19, 38]}, {"capacity": 288, "impossibleCargos": [0, 4, 9, 16, 20, 28], "neighbors": [36, 7, 22, 24, 5, 27, 16, 34, 0, 11, 35, 33, 13, 37, 10, 32, 39, 1, 26, 18, 20, 21, 23, 15, 29, 38, 30, 6]}, {"capacity": 261, "impossibleCargos": [0, 10, 14, 16, 22, 24, 28], "neighbors": [2, 24, 8, 25, 27, 1, 10, 32, 5, 21, 35, 0, 15, 7, 33, 16, 22, 9, 31, 11, 13, 20, 12, 36, 4, 28, 34, 23]}, {"capacity": 300, "impossibleCargos": [4, 9, 11, 18, 19], "neighbors": [38, 18, 35, 20, 10, 31, 2, 22, 34, 15, 4, 27, 17, 21, 23, 12, 39, 25, 13, 6, 16, 33, 19, 24, 28, 1, 37]}, {"capacity": 215, "impossibleCargos": [0, 1, 6, 10, 12, 18, 21], "neighbors": [18, 27, 26, 12, 36, 0, 9, 5, 6, 30, 3, 37, 22, 35, 19, 23, 10, 34, 29, 39, 14, 1, 16, 7, 21, 24, 8, 11]}, {"capacity": 214, "impossibleCargos": [1, 2, 3, 10, 12, 15, 17, 18, 27, 28, 29], "neighbors": [37, 39, 16, 2, 36, 35, 15, 8, 38, 0, 29, 4, 27, 23, 25, 34, 28, 33, 20, 21, 12, 19, 24, 10, 26, 3, 17, 9]}, {"capacity": 295, "impossibleCargos": [0, 1, 3, 5, 12, 13, 19, 20, 29], "neighbors": [26, 35, 34, 22, 11, 37, 15, 8, 28, 18, 29, 27, 19, 1, 23, 13, 10, 21, 32, 4, 5, 20, 17, 24, 14, 30, 6, 25, 36]}, {"capacity": 250, "impossibleCargos": [0, 6, 8, 10, 12, 13, 20], "neighbors": [4, 27, 33, 26, 20, 15, 28, 17, 30, 10, 38, 39, 32, 11, 0, 25, 19, 31, 37, 5, 8, 35, 22, 21, 16, 13, 29]}, {"capacity": 266, "impossibleCargos": [10, 13, 19, 20, 23, 27], "neighbors": [1, 37, 30, 33, 32, 18, 29, 0, 36, 6, 28, 38, 31, 19, 7, 12, 26, 3, 27, 11, 5, 39, 17, 34, 23, 16, 2, 20, 15, 4, 14, 9]}, {"capacity": 288, "impossibleCargos": [1, 3, 6, 9, 13, 18, 19, 24, 27], "neighbors": [28, 0, 21, 26, 32, 11, 31, 2, 10, 7, 19, 20, 37, 25, 9, 6, 12, 13, 15, 35, 4, 5, 27, 17, 3, 29, 1, 33, 8]}, {"capacity": 298, "impossibleCargos": [3, 10, 11, 13, 24, 26, 27], "neighbors": [22, 7, 4, 32, 35, 27, 13, 18, 10, 36, 2, 33, 3, 31, 24, 26, 28, 38, 21, 19, 6, 8, 14, 34, 11, 12, 15, 0, 17, 25, 9, 5, 1, 30]}, {"capacity": 281, "impossibleCargos": [0, 1, 17, 18, 19, 20, 22, 27, 28, 29], "neighbors": [3, 13, 30, 26, 2, 32, 22, 23, 9, 17, 34, 39, 35, 16, 5, 21, 14, 37, 8, 4, 1, 19, 7, 12, 28, 20, 0, 27, 24, 11, 10]}, {"capacity": 219, "impossibleCargos": [0, 8, 11, 15, 16, 17, 19, 22, 24, 28, 29], "neighbors": [0, 32, 9, 15, 3, 16, 4, 17, 14, 20, 38, 21, 34, 7, 8, 28, 31, 6, 23, 13, 12, 30, 5, 35, 18, 26, 24, 2, 1, 22]}]}