{"volumes": [338, 350, 0, 0, 652, 179, 118, 213, 0, 112, 315, 201, 186, 231, 210, 163, 193, 114, 516, 0, 231, 348, 355, 188, 0, 412, 121, 515, 340, 235], "conflicts": [[0, 2], [0, 3], [0, 13], [0, 14], [0, 17], [0, 21], [0, 23], [0, 24], [1, 2], [1, 15], [1, 24], [1, 29], [2, 3], [2, 4], [2, 6], [2, 7], [2, 8], [2, 12], [2, 13], [2, 15], [2, 16], [2, 17], [2, 20], [2, 21], [2, 24], [2, 25], [2, 27], [2, 28], [3, 5], [3, 7], [3, 8], [3, 10], [3, 12], [3, 16], [3, 19], [3, 20], [3, 21], [3, 22], [3, 23], [3, 26], [3, 27], [4, 19], [4, 23], [4, 24], [4, 29], [5, 6], [5, 9], [5, 10], [5, 13], [5, 17], [5, 23], [5, 24], [5, 25], [5, 26], [5, 29], [6, 7], [6, 19], [6, 23], [6, 27], [6, 29], [7, 9], [7, 11], [7, 14], [7, 15], [7, 16], [7, 19], [7, 24], [7, 26], [7, 28], [8, 11], [8, 13], [8, 16], [8, 17], [8, 19], [8, 23], [8, 25], [8, 26], [8, 29], [9, 14], [9, 15], [9, 16], [9, 17], [9, 22], [9, 29], [10, 14], [10, 19], [10, 20], [10, 23], [10, 26], [10, 28], [11, 13], [11, 19], [11, 20], [12, 15], [12, 20], [12, 21], [12, 23], [12, 24], [12, 25], [13, 15], [13, 16], [13, 19], [14, 24], [14, 26], [14, 27], [14, 28], [15, 21], [15, 24], [16, 20], [16, 21], [16, 23], [16, 28], [16, 29], [17, 24], [17, 26], [17, 27], [18, 19], [18, 20], [18, 23], [18, 29], [19, 22], [19, 23], [19, 24], [19, 25], [19, 27], [20, 22], [20, 23], [20, 26], [20, 27], [21, 27], [22, 26], [22, 29], [23, 24], [23, 28], [24, 28], [25, 26], [25, 27], [26, 27], [27, 28]], "tanks": [{"capacity": 213, "impossibleCargos": [2, 3, 5, 8, 9, 10, 16, 20, 24, 25, 28], "neighbors": [33, 18, 17, 1, 38, 35, 5, 22]}, {"capacity": 241, "impossibleCargos": [2, 4, 5, 16, 17, 20, 22, 26, 28], "neighbors": [29, 26, 15, 0, 19, 38, 7, 21, 37, 20]}, {"capacity": 264, "impossibleCargos": [2, 10, 24, 25, 26], "neighbors": [5, 4, 12, 27, 14, 28, 22, 31, 13, 16]}, {"capacity": 204, "impossibleCargos": [2, 3, 5, 8, 9, 22, 25], "neighbors": [23, 13, 10, 20, 14, 39, 15, 18]}, {"capacity": 235, "impossibleCargos": [3, 8, 13, 19, 23, 25, 28], "neighbors": [12, 24, 2, 17, 23, 37, 27, 25, 34]}, {"capacity": 250, "impossibleCargos": [4, 5, 7, 9, 10, 16, 18, 19, 20], "neighbors": [16, 14, 24, 38, 2, 12, 26, 35, 18, 25, 23, 9, 0, 11]}, {"capacity": 203, "impossibleCargos": [0, 5, 12, 16, 22, 26, 29], "neighbors": [14, 7, 36, 8]}, {"capacity": 267, "impossibleCargos": [0, 1, 2, 3, 10, 12, 28], "neighbors": [24, 18, 6, 33, 1, 9, 19, 14, 37, 31, 21, 12, 32, 10]}, {"capacity": 220, "impossibleCargos": [4, 5, 8, 26, 27, 29], "neighbors": [28, 26, 29, 25, 21, 6, 36, 38, 39]}, {"capacity": 212, "impossibleCargos": [0, 7, 14, 15, 25, 26, 28], "neighbors": [16, 32, 10, 23, 5, 24, 7, 35]}, {"capacity": 251, "impossibleCargos": [1, 3, 4, 5, 8, 11, 14, 15, 19, 23], "neighbors": [3, 9, 13, 20, 15, 30, 21, 7, 19]}, {"capacity": 273, "impossibleCargos": [5, 14, 16], "neighbors": [33, 35, 29, 32, 16, 27, 12, 5, 39, 23]}, {"capacity": 267, "impossibleCargos": [1, 6, 7, 8, 9, 17, 19, 21, 29], "neighbors": [4, 18, 2, 5, 17, 36, 32, 11, 7]}, {"capacity": 276, "impossibleCargos": [11, 27, 28], "neighbors": [30, 34, 3, 39, 27, 26, 10, 17, 2, 14, 35, 36, 16]}, {"capacity": 205, "impossibleCargos": [6, 7, 8, 9, 11, 12, 13, 14, 23, 26], "neighbors": [36, 5, 6, 35, 2, 3, 27, 7, 33, 13, 20, 24, 21]}, {"capacity": 220, "impossibleCargos": [5, 10, 12, 22, 29], "neighbors": [24, 1, 17, 36, 10, 22, 19, 3, 32]}, {"capacity": 241, "impossibleCargos": [0, 3, 4, 10, 11, 18, 21, 22, 26, 29], "neighbors": [9, 5, 17, 30, 39, 2, 18, 11, 38, 25, 13]}, {"capacity": 200, "impossibleCargos": [4, 6, 13, 16, 22, 23, 25, 26], "neighbors": [21, 15, 0, 4, 16, 28, 13, 20, 12, 22, 37, 33]}, {"capacity": 201, "impossibleCargos": [0, 1, 5, 6, 10, 12, 14, 15, 27, 28], "neighbors": [21, 35, 27, 0, 12, 34, 7, 5, 31, 16, 3, 26, 24]}, {"capacity": 275, "impossibleCargos": [0, 2, 4, 12, 19, 21, 24, 29], "neighbors": [38, 39, 30, 1, 15, 7, 25, 34, 20, 10]}, {"capacity": 204, "impossibleCargos": [5, 17, 18, 19, 24, 26, 28, 29], "neighbors": [23, 3, 36, 10, 17, 14, 19, 31, 1]}, {"capacity": 236, "impossibleCargos": [0, 4, 5, 6, 10, 19, 26, 27, 28], "neighbors": [23, 18, 17, 24, 36, 10, 8, 1, 7, 14]}, {"capacity": 231, "impossibleCargos": [6, 11, 14, 19, 26], "neighbors": [26, 2, 15, 17, 34, 0, 29, 25, 36]}, {"capacity": 277, "impossibleCargos": [1, 5, 6, 12, 15, 16, 18, 22], "neighbors": [21, 20, 28, 3, 4, 9, 5, 38, 35, 11]}, {"capacity": 262, "impossibleCargos": [2, 3, 5, 9, 12, 13, 22, 23, 27], "neighbors": [15, 5, 7, 4, 21, 9, 14, 18]}, {"capacity": 277, "impossibleCargos": [3, 12, 19, 21, 27, 29], "neighbors": [5, 8, 19, 4, 36, 22, 28, 16, 29]}, {"capacity": 281, "impossibleCargos": [2, 9, 14, 18, 20, 25, 29], "neighbors": [1, 35, 22, 8, 13, 5, 38, 18]}, {"capacity": 266, "impossibleCargos": [0, 1, 2, 6, 12, 13, 16, 19, 22, 24, 27], "neighbors": [33, 18, 13, 2, 38, 14, 4, 32, 11]}, {"capacity": 210, "impossibleCargos": [4, 7, 9, 10, 15, 19, 22, 23, 25, 26], "neighbors": [8, 23, 38, 30, 17, 2, 35, 25, 34]}, {"capacity": 234, "impossibleCargos": [0, 3, 5, 19, 24], "neighbors": [1, 35, 32, 8, 11, 22, 39, 37, 25]}, {"capacity": 205, "impossibleCargos": [1, 3, 4, 5, 7, 13, 16, 24, 26, 29], "neighbors": [13, 28, 19, 16, 10, 31, 35]}, {"capacity": 242, "impossibleCargos": [2, 5, 7, 11, 12, 18, 19, 22, 24], "neighbors": [37, 2, 18, 30, 7, 34, 20]}, {"capacity": 213, "impossibleCargos": [1, 9, 10, 12, 14, 18, 20, 26], "neighbors": [9, 29, 38, 11, 27, 34, 12, 15, 37, 7]}, {"capacity": 242, "impossibleCargos": [0, 4, 8, 13, 15, 25, 27], "neighbors": [38, 0, 27, 11, 7, 14, 37, 17, 39]}, {"capacity": 280, "impossibleCargos": [0, 3, 12, 13, 14, 21], "neighbors": [13, 18, 22, 32, 4, 19, 31, 28]}, {"capacity": 220, "impossibleCargos": [4, 17, 22, 23, 25, 29], "neighbors": [26, 18, 37, 14, 38, 0, 5, 29, 11, 13, 30, 9, 23, 28]}, {"capacity": 293, "impossibleCargos": [0, 1, 3, 12, 13, 18, 19, 27, 28], "neighbors": [14, 15, 20, 12, 37, 21, 6, 25, 13, 8, 22]}, {"capacity": 280, "impossibleCargos": [1, 6, 8, 11, 14, 17, 20, 23, 25, 28, 29], "neighbors": [35, 31, 4, 36, 17, 7, 33, 32, 1, 29]}, {"capacity": 201, "impossibleCargos": [7, 18, 20, 21, 24, 28], "neighbors": [33, 5, 28, 19, 35, 0, 27, 1, 32, 23, 26, 16, 8]}, {"capacity": 287, "impossibleCargos": [0, 1, 3, 9, 21, 24, 26], "neighbors": [13, 19, 3, 16, 29, 11, 33, 8]}]}