{"volumes": [377, 0, 0, 0, 0, 944, 478, 347, 0, 0, 460, 278, 347, 285, 398, 163, 517, 186, 199, 672, 0, 0, 413, 242, 346, 159, 167, 0, 0, 105], "conflicts": [[0, 2], [0, 3], [0, 4], [0, 5], [0, 8], [0, 9], [0, 13], [0, 17], [0, 18], [0, 20], [0, 27], [0, 28], [1, 4], [1, 5], [1, 7], [1, 11], [1, 12], [1, 13], [1, 15], [1, 17], [1, 18], [1, 19], [1, 20], [1, 21], [1, 22], [1, 25], [1, 26], [1, 28], [1, 29], [2, 5], [2, 6], [2, 7], [2, 8], [2, 9], [2, 10], [2, 11], [2, 12], [2, 13], [2, 14], [2, 15], [2, 16], [2, 17], [2, 18], [2, 20], [2, 21], [2, 22], [2, 24], [2, 25], [2, 26], [2, 27], [2, 28], [2, 29], [3, 4], [3, 5], [3, 6], [3, 7], [3, 8], [3, 9], [3, 10], [3, 12], [3, 13], [3, 14], [3, 15], [3, 17], [3, 18], [3, 20], [3, 21], [3, 22], [3, 23], [3, 25], [3, 26], [3, 27], [3, 28], [3, 29], [4, 5], [4, 6], [4, 7], [4, 8], [4, 9], [4, 10], [4, 11], [4, 12], [4, 13], [4, 15], [4, 16], [4, 17], [4, 18], [4, 19], [4, 20], [4, 24], [4, 25], [4, 26], [4, 27], [4, 28], [4, 29], [5, 8], [5, 9], [5, 20], [5, 21], [5, 23], [5, 25], [5, 27], [5, 28], [5, 29], [6, 8], [6, 15], [6, 20], [6, 21], [6, 24], [6, 25], [7, 8], [7, 12], [7, 13], [7, 17], [7, 18], [7, 19], [7, 20], [7, 21], [7, 22], [7, 23], [7, 25], [7, 27], [7, 29], [8, 9], [8, 10], [8, 11], [8, 12], [8, 13], [8, 14], [8, 15], [8, 16], [8, 18], [8, 19], [8, 20], [8, 21], [8, 22], [8, 23], [8, 24], [8, 27], [8, 28], [8, 29], [9, 10], [9, 11], [9, 12], [9, 13], [9, 14], [9, 15], [9, 16], [9, 17], [9, 18], [9, 19], [9, 21], [9, 22], [9, 23], [9, 24], [9, 26], [9, 27], [9, 28], [9, 29], [10, 12], [10, 20], [10, 23], [10, 25], [10, 28], [11, 15], [11, 17], [11, 18], [11, 20], [11, 22], [11, 23], [11, 26], [11, 27], [11, 29], [12, 17], [12, 20], [12, 21], [12, 23], [12, 25], [12, 27], [12, 28], [13, 15], [13, 20], [13, 21], [13, 22], [13, 25], [13, 26], [13, 27], [13, 28], [14, 17], [14, 18], [14, 21], [14, 22], [14, 23], [14, 25], [14, 27], [15, 17], [15, 18], [15, 20], [15, 21], [15, 22], [15, 23], [15, 25], [15, 26], [15, 27], [15, 29], [16, 17], [16, 20], [16, 21], [16, 23], [16, 26], [16, 28], [17, 18], [17, 20], [17, 21], [17, 22], [17, 23], [17, 25], [17, 26], [17, 28], [18, 21], [18, 23], [18, 26], [18, 27], [18, 28], [18, 29], [19, 20], [19, 23], [19, 25], [19, 26], [19, 27], [20, 24], [20, 26], [20, 27], [20, 28], [20, 29], [21, 23], [21, 24], [21, 26], [21, 27], [21, 28], [21, 29], [22, 25], [22, 26], [22, 27], [23, 24], [23, 27], [23, 28], [23, 29], [24, 26], [24, 29], [25, 26], [25, 27], [25, 28], [26, 27], [26, 29], [27, 28], [27, 29], [28, 29]], "tanks": [{"capacity": 203, "impossibleCargos": [6, 7, 8, 11, 12, 15, 17, 19, 20, 22, 24], "neighbors": [35, 24, 30, 13, 38, 25]}, {"capacity": 211, "impossibleCargos": [0, 1, 3, 9, 14, 25, 27, 28], "neighbors": [12, 27, 10, 30, 32, 2, 31, 4, 34, 23, 5, 11]}, {"capacity": 209, "impossibleCargos": [1, 4, 5, 8, 14, 18, 25, 26], "neighbors": [15, 3, 32, 39, 1, 10, 19, 17, 29, 18]}, {"capacity": 225, "impossibleCargos": [2, 3, 7, 9, 15, 19, 20, 21, 24, 25, 27], "neighbors": [2, 15, 27, 23, 35, 17, 33, 26]}, {"capacity": 208, "impossibleCargos": [2, 3, 15, 16, 24, 25], "neighbors": [33, 17, 8, 35, 36, 14, 32, 1, 21, 22, 20]}, {"capacity": 250, "impossibleCargos": [4, 5, 11, 12, 14, 19, 22], "neighbors": [18, 8, 21, 13, 38, 1, 6, 22, 19, 17, 12, 23]}, {"capacity": 300, "impossibleCargos": [3, 12, 18, 19, 25, 26, 28], "neighbors": [27, 7, 23, 18, 5, 11, 9]}, {"capacity": 255, "impossibleCargos": [14, 18, 28, 29], "neighbors": [9, 29, 34, 12, 27, 6, 22, 23, 14]}, {"capacity": 298, "impossibleCargos": [0, 4, 5, 7, 9, 11, 24, 25, 26, 27], "neighbors": [4, 5, 19, 34, 39, 36, 24, 16]}, {"capacity": 294, "impossibleCargos": [9, 17, 21, 26, 28], "neighbors": [37, 7, 10, 31, 24, 19, 26, 29, 14, 6]}, {"capacity": 264, "impossibleCargos": [8, 12, 14, 15, 17, 18, 22], "neighbors": [1, 9, 38, 29, 21, 2, 37, 33, 30, 18]}, {"capacity": 292, "impossibleCargos": [2, 4, 8, 13, 14, 15, 16, 17, 21, 29], "neighbors": [20, 23, 26, 24, 18, 38, 22, 37, 29, 19, 15, 36, 14, 1, 31, 6]}, {"capacity": 271, "impossibleCargos": [0, 11], "neighbors": [1, 23, 7, 32, 17, 15, 38, 28, 5]}, {"capacity": 275, "impossibleCargos": [3, 8, 21, 25], "neighbors": [37, 33, 23, 5, 31, 22, 0]}, {"capacity": 294, "impossibleCargos": [7, 14, 15, 20, 21, 25], "neighbors": [18, 34, 25, 4, 33, 36, 17, 38, 11, 27, 29, 9, 7]}, {"capacity": 252, "impossibleCargos": [0, 1, 5, 7, 11, 13, 14, 21, 22, 24, 27], "neighbors": [2, 17, 3, 34, 33, 12, 11, 36, 39, 28, 23]}, {"capacity": 295, "impossibleCargos": [2, 5, 8, 10, 12, 18, 21, 22, 25, 28], "neighbors": [18, 21, 17, 24, 8]}, {"capacity": 226, "impossibleCargos": [1, 9, 14, 22, 24], "neighbors": [33, 4, 15, 22, 24, 12, 14, 29, 3, 16, 2, 5]}, {"capacity": 269, "impossibleCargos": [0, 1, 8, 14, 19, 23, 24, 29], "neighbors": [5, 16, 14, 33, 35, 11, 23, 25, 24, 38, 6, 10, 20, 2, 36]}, {"capacity": 204, "impossibleCargos": [2, 4, 8, 11, 13, 16, 19, 21], "neighbors": [23, 37, 39, 8, 38, 2, 9, 24, 11, 5, 36, 28]}, {"capacity": 219, "impossibleCargos": [8, 10, 14, 15, 16, 20, 22, 28], "neighbors": [11, 25, 23, 24, 18, 4]}, {"capacity": 286, "impossibleCargos": [0, 1, 2, 8, 15, 18, 20, 26], "neighbors": [5, 16, 23, 10, 4, 29]}, {"capacity": 294, "impossibleCargos": [0, 2, 3, 7, 9, 10, 11, 12, 17, 21, 26, 27], "neighbors": [17, 11, 13, 28, 7, 4, 5, 25, 34]}, {"capacity": 211, "impossibleCargos": [0, 5, 8, 16, 21, 29], "neighbors": [19, 25, 11, 12, 13, 3, 18, 32, 21, 29, 20, 1, 6, 36, 7, 5, 15]}, {"capacity": 216, "impossibleCargos": [0, 2, 7, 14, 15, 27], "neighbors": [25, 11, 0, 9, 18, 17, 19, 20, 8, 35, 16, 36]}, {"capacity": 277, "impossibleCargos": [1, 3, 6, 8, 10, 11, 13, 14, 28], "neighbors": [28, 23, 24, 31, 14, 18, 20, 36, 0, 22]}, {"capacity": 212, "impossibleCargos": [0, 4, 20, 25], "neighbors": [11, 33, 9, 3, 38]}, {"capacity": 208, "impossibleCargos": [0, 1, 2, 9, 11, 19, 22, 24], "neighbors": [39, 1, 32, 3, 31, 6, 7, 14]}, {"capacity": 202, "impossibleCargos": [0, 10, 12, 13, 17, 19, 21, 24, 26, 29], "neighbors": [25, 29, 22, 35, 32, 12, 37, 15, 19]}, {"capacity": 299, "impossibleCargos": [4, 5, 12, 19, 20, 21, 25, 27], "neighbors": [7, 37, 10, 28, 23, 11, 21, 9, 17, 33, 14, 2]}, {"capacity": 284, "impossibleCargos": [3, 4, 5, 10, 11, 13, 17, 21, 22, 27, 28], "neighbors": [38, 1, 0, 10]}, {"capacity": 227, "impossibleCargos": [2, 4, 6, 17, 21, 29], "neighbors": [25, 9, 27, 13, 1, 11]}, {"capacity": 289, "impossibleCargos": [1, 8, 11, 24, 27, 29], "neighbors": [2, 27, 1, 12, 33, 4, 23, 28, 37, 39]}, {"capacity": 267, "impossibleCargos": [4, 5, 8, 12, 18, 19, 26, 28], "neighbors": [4, 38, 17, 13, 26, 34, 18, 15, 32, 14, 10, 29, 3]}, {"capacity": 261, "impossibleCargos": [1, 6, 9, 10, 13, 17, 21, 24, 28], "neighbors": [36, 33, 14, 15, 7, 37, 8, 1, 35, 38, 22]}, {"capacity": 209, "impossibleCargos": [0, 4, 5, 7, 8, 18, 20, 21, 29], "neighbors": [36, 0, 18, 4, 28, 3, 38, 24, 34]}, {"capacity": 207, "impossibleCargos": [1, 2, 11, 15, 17, 18, 27], "neighbors": [35, 34, 4, 14, 25, 11, 23, 15, 8, 19, 18, 24]}, {"capacity": 286, "impossibleCargos": [0, 2, 5, 20, 23, 25, 27, 28], "neighbors": [19, 13, 9, 34, 29, 11, 10, 28, 32]}, {"capacity": 232, "impossibleCargos": [9, 11, 14, 15, 17, 18, 22, 28], "neighbors": [33, 30, 19, 11, 10, 5, 12, 18, 0, 14, 35, 34, 26]}, {"capacity": 293, "impossibleCargos": [9, 17, 20, 28, 29], "neighbors": [27, 19, 2, 8, 15, 32]}]}