{"volumes": [291, 0, 542, 0, 192, 0, 153, 0, 422, 0, 271, 158, 643, 219, 289, 265, 193, 186, 616, 0, 304, 374, 455, 186, 441, 185, 162, 0, 0, 434], "conflicts": [[0, 9], [0, 14], [0, 17], [0, 23], [0, 27], [1, 2], [1, 5], [1, 11], [1, 12], [1, 13], [1, 15], [1, 20], [1, 24], [1, 25], [2, 9], [2, 13], [2, 16], [2, 19], [2, 23], [2, 29], [3, 5], [3, 6], [3, 8], [3, 12], [3, 15], [3, 25], [4, 5], [4, 8], [4, 16], [4, 18], [4, 25], [4, 26], [5, 8], [5, 9], [5, 11], [5, 13], [5, 15], [6, 7], [6, 8], [6, 21], [6, 26], [6, 29], [7, 13], [7, 19], [7, 20], [7, 29], [8, 19], [9, 10], [9, 13], [9, 14], [9, 15], [9, 19], [9, 22], [9, 23], [9, 28], [10, 14], [10, 17], [10, 19], [10, 25], [10, 27], [11, 28], [12, 14], [12, 19], [12, 28], [13, 15], [13, 17], [13, 20], [13, 25], [14, 19], [14, 24], [14, 28], [15, 19], [16, 20], [16, 21], [16, 25], [17, 19], [17, 22], [18, 27], [20, 21], [22, 27], [23, 28], [24, 25], [24, 28], [25, 26], [25, 28]], "tanks": [{"capacity": 205, "impossibleCargos": [2, 3, 5, 8, 17, 18, 19, 20, 23, 24, 25, 26, 27, 28, 29], "neighbors": [1, 24, 31, 13, 32, 26, 36, 10, 30, 3, 11, 29, 7]}, {"capacity": 240, "impossibleCargos": [4, 5, 6, 9, 10, 11, 13, 14, 16, 19, 20, 21, 22, 26, 28], "neighbors": [24, 0, 18, 36, 10, 26]}, {"capacity": 287, "impossibleCargos": [4, 6, 9, 10, 11, 13, 14, 15, 17, 18, 21, 23, 24, 26, 29], "neighbors": [7, 16, 37, 13, 6, 31, 39, 14, 32]}, {"capacity": 270, "impossibleCargos": [0, 1, 3, 5, 6, 7, 8, 10, 14, 15, 18, 20, 23], "neighbors": [21, 7, 22, 24, 11, 34, 0, 9, 39]}, {"capacity": 258, "impossibleCargos": [1, 4, 5, 7, 10, 12, 14, 15, 17, 18, 19, 20, 21, 22, 25, 27], "neighbors": [25, 27, 10, 22, 26, 20, 37, 9, 39]}, {"capacity": 282, "impossibleCargos": [1, 2, 3, 6, 7, 8, 9, 11, 12, 13, 18, 19, 21, 25, 26], "neighbors": [16, 33, 23, 36, 15, 11, 10, 22, 7, 12, 38, 27, 9]}, {"capacity": 234, "impossibleCargos": [0, 1, 3, 4, 6, 7, 8, 10, 12, 20, 23, 24, 26, 28, 29], "neighbors": [24, 2, 9, 32, 37, 33]}, {"capacity": 282, "impossibleCargos": [0, 2, 3, 4, 6, 9, 10, 11, 12, 13, 15, 16, 19, 21, 23, 25, 28], "neighbors": [2, 18, 3, 5, 30, 22, 27, 37, 0, 11]}, {"capacity": 246, "impossibleCargos": [1, 3, 6, 7, 9, 10, 15, 16, 19, 21, 29], "neighbors": [19, 31, 12, 35, 33, 17, 27]}, {"capacity": 215, "impossibleCargos": [2, 4, 5, 6, 11, 14, 15, 16, 17, 21, 22, 23, 24, 25, 27], "neighbors": [32, 11, 29, 10, 25, 6, 4, 3, 5]}, {"capacity": 270, "impossibleCargos": [0, 2, 3, 8, 10, 12, 14, 15, 17, 19, 24, 26, 27, 28], "neighbors": [32, 25, 4, 9, 5, 0, 1, 35, 23, 24]}, {"capacity": 270, "impossibleCargos": [3, 5, 8, 9, 11, 12, 14, 15, 16, 17, 19, 24, 26, 28, 29], "neighbors": [28, 34, 9, 16, 5, 12, 26, 37, 3, 17, 29, 14, 24, 0, 36, 7]}, {"capacity": 224, "impossibleCargos": [0, 1, 3, 4, 5, 7, 8, 9, 10, 11, 14, 17, 18, 19, 25, 27, 28, 29], "neighbors": [15, 24, 18, 27, 8, 11, 28, 38, 5, 16, 21]}, {"capacity": 275, "impossibleCargos": [0, 1, 2, 5, 7, 8, 9, 11, 12, 15, 16, 17, 18, 19, 21, 23, 24, 25, 26, 27, 28], "neighbors": [39, 0, 2, 30, 28, 15]}, {"capacity": 229, "impossibleCargos": [0, 1, 3, 4, 6, 9, 10, 11, 12, 14, 18, 25, 27], "neighbors": [29, 36, 11, 16, 28, 17, 18, 2, 37, 33]}, {"capacity": 250, "impossibleCargos": [5, 6, 11, 14, 17, 18, 21, 23, 24, 25, 27, 28, 29], "neighbors": [28, 12, 27, 5, 21, 20, 19, 13]}, {"capacity": 259, "impossibleCargos": [1, 4, 5, 6, 8, 9, 10, 11, 12, 14, 15, 17, 18, 19, 20, 23, 24, 25, 26, 28], "neighbors": [5, 34, 2, 11, 24, 37, 32, 35, 14, 12]}, {"capacity": 264, "impossibleCargos": [0, 2, 4, 6, 14, 15, 18, 19, 21, 23, 25, 29], "neighbors": [36, 11, 8, 39, 33, 14, 34, 28]}, {"capacity": 202, "impossibleCargos": [0, 1, 4, 5, 6, 10, 15, 20, 24, 25, 27, 28, 29], "neighbors": [34, 37, 12, 7, 27, 1, 36, 14, 21]}, {"capacity": 210, "impossibleCargos": [0, 3, 4, 5, 7, 8, 9, 10, 11, 12, 13, 14, 15, 16, 17, 19, 21, 26, 27], "neighbors": [34, 30, 8, 32, 31, 15]}, {"capacity": 237, "impossibleCargos": [0, 8, 10, 13, 14, 15, 18, 19, 21, 24, 27], "neighbors": [23, 29, 36, 15, 4, 28, 39, 26]}, {"capacity": 262, "impossibleCargos": [1, 2, 3, 4, 5, 7, 10, 13, 16, 18, 19, 20, 21, 22, 23, 25, 26, 28, 29], "neighbors": [3, 25, 26, 15, 23, 39, 18, 12, 24]}, {"capacity": 287, "impossibleCargos": [3, 4, 7, 11, 13, 15, 18, 20, 23, 25, 27], "neighbors": [24, 4, 3, 5, 34, 36, 33, 35, 29, 7, 23, 27]}, {"capacity": 255, "impossibleCargos": [1, 2, 3, 5, 6, 10, 13, 14, 15, 16, 20, 22, 23, 24, 28], "neighbors": [20, 38, 5, 21, 32, 31, 33, 10, 22]}, {"capacity": 288, "impossibleCargos": [2, 4, 5, 6, 7, 8, 9, 10, 12, 13, 14, 22, 23, 24, 28], "neighbors": [1, 26, 0, 12, 22, 3, 6, 16, 35, 11, 34, 21, 10]}, {"capacity": 253, "impossibleCargos": [1, 2, 6, 9, 10, 15, 16, 18, 19, 22, 24, 26, 28], "neighbors": [4, 33, 10, 36, 21, 9, 39, 37, 28, 35]}, {"capacity": 236, "impossibleCargos": [3, 5, 6, 12, 13, 17, 19, 20, 21, 22, 23, 26, 27, 28, 29], "neighbors": [24, 21, 11, 27, 4, 0, 33, 1, 20]}, {"capacity": 211, "impossibleCargos": [3, 4, 6, 7, 9, 14, 15, 17, 18, 21, 24, 26, 27, 28], "neighbors": [4, 12, 15, 18, 26, 38, 7, 8, 36, 5, 29, 22]}, {"capacity": 287, "impossibleCargos": [0, 2, 4, 5, 6, 9, 12, 13, 15, 16, 17, 19, 20, 21, 23], "neighbors": [15, 11, 30, 12, 13, 20, 14, 37, 25, 17, 36]}, {"capacity": 256, "impossibleCargos": [0, 1, 2, 3, 4, 11, 12, 18, 19, 22, 25, 28, 29], "neighbors": [31, 33, 9, 20, 14, 36, 11, 22, 34, 0, 27]}, {"capacity": 274, "impossibleCargos": [3, 4, 9, 11, 14, 17, 18, 23, 25, 26, 28, 29], "neighbors": [35, 19, 28, 32, 13, 38, 0, 37, 7]}, {"capacity": 295, "impossibleCargos": [4, 5, 6, 9, 10, 13, 14, 15, 17, 20, 25, 29], "neighbors": [29, 0, 8, 2, 23, 19, 34, 32]}, {"capacity": 202, "impossibleCargos": [0, 5, 7, 9, 11, 12, 13, 15, 16, 17, 19, 21, 22, 25, 26, 27, 29], "neighbors": [9, 10, 30, 0, 16, 23, 6, 19, 37, 2, 31, 34]}, {"capacity": 300, "impossibleCargos": [1, 3, 6, 7, 9, 11, 13, 14, 16, 17, 19, 20, 23, 28, 29], "neighbors": [5, 25, 29, 38, 26, 8, 22, 17, 23, 6, 14]}, {"capacity": 238, "impossibleCargos": [0, 1, 3, 4, 5, 6, 7, 9, 10, 18, 19, 23, 24, 25, 28, 29], "neighbors": [19, 16, 18, 11, 22, 39, 3, 17, 24, 31, 29, 32]}, {"capacity": 230, "impossibleCargos": [0, 1, 2, 3, 4, 5, 8, 9, 12, 14, 15, 17, 18, 19, 21, 23, 24, 25, 26, 27, 28], "neighbors": [30, 37, 8, 24, 16, 22, 10, 25]}, {"capacity": 232, "impossibleCargos": [1, 2, 3, 5, 9, 11, 14, 17, 19, 26, 28, 29], "neighbors": [17, 5, 25, 14, 20, 29, 0, 22, 1, 18, 27, 11, 28]}, {"capacity": 232, "impossibleCargos": [1, 5, 6, 8, 12, 13, 14, 15, 17, 18, 19, 21, 24], "neighbors": [35, 18, 2, 11, 16, 4, 30, 25, 7, 28, 32, 6, 14]}, {"capacity": 252, "impossibleCargos": [1, 3, 4, 5, 8, 9, 10, 11, 13, 14, 15, 16, 18, 19, 23, 27], "neighbors": [23, 33, 27, 12, 30, 5]}, {"capacity": 293, "impossibleCargos": [0, 3, 4, 7, 9, 10, 13, 18, 19, 20, 23, 24, 26, 27, 29], "neighbors": [13, 34, 17, 2, 25, 4, 20, 21, 3]}]}