{"volumes": [642, 113, 577, 0, 178, 124, 210, 0, 750, 415, 0, 354, 0, 608, 266, 211, 191, 254, 224, 156, 119, 0, 0, 160, 358, 229, 186, 0, 583, 274], "conflicts": [[0, 3], [0, 6], [0, 7], [0, 22], [1, 4], [1, 5], [1, 7], [1, 9], [1, 12], [1, 14], [1, 16], [1, 17], [1, 18], [1, 20], [1, 21], [1, 22], [1, 25], [1, 26], [1, 27], [1, 29], [2, 3], [2, 5], [2, 7], [2, 10], [2, 14], [2, 17], [2, 22], [2, 23], [2, 27], [2, 28], [3, 5], [3, 6], [3, 8], [3, 10], [3, 11], [3, 12], [3, 15], [3, 19], [3, 20], [3, 22], [3, 23], [3, 24], [3, 25], [3, 26], [3, 27], [3, 28], [3, 29], [4, 5], [4, 6], [4, 10], [4, 11], [4, 12], [4, 13], [4, 14], [4, 15], [4, 17], [4, 18], [4, 20], [4, 21], [4, 22], [4, 23], [4, 25], [4, 26], [4, 27], [4, 28], [4, 29], [5, 6], [5, 7], [5, 9], [5, 10], [5, 11], [5, 12], [5, 17], [5, 18], [5, 19], [5, 21], [5, 22], [5, 25], [5, 27], [6, 7], [6, 9], [6, 10], [6, 11], [6, 12], [6, 15], [6, 18], [6, 19], [6, 20], [6, 21], [6, 22], [6, 27], [6, 28], [7, 8], [7, 9], [7, 10], [7, 12], [7, 13], [7, 14], [7, 15], [7, 16], [7, 17], [7, 18], [7, 19], [7, 20], [7, 22], [7, 23], [7, 24], [7, 25], [7, 26], [7, 27], [7, 28], [7, 29], [8, 10], [8, 18], [8, 19], [8, 20], [8, 22], [8, 24], [8, 27], [9, 10], [9, 12], [9, 17], [9, 19], [9, 21], [9, 23], [9, 25], [9, 26], [9, 27], [10, 14], [10, 15], [10, 16], [10, 17], [10, 18], [10, 19], [10, 20], [10, 21], [10, 22], [10, 23], [10, 24], [10, 26], [10, 28], [11, 12], [11, 16], [11, 19], [11, 22], [11, 23], [11, 24], [11, 25], [11, 29], [12, 14], [12, 16], [12, 17], [12, 19], [12, 20], [12, 21], [12, 22], [12, 23], [12, 24], [12, 26], [12, 27], [12, 28], [12, 29], [13, 18], [13, 21], [13, 22], [13, 27], [14, 16], [14, 18], [14, 20], [14, 21], [14, 22], [14, 24], [14, 26], [14, 27], [14, 29], [15, 17], [15, 20], [15, 21], [15, 22], [15, 23], [15, 28], [15, 29], [16, 18], [16, 20], [16, 21], [16, 22], [16, 23], [16, 24], [16, 25], [16, 26], [16, 27], [16, 29], [17, 19], [17, 21], [17, 22], [17, 23], [17, 25], [17, 27], [17, 29], [18, 21], [18, 22], [18, 23], [18, 26], [18, 29], [19, 20], [19, 22], [19, 23], [19, 26], [19, 27], [19, 28], [20, 21], [20, 22], [20, 25], [20, 26], [20, 27], [20, 28], [21, 22], [21, 24], [21, 25], [21, 26], [21, 27], [21, 28], [22, 24], [22, 26], [22, 27], [22, 28], [22, 29], [23, 24], [23, 27], [24, 27], [24, 28], [24, 29], [25, 29], [26, 27], [26, 28], [27, 28], [28, 29]], "tanks": [{"capacity": 256, "impossibleCargos": [3, 4, 5, 6, 8, 9, 10, 12, 15, 16, 18, 19, 21, 23, 25, 26, 27, 28, 29], "neighbors": [6, 7, 27, 15, 8, 1, 38, 3, 9, 35, 25, 18]}, {"capacity": 273, "impossibleCargos": [0, 3, 6, 7, 8, 9, 10, 12, 13, 14, 15, 16, 17, 19, 21, 23, 24, 25, 26, 27, 28, 29], "neighbors": [26, 6, 17, 22, 23, 0, 34, 11, 28, 2]}, {"capacity": 261, "impossibleCargos": [1, 3, 5, 6, 7, 8, 9, 10, 11, 12, 13, 16, 17, 18, 19, 20, 21, 22, 23, 24, 26, 27, 28, 29], "neighbors": [22, 29, 4, 27, 8, 36, 28, 17, 5, 1, 31, 9, 14, 10, 26]}, {"capacity": 260, "impossibleCargos": [2, 4, 5, 6, 8, 9, 10, 12, 14, 16, 17, 18, 19, 20, 21, 22, 23, 24, 25, 26, 27, 28], "neighbors": [39, 9, 16, 25, 35, 17, 37, 12, 20, 18, 21, 27, 6, 34, 0, 8, 28]}, {"capacity": 264, "impossibleCargos": [0, 2, 4, 6, 7, 10, 11, 12, 13, 15, 16, 18, 20, 21, 22, 23, 24, 25, 27, 28, 29], "neighbors": [36, 12, 2, 18, 15, 35, 17, 23, 24, 20, 13]}, {"capacity": 273, "impossibleCargos": [0, 1, 2, 3, 4, 5, 7, 8, 10, 11, 12, 13, 14, 15, 16, 17, 18, 19, 23, 26, 27, 28], "neighbors": [25, 17, 21, 23, 19, 11, 39, 7, 2, 26, 16]}, {"capacity": 273, "impossibleCargos": [0, 1, 2, 3, 4, 5, 6, 8, 10, 11, 13, 14, 16, 17, 19, 20, 21, 22, 23, 24, 25, 26, 27, 28, 29], "neighbors": [0, 19, 1, 38, 37, 34, 3, 15, 39, 33, 29]}, {"capacity": 234, "impossibleCargos": [0, 1, 2, 3, 4, 8, 9, 10, 11, 13, 14, 16, 17, 18, 20, 21, 26, 28, 29], "neighbors": [12, 15, 9, 20, 0, 5, 25, 29]}, {"capacity": 252, "impossibleCargos": [0, 3, 4, 5, 6, 8, 9, 10, 11, 12, 13, 15, 16, 17, 18, 19, 20, 21, 22, 23, 24, 25, 26, 27, 28, 29], "neighbors": [21, 2, 10, 33, 28, 0, 20, 25, 30, 3]}, {"capacity": 284, "impossibleCargos": [0, 1, 2, 3, 4, 6, 7, 8, 9, 10, 11, 12, 13, 14, 15, 16, 17, 18, 19, 20, 21, 22, 25, 26, 27, 29], "neighbors": [31, 3, 7, 33, 23, 17, 29, 2, 0]}, {"capacity": 276, "impossibleCargos": [0, 4, 5, 6, 7, 8, 9, 10, 11, 12, 13, 14, 15, 16, 17, 18, 19, 20, 21, 23, 25, 26, 28, 29], "neighbors": [15, 8, 22, 12, 13, 17, 2, 37]}, {"capacity": 223, "impossibleCargos": [0, 1, 2, 3, 4, 7, 8, 10, 12, 13, 14, 15, 16, 17, 18, 19, 21, 22, 23, 24, 25, 27, 28, 29], "neighbors": [39, 18, 30, 26, 5, 17, 1, 21, 15]}, {"capacity": 246, "impossibleCargos": [0, 1, 2, 4, 5, 7, 9, 10, 11, 12, 16, 18, 19, 20, 24, 25, 26, 27, 28, 29], "neighbors": [7, 4, 33, 37, 20, 3, 10, 39, 25]}, {"capacity": 273, "impossibleCargos": [0, 1, 2, 3, 4, 5, 8, 10, 11, 12, 13, 14, 15, 19, 21, 22, 23, 24, 27, 28], "neighbors": [20, 21, 25, 18, 10, 28, 31, 29, 4]}, {"capacity": 269, "impossibleCargos": [1, 2, 3, 4, 5, 6, 7, 8, 10, 11, 12, 13, 16, 17, 18, 21, 22, 23, 24, 25, 26, 27, 28, 29], "neighbors": [19, 16, 30, 15, 36, 27, 2, 26]}, {"capacity": 219, "impossibleCargos": [0, 1, 3, 4, 5, 8, 9, 10, 11, 13, 14, 15, 16, 19, 20, 21, 22, 23, 25, 26, 27, 28, 29], "neighbors": [10, 7, 4, 16, 33, 14, 0, 6, 37, 30, 20, 21, 11, 19, 36]}, {"capacity": 294, "impossibleCargos": [0, 1, 2, 3, 4, 5, 6, 7, 9, 11, 12, 14, 15, 16, 17, 18, 19, 20, 25, 26, 27], "neighbors": [28, 3, 15, 14, 24, 5, 39]}, {"capacity": 236, "impossibleCargos": [1, 3, 4, 5, 7, 8, 9, 10, 12, 13, 14, 16, 18, 19, 22, 23, 24, 25, 26, 27, 29], "neighbors": [35, 5, 24, 38, 37, 9, 21, 3, 1, 26, 11, 4, 2, 10, 30, 33]}, {"capacity": 216, "impossibleCargos": [0, 1, 2, 4, 5, 6, 8, 9, 10, 11, 12, 16, 18, 19, 20, 21, 23, 27, 28, 29], "neighbors": [34, 11, 30, 4, 13, 3, 25, 23, 0]}, {"capacity": 298, "impossibleCargos": [1, 2, 3, 5, 7, 8, 11, 12, 13, 16, 17, 18, 19, 20, 21, 22, 24, 25, 26, 29], "neighbors": [30, 28, 6, 22, 14, 5, 37, 33, 24, 27, 15, 25]}, {"capacity": 245, "impossibleCargos": [0, 1, 2, 3, 4, 5, 6, 7, 8, 9, 10, 11, 14, 15, 16, 17, 18, 20, 23, 24, 25, 27, 28], "neighbors": [13, 7, 12, 3, 38, 8, 15, 4]}, {"capacity": 294, "impossibleCargos": [0, 1, 2, 3, 5, 6, 7, 8, 9, 10, 11, 12, 14, 15, 17, 18, 19, 21, 23, 24, 26, 27, 28], "neighbors": [8, 13, 5, 33, 17, 34, 3, 39, 25, 11, 15, 24]}, {"capacity": 238, "impossibleCargos": [0, 1, 3, 4, 5, 6, 8, 9, 10, 13, 14, 15, 16, 17, 18, 19, 20, 21, 22, 23, 24, 25, 26, 27, 29], "neighbors": [2, 19, 10, 1, 29]}, {"capacity": 247, "impossibleCargos": [0, 1, 3, 4, 5, 6, 7, 10, 11, 12, 14, 19, 22, 23, 24, 26, 27, 28, 29], "neighbors": [9, 5, 35, 38, 37, 4, 1, 34, 18]}, {"capacity": 238, "impossibleCargos": [0, 1, 2, 3, 4, 7, 10, 11, 13, 14, 15, 16, 17, 18, 20, 21, 22, 23, 24, 25, 26, 28], "neighbors": [17, 29, 27, 32, 37, 16, 4, 19, 21, 26]}, {"capacity": 232, "impossibleCargos": [0, 1, 3, 4, 5, 6, 7, 8, 9, 10, 11, 12, 14, 16, 17, 19, 21, 22, 23, 25, 27, 28, 29], "neighbors": [5, 33, 3, 13, 31, 7, 21, 8, 18, 12, 19, 0]}, {"capacity": 266, "impossibleCargos": [0, 1, 2, 3, 4, 5, 6, 9, 10, 12, 15, 16, 17, 19, 20, 21, 22, 23, 24, 25, 26, 27, 28], "neighbors": [1, 11, 37, 17, 38, 5, 24, 2, 14]}, {"capacity": 216, "impossibleCargos": [0, 1, 2, 6, 9, 10, 11, 13, 16, 18, 19, 20, 21, 22, 23, 25, 26, 29], "neighbors": [2, 24, 0, 14, 3, 19, 39]}, {"capacity": 219, "impossibleCargos": [0, 2, 9, 12, 13, 14, 15, 16, 17, 19, 20, 22, 23, 24, 25, 27, 29], "neighbors": [16, 19, 34, 2, 8, 32, 13, 1, 31, 3]}, {"capacity": 215, "impossibleCargos": [0, 1, 2, 3, 4, 5, 7, 8, 11, 13, 15, 16, 17, 18, 20, 21, 22, 23, 24, 27], "neighbors": [2, 34, 24, 33, 9, 22, 7, 13, 6]}, {"capacity": 297, "impossibleCargos": [0, 1, 2, 3, 4, 5, 7, 8, 9, 10, 11, 12, 13, 14, 15, 17, 19, 20, 21, 23, 25, 27, 29], "neighbors": [19, 18, 11, 14, 15, 17, 8]}, {"capacity": 270, "impossibleCargos": [1, 2, 4, 5, 6, 7, 10, 11, 12, 13, 14, 17, 19, 20, 21, 25, 26, 27, 29], "neighbors": [9, 25, 13, 2, 34, 28]}, {"capacity": 228, "impossibleCargos": [0, 1, 4, 7, 9, 10, 11, 12, 15, 16, 17, 18, 19, 20, 21, 22, 24, 27, 29], "neighbors": [35, 39, 37, 24, 28, 38]}, {"capacity": 297, "impossibleCargos": [0, 1, 2, 3, 4, 5, 6, 7, 10, 11, 12, 13, 14, 16, 17, 18, 19, 20, 21, 22, 23, 24, 25, 26, 28, 29], "neighbors": [25, 12, 9, 37, 21, 15, 8, 19, 29, 17, 6]}, {"capacity": 250, "impossibleCargos": [0, 1, 2, 3, 5, 6, 7, 9, 11, 13, 14, 15, 16, 17, 22, 23, 24, 25, 26, 28, 29], "neighbors": [18, 29, 28, 21, 6, 39, 3, 1, 23, 31]}, {"capacity": 216, "impossibleCargos": [0, 1, 2, 3, 4, 5, 6, 7, 9, 10, 12, 14, 15, 17, 20, 21, 23, 24, 25, 26, 27, 29], "neighbors": [32, 17, 3, 4, 23, 39, 0]}, {"capacity": 253, "impossibleCargos": [0, 1, 2, 3, 6, 9, 10, 11, 13, 15, 16, 17, 18, 20, 21, 23, 24, 25, 27, 28, 29], "neighbors": [4, 37, 2, 14, 15]}, {"capacity": 228, "impossibleCargos": [0, 1, 3, 4, 5, 6, 8, 9, 10, 11, 12, 13, 15, 17, 20, 21, 24, 25, 29], "neighbors": [33, 12, 17, 36, 26, 32, 19, 3, 6, 23, 24, 15, 10]}, {"capacity": 231, "impossibleCargos": [0, 1, 2, 3, 4, 5, 6, 8, 9, 10, 11, 12, 13, 15, 16, 17, 19, 21, 22, 23, 24, 25, 26, 28], "neighbors": [17, 6, 23, 26, 32, 20, 0]}, {"capacity": 259, "impossibleCargos": [0, 2, 3, 5, 6, 7, 10, 11, 12, 13, 14, 16, 17, 18, 21, 22, 23, 24, 25, 27, 28], "neighbors": [3, 32, 11, 5, 34, 21, 35, 12, 6, 27, 16]}]}