{"volumes": [0, 0, 158, 628, 0, 143, 602, 0, 155, 0, 153, 369, 559, 0, 286, 0, 359, 0, 0, 488, 157, 164, 142, 644, 402, 646, 0, 0, 927, 0], "conflicts": [[0, 2], [0, 3], [0, 8], [0, 15], [0, 20], [0, 25], [0, 26], [1, 7], [1, 9], [1, 10], [1, 16], [1, 22], [1, 26], [1, 27], [2, 9], [2, 10], [2, 17], [2, 29], [3, 13], [3, 21], [3, 26], [4, 5], [4, 8], [4, 12], [4, 13], [4, 15], [4, 26], [4, 29], [7, 13], [7, 18], [7, 20], [7, 21], [7, 22], [7, 27], [8, 17], [8, 21], [9, 10], [9, 12], [9, 14], [9, 23], [9, 29], [11, 29], [12, 22], [12, 27], [13, 21], [13, 22], [13, 23], [13, 26], [14, 17], [14, 21], [14, 26], [14, 29], [15, 19], [15, 22], [15, 29], [16, 26], [16, 27], [16, 29], [17, 22], [17, 27], [18, 22], [18, 23], [19, 27], [19, 29], [20, 22], [20, 25], [22, 26], [22, 29], [24, 29], [25, 26], [27, 29]], "tanks": [{"capacity": 217, "impossibleCargos": [7, 13, 15, 18, 20, 21], "neighbors": [11, 31, 14, 36, 13, 7, 20, 25, 32, 21, 10, 17, 18, 35, 9, 8, 34, 19]}, {"capacity": 222, "impossibleCargos": [1, 6, 7, 8, 11, 15, 18, 21, 23], "neighbors": [28, 7, 9, 14, 22, 24, 20, 36, 2, 21, 27, 39, 18, 19, 33, 25, 31, 13, 32, 38]}, {"capacity": 268, "impossibleCargos": [8, 11, 12, 20, 21, 22], "neighbors": [28, 5, 37, 11, 1, 15, 31, 4, 24, 30, 26, 19, 29, 13, 18, 7, 33, 10]}, {"capacity": 223, "impossibleCargos": [5, 8, 14, 15, 19, 21], "neighbors": [38, 9, 36, 37, 11, 18, 29, 26, 12, 25, 7, 21, 24, 33, 22, 23, 15]}, {"capacity": 296, "impossibleCargos": [9, 11, 12, 14, 18, 20, 21, 23, 29], "neighbors": [10, 34, 7, 9, 27, 21, 13, 18, 20, 31, 35, 22, 23, 17, 30, 2, 15, 28]}, {"capacity": 221, "impossibleCargos": [1, 3, 5, 7, 15, 16, 25, 26, 29], "neighbors": [32, 30, 34, 6, 22, 13, 2, 17, 8, 37, 18, 12, 31, 27, 20, 10, 14, 21]}, {"capacity": 200, "impossibleCargos": [0, 2, 3, 16, 18, 23], "neighbors": [15, 5, 28, 18, 13, 26, 33, 36, 16, 20, 32, 11, 7, 25, 22, 29, 30, 10, 8, 39, 21]}, {"capacity": 216, "impossibleCargos": [0, 3, 4, 11, 12, 19], "neighbors": [37, 1, 33, 4, 0, 25, 18, 31, 11, 6, 19, 3, 23, 14, 2, 29, 39]}, {"capacity": 263, "impossibleCargos": [9, 16], "neighbors": [24, 25, 11, 5, 27, 9, 18, 31, 35, 13, 36, 28, 22, 6, 0, 15]}, {"capacity": 205, "impossibleCargos": [4, 5, 6, 11, 15, 16, 17, 25], "neighbors": [3, 1, 15, 4, 32, 39, 24, 30, 38, 22, 37, 8, 36, 31, 10, 21, 16, 17, 19, 14, 0, 26]}, {"capacity": 212, "impossibleCargos": [0, 1, 15, 16, 19, 21, 25, 26], "neighbors": [35, 4, 38, 17, 29, 36, 12, 20, 0, 11, 39, 13, 30, 9, 18, 25, 19, 5, 6, 2]}, {"capacity": 215, "impossibleCargos": [1, 6, 7, 9, 17, 20], "neighbors": [0, 23, 26, 24, 36, 20, 21, 35, 30, 33, 3, 8, 2, 31, 7, 25, 6, 17, 29, 10, 38, 32, 34, 18]}, {"capacity": 292, "impossibleCargos": [2, 3, 4, 8, 11, 14, 22, 24, 25], "neighbors": [17, 32, 39, 25, 21, 27, 10, 37, 24, 20, 5, 28, 3, 36, 13, 34, 38, 15, 29, 22]}, {"capacity": 229, "impossibleCargos": [2, 3, 12, 27], "neighbors": [17, 14, 0, 30, 5, 6, 4, 23, 19, 26, 10, 15, 12, 33, 34, 1, 8, 21, 2, 39]}, {"capacity": 278, "impossibleCargos": [0, 8, 11, 12, 15, 20, 24, 26, 29], "neighbors": [38, 0, 13, 36, 1, 16, 15, 27, 39, 35, 33, 17, 21, 9, 18, 5, 7, 26, 20]}, {"capacity": 202, "impossibleCargos": [1, 6, 14, 16, 17, 21, 24, 25, 26], "neighbors": [6, 35, 20, 36, 18, 9, 30, 14, 29, 32, 2, 27, 39, 4, 13, 38, 12, 34, 8, 3]}, {"capacity": 211, "impossibleCargos": [1, 4, 9, 12, 13, 19, 27, 28], "neighbors": [35, 38, 33, 30, 21, 31, 23, 22, 14, 25, 34, 6, 19, 29, 39, 24, 9]}, {"capacity": 208, "impossibleCargos": [0, 2, 5, 6, 11, 18, 21, 24], "neighbors": [36, 19, 12, 13, 10, 20, 23, 22, 24, 5, 4, 31, 14, 11, 28, 0, 21, 34, 39, 33, 9, 32, 25]}, {"capacity": 233, "impossibleCargos": [10, 13, 17, 21, 23, 24], "neighbors": [31, 33, 15, 35, 30, 32, 6, 21, 3, 7, 4, 37, 5, 34, 23, 1, 8, 0, 10, 38, 22, 14, 26, 2, 11]}, {"capacity": 279, "impossibleCargos": [0, 2, 4, 7, 22, 25], "neighbors": [17, 21, 37, 30, 29, 16, 13, 7, 1, 28, 39, 2, 9, 10, 0]}, {"capacity": 248, "impossibleCargos": [6, 10, 14, 15, 16, 18, 19, 21, 22, 25], "neighbors": [15, 35, 17, 11, 25, 10, 1, 4, 29, 12, 0, 36, 6, 34, 32, 31, 22, 27, 5, 39, 24, 28, 14]}, {"capacity": 286, "impossibleCargos": [0, 8, 17, 19, 26, 28, 29], "neighbors": [32, 27, 19, 16, 23, 12, 37, 11, 29, 18, 4, 38, 1, 39, 0, 17, 28, 36, 9, 13, 33, 31, 3, 14, 5, 6]}, {"capacity": 210, "impossibleCargos": [4, 5, 8, 14, 15, 23, 26, 29], "neighbors": [25, 17, 16, 5, 32, 1, 27, 9, 4, 29, 20, 38, 28, 6, 8, 34, 35, 18, 3, 12, 31]}, {"capacity": 220, "impossibleCargos": [1, 2, 6, 7, 16, 21, 24], "neighbors": [11, 36, 17, 21, 30, 16, 32, 34, 35, 4, 13, 18, 39, 37, 28, 7, 3]}, {"capacity": 272, "impossibleCargos": [4, 6, 8, 12, 15, 19, 24, 28], "neighbors": [8, 30, 33, 11, 9, 37, 17, 1, 28, 12, 36, 35, 2, 16, 20, 34, 27, 3, 29, 38]}, {"capacity": 244, "impossibleCargos": [2, 3, 5, 6, 8, 12, 13, 16, 17, 26], "neighbors": [22, 31, 12, 33, 20, 8, 27, 7, 16, 0, 11, 6, 26, 1, 3, 10, 17]}, {"capacity": 292, "impossibleCargos": [0, 8, 22, 28], "neighbors": [34, 11, 31, 6, 30, 3, 13, 25, 2, 33, 9, 18, 14]}, {"capacity": 243, "impossibleCargos": [0, 4, 6, 7, 11, 12, 15, 19], "neighbors": [38, 21, 4, 12, 22, 25, 14, 28, 8, 15, 35, 1, 30, 5, 20, 33, 24]}, {"capacity": 265, "impossibleCargos": [0, 4, 24, 29], "neighbors": [1, 30, 2, 6, 35, 38, 33, 24, 27, 39, 17, 12, 21, 34, 19, 22, 29, 8, 20, 23, 4, 32]}, {"capacity": 248, "impossibleCargos": [6, 8, 11, 18, 23, 25, 26], "neighbors": [35, 10, 21, 19, 15, 20, 3, 22, 11, 16, 2, 28, 38, 31, 6, 12, 24, 7]}, {"capacity": 213, "impossibleCargos": [1, 4, 9, 26, 27], "neighbors": [5, 24, 34, 28, 16, 18, 23, 15, 13, 19, 11, 31, 9, 36, 26, 4, 27, 33, 2, 10, 6]}, {"capacity": 217, "impossibleCargos": [2, 4, 5, 7, 9, 15, 17, 19], "neighbors": [18, 34, 0, 25, 16, 26, 30, 7, 11, 4, 2, 17, 5, 20, 8, 9, 1, 29, 21, 37, 22]}, {"capacity": 200, "impossibleCargos": [3, 8, 11, 13, 14, 16, 17, 19, 23, 25, 27], "neighbors": [21, 38, 5, 39, 12, 33, 9, 18, 23, 37, 22, 15, 0, 6, 20, 11, 36, 28, 17, 1]}, {"capacity": 265, "impossibleCargos": [0, 1, 3, 6, 11, 15, 19, 22], "neighbors": [18, 7, 16, 32, 24, 25, 6, 39, 11, 28, 14, 1, 30, 13, 35, 17, 21, 26, 27, 3, 2]}, {"capacity": 234, "impossibleCargos": [0, 3, 10, 17, 19, 20, 24, 26], "neighbors": [26, 31, 30, 4, 39, 5, 23, 16, 20, 18, 17, 28, 13, 11, 12, 22, 24, 37, 38, 15, 0]}, {"capacity": 257, "impossibleCargos": [1, 3, 4, 6, 8], "neighbors": [16, 15, 10, 29, 20, 18, 28, 11, 37, 23, 4, 14, 39, 27, 24, 33, 8, 0, 22]}, {"capacity": 243, "impossibleCargos": [1, 9, 11, 14, 16, 22, 26, 27, 28], "neighbors": [17, 39, 0, 15, 10, 23, 14, 3, 11, 24, 1, 6, 30, 20, 9, 12, 21, 32, 8]}, {"capacity": 234, "impossibleCargos": [0, 1, 2, 3, 15, 16, 17, 20, 24, 25, 27], "neighbors": [7, 19, 21, 32, 3, 39, 24, 35, 2, 12, 5, 18, 9, 23, 31, 34]}, {"capacity": 258, "impossibleCargos": [3, 6, 15, 17, 18, 20], "neighbors": [16, 32, 3, 27, 14, 10, 28, 21, 9, 11, 15, 22, 29, 12, 18, 34, 24, 1]}, {"capacity": 272, "impossibleCargos": [19, 20, 25, 26], "neighbors": [36, 32, 34, 12, 9, 37, 33, 14, 28, 21, 35, 15, 10, 1, 16, 19, 17, 23, 20, 13, 7, 6]}]}