{"volumes": [205, 0, 288, 328, 189, 0, 204, 163, 120, 479, 253, 196, 0, 330, 447, 0, 215, 337, 126, 325, 0, 0, 0, 527, 330, 214, 329, 814, 213, 142], "conflicts": [[0, 3], [0, 5], [0, 15], [0, 16], [0, 18], [0, 20], [0, 21], [0, 22], [0, 24], [0, 29], [1, 3], [1, 4], [1, 5], [1, 8], [1, 9], [1, 14], [1, 16], [1, 18], [1, 20], [1, 22], [1, 25], [1, 29], [2, 5], [2, 12], [2, 16], [2, 18], [2, 21], [2, 25], [3, 5], [3, 15], [3, 20], [3, 22], [4, 12], [4, 16], [4, 17], [4, 18], [4, 19], [4, 22], [4, 25], [5, 6], [5, 11], [5, 15], [5, 16], [5, 17], [5, 19], [5, 20], [5, 22], [5, 23], [5, 24], [5, 25], [5, 26], [5, 29], [6, 10], [6, 11], [6, 12], [6, 13], [6, 22], [6, 26], [7, 10], [7, 12], [7, 20], [7, 21], [7, 22], [7, 24], [7, 25], [7, 26], [7, 28], [7, 29], [8, 11], [8, 14], [8, 15], [8, 21], [8, 22], [8, 25], [9, 12], [9, 15], [9, 21], [9, 22], [10, 12], [10, 22], [11, 12], [11, 15], [11, 17], [11, 20], [11, 21], [12, 14], [12, 18], [12, 20], [12, 22], [12, 23], [12, 24], [12, 25], [12, 28], [13, 20], [14, 20], [15, 17], [15, 18], [15, 19], [15, 20], [15, 22], [15, 23], [15, 24], [15, 25], [15, 26], [15, 28], [16, 20], [16, 21], [16, 26], [17, 20], [17, 22], [18, 21], [18, 22], [18, 26], [19, 21], [19, 23], [20, 22], [20, 25], [20, 26], [20, 27], [20, 29], [21, 24], [21, 25], [21, 27], [22, 25], [22, 26], [22, 27], [22, 29], [25, 26], [25, 28]], "tanks": [{"capacity": 281, "impossibleCargos": [2, 4, 24], "neighbors": [30, 20, 15, 19, 37, 16, 5, 38, 17, 4, 10, 36, 26, 23, 28, 34, 24, 3]}, {"capacity": 250, "impossibleCargos": [0, 1, 9, 13, 15, 17, 18, 24], "neighbors": [39, 24, 22, 5, 3, 12, 23, 34, 7, 30, 25, 2, 14, 20, 6, 37, 33, 13, 10]}, {"capacity": 242, "impossibleCargos": [2, 9, 10, 11, 16, 20], "neighbors": [12, 3, 6, 5, 36, 19, 26, 25, 39, 30, 13, 9, 1, 21, 17, 10, 33, 31, 14]}, {"capacity": 237, "impossibleCargos": [5, 8, 13, 14, 19, 20, 22, 25, 26], "neighbors": [2, 36, 11, 23, 26, 29, 15, 27, 22, 38, 21, 12, 1, 4, 34, 7, 35, 39, 19, 0]}, {"capacity": 214, "impossibleCargos": [3, 7, 13, 16, 17, 20, 24, 25, 26, 27, 28], "neighbors": [32, 21, 28, 20, 18, 24, 8, 17, 0, 22, 14, 26, 12, 3, 19, 25, 29, 10, 35, 6]}, {"capacity": 221, "impossibleCargos": [3, 4, 7, 9, 10, 15, 19, 21, 22], "neighbors": [10, 23, 2, 31, 38, 28, 33, 1, 0, 39, 32, 29, 37, 35, 21, 22, 16, 7, 9, 12, 6, 26, 11, 34]}, {"capacity": 293, "impossibleCargos": [1, 2, 8, 9, 10, 12, 16, 25, 26], "neighbors": [12, 2, 21, 25, 36, 10, 20, 30, 11, 22, 13, 37, 35, 29, 24, 14, 5, 18, 15, 7, 23, 1, 19, 16, 28, 4]}, {"capacity": 226, "impossibleCargos": [1, 3, 9, 15, 19], "neighbors": [35, 15, 13, 10, 11, 36, 29, 32, 23, 18, 25, 8, 34, 1, 5, 39, 3, 21, 27, 20, 6, 9, 38, 24, 17]}, {"capacity": 294, "impossibleCargos": [1, 2, 4, 5, 9, 15, 21, 22], "neighbors": [11, 27, 4, 7, 33, 17, 35, 25, 13, 24, 31, 18, 32, 38, 23]}, {"capacity": 279, "impossibleCargos": [0, 7, 10, 19, 22, 27], "neighbors": [30, 27, 24, 32, 38, 17, 12, 18, 34, 5, 2, 25, 26, 23, 7, 21, 28]}, {"capacity": 276, "impossibleCargos": [4, 25, 27, 28], "neighbors": [5, 13, 7, 6, 31, 37, 32, 22, 14, 19, 11, 0, 28, 36, 2, 20, 4, 1]}, {"capacity": 211, "impossibleCargos": [6, 9, 15, 18, 19, 20, 21, 22, 23, 24, 27], "neighbors": [26, 17, 21, 7, 3, 27, 14, 8, 32, 6, 15, 10, 39, 28, 13, 19, 35, 18, 20, 5, 24, 33, 30]}, {"capacity": 264, "impossibleCargos": [5, 11, 15, 22], "neighbors": [2, 18, 6, 28, 30, 27, 33, 3, 9, 1, 4, 37, 5, 22, 19, 16, 13, 15]}, {"capacity": 207, "impossibleCargos": [2, 4, 7, 11, 12, 14, 21, 23, 25, 28], "neighbors": [32, 7, 10, 25, 28, 14, 33, 31, 6, 20, 38, 15, 17, 27, 2, 21, 34, 24, 11, 12, 23, 8, 35, 1]}, {"capacity": 216, "impossibleCargos": [0, 1, 2, 3, 6, 14, 15, 16], "neighbors": [23, 19, 11, 36, 13, 32, 16, 15, 17, 4, 10, 21, 22, 26, 1, 6, 39, 20, 2]}, {"capacity": 294, "impossibleCargos": [5, 11, 15, 20, 22, 23, 24, 26, 27], "neighbors": [0, 7, 3, 18, 27, 20, 23, 14, 34, 11, 13, 39, 21, 29, 6, 33, 19, 12]}, {"capacity": 233, "impossibleCargos": [2, 5, 6, 16, 25], "neighbors": [37, 18, 0, 28, 14, 23, 32, 17, 5, 35, 12, 27, 29, 6, 36]}, {"capacity": 209, "impossibleCargos": [4, 10, 11, 12, 29], "neighbors": [38, 25, 11, 34, 24, 9, 0, 4, 32, 14, 33, 16, 8, 13, 28, 36, 35, 2, 19, 27, 7, 21]}, {"capacity": 263, "impossibleCargos": [0, 13, 14, 28], "neighbors": [12, 28, 24, 16, 33, 31, 15, 4, 7, 30, 25, 9, 36, 34, 37, 6, 11, 8, 35, 26]}, {"capacity": 224, "impossibleCargos": [4, 5, 12, 16, 19, 20, 21, 25, 27], "neighbors": [14, 0, 32, 36, 2, 24, 21, 10, 4, 39, 12, 11, 15, 17, 6, 27, 3]}, {"capacity": 201, "impossibleCargos": [1, 3, 8, 10, 13, 19, 25, 27, 29], "neighbors": [0, 32, 33, 24, 6, 4, 21, 29, 30, 15, 35, 36, 13, 25, 23, 26, 7, 1, 11, 14, 27, 10, 37, 34]}, {"capacity": 248, "impossibleCargos": [0, 2, 15, 20, 28], "neighbors": [36, 6, 11, 4, 35, 34, 20, 3, 19, 24, 31, 5, 14, 28, 39, 13, 15, 32, 7, 27, 2, 38, 9, 17]}, {"capacity": 259, "impossibleCargos": [1, 4, 5, 6, 12, 19, 22, 24, 26], "neighbors": [31, 34, 37, 27, 1, 3, 10, 36, 26, 6, 4, 5, 14, 12, 32, 30, 23]}, {"capacity": 272, "impossibleCargos": [0, 1, 7, 12, 22, 23], "neighbors": [14, 5, 3, 7, 15, 16, 1, 0, 20, 13, 9, 6, 38, 36, 22, 8]}, {"capacity": 201, "impossibleCargos": [0, 9, 13, 19, 23], "neighbors": [32, 20, 18, 31, 1, 17, 9, 26, 36, 4, 19, 21, 35, 30, 13, 34, 6, 8, 7, 11, 27, 0]}, {"capacity": 239, "impossibleCargos": [3, 7, 12, 14, 17, 25], "neighbors": [17, 30, 6, 13, 27, 32, 39, 38, 35, 18, 34, 7, 33, 2, 26, 4, 36, 37, 1, 20, 9, 8, 28]}, {"capacity": 286, "impossibleCargos": [0, 1, 6, 8, 11, 13, 26, 28], "neighbors": [36, 11, 30, 3, 28, 24, 22, 29, 2, 4, 37, 34, 38, 14, 25, 0, 20, 9, 5, 18]}, {"capacity": 221, "impossibleCargos": [5, 6, 9, 10, 22, 29], "neighbors": [9, 11, 25, 22, 8, 36, 3, 15, 12, 38, 13, 33, 37, 21, 16, 7, 19, 17, 20, 24]}, {"capacity": 265, "impossibleCargos": [4, 6, 7, 8, 9, 10, 17, 26, 27, 29], "neighbors": [18, 31, 12, 30, 4, 32, 16, 13, 5, 29, 26, 21, 38, 17, 11, 36, 10, 0, 25, 6, 9]}, {"capacity": 252, "impossibleCargos": [0, 1, 7, 8, 10, 11, 12, 16, 22, 26], "neighbors": [31, 38, 28, 7, 3, 20, 26, 5, 4, 6, 15, 30, 16]}, {"capacity": 216, "impossibleCargos": [4, 17, 22], "neighbors": [0, 25, 9, 26, 12, 28, 36, 6, 18, 20, 34, 2, 1, 24, 31, 38, 29, 22, 11]}, {"capacity": 255, "impossibleCargos": [1, 4, 9, 11, 15, 25], "neighbors": [22, 28, 29, 5, 24, 18, 10, 13, 32, 21, 30, 8, 2]}, {"capacity": 287, "impossibleCargos": [3, 4, 5, 10, 14, 26], "neighbors": [13, 4, 24, 19, 20, 28, 9, 11, 7, 14, 25, 10, 31, 5, 17, 16, 35, 22, 21, 36, 8]}, {"capacity": 290, "impossibleCargos": [2, 9, 11, 13, 14, 22, 27, 29], "neighbors": [37, 20, 38, 18, 5, 13, 12, 8, 17, 34, 25, 27, 15, 35, 1, 2, 11, 36]}, {"capacity": 293, "impossibleCargos": [0, 1, 2, 18, 20, 26], "neighbors": [35, 22, 17, 21, 38, 25, 30, 1, 7, 9, 33, 15, 26, 13, 3, 18, 24, 0, 20, 5]}, {"capacity": 262, "impossibleCargos": [5, 15, 20, 21, 23, 24, 28, 29], "neighbors": [7, 34, 21, 36, 20, 25, 5, 6, 24, 32, 16, 8, 39, 3, 17, 11, 33, 18, 13, 4, 38]}, {"capacity": 298, "impossibleCargos": [17, 18], "neighbors": [26, 21, 3, 2, 19, 6, 7, 14, 30, 27, 35, 24, 22, 20, 18, 25, 28, 0, 17, 32, 23, 10, 33, 16]}, {"capacity": 268, "impossibleCargos": [1, 5, 7, 11, 16, 21, 23], "neighbors": [33, 0, 16, 22, 10, 5, 39, 6, 26, 12, 25, 27, 18, 1, 20]}, {"capacity": 250, "impossibleCargos": [5, 8, 11, 12, 13, 17, 21, 23], "neighbors": [17, 5, 29, 33, 9, 3, 25, 34, 0, 13, 26, 27, 28, 30, 23, 21, 7, 8, 35]}, {"capacity": 223, "impossibleCargos": [2, 3, 5, 8, 10, 14, 22, 26], "neighbors": [1, 5, 25, 37, 2, 15, 21, 11, 7, 19, 35, 3, 14]}]}